<?xml version='1.0' encoding='utf-8'?>
<TrainingCenterDatabase xmlns:ext="http://www.garmin.com/xmlschemas/ActivityExtension/v2" xmlns:xsi="http://www.w3.org/2001/XMLSchema-instance" xsi:schemaLocation="http://www.garmin.com/xmlschemas/TrainingCenterDatabase/v2 http://www.garmin.com/xmlschemas/TrainingCenterDatabasev2.xsd"><Activities><Activity Sport="Other"><Id>2025-11-04T10:59:02.543Z</Id><Notes>SkiErg Intervalltraining</Notes><Lap StartTime="2025-11-04T10:59:02.543Z"><TotalTimeSeconds>2602</TotalTimeSeconds><DistanceMeters>0</DistanceMeters><Calories>0</Calories><Intensity>Active</Intensity><TriggerMethod>Manual</TriggerMethod><Track><Trackpoint><Time>2025-11-04T10:59:02.543Z</Time><DistanceMeters>0.2723817306144684</DistanceMeters><HeartRateBpm><Value>73</Value></HeartRateBpm><Cadence>19</Cadence><Extensions><ext:TPX><ext:Watts>2.5384615384615383</ext:Watts><ext:Torque>38</ext:Torque></ext:TPX></Extensions></Trackpoint><Trackpoint><Time>2025-11-04T10:59:08.828Z</Time><DistanceMeters>0.2751000452593886</DistanceMeters><HeartRateBpm><Value>73</Value></HeartRateBpm><Cadence>75</Cadence><Extensions><ext:TPX><ext:Watts>0.1</ext:Watts><ext:Torque>20</ext:Torque></ext:TPX></Extensions></Trackpoint><Trackpoint><Time>2025-11-04T10:59:09.949Z</Time><DistanceMeters>0.3371250818002253</DistanceMeters><HeartRateBpm><Value>74</Value></HeartRateBpm><Cadence>27</Cadence><Extensions><ext:TPX><ext:Watts>0.8214285714285714</ext:Watts><ext:Torque>46</ext:Torque></ext:TPX></Extensions></Trackpoint><Trackpoint><Time>2025-11-04T10:59:13.549Z</Time><DistanceMeters>2.5519462246754485</DistanceMeters><HeartRateBpm><Value>74</Value></HeartRateBpm><Cadence>19</Cadence><Extensions><ext:TPX><ext:Watts>20.641025641025642</ext:Watts><ext:Torque>38</ext:Torque></ext:TPX></Extensions></Trackpoint><Trackpoint><Time>2025-11-04T10:59:14.749Z</Time><DistanceMeters>5.6644164931090195</DistanceMeters><HeartRateBpm><Value>74</Value></HeartRateBpm><Cadence>25</Cadence><Extensions><ext:TPX><ext:Watts>38.166666666666664</ext:Watts><ext:Torque>33</ext:Torque></ext:TPX></Extensions></Trackpoint><Trackpoint><Time>2025-11-04T10:59:15.949Z</Time><DistanceMeters>8.861154515535116</DistanceMeters><HeartRateBpm><Value>73</Value></HeartRateBpm><Cadence>25</Cadence><Extensions><ext:TPX><ext:Watts>39.2</ext:Watts><ext:Torque>20</ext:Torque></ext:TPX></Extensions></Trackpoint><Trackpoint><Time>2025-11-04T10:59:17.189Z</Time><DistanceMeters>12.459085088902208</DistanceMeters><HeartRateBpm><Value>74</Value></HeartRateBpm><Cadence>24</Cadence><Extensions><ext:TPX><ext:Watts>42.354838709677416</ext:Watts><ext:Torque>20</ext:Torque></ext:TPX></Extensions></Trackpoint><Trackpoint><Time>2025-11-04T10:59:18.469Z</Time><DistanceMeters>16.213937931203812</DistanceMeters><HeartRateBpm><Value>74</Value></HeartRateBpm><Cadence>24</Cadence><Extensions><ext:TPX><ext:Watts>43.28125</ext:Watts><ext:Torque>20</ext:Torque></ext:TPX></Extensions></Trackpoint><Trackpoint><Time>2025-11-04T10:59:19.789Z</Time><DistanceMeters>20.126663556467662</DistanceMeters><HeartRateBpm><Value>74</Value></HeartRateBpm><Cadence>22</Cadence><Extensions><ext:TPX><ext:Watts>43.18181818181818</ext:Watts><ext:Torque>20</ext:Torque></ext:TPX></Extensions></Trackpoint><Trackpoint><Time>2025-11-04T10:59:21.069Z</Time><DistanceMeters>23.83542795232946</DistanceMeters><HeartRateBpm><Value>75</Value></HeartRateBpm><Cadence>24</Cadence><Extensions><ext:TPX><ext:Watts>42.75</ext:Watts><ext:Torque>20</ext:Torque></ext:TPX></Extensions></Trackpoint><Trackpoint><Time>2025-11-04T10:59:22.349Z</Time><DistanceMeters>27.546903433275954</DistanceMeters><HeartRateBpm><Value>77</Value></HeartRateBpm><Cadence>24</Cadence><Extensions><ext:TPX><ext:Watts>42.78125</ext:Watts><ext:Torque>20</ext:Torque></ext:TPX></Extensions></Trackpoint><Trackpoint><Time>2025-11-04T10:59:23.669Z</Time><DistanceMeters>31.24820458615713</DistanceMeters><HeartRateBpm><Value>78</Value></HeartRateBpm><Cadence>22</Cadence><Extensions><ext:TPX><ext:Watts>40.84848484848485</ext:Watts><ext:Torque>20</ext:Torque></ext:TPX></Extensions></Trackpoint><Trackpoint><Time>2025-11-04T10:59:24.994Z</Time><DistanceMeters>35.10326899168025</DistanceMeters><HeartRateBpm><Value>80</Value></HeartRateBpm><Cadence>22</Cadence><Extensions><ext:TPX><ext:Watts>42.54545454545455</ext:Watts><ext:Torque>20</ext:Torque></ext:TPX></Extensions></Trackpoint><Trackpoint><Time>2025-11-04T10:59:26.354Z</Time><DistanceMeters>38.9681454955206</DistanceMeters><HeartRateBpm><Value>81</Value></HeartRateBpm><Cadence>22</Cadence><Extensions><ext:TPX><ext:Watts>41.705882352941174</ext:Watts><ext:Torque>20</ext:Torque></ext:TPX></Extensions></Trackpoint><Trackpoint><Time>2025-11-04T10:59:27.714Z</Time><DistanceMeters>42.78123592490893</DistanceMeters><HeartRateBpm><Value>82</Value></HeartRateBpm><Cadence>22</Cadence><Extensions><ext:TPX><ext:Watts>41.14705882352941</ext:Watts><ext:Torque>20</ext:Torque></ext:TPX></Extensions></Trackpoint><Trackpoint><Time>2025-11-04T10:59:29.084Z</Time><DistanceMeters>46.613405434358526</DistanceMeters><HeartRateBpm><Value>82</Value></HeartRateBpm><Cadence>22</Cadence><Extensions><ext:TPX><ext:Watts>41.35294117647059</ext:Watts><ext:Torque>20</ext:Torque></ext:TPX></Extensions></Trackpoint><Trackpoint><Time>2025-11-04T10:59:30.484Z</Time><DistanceMeters>50.419949031813154</DistanceMeters><HeartRateBpm><Value>84</Value></HeartRateBpm><Cadence>22</Cadence><Extensions><ext:TPX><ext:Watts>40.142857142857146</ext:Watts><ext:Torque>20</ext:Torque></ext:TPX></Extensions></Trackpoint><Trackpoint><Time>2025-11-04T10:59:31.844Z</Time><DistanceMeters>54.27392320418991</DistanceMeters><HeartRateBpm><Value>84</Value></HeartRateBpm><Cadence>22</Cadence><Extensions><ext:TPX><ext:Watts>41.588235294117645</ext:Watts><ext:Torque>20</ext:Torque></ext:TPX></Extensions></Trackpoint><Trackpoint><Time>2025-11-04T10:59:33.289Z</Time><DistanceMeters>58.18689398770096</DistanceMeters><HeartRateBpm><Value>85</Value></HeartRateBpm><Cadence>21</Cadence><Extensions><ext:TPX><ext:Watts>40.30555555555556</ext:Watts><ext:Torque>20</ext:Torque></ext:TPX></Extensions></Trackpoint><Trackpoint><Time>2025-11-04T10:59:34.649Z</Time><DistanceMeters>62.01361233141877</DistanceMeters><HeartRateBpm><Value>86</Value></HeartRateBpm><Cadence>22</Cadence><Extensions><ext:TPX><ext:Watts>41.294117647058826</ext:Watts><ext:Torque>20</ext:Torque></ext:TPX></Extensions></Trackpoint><Trackpoint><Time>2025-11-04T10:59:36.049Z</Time><DistanceMeters>65.62508750252697</DistanceMeters><HeartRateBpm><Value>87</Value></HeartRateBpm><Cadence>22</Cadence><Extensions><ext:TPX><ext:Watts>38.08571428571429</ext:Watts><ext:Torque>20</ext:Torque></ext:TPX></Extensions></Trackpoint><Trackpoint><Time>2025-11-04T10:59:37.489Z</Time><DistanceMeters>69.30344184347051</DistanceMeters><HeartRateBpm><Value>89</Value></HeartRateBpm><Cadence>21</Cadence><Extensions><ext:TPX><ext:Watts>37.888888888888886</ext:Watts><ext:Torque>20</ext:Torque></ext:TPX></Extensions></Trackpoint><Trackpoint><Time>2025-11-04T10:59:38.849Z</Time><DistanceMeters>72.95027171803919</DistanceMeters><HeartRateBpm><Value>90</Value></HeartRateBpm><Cadence>22</Cadence><Extensions><ext:TPX><ext:Watts>39.35294117647059</ext:Watts><ext:Torque>20</ext:Torque></ext:TPX></Extensions></Trackpoint><Trackpoint><Time>2025-11-04T10:59:40.250Z</Time><DistanceMeters>76.6348975490273</DistanceMeters><HeartRateBpm><Value>92</Value></HeartRateBpm><Cadence>22</Cadence><Extensions><ext:TPX><ext:Watts>38.857142857142854</ext:Watts><ext:Torque>20</ext:Torque></ext:TPX></Extensions></Trackpoint><Trackpoint><Time>2025-11-04T10:59:41.694Z</Time><DistanceMeters>80.35100626003917</DistanceMeters><HeartRateBpm><Value>93</Value></HeartRateBpm><Cadence>21</Cadence><Extensions><ext:TPX><ext:Watts>38.27777777777778</ext:Watts><ext:Torque>20</ext:Torque></ext:TPX></Extensions></Trackpoint><Trackpoint><Time>2025-11-04T10:59:43.094Z</Time><DistanceMeters>84.12774773680198</DistanceMeters><HeartRateBpm><Value>94</Value></HeartRateBpm><Cadence>22</Cadence><Extensions><ext:TPX><ext:Watts>39.82857142857143</ext:Watts><ext:Torque>20</ext:Torque></ext:TPX></Extensions></Trackpoint><Trackpoint><Time>2025-11-04T10:59:44.494Z</Time><DistanceMeters>87.8611406743767</DistanceMeters><HeartRateBpm><Value>95</Value></HeartRateBpm><Cadence>22</Cadence><Extensions><ext:TPX><ext:Watts>39.371428571428574</ext:Watts><ext:Torque>20</ext:Torque></ext:TPX></Extensions></Trackpoint><Trackpoint><Time>2025-11-04T10:59:45.860Z</Time><DistanceMeters>91.54885429193382</DistanceMeters><HeartRateBpm><Value>96</Value></HeartRateBpm><Cadence>22</Cadence><Extensions><ext:TPX><ext:Watts>39.794117647058826</ext:Watts><ext:Torque>20</ext:Torque></ext:TPX></Extensions></Trackpoint><Trackpoint><Time>2025-11-04T10:59:47.260Z</Time><DistanceMeters>95.149492328245</DistanceMeters><HeartRateBpm><Value>98</Value></HeartRateBpm><Cadence>22</Cadence><Extensions><ext:TPX><ext:Watts>37.97142857142857</ext:Watts><ext:Torque>20</ext:Torque></ext:TPX></Extensions></Trackpoint><Trackpoint><Time>2025-11-04T10:59:48.660Z</Time><DistanceMeters>98.84495529403014</DistanceMeters><HeartRateBpm><Value>99</Value></HeartRateBpm><Cadence>22</Cadence><Extensions><ext:TPX><ext:Watts>38.97142857142857</ext:Watts><ext:Torque>20</ext:Torque></ext:TPX></Extensions></Trackpoint><Trackpoint><Time>2025-11-04T10:59:50.100Z</Time><DistanceMeters>102.7336554110687</DistanceMeters><HeartRateBpm><Value>100</Value></HeartRateBpm><Cadence>21</Cadence><Extensions><ext:TPX><ext:Watts>40.05555555555556</ext:Watts><ext:Torque>20</ext:Torque></ext:TPX></Extensions></Trackpoint><Trackpoint><Time>2025-11-04T10:59:51.540Z</Time><DistanceMeters>106.58460115803891</DistanceMeters><HeartRateBpm><Value>100</Value></HeartRateBpm><Cadence>21</Cadence><Extensions><ext:TPX><ext:Watts>39.666666666666664</ext:Watts><ext:Torque>20</ext:Torque></ext:TPX></Extensions></Trackpoint><Trackpoint><Time>2025-11-04T10:59:52.940Z</Time><DistanceMeters>110.42636544358386</DistanceMeters><HeartRateBpm><Value>100</Value></HeartRateBpm><Cadence>22</Cadence><Extensions><ext:TPX><ext:Watts>40.51428571428571</ext:Watts><ext:Torque>20</ext:Torque></ext:TPX></Extensions></Trackpoint><Trackpoint><Time>2025-11-04T10:59:54.380Z</Time><DistanceMeters>114.28540141271158</DistanceMeters><HeartRateBpm><Value>101</Value></HeartRateBpm><Cadence>21</Cadence><Extensions><ext:TPX><ext:Watts>39.75</ext:Watts><ext:Torque>20</ext:Torque></ext:TPX></Extensions></Trackpoint><Trackpoint><Time>2025-11-04T10:59:55.785Z</Time><DistanceMeters>118.02150363398555</DistanceMeters><HeartRateBpm><Value>101</Value></HeartRateBpm><Cadence>22</Cadence><Extensions><ext:TPX><ext:Watts>39.4</ext:Watts><ext:Torque>20</ext:Torque></ext:TPX></Extensions></Trackpoint><Trackpoint><Time>2025-11-04T10:59:57.185Z</Time><DistanceMeters>121.78469869225208</DistanceMeters><HeartRateBpm><Value>102</Value></HeartRateBpm><Cadence>22</Cadence><Extensions><ext:TPX><ext:Watts>39.68571428571428</ext:Watts><ext:Torque>20</ext:Torque></ext:TPX></Extensions></Trackpoint><Trackpoint><Time>2025-11-04T10:59:58.585Z</Time><DistanceMeters>125.41242956555581</DistanceMeters><HeartRateBpm><Value>102</Value></HeartRateBpm><Cadence>22</Cadence><Extensions><ext:TPX><ext:Watts>38.25714285714286</ext:Watts><ext:Torque>20</ext:Torque></ext:TPX></Extensions></Trackpoint><Trackpoint><Time>2025-11-04T11:00:00.030Z</Time><DistanceMeters>129.04224257355435</DistanceMeters><HeartRateBpm><Value>102</Value></HeartRateBpm><Cadence>21</Cadence><Extensions><ext:TPX><ext:Watts>37.388888888888886</ext:Watts><ext:Torque>20</ext:Torque></ext:TPX></Extensions></Trackpoint><Trackpoint><Time>2025-11-04T11:00:01.430Z</Time><DistanceMeters>132.78376336222684</DistanceMeters><HeartRateBpm><Value>102</Value></HeartRateBpm><Cadence>22</Cadence><Extensions><ext:TPX><ext:Watts>39.457142857142856</ext:Watts><ext:Torque>20</ext:Torque></ext:TPX></Extensions></Trackpoint><Trackpoint><Time>2025-11-04T11:00:02.870Z</Time><DistanceMeters>136.5079622953962</DistanceMeters><HeartRateBpm><Value>103</Value></HeartRateBpm><Cadence>21</Cadence><Extensions><ext:TPX><ext:Watts>38.361111111111114</ext:Watts><ext:Torque>20</ext:Torque></ext:TPX></Extensions></Trackpoint><Trackpoint><Time>2025-11-04T11:00:04.235Z</Time><DistanceMeters>140.2610899017348</DistanceMeters><HeartRateBpm><Value>103</Value></HeartRateBpm><Cadence>22</Cadence><Extensions><ext:TPX><ext:Watts>40.5</ext:Watts><ext:Torque>20</ext:Torque></ext:TPX></Extensions></Trackpoint><Trackpoint><Time>2025-11-04T11:00:05.675Z</Time><DistanceMeters>144.05270735288335</DistanceMeters><HeartRateBpm><Value>104</Value></HeartRateBpm><Cadence>21</Cadence><Extensions><ext:TPX><ext:Watts>39.05555555555556</ext:Watts><ext:Torque>20</ext:Torque></ext:TPX></Extensions></Trackpoint><Trackpoint><Time>2025-11-04T11:00:07.115Z</Time><DistanceMeters>148.0546705801269</DistanceMeters><HeartRateBpm><Value>105</Value></HeartRateBpm><Cadence>21</Cadence><Extensions><ext:TPX><ext:Watts>41.22222222222222</ext:Watts><ext:Torque>20</ext:Torque></ext:TPX></Extensions></Trackpoint><Trackpoint><Time>2025-11-04T11:00:08.596Z</Time><DistanceMeters>152.05957053490377</DistanceMeters><HeartRateBpm><Value>107</Value></HeartRateBpm><Cadence>20</Cadence><Extensions><ext:TPX><ext:Watts>40.270270270270274</ext:Watts><ext:Torque>20</ext:Torque></ext:TPX></Extensions></Trackpoint><Trackpoint><Time>2025-11-04T11:00:10.077Z</Time><DistanceMeters>155.99996203403325</DistanceMeters><HeartRateBpm><Value>107</Value></HeartRateBpm><Cadence>20</Cadence><Extensions><ext:TPX><ext:Watts>39.62162162162162</ext:Watts><ext:Torque>20</ext:Torque></ext:TPX></Extensions></Trackpoint><Trackpoint><Time>2025-11-04T11:00:11.595Z</Time><DistanceMeters>160.1713231585571</DistanceMeters><HeartRateBpm><Value>107</Value></HeartRateBpm><Cadence>20</Cadence><Extensions><ext:TPX><ext:Watts>40.921052631578945</ext:Watts><ext:Torque>20</ext:Torque></ext:TPX></Extensions></Trackpoint><Trackpoint><Time>2025-11-04T11:00:13.115Z</Time><DistanceMeters>164.34509169736668</DistanceMeters><HeartRateBpm><Value>107</Value></HeartRateBpm><Cadence>20</Cadence><Extensions><ext:TPX><ext:Watts>39.921052631578945</ext:Watts><ext:Torque>20</ext:Torque></ext:TPX></Extensions></Trackpoint><Trackpoint><Time>2025-11-04T11:00:14.635Z</Time><DistanceMeters>168.53536821984986</DistanceMeters><HeartRateBpm><Value>107</Value></HeartRateBpm><Cadence>20</Cadence><Extensions><ext:TPX><ext:Watts>40.078947368421055</ext:Watts><ext:Torque>20</ext:Torque></ext:TPX></Extensions></Trackpoint><Trackpoint><Time>2025-11-04T11:00:16.115Z</Time><DistanceMeters>172.65315797200972</DistanceMeters><HeartRateBpm><Value>107</Value></HeartRateBpm><Cadence>20</Cadence><Extensions><ext:TPX><ext:Watts>41.4054054054054</ext:Watts><ext:Torque>20</ext:Torque></ext:TPX></Extensions></Trackpoint><Trackpoint><Time>2025-11-04T11:00:17.635Z</Time><DistanceMeters>176.94248239653453</DistanceMeters><HeartRateBpm><Value>107</Value></HeartRateBpm><Cadence>20</Cadence><Extensions><ext:TPX><ext:Watts>41.026315789473685</ext:Watts><ext:Torque>20</ext:Torque></ext:TPX></Extensions></Trackpoint><Trackpoint><Time>2025-11-04T11:00:19.155Z</Time><DistanceMeters>181.17127754758945</DistanceMeters><HeartRateBpm><Value>107</Value></HeartRateBpm><Cadence>20</Cadence><Extensions><ext:TPX><ext:Watts>40.44736842105263</ext:Watts><ext:Torque>20</ext:Torque></ext:TPX></Extensions></Trackpoint><Trackpoint><Time>2025-11-04T11:00:20.716Z</Time><DistanceMeters>185.35054874762358</DistanceMeters><HeartRateBpm><Value>107</Value></HeartRateBpm><Cadence>19</Cadence><Extensions><ext:TPX><ext:Watts>38.94871794871795</ext:Watts><ext:Torque>20</ext:Torque></ext:TPX></Extensions></Trackpoint><Trackpoint><Time>2025-11-04T11:00:22.276Z</Time><DistanceMeters>189.4472800292897</DistanceMeters><HeartRateBpm><Value>107</Value></HeartRateBpm><Cadence>19</Cadence><Extensions><ext:TPX><ext:Watts>38.17948717948718</ext:Watts><ext:Torque>20</ext:Torque></ext:TPX></Extensions></Trackpoint><Trackpoint><Time>2025-11-04T11:00:23.876Z</Time><DistanceMeters>193.51402180728206</DistanceMeters><HeartRateBpm><Value>107</Value></HeartRateBpm><Cadence>19</Cadence><Extensions><ext:TPX><ext:Watts>37.9</ext:Watts><ext:Torque>20</ext:Torque></ext:TPX></Extensions></Trackpoint><Trackpoint><Time>2025-11-04T11:00:24.595Z</Time><DistanceMeters>197.28309060711612</DistanceMeters><HeartRateBpm><Value>108</Value></HeartRateBpm><Cadence>42</Cadence><Extensions><ext:TPX><ext:Watts>76.72222222222223</ext:Watts><ext:Torque>20</ext:Torque></ext:TPX></Extensions></Trackpoint><Trackpoint><Time>2025-11-04T11:00:25.436Z</Time><DistanceMeters>197.29402949904738</DistanceMeters><HeartRateBpm><Value>108</Value></HeartRateBpm><Cadence>36</Cadence><Extensions><ext:TPX><ext:Watts>0.19047619047619047</ext:Watts><ext:Torque>20</ext:Torque></ext:TPX></Extensions></Trackpoint><Trackpoint><Time>2025-11-04T11:00:26.956Z</Time><DistanceMeters>201.61086722969486</DistanceMeters><HeartRateBpm><Value>108</Value></HeartRateBpm><Cadence>20</Cadence><Extensions><ext:TPX><ext:Watts>41.28947368421053</ext:Watts><ext:Torque>20</ext:Torque></ext:TPX></Extensions></Trackpoint><Trackpoint><Time>2025-11-04T11:00:28.526Z</Time><DistanceMeters>205.8396623807498</DistanceMeters><HeartRateBpm><Value>109</Value></HeartRateBpm><Cadence>19</Cadence><Extensions><ext:TPX><ext:Watts>39.41025641025641</ext:Watts><ext:Torque>20</ext:Torque></ext:TPX></Extensions></Trackpoint><Trackpoint><Time>2025-11-04T11:00:30.086Z</Time><DistanceMeters>209.97491229098762</DistanceMeters><HeartRateBpm><Value>109</Value></HeartRateBpm><Cadence>19</Cadence><Extensions><ext:TPX><ext:Watts>38.53846153846154</ext:Watts><ext:Torque>20</ext:Torque></ext:TPX></Extensions></Trackpoint><Trackpoint><Time>2025-11-04T11:00:31.566Z</Time><DistanceMeters>213.92067949475438</DistanceMeters><HeartRateBpm><Value>110</Value></HeartRateBpm><Cadence>20</Cadence><Extensions><ext:TPX><ext:Watts>39.67567567567568</ext:Watts><ext:Torque>20</ext:Torque></ext:TPX></Extensions></Trackpoint><Trackpoint><Time>2025-11-04T11:00:32.966Z</Time><DistanceMeters>217.49693397777224</DistanceMeters><HeartRateBpm><Value>110</Value></HeartRateBpm><Cadence>22</Cadence><Extensions><ext:TPX><ext:Watts>37.714285714285715</ext:Watts><ext:Torque>20</ext:Torque></ext:TPX></Extensions></Trackpoint><Trackpoint><Time>2025-11-04T11:00:34.446Z</Time><DistanceMeters>220.9588877641834</DistanceMeters><HeartRateBpm><Value>110</Value></HeartRateBpm><Cadence>20</Cadence><Extensions><ext:TPX><ext:Watts>34.810810810810814</ext:Watts><ext:Torque>20</ext:Torque></ext:TPX></Extensions></Trackpoint><Trackpoint><Time>2025-11-04T11:00:35.166Z</Time><DistanceMeters>224.61059960645565</DistanceMeters><HeartRateBpm><Value>110</Value></HeartRateBpm><Cadence>42</Cadence><Extensions><ext:TPX><ext:Watts>74.33333333333333</ext:Watts><ext:Torque>21</ext:Torque></ext:TPX></Extensions></Trackpoint><Trackpoint><Time>2025-11-04T11:00:37.326Z</Time><DistanceMeters>228.11905928209168</DistanceMeters><HeartRateBpm><Value>111</Value></HeartRateBpm><Cadence>21</Cadence><Extensions><ext:TPX><ext:Watts>36.138888888888886</ext:Watts><ext:Torque>20</ext:Torque></ext:TPX></Extensions></Trackpoint><Trackpoint><Time>2025-11-04T11:00:38.766Z</Time><DistanceMeters>231.72190488289854</DistanceMeters><HeartRateBpm><Value>111</Value></HeartRateBpm><Cadence>21</Cadence><Extensions><ext:TPX><ext:Watts>37.111111111111114</ext:Watts><ext:Torque>20</ext:Torque></ext:TPX></Extensions></Trackpoint><Trackpoint><Time>2025-11-04T11:00:39.531Z</Time><DistanceMeters>235.25461338904984</DistanceMeters><HeartRateBpm><Value>111</Value></HeartRateBpm><Cadence>39</Cadence><Extensions><ext:TPX><ext:Watts>67.57894736842105</ext:Watts><ext:Torque>22</ext:Torque></ext:TPX></Extensions></Trackpoint><Trackpoint><Time>2025-11-04T11:00:40.251Z</Time><DistanceMeters>235.26280108376346</DistanceMeters><HeartRateBpm><Value>111</Value></HeartRateBpm><Cadence>42</Cadence><Extensions><ext:TPX><ext:Watts>0.16666666666666666</ext:Watts><ext:Torque>20</ext:Torque></ext:TPX></Extensions></Trackpoint><Trackpoint><Time>2025-11-04T11:00:40.971Z</Time><DistanceMeters>238.7398421054786</DistanceMeters><HeartRateBpm><Value>111</Value></HeartRateBpm><Cadence>42</Cadence><Extensions><ext:TPX><ext:Watts>70.77777777777777</ext:Watts><ext:Torque>22</ext:Torque></ext:TPX></Extensions></Trackpoint><Trackpoint><Time>2025-11-04T11:00:43.096Z</Time><DistanceMeters>242.35347466916213</DistanceMeters><HeartRateBpm><Value>112</Value></HeartRateBpm><Cadence>21</Cadence><Extensions><ext:TPX><ext:Watts>37.22222222222222</ext:Watts><ext:Torque>20</ext:Torque></ext:TPX></Extensions></Trackpoint><Trackpoint><Time>2025-11-04T11:00:44.576Z</Time><DistanceMeters>245.97401174237316</DistanceMeters><HeartRateBpm><Value>112</Value></HeartRateBpm><Cadence>20</Cadence><Extensions><ext:TPX><ext:Watts>36.4054054054054</ext:Watts><ext:Torque>20</ext:Torque></ext:TPX></Extensions></Trackpoint><Trackpoint><Time>2025-11-04T11:00:46.016Z</Time><DistanceMeters>249.6766367497892</DistanceMeters><HeartRateBpm><Value>112</Value></HeartRateBpm><Cadence>21</Cadence><Extensions><ext:TPX><ext:Watts>38.138888888888886</ext:Watts><ext:Torque>20</ext:Torque></ext:TPX></Extensions></Trackpoint><Trackpoint><Time>2025-11-04T11:00:47.421Z</Time><DistanceMeters>253.08220635975394</DistanceMeters><HeartRateBpm><Value>112</Value></HeartRateBpm><Cadence>22</Cadence><Extensions><ext:TPX><ext:Watts>35.91428571428571</ext:Watts><ext:Torque>20</ext:Torque></ext:TPX></Extensions></Trackpoint><Trackpoint><Time>2025-11-04T11:00:48.861Z</Time><DistanceMeters>256.59875625754745</DistanceMeters><HeartRateBpm><Value>111</Value></HeartRateBpm><Cadence>21</Cadence><Extensions><ext:TPX><ext:Watts>36.22222222222222</ext:Watts><ext:Torque>20</ext:Torque></ext:TPX></Extensions></Trackpoint><Trackpoint><Time>2025-11-04T11:00:50.261Z</Time><DistanceMeters>259.94201234242934</DistanceMeters><HeartRateBpm><Value>111</Value></HeartRateBpm><Cadence>22</Cadence><Extensions><ext:TPX><ext:Watts>35.25714285714286</ext:Watts><ext:Torque>20</ext:Torque></ext:TPX></Extensions></Trackpoint><Trackpoint><Time>2025-11-04T11:00:51.781Z</Time><DistanceMeters>263.85165314246126</DistanceMeters><HeartRateBpm><Value>111</Value></HeartRateBpm><Cadence>20</Cadence><Extensions><ext:TPX><ext:Watts>37.39473684210526</ext:Watts><ext:Torque>20</ext:Torque></ext:TPX></Extensions></Trackpoint><Trackpoint><Time>2025-11-04T11:00:53.341Z</Time><DistanceMeters>268.017167689434</DistanceMeters><HeartRateBpm><Value>112</Value></HeartRateBpm><Cadence>19</Cadence><Extensions><ext:TPX><ext:Watts>38.82051282051282</ext:Watts><ext:Torque>20</ext:Torque></ext:TPX></Extensions></Trackpoint><Trackpoint><Time>2025-11-04T11:00:54.821Z</Time><DistanceMeters>272.0274433488482</DistanceMeters><HeartRateBpm><Value>112</Value></HeartRateBpm><Cadence>20</Cadence><Extensions><ext:TPX><ext:Watts>40.32432432432432</ext:Watts><ext:Torque>20</ext:Torque></ext:TPX></Extensions></Trackpoint><Trackpoint><Time>2025-11-04T11:00:56.341Z</Time><DistanceMeters>276.1957092264332</DistanceMeters><HeartRateBpm><Value>112</Value></HeartRateBpm><Cadence>20</Cadence><Extensions><ext:TPX><ext:Watts>39.86842105263158</ext:Watts><ext:Torque>20</ext:Torque></ext:TPX></Extensions></Trackpoint><Trackpoint><Time>2025-11-04T11:00:57.862Z</Time><DistanceMeters>280.3392131285079</DistanceMeters><HeartRateBpm><Value>112</Value></HeartRateBpm><Cadence>20</Cadence><Extensions><ext:TPX><ext:Watts>39.63157894736842</ext:Watts><ext:Torque>20</ext:Torque></ext:TPX></Extensions></Trackpoint><Trackpoint><Time>2025-11-04T11:00:59.341Z</Time><DistanceMeters>284.24197469517634</DistanceMeters><HeartRateBpm><Value>113</Value></HeartRateBpm><Cadence>20</Cadence><Extensions><ext:TPX><ext:Watts>39.24324324324324</ext:Watts><ext:Torque>20</ext:Torque></ext:TPX></Extensions></Trackpoint><Trackpoint><Time>2025-11-04T11:01:00.821Z</Time><DistanceMeters>288.28450458241423</DistanceMeters><HeartRateBpm><Value>113</Value></HeartRateBpm><Cadence>20</Cadence><Extensions><ext:TPX><ext:Watts>40.648648648648646</ext:Watts><ext:Torque>20</ext:Torque></ext:TPX></Extensions></Trackpoint><Trackpoint><Time>2025-11-04T11:01:02.302Z</Time><DistanceMeters>292.14157265966577</DistanceMeters><HeartRateBpm><Value>113</Value></HeartRateBpm><Cadence>20</Cadence><Extensions><ext:TPX><ext:Watts>38.78378378378378</ext:Watts><ext:Torque>20</ext:Torque></ext:TPX></Extensions></Trackpoint><Trackpoint><Time>2025-11-04T11:01:03.821Z</Time><DistanceMeters>296.0319541454118</DistanceMeters><HeartRateBpm><Value>113</Value></HeartRateBpm><Cadence>20</Cadence><Extensions><ext:TPX><ext:Watts>37.21052631578947</ext:Watts><ext:Torque>20</ext:Torque></ext:TPX></Extensions></Trackpoint><Trackpoint><Time>2025-11-04T11:01:05.262Z</Time><DistanceMeters>299.979982558272</DistanceMeters><HeartRateBpm><Value>113</Value></HeartRateBpm><Cadence>21</Cadence><Extensions><ext:TPX><ext:Watts>40.666666666666664</ext:Watts><ext:Torque>20</ext:Torque></ext:TPX></Extensions></Trackpoint><Trackpoint><Time>2025-11-04T11:01:06.742Z</Time><DistanceMeters>303.7376000997338</DistanceMeters><HeartRateBpm><Value>113</Value></HeartRateBpm><Cadence>20</Cadence><Extensions><ext:TPX><ext:Watts>37.78378378378378</ext:Watts><ext:Torque>20</ext:Torque></ext:TPX></Extensions></Trackpoint><Trackpoint><Time>2025-11-04T11:01:08.226Z</Time><DistanceMeters>307.5037515723073</DistanceMeters><HeartRateBpm><Value>113</Value></HeartRateBpm><Cadence>20</Cadence><Extensions><ext:TPX><ext:Watts>36.945945945945944</ext:Watts><ext:Torque>20</ext:Torque></ext:TPX></Extensions></Trackpoint><Trackpoint><Time>2025-11-04T11:01:09.667Z</Time><DistanceMeters>311.18480265397</DistanceMeters><HeartRateBpm><Value>113</Value></HeartRateBpm><Cadence>21</Cadence><Extensions><ext:TPX><ext:Watts>37.916666666666664</ext:Watts><ext:Torque>20</ext:Torque></ext:TPX></Extensions></Trackpoint><Trackpoint><Time>2025-11-04T11:01:11.032Z</Time><DistanceMeters>314.7662185397572</DistanceMeters><HeartRateBpm><Value>113</Value></HeartRateBpm><Cadence>22</Cadence><Extensions><ext:TPX><ext:Watts>38.64705882352941</ext:Watts><ext:Torque>20</ext:Torque></ext:TPX></Extensions></Trackpoint><Trackpoint><Time>2025-11-04T11:01:12.432Z</Time><DistanceMeters>318.21513668891004</DistanceMeters><HeartRateBpm><Value>113</Value></HeartRateBpm><Cadence>22</Cadence><Extensions><ext:TPX><ext:Watts>36.371428571428574</ext:Watts><ext:Torque>20</ext:Torque></ext:TPX></Extensions></Trackpoint><Trackpoint><Time>2025-11-04T11:01:13.872Z</Time><DistanceMeters>321.5914560693069</DistanceMeters><HeartRateBpm><Value>113</Value></HeartRateBpm><Cadence>21</Cadence><Extensions><ext:TPX><ext:Watts>34.77777777777778</ext:Watts><ext:Torque>20</ext:Torque></ext:TPX></Extensions></Trackpoint><Trackpoint><Time>2025-11-04T11:01:14.592Z</Time><DistanceMeters>324.8310539443272</DistanceMeters><HeartRateBpm><Value>113</Value></HeartRateBpm><Cadence>42</Cadence><Extensions><ext:TPX><ext:Watts>65.94444444444444</ext:Watts><ext:Torque>24</ext:Torque></ext:TPX></Extensions></Trackpoint><Trackpoint><Time>2025-11-04T11:01:16.672Z</Time><DistanceMeters>328.152635759615</DistanceMeters><HeartRateBpm><Value>113</Value></HeartRateBpm><Cadence>22</Cadence><Extensions><ext:TPX><ext:Watts>35.02857142857143</ext:Watts><ext:Torque>20</ext:Torque></ext:TPX></Extensions></Trackpoint><Trackpoint><Time>2025-11-04T11:01:18.072Z</Time><DistanceMeters>331.6096817598656</DistanceMeters><HeartRateBpm><Value>113</Value></HeartRateBpm><Cadence>22</Cadence><Extensions><ext:TPX><ext:Watts>36.457142857142856</ext:Watts><ext:Torque>20</ext:Torque></ext:TPX></Extensions></Trackpoint><Trackpoint><Time>2025-11-04T11:01:19.512Z</Time><DistanceMeters>335.1424121019742</DistanceMeters><HeartRateBpm><Value>113</Value></HeartRateBpm><Cadence>21</Cadence><Extensions><ext:TPX><ext:Watts>36.388888888888886</ext:Watts><ext:Torque>20</ext:Torque></ext:TPX></Extensions></Trackpoint><Trackpoint><Time>2025-11-04T11:01:20.957Z</Time><DistanceMeters>338.6778391848019</DistanceMeters><HeartRateBpm><Value>113</Value></HeartRateBpm><Cadence>21</Cadence><Extensions><ext:TPX><ext:Watts>36.416666666666664</ext:Watts><ext:Torque>20</ext:Torque></ext:TPX></Extensions></Trackpoint><Trackpoint><Time>2025-11-04T11:01:22.397Z</Time><DistanceMeters>342.16472493468456</DistanceMeters><HeartRateBpm><Value>113</Value></HeartRateBpm><Cadence>21</Cadence><Extensions><ext:TPX><ext:Watts>35.916666666666664</ext:Watts><ext:Torque>20</ext:Torque></ext:TPX></Extensions></Trackpoint><Trackpoint><Time>2025-11-04T11:01:23.837Z</Time><DistanceMeters>345.5761019444306</DistanceMeters><HeartRateBpm><Value>113</Value></HeartRateBpm><Cadence>21</Cadence><Extensions><ext:TPX><ext:Watts>35.138888888888886</ext:Watts><ext:Torque>20</ext:Torque></ext:TPX></Extensions></Trackpoint><Trackpoint><Time>2025-11-04T11:01:25.317Z</Time><DistanceMeters>349.01924076461125</DistanceMeters><HeartRateBpm><Value>114</Value></HeartRateBpm><Cadence>20</Cadence><Extensions><ext:TPX><ext:Watts>34.62162162162162</ext:Watts><ext:Torque>20</ext:Torque></ext:TPX></Extensions></Trackpoint><Trackpoint><Time>2025-11-04T11:01:26.757Z</Time><DistanceMeters>352.4764623665831</DistanceMeters><HeartRateBpm><Value>114</Value></HeartRateBpm><Cadence>21</Cadence><Extensions><ext:TPX><ext:Watts>35.611111111111114</ext:Watts><ext:Torque>20</ext:Torque></ext:TPX></Extensions></Trackpoint><Trackpoint><Time>2025-11-04T11:01:28.197Z</Time><DistanceMeters>355.8824458948908</DistanceMeters><HeartRateBpm><Value>115</Value></HeartRateBpm><Cadence>21</Cadence><Extensions><ext:TPX><ext:Watts>35.083333333333336</ext:Watts><ext:Torque>20</ext:Torque></ext:TPX></Extensions></Trackpoint><Trackpoint><Time>2025-11-04T11:01:29.677Z</Time><DistanceMeters>359.3793417614443</DistanceMeters><HeartRateBpm><Value>116</Value></HeartRateBpm><Cadence>20</Cadence><Extensions><ext:TPX><ext:Watts>35.16216216216216</ext:Watts><ext:Torque>20</ext:Torque></ext:TPX></Extensions></Trackpoint><Trackpoint><Time>2025-11-04T11:01:31.157Z</Time><DistanceMeters>362.77678709220805</DistanceMeters><HeartRateBpm><Value>116</Value></HeartRateBpm><Cadence>20</Cadence><Extensions><ext:TPX><ext:Watts>34.16216216216216</ext:Watts><ext:Torque>20</ext:Torque></ext:TPX></Extensions></Trackpoint><Trackpoint><Time>2025-11-04T11:01:32.597Z</Time><DistanceMeters>366.1881641019541</DistanceMeters><HeartRateBpm><Value>117</Value></HeartRateBpm><Cadence>21</Cadence><Extensions><ext:TPX><ext:Watts>35.138888888888886</ext:Watts><ext:Torque>20</ext:Torque></ext:TPX></Extensions></Trackpoint><Trackpoint><Time>2025-11-04T11:01:34.077Z</Time><DistanceMeters>369.78988620893466</DistanceMeters><HeartRateBpm><Value>117</Value></HeartRateBpm><Cadence>20</Cadence><Extensions><ext:TPX><ext:Watts>36.21621621621622</ext:Watts><ext:Torque>20</ext:Torque></ext:TPX></Extensions></Trackpoint><Trackpoint><Time>2025-11-04T11:01:35.517Z</Time><DistanceMeters>373.3549774396732</DistanceMeters><HeartRateBpm><Value>117</Value></HeartRateBpm><Cadence>21</Cadence><Extensions><ext:TPX><ext:Watts>36.72222222222222</ext:Watts><ext:Torque>20</ext:Torque></ext:TPX></Extensions></Trackpoint><Trackpoint><Time>2025-11-04T11:01:36.957Z</Time><DistanceMeters>376.9119784482542</DistanceMeters><HeartRateBpm><Value>116</Value></HeartRateBpm><Cadence>21</Cadence><Extensions><ext:TPX><ext:Watts>36.638888888888886</ext:Watts><ext:Torque>20</ext:Torque></ext:TPX></Extensions></Trackpoint><Trackpoint><Time>2025-11-04T11:01:38.437Z</Time><DistanceMeters>380.41156216712636</DistanceMeters><HeartRateBpm><Value>115</Value></HeartRateBpm><Cadence>20</Cadence><Extensions><ext:TPX><ext:Watts>35.189189189189186</ext:Watts><ext:Torque>20</ext:Torque></ext:TPX></Extensions></Trackpoint><Trackpoint><Time>2025-11-04T11:01:39.917Z</Time><DistanceMeters>383.8009439409342</DistanceMeters><HeartRateBpm><Value>114</Value></HeartRateBpm><Cadence>20</Cadence><Extensions><ext:TPX><ext:Watts>34.08108108108108</ext:Watts><ext:Torque>20</ext:Torque></ext:TPX></Extensions></Trackpoint><Trackpoint><Time>2025-11-04T11:01:41.397Z</Time><DistanceMeters>387.2682734319826</DistanceMeters><HeartRateBpm><Value>113</Value></HeartRateBpm><Cadence>20</Cadence><Extensions><ext:TPX><ext:Watts>34.86486486486486</ext:Watts><ext:Torque>20</ext:Torque></ext:TPX></Extensions></Trackpoint><Trackpoint><Time>2025-11-04T11:01:42.838Z</Time><DistanceMeters>390.68774066388613</DistanceMeters><HeartRateBpm><Value>112</Value></HeartRateBpm><Cadence>21</Cadence><Extensions><ext:TPX><ext:Watts>35.22222222222222</ext:Watts><ext:Torque>20</ext:Torque></ext:TPX></Extensions></Trackpoint><Trackpoint><Time>2025-11-04T11:01:44.279Z</Time><DistanceMeters>394.20429056167967</DistanceMeters><HeartRateBpm><Value>111</Value></HeartRateBpm><Cadence>21</Cadence><Extensions><ext:TPX><ext:Watts>36.22222222222222</ext:Watts><ext:Torque>20</ext:Torque></ext:TPX></Extensions></Trackpoint><Trackpoint><Time>2025-11-04T11:01:45.797Z</Time><DistanceMeters>397.5735700294623</DistanceMeters><HeartRateBpm><Value>110</Value></HeartRateBpm><Cadence>20</Cadence><Extensions><ext:TPX><ext:Watts>33.05263157894737</ext:Watts><ext:Torque>20</ext:Torque></ext:TPX></Extensions></Trackpoint><Trackpoint><Time>2025-11-04T11:01:47.242Z</Time><DistanceMeters>400.91752852122914</DistanceMeters><HeartRateBpm><Value>108</Value></HeartRateBpm><Cadence>21</Cadence><Extensions><ext:TPX><ext:Watts>34.44444444444444</ext:Watts><ext:Torque>20</ext:Torque></ext:TPX></Extensions></Trackpoint><Trackpoint><Time>2025-11-04T11:01:48.682Z</Time><DistanceMeters>404.3477827160093</DistanceMeters><HeartRateBpm><Value>108</Value></HeartRateBpm><Cadence>21</Cadence><Extensions><ext:TPX><ext:Watts>35.333333333333336</ext:Watts><ext:Torque>20</ext:Torque></ext:TPX></Extensions></Trackpoint><Trackpoint><Time>2025-11-04T11:01:50.162Z</Time><DistanceMeters>407.9387534137153</DistanceMeters><HeartRateBpm><Value>107</Value></HeartRateBpm><Cadence>20</Cadence><Extensions><ext:TPX><ext:Watts>36.108108108108105</ext:Watts><ext:Torque>20</ext:Torque></ext:TPX></Extensions></Trackpoint><Trackpoint><Time>2025-11-04T11:01:51.602Z</Time><DistanceMeters>411.34473694202296</DistanceMeters><HeartRateBpm><Value>105</Value></HeartRateBpm><Cadence>21</Cadence><Extensions><ext:TPX><ext:Watts>35.083333333333336</ext:Watts><ext:Torque>20</ext:Torque></ext:TPX></Extensions></Trackpoint><Trackpoint><Time>2025-11-04T11:01:53.047Z</Time><DistanceMeters>414.7345400260156</DistanceMeters><HeartRateBpm><Value>105</Value></HeartRateBpm><Cadence>21</Cadence><Extensions><ext:TPX><ext:Watts>34.916666666666664</ext:Watts><ext:Torque>20</ext:Torque></ext:TPX></Extensions></Trackpoint><Trackpoint><Time>2025-11-04T11:01:54.527Z</Time><DistanceMeters>418.24487515416234</DistanceMeters><HeartRateBpm><Value>103</Value></HeartRateBpm><Cadence>20</Cadence><Extensions><ext:TPX><ext:Watts>35.2972972972973</ext:Watts><ext:Torque>20</ext:Torque></ext:TPX></Extensions></Trackpoint><Trackpoint><Time>2025-11-04T11:01:55.967Z</Time><DistanceMeters>421.5888336459292</DistanceMeters><HeartRateBpm><Value>103</Value></HeartRateBpm><Cadence>21</Cadence><Extensions><ext:TPX><ext:Watts>34.44444444444444</ext:Watts><ext:Torque>20</ext:Torque></ext:TPX></Extensions></Trackpoint><Trackpoint><Time>2025-11-04T11:01:57.407Z</Time><DistanceMeters>424.9840302113602</DistanceMeters><HeartRateBpm><Value>102</Value></HeartRateBpm><Cadence>21</Cadence><Extensions><ext:TPX><ext:Watts>34.97222222222222</ext:Watts><ext:Torque>20</ext:Torque></ext:TPX></Extensions></Trackpoint><Trackpoint><Time>2025-11-04T11:01:58.808Z</Time><DistanceMeters>428.3272862962421</DistanceMeters><HeartRateBpm><Value>102</Value></HeartRateBpm><Cadence>22</Cadence><Extensions><ext:TPX><ext:Watts>35.25714285714286</ext:Watts><ext:Torque>20</ext:Torque></ext:TPX></Extensions></Trackpoint><Trackpoint><Time>2025-11-04T11:02:00.248Z</Time><DistanceMeters>431.79259812037145</DistanceMeters><HeartRateBpm><Value>101</Value></HeartRateBpm><Cadence>21</Cadence><Extensions><ext:TPX><ext:Watts>35.69444444444444</ext:Watts><ext:Torque>20</ext:Torque></ext:TPX></Extensions></Trackpoint><Trackpoint><Time>2025-11-04T11:02:01.648Z</Time><DistanceMeters>435.28757409241166</DistanceMeters><HeartRateBpm><Value>101</Value></HeartRateBpm><Cadence>22</Cadence><Extensions><ext:TPX><ext:Watts>36.857142857142854</ext:Watts><ext:Torque>20</ext:Torque></ext:TPX></Extensions></Trackpoint><Trackpoint><Time>2025-11-04T11:02:03.048Z</Time><DistanceMeters>438.7283643904667</DistanceMeters><HeartRateBpm><Value>101</Value></HeartRateBpm><Cadence>22</Cadence><Extensions><ext:TPX><ext:Watts>36.285714285714285</ext:Watts><ext:Torque>20</ext:Torque></ext:TPX></Extensions></Trackpoint><Trackpoint><Time>2025-11-04T11:02:04.488Z</Time><DistanceMeters>442.1424381409319</DistanceMeters><HeartRateBpm><Value>100</Value></HeartRateBpm><Cadence>21</Cadence><Extensions><ext:TPX><ext:Watts>35.166666666666664</ext:Watts><ext:Torque>20</ext:Torque></ext:TPX></Extensions></Trackpoint><Trackpoint><Time>2025-11-04T11:02:05.888Z</Time><DistanceMeters>445.4396364029264</DistanceMeters><HeartRateBpm><Value>100</Value></HeartRateBpm><Cadence>22</Cadence><Extensions><ext:TPX><ext:Watts>34.77142857142857</ext:Watts><ext:Torque>20</ext:Torque></ext:TPX></Extensions></Trackpoint><Trackpoint><Time>2025-11-04T11:02:07.298Z</Time><DistanceMeters>448.7097418279283</DistanceMeters><HeartRateBpm><Value>100</Value></HeartRateBpm><Cadence>22</Cadence><Extensions><ext:TPX><ext:Watts>34.48571428571429</ext:Watts><ext:Torque>20</ext:Torque></ext:TPX></Extensions></Trackpoint><Trackpoint><Time>2025-11-04T11:02:08.058Z</Time><DistanceMeters>452.12438690654056</DistanceMeters><HeartRateBpm><Value>100</Value></HeartRateBpm><Cadence>40</Cadence><Extensions><ext:TPX><ext:Watts>66.15789473684211</ext:Watts><ext:Torque>23</ext:Torque></ext:TPX></Extensions></Trackpoint><Trackpoint><Time>2025-11-04T11:02:10.148Z</Time><DistanceMeters>455.24548172808346</DistanceMeters><HeartRateBpm><Value>100</Value></HeartRateBpm><Cadence>22</Cadence><Extensions><ext:TPX><ext:Watts>32.91428571428571</ext:Watts><ext:Torque>20</ext:Torque></ext:TPX></Extensions></Trackpoint><Trackpoint><Time>2025-11-04T11:02:10.908Z</Time><DistanceMeters>458.63024526662826</DistanceMeters><HeartRateBpm><Value>100</Value></HeartRateBpm><Cadence>40</Cadence><Extensions><ext:TPX><ext:Watts>65.57894736842105</ext:Watts><ext:Torque>25</ext:Torque></ext:TPX></Extensions></Trackpoint><Trackpoint><Time>2025-11-04T11:02:11.588Z</Time><DistanceMeters>458.6356964323601</DistanceMeters><HeartRateBpm><Value>100</Value></HeartRateBpm><Cadence>44</Cadence><Extensions><ext:TPX><ext:Watts>0.11764705882352941</ext:Watts><ext:Torque>20</ext:Torque></ext:TPX></Extensions></Trackpoint><Trackpoint><Time>2025-11-04T11:02:12.948Z</Time><DistanceMeters>461.90912145430104</DistanceMeters><HeartRateBpm><Value>100</Value></HeartRateBpm><Cadence>22</Cadence><Extensions><ext:TPX><ext:Watts>35.3235294117647</ext:Watts><ext:Torque>20</ext:Torque></ext:TPX></Extensions></Trackpoint><Trackpoint><Time>2025-11-04T11:02:14.348Z</Time><DistanceMeters>465.2821796598747</DistanceMeters><HeartRateBpm><Value>101</Value></HeartRateBpm><Cadence>22</Cadence><Extensions><ext:TPX><ext:Watts>35.57142857142857</ext:Watts><ext:Torque>20</ext:Torque></ext:TPX></Extensions></Trackpoint><Trackpoint><Time>2025-11-04T11:02:15.788Z</Time><DistanceMeters>468.6800729660249</DistanceMeters><HeartRateBpm><Value>101</Value></HeartRateBpm><Cadence>21</Cadence><Extensions><ext:TPX><ext:Watts>35.0</ext:Watts><ext:Torque>20</ext:Torque></ext:TPX></Extensions></Trackpoint><Trackpoint><Time>2025-11-04T11:02:17.188Z</Time><DistanceMeters>472.03687546940307</DistanceMeters><HeartRateBpm><Value>101</Value></HeartRateBpm><Cadence>22</Cadence><Extensions><ext:TPX><ext:Watts>35.4</ext:Watts><ext:Torque>20</ext:Torque></ext:TPX></Extensions></Trackpoint><Trackpoint><Time>2025-11-04T11:02:18.628Z</Time><DistanceMeters>475.3808339611699</DistanceMeters><HeartRateBpm><Value>102</Value></HeartRateBpm><Cadence>21</Cadence><Extensions><ext:TPX><ext:Watts>34.44444444444444</ext:Watts><ext:Torque>20</ext:Torque></ext:TPX></Extensions></Trackpoint><Trackpoint><Time>2025-11-04T11:02:20.028Z</Time><DistanceMeters>478.71325291125476</DistanceMeters><HeartRateBpm><Value>102</Value></HeartRateBpm><Cadence>22</Cadence><Extensions><ext:TPX><ext:Watts>35.142857142857146</ext:Watts><ext:Torque>20</ext:Torque></ext:TPX></Extensions></Trackpoint><Trackpoint><Time>2025-11-04T11:02:21.433Z</Time><DistanceMeters>482.12965965601654</DistanceMeters><HeartRateBpm><Value>102</Value></HeartRateBpm><Cadence>22</Cadence><Extensions><ext:TPX><ext:Watts>36.02857142857143</ext:Watts><ext:Torque>20</ext:Torque></ext:TPX></Extensions></Trackpoint><Trackpoint><Time>2025-11-04T11:02:22.833Z</Time><DistanceMeters>485.5596128192746</DistanceMeters><HeartRateBpm><Value>102</Value></HeartRateBpm><Cadence>22</Cadence><Extensions><ext:TPX><ext:Watts>36.17142857142857</ext:Watts><ext:Torque>20</ext:Torque></ext:TPX></Extensions></Trackpoint><Trackpoint><Time>2025-11-04T11:02:24.238Z</Time><DistanceMeters>488.9001596204572</DistanceMeters><HeartRateBpm><Value>101</Value></HeartRateBpm><Cadence>22</Cadence><Extensions><ext:TPX><ext:Watts>35.22857142857143</ext:Watts><ext:Torque>20</ext:Torque></ext:TPX></Extensions></Trackpoint><Trackpoint><Time>2025-11-04T11:02:25.638Z</Time><DistanceMeters>492.1540093432636</DistanceMeters><HeartRateBpm><Value>100</Value></HeartRateBpm><Cadence>22</Cadence><Extensions><ext:TPX><ext:Watts>34.31428571428572</ext:Watts><ext:Torque>20</ext:Torque></ext:TPX></Extensions></Trackpoint><Trackpoint><Time>2025-11-04T11:02:27.038Z</Time><DistanceMeters>495.53790468363434</DistanceMeters><HeartRateBpm><Value>100</Value></HeartRateBpm><Cadence>22</Cadence><Extensions><ext:TPX><ext:Watts>35.68571428571428</ext:Watts><ext:Torque>20</ext:Torque></ext:TPX></Extensions></Trackpoint><Trackpoint><Time>2025-11-04T11:02:28.438Z</Time><DistanceMeters>498.92180002400505</DistanceMeters><HeartRateBpm><Value>99</Value></HeartRateBpm><Cadence>22</Cadence><Extensions><ext:TPX><ext:Watts>35.68571428571428</ext:Watts><ext:Torque>20</ext:Torque></ext:TPX></Extensions></Trackpoint><Trackpoint><Time>2025-11-04T11:02:29.838Z</Time><DistanceMeters>502.22441685339805</DistanceMeters><HeartRateBpm><Value>99</Value></HeartRateBpm><Cadence>22</Cadence><Extensions><ext:TPX><ext:Watts>34.82857142857143</ext:Watts><ext:Torque>20</ext:Torque></ext:TPX></Extensions></Trackpoint><Trackpoint><Time>2025-11-04T11:02:31.238Z</Time><DistanceMeters>505.4755572925052</DistanceMeters><HeartRateBpm><Value>98</Value></HeartRateBpm><Cadence>22</Cadence><Extensions><ext:TPX><ext:Watts>34.285714285714285</ext:Watts><ext:Torque>20</ext:Torque></ext:TPX></Extensions></Trackpoint><Trackpoint><Time>2025-11-04T11:02:32.638Z</Time><DistanceMeters>508.7808834055975</DistanceMeters><HeartRateBpm><Value>97</Value></HeartRateBpm><Cadence>22</Cadence><Extensions><ext:TPX><ext:Watts>34.857142857142854</ext:Watts><ext:Torque>20</ext:Torque></ext:TPX></Extensions></Trackpoint><Trackpoint><Time>2025-11-04T11:02:34.078Z</Time><DistanceMeters>512.1572027859943</DistanceMeters><HeartRateBpm><Value>97</Value></HeartRateBpm><Cadence>21</Cadence><Extensions><ext:TPX><ext:Watts>34.77777777777778</ext:Watts><ext:Torque>20</ext:Torque></ext:TPX></Extensions></Trackpoint><Trackpoint><Time>2025-11-04T11:02:35.443Z</Time><DistanceMeters>515.5287487911074</DistanceMeters><HeartRateBpm><Value>97</Value></HeartRateBpm><Cadence>22</Cadence><Extensions><ext:TPX><ext:Watts>36.38235294117647</ext:Watts><ext:Torque>20</ext:Torque></ext:TPX></Extensions></Trackpoint><Trackpoint><Time>2025-11-04T11:02:36.843Z</Time><DistanceMeters>518.8692955922901</DistanceMeters><HeartRateBpm><Value>97</Value></HeartRateBpm><Cadence>22</Cadence><Extensions><ext:TPX><ext:Watts>35.22857142857143</ext:Watts><ext:Torque>20</ext:Torque></ext:TPX></Extensions></Trackpoint><Trackpoint><Time>2025-11-04T11:02:38.243Z</Time><DistanceMeters>522.2017145423749</DistanceMeters><HeartRateBpm><Value>97</Value></HeartRateBpm><Cadence>22</Cadence><Extensions><ext:TPX><ext:Watts>35.142857142857146</ext:Watts><ext:Torque>20</ext:Torque></ext:TPX></Extensions></Trackpoint><Trackpoint><Time>2025-11-04T11:02:39.683Z</Time><DistanceMeters>525.5834274042102</DistanceMeters><HeartRateBpm><Value>97</Value></HeartRateBpm><Cadence>21</Cadence><Extensions><ext:TPX><ext:Watts>34.833333333333336</ext:Watts><ext:Torque>20</ext:Torque></ext:TPX></Extensions></Trackpoint><Trackpoint><Time>2025-11-04T11:02:41.083Z</Time><DistanceMeters>528.9077185031972</DistanceMeters><HeartRateBpm><Value>97</Value></HeartRateBpm><Cadence>22</Cadence><Extensions><ext:TPX><ext:Watts>35.05714285714286</ext:Watts><ext:Torque>20</ext:Torque></ext:TPX></Extensions></Trackpoint><Trackpoint><Time>2025-11-04T11:02:42.529Z</Time><DistanceMeters>532.3083743242304</DistanceMeters><HeartRateBpm><Value>98</Value></HeartRateBpm><Cadence>20</Cadence><Extensions><ext:TPX><ext:Watts>34.19444444444444</ext:Watts><ext:Torque>20</ext:Torque></ext:TPX></Extensions></Trackpoint><Trackpoint><Time>2025-11-04T11:02:43.928Z</Time><DistanceMeters>535.6028633025256</DistanceMeters><HeartRateBpm><Value>98</Value></HeartRateBpm><Cadence>22</Cadence><Extensions><ext:TPX><ext:Watts>34.74285714285714</ext:Watts><ext:Torque>20</ext:Torque></ext:TPX></Extensions></Trackpoint><Trackpoint><Time>2025-11-04T11:02:45.328Z</Time><DistanceMeters>538.9108986993172</DistanceMeters><HeartRateBpm><Value>98</Value></HeartRateBpm><Cadence>22</Cadence><Extensions><ext:TPX><ext:Watts>34.885714285714286</ext:Watts><ext:Torque>20</ext:Torque></ext:TPX></Extensions></Trackpoint><Trackpoint><Time>2025-11-04T11:02:46.729Z</Time><DistanceMeters>542.2080969613116</DistanceMeters><HeartRateBpm><Value>99</Value></HeartRateBpm><Cadence>22</Cadence><Extensions><ext:TPX><ext:Watts>34.77142857142857</ext:Watts><ext:Torque>20</ext:Torque></ext:TPX></Extensions></Trackpoint><Trackpoint><Time>2025-11-04T11:02:48.168Z</Time><DistanceMeters>545.5304815273252</DistanceMeters><HeartRateBpm><Value>99</Value></HeartRateBpm><Cadence>21</Cadence><Extensions><ext:TPX><ext:Watts>34.22222222222222</ext:Watts><ext:Torque>20</ext:Torque></ext:TPX></Extensions></Trackpoint><Trackpoint><Time>2025-11-04T11:02:49.568Z</Time><DistanceMeters>548.8439354915151</DistanceMeters><HeartRateBpm><Value>99</Value></HeartRateBpm><Cadence>22</Cadence><Extensions><ext:TPX><ext:Watts>34.94285714285714</ext:Watts><ext:Torque>20</ext:Torque></ext:TPX></Extensions></Trackpoint><Trackpoint><Time>2025-11-04T11:02:50.968Z</Time><DistanceMeters>552.1682265905022</DistanceMeters><HeartRateBpm><Value>99</Value></HeartRateBpm><Cadence>22</Cadence><Extensions><ext:TPX><ext:Watts>35.05714285714286</ext:Watts><ext:Torque>20</ext:Torque></ext:TPX></Extensions></Trackpoint><Trackpoint><Time>2025-11-04T11:02:52.368Z</Time><DistanceMeters>555.48980840579</DistanceMeters><HeartRateBpm><Value>99</Value></HeartRateBpm><Cadence>22</Cadence><Extensions><ext:TPX><ext:Watts>35.02857142857143</ext:Watts><ext:Torque>20</ext:Torque></ext:TPX></Extensions></Trackpoint><Trackpoint><Time>2025-11-04T11:02:53.729Z</Time><DistanceMeters>558.7305264333402</DistanceMeters><HeartRateBpm><Value>99</Value></HeartRateBpm><Cadence>22</Cadence><Extensions><ext:TPX><ext:Watts>34.970588235294116</ext:Watts><ext:Torque>20</ext:Torque></ext:TPX></Extensions></Trackpoint><Trackpoint><Time>2025-11-04T11:02:54.448Z</Time><DistanceMeters>562.0820228027799</DistanceMeters><HeartRateBpm><Value>99</Value></HeartRateBpm><Cadence>42</Cadence><Extensions><ext:TPX><ext:Watts>68.22222222222223</ext:Watts><ext:Torque>23</ext:Torque></ext:TPX></Extensions></Trackpoint><Trackpoint><Time>2025-11-04T11:02:56.488Z</Time><DistanceMeters>565.2627218657063</DistanceMeters><HeartRateBpm><Value>99</Value></HeartRateBpm><Cadence>22</Cadence><Extensions><ext:TPX><ext:Watts>33.542857142857144</ext:Watts><ext:Torque>20</ext:Torque></ext:TPX></Extensions></Trackpoint><Trackpoint><Time>2025-11-04T11:02:57.208Z</Time><DistanceMeters>568.6387813192869</DistanceMeters><HeartRateBpm><Value>99</Value></HeartRateBpm><Cadence>42</Cadence><Extensions><ext:TPX><ext:Watts>68.72222222222223</ext:Watts><ext:Torque>22</ext:Torque></ext:TPX></Extensions></Trackpoint><Trackpoint><Time>2025-11-04T11:02:59.213Z</Time><DistanceMeters>571.9176575069596</DistanceMeters><HeartRateBpm><Value>100</Value></HeartRateBpm><Cadence>22</Cadence><Extensions><ext:TPX><ext:Watts>35.38235294117647</ext:Watts><ext:Torque>20</ext:Torque></ext:TPX></Extensions></Trackpoint><Trackpoint><Time>2025-11-04T11:03:00.613Z</Time><DistanceMeters>575.2392393222474</DistanceMeters><HeartRateBpm><Value>100</Value></HeartRateBpm><Cadence>22</Cadence><Extensions><ext:TPX><ext:Watts>35.02857142857143</ext:Watts><ext:Torque>20</ext:Torque></ext:TPX></Extensions></Trackpoint><Trackpoint><Time>2025-11-04T11:03:02.013Z</Time><DistanceMeters>578.6285532300166</DistanceMeters><HeartRateBpm><Value>100</Value></HeartRateBpm><Cadence>22</Cadence><Extensions><ext:TPX><ext:Watts>35.74285714285714</ext:Watts><ext:Torque>20</ext:Torque></ext:TPX></Extensions></Trackpoint><Trackpoint><Time>2025-11-04T11:03:03.418Z</Time><DistanceMeters>582.0666342443724</DistanceMeters><HeartRateBpm><Value>100</Value></HeartRateBpm><Cadence>22</Cadence><Extensions><ext:TPX><ext:Watts>36.25714285714286</ext:Watts><ext:Torque>20</ext:Torque></ext:TPX></Extensions></Trackpoint><Trackpoint><Time>2025-11-04T11:03:04.784Z</Time><DistanceMeters>585.4136500036925</DistanceMeters><HeartRateBpm><Value>100</Value></HeartRateBpm><Cadence>22</Cadence><Extensions><ext:TPX><ext:Watts>36.11764705882353</ext:Watts><ext:Torque>20</ext:Torque></ext:TPX></Extensions></Trackpoint><Trackpoint><Time>2025-11-04T11:03:06.223Z</Time><DistanceMeters>588.833117235596</DistanceMeters><HeartRateBpm><Value>100</Value></HeartRateBpm><Cadence>21</Cadence><Extensions><ext:TPX><ext:Watts>35.22222222222222</ext:Watts><ext:Torque>20</ext:Torque></ext:TPX></Extensions></Trackpoint><Trackpoint><Time>2025-11-04T11:03:07.624Z</Time><DistanceMeters>592.2495239803577</DistanceMeters><HeartRateBpm><Value>100</Value></HeartRateBpm><Cadence>22</Cadence><Extensions><ext:TPX><ext:Watts>36.02857142857143</ext:Watts><ext:Torque>20</ext:Torque></ext:TPX></Extensions></Trackpoint><Trackpoint><Time>2025-11-04T11:03:08.984Z</Time><DistanceMeters>595.7191909686431</DistanceMeters><HeartRateBpm><Value>100</Value></HeartRateBpm><Cadence>22</Cadence><Extensions><ext:TPX><ext:Watts>37.44117647058823</ext:Watts><ext:Torque>20</ext:Torque></ext:TPX></Extensions></Trackpoint><Trackpoint><Time>2025-11-04T11:03:10.384Z</Time><DistanceMeters>599.1139234438109</DistanceMeters><HeartRateBpm><Value>99</Value></HeartRateBpm><Cadence>22</Cadence><Extensions><ext:TPX><ext:Watts>35.8</ext:Watts><ext:Torque>20</ext:Torque></ext:TPX></Extensions></Trackpoint><Trackpoint><Time>2025-11-04T11:03:11.104Z</Time><DistanceMeters>602.5363798341019</DistanceMeters><HeartRateBpm><Value>99</Value></HeartRateBpm><Cadence>42</Cadence><Extensions><ext:TPX><ext:Watts>69.66666666666667</ext:Watts><ext:Torque>25</ext:Torque></ext:TPX></Extensions></Trackpoint><Trackpoint><Time>2025-11-04T11:03:12.464Z</Time><DistanceMeters>605.9943162348186</DistanceMeters><HeartRateBpm><Value>99</Value></HeartRateBpm><Cadence>42</Cadence><Extensions><ext:TPX><ext:Watts>70.38888888888889</ext:Watts><ext:Torque>22</ext:Torque></ext:TPX></Extensions></Trackpoint><Trackpoint><Time>2025-11-04T11:03:13.144Z</Time><DistanceMeters>605.9970418176845</DistanceMeters><HeartRateBpm><Value>99</Value></HeartRateBpm><Cadence>44</Cadence><Extensions><ext:TPX><ext:Watts>0.058823529411764705</ext:Watts><ext:Torque>20</ext:Torque></ext:TPX></Extensions></Trackpoint><Trackpoint><Time>2025-11-04T11:03:13.864Z</Time><DistanceMeters>609.4467905236876</DistanceMeters><HeartRateBpm><Value>99</Value></HeartRateBpm><Cadence>42</Cadence><Extensions><ext:TPX><ext:Watts>70.22222222222223</ext:Watts><ext:Torque>24</ext:Torque></ext:TPX></Extensions></Trackpoint><Trackpoint><Time>2025-11-04T11:03:14.544Z</Time><DistanceMeters>609.4549672722852</DistanceMeters><HeartRateBpm><Value>99</Value></HeartRateBpm><Cadence>44</Cadence><Extensions><ext:TPX><ext:Watts>0.17647058823529413</ext:Watts><ext:Torque>20</ext:Torque></ext:TPX></Extensions></Trackpoint><Trackpoint><Time>2025-11-04T11:03:15.944Z</Time><DistanceMeters>612.8686647333477</DistanceMeters><HeartRateBpm><Value>99</Value></HeartRateBpm><Cadence>22</Cadence><Extensions><ext:TPX><ext:Watts>36.0</ext:Watts><ext:Torque>20</ext:Torque></ext:TPX></Extensions></Trackpoint><Trackpoint><Time>2025-11-04T11:03:17.304Z</Time><DistanceMeters>616.3056247272424</DistanceMeters><HeartRateBpm><Value>99</Value></HeartRateBpm><Cadence>22</Cadence><Extensions><ext:TPX><ext:Watts>37.088235294117645</ext:Watts><ext:Torque>20</ext:Torque></ext:TPX></Extensions></Trackpoint><Trackpoint><Time>2025-11-04T11:03:18.704Z</Time><DistanceMeters>619.6299158262294</DistanceMeters><HeartRateBpm><Value>99</Value></HeartRateBpm><Cadence>22</Cadence><Extensions><ext:TPX><ext:Watts>35.05714285714286</ext:Watts><ext:Torque>20</ext:Torque></ext:TPX></Extensions></Trackpoint><Trackpoint><Time>2025-11-04T11:03:19.424Z</Time><DistanceMeters>623.0933106900885</DistanceMeters><HeartRateBpm><Value>99</Value></HeartRateBpm><Cadence>42</Cadence><Extensions><ext:TPX><ext:Watts>70.5</ext:Watts><ext:Torque>23</ext:Torque></ext:TPX></Extensions></Trackpoint><Trackpoint><Time>2025-11-04T11:03:20.104Z</Time><DistanceMeters>623.0987618558203</DistanceMeters><HeartRateBpm><Value>99</Value></HeartRateBpm><Cadence>44</Cadence><Extensions><ext:TPX><ext:Watts>0.11764705882352941</ext:Watts><ext:Torque>20</ext:Torque></ext:TPX></Extensions></Trackpoint><Trackpoint><Time>2025-11-04T11:03:21.464Z</Time><DistanceMeters>626.5002892724583</DistanceMeters><HeartRateBpm><Value>99</Value></HeartRateBpm><Cadence>22</Cadence><Extensions><ext:TPX><ext:Watts>36.705882352941174</ext:Watts><ext:Torque>20</ext:Torque></ext:TPX></Extensions></Trackpoint><Trackpoint><Time>2025-11-04T11:03:22.864Z</Time><DistanceMeters>629.9112774498216</DistanceMeters><HeartRateBpm><Value>99</Value></HeartRateBpm><Cadence>22</Cadence><Extensions><ext:TPX><ext:Watts>35.97142857142857</ext:Watts><ext:Torque>20</ext:Torque></ext:TPX></Extensions></Trackpoint><Trackpoint><Time>2025-11-04T11:03:24.229Z</Time><DistanceMeters>633.3373351122527</DistanceMeters><HeartRateBpm><Value>99</Value></HeartRateBpm><Cadence>22</Cadence><Extensions><ext:TPX><ext:Watts>36.970588235294116</ext:Watts><ext:Torque>20</ext:Torque></ext:TPX></Extensions></Trackpoint><Trackpoint><Time>2025-11-04T11:03:25.589Z</Time><DistanceMeters>636.6216624656572</DistanceMeters><HeartRateBpm><Value>99</Value></HeartRateBpm><Cadence>22</Cadence><Extensions><ext:TPX><ext:Watts>35.44117647058823</ext:Watts><ext:Torque>20</ext:Torque></ext:TPX></Extensions></Trackpoint><Trackpoint><Time>2025-11-04T11:03:26.949Z</Time><DistanceMeters>639.9686782249773</DistanceMeters><HeartRateBpm><Value>99</Value></HeartRateBpm><Cadence>22</Cadence><Extensions><ext:TPX><ext:Watts>36.11764705882353</ext:Watts><ext:Torque>20</ext:Torque></ext:TPX></Extensions></Trackpoint><Trackpoint><Time>2025-11-04T11:03:28.349Z</Time><DistanceMeters>643.2225279477838</DistanceMeters><HeartRateBpm><Value>99</Value></HeartRateBpm><Cadence>22</Cadence><Extensions><ext:TPX><ext:Watts>34.31428571428572</ext:Watts><ext:Torque>20</ext:Torque></ext:TPX></Extensions></Trackpoint><Trackpoint><Time>2025-11-04T11:03:29.749Z</Time><DistanceMeters>646.5088890749812</DistanceMeters><HeartRateBpm><Value>99</Value></HeartRateBpm><Cadence>22</Cadence><Extensions><ext:TPX><ext:Watts>34.65714285714286</ext:Watts><ext:Torque>20</ext:Torque></ext:TPX></Extensions></Trackpoint><Trackpoint><Time>2025-11-04T11:03:31.114Z</Time><DistanceMeters>649.7959420112517</DistanceMeters><HeartRateBpm><Value>99</Value></HeartRateBpm><Cadence>22</Cadence><Extensions><ext:TPX><ext:Watts>35.470588235294116</ext:Watts><ext:Torque>20</ext:Torque></ext:TPX></Extensions></Trackpoint><Trackpoint><Time>2025-11-04T11:03:32.474Z</Time><DistanceMeters>653.1511345191694</DistanceMeters><HeartRateBpm><Value>99</Value></HeartRateBpm><Cadence>22</Cadence><Extensions><ext:TPX><ext:Watts>36.205882352941174</ext:Watts><ext:Torque>20</ext:Torque></ext:TPX></Extensions></Trackpoint><Trackpoint><Time>2025-11-04T11:03:33.834Z</Time><DistanceMeters>656.4627177012329</DistanceMeters><HeartRateBpm><Value>99</Value></HeartRateBpm><Cadence>22</Cadence><Extensions><ext:TPX><ext:Watts>35.73529411764706</ext:Watts><ext:Torque>20</ext:Torque></ext:TPX></Extensions></Trackpoint><Trackpoint><Time>2025-11-04T11:03:35.194Z</Time><DistanceMeters>659.8260869577484</DistanceMeters><HeartRateBpm><Value>99</Value></HeartRateBpm><Cadence>22</Cadence><Extensions><ext:TPX><ext:Watts>36.294117647058826</ext:Watts><ext:Torque>20</ext:Torque></ext:TPX></Extensions></Trackpoint><Trackpoint><Time>2025-11-04T11:03:35.914Z</Time><DistanceMeters>663.1229986957641</DistanceMeters><HeartRateBpm><Value>99</Value></HeartRateBpm><Cadence>42</Cadence><Extensions><ext:TPX><ext:Watts>67.11111111111111</ext:Watts><ext:Torque>23</ext:Torque></ext:TPX></Extensions></Trackpoint><Trackpoint><Time>2025-11-04T11:03:36.597Z</Time><DistanceMeters>663.12572427863</DistanceMeters><HeartRateBpm><Value>99</Value></HeartRateBpm><Cadence>44</Cadence><Extensions><ext:TPX><ext:Watts>0.058823529411764705</ext:Watts><ext:Torque>20</ext:Torque></ext:TPX></Extensions></Trackpoint><Trackpoint><Time>2025-11-04T11:03:37.994Z</Time><DistanceMeters>666.544840307091</DistanceMeters><HeartRateBpm><Value>99</Value></HeartRateBpm><Cadence>22</Cadence><Extensions><ext:TPX><ext:Watts>36.05714285714286</ext:Watts><ext:Torque>20</ext:Torque></ext:TPX></Extensions></Trackpoint><Trackpoint><Time>2025-11-04T11:03:39.354Z</Time><DistanceMeters>669.9572700551927</DistanceMeters><HeartRateBpm><Value>99</Value></HeartRateBpm><Cadence>22</Cadence><Extensions><ext:TPX><ext:Watts>36.8235294117647</ext:Watts><ext:Torque>20</ext:Torque></ext:TPX></Extensions></Trackpoint><Trackpoint><Time>2025-11-04T11:03:40.754Z</Time><DistanceMeters>673.2138290616983</DistanceMeters><HeartRateBpm><Value>99</Value></HeartRateBpm><Cadence>22</Cadence><Extensions><ext:TPX><ext:Watts>34.34285714285714</ext:Watts><ext:Torque>20</ext:Torque></ext:TPX></Extensions></Trackpoint><Trackpoint><Time>2025-11-04T11:03:42.114Z</Time><DistanceMeters>676.6017285640069</DistanceMeters><HeartRateBpm><Value>100</Value></HeartRateBpm><Cadence>22</Cadence><Extensions><ext:TPX><ext:Watts>36.55882352941177</ext:Watts><ext:Torque>20</ext:Torque></ext:TPX></Extensions></Trackpoint><Trackpoint><Time>2025-11-04T11:03:43.479Z</Time><DistanceMeters>679.9187629118021</DistanceMeters><HeartRateBpm><Value>100</Value></HeartRateBpm><Cadence>22</Cadence><Extensions><ext:TPX><ext:Watts>35.794117647058826</ext:Watts><ext:Torque>20</ext:Torque></ext:TPX></Extensions></Trackpoint><Trackpoint><Time>2025-11-04T11:03:44.844Z</Time><DistanceMeters>683.2385228424632</DistanceMeters><HeartRateBpm><Value>100</Value></HeartRateBpm><Cadence>22</Cadence><Extensions><ext:TPX><ext:Watts>35.8235294117647</ext:Watts><ext:Torque>20</ext:Torque></ext:TPX></Extensions></Trackpoint><Trackpoint><Time>2025-11-04T11:03:46.244Z</Time><DistanceMeters>686.5790696436459</DistanceMeters><HeartRateBpm><Value>101</Value></HeartRateBpm><Cadence>22</Cadence><Extensions><ext:TPX><ext:Watts>35.22857142857143</ext:Watts><ext:Torque>20</ext:Torque></ext:TPX></Extensions></Trackpoint><Trackpoint><Time>2025-11-04T11:03:47.604Z</Time><DistanceMeters>689.898829574307</DistanceMeters><HeartRateBpm><Value>101</Value></HeartRateBpm><Cadence>22</Cadence><Extensions><ext:TPX><ext:Watts>35.8235294117647</ext:Watts><ext:Torque>20</ext:Torque></ext:TPX></Extensions></Trackpoint><Trackpoint><Time>2025-11-04T11:03:49.004Z</Time><DistanceMeters>693.0903657720305</DistanceMeters><HeartRateBpm><Value>101</Value></HeartRateBpm><Cadence>22</Cadence><Extensions><ext:TPX><ext:Watts>33.65714285714286</ext:Watts><ext:Torque>20</ext:Torque></ext:TPX></Extensions></Trackpoint><Trackpoint><Time>2025-11-04T11:03:50.324Z</Time><DistanceMeters>696.4429538340987</DistanceMeters><HeartRateBpm><Value>101</Value></HeartRateBpm><Cadence>22</Cadence><Extensions><ext:TPX><ext:Watts>37.0</ext:Watts><ext:Torque>20</ext:Torque></ext:TPX></Extensions></Trackpoint><Trackpoint><Time>2025-11-04T11:03:51.724Z</Time><DistanceMeters>699.8024656211761</DistanceMeters><HeartRateBpm><Value>101</Value></HeartRateBpm><Cadence>22</Cadence><Extensions><ext:TPX><ext:Watts>35.42857142857143</ext:Watts><ext:Torque>20</ext:Torque></ext:TPX></Extensions></Trackpoint><Trackpoint><Time>2025-11-04T11:03:53.089Z</Time><DistanceMeters>703.1794627920211</DistanceMeters><HeartRateBpm><Value>101</Value></HeartRateBpm><Cadence>22</Cadence><Extensions><ext:TPX><ext:Watts>36.44117647058823</ext:Watts><ext:Torque>20</ext:Torque></ext:TPX></Extensions></Trackpoint><Trackpoint><Time>2025-11-04T11:03:54.449Z</Time><DistanceMeters>706.6218739516476</DistanceMeters><HeartRateBpm><Value>101</Value></HeartRateBpm><Cadence>22</Cadence><Extensions><ext:TPX><ext:Watts>37.14705882352941</ext:Watts><ext:Torque>20</ext:Torque></ext:TPX></Extensions></Trackpoint><Trackpoint><Time>2025-11-04T11:03:55.809Z</Time><DistanceMeters>709.9525362137723</DistanceMeters><HeartRateBpm><Value>101</Value></HeartRateBpm><Cadence>22</Cadence><Extensions><ext:TPX><ext:Watts>35.94117647058823</ext:Watts><ext:Torque>20</ext:Torque></ext:TPX></Extensions></Trackpoint><Trackpoint><Time>2025-11-04T11:03:57.209Z</Time><DistanceMeters>713.2795365964587</DistanceMeters><HeartRateBpm><Value>100</Value></HeartRateBpm><Cadence>22</Cadence><Extensions><ext:TPX><ext:Watts>35.08571428571429</ext:Watts><ext:Torque>20</ext:Torque></ext:TPX></Extensions></Trackpoint><Trackpoint><Time>2025-11-04T11:03:58.569Z</Time><DistanceMeters>716.5911197785222</DistanceMeters><HeartRateBpm><Value>100</Value></HeartRateBpm><Cadence>22</Cadence><Extensions><ext:TPX><ext:Watts>35.73529411764706</ext:Watts><ext:Torque>20</ext:Torque></ext:TPX></Extensions></Trackpoint><Trackpoint><Time>2025-11-04T11:03:59.929Z</Time><DistanceMeters>720.0144518580873</DistanceMeters><HeartRateBpm><Value>100</Value></HeartRateBpm><Cadence>22</Cadence><Extensions><ext:TPX><ext:Watts>36.94117647058823</ext:Watts><ext:Torque>20</ext:Torque></ext:TPX></Extensions></Trackpoint><Trackpoint><Time>2025-11-04T11:04:01.329Z</Time><DistanceMeters>723.3522893755706</DistanceMeters><HeartRateBpm><Value>100</Value></HeartRateBpm><Cadence>22</Cadence><Extensions><ext:TPX><ext:Watts>35.2</ext:Watts><ext:Torque>20</ext:Torque></ext:TPX></Extensions></Trackpoint><Trackpoint><Time>2025-11-04T11:04:02.689Z</Time><DistanceMeters>726.7728958722699</DistanceMeters><HeartRateBpm><Value>101</Value></HeartRateBpm><Cadence>22</Cadence><Extensions><ext:TPX><ext:Watts>36.911764705882355</ext:Watts><ext:Torque>20</ext:Torque></ext:TPX></Extensions></Trackpoint><Trackpoint><Time>2025-11-04T11:04:03.409Z</Time><DistanceMeters>730.0479737577159</DistanceMeters><HeartRateBpm><Value>101</Value></HeartRateBpm><Cadence>42</Cadence><Extensions><ext:TPX><ext:Watts>66.66666666666667</ext:Watts><ext:Torque>25</ext:Torque></ext:TPX></Extensions></Trackpoint><Trackpoint><Time>2025-11-04T11:04:04.815Z</Time><DistanceMeters>733.4490363181156</DistanceMeters><HeartRateBpm><Value>101</Value></HeartRateBpm><Cadence>40</Cadence><Extensions><ext:TPX><ext:Watts>65.89473684210526</ext:Watts><ext:Torque>22</ext:Torque></ext:TPX></Extensions></Trackpoint><Trackpoint><Time>2025-11-04T11:04:06.854Z</Time><DistanceMeters>736.9385937227573</DistanceMeters><HeartRateBpm><Value>101</Value></HeartRateBpm><Cadence>22</Cadence><Extensions><ext:TPX><ext:Watts>36.8</ext:Watts><ext:Torque>20</ext:Torque></ext:TPX></Extensions></Trackpoint><Trackpoint><Time>2025-11-04T11:04:08.254Z</Time><DistanceMeters>740.311651928331</DistanceMeters><HeartRateBpm><Value>101</Value></HeartRateBpm><Cadence>22</Cadence><Extensions><ext:TPX><ext:Watts>35.57142857142857</ext:Watts><ext:Torque>20</ext:Torque></ext:TPX></Extensions></Trackpoint><Trackpoint><Time>2025-11-04T11:04:09.614Z</Time><DistanceMeters>743.6777467677124</DistanceMeters><HeartRateBpm><Value>101</Value></HeartRateBpm><Cadence>22</Cadence><Extensions><ext:TPX><ext:Watts>36.3235294117647</ext:Watts><ext:Torque>20</ext:Torque></ext:TPX></Extensions></Trackpoint><Trackpoint><Time>2025-11-04T11:04:11.015Z</Time><DistanceMeters>746.9532707601129</DistanceMeters><HeartRateBpm><Value>100</Value></HeartRateBpm><Cadence>22</Cadence><Extensions><ext:TPX><ext:Watts>34.542857142857144</ext:Watts><ext:Torque>20</ext:Torque></ext:TPX></Extensions></Trackpoint><Trackpoint><Time>2025-11-04T11:04:12.375Z</Time><DistanceMeters>750.2975609365672</DistanceMeters><HeartRateBpm><Value>100</Value></HeartRateBpm><Cadence>22</Cadence><Extensions><ext:TPX><ext:Watts>36.088235294117645</ext:Watts><ext:Torque>20</ext:Torque></ext:TPX></Extensions></Trackpoint><Trackpoint><Time>2025-11-04T11:04:13.735Z</Time><DistanceMeters>753.5546324613127</DistanceMeters><HeartRateBpm><Value>100</Value></HeartRateBpm><Cadence>22</Cadence><Extensions><ext:TPX><ext:Watts>35.14705882352941</ext:Watts><ext:Torque>20</ext:Torque></ext:TPX></Extensions></Trackpoint><Trackpoint><Time>2025-11-04T11:04:15.095Z</Time><DistanceMeters>756.9207273006941</DistanceMeters><HeartRateBpm><Value>100</Value></HeartRateBpm><Cadence>22</Cadence><Extensions><ext:TPX><ext:Watts>36.3235294117647</ext:Watts><ext:Torque>20</ext:Torque></ext:TPX></Extensions></Trackpoint><Trackpoint><Time>2025-11-04T11:04:16.495Z</Time><DistanceMeters>760.1637398887035</DistanceMeters><HeartRateBpm><Value>99</Value></HeartRateBpm><Cadence>22</Cadence><Extensions><ext:TPX><ext:Watts>34.2</ext:Watts><ext:Torque>20</ext:Torque></ext:TPX></Extensions></Trackpoint><Trackpoint><Time>2025-11-04T11:04:17.855Z</Time><DistanceMeters>763.4889509850965</DistanceMeters><HeartRateBpm><Value>99</Value></HeartRateBpm><Cadence>22</Cadence><Extensions><ext:TPX><ext:Watts>35.88235294117647</ext:Watts><ext:Torque>20</ext:Torque></ext:TPX></Extensions></Trackpoint><Trackpoint><Time>2025-11-04T11:04:19.215Z</Time><DistanceMeters>766.825064412953</DistanceMeters><HeartRateBpm><Value>99</Value></HeartRateBpm><Cadence>22</Cadence><Extensions><ext:TPX><ext:Watts>36.0</ext:Watts><ext:Torque>20</ext:Torque></ext:TPX></Extensions></Trackpoint><Trackpoint><Time>2025-11-04T11:04:20.575Z</Time><DistanceMeters>770.1557266750777</DistanceMeters><HeartRateBpm><Value>99</Value></HeartRateBpm><Cadence>22</Cadence><Extensions><ext:TPX><ext:Watts>35.94117647058823</ext:Watts><ext:Torque>20</ext:Torque></ext:TPX></Extensions></Trackpoint><Trackpoint><Time>2025-11-04T11:04:21.975Z</Time><DistanceMeters>773.46105278817</DistanceMeters><HeartRateBpm><Value>99</Value></HeartRateBpm><Cadence>22</Cadence><Extensions><ext:TPX><ext:Watts>34.857142857142854</ext:Watts><ext:Torque>20</ext:Torque></ext:TPX></Extensions></Trackpoint><Trackpoint><Time>2025-11-04T11:04:23.335Z</Time><DistanceMeters>776.7644592216359</DistanceMeters><HeartRateBpm><Value>99</Value></HeartRateBpm><Cadence>22</Cadence><Extensions><ext:TPX><ext:Watts>35.64705882352941</ext:Watts><ext:Torque>20</ext:Torque></ext:TPX></Extensions></Trackpoint><Trackpoint><Time>2025-11-04T11:04:24.700Z</Time><DistanceMeters>780.111474980956</DistanceMeters><HeartRateBpm><Value>99</Value></HeartRateBpm><Cadence>22</Cadence><Extensions><ext:TPX><ext:Watts>36.11764705882353</ext:Watts><ext:Torque>20</ext:Torque></ext:TPX></Extensions></Trackpoint><Trackpoint><Time>2025-11-04T11:04:26.100Z</Time><DistanceMeters>783.4168010940483</DistanceMeters><HeartRateBpm><Value>99</Value></HeartRateBpm><Cadence>22</Cadence><Extensions><ext:TPX><ext:Watts>34.857142857142854</ext:Watts><ext:Torque>20</ext:Torque></ext:TPX></Extensions></Trackpoint><Trackpoint><Time>2025-11-04T11:04:27.500Z</Time><DistanceMeters>786.7790221648249</DistanceMeters><HeartRateBpm><Value>99</Value></HeartRateBpm><Cadence>22</Cadence><Extensions><ext:TPX><ext:Watts>35.457142857142856</ext:Watts><ext:Torque>20</ext:Torque></ext:TPX></Extensions></Trackpoint><Trackpoint><Time>2025-11-04T11:04:28.860Z</Time><DistanceMeters>790.0061122780456</DistanceMeters><HeartRateBpm><Value>99</Value></HeartRateBpm><Cadence>22</Cadence><Extensions><ext:TPX><ext:Watts>34.8235294117647</ext:Watts><ext:Torque>20</ext:Torque></ext:TPX></Extensions></Trackpoint><Trackpoint><Time>2025-11-04T11:04:30.220Z</Time><DistanceMeters>793.372207117427</DistanceMeters><HeartRateBpm><Value>99</Value></HeartRateBpm><Cadence>22</Cadence><Extensions><ext:TPX><ext:Watts>36.3235294117647</ext:Watts><ext:Torque>20</ext:Torque></ext:TPX></Extensions></Trackpoint><Trackpoint><Time>2025-11-04T11:04:31.620Z</Time><DistanceMeters>796.6992075001134</DistanceMeters><HeartRateBpm><Value>99</Value></HeartRateBpm><Cadence>22</Cadence><Extensions><ext:TPX><ext:Watts>35.08571428571429</ext:Watts><ext:Torque>20</ext:Torque></ext:TPX></Extensions></Trackpoint><Trackpoint><Time>2025-11-04T11:04:32.980Z</Time><DistanceMeters>799.9481022762612</DistanceMeters><HeartRateBpm><Value>99</Value></HeartRateBpm><Cadence>22</Cadence><Extensions><ext:TPX><ext:Watts>35.05882352941177</ext:Watts><ext:Torque>20</ext:Torque></ext:TPX></Extensions></Trackpoint><Trackpoint><Time>2025-11-04T11:04:34.340Z</Time><DistanceMeters>803.2160761324703</DistanceMeters><HeartRateBpm><Value>99</Value></HeartRateBpm><Cadence>22</Cadence><Extensions><ext:TPX><ext:Watts>35.26470588235294</ext:Watts><ext:Torque>20</ext:Torque></ext:TPX></Extensions></Trackpoint><Trackpoint><Time>2025-11-04T11:04:35.740Z</Time><DistanceMeters>806.5539136499536</DistanceMeters><HeartRateBpm><Value>99</Value></HeartRateBpm><Cadence>22</Cadence><Extensions><ext:TPX><ext:Watts>35.2</ext:Watts><ext:Torque>20</ext:Torque></ext:TPX></Extensions></Trackpoint><Trackpoint><Time>2025-11-04T11:04:37.100Z</Time><DistanceMeters>809.7482967687836</DistanceMeters><HeartRateBpm><Value>99</Value></HeartRateBpm><Cadence>22</Cadence><Extensions><ext:TPX><ext:Watts>34.470588235294116</ext:Watts><ext:Torque>20</ext:Torque></ext:TPX></Extensions></Trackpoint><Trackpoint><Time>2025-11-04T11:04:38.500Z</Time><DistanceMeters>813.140319960252</DistanceMeters><HeartRateBpm><Value>99</Value></HeartRateBpm><Cadence>22</Cadence><Extensions><ext:TPX><ext:Watts>35.77142857142857</ext:Watts><ext:Torque>20</ext:Torque></ext:TPX></Extensions></Trackpoint><Trackpoint><Time>2025-11-04T11:04:39.900Z</Time><DistanceMeters>816.4564832081413</DistanceMeters><HeartRateBpm><Value>99</Value></HeartRateBpm><Cadence>22</Cadence><Extensions><ext:TPX><ext:Watts>34.97142857142857</ext:Watts><ext:Torque>20</ext:Torque></ext:TPX></Extensions></Trackpoint><Trackpoint><Time>2025-11-04T11:04:41.260Z</Time><DistanceMeters>819.8334803789863</DistanceMeters><HeartRateBpm><Value>99</Value></HeartRateBpm><Cadence>22</Cadence><Extensions><ext:TPX><ext:Watts>36.44117647058823</ext:Watts><ext:Torque>20</ext:Torque></ext:TPX></Extensions></Trackpoint><Trackpoint><Time>2025-11-04T11:04:42.620Z</Time><DistanceMeters>823.0496681607435</DistanceMeters><HeartRateBpm><Value>99</Value></HeartRateBpm><Cadence>22</Cadence><Extensions><ext:TPX><ext:Watts>34.705882352941174</ext:Watts><ext:Torque>20</ext:Torque></ext:TPX></Extensions></Trackpoint><Trackpoint><Time>2025-11-04T11:04:43.980Z</Time><DistanceMeters>826.3312699312821</DistanceMeters><HeartRateBpm><Value>99</Value></HeartRateBpm><Cadence>22</Cadence><Extensions><ext:TPX><ext:Watts>35.411764705882355</ext:Watts><ext:Torque>20</ext:Torque></ext:TPX></Extensions></Trackpoint><Trackpoint><Time>2025-11-04T11:04:45.380Z</Time><DistanceMeters>829.6149217747803</DistanceMeters><HeartRateBpm><Value>99</Value></HeartRateBpm><Cadence>22</Cadence><Extensions><ext:TPX><ext:Watts>34.628571428571426</ext:Watts><ext:Torque>20</ext:Torque></ext:TPX></Extensions></Trackpoint><Trackpoint><Time>2025-11-04T11:04:46.740Z</Time><DistanceMeters>832.8529142194647</DistanceMeters><HeartRateBpm><Value>100</Value></HeartRateBpm><Cadence>22</Cadence><Extensions><ext:TPX><ext:Watts>34.94117647058823</ext:Watts><ext:Torque>20</ext:Torque></ext:TPX></Extensions></Trackpoint><Trackpoint><Time>2025-11-04T11:04:48.140Z</Time><DistanceMeters>836.1555310488577</DistanceMeters><HeartRateBpm><Value>99</Value></HeartRateBpm><Cadence>22</Cadence><Extensions><ext:TPX><ext:Watts>34.82857142857143</ext:Watts><ext:Torque>20</ext:Torque></ext:TPX></Extensions></Trackpoint><Trackpoint><Time>2025-11-04T11:04:49.505Z</Time><DistanceMeters>839.3499141676876</DistanceMeters><HeartRateBpm><Value>99</Value></HeartRateBpm><Cadence>22</Cadence><Extensions><ext:TPX><ext:Watts>34.470588235294116</ext:Watts><ext:Torque>20</ext:Torque></ext:TPX></Extensions></Trackpoint><Trackpoint><Time>2025-11-04T11:04:50.865Z</Time><DistanceMeters>842.7323625042644</DistanceMeters><HeartRateBpm><Value>99</Value></HeartRateBpm><Cadence>22</Cadence><Extensions><ext:TPX><ext:Watts>36.5</ext:Watts><ext:Torque>20</ext:Torque></ext:TPX></Extensions></Trackpoint><Trackpoint><Time>2025-11-04T11:04:51.585Z</Time><DistanceMeters>845.9937942318544</DistanceMeters><HeartRateBpm><Value>99</Value></HeartRateBpm><Cadence>42</Cadence><Extensions><ext:TPX><ext:Watts>66.38888888888889</ext:Watts><ext:Torque>22</ext:Torque></ext:TPX></Extensions></Trackpoint><Trackpoint><Time>2025-11-04T11:04:53.025Z</Time><DistanceMeters>849.4732369773521</DistanceMeters><HeartRateBpm><Value>100</Value></HeartRateBpm><Cadence>38</Cadence><Extensions><ext:TPX><ext:Watts>64.0</ext:Watts><ext:Torque>23</ext:Torque></ext:TPX></Extensions></Trackpoint><Trackpoint><Time>2025-11-04T11:04:54.385Z</Time><DistanceMeters>852.666437915662</DistanceMeters><HeartRateBpm><Value>100</Value></HeartRateBpm><Cadence>42</Cadence><Extensions><ext:TPX><ext:Watts>65.0</ext:Watts><ext:Torque>23</ext:Torque></ext:TPX></Extensions></Trackpoint><Trackpoint><Time>2025-11-04T11:04:56.425Z</Time><DistanceMeters>855.9988568657468</DistanceMeters><HeartRateBpm><Value>100</Value></HeartRateBpm><Cadence>22</Cadence><Extensions><ext:TPX><ext:Watts>35.142857142857146</ext:Watts><ext:Torque>20</ext:Torque></ext:TPX></Extensions></Trackpoint><Trackpoint><Time>2025-11-04T11:04:57.785Z</Time><DistanceMeters>859.3485982079328</DistanceMeters><HeartRateBpm><Value>100</Value></HeartRateBpm><Cadence>22</Cadence><Extensions><ext:TPX><ext:Watts>36.14705882352941</ext:Watts><ext:Torque>20</ext:Torque></ext:TPX></Extensions></Trackpoint><Trackpoint><Time>2025-11-04T11:04:59.145Z</Time><DistanceMeters>862.5675115725559</DistanceMeters><HeartRateBpm><Value>100</Value></HeartRateBpm><Cadence>22</Cadence><Extensions><ext:TPX><ext:Watts>34.73529411764706</ext:Watts><ext:Torque>20</ext:Torque></ext:TPX></Extensions></Trackpoint><Trackpoint><Time>2025-11-04T11:05:00.545Z</Time><DistanceMeters>865.9297326433325</DistanceMeters><HeartRateBpm><Value>100</Value></HeartRateBpm><Cadence>22</Cadence><Extensions><ext:TPX><ext:Watts>35.457142857142856</ext:Watts><ext:Torque>20</ext:Torque></ext:TPX></Extensions></Trackpoint><Trackpoint><Time>2025-11-04T11:05:01.905Z</Time><DistanceMeters>869.241315825396</DistanceMeters><HeartRateBpm><Value>100</Value></HeartRateBpm><Cadence>22</Cadence><Extensions><ext:TPX><ext:Watts>35.73529411764706</ext:Watts><ext:Torque>20</ext:Torque></ext:TPX></Extensions></Trackpoint><Trackpoint><Time>2025-11-04T11:05:02.625Z</Time><DistanceMeters>872.5737075738373</DistanceMeters><HeartRateBpm><Value>100</Value></HeartRateBpm><Cadence>42</Cadence><Extensions><ext:TPX><ext:Watts>67.83333333333333</ext:Watts><ext:Torque>23</ext:Torque></ext:TPX></Extensions></Trackpoint><Trackpoint><Time>2025-11-04T11:05:03.305Z</Time><DistanceMeters>872.5764331567032</DistanceMeters><HeartRateBpm><Value>101</Value></HeartRateBpm><Cadence>44</Cadence><Extensions><ext:TPX><ext:Watts>0.058823529411764705</ext:Watts><ext:Torque>20</ext:Torque></ext:TPX></Extensions></Trackpoint><Trackpoint><Time>2025-11-04T11:05:04.625Z</Time><DistanceMeters>875.8713599990306</DistanceMeters><HeartRateBpm><Value>101</Value></HeartRateBpm><Cadence>22</Cadence><Extensions><ext:TPX><ext:Watts>36.36363636363637</ext:Watts><ext:Torque>20</ext:Torque></ext:TPX></Extensions></Trackpoint><Trackpoint><Time>2025-11-04T11:05:05.985Z</Time><DistanceMeters>879.2292780898143</DistanceMeters><HeartRateBpm><Value>101</Value></HeartRateBpm><Cadence>22</Cadence><Extensions><ext:TPX><ext:Watts>36.23529411764706</ext:Watts><ext:Torque>20</ext:Torque></ext:TPX></Extensions></Trackpoint><Trackpoint><Time>2025-11-04T11:05:07.345Z</Time><DistanceMeters>882.4863496145599</DistanceMeters><HeartRateBpm><Value>102</Value></HeartRateBpm><Cadence>22</Cadence><Extensions><ext:TPX><ext:Watts>35.14705882352941</ext:Watts><ext:Torque>20</ext:Torque></ext:TPX></Extensions></Trackpoint><Trackpoint><Time>2025-11-04T11:05:08.705Z</Time><DistanceMeters>885.7924816308916</DistanceMeters><HeartRateBpm><Value>102</Value></HeartRateBpm><Cadence>22</Cadence><Extensions><ext:TPX><ext:Watts>35.6764705882353</ext:Watts><ext:Torque>20</ext:Torque></ext:TPX></Extensions></Trackpoint><Trackpoint><Time>2025-11-04T11:05:09.385Z</Time><DistanceMeters>889.0577299042349</DistanceMeters><HeartRateBpm><Value>102</Value></HeartRateBpm><Cadence>44</Cadence><Extensions><ext:TPX><ext:Watts>70.47058823529412</ext:Watts><ext:Torque>22</ext:Torque></ext:TPX></Extensions></Trackpoint><Trackpoint><Time>2025-11-04T11:05:11.385Z</Time><DistanceMeters>892.4401782408116</DistanceMeters><HeartRateBpm><Value>102</Value></HeartRateBpm><Cadence>22</Cadence><Extensions><ext:TPX><ext:Watts>36.5</ext:Watts><ext:Torque>20</ext:Torque></ext:TPX></Extensions></Trackpoint><Trackpoint><Time>2025-11-04T11:05:12.745Z</Time><DistanceMeters>895.7408590914115</DistanceMeters><HeartRateBpm><Value>103</Value></HeartRateBpm><Cadence>22</Cadence><Extensions><ext:TPX><ext:Watts>35.61764705882353</ext:Watts><ext:Torque>20</ext:Torque></ext:TPX></Extensions></Trackpoint><Trackpoint><Time>2025-11-04T11:05:14.070Z</Time><DistanceMeters>899.0357859337389</DistanceMeters><HeartRateBpm><Value>103</Value></HeartRateBpm><Cadence>22</Cadence><Extensions><ext:TPX><ext:Watts>36.36363636363637</ext:Watts><ext:Torque>20</ext:Torque></ext:TPX></Extensions></Trackpoint><Trackpoint><Time>2025-11-04T11:05:15.390Z</Time><DistanceMeters>902.2263734260594</DistanceMeters><HeartRateBpm><Value>103</Value></HeartRateBpm><Cadence>22</Cadence><Extensions><ext:TPX><ext:Watts>35.21212121212121</ext:Watts><ext:Torque>20</ext:Torque></ext:TPX></Extensions></Trackpoint><Trackpoint><Time>2025-11-04T11:05:16.070Z</Time><DistanceMeters>905.5025240308662</DistanceMeters><HeartRateBpm><Value>103</Value></HeartRateBpm><Cadence>44</Cadence><Extensions><ext:TPX><ext:Watts>70.70588235294117</ext:Watts><ext:Torque>24</ext:Torque></ext:TPX></Extensions></Trackpoint><Trackpoint><Time>2025-11-04T11:05:17.436Z</Time><DistanceMeters>908.7486932241482</DistanceMeters><HeartRateBpm><Value>103</Value></HeartRateBpm><Cadence>44</Cadence><Extensions><ext:TPX><ext:Watts>70.05882352941177</ext:Watts><ext:Torque>24</ext:Torque></ext:TPX></Extensions></Trackpoint><Trackpoint><Time>2025-11-04T11:05:18.075Z</Time><DistanceMeters>908.7541153943175</DistanceMeters><HeartRateBpm><Value>103</Value></HeartRateBpm><Cadence>47</Cadence><Extensions><ext:TPX><ext:Watts>0.125</ext:Watts><ext:Torque>20</ext:Torque></ext:TPX></Extensions></Trackpoint><Trackpoint><Time>2025-11-04T11:05:19.405Z</Time><DistanceMeters>911.8540923984739</DistanceMeters><HeartRateBpm><Value>103</Value></HeartRateBpm><Cadence>22</Cadence><Extensions><ext:TPX><ext:Watts>34.21212121212121</ext:Watts><ext:Torque>20</ext:Torque></ext:TPX></Extensions></Trackpoint><Trackpoint><Time>2025-11-04T11:05:20.045Z</Time><DistanceMeters>915.0829947343448</DistanceMeters><HeartRateBpm><Value>103</Value></HeartRateBpm><Cadence>47</Cadence><Extensions><ext:TPX><ext:Watts>74.4375</ext:Watts><ext:Torque>24</ext:Torque></ext:TPX></Extensions></Trackpoint><Trackpoint><Time>2025-11-04T11:05:20.725Z</Time><DistanceMeters>915.0857203172106</DistanceMeters><HeartRateBpm><Value>103</Value></HeartRateBpm><Cadence>44</Cadence><Extensions><ext:TPX><ext:Watts>0.058823529411764705</ext:Watts><ext:Torque>20</ext:Torque></ext:TPX></Extensions></Trackpoint><Trackpoint><Time>2025-11-04T11:05:21.406Z</Time><DistanceMeters>918.4109314136036</DistanceMeters><HeartRateBpm><Value>103</Value></HeartRateBpm><Cadence>44</Cadence><Extensions><ext:TPX><ext:Watts>71.76470588235294</ext:Watts><ext:Torque>25</ext:Torque></ext:TPX></Extensions></Trackpoint><Trackpoint><Time>2025-11-04T11:05:22.086Z</Time><DistanceMeters>918.4163825793354</DistanceMeters><HeartRateBpm><Value>103</Value></HeartRateBpm><Cadence>44</Cadence><Extensions><ext:TPX><ext:Watts>0.11764705882352941</ext:Watts><ext:Torque>20</ext:Torque></ext:TPX></Extensions></Trackpoint><Trackpoint><Time>2025-11-04T11:05:22.766Z</Time><DistanceMeters>921.8860495676208</DistanceMeters><HeartRateBpm><Value>103</Value></HeartRateBpm><Cadence>44</Cadence><Extensions><ext:TPX><ext:Watts>74.88235294117646</ext:Watts><ext:Torque>23</ext:Torque></ext:TPX></Extensions></Trackpoint><Trackpoint><Time>2025-11-04T11:05:23.445Z</Time><DistanceMeters>921.8887751504867</DistanceMeters><HeartRateBpm><Value>103</Value></HeartRateBpm><Cadence>44</Cadence><Extensions><ext:TPX><ext:Watts>0.058823529411764705</ext:Watts><ext:Torque>20</ext:Torque></ext:TPX></Extensions></Trackpoint><Trackpoint><Time>2025-11-04T11:05:24.170Z</Time><DistanceMeters>925.2757515303521</DistanceMeters><HeartRateBpm><Value>103</Value></HeartRateBpm><Cadence>42</Cadence><Extensions><ext:TPX><ext:Watts>68.94444444444444</ext:Watts><ext:Torque>23</ext:Torque></ext:TPX></Extensions></Trackpoint><Trackpoint><Time>2025-11-04T11:05:24.810Z</Time><DistanceMeters>925.2838847856061</DistanceMeters><HeartRateBpm><Value>103</Value></HeartRateBpm><Cadence>47</Cadence><Extensions><ext:TPX><ext:Watts>0.1875</ext:Watts><ext:Torque>20</ext:Torque></ext:TPX></Extensions></Trackpoint><Trackpoint><Time>2025-11-04T11:05:25.490Z</Time><DistanceMeters>928.6009191334014</DistanceMeters><HeartRateBpm><Value>103</Value></HeartRateBpm><Cadence>44</Cadence><Extensions><ext:TPX><ext:Watts>71.58823529411765</ext:Watts><ext:Torque>24</ext:Torque></ext:TPX></Extensions></Trackpoint><Trackpoint><Time>2025-11-04T11:05:26.170Z</Time><DistanceMeters>928.609095881999</DistanceMeters><HeartRateBpm><Value>103</Value></HeartRateBpm><Cadence>44</Cadence><Extensions><ext:TPX><ext:Watts>0.17647058823529413</ext:Watts><ext:Torque>20</ext:Torque></ext:TPX></Extensions></Trackpoint><Trackpoint><Time>2025-11-04T11:05:26.850Z</Time><DistanceMeters>931.9234046469284</DistanceMeters><HeartRateBpm><Value>103</Value></HeartRateBpm><Cadence>44</Cadence><Extensions><ext:TPX><ext:Watts>71.52941176470588</ext:Watts><ext:Torque>24</ext:Torque></ext:TPX></Extensions></Trackpoint><Trackpoint><Time>2025-11-04T11:05:28.210Z</Time><DistanceMeters>935.3349441109345</DistanceMeters><HeartRateBpm><Value>103</Value></HeartRateBpm><Cadence>42</Cadence><Extensions><ext:TPX><ext:Watts>69.44444444444444</ext:Watts><ext:Torque>24</ext:Torque></ext:TPX></Extensions></Trackpoint><Trackpoint><Time>2025-11-04T11:05:28.890Z</Time><DistanceMeters>935.3403952766663</DistanceMeters><HeartRateBpm><Value>103</Value></HeartRateBpm><Cadence>44</Cadence><Extensions><ext:TPX><ext:Watts>0.11764705882352941</ext:Watts><ext:Torque>20</ext:Torque></ext:TPX></Extensions></Trackpoint><Trackpoint><Time>2025-11-04T11:05:29.580Z</Time><DistanceMeters>938.7506946841371</DistanceMeters><HeartRateBpm><Value>103</Value></HeartRateBpm><Cadence>44</Cadence><Extensions><ext:TPX><ext:Watts>72.76470588235294</ext:Watts><ext:Torque>25</ext:Torque></ext:TPX></Extensions></Trackpoint><Trackpoint><Time>2025-11-04T11:05:30.260Z</Time><DistanceMeters>938.7588714327347</DistanceMeters><HeartRateBpm><Value>104</Value></HeartRateBpm><Cadence>44</Cadence><Extensions><ext:TPX><ext:Watts>0.17647058823529413</ext:Watts><ext:Torque>20</ext:Torque></ext:TPX></Extensions></Trackpoint><Trackpoint><Time>2025-11-04T11:05:30.940Z</Time><DistanceMeters>942.1440453521774</DistanceMeters><HeartRateBpm><Value>104</Value></HeartRateBpm><Cadence>44</Cadence><Extensions><ext:TPX><ext:Watts>73.05882352941177</ext:Watts><ext:Torque>24</ext:Torque></ext:TPX></Extensions></Trackpoint><Trackpoint><Time>2025-11-04T11:05:32.300Z</Time><DistanceMeters>945.5910648266092</DistanceMeters><HeartRateBpm><Value>104</Value></HeartRateBpm><Cadence>42</Cadence><Extensions><ext:TPX><ext:Watts>70.16666666666667</ext:Watts><ext:Torque>23</ext:Torque></ext:TPX></Extensions></Trackpoint><Trackpoint><Time>2025-11-04T11:05:32.980Z</Time><DistanceMeters>945.5937904094751</DistanceMeters><HeartRateBpm><Value>104</Value></HeartRateBpm><Cadence>44</Cadence><Extensions><ext:TPX><ext:Watts>0.058823529411764705</ext:Watts><ext:Torque>20</ext:Torque></ext:TPX></Extensions></Trackpoint><Trackpoint><Time>2025-11-04T11:05:33.660Z</Time><DistanceMeters>949.0416527348334</DistanceMeters><HeartRateBpm><Value>104</Value></HeartRateBpm><Cadence>44</Cadence><Extensions><ext:TPX><ext:Watts>74.41176470588235</ext:Watts><ext:Torque>22</ext:Torque></ext:TPX></Extensions></Trackpoint><Trackpoint><Time>2025-11-04T11:05:34.340Z</Time><DistanceMeters>949.049829483431</DistanceMeters><HeartRateBpm><Value>104</Value></HeartRateBpm><Cadence>44</Cadence><Extensions><ext:TPX><ext:Watts>0.17647058823529413</ext:Watts><ext:Torque>20</ext:Torque></ext:TPX></Extensions></Trackpoint><Trackpoint><Time>2025-11-04T11:05:35.060Z</Time><DistanceMeters>952.4804735684357</DistanceMeters><HeartRateBpm><Value>104</Value></HeartRateBpm><Cadence>42</Cadence><Extensions><ext:TPX><ext:Watts>69.83333333333333</ext:Watts><ext:Torque>24</ext:Torque></ext:TPX></Extensions></Trackpoint><Trackpoint><Time>2025-11-04T11:05:35.700Z</Time><DistanceMeters>952.4831846535204</DistanceMeters><HeartRateBpm><Value>104</Value></HeartRateBpm><Cadence>47</Cadence><Extensions><ext:TPX><ext:Watts>0.0625</ext:Watts><ext:Torque>20</ext:Torque></ext:TPX></Extensions></Trackpoint><Trackpoint><Time>2025-11-04T11:05:36.421Z</Time><DistanceMeters>955.8401394861025</DistanceMeters><HeartRateBpm><Value>104</Value></HeartRateBpm><Cadence>42</Cadence><Extensions><ext:TPX><ext:Watts>68.33333333333333</ext:Watts><ext:Torque>24</ext:Torque></ext:TPX></Extensions></Trackpoint><Trackpoint><Time>2025-11-04T11:05:38.421Z</Time><DistanceMeters>959.2062343254839</DistanceMeters><HeartRateBpm><Value>104</Value></HeartRateBpm><Cadence>22</Cadence><Extensions><ext:TPX><ext:Watts>36.3235294117647</ext:Watts><ext:Torque>20</ext:Torque></ext:TPX></Extensions></Trackpoint><Trackpoint><Time>2025-11-04T11:05:39.821Z</Time><DistanceMeters>962.5847110984561</DistanceMeters><HeartRateBpm><Value>105</Value></HeartRateBpm><Cadence>22</Cadence><Extensions><ext:TPX><ext:Watts>35.628571428571426</ext:Watts><ext:Torque>20</ext:Torque></ext:TPX></Extensions></Trackpoint><Trackpoint><Time>2025-11-04T11:05:40.501Z</Time><DistanceMeters>966.0598292524733</DistanceMeters><HeartRateBpm><Value>105</Value></HeartRateBpm><Cadence>44</Cadence><Extensions><ext:TPX><ext:Watts>75.0</ext:Watts><ext:Torque>24</ext:Torque></ext:TPX></Extensions></Trackpoint><Trackpoint><Time>2025-11-04T11:05:42.581Z</Time><DistanceMeters>969.4383060254454</DistanceMeters><HeartRateBpm><Value>105</Value></HeartRateBpm><Cadence>22</Cadence><Extensions><ext:TPX><ext:Watts>35.628571428571426</ext:Watts><ext:Torque>20</ext:Torque></ext:TPX></Extensions></Trackpoint><Trackpoint><Time>2025-11-04T11:05:43.941Z</Time><DistanceMeters>972.8398334420834</DistanceMeters><HeartRateBpm><Value>105</Value></HeartRateBpm><Cadence>22</Cadence><Extensions><ext:TPX><ext:Watts>36.705882352941174</ext:Watts><ext:Torque>20</ext:Torque></ext:TPX></Extensions></Trackpoint><Trackpoint><Time>2025-11-04T11:05:45.347Z</Time><DistanceMeters>976.2562401868452</DistanceMeters><HeartRateBpm><Value>105</Value></HeartRateBpm><Cadence>22</Cadence><Extensions><ext:TPX><ext:Watts>36.02857142857143</ext:Watts><ext:Torque>20</ext:Torque></ext:TPX></Extensions></Trackpoint><Trackpoint><Time>2025-11-04T11:05:46.706Z</Time><DistanceMeters>979.6441396891537</DistanceMeters><HeartRateBpm><Value>105</Value></HeartRateBpm><Cadence>22</Cadence><Extensions><ext:TPX><ext:Watts>36.55882352941177</ext:Watts><ext:Torque>20</ext:Torque></ext:TPX></Extensions></Trackpoint><Trackpoint><Time>2025-11-04T11:05:48.026Z</Time><DistanceMeters>983.0351685643824</DistanceMeters><HeartRateBpm><Value>105</Value></HeartRateBpm><Cadence>22</Cadence><Extensions><ext:TPX><ext:Watts>37.42424242424242</ext:Watts><ext:Torque>20</ext:Torque></ext:TPX></Extensions></Trackpoint><Trackpoint><Time>2025-11-04T11:05:49.386Z</Time><DistanceMeters>986.3903610723002</DistanceMeters><HeartRateBpm><Value>105</Value></HeartRateBpm><Cadence>22</Cadence><Extensions><ext:TPX><ext:Watts>36.205882352941174</ext:Watts><ext:Torque>20</ext:Torque></ext:TPX></Extensions></Trackpoint><Trackpoint><Time>2025-11-04T11:05:50.751Z</Time><DistanceMeters>989.8027908204018</DistanceMeters><HeartRateBpm><Value>105</Value></HeartRateBpm><Cadence>22</Cadence><Extensions><ext:TPX><ext:Watts>36.8235294117647</ext:Watts><ext:Torque>20</ext:Torque></ext:TPX></Extensions></Trackpoint><Trackpoint><Time>2025-11-04T11:05:52.111Z</Time><DistanceMeters>993.0871181738063</DistanceMeters><HeartRateBpm><Value>105</Value></HeartRateBpm><Cadence>22</Cadence><Extensions><ext:TPX><ext:Watts>35.44117647058823</ext:Watts><ext:Torque>20</ext:Torque></ext:TPX></Extensions></Trackpoint><Trackpoint><Time>2025-11-04T11:05:53.511Z</Time><DistanceMeters>996.4168278401919</DistanceMeters><HeartRateBpm><Value>105</Value></HeartRateBpm><Cadence>22</Cadence><Extensions><ext:TPX><ext:Watts>35.114285714285714</ext:Watts><ext:Torque>20</ext:Torque></ext:TPX></Extensions></Trackpoint><Trackpoint><Time>2025-11-04T11:05:54.191Z</Time><DistanceMeters>999.7447645194508</DistanceMeters><HeartRateBpm><Value>105</Value></HeartRateBpm><Cadence>44</Cadence><Extensions><ext:TPX><ext:Watts>71.82352941176471</ext:Watts><ext:Torque>25</ext:Torque></ext:TPX></Extensions></Trackpoint><Trackpoint><Time>2025-11-04T11:05:54.876Z</Time><DistanceMeters>999.7502156851825</DistanceMeters><HeartRateBpm><Value>105</Value></HeartRateBpm><Cadence>44</Cadence><Extensions><ext:TPX><ext:Watts>0.11764705882352941</ext:Watts><ext:Torque>20</ext:Torque></ext:TPX></Extensions></Trackpoint><Trackpoint><Time>2025-11-04T11:05:56.251Z</Time><DistanceMeters>1003.219882673468</DistanceMeters><HeartRateBpm><Value>104</Value></HeartRateBpm><Cadence>22</Cadence><Extensions><ext:TPX><ext:Watts>37.44117647058823</ext:Watts><ext:Torque>20</ext:Torque></ext:TPX></Extensions></Trackpoint><Trackpoint><Time>2025-11-04T11:05:57.611Z</Time><DistanceMeters>1006.5423681869951</DistanceMeters><HeartRateBpm><Value>104</Value></HeartRateBpm><Cadence>22</Cadence><Extensions><ext:TPX><ext:Watts>35.85294117647059</ext:Watts><ext:Torque>20</ext:Torque></ext:TPX></Extensions></Trackpoint><Trackpoint><Time>2025-11-04T11:05:59.031Z</Time><DistanceMeters>1010.0373441590352</DistanceMeters><HeartRateBpm><Value>104</Value></HeartRateBpm><Cadence>21</Cadence><Extensions><ext:TPX><ext:Watts>36.0</ext:Watts><ext:Torque>20</ext:Torque></ext:TPX></Extensions></Trackpoint><Trackpoint><Time>2025-11-04T11:06:00.391Z</Time><DistanceMeters>1013.3870855012212</DistanceMeters><HeartRateBpm><Value>104</Value></HeartRateBpm><Cadence>22</Cadence><Extensions><ext:TPX><ext:Watts>36.14705882352941</ext:Watts><ext:Torque>20</ext:Torque></ext:TPX></Extensions></Trackpoint><Trackpoint><Time>2025-11-04T11:06:01.796Z</Time><DistanceMeters>1016.7655622741934</DistanceMeters><HeartRateBpm><Value>104</Value></HeartRateBpm><Cadence>22</Cadence><Extensions><ext:TPX><ext:Watts>35.628571428571426</ext:Watts><ext:Torque>20</ext:Torque></ext:TPX></Extensions></Trackpoint><Trackpoint><Time>2025-11-04T11:06:03.201Z</Time><DistanceMeters>1020.0925626568797</DistanceMeters><HeartRateBpm><Value>104</Value></HeartRateBpm><Cadence>22</Cadence><Extensions><ext:TPX><ext:Watts>35.08571428571429</ext:Watts><ext:Torque>20</ext:Torque></ext:TPX></Extensions></Trackpoint><Trackpoint><Time>2025-11-04T11:06:04.601Z</Time><DistanceMeters>1023.4981322668446</DistanceMeters><HeartRateBpm><Value>104</Value></HeartRateBpm><Cadence>22</Cadence><Extensions><ext:TPX><ext:Watts>35.91428571428571</ext:Watts><ext:Torque>20</ext:Torque></ext:TPX></Extensions></Trackpoint><Trackpoint><Time>2025-11-04T11:06:06.001Z</Time><DistanceMeters>1026.868481188719</DistanceMeters><HeartRateBpm><Value>104</Value></HeartRateBpm><Cadence>22</Cadence><Extensions><ext:TPX><ext:Watts>35.542857142857144</ext:Watts><ext:Torque>20</ext:Torque></ext:TPX></Extensions></Trackpoint><Trackpoint><Time>2025-11-04T11:06:07.401Z</Time><DistanceMeters>1030.2632136638867</DistanceMeters><HeartRateBpm><Value>104</Value></HeartRateBpm><Cadence>22</Cadence><Extensions><ext:TPX><ext:Watts>35.8</ext:Watts><ext:Torque>20</ext:Torque></ext:TPX></Extensions></Trackpoint><Trackpoint><Time>2025-11-04T11:06:08.761Z</Time><DistanceMeters>1033.7219783207086</DistanceMeters><HeartRateBpm><Value>103</Value></HeartRateBpm><Cadence>22</Cadence><Extensions><ext:TPX><ext:Watts>37.3235294117647</ext:Watts><ext:Torque>20</ext:Torque></ext:TPX></Extensions></Trackpoint><Trackpoint><Time>2025-11-04T11:06:09.521Z</Time><DistanceMeters>1037.1339068956784</DistanceMeters><HeartRateBpm><Value>103</Value></HeartRateBpm><Cadence>40</Cadence><Extensions><ext:TPX><ext:Watts>66.10526315789474</ext:Watts><ext:Torque>24</ext:Torque></ext:TPX></Extensions></Trackpoint><Trackpoint><Time>2025-11-04T11:06:11.566Z</Time><DistanceMeters>1040.433814441372</DistanceMeters><HeartRateBpm><Value>103</Value></HeartRateBpm><Cadence>22</Cadence><Extensions><ext:TPX><ext:Watts>34.8</ext:Watts><ext:Torque>20</ext:Torque></ext:TPX></Extensions></Trackpoint><Trackpoint><Time>2025-11-04T11:06:12.926Z</Time><DistanceMeters>1043.7181417947766</DistanceMeters><HeartRateBpm><Value>103</Value></HeartRateBpm><Cadence>22</Cadence><Extensions><ext:TPX><ext:Watts>35.44117647058823</ext:Watts><ext:Torque>20</ext:Torque></ext:TPX></Extensions></Trackpoint><Trackpoint><Time>2025-11-04T11:06:14.366Z</Time><DistanceMeters>1047.121428582365</DistanceMeters><HeartRateBpm><Value>103</Value></HeartRateBpm><Cadence>21</Cadence><Extensions><ext:TPX><ext:Watts>35.05555555555556</ext:Watts><ext:Torque>20</ext:Torque></ext:TPX></Extensions></Trackpoint><Trackpoint><Time>2025-11-04T11:06:15.731Z</Time><DistanceMeters>1050.4330117644286</DistanceMeters><HeartRateBpm><Value>103</Value></HeartRateBpm><Cadence>22</Cadence><Extensions><ext:TPX><ext:Watts>35.73529411764706</ext:Watts><ext:Torque>20</ext:Torque></ext:TPX></Extensions></Trackpoint><Trackpoint><Time>2025-11-04T11:06:17.131Z</Time><DistanceMeters>1053.8819299135814</DistanceMeters><HeartRateBpm><Value>103</Value></HeartRateBpm><Cadence>22</Cadence><Extensions><ext:TPX><ext:Watts>36.371428571428574</ext:Watts><ext:Torque>20</ext:Torque></ext:TPX></Extensions></Trackpoint><Trackpoint><Time>2025-11-04T11:06:18.531Z</Time><DistanceMeters>1057.317301644238</DistanceMeters><HeartRateBpm><Value>103</Value></HeartRateBpm><Cadence>22</Cadence><Extensions><ext:TPX><ext:Watts>36.22857142857143</ext:Watts><ext:Torque>20</ext:Torque></ext:TPX></Extensions></Trackpoint><Trackpoint><Time>2025-11-04T11:06:19.931Z</Time><DistanceMeters>1060.728289821601</DistanceMeters><HeartRateBpm><Value>103</Value></HeartRateBpm><Cadence>22</Cadence><Extensions><ext:TPX><ext:Watts>35.97142857142857</ext:Watts><ext:Torque>20</ext:Torque></ext:TPX></Extensions></Trackpoint><Trackpoint><Time>2025-11-04T11:06:21.331Z</Time><DistanceMeters>1064.071545906483</DistanceMeters><HeartRateBpm><Value>102</Value></HeartRateBpm><Cadence>22</Cadence><Extensions><ext:TPX><ext:Watts>35.25714285714286</ext:Watts><ext:Torque>20</ext:Torque></ext:TPX></Extensions></Trackpoint><Trackpoint><Time>2025-11-04T11:06:22.731Z</Time><DistanceMeters>1067.490661934944</DistanceMeters><HeartRateBpm><Value>102</Value></HeartRateBpm><Cadence>22</Cadence><Extensions><ext:TPX><ext:Watts>36.05714285714286</ext:Watts><ext:Torque>20</ext:Torque></ext:TPX></Extensions></Trackpoint><Trackpoint><Time>2025-11-04T11:06:24.096Z</Time><DistanceMeters>1070.897640517314</DistanceMeters><HeartRateBpm><Value>102</Value></HeartRateBpm><Cadence>22</Cadence><Extensions><ext:TPX><ext:Watts>36.76470588235294</ext:Watts><ext:Torque>20</ext:Torque></ext:TPX></Extensions></Trackpoint><Trackpoint><Time>2025-11-04T11:06:25.536Z</Time><DistanceMeters>1074.3171077492175</DistanceMeters><HeartRateBpm><Value>102</Value></HeartRateBpm><Cadence>21</Cadence><Extensions><ext:TPX><ext:Watts>35.22222222222222</ext:Watts><ext:Torque>20</ext:Torque></ext:TPX></Extensions></Trackpoint><Trackpoint><Time>2025-11-04T11:06:26.896Z</Time><DistanceMeters>1077.6886537543307</DistanceMeters><HeartRateBpm><Value>102</Value></HeartRateBpm><Cadence>22</Cadence><Extensions><ext:TPX><ext:Watts>36.38235294117647</ext:Watts><ext:Torque>20</ext:Torque></ext:TPX></Extensions></Trackpoint><Trackpoint><Time>2025-11-04T11:06:28.256Z</Time><DistanceMeters>1081.0411206793826</DistanceMeters><HeartRateBpm><Value>102</Value></HeartRateBpm><Cadence>22</Cadence><Extensions><ext:TPX><ext:Watts>36.1764705882353</ext:Watts><ext:Torque>20</ext:Torque></ext:TPX></Extensions></Trackpoint><Trackpoint><Time>2025-11-04T11:06:29.657Z</Time><DistanceMeters>1084.527968800325</DistanceMeters><HeartRateBpm><Value>102</Value></HeartRateBpm><Cadence>22</Cadence><Extensions><ext:TPX><ext:Watts>36.77142857142857</ext:Watts><ext:Torque>20</ext:Torque></ext:TPX></Extensions></Trackpoint><Trackpoint><Time>2025-11-04T11:06:31.056Z</Time><DistanceMeters>1087.8603877504097</DistanceMeters><HeartRateBpm><Value>101</Value></HeartRateBpm><Cadence>22</Cadence><Extensions><ext:TPX><ext:Watts>35.142857142857146</ext:Watts><ext:Torque>20</ext:Torque></ext:TPX></Extensions></Trackpoint><Trackpoint><Time>2025-11-04T11:06:32.456Z</Time><DistanceMeters>1091.2849223462692</DistanceMeters><HeartRateBpm><Value>101</Value></HeartRateBpm><Cadence>22</Cadence><Extensions><ext:TPX><ext:Watts>36.114285714285714</ext:Watts><ext:Torque>20</ext:Torque></ext:TPX></Extensions></Trackpoint><Trackpoint><Time>2025-11-04T11:06:33.816Z</Time><DistanceMeters>1094.5692496996737</DistanceMeters><HeartRateBpm><Value>101</Value></HeartRateBpm><Cadence>22</Cadence><Extensions><ext:TPX><ext:Watts>35.44117647058823</ext:Watts><ext:Torque>20</ext:Torque></ext:TPX></Extensions></Trackpoint><Trackpoint><Time>2025-11-04T11:06:35.216Z</Time><DistanceMeters>1097.9152150682548</DistanceMeters><HeartRateBpm><Value>101</Value></HeartRateBpm><Cadence>22</Cadence><Extensions><ext:TPX><ext:Watts>35.285714285714285</ext:Watts><ext:Torque>20</ext:Torque></ext:TPX></Extensions></Trackpoint><Trackpoint><Time>2025-11-04T11:06:36.617Z</Time><DistanceMeters>1101.2530525857383</DistanceMeters><HeartRateBpm><Value>101</Value></HeartRateBpm><Cadence>22</Cadence><Extensions><ext:TPX><ext:Watts>35.2</ext:Watts><ext:Torque>20</ext:Torque></ext:TPX></Extensions></Trackpoint><Trackpoint><Time>2025-11-04T11:06:38.017Z</Time><DistanceMeters>1104.5773436847253</DistanceMeters><HeartRateBpm><Value>101</Value></HeartRateBpm><Cadence>22</Cadence><Extensions><ext:TPX><ext:Watts>35.05714285714286</ext:Watts><ext:Torque>20</ext:Torque></ext:TPX></Extensions></Trackpoint><Trackpoint><Time>2025-11-04T11:06:39.417Z</Time><DistanceMeters>1107.98291329469</DistanceMeters><HeartRateBpm><Value>101</Value></HeartRateBpm><Cadence>22</Cadence><Extensions><ext:TPX><ext:Watts>35.91428571428571</ext:Watts><ext:Torque>20</ext:Torque></ext:TPX></Extensions></Trackpoint><Trackpoint><Time>2025-11-04T11:06:40.777Z</Time><DistanceMeters>1111.3735383798644</DistanceMeters><HeartRateBpm><Value>101</Value></HeartRateBpm><Cadence>22</Cadence><Extensions><ext:TPX><ext:Watts>36.588235294117645</ext:Watts><ext:Torque>20</ext:Torque></ext:TPX></Extensions></Trackpoint><Trackpoint><Time>2025-11-04T11:06:41.497Z</Time><DistanceMeters>1114.8669547910067</DistanceMeters><HeartRateBpm><Value>101</Value></HeartRateBpm><Cadence>42</Cadence><Extensions><ext:TPX><ext:Watts>71.11111111111111</ext:Watts><ext:Torque>21</ext:Torque></ext:TPX></Extensions></Trackpoint><Trackpoint><Time>2025-11-04T11:06:43.581Z</Time><DistanceMeters>1118.3781864652424</DistanceMeters><HeartRateBpm><Value>100</Value></HeartRateBpm><Cadence>22</Cadence><Extensions><ext:TPX><ext:Watts>37.02857142857143</ext:Watts><ext:Torque>20</ext:Torque></ext:TPX></Extensions></Trackpoint><Trackpoint><Time>2025-11-04T11:06:45.021Z</Time><DistanceMeters>1121.8677689558442</DistanceMeters><HeartRateBpm><Value>100</Value></HeartRateBpm><Cadence>21</Cadence><Extensions><ext:TPX><ext:Watts>35.94444444444444</ext:Watts><ext:Torque>20</ext:Torque></ext:TPX></Extensions></Trackpoint><Trackpoint><Time>2025-11-04T11:06:46.461Z</Time><DistanceMeters>1125.4247699644252</DistanceMeters><HeartRateBpm><Value>100</Value></HeartRateBpm><Cadence>21</Cadence><Extensions><ext:TPX><ext:Watts>36.638888888888886</ext:Watts><ext:Torque>20</ext:Torque></ext:TPX></Extensions></Trackpoint><Trackpoint><Time>2025-11-04T11:06:47.867Z</Time><DistanceMeters>1128.786991035202</DistanceMeters><HeartRateBpm><Value>100</Value></HeartRateBpm><Cadence>22</Cadence><Extensions><ext:TPX><ext:Watts>35.457142857142856</ext:Watts><ext:Torque>20</ext:Torque></ext:TPX></Extensions></Trackpoint><Trackpoint><Time>2025-11-04T11:06:49.267Z</Time><DistanceMeters>1132.0977357156928</DistanceMeters><HeartRateBpm><Value>100</Value></HeartRateBpm><Cadence>22</Cadence><Extensions><ext:TPX><ext:Watts>34.91428571428571</ext:Watts><ext:Torque>20</ext:Torque></ext:TPX></Extensions></Trackpoint><Trackpoint><Time>2025-11-04T11:06:50.707Z</Time><DistanceMeters>1135.560350799103</DistanceMeters><HeartRateBpm><Value>100</Value></HeartRateBpm><Cadence>21</Cadence><Extensions><ext:TPX><ext:Watts>35.666666666666664</ext:Watts><ext:Torque>20</ext:Torque></ext:TPX></Extensions></Trackpoint><Trackpoint><Time>2025-11-04T11:06:52.107Z</Time><DistanceMeters>1139.001141097158</DistanceMeters><HeartRateBpm><Value>100</Value></HeartRateBpm><Cadence>22</Cadence><Extensions><ext:TPX><ext:Watts>36.285714285714285</ext:Watts><ext:Torque>20</ext:Torque></ext:TPX></Extensions></Trackpoint><Trackpoint><Time>2025-11-04T11:06:53.507Z</Time><DistanceMeters>1142.4527685300102</DistanceMeters><HeartRateBpm><Value>100</Value></HeartRateBpm><Cadence>22</Cadence><Extensions><ext:TPX><ext:Watts>36.4</ext:Watts><ext:Torque>20</ext:Torque></ext:TPX></Extensions></Trackpoint><Trackpoint><Time>2025-11-04T11:06:54.907Z</Time><DistanceMeters>1145.8204081681854</DistanceMeters><HeartRateBpm><Value>100</Value></HeartRateBpm><Cadence>22</Cadence><Extensions><ext:TPX><ext:Watts>35.51428571428571</ext:Watts><ext:Torque>20</ext:Torque></ext:TPX></Extensions></Trackpoint><Trackpoint><Time>2025-11-04T11:06:56.317Z</Time><DistanceMeters>1149.1040600116837</DistanceMeters><HeartRateBpm><Value>100</Value></HeartRateBpm><Cadence>22</Cadence><Extensions><ext:TPX><ext:Watts>34.628571428571426</ext:Watts><ext:Torque>20</ext:Torque></ext:TPX></Extensions></Trackpoint><Trackpoint><Time>2025-11-04T11:06:57.717Z</Time><DistanceMeters>1152.4500253802648</DistanceMeters><HeartRateBpm><Value>100</Value></HeartRateBpm><Cadence>22</Cadence><Extensions><ext:TPX><ext:Watts>35.285714285714285</ext:Watts><ext:Torque>20</ext:Torque></ext:TPX></Extensions></Trackpoint><Trackpoint><Time>2025-11-04T11:06:59.157Z</Time><DistanceMeters>1155.8344349828192</DistanceMeters><HeartRateBpm><Value>100</Value></HeartRateBpm><Cadence>21</Cadence><Extensions><ext:TPX><ext:Watts>34.861111111111114</ext:Watts><ext:Torque>20</ext:Torque></ext:TPX></Extensions></Trackpoint><Trackpoint><Time>2025-11-04T11:06:59.877Z</Time><DistanceMeters>1159.0849497841243</DistanceMeters><HeartRateBpm><Value>100</Value></HeartRateBpm><Cadence>42</Cadence><Extensions><ext:TPX><ext:Watts>66.16666666666667</ext:Watts><ext:Torque>25</ext:Torque></ext:TPX></Extensions></Trackpoint><Trackpoint><Time>2025-11-04T11:07:02.007Z</Time><DistanceMeters>1162.666512998715</DistanceMeters><HeartRateBpm><Value>101</Value></HeartRateBpm><Cadence>20</Cadence><Extensions><ext:TPX><ext:Watts>35.13513513513514</ext:Watts><ext:Torque>20</ext:Torque></ext:TPX></Extensions></Trackpoint><Trackpoint><Time>2025-11-04T11:07:03.407Z</Time><DistanceMeters>1165.8770141823334</DistanceMeters><HeartRateBpm><Value>101</Value></HeartRateBpm><Cadence>22</Cadence><Extensions><ext:TPX><ext:Watts>33.857142857142854</ext:Watts><ext:Torque>20</ext:Torque></ext:TPX></Extensions></Trackpoint><Trackpoint><Time>2025-11-04T11:07:04.807Z</Time><DistanceMeters>1169.176921728027</DistanceMeters><HeartRateBpm><Value>101</Value></HeartRateBpm><Cadence>22</Cadence><Extensions><ext:TPX><ext:Watts>34.8</ext:Watts><ext:Torque>20</ext:Torque></ext:TPX></Extensions></Trackpoint><Trackpoint><Time>2025-11-04T11:07:06.217Z</Time><DistanceMeters>1172.3765857768483</DistanceMeters><HeartRateBpm><Value>102</Value></HeartRateBpm><Cadence>22</Cadence><Extensions><ext:TPX><ext:Watts>33.74285714285714</ext:Watts><ext:Torque>20</ext:Torque></ext:TPX></Extensions></Trackpoint><Trackpoint><Time>2025-11-04T11:07:07.617Z</Time><DistanceMeters>1175.7333882802263</DistanceMeters><HeartRateBpm><Value>101</Value></HeartRateBpm><Cadence>22</Cadence><Extensions><ext:TPX><ext:Watts>35.4</ext:Watts><ext:Torque>20</ext:Torque></ext:TPX></Extensions></Trackpoint><Trackpoint><Time>2025-11-04T11:07:09.062Z</Time><DistanceMeters>1179.1690359564448</DistanceMeters><HeartRateBpm><Value>101</Value></HeartRateBpm><Cadence>21</Cadence><Extensions><ext:TPX><ext:Watts>35.388888888888886</ext:Watts><ext:Torque>20</ext:Torque></ext:TPX></Extensions></Trackpoint><Trackpoint><Time>2025-11-04T11:07:10.467Z</Time><DistanceMeters>1182.376827856364</DistanceMeters><HeartRateBpm><Value>100</Value></HeartRateBpm><Cadence>22</Cadence><Extensions><ext:TPX><ext:Watts>33.82857142857143</ext:Watts><ext:Torque>20</ext:Torque></ext:TPX></Extensions></Trackpoint><Trackpoint><Time>2025-11-04T11:07:11.907Z</Time><DistanceMeters>1185.7126961259733</DistanceMeters><HeartRateBpm><Value>100</Value></HeartRateBpm><Cadence>21</Cadence><Extensions><ext:TPX><ext:Watts>34.361111111111114</ext:Watts><ext:Torque>20</ext:Torque></ext:TPX></Extensions></Trackpoint><Trackpoint><Time>2025-11-04T11:07:13.307Z</Time><DistanceMeters>1189.045115076058</DistanceMeters><HeartRateBpm><Value>99</Value></HeartRateBpm><Cadence>22</Cadence><Extensions><ext:TPX><ext:Watts>35.142857142857146</ext:Watts><ext:Torque>20</ext:Torque></ext:TPX></Extensions></Trackpoint><Trackpoint><Time>2025-11-04T11:07:14.672Z</Time><DistanceMeters>1192.4275634126348</DistanceMeters><HeartRateBpm><Value>99</Value></HeartRateBpm><Cadence>22</Cadence><Extensions><ext:TPX><ext:Watts>36.5</ext:Watts><ext:Torque>20</ext:Torque></ext:TPX></Extensions></Trackpoint><Trackpoint><Time>2025-11-04T11:07:16.072Z</Time><DistanceMeters>1195.8033309019077</DistanceMeters><HeartRateBpm><Value>98</Value></HeartRateBpm><Cadence>22</Cadence><Extensions><ext:TPX><ext:Watts>35.6</ext:Watts><ext:Torque>20</ext:Torque></ext:TPX></Extensions></Trackpoint><Trackpoint><Time>2025-11-04T11:07:17.512Z</Time><DistanceMeters>1199.1742568008663</DistanceMeters><HeartRateBpm><Value>98</Value></HeartRateBpm><Cadence>21</Cadence><Extensions><ext:TPX><ext:Watts>34.72222222222222</ext:Watts><ext:Torque>20</ext:Torque></ext:TPX></Extensions></Trackpoint><Trackpoint><Time>2025-11-04T11:07:18.912Z</Time><DistanceMeters>1202.5446057227407</DistanceMeters><HeartRateBpm><Value>97</Value></HeartRateBpm><Cadence>22</Cadence><Extensions><ext:TPX><ext:Watts>35.542857142857144</ext:Watts><ext:Torque>20</ext:Torque></ext:TPX></Extensions></Trackpoint><Trackpoint><Time>2025-11-04T11:07:20.392Z</Time><DistanceMeters>1206.0845072263926</DistanceMeters><HeartRateBpm><Value>97</Value></HeartRateBpm><Cadence>20</Cadence><Extensions><ext:TPX><ext:Watts>35.5945945945946</ext:Watts><ext:Torque>20</ext:Torque></ext:TPX></Extensions></Trackpoint><Trackpoint><Time>2025-11-04T11:07:21.832Z</Time><DistanceMeters>1209.5417288283645</DistanceMeters><HeartRateBpm><Value>97</Value></HeartRateBpm><Cadence>21</Cadence><Extensions><ext:TPX><ext:Watts>35.611111111111114</ext:Watts><ext:Torque>20</ext:Torque></ext:TPX></Extensions></Trackpoint><Trackpoint><Time>2025-11-04T11:07:23.232Z</Time><DistanceMeters>1212.9743912753218</DistanceMeters><HeartRateBpm><Value>97</Value></HeartRateBpm><Cadence>22</Cadence><Extensions><ext:TPX><ext:Watts>36.2</ext:Watts><ext:Torque>20</ext:Torque></ext:TPX></Extensions></Trackpoint><Trackpoint><Time>2025-11-04T11:07:24.672Z</Time><DistanceMeters>1216.3507106557186</DistanceMeters><HeartRateBpm><Value>97</Value></HeartRateBpm><Cadence>21</Cadence><Extensions><ext:TPX><ext:Watts>34.77777777777778</ext:Watts><ext:Torque>20</ext:Torque></ext:TPX></Extensions></Trackpoint><Trackpoint><Time>2025-11-04T11:07:26.072Z</Time><DistanceMeters>1219.8023380885707</DistanceMeters><HeartRateBpm><Value>97</Value></HeartRateBpm><Cadence>22</Cadence><Extensions><ext:TPX><ext:Watts>36.4</ext:Watts><ext:Torque>20</ext:Torque></ext:TPX></Extensions></Trackpoint><Trackpoint><Time>2025-11-04T11:07:27.472Z</Time><DistanceMeters>1223.1564313082495</DistanceMeters><HeartRateBpm><Value>97</Value></HeartRateBpm><Cadence>22</Cadence><Extensions><ext:TPX><ext:Watts>35.371428571428574</ext:Watts><ext:Torque>20</ext:Torque></ext:TPX></Extensions></Trackpoint><Trackpoint><Time>2025-11-04T11:07:28.872Z</Time><DistanceMeters>1226.4725945561388</DistanceMeters><HeartRateBpm><Value>97</Value></HeartRateBpm><Cadence>22</Cadence><Extensions><ext:TPX><ext:Watts>34.97142857142857</ext:Watts><ext:Torque>20</ext:Torque></ext:TPX></Extensions></Trackpoint><Trackpoint><Time>2025-11-04T11:07:30.312Z</Time><DistanceMeters>1229.8731846030082</DistanceMeters><HeartRateBpm><Value>97</Value></HeartRateBpm><Cadence>21</Cadence><Extensions><ext:TPX><ext:Watts>35.02777777777778</ext:Watts><ext:Torque>20</ext:Torque></ext:TPX></Extensions></Trackpoint><Trackpoint><Time>2025-11-04T11:07:31.752Z</Time><DistanceMeters>1233.2575942055626</DistanceMeters><HeartRateBpm><Value>97</Value></HeartRateBpm><Cadence>21</Cadence><Extensions><ext:TPX><ext:Watts>34.861111111111114</ext:Watts><ext:Torque>20</ext:Torque></ext:TPX></Extensions></Trackpoint><Trackpoint><Time>2025-11-04T11:07:33.152Z</Time><DistanceMeters>1236.5981410067452</DistanceMeters><HeartRateBpm><Value>97</Value></HeartRateBpm><Cadence>22</Cadence><Extensions><ext:TPX><ext:Watts>35.22857142857143</ext:Watts><ext:Torque>20</ext:Torque></ext:TPX></Extensions></Trackpoint><Trackpoint><Time>2025-11-04T11:07:34.552Z</Time><DistanceMeters>1239.8736649991456</DistanceMeters><HeartRateBpm><Value>97</Value></HeartRateBpm><Cadence>22</Cadence><Extensions><ext:TPX><ext:Watts>34.542857142857144</ext:Watts><ext:Torque>20</ext:Torque></ext:TPX></Extensions></Trackpoint><Trackpoint><Time>2025-11-04T11:07:35.992Z</Time><DistanceMeters>1243.2311071945082</DistanceMeters><HeartRateBpm><Value>97</Value></HeartRateBpm><Cadence>21</Cadence><Extensions><ext:TPX><ext:Watts>34.583333333333336</ext:Watts><ext:Torque>20</ext:Torque></ext:TPX></Extensions></Trackpoint><Trackpoint><Time>2025-11-04T11:07:36.712Z</Time><DistanceMeters>1246.6180835743737</DistanceMeters><HeartRateBpm><Value>97</Value></HeartRateBpm><Cadence>42</Cadence><Extensions><ext:TPX><ext:Watts>68.94444444444444</ext:Watts><ext:Torque>22</ext:Torque></ext:TPX></Extensions></Trackpoint><Trackpoint><Time>2025-11-04T11:07:38.792Z</Time><DistanceMeters>1249.9288282548646</DistanceMeters><HeartRateBpm><Value>98</Value></HeartRateBpm><Cadence>22</Cadence><Extensions><ext:TPX><ext:Watts>34.91428571428571</ext:Watts><ext:Torque>20</ext:Torque></ext:TPX></Extensions></Trackpoint><Trackpoint><Time>2025-11-04T11:07:40.192Z</Time><DistanceMeters>1253.1474572895806</DistanceMeters><HeartRateBpm><Value>97</Value></HeartRateBpm><Cadence>22</Cadence><Extensions><ext:TPX><ext:Watts>33.94285714285714</ext:Watts><ext:Torque>20</ext:Torque></ext:TPX></Extensions></Trackpoint><Trackpoint><Time>2025-11-04T11:07:41.592Z</Time><DistanceMeters>1256.5611547506433</DistanceMeters><HeartRateBpm><Value>97</Value></HeartRateBpm><Cadence>22</Cadence><Extensions><ext:TPX><ext:Watts>36.0</ext:Watts><ext:Torque>20</ext:Torque></ext:TPX></Extensions></Trackpoint><Trackpoint><Time>2025-11-04T11:07:42.992Z</Time><DistanceMeters>1259.9396315236154</DistanceMeters><HeartRateBpm><Value>97</Value></HeartRateBpm><Cadence>22</Cadence><Extensions><ext:TPX><ext:Watts>35.628571428571426</ext:Watts><ext:Torque>20</ext:Torque></ext:TPX></Extensions></Trackpoint><Trackpoint><Time>2025-11-04T11:07:44.392Z</Time><DistanceMeters>1263.3072711617906</DistanceMeters><HeartRateBpm><Value>97</Value></HeartRateBpm><Cadence>22</Cadence><Extensions><ext:TPX><ext:Watts>35.51428571428571</ext:Watts><ext:Torque>20</ext:Torque></ext:TPX></Extensions></Trackpoint><Trackpoint><Time>2025-11-04T11:07:45.792Z</Time><DistanceMeters>1266.6694922325673</DistanceMeters><HeartRateBpm><Value>97</Value></HeartRateBpm><Cadence>22</Cadence><Extensions><ext:TPX><ext:Watts>35.457142857142856</ext:Watts><ext:Torque>20</ext:Torque></ext:TPX></Extensions></Trackpoint><Trackpoint><Time>2025-11-04T11:07:47.192Z</Time><DistanceMeters>1270.0452597218402</DistanceMeters><HeartRateBpm><Value>97</Value></HeartRateBpm><Cadence>22</Cadence><Extensions><ext:TPX><ext:Watts>35.6</ext:Watts><ext:Torque>20</ext:Torque></ext:TPX></Extensions></Trackpoint><Trackpoint><Time>2025-11-04T11:07:48.593Z</Time><DistanceMeters>1273.4101900763162</DistanceMeters><HeartRateBpm><Value>97</Value></HeartRateBpm><Cadence>22</Cadence><Extensions><ext:TPX><ext:Watts>35.48571428571429</ext:Watts><ext:Torque>20</ext:Torque></ext:TPX></Extensions></Trackpoint><Trackpoint><Time>2025-11-04T11:07:50.032Z</Time><DistanceMeters>1276.8431410118155</DistanceMeters><HeartRateBpm><Value>97</Value></HeartRateBpm><Cadence>21</Cadence><Extensions><ext:TPX><ext:Watts>35.361111111111114</ext:Watts><ext:Torque>20</ext:Torque></ext:TPX></Extensions></Trackpoint><Trackpoint><Time>2025-11-04T11:07:51.472Z</Time><DistanceMeters>1280.35699416889</DistanceMeters><HeartRateBpm><Value>97</Value></HeartRateBpm><Cadence>21</Cadence><Extensions><ext:TPX><ext:Watts>36.19444444444444</ext:Watts><ext:Torque>20</ext:Torque></ext:TPX></Extensions></Trackpoint><Trackpoint><Time>2025-11-04T11:07:52.872Z</Time><DistanceMeters>1283.7490173603585</DistanceMeters><HeartRateBpm><Value>97</Value></HeartRateBpm><Cadence>22</Cadence><Extensions><ext:TPX><ext:Watts>35.77142857142857</ext:Watts><ext:Torque>20</ext:Torque></ext:TPX></Extensions></Trackpoint><Trackpoint><Time>2025-11-04T11:07:54.312Z</Time><DistanceMeters>1287.2089357030495</DistanceMeters><HeartRateBpm><Value>97</Value></HeartRateBpm><Cadence>21</Cadence><Extensions><ext:TPX><ext:Watts>35.638888888888886</ext:Watts><ext:Torque>20</ext:Torque></ext:TPX></Extensions></Trackpoint><Trackpoint><Time>2025-11-04T11:07:55.712Z</Time><DistanceMeters>1290.7635159164734</DistanceMeters><HeartRateBpm><Value>97</Value></HeartRateBpm><Cadence>22</Cadence><Extensions><ext:TPX><ext:Watts>37.48571428571429</ext:Watts><ext:Torque>20</ext:Torque></ext:TPX></Extensions></Trackpoint><Trackpoint><Time>2025-11-04T11:07:57.153Z</Time><DistanceMeters>1294.234221222041</DistanceMeters><HeartRateBpm><Value>97</Value></HeartRateBpm><Cadence>21</Cadence><Extensions><ext:TPX><ext:Watts>35.75</ext:Watts><ext:Torque>20</ext:Torque></ext:TPX></Extensions></Trackpoint><Trackpoint><Time>2025-11-04T11:07:58.597Z</Time><DistanceMeters>1297.6402047503486</DistanceMeters><HeartRateBpm><Value>97</Value></HeartRateBpm><Cadence>21</Cadence><Extensions><ext:TPX><ext:Watts>35.083333333333336</ext:Watts><ext:Torque>20</ext:Torque></ext:TPX></Extensions></Trackpoint><Trackpoint><Time>2025-11-04T11:08:00.038Z</Time><DistanceMeters>1301.1082133151972</DistanceMeters><HeartRateBpm><Value>97</Value></HeartRateBpm><Cadence>21</Cadence><Extensions><ext:TPX><ext:Watts>35.72222222222222</ext:Watts><ext:Torque>20</ext:Torque></ext:TPX></Extensions></Trackpoint><Trackpoint><Time>2025-11-04T11:08:01.438Z</Time><DistanceMeters>1304.651956393824</DistanceMeters><HeartRateBpm><Value>97</Value></HeartRateBpm><Cadence>22</Cadence><Extensions><ext:TPX><ext:Watts>37.371428571428574</ext:Watts><ext:Torque>20</ext:Torque></ext:TPX></Extensions></Trackpoint><Trackpoint><Time>2025-11-04T11:08:02.878Z</Time><DistanceMeters>1308.2008671802475</DistanceMeters><HeartRateBpm><Value>97</Value></HeartRateBpm><Cadence>21</Cadence><Extensions><ext:TPX><ext:Watts>36.55555555555556</ext:Watts><ext:Torque>20</ext:Torque></ext:TPX></Extensions></Trackpoint><Trackpoint><Time>2025-11-04T11:08:04.317Z</Time><DistanceMeters>1311.7443844852328</DistanceMeters><HeartRateBpm><Value>97</Value></HeartRateBpm><Cadence>21</Cadence><Extensions><ext:TPX><ext:Watts>36.5</ext:Watts><ext:Torque>20</ext:Torque></ext:TPX></Extensions></Trackpoint><Trackpoint><Time>2025-11-04T11:08:05.678Z</Time><DistanceMeters>1315.194972393457</DistanceMeters><HeartRateBpm><Value>97</Value></HeartRateBpm><Cadence>22</Cadence><Extensions><ext:TPX><ext:Watts>37.23529411764706</ext:Watts><ext:Torque>20</ext:Torque></ext:TPX></Extensions></Trackpoint><Trackpoint><Time>2025-11-04T11:08:07.117Z</Time><DistanceMeters>1318.768153846353</DistanceMeters><HeartRateBpm><Value>97</Value></HeartRateBpm><Cadence>21</Cadence><Extensions><ext:TPX><ext:Watts>36.80555555555556</ext:Watts><ext:Torque>20</ext:Torque></ext:TPX></Extensions></Trackpoint><Trackpoint><Time>2025-11-04T11:08:08.558Z</Time><DistanceMeters>1322.4141472986666</DistanceMeters><HeartRateBpm><Value>97</Value></HeartRateBpm><Cadence>21</Cadence><Extensions><ext:TPX><ext:Watts>37.55555555555556</ext:Watts><ext:Torque>20</ext:Torque></ext:TPX></Extensions></Trackpoint><Trackpoint><Time>2025-11-04T11:08:09.963Z</Time><DistanceMeters>1326.0581338741658</DistanceMeters><HeartRateBpm><Value>98</Value></HeartRateBpm><Cadence>22</Cadence><Extensions><ext:TPX><ext:Watts>38.42857142857143</ext:Watts><ext:Torque>20</ext:Torque></ext:TPX></Extensions></Trackpoint><Trackpoint><Time>2025-11-04T11:08:11.362Z</Time><DistanceMeters>1329.553109846206</DistanceMeters><HeartRateBpm><Value>98</Value></HeartRateBpm><Cadence>22</Cadence><Extensions><ext:TPX><ext:Watts>36.857142857142854</ext:Watts><ext:Torque>20</ext:Torque></ext:TPX></Extensions></Trackpoint><Trackpoint><Time>2025-11-04T11:08:12.803Z</Time><DistanceMeters>1333.2503413721838</DistanceMeters><HeartRateBpm><Value>98</Value></HeartRateBpm><Cadence>21</Cadence><Extensions><ext:TPX><ext:Watts>38.083333333333336</ext:Watts><ext:Torque>20</ext:Torque></ext:TPX></Extensions></Trackpoint><Trackpoint><Time>2025-11-04T11:08:14.243Z</Time><DistanceMeters>1337.0122946754216</DistanceMeters><HeartRateBpm><Value>98</Value></HeartRateBpm><Cadence>21</Cadence><Extensions><ext:TPX><ext:Watts>38.75</ext:Watts><ext:Torque>20</ext:Torque></ext:TPX></Extensions></Trackpoint><Trackpoint><Time>2025-11-04T11:08:15.643Z</Time><DistanceMeters>1340.8025825706807</DistanceMeters><HeartRateBpm><Value>98</Value></HeartRateBpm><Cadence>22</Cadence><Extensions><ext:TPX><ext:Watts>39.97142857142857</ext:Watts><ext:Torque>20</ext:Torque></ext:TPX></Extensions></Trackpoint><Trackpoint><Time>2025-11-04T11:08:17.083Z</Time><DistanceMeters>1344.510601059535</DistanceMeters><HeartRateBpm><Value>98</Value></HeartRateBpm><Cadence>21</Cadence><Extensions><ext:TPX><ext:Watts>38.19444444444444</ext:Watts><ext:Torque>20</ext:Torque></ext:TPX></Extensions></Trackpoint><Trackpoint><Time>2025-11-04T11:08:18.483Z</Time><DistanceMeters>1348.3875860331702</DistanceMeters><HeartRateBpm><Value>99</Value></HeartRateBpm><Cadence>22</Cadence><Extensions><ext:TPX><ext:Watts>40.885714285714286</ext:Watts><ext:Torque>20</ext:Torque></ext:TPX></Extensions></Trackpoint><Trackpoint><Time>2025-11-04T11:08:19.923Z</Time><DistanceMeters>1352.2924665945238</DistanceMeters><HeartRateBpm><Value>99</Value></HeartRateBpm><Cadence>21</Cadence><Extensions><ext:TPX><ext:Watts>40.22222222222222</ext:Watts><ext:Torque>20</ext:Torque></ext:TPX></Extensions></Trackpoint><Trackpoint><Time>2025-11-04T11:08:21.363Z</Time><DistanceMeters>1356.2917330810483</DistanceMeters><HeartRateBpm><Value>99</Value></HeartRateBpm><Cadence>21</Cadence><Extensions><ext:TPX><ext:Watts>41.19444444444444</ext:Watts><ext:Torque>20</ext:Torque></ext:TPX></Extensions></Trackpoint><Trackpoint><Time>2025-11-04T11:08:22.808Z</Time><DistanceMeters>1360.2262777903127</DistanceMeters><HeartRateBpm><Value>99</Value></HeartRateBpm><Cadence>21</Cadence><Extensions><ext:TPX><ext:Watts>40.52777777777778</ext:Watts><ext:Torque>20</ext:Torque></ext:TPX></Extensions></Trackpoint><Trackpoint><Time>2025-11-04T11:08:24.168Z</Time><DistanceMeters>1364.1511171172028</DistanceMeters><HeartRateBpm><Value>100</Value></HeartRateBpm><Cadence>22</Cadence><Extensions><ext:TPX><ext:Watts>42.35294117647059</ext:Watts><ext:Torque>20</ext:Torque></ext:TPX></Extensions></Trackpoint><Trackpoint><Time>2025-11-04T11:08:25.608Z</Time><DistanceMeters>1367.9481280497896</DistanceMeters><HeartRateBpm><Value>100</Value></HeartRateBpm><Cadence>21</Cadence><Extensions><ext:TPX><ext:Watts>39.111111111111114</ext:Watts><ext:Torque>20</ext:Torque></ext:TPX></Extensions></Trackpoint><Trackpoint><Time>2025-11-04T11:08:27.008Z</Time><DistanceMeters>1371.8820079811092</DistanceMeters><HeartRateBpm><Value>100</Value></HeartRateBpm><Cadence>22</Cadence><Extensions><ext:TPX><ext:Watts>41.48571428571429</ext:Watts><ext:Torque>20</ext:Torque></ext:TPX></Extensions></Trackpoint><Trackpoint><Time>2025-11-04T11:08:28.408Z</Time><DistanceMeters>1375.7264815503534</DistanceMeters><HeartRateBpm><Value>100</Value></HeartRateBpm><Cadence>22</Cadence><Extensions><ext:TPX><ext:Watts>40.542857142857144</ext:Watts><ext:Torque>20</ext:Torque></ext:TPX></Extensions></Trackpoint><Trackpoint><Time>2025-11-04T11:08:29.848Z</Time><DistanceMeters>1379.7176578147203</DistanceMeters><HeartRateBpm><Value>101</Value></HeartRateBpm><Cadence>21</Cadence><Extensions><ext:TPX><ext:Watts>41.111111111111114</ext:Watts><ext:Torque>20</ext:Torque></ext:TPX></Extensions></Trackpoint><Trackpoint><Time>2025-11-04T11:08:31.248Z</Time><DistanceMeters>1383.7003048526265</DistanceMeters><HeartRateBpm><Value>101</Value></HeartRateBpm><Cadence>22</Cadence><Extensions><ext:TPX><ext:Watts>42.0</ext:Watts><ext:Torque>20</ext:Torque></ext:TPX></Extensions></Trackpoint><Trackpoint><Time>2025-11-04T11:08:32.653Z</Time><DistanceMeters>1387.747974699315</DistanceMeters><HeartRateBpm><Value>101</Value></HeartRateBpm><Cadence>22</Cadence><Extensions><ext:TPX><ext:Watts>42.68571428571428</ext:Watts><ext:Torque>20</ext:Torque></ext:TPX></Extensions></Trackpoint><Trackpoint><Time>2025-11-04T11:08:34.018Z</Time><DistanceMeters>1391.8472513296224</DistanceMeters><HeartRateBpm><Value>102</Value></HeartRateBpm><Cadence>22</Cadence><Extensions><ext:TPX><ext:Watts>44.23529411764706</ext:Watts><ext:Torque>20</ext:Torque></ext:TPX></Extensions></Trackpoint><Trackpoint><Time>2025-11-04T11:08:35.458Z</Time><DistanceMeters>1396.1296755916594</DistanceMeters><HeartRateBpm><Value>102</Value></HeartRateBpm><Cadence>21</Cadence><Extensions><ext:TPX><ext:Watts>44.111111111111114</ext:Watts><ext:Torque>20</ext:Torque></ext:TPX></Extensions></Trackpoint><Trackpoint><Time>2025-11-04T11:08:36.863Z</Time><DistanceMeters>1400.4157624038824</DistanceMeters><HeartRateBpm><Value>103</Value></HeartRateBpm><Cadence>22</Cadence><Extensions><ext:TPX><ext:Watts>45.2</ext:Watts><ext:Torque>20</ext:Torque></ext:TPX></Extensions></Trackpoint><Trackpoint><Time>2025-11-04T11:08:38.263Z</Time><DistanceMeters>1404.7289420530979</DistanceMeters><HeartRateBpm><Value>103</Value></HeartRateBpm><Cadence>22</Cadence><Extensions><ext:TPX><ext:Watts>45.48571428571429</ext:Watts><ext:Torque>20</ext:Torque></ext:TPX></Extensions></Trackpoint><Trackpoint><Time>2025-11-04T11:08:39.663Z</Time><DistanceMeters>1409.0719238230051</DistanceMeters><HeartRateBpm><Value>104</Value></HeartRateBpm><Cadence>22</Cadence><Extensions><ext:TPX><ext:Watts>45.8</ext:Watts><ext:Torque>20</ext:Torque></ext:TPX></Extensions></Trackpoint><Trackpoint><Time>2025-11-04T11:08:41.063Z</Time><DistanceMeters>1413.368847770025</DistanceMeters><HeartRateBpm><Value>104</Value></HeartRateBpm><Cadence>22</Cadence><Extensions><ext:TPX><ext:Watts>45.31428571428572</ext:Watts><ext:Torque>20</ext:Torque></ext:TPX></Extensions></Trackpoint><Trackpoint><Time>2025-11-04T11:08:42.503Z</Time><DistanceMeters>1417.589246995521</DistanceMeters><HeartRateBpm><Value>105</Value></HeartRateBpm><Cadence>21</Cadence><Extensions><ext:TPX><ext:Watts>43.47222222222222</ext:Watts><ext:Torque>20</ext:Torque></ext:TPX></Extensions></Trackpoint><Trackpoint><Time>2025-11-04T11:08:43.913Z</Time><DistanceMeters>1421.7317417716833</DistanceMeters><HeartRateBpm><Value>105</Value></HeartRateBpm><Cadence>22</Cadence><Extensions><ext:TPX><ext:Watts>43.68571428571428</ext:Watts><ext:Torque>20</ext:Torque></ext:TPX></Extensions></Trackpoint><Trackpoint><Time>2025-11-04T11:08:45.273Z</Time><DistanceMeters>1425.9073347222359</DistanceMeters><HeartRateBpm><Value>105</Value></HeartRateBpm><Cadence>22</Cadence><Extensions><ext:TPX><ext:Watts>45.05882352941177</ext:Watts><ext:Torque>20</ext:Torque></ext:TPX></Extensions></Trackpoint><Trackpoint><Time>2025-11-04T11:08:46.713Z</Time><DistanceMeters>1430.3030220944777</DistanceMeters><HeartRateBpm><Value>106</Value></HeartRateBpm><Cadence>21</Cadence><Extensions><ext:TPX><ext:Watts>45.27777777777778</ext:Watts><ext:Torque>20</ext:Torque></ext:TPX></Extensions></Trackpoint><Trackpoint><Time>2025-11-04T11:08:48.153Z</Time><DistanceMeters>1434.642077911617</DistanceMeters><HeartRateBpm><Value>106</Value></HeartRateBpm><Cadence>21</Cadence><Extensions><ext:TPX><ext:Watts>44.69444444444444</ext:Watts><ext:Torque>20</ext:Torque></ext:TPX></Extensions></Trackpoint><Trackpoint><Time>2025-11-04T11:08:49.553Z</Time><DistanceMeters>1439.098849596893</DistanceMeters><HeartRateBpm><Value>107</Value></HeartRateBpm><Cadence>22</Cadence><Extensions><ext:TPX><ext:Watts>47.0</ext:Watts><ext:Torque>20</ext:Torque></ext:TPX></Extensions></Trackpoint><Trackpoint><Time>2025-11-04T11:08:50.993Z</Time><DistanceMeters>1443.5565620056757</DistanceMeters><HeartRateBpm><Value>108</Value></HeartRateBpm><Cadence>21</Cadence><Extensions><ext:TPX><ext:Watts>45.916666666666664</ext:Watts><ext:Torque>20</ext:Torque></ext:TPX></Extensions></Trackpoint><Trackpoint><Time>2025-11-04T11:08:52.393Z</Time><DistanceMeters>1447.8507766689963</DistanceMeters><HeartRateBpm><Value>108</Value></HeartRateBpm><Cadence>22</Cadence><Extensions><ext:TPX><ext:Watts>45.285714285714285</ext:Watts><ext:Torque>20</ext:Torque></ext:TPX></Extensions></Trackpoint><Trackpoint><Time>2025-11-04T11:08:53.873Z</Time><DistanceMeters>1452.4255013153254</DistanceMeters><HeartRateBpm><Value>109</Value></HeartRateBpm><Cadence>20</Cadence><Extensions><ext:TPX><ext:Watts>46.0</ext:Watts><ext:Torque>20</ext:Torque></ext:TPX></Extensions></Trackpoint><Trackpoint><Time>2025-11-04T11:08:55.273Z</Time><DistanceMeters>1457.0231557529628</DistanceMeters><HeartRateBpm><Value>109</Value></HeartRateBpm><Cadence>22</Cadence><Extensions><ext:TPX><ext:Watts>48.48571428571429</ext:Watts><ext:Torque>20</ext:Torque></ext:TPX></Extensions></Trackpoint><Trackpoint><Time>2025-11-04T11:08:56.754Z</Time><DistanceMeters>1461.648949593346</DistanceMeters><HeartRateBpm><Value>109</Value></HeartRateBpm><Cadence>20</Cadence><Extensions><ext:TPX><ext:Watts>46.513513513513516</ext:Watts><ext:Torque>20</ext:Torque></ext:TPX></Extensions></Trackpoint><Trackpoint><Time>2025-11-04T11:08:58.154Z</Time><DistanceMeters>1466.3305918256603</DistanceMeters><HeartRateBpm><Value>109</Value></HeartRateBpm><Cadence>22</Cadence><Extensions><ext:TPX><ext:Watts>49.371428571428574</ext:Watts><ext:Torque>20</ext:Torque></ext:TPX></Extensions></Trackpoint><Trackpoint><Time>2025-11-04T11:08:59.603Z</Time><DistanceMeters>1471.054492275674</DistanceMeters><HeartRateBpm><Value>110</Value></HeartRateBpm><Cadence>20</Cadence><Extensions><ext:TPX><ext:Watts>47.5</ext:Watts><ext:Torque>20</ext:Torque></ext:TPX></Extensions></Trackpoint><Trackpoint><Time>2025-11-04T11:09:01.043Z</Time><DistanceMeters>1475.7710917934967</DistanceMeters><HeartRateBpm><Value>110</Value></HeartRateBpm><Cadence>21</Cadence><Extensions><ext:TPX><ext:Watts>48.583333333333336</ext:Watts><ext:Torque>20</ext:Torque></ext:TPX></Extensions></Trackpoint><Trackpoint><Time>2025-11-04T11:09:02.483Z</Time><DistanceMeters>1480.4040923490252</DistanceMeters><HeartRateBpm><Value>110</Value></HeartRateBpm><Cadence>21</Cadence><Extensions><ext:TPX><ext:Watts>47.72222222222222</ext:Watts><ext:Torque>20</ext:Torque></ext:TPX></Extensions></Trackpoint><Trackpoint><Time>2025-11-04T11:09:03.923Z</Time><DistanceMeters>1485.0586668303072</DistanceMeters><HeartRateBpm><Value>110</Value></HeartRateBpm><Cadence>21</Cadence><Extensions><ext:TPX><ext:Watts>47.94444444444444</ext:Watts><ext:Torque>20</ext:Torque></ext:TPX></Extensions></Trackpoint><Trackpoint><Time>2025-11-04T11:09:05.323Z</Time><DistanceMeters>1489.6481934168469</DistanceMeters><HeartRateBpm><Value>110</Value></HeartRateBpm><Cadence>22</Cadence><Extensions><ext:TPX><ext:Watts>48.4</ext:Watts><ext:Torque>20</ext:Torque></ext:TPX></Extensions></Trackpoint><Trackpoint><Time>2025-11-04T11:09:06.768Z</Time><DistanceMeters>1494.4079407861764</DistanceMeters><HeartRateBpm><Value>110</Value></HeartRateBpm><Cadence>21</Cadence><Extensions><ext:TPX><ext:Watts>49.02777777777778</ext:Watts><ext:Torque>20</ext:Torque></ext:TPX></Extensions></Trackpoint><Trackpoint><Time>2025-11-04T11:09:08.208Z</Time><DistanceMeters>1499.1515077111908</DistanceMeters><HeartRateBpm><Value>110</Value></HeartRateBpm><Cadence>21</Cadence><Extensions><ext:TPX><ext:Watts>48.861111111111114</ext:Watts><ext:Torque>20</ext:Torque></ext:TPX></Extensions></Trackpoint><Trackpoint><Time>2025-11-04T11:09:09.608Z</Time><DistanceMeters>1503.7085228933393</DistanceMeters><HeartRateBpm><Value>110</Value></HeartRateBpm><Cadence>22</Cadence><Extensions><ext:TPX><ext:Watts>48.05714285714286</ext:Watts><ext:Torque>20</ext:Torque></ext:TPX></Extensions></Trackpoint><Trackpoint><Time>2025-11-04T11:09:11.008Z</Time><DistanceMeters>1508.363072288661</DistanceMeters><HeartRateBpm><Value>110</Value></HeartRateBpm><Cadence>22</Cadence><Extensions><ext:TPX><ext:Watts>49.08571428571429</ext:Watts><ext:Torque>20</ext:Torque></ext:TPX></Extensions></Trackpoint><Trackpoint><Time>2025-11-04T11:09:12.449Z</Time><DistanceMeters>1512.9825891405937</DistanceMeters><HeartRateBpm><Value>110</Value></HeartRateBpm><Cadence>21</Cadence><Extensions><ext:TPX><ext:Watts>47.583333333333336</ext:Watts><ext:Torque>20</ext:Torque></ext:TPX></Extensions></Trackpoint><Trackpoint><Time>2025-11-04T11:09:13.854Z</Time><DistanceMeters>1517.6452663870132</DistanceMeters><HeartRateBpm><Value>111</Value></HeartRateBpm><Cadence>22</Cadence><Extensions><ext:TPX><ext:Watts>49.17142857142857</ext:Watts><ext:Torque>20</ext:Torque></ext:TPX></Extensions></Trackpoint><Trackpoint><Time>2025-11-04T11:09:15.293Z</Time><DistanceMeters>1522.3375952383635</DistanceMeters><HeartRateBpm><Value>111</Value></HeartRateBpm><Cadence>21</Cadence><Extensions><ext:TPX><ext:Watts>48.333333333333336</ext:Watts><ext:Torque>20</ext:Torque></ext:TPX></Extensions></Trackpoint><Trackpoint><Time>2025-11-04T11:09:16.739Z</Time><DistanceMeters>1527.00072036095</DistanceMeters><HeartRateBpm><Value>111</Value></HeartRateBpm><Cadence>20</Cadence><Extensions><ext:TPX><ext:Watts>46.888888888888886</ext:Watts><ext:Torque>20</ext:Torque></ext:TPX></Extensions></Trackpoint><Trackpoint><Time>2025-11-04T11:09:18.139Z</Time><DistanceMeters>1531.720292565054</DistanceMeters><HeartRateBpm><Value>111</Value></HeartRateBpm><Cadence>22</Cadence><Extensions><ext:TPX><ext:Watts>49.77142857142857</ext:Watts><ext:Torque>20</ext:Torque></ext:TPX></Extensions></Trackpoint><Trackpoint><Time>2025-11-04T11:09:19.579Z</Time><DistanceMeters>1536.2265463067818</DistanceMeters><HeartRateBpm><Value>111</Value></HeartRateBpm><Cadence>21</Cadence><Extensions><ext:TPX><ext:Watts>46.416666666666664</ext:Watts><ext:Torque>20</ext:Torque></ext:TPX></Extensions></Trackpoint><Trackpoint><Time>2025-11-04T11:09:20.979Z</Time><DistanceMeters>1540.843165730314</DistanceMeters><HeartRateBpm><Value>112</Value></HeartRateBpm><Cadence>22</Cadence><Extensions><ext:TPX><ext:Watts>48.68571428571428</ext:Watts><ext:Torque>20</ext:Torque></ext:TPX></Extensions></Trackpoint><Trackpoint><Time>2025-11-04T11:09:22.378Z</Time><DistanceMeters>1545.4652037212447</DistanceMeters><HeartRateBpm><Value>112</Value></HeartRateBpm><Cadence>22</Cadence><Extensions><ext:TPX><ext:Watts>48.74285714285714</ext:Watts><ext:Torque>20</ext:Torque></ext:TPX></Extensions></Trackpoint><Trackpoint><Time>2025-11-04T11:09:23.779Z</Time><DistanceMeters>1550.1170438328672</DistanceMeters><HeartRateBpm><Value>112</Value></HeartRateBpm><Cadence>22</Cadence><Extensions><ext:TPX><ext:Watts>49.05714285714286</ext:Watts><ext:Torque>20</ext:Torque></ext:TPX></Extensions></Trackpoint><Trackpoint><Time>2025-11-04T11:09:25.179Z</Time><DistanceMeters>1554.8013953488808</DistanceMeters><HeartRateBpm><Value>112</Value></HeartRateBpm><Cadence>22</Cadence><Extensions><ext:TPX><ext:Watts>49.4</ext:Watts><ext:Torque>20</ext:Torque></ext:TPX></Extensions></Trackpoint><Trackpoint><Time>2025-11-04T11:09:26.579Z</Time><DistanceMeters>1559.4776190137966</DistanceMeters><HeartRateBpm><Value>112</Value></HeartRateBpm><Cadence>22</Cadence><Extensions><ext:TPX><ext:Watts>49.31428571428572</ext:Watts><ext:Torque>20</ext:Torque></ext:TPX></Extensions></Trackpoint><Trackpoint><Time>2025-11-04T11:09:28.019Z</Time><DistanceMeters>1564.0647749770994</DistanceMeters><HeartRateBpm><Value>112</Value></HeartRateBpm><Cadence>21</Cadence><Extensions><ext:TPX><ext:Watts>47.25</ext:Watts><ext:Torque>20</ext:Torque></ext:TPX></Extensions></Trackpoint><Trackpoint><Time>2025-11-04T11:09:29.379Z</Time><DistanceMeters>1568.7009914319883</DistanceMeters><HeartRateBpm><Value>113</Value></HeartRateBpm><Cadence>22</Cadence><Extensions><ext:TPX><ext:Watts>50.029411764705884</ext:Watts><ext:Torque>20</ext:Torque></ext:TPX></Extensions></Trackpoint><Trackpoint><Time>2025-11-04T11:09:30.859Z</Time><DistanceMeters>1573.2837796352733</DistanceMeters><HeartRateBpm><Value>113</Value></HeartRateBpm><Cadence>20</Cadence><Extensions><ext:TPX><ext:Watts>46.08108108108108</ext:Watts><ext:Torque>20</ext:Torque></ext:TPX></Extensions></Trackpoint><Trackpoint><Time>2025-11-04T11:09:32.259Z</Time><DistanceMeters>1577.8353762500233</DistanceMeters><HeartRateBpm><Value>113</Value></HeartRateBpm><Cadence>22</Cadence><Extensions><ext:TPX><ext:Watts>48.0</ext:Watts><ext:Torque>20</ext:Torque></ext:TPX></Extensions></Trackpoint><Trackpoint><Time>2025-11-04T11:09:33.664Z</Time><DistanceMeters>1582.5034720638414</DistanceMeters><HeartRateBpm><Value>113</Value></HeartRateBpm><Cadence>22</Cadence><Extensions><ext:TPX><ext:Watts>49.22857142857143</ext:Watts><ext:Torque>20</ext:Torque></ext:TPX></Extensions></Trackpoint><Trackpoint><Time>2025-11-04T11:09:35.104Z</Time><DistanceMeters>1587.0960215085825</DistanceMeters><HeartRateBpm><Value>113</Value></HeartRateBpm><Cadence>21</Cadence><Extensions><ext:TPX><ext:Watts>47.30555555555556</ext:Watts><ext:Torque>20</ext:Torque></ext:TPX></Extensions></Trackpoint><Trackpoint><Time>2025-11-04T11:09:36.544Z</Time><DistanceMeters>1591.742505767707</DistanceMeters><HeartRateBpm><Value>113</Value></HeartRateBpm><Cadence>21</Cadence><Extensions><ext:TPX><ext:Watts>47.861111111111114</ext:Watts><ext:Torque>20</ext:Torque></ext:TPX></Extensions></Trackpoint><Trackpoint><Time>2025-11-04T11:09:37.984Z</Time><DistanceMeters>1596.335055212448</DistanceMeters><HeartRateBpm><Value>113</Value></HeartRateBpm><Cadence>21</Cadence><Extensions><ext:TPX><ext:Watts>47.30555555555556</ext:Watts><ext:Torque>20</ext:Torque></ext:TPX></Extensions></Trackpoint><Trackpoint><Time>2025-11-04T11:09:39.389Z</Time><DistanceMeters>1600.9462560685815</DistanceMeters><HeartRateBpm><Value>113</Value></HeartRateBpm><Cadence>22</Cadence><Extensions><ext:TPX><ext:Watts>48.628571428571426</ext:Watts><ext:Torque>20</ext:Torque></ext:TPX></Extensions></Trackpoint><Trackpoint><Time>2025-11-04T11:09:40.794Z</Time><DistanceMeters>1605.4436670093464</DistanceMeters><HeartRateBpm><Value>113</Value></HeartRateBpm><Cadence>22</Cadence><Extensions><ext:TPX><ext:Watts>47.42857142857143</ext:Watts><ext:Torque>20</ext:Torque></ext:TPX></Extensions></Trackpoint><Trackpoint><Time>2025-11-04T11:09:42.236Z</Time><DistanceMeters>1609.8636250480608</DistanceMeters><HeartRateBpm><Value>112</Value></HeartRateBpm><Cadence>21</Cadence><Extensions><ext:TPX><ext:Watts>45.52777777777778</ext:Watts><ext:Torque>20</ext:Torque></ext:TPX></Extensions></Trackpoint><Trackpoint><Time>2025-11-04T11:09:43.680Z</Time><DistanceMeters>1614.4022396784185</DistanceMeters><HeartRateBpm><Value>112</Value></HeartRateBpm><Cadence>21</Cadence><Extensions><ext:TPX><ext:Watts>46.75</ext:Watts><ext:Torque>20</ext:Torque></ext:TPX></Extensions></Trackpoint><Trackpoint><Time>2025-11-04T11:09:45.079Z</Time><DistanceMeters>1618.8861042006872</DistanceMeters><HeartRateBpm><Value>112</Value></HeartRateBpm><Cadence>22</Cadence><Extensions><ext:TPX><ext:Watts>47.285714285714285</ext:Watts><ext:Torque>20</ext:Torque></ext:TPX></Extensions></Trackpoint><Trackpoint><Time>2025-11-04T11:09:46.524Z</Time><DistanceMeters>1623.4489894975175</DistanceMeters><HeartRateBpm><Value>112</Value></HeartRateBpm><Cadence>21</Cadence><Extensions><ext:TPX><ext:Watts>47.0</ext:Watts><ext:Torque>20</ext:Torque></ext:TPX></Extensions></Trackpoint><Trackpoint><Time>2025-11-04T11:09:47.964Z</Time><DistanceMeters>1628.0765965716078</DistanceMeters><HeartRateBpm><Value>112</Value></HeartRateBpm><Cadence>21</Cadence><Extensions><ext:TPX><ext:Watts>47.666666666666664</ext:Watts><ext:Torque>20</ext:Torque></ext:TPX></Extensions></Trackpoint><Trackpoint><Time>2025-11-04T11:09:49.364Z</Time><DistanceMeters>1632.8747380029902</DistanceMeters><HeartRateBpm><Value>112</Value></HeartRateBpm><Cadence>22</Cadence><Extensions><ext:TPX><ext:Watts>50.6</ext:Watts><ext:Torque>20</ext:Torque></ext:TPX></Extensions></Trackpoint><Trackpoint><Time>2025-11-04T11:09:50.804Z</Time><DistanceMeters>1637.4996483363614</DistanceMeters><HeartRateBpm><Value>112</Value></HeartRateBpm><Cadence>21</Cadence><Extensions><ext:TPX><ext:Watts>47.638888888888886</ext:Watts><ext:Torque>20</ext:Torque></ext:TPX></Extensions></Trackpoint><Trackpoint><Time>2025-11-04T11:09:52.249Z</Time><DistanceMeters>1642.2189445949032</DistanceMeters><HeartRateBpm><Value>112</Value></HeartRateBpm><Cadence>21</Cadence><Extensions><ext:TPX><ext:Watts>48.611111111111114</ext:Watts><ext:Torque>20</ext:Torque></ext:TPX></Extensions></Trackpoint><Trackpoint><Time>2025-11-04T11:09:53.689Z</Time><DistanceMeters>1646.8708223354658</DistanceMeters><HeartRateBpm><Value>111</Value></HeartRateBpm><Cadence>21</Cadence><Extensions><ext:TPX><ext:Watts>47.916666666666664</ext:Watts><ext:Torque>20</ext:Torque></ext:TPX></Extensions></Trackpoint><Trackpoint><Time>2025-11-04T11:09:55.054Z</Time><DistanceMeters>1651.4388992187073</DistanceMeters><HeartRateBpm><Value>111</Value></HeartRateBpm><Cadence>22</Cadence><Extensions><ext:TPX><ext:Watts>49.294117647058826</ext:Watts><ext:Torque>20</ext:Torque></ext:TPX></Extensions></Trackpoint><Trackpoint><Time>2025-11-04T11:09:56.494Z</Time><DistanceMeters>1655.9990877748185</DistanceMeters><HeartRateBpm><Value>111</Value></HeartRateBpm><Cadence>21</Cadence><Extensions><ext:TPX><ext:Watts>46.97222222222222</ext:Watts><ext:Torque>20</ext:Torque></ext:TPX></Extensions></Trackpoint><Trackpoint><Time>2025-11-04T11:09:57.939Z</Time><DistanceMeters>1660.5754567752444</DistanceMeters><HeartRateBpm><Value>111</Value></HeartRateBpm><Cadence>21</Cadence><Extensions><ext:TPX><ext:Watts>47.138888888888886</ext:Watts><ext:Torque>20</ext:Torque></ext:TPX></Extensions></Trackpoint><Trackpoint><Time>2025-11-04T11:09:59.340Z</Time><DistanceMeters>1665.3112846815438</DistanceMeters><HeartRateBpm><Value>111</Value></HeartRateBpm><Cadence>22</Cadence><Extensions><ext:TPX><ext:Watts>49.94285714285714</ext:Watts><ext:Torque>20</ext:Torque></ext:TPX></Extensions></Trackpoint><Trackpoint><Time>2025-11-04T11:10:00.779Z</Time><DistanceMeters>1670.0575483472774</DistanceMeters><HeartRateBpm><Value>111</Value></HeartRateBpm><Cadence>21</Cadence><Extensions><ext:TPX><ext:Watts>48.888888888888886</ext:Watts><ext:Torque>20</ext:Torque></ext:TPX></Extensions></Trackpoint><Trackpoint><Time>2025-11-04T11:10:02.224Z</Time><DistanceMeters>1674.7741478651</DistanceMeters><HeartRateBpm><Value>111</Value></HeartRateBpm><Cadence>21</Cadence><Extensions><ext:TPX><ext:Watts>48.583333333333336</ext:Watts><ext:Torque>20</ext:Torque></ext:TPX></Extensions></Trackpoint><Trackpoint><Time>2025-11-04T11:10:03.624Z</Time><DistanceMeters>1679.377220870136</DistanceMeters><HeartRateBpm><Value>111</Value></HeartRateBpm><Cadence>22</Cadence><Extensions><ext:TPX><ext:Watts>48.542857142857144</ext:Watts><ext:Torque>20</ext:Torque></ext:TPX></Extensions></Trackpoint><Trackpoint><Time>2025-11-04T11:10:05.109Z</Time><DistanceMeters>1684.0938641188893</DistanceMeters><HeartRateBpm><Value>112</Value></HeartRateBpm><Cadence>20</Cadence><Extensions><ext:TPX><ext:Watts>46.270270270270274</ext:Watts><ext:Torque>20</ext:Torque></ext:TPX></Extensions></Trackpoint><Trackpoint><Time>2025-11-04T11:10:06.549Z</Time><DistanceMeters>1688.7969799331163</DistanceMeters><HeartRateBpm><Value>112</Value></HeartRateBpm><Cadence>21</Cadence><Extensions><ext:TPX><ext:Watts>48.44444444444444</ext:Watts><ext:Torque>20</ext:Torque></ext:TPX></Extensions></Trackpoint><Trackpoint><Time>2025-11-04T11:10:07.949Z</Time><DistanceMeters>1693.4732035980321</DistanceMeters><HeartRateBpm><Value>112</Value></HeartRateBpm><Cadence>22</Cadence><Extensions><ext:TPX><ext:Watts>49.31428571428572</ext:Watts><ext:Torque>20</ext:Torque></ext:TPX></Extensions></Trackpoint><Trackpoint><Time>2025-11-04T11:10:09.434Z</Time><DistanceMeters>1698.2339276248113</DistanceMeters><HeartRateBpm><Value>112</Value></HeartRateBpm><Cadence>20</Cadence><Extensions><ext:TPX><ext:Watts>46.7027027027027</ext:Watts><ext:Torque>20</ext:Torque></ext:TPX></Extensions></Trackpoint><Trackpoint><Time>2025-11-04T11:10:10.874Z</Time><DistanceMeters>1702.740181366539</DistanceMeters><HeartRateBpm><Value>112</Value></HeartRateBpm><Cadence>21</Cadence><Extensions><ext:TPX><ext:Watts>46.416666666666664</ext:Watts><ext:Torque>20</ext:Torque></ext:TPX></Extensions></Trackpoint><Trackpoint><Time>2025-11-04T11:10:12.354Z</Time><DistanceMeters>1707.6428239957424</DistanceMeters><HeartRateBpm><Value>112</Value></HeartRateBpm><Cadence>20</Cadence><Extensions><ext:TPX><ext:Watts>49.2972972972973</ext:Watts><ext:Torque>20</ext:Torque></ext:TPX></Extensions></Trackpoint><Trackpoint><Time>2025-11-04T11:10:13.834Z</Time><DistanceMeters>1712.7739340720304</DistanceMeters><HeartRateBpm><Value>112</Value></HeartRateBpm><Cadence>20</Cadence><Extensions><ext:TPX><ext:Watts>51.5945945945946</ext:Watts><ext:Torque>20</ext:Torque></ext:TPX></Extensions></Trackpoint><Trackpoint><Time>2025-11-04T11:10:15.314Z</Time><DistanceMeters>1717.7760272370235</DistanceMeters><HeartRateBpm><Value>113</Value></HeartRateBpm><Cadence>20</Cadence><Extensions><ext:TPX><ext:Watts>50.2972972972973</ext:Watts><ext:Torque>20</ext:Torque></ext:TPX></Extensions></Trackpoint><Trackpoint><Time>2025-11-04T11:10:16.794Z</Time><DistanceMeters>1722.686733423183</DistanceMeters><HeartRateBpm><Value>113</Value></HeartRateBpm><Cadence>20</Cadence><Extensions><ext:TPX><ext:Watts>49.37837837837838</ext:Watts><ext:Torque>20</ext:Torque></ext:TPX></Extensions></Trackpoint><Trackpoint><Time>2025-11-04T11:10:18.194Z</Time><DistanceMeters>1727.6122111884301</DistanceMeters><HeartRateBpm><Value>113</Value></HeartRateBpm><Cadence>22</Cadence><Extensions><ext:TPX><ext:Watts>51.94285714285714</ext:Watts><ext:Torque>20</ext:Torque></ext:TPX></Extensions></Trackpoint><Trackpoint><Time>2025-11-04T11:10:19.640Z</Time><DistanceMeters>1732.573687918386</DistanceMeters><HeartRateBpm><Value>113</Value></HeartRateBpm><Cadence>20</Cadence><Extensions><ext:TPX><ext:Watts>49.888888888888886</ext:Watts><ext:Torque>20</ext:Torque></ext:TPX></Extensions></Trackpoint><Trackpoint><Time>2025-11-04T11:10:21.079Z</Time><DistanceMeters>1737.4790592865504</DistanceMeters><HeartRateBpm><Value>114</Value></HeartRateBpm><Cadence>21</Cadence><Extensions><ext:TPX><ext:Watts>50.52777777777778</ext:Watts><ext:Torque>20</ext:Torque></ext:TPX></Extensions></Trackpoint><Trackpoint><Time>2025-11-04T11:10:22.519Z</Time><DistanceMeters>1742.2334131744415</DistanceMeters><HeartRateBpm><Value>114</Value></HeartRateBpm><Cadence>21</Cadence><Extensions><ext:TPX><ext:Watts>48.97222222222222</ext:Watts><ext:Torque>20</ext:Torque></ext:TPX></Extensions></Trackpoint><Trackpoint><Time>2025-11-04T11:10:23.999Z</Time><DistanceMeters>1746.8162013777264</DistanceMeters><HeartRateBpm><Value>114</Value></HeartRateBpm><Cadence>20</Cadence><Extensions><ext:TPX><ext:Watts>46.08108108108108</ext:Watts><ext:Torque>20</ext:Torque></ext:TPX></Extensions></Trackpoint><Trackpoint><Time>2025-11-04T11:10:25.439Z</Time><DistanceMeters>1751.516620451234</DistanceMeters><HeartRateBpm><Value>115</Value></HeartRateBpm><Cadence>21</Cadence><Extensions><ext:TPX><ext:Watts>48.416666666666664</ext:Watts><ext:Torque>20</ext:Torque></ext:TPX></Extensions></Trackpoint><Trackpoint><Time>2025-11-04T11:10:26.880Z</Time><DistanceMeters>1756.2413101912143</DistanceMeters><HeartRateBpm><Value>115</Value></HeartRateBpm><Cadence>21</Cadence><Extensions><ext:TPX><ext:Watts>48.666666666666664</ext:Watts><ext:Torque>20</ext:Torque></ext:TPX></Extensions></Trackpoint><Trackpoint><Time>2025-11-04T11:10:28.319Z</Time><DistanceMeters>1760.909368376092</DistanceMeters><HeartRateBpm><Value>116</Value></HeartRateBpm><Cadence>21</Cadence><Extensions><ext:TPX><ext:Watts>48.083333333333336</ext:Watts><ext:Torque>20</ext:Torque></ext:TPX></Extensions></Trackpoint><Trackpoint><Time>2025-11-04T11:10:29.765Z</Time><DistanceMeters>1765.6691815195854</DistanceMeters><HeartRateBpm><Value>116</Value></HeartRateBpm><Cadence>20</Cadence><Extensions><ext:TPX><ext:Watts>47.861111111111114</ext:Watts><ext:Torque>20</ext:Torque></ext:TPX></Extensions></Trackpoint><Trackpoint><Time>2025-11-04T11:10:31.204Z</Time><DistanceMeters>1770.2320668164157</DistanceMeters><HeartRateBpm><Value>116</Value></HeartRateBpm><Cadence>21</Cadence><Extensions><ext:TPX><ext:Watts>47.0</ext:Watts><ext:Torque>20</ext:Torque></ext:TPX></Extensions></Trackpoint><Trackpoint><Time>2025-11-04T11:10:32.645Z</Time><DistanceMeters>1774.91091196417</DistanceMeters><HeartRateBpm><Value>117</Value></HeartRateBpm><Cadence>21</Cadence><Extensions><ext:TPX><ext:Watts>48.19444444444444</ext:Watts><ext:Torque>20</ext:Torque></ext:TPX></Extensions></Trackpoint><Trackpoint><Time>2025-11-04T11:10:34.130Z</Time><DistanceMeters>1779.7184718176015</DistanceMeters><HeartRateBpm><Value>117</Value></HeartRateBpm><Cadence>20</Cadence><Extensions><ext:TPX><ext:Watts>47.16216216216216</ext:Watts><ext:Torque>20</ext:Torque></ext:TPX></Extensions></Trackpoint><Trackpoint><Time>2025-11-04T11:10:35.570Z</Time><DistanceMeters>1784.3352919288152</DistanceMeters><HeartRateBpm><Value>118</Value></HeartRateBpm><Cadence>21</Cadence><Extensions><ext:TPX><ext:Watts>47.55555555555556</ext:Watts><ext:Torque>20</ext:Torque></ext:TPX></Extensions></Trackpoint><Trackpoint><Time>2025-11-04T11:10:37.010Z</Time><DistanceMeters>1789.0464979651997</DistanceMeters><HeartRateBpm><Value>118</Value></HeartRateBpm><Cadence>21</Cadence><Extensions><ext:TPX><ext:Watts>48.52777777777778</ext:Watts><ext:Torque>20</ext:Torque></ext:TPX></Extensions></Trackpoint><Trackpoint><Time>2025-11-04T11:10:38.449Z</Time><DistanceMeters>1793.70646592792</DistanceMeters><HeartRateBpm><Value>118</Value></HeartRateBpm><Cadence>21</Cadence><Extensions><ext:TPX><ext:Watts>48.0</ext:Watts><ext:Torque>20</ext:Torque></ext:TPX></Extensions></Trackpoint><Trackpoint><Time>2025-11-04T11:10:39.890Z</Time><DistanceMeters>1798.4068850014276</DistanceMeters><HeartRateBpm><Value>118</Value></HeartRateBpm><Cadence>21</Cadence><Extensions><ext:TPX><ext:Watts>48.416666666666664</ext:Watts><ext:Torque>20</ext:Torque></ext:TPX></Extensions></Trackpoint><Trackpoint><Time>2025-11-04T11:10:41.330Z</Time><DistanceMeters>1803.104607334216</DistanceMeters><HeartRateBpm><Value>118</Value></HeartRateBpm><Cadence>21</Cadence><Extensions><ext:TPX><ext:Watts>48.388888888888886</ext:Watts><ext:Torque>20</ext:Torque></ext:TPX></Extensions></Trackpoint><Trackpoint><Time>2025-11-04T11:10:42.810Z</Time><DistanceMeters>1807.695459094457</DistanceMeters><HeartRateBpm><Value>118</Value></HeartRateBpm><Cadence>20</Cadence><Extensions><ext:TPX><ext:Watts>46.16216216216216</ext:Watts><ext:Torque>20</ext:Torque></ext:TPX></Extensions></Trackpoint><Trackpoint><Time>2025-11-04T11:10:44.250Z</Time><DistanceMeters>1812.336549872143</DistanceMeters><HeartRateBpm><Value>118</Value></HeartRateBpm><Cadence>21</Cadence><Extensions><ext:TPX><ext:Watts>47.80555555555556</ext:Watts><ext:Torque>20</ext:Torque></ext:TPX></Extensions></Trackpoint><Trackpoint><Time>2025-11-04T11:10:45.690Z</Time><DistanceMeters>1816.9156156132883</DistanceMeters><HeartRateBpm><Value>118</Value></HeartRateBpm><Cadence>21</Cadence><Extensions><ext:TPX><ext:Watts>47.166666666666664</ext:Watts><ext:Torque>20</ext:Torque></ext:TPX></Extensions></Trackpoint><Trackpoint><Time>2025-11-04T11:10:47.095Z</Time><DistanceMeters>1821.5132700509257</DistanceMeters><HeartRateBpm><Value>118</Value></HeartRateBpm><Cadence>22</Cadence><Extensions><ext:TPX><ext:Watts>48.48571428571429</ext:Watts><ext:Torque>20</ext:Torque></ext:TPX></Extensions></Trackpoint><Trackpoint><Time>2025-11-04T11:10:48.535Z</Time><DistanceMeters>1826.1786314950843</DistanceMeters><HeartRateBpm><Value>118</Value></HeartRateBpm><Cadence>21</Cadence><Extensions><ext:TPX><ext:Watts>48.05555555555556</ext:Watts><ext:Torque>20</ext:Torque></ext:TPX></Extensions></Trackpoint><Trackpoint><Time>2025-11-04T11:10:50.015Z</Time><DistanceMeters>1830.7318533228643</DistanceMeters><HeartRateBpm><Value>118</Value></HeartRateBpm><Cadence>20</Cadence><Extensions><ext:TPX><ext:Watts>45.78378378378378</ext:Watts><ext:Torque>20</ext:Torque></ext:TPX></Extensions></Trackpoint><Trackpoint><Time>2025-11-04T11:10:51.455Z</Time><DistanceMeters>1835.2273201017153</DistanceMeters><HeartRateBpm><Value>118</Value></HeartRateBpm><Cadence>21</Cadence><Extensions><ext:TPX><ext:Watts>46.30555555555556</ext:Watts><ext:Torque>20</ext:Torque></ext:TPX></Extensions></Trackpoint><Trackpoint><Time>2025-11-04T11:10:52.895Z</Time><DistanceMeters>1839.8872880644356</DistanceMeters><HeartRateBpm><Value>118</Value></HeartRateBpm><Cadence>21</Cadence><Extensions><ext:TPX><ext:Watts>48.0</ext:Watts><ext:Torque>20</ext:Torque></ext:TPX></Extensions></Trackpoint><Trackpoint><Time>2025-11-04T11:10:54.375Z</Time><DistanceMeters>1844.3329957994697</DistanceMeters><HeartRateBpm><Value>118</Value></HeartRateBpm><Cadence>20</Cadence><Extensions><ext:TPX><ext:Watts>44.7027027027027</ext:Watts><ext:Torque>20</ext:Torque></ext:TPX></Extensions></Trackpoint><Trackpoint><Time>2025-11-04T11:10:55.855Z</Time><DistanceMeters>1848.950726082897</DistanceMeters><HeartRateBpm><Value>118</Value></HeartRateBpm><Cadence>20</Cadence><Extensions><ext:TPX><ext:Watts>46.432432432432435</ext:Watts><ext:Torque>20</ext:Torque></ext:TPX></Extensions></Trackpoint><Trackpoint><Time>2025-11-04T11:10:57.300Z</Time><DistanceMeters>1853.3733808623306</DistanceMeters><HeartRateBpm><Value>118</Value></HeartRateBpm><Cadence>21</Cadence><Extensions><ext:TPX><ext:Watts>45.55555555555556</ext:Watts><ext:Torque>20</ext:Torque></ext:TPX></Extensions></Trackpoint><Trackpoint><Time>2025-11-04T11:10:58.740Z</Time><DistanceMeters>1857.6908627537166</DistanceMeters><HeartRateBpm><Value>118</Value></HeartRateBpm><Cadence>21</Cadence><Extensions><ext:TPX><ext:Watts>44.47222222222222</ext:Watts><ext:Torque>20</ext:Torque></ext:TPX></Extensions></Trackpoint><Trackpoint><Time>2025-11-04T11:11:00.180Z</Time><DistanceMeters>1862.1674523475335</DistanceMeters><HeartRateBpm><Value>118</Value></HeartRateBpm><Cadence>21</Cadence><Extensions><ext:TPX><ext:Watts>46.111111111111114</ext:Watts><ext:Torque>20</ext:Torque></ext:TPX></Extensions></Trackpoint><Trackpoint><Time>2025-11-04T11:11:01.660Z</Time><DistanceMeters>1866.6292871964795</DistanceMeters><HeartRateBpm><Value>118</Value></HeartRateBpm><Cadence>20</Cadence><Extensions><ext:TPX><ext:Watts>44.86486486486486</ext:Watts><ext:Torque>20</ext:Torque></ext:TPX></Extensions></Trackpoint><Trackpoint><Time>2025-11-04T11:11:03.060Z</Time><DistanceMeters>1871.186302378628</DistanceMeters><HeartRateBpm><Value>118</Value></HeartRateBpm><Cadence>22</Cadence><Extensions><ext:TPX><ext:Watts>48.05714285714286</ext:Watts><ext:Torque>20</ext:Torque></ext:TPX></Extensions></Trackpoint><Trackpoint><Time>2025-11-04T11:11:04.540Z</Time><DistanceMeters>1875.693830716991</DistanceMeters><HeartRateBpm><Value>118</Value></HeartRateBpm><Cadence>20</Cadence><Extensions><ext:TPX><ext:Watts>45.32432432432432</ext:Watts><ext:Torque>20</ext:Torque></ext:TPX></Extensions></Trackpoint><Trackpoint><Time>2025-11-04T11:11:05.985Z</Time><DistanceMeters>1880.2243551251913</DistanceMeters><HeartRateBpm><Value>117</Value></HeartRateBpm><Cadence>21</Cadence><Extensions><ext:TPX><ext:Watts>46.666666666666664</ext:Watts><ext:Torque>20</ext:Torque></ext:TPX></Extensions></Trackpoint><Trackpoint><Time>2025-11-04T11:11:07.425Z</Time><DistanceMeters>1884.517566350105</DistanceMeters><HeartRateBpm><Value>117</Value></HeartRateBpm><Cadence>21</Cadence><Extensions><ext:TPX><ext:Watts>44.22222222222222</ext:Watts><ext:Torque>20</ext:Torque></ext:TPX></Extensions></Trackpoint><Trackpoint><Time>2025-11-04T11:11:08.825Z</Time><DistanceMeters>1889.0149772908699</DistanceMeters><HeartRateBpm><Value>117</Value></HeartRateBpm><Cadence>22</Cadence><Extensions><ext:TPX><ext:Watts>47.42857142857143</ext:Watts><ext:Torque>20</ext:Torque></ext:TPX></Extensions></Trackpoint><Trackpoint><Time>2025-11-04T11:11:10.305Z</Time><DistanceMeters>1893.5171299245956</DistanceMeters><HeartRateBpm><Value>117</Value></HeartRateBpm><Cadence>20</Cadence><Extensions><ext:TPX><ext:Watts>45.270270270270274</ext:Watts><ext:Torque>20</ext:Torque></ext:TPX></Extensions></Trackpoint><Trackpoint><Time>2025-11-04T11:11:11.705Z</Time><DistanceMeters>1897.8763673966985</DistanceMeters><HeartRateBpm><Value>117</Value></HeartRateBpm><Cadence>22</Cadence><Extensions><ext:TPX><ext:Watts>45.97142857142857</ext:Watts><ext:Torque>20</ext:Torque></ext:TPX></Extensions></Trackpoint><Trackpoint><Time>2025-11-04T11:11:13.150Z</Time><DistanceMeters>1902.2100297323996</DistanceMeters><HeartRateBpm><Value>116</Value></HeartRateBpm><Cadence>21</Cadence><Extensions><ext:TPX><ext:Watts>44.638888888888886</ext:Watts><ext:Torque>20</ext:Torque></ext:TPX></Extensions></Trackpoint><Trackpoint><Time>2025-11-04T11:11:14.630Z</Time><DistanceMeters>1906.62348323961</DistanceMeters><HeartRateBpm><Value>116</Value></HeartRateBpm><Cadence>20</Cadence><Extensions><ext:TPX><ext:Watts>44.37837837837838</ext:Watts><ext:Torque>20</ext:Torque></ext:TPX></Extensions></Trackpoint><Trackpoint><Time>2025-11-04T11:11:16.070Z</Time><DistanceMeters>1910.922087945962</DistanceMeters><HeartRateBpm><Value>116</Value></HeartRateBpm><Cadence>21</Cadence><Extensions><ext:TPX><ext:Watts>44.27777777777778</ext:Watts><ext:Torque>20</ext:Torque></ext:TPX></Extensions></Trackpoint><Trackpoint><Time>2025-11-04T11:11:17.510Z</Time><DistanceMeters>1915.0831588756364</DistanceMeters><HeartRateBpm><Value>115</Value></HeartRateBpm><Cadence>21</Cadence><Extensions><ext:TPX><ext:Watts>42.861111111111114</ext:Watts><ext:Torque>20</ext:Torque></ext:TPX></Extensions></Trackpoint><Trackpoint><Time>2025-11-04T11:11:18.910Z</Time><DistanceMeters>1919.5805698164013</DistanceMeters><HeartRateBpm><Value>115</Value></HeartRateBpm><Cadence>22</Cadence><Extensions><ext:TPX><ext:Watts>47.42857142857143</ext:Watts><ext:Torque>20</ext:Torque></ext:TPX></Extensions></Trackpoint><Trackpoint><Time>2025-11-04T11:11:20.350Z</Time><DistanceMeters>1924.022101780869</DistanceMeters><HeartRateBpm><Value>115</Value></HeartRateBpm><Cadence>21</Cadence><Extensions><ext:TPX><ext:Watts>45.75</ext:Watts><ext:Torque>20</ext:Torque></ext:TPX></Extensions></Trackpoint><Trackpoint><Time>2025-11-04T11:11:21.750Z</Time><DistanceMeters>1928.4870013172429</DistanceMeters><HeartRateBpm><Value>115</Value></HeartRateBpm><Cadence>22</Cadence><Extensions><ext:TPX><ext:Watts>47.08571428571429</ext:Watts><ext:Torque>20</ext:Torque></ext:TPX></Extensions></Trackpoint><Trackpoint><Time>2025-11-04T11:11:23.150Z</Time><DistanceMeters>1932.9925401091054</DistanceMeters><HeartRateBpm><Value>114</Value></HeartRateBpm><Cadence>22</Cadence><Extensions><ext:TPX><ext:Watts>47.51428571428571</ext:Watts><ext:Torque>20</ext:Torque></ext:TPX></Extensions></Trackpoint><Trackpoint><Time>2025-11-04T11:11:24.590Z</Time><DistanceMeters>1937.482613406518</DistanceMeters><HeartRateBpm><Value>114</Value></HeartRateBpm><Cadence>21</Cadence><Extensions><ext:TPX><ext:Watts>46.25</ext:Watts><ext:Torque>20</ext:Torque></ext:TPX></Extensions></Trackpoint><Trackpoint><Time>2025-11-04T11:11:25.910Z</Time><DistanceMeters>1941.9280188712917</DistanceMeters><HeartRateBpm><Value>114</Value></HeartRateBpm><Cadence>22</Cadence><Extensions><ext:TPX><ext:Watts>49.06060606060606</ext:Watts><ext:Torque>20</ext:Torque></ext:TPX></Extensions></Trackpoint><Trackpoint><Time>2025-11-04T11:11:27.350Z</Time><DistanceMeters>1946.4639367609302</DistanceMeters><HeartRateBpm><Value>114</Value></HeartRateBpm><Cadence>21</Cadence><Extensions><ext:TPX><ext:Watts>46.72222222222222</ext:Watts><ext:Torque>20</ext:Torque></ext:TPX></Extensions></Trackpoint><Trackpoint><Time>2025-11-04T11:11:28.750Z</Time><DistanceMeters>1950.9965683897854</DistanceMeters><HeartRateBpm><Value>114</Value></HeartRateBpm><Cadence>22</Cadence><Extensions><ext:TPX><ext:Watts>47.8</ext:Watts><ext:Torque>20</ext:Torque></ext:TPX></Extensions></Trackpoint><Trackpoint><Time>2025-11-04T11:11:30.150Z</Time><DistanceMeters>1955.6158970970168</DistanceMeters><HeartRateBpm><Value>114</Value></HeartRateBpm><Cadence>22</Cadence><Extensions><ext:TPX><ext:Watts>48.714285714285715</ext:Watts><ext:Torque>20</ext:Torque></ext:TPX></Extensions></Trackpoint><Trackpoint><Time>2025-11-04T11:11:31.550Z</Time><DistanceMeters>1960.2054236835565</DistanceMeters><HeartRateBpm><Value>114</Value></HeartRateBpm><Cadence>22</Cadence><Extensions><ext:TPX><ext:Watts>48.4</ext:Watts><ext:Torque>20</ext:Torque></ext:TPX></Extensions></Trackpoint><Trackpoint><Time>2025-11-04T11:11:32.995Z</Time><DistanceMeters>1965.0164091265501</DistanceMeters><HeartRateBpm><Value>115</Value></HeartRateBpm><Cadence>21</Cadence><Extensions><ext:TPX><ext:Watts>49.55555555555556</ext:Watts><ext:Torque>20</ext:Torque></ext:TPX></Extensions></Trackpoint><Trackpoint><Time>2025-11-04T11:11:34.475Z</Time><DistanceMeters>1969.7819712875028</DistanceMeters><HeartRateBpm><Value>115</Value></HeartRateBpm><Cadence>20</Cadence><Extensions><ext:TPX><ext:Watts>47.91891891891892</ext:Watts><ext:Torque>20</ext:Torque></ext:TPX></Extensions></Trackpoint><Trackpoint><Time>2025-11-04T11:11:35.960Z</Time><DistanceMeters>1974.683202794239</DistanceMeters><HeartRateBpm><Value>115</Value></HeartRateBpm><Cadence>20</Cadence><Extensions><ext:TPX><ext:Watts>48.08108108108108</ext:Watts><ext:Torque>20</ext:Torque></ext:TPX></Extensions></Trackpoint><Trackpoint><Time>2025-11-04T11:11:37.400Z</Time><DistanceMeters>1979.5373360887393</DistanceMeters><HeartRateBpm><Value>115</Value></HeartRateBpm><Cadence>21</Cadence><Extensions><ext:TPX><ext:Watts>50.0</ext:Watts><ext:Torque>20</ext:Torque></ext:TPX></Extensions></Trackpoint><Trackpoint><Time>2025-11-04T11:11:38.840Z</Time><DistanceMeters>1984.3375345688562</DistanceMeters><HeartRateBpm><Value>115</Value></HeartRateBpm><Cadence>21</Cadence><Extensions><ext:TPX><ext:Watts>49.44444444444444</ext:Watts><ext:Torque>20</ext:Torque></ext:TPX></Extensions></Trackpoint><Trackpoint><Time>2025-11-04T11:11:40.285Z</Time><DistanceMeters>1989.199758085514</DistanceMeters><HeartRateBpm><Value>115</Value></HeartRateBpm><Cadence>21</Cadence><Extensions><ext:TPX><ext:Watts>50.083333333333336</ext:Watts><ext:Torque>20</ext:Torque></ext:TPX></Extensions></Trackpoint><Trackpoint><Time>2025-11-04T11:11:41.806Z</Time><DistanceMeters>1994.292471048821</DistanceMeters><HeartRateBpm><Value>115</Value></HeartRateBpm><Cadence>20</Cadence><Extensions><ext:TPX><ext:Watts>48.71052631578947</ext:Watts><ext:Torque>20</ext:Torque></ext:TPX></Extensions></Trackpoint><Trackpoint><Time>2025-11-04T11:11:43.245Z</Time><DistanceMeters>1999.208629379862</DistanceMeters><HeartRateBpm><Value>115</Value></HeartRateBpm><Cadence>21</Cadence><Extensions><ext:TPX><ext:Watts>50.638888888888886</ext:Watts><ext:Torque>20</ext:Torque></ext:TPX></Extensions></Trackpoint><Trackpoint><Time>2025-11-04T11:11:44.806Z</Time><DistanceMeters>2004.2160510941885</DistanceMeters><HeartRateBpm><Value>115</Value></HeartRateBpm><Cadence>19</Cadence><Extensions><ext:TPX><ext:Watts>46.666666666666664</ext:Watts><ext:Torque>20</ext:Torque></ext:TPX></Extensions></Trackpoint><Trackpoint><Time>2025-11-04T11:11:46.325Z</Time><DistanceMeters>2009.2179701472905</DistanceMeters><HeartRateBpm><Value>114</Value></HeartRateBpm><Cadence>20</Cadence><Extensions><ext:TPX><ext:Watts>47.8421052631579</ext:Watts><ext:Torque>20</ext:Torque></ext:TPX></Extensions></Trackpoint><Trackpoint><Time>2025-11-04T11:11:47.846Z</Time><DistanceMeters>2014.2418998452908</DistanceMeters><HeartRateBpm><Value>114</Value></HeartRateBpm><Cadence>20</Cadence><Extensions><ext:TPX><ext:Watts>48.05263157894737</ext:Watts><ext:Torque>20</ext:Torque></ext:TPX></Extensions></Trackpoint><Trackpoint><Time>2025-11-04T11:11:49.365Z</Time><DistanceMeters>2019.408898735129</DistanceMeters><HeartRateBpm><Value>114</Value></HeartRateBpm><Cadence>20</Cadence><Extensions><ext:TPX><ext:Watts>49.421052631578945</ext:Watts><ext:Torque>20</ext:Torque></ext:TPX></Extensions></Trackpoint><Trackpoint><Time>2025-11-04T11:11:50.846Z</Time><DistanceMeters>2024.3733619676611</DistanceMeters><HeartRateBpm><Value>114</Value></HeartRateBpm><Cadence>20</Cadence><Extensions><ext:TPX><ext:Watts>49.91891891891892</ext:Watts><ext:Torque>20</ext:Torque></ext:TPX></Extensions></Trackpoint><Trackpoint><Time>2025-11-04T11:11:52.406Z</Time><DistanceMeters>2029.5018422289274</DistanceMeters><HeartRateBpm><Value>114</Value></HeartRateBpm><Cadence>19</Cadence><Extensions><ext:TPX><ext:Watts>47.794871794871796</ext:Watts><ext:Torque>20</ext:Torque></ext:TPX></Extensions></Trackpoint><Trackpoint><Time>2025-11-04T11:11:53.926Z</Time><DistanceMeters>2034.7238677310108</DistanceMeters><HeartRateBpm><Value>114</Value></HeartRateBpm><Cadence>20</Cadence><Extensions><ext:TPX><ext:Watts>49.94736842105263</ext:Watts><ext:Torque>20</ext:Torque></ext:TPX></Extensions></Trackpoint><Trackpoint><Time>2025-11-04T11:11:55.486Z</Time><DistanceMeters>2039.9926658535028</DistanceMeters><HeartRateBpm><Value>114</Value></HeartRateBpm><Cadence>19</Cadence><Extensions><ext:TPX><ext:Watts>49.1025641025641</ext:Watts><ext:Torque>20</ext:Torque></ext:TPX></Extensions></Trackpoint><Trackpoint><Time>2025-11-04T11:11:56.966Z</Time><DistanceMeters>2044.9732561999467</DistanceMeters><HeartRateBpm><Value>114</Value></HeartRateBpm><Cadence>20</Cadence><Extensions><ext:TPX><ext:Watts>50.08108108108108</ext:Watts><ext:Torque>20</ext:Torque></ext:TPX></Extensions></Trackpoint><Trackpoint><Time>2025-11-04T11:11:58.486Z</Time><DistanceMeters>2049.8321060612107</DistanceMeters><HeartRateBpm><Value>114</Value></HeartRateBpm><Cadence>20</Cadence><Extensions><ext:TPX><ext:Watts>46.473684210526315</ext:Watts><ext:Torque>20</ext:Torque></ext:TPX></Extensions></Trackpoint><Trackpoint><Time>2025-11-04T11:12:00.006Z</Time><DistanceMeters>2054.839527775537</DistanceMeters><HeartRateBpm><Value>115</Value></HeartRateBpm><Cadence>20</Cadence><Extensions><ext:TPX><ext:Watts>47.89473684210526</ext:Watts><ext:Torque>20</ext:Torque></ext:TPX></Extensions></Trackpoint><Trackpoint><Time>2025-11-04T11:12:01.486Z</Time><DistanceMeters>2059.5190786622934</DistanceMeters><HeartRateBpm><Value>117</Value></HeartRateBpm><Cadence>20</Cadence><Extensions><ext:TPX><ext:Watts>47.054054054054056</ext:Watts><ext:Torque>20</ext:Torque></ext:TPX></Extensions></Trackpoint><Trackpoint><Time>2025-11-04T11:12:02.966Z</Time><DistanceMeters>2064.1153061271716</DistanceMeters><HeartRateBpm><Value>117</Value></HeartRateBpm><Cadence>20</Cadence><Extensions><ext:TPX><ext:Watts>46.21621621621622</ext:Watts><ext:Torque>20</ext:Torque></ext:TPX></Extensions></Trackpoint><Trackpoint><Time>2025-11-04T11:12:04.496Z</Time><DistanceMeters>2068.6384936537393</DistanceMeters><HeartRateBpm><Value>119</Value></HeartRateBpm><Cadence>20</Cadence><Extensions><ext:TPX><ext:Watts>43.26315789473684</ext:Watts><ext:Torque>20</ext:Torque></ext:TPX></Extensions></Trackpoint><Trackpoint><Time>2025-11-04T11:12:05.941Z</Time><DistanceMeters>2073.115083247556</DistanceMeters><HeartRateBpm><Value>119</Value></HeartRateBpm><Cadence>21</Cadence><Extensions><ext:TPX><ext:Watts>46.111111111111114</ext:Watts><ext:Torque>20</ext:Torque></ext:TPX></Extensions></Trackpoint><Trackpoint><Time>2025-11-04T11:12:07.421Z</Time><DistanceMeters>2077.396831991153</DistanceMeters><HeartRateBpm><Value>120</Value></HeartRateBpm><Cadence>20</Cadence><Extensions><ext:TPX><ext:Watts>43.054054054054056</ext:Watts><ext:Torque>20</ext:Torque></ext:TPX></Extensions></Trackpoint><Trackpoint><Time>2025-11-04T11:12:08.261Z</Time><DistanceMeters>2081.8516957301617</DistanceMeters><HeartRateBpm><Value>120</Value></HeartRateBpm><Cadence>36</Cadence><Extensions><ext:TPX><ext:Watts>77.57142857142857</ext:Watts><ext:Torque>21</ext:Torque></ext:TPX></Extensions></Trackpoint><Trackpoint><Time>2025-11-04T11:12:08.946Z</Time><DistanceMeters>2081.8544213130276</DistanceMeters><HeartRateBpm><Value>120</Value></HeartRateBpm><Cadence>44</Cadence><Extensions><ext:TPX><ext:Watts>0.058823529411764705</ext:Watts><ext:Torque>20</ext:Torque></ext:TPX></Extensions></Trackpoint><Trackpoint><Time>2025-11-04T11:12:10.386Z</Time><DistanceMeters>2086.2339282409544</DistanceMeters><HeartRateBpm><Value>120</Value></HeartRateBpm><Cadence>21</Cadence><Extensions><ext:TPX><ext:Watts>45.111111111111114</ext:Watts><ext:Torque>20</ext:Torque></ext:TPX></Extensions></Trackpoint><Trackpoint><Time>2025-11-04T11:12:11.866Z</Time><DistanceMeters>2090.6823238283073</DistanceMeters><HeartRateBpm><Value>120</Value></HeartRateBpm><Cadence>20</Cadence><Extensions><ext:TPX><ext:Watts>44.729729729729726</ext:Watts><ext:Torque>20</ext:Torque></ext:TPX></Extensions></Trackpoint><Trackpoint><Time>2025-11-04T11:12:12.666Z</Time><DistanceMeters>2095.148514789911</DistanceMeters><HeartRateBpm><Value>120</Value></HeartRateBpm><Cadence>38</Cadence><Extensions><ext:TPX><ext:Watts>82.15</ext:Watts><ext:Torque>21</ext:Torque></ext:TPX></Extensions></Trackpoint><Trackpoint><Time>2025-11-04T11:12:14.786Z</Time><DistanceMeters>2099.5388086807147</DistanceMeters><HeartRateBpm><Value>119</Value></HeartRateBpm><Cadence>21</Cadence><Extensions><ext:TPX><ext:Watts>45.22222222222222</ext:Watts><ext:Torque>20</ext:Torque></ext:TPX></Extensions></Trackpoint><Trackpoint><Time>2025-11-04T11:12:16.306Z</Time><DistanceMeters>2104.070250199119</DistanceMeters><HeartRateBpm><Value>119</Value></HeartRateBpm><Cadence>20</Cadence><Extensions><ext:TPX><ext:Watts>43.3421052631579</ext:Watts><ext:Torque>20</ext:Torque></ext:TPX></Extensions></Trackpoint><Trackpoint><Time>2025-11-04T11:12:17.786Z</Time><DistanceMeters>2108.3923167274957</DistanceMeters><HeartRateBpm><Value>119</Value></HeartRateBpm><Cadence>20</Cadence><Extensions><ext:TPX><ext:Watts>43.45945945945946</ext:Watts><ext:Torque>20</ext:Torque></ext:TPX></Extensions></Trackpoint><Trackpoint><Time>2025-11-04T11:12:19.266Z</Time><DistanceMeters>2112.83802446253</DistanceMeters><HeartRateBpm><Value>119</Value></HeartRateBpm><Cadence>20</Cadence><Extensions><ext:TPX><ext:Watts>44.7027027027027</ext:Watts><ext:Torque>20</ext:Torque></ext:TPX></Extensions></Trackpoint><Trackpoint><Time>2025-11-04T11:12:20.746Z</Time><DistanceMeters>2117.208472332642</DistanceMeters><HeartRateBpm><Value>118</Value></HeartRateBpm><Cadence>20</Cadence><Extensions><ext:TPX><ext:Watts>43.945945945945944</ext:Watts><ext:Torque>20</ext:Torque></ext:TPX></Extensions></Trackpoint><Trackpoint><Time>2025-11-04T11:12:22.231Z</Time><DistanceMeters>2121.759812663799</DistanceMeters><HeartRateBpm><Value>119</Value></HeartRateBpm><Cadence>20</Cadence><Extensions><ext:TPX><ext:Watts>44.648648648648646</ext:Watts><ext:Torque>20</ext:Torque></ext:TPX></Extensions></Trackpoint><Trackpoint><Time>2025-11-04T11:12:23.671Z</Time><DistanceMeters>2126.252582701931</DistanceMeters><HeartRateBpm><Value>119</Value></HeartRateBpm><Cadence>21</Cadence><Extensions><ext:TPX><ext:Watts>46.27777777777778</ext:Watts><ext:Torque>20</ext:Torque></ext:TPX></Extensions></Trackpoint><Trackpoint><Time>2025-11-04T11:12:25.196Z</Time><DistanceMeters>2131.0233899836026</DistanceMeters><HeartRateBpm><Value>119</Value></HeartRateBpm><Cadence>20</Cadence><Extensions><ext:TPX><ext:Watts>45.63157894736842</ext:Watts><ext:Torque>20</ext:Torque></ext:TPX></Extensions></Trackpoint><Trackpoint><Time>2025-11-04T11:12:26.636Z</Time><DistanceMeters>2135.4811023923853</DistanceMeters><HeartRateBpm><Value>119</Value></HeartRateBpm><Cadence>21</Cadence><Extensions><ext:TPX><ext:Watts>45.916666666666664</ext:Watts><ext:Torque>20</ext:Torque></ext:TPX></Extensions></Trackpoint><Trackpoint><Time>2025-11-04T11:12:28.116Z</Time><DistanceMeters>2139.910683013508</DistanceMeters><HeartRateBpm><Value>120</Value></HeartRateBpm><Cadence>20</Cadence><Extensions><ext:TPX><ext:Watts>44.54054054054054</ext:Watts><ext:Torque>20</ext:Torque></ext:TPX></Extensions></Trackpoint><Trackpoint><Time>2025-11-04T11:12:29.636Z</Time><DistanceMeters>2144.543923764566</DistanceMeters><HeartRateBpm><Value>121</Value></HeartRateBpm><Cadence>20</Cadence><Extensions><ext:TPX><ext:Watts>44.31578947368421</ext:Watts><ext:Torque>20</ext:Torque></ext:TPX></Extensions></Trackpoint><Trackpoint><Time>2025-11-04T11:12:31.157Z</Time><DistanceMeters>2149.2789637482783</DistanceMeters><HeartRateBpm><Value>121</Value></HeartRateBpm><Cadence>20</Cadence><Extensions><ext:TPX><ext:Watts>45.28947368421053</ext:Watts><ext:Torque>20</ext:Torque></ext:TPX></Extensions></Trackpoint><Trackpoint><Time>2025-11-04T11:12:32.596Z</Time><DistanceMeters>2153.769037045691</DistanceMeters><HeartRateBpm><Value>121</Value></HeartRateBpm><Cadence>21</Cadence><Extensions><ext:TPX><ext:Watts>46.25</ext:Watts><ext:Torque>20</ext:Torque></ext:TPX></Extensions></Trackpoint><Trackpoint><Time>2025-11-04T11:12:34.081Z</Time><DistanceMeters>2158.438844467792</DistanceMeters><HeartRateBpm><Value>121</Value></HeartRateBpm><Cadence>20</Cadence><Extensions><ext:TPX><ext:Watts>45.810810810810814</ext:Watts><ext:Torque>20</ext:Torque></ext:TPX></Extensions></Trackpoint><Trackpoint><Time>2025-11-04T11:12:35.521Z</Time><DistanceMeters>2162.9397047280813</DistanceMeters><HeartRateBpm><Value>120</Value></HeartRateBpm><Cadence>21</Cadence><Extensions><ext:TPX><ext:Watts>46.361111111111114</ext:Watts><ext:Torque>20</ext:Torque></ext:TPX></Extensions></Trackpoint><Trackpoint><Time>2025-11-04T11:12:36.961Z</Time><DistanceMeters>2167.3461790632</DistanceMeters><HeartRateBpm><Value>120</Value></HeartRateBpm><Cadence>21</Cadence><Extensions><ext:TPX><ext:Watts>45.388888888888886</ext:Watts><ext:Torque>20</ext:Torque></ext:TPX></Extensions></Trackpoint><Trackpoint><Time>2025-11-04T11:12:38.401Z</Time><DistanceMeters>2171.8632197678044</DistanceMeters><HeartRateBpm><Value>119</Value></HeartRateBpm><Cadence>21</Cadence><Extensions><ext:TPX><ext:Watts>46.52777777777778</ext:Watts><ext:Torque>20</ext:Torque></ext:TPX></Extensions></Trackpoint><Trackpoint><Time>2025-11-04T11:12:39.851Z</Time><DistanceMeters>2176.490432196911</DistanceMeters><HeartRateBpm><Value>118</Value></HeartRateBpm><Cadence>20</Cadence><Extensions><ext:TPX><ext:Watts>46.52777777777778</ext:Watts><ext:Torque>20</ext:Torque></ext:TPX></Extensions></Trackpoint><Trackpoint><Time>2025-11-04T11:12:41.331Z</Time><DistanceMeters>2181.027526910779</DistanceMeters><HeartRateBpm><Value>118</Value></HeartRateBpm><Cadence>20</Cadence><Extensions><ext:TPX><ext:Watts>45.62162162162162</ext:Watts><ext:Torque>20</ext:Torque></ext:TPX></Extensions></Trackpoint><Trackpoint><Time>2025-11-04T11:12:42.811Z</Time><DistanceMeters>2185.403350485529</DistanceMeters><HeartRateBpm><Value>118</Value></HeartRateBpm><Cadence>20</Cadence><Extensions><ext:TPX><ext:Watts>44.0</ext:Watts><ext:Torque>20</ext:Torque></ext:TPX></Extensions></Trackpoint><Trackpoint><Time>2025-11-04T11:12:44.256Z</Time><DistanceMeters>2189.788250894894</DistanceMeters><HeartRateBpm><Value>118</Value></HeartRateBpm><Cadence>21</Cadence><Extensions><ext:TPX><ext:Watts>45.166666666666664</ext:Watts><ext:Torque>20</ext:Torque></ext:TPX></Extensions></Trackpoint><Trackpoint><Time>2025-11-04T11:12:45.736Z</Time><DistanceMeters>2194.1130052755893</DistanceMeters><HeartRateBpm><Value>118</Value></HeartRateBpm><Cadence>20</Cadence><Extensions><ext:TPX><ext:Watts>43.486486486486484</ext:Watts><ext:Torque>20</ext:Torque></ext:TPX></Extensions></Trackpoint><Trackpoint><Time>2025-11-04T11:12:47.176Z</Time><DistanceMeters>2198.3361012418045</DistanceMeters><HeartRateBpm><Value>117</Value></HeartRateBpm><Cadence>21</Cadence><Extensions><ext:TPX><ext:Watts>43.5</ext:Watts><ext:Torque>20</ext:Torque></ext:TPX></Extensions></Trackpoint><Trackpoint><Time>2025-11-04T11:12:48.616Z</Time><DistanceMeters>2202.7290918733274</DistanceMeters><HeartRateBpm><Value>117</Value></HeartRateBpm><Cadence>21</Cadence><Extensions><ext:TPX><ext:Watts>45.25</ext:Watts><ext:Torque>20</ext:Torque></ext:TPX></Extensions></Trackpoint><Trackpoint><Time>2025-11-04T11:12:50.096Z</Time><DistanceMeters>2207.0404069924293</DistanceMeters><HeartRateBpm><Value>117</Value></HeartRateBpm><Cadence>20</Cadence><Extensions><ext:TPX><ext:Watts>43.351351351351354</ext:Watts><ext:Torque>20</ext:Torque></ext:TPX></Extensions></Trackpoint><Trackpoint><Time>2025-11-04T11:12:51.536Z</Time><DistanceMeters>2211.3578888838156</DistanceMeters><HeartRateBpm><Value>117</Value></HeartRateBpm><Cadence>21</Cadence><Extensions><ext:TPX><ext:Watts>44.47222222222222</ext:Watts><ext:Torque>20</ext:Torque></ext:TPX></Extensions></Trackpoint><Trackpoint><Time>2025-11-04T11:12:52.941Z</Time><DistanceMeters>2215.8282069875877</DistanceMeters><HeartRateBpm><Value>117</Value></HeartRateBpm><Cadence>22</Cadence><Extensions><ext:TPX><ext:Watts>47.142857142857146</ext:Watts><ext:Torque>20</ext:Torque></ext:TPX></Extensions></Trackpoint><Trackpoint><Time>2025-11-04T11:12:54.421Z</Time><DistanceMeters>2220.206718414656</DistanceMeters><HeartRateBpm><Value>117</Value></HeartRateBpm><Cadence>20</Cadence><Extensions><ext:TPX><ext:Watts>44.027027027027025</ext:Watts><ext:Torque>20</ext:Torque></ext:TPX></Extensions></Trackpoint><Trackpoint><Time>2025-11-04T11:12:55.862Z</Time><DistanceMeters>2224.3920600108027</DistanceMeters><HeartRateBpm><Value>117</Value></HeartRateBpm><Cadence>21</Cadence><Extensions><ext:TPX><ext:Watts>43.111111111111114</ext:Watts><ext:Torque>20</ext:Torque></ext:TPX></Extensions></Trackpoint><Trackpoint><Time>2025-11-04T11:12:57.302Z</Time><DistanceMeters>2228.806624568079</DistanceMeters><HeartRateBpm><Value>117</Value></HeartRateBpm><Cadence>21</Cadence><Extensions><ext:TPX><ext:Watts>45.47222222222222</ext:Watts><ext:Torque>20</ext:Torque></ext:TPX></Extensions></Trackpoint><Trackpoint><Time>2025-11-04T11:12:58.701Z</Time><DistanceMeters>2233.3311283458365</DistanceMeters><HeartRateBpm><Value>116</Value></HeartRateBpm><Cadence>22</Cadence><Extensions><ext:TPX><ext:Watts>47.714285714285715</ext:Watts><ext:Torque>20</ext:Torque></ext:TPX></Extensions></Trackpoint><Trackpoint><Time>2025-11-04T11:13:00.142Z</Time><DistanceMeters>2237.72142223664</DistanceMeters><HeartRateBpm><Value>116</Value></HeartRateBpm><Cadence>21</Cadence><Extensions><ext:TPX><ext:Watts>45.22222222222222</ext:Watts><ext:Torque>20</ext:Torque></ext:TPX></Extensions></Trackpoint><Trackpoint><Time>2025-11-04T11:13:01.544Z</Time><DistanceMeters>2242.072531857645</DistanceMeters><HeartRateBpm><Value>116</Value></HeartRateBpm><Cadence>22</Cadence><Extensions><ext:TPX><ext:Watts>45.885714285714286</ext:Watts><ext:Torque>20</ext:Torque></ext:TPX></Extensions></Trackpoint><Trackpoint><Time>2025-11-04T11:13:03.026Z</Time><DistanceMeters>2246.659687820948</DistanceMeters><HeartRateBpm><Value>115</Value></HeartRateBpm><Cadence>20</Cadence><Extensions><ext:TPX><ext:Watts>45.0</ext:Watts><ext:Torque>20</ext:Torque></ext:TPX></Extensions></Trackpoint><Trackpoint><Time>2025-11-04T11:13:04.466Z</Time><DistanceMeters>2251.0958263039774</DistanceMeters><HeartRateBpm><Value>115</Value></HeartRateBpm><Cadence>21</Cadence><Extensions><ext:TPX><ext:Watts>45.69444444444444</ext:Watts><ext:Torque>20</ext:Torque></ext:TPX></Extensions></Trackpoint><Trackpoint><Time>2025-11-04T11:13:05.906Z</Time><DistanceMeters>2255.4780299726235</DistanceMeters><HeartRateBpm><Value>115</Value></HeartRateBpm><Cadence>21</Cadence><Extensions><ext:TPX><ext:Watts>45.138888888888886</ext:Watts><ext:Torque>20</ext:Torque></ext:TPX></Extensions></Trackpoint><Trackpoint><Time>2025-11-04T11:13:07.386Z</Time><DistanceMeters>2259.883419922878</DistanceMeters><HeartRateBpm><Value>114</Value></HeartRateBpm><Cadence>20</Cadence><Extensions><ext:TPX><ext:Watts>44.2972972972973</ext:Watts><ext:Torque>20</ext:Torque></ext:TPX></Extensions></Trackpoint><Trackpoint><Time>2025-11-04T11:13:08.827Z</Time><DistanceMeters>2264.2710170729624</DistanceMeters><HeartRateBpm><Value>114</Value></HeartRateBpm><Cadence>21</Cadence><Extensions><ext:TPX><ext:Watts>45.19444444444444</ext:Watts><ext:Torque>20</ext:Torque></ext:TPX></Extensions></Trackpoint><Trackpoint><Time>2025-11-04T11:13:10.267Z</Time><DistanceMeters>2268.5884989643487</DistanceMeters><HeartRateBpm><Value>114</Value></HeartRateBpm><Cadence>21</Cadence><Extensions><ext:TPX><ext:Watts>44.47222222222222</ext:Watts><ext:Torque>20</ext:Torque></ext:TPX></Extensions></Trackpoint><Trackpoint><Time>2025-11-04T11:13:11.707Z</Time><DistanceMeters>2272.8358655970364</DistanceMeters><HeartRateBpm><Value>113</Value></HeartRateBpm><Cadence>21</Cadence><Extensions><ext:TPX><ext:Watts>43.75</ext:Watts><ext:Torque>20</ext:Torque></ext:TPX></Extensions></Trackpoint><Trackpoint><Time>2025-11-04T11:13:13.147Z</Time><DistanceMeters>2277.2234627471207</DistanceMeters><HeartRateBpm><Value>113</Value></HeartRateBpm><Cadence>21</Cadence><Extensions><ext:TPX><ext:Watts>45.19444444444444</ext:Watts><ext:Torque>20</ext:Torque></ext:TPX></Extensions></Trackpoint><Trackpoint><Time>2025-11-04T11:13:14.627Z</Time><DistanceMeters>2281.790123836494</DistanceMeters><HeartRateBpm><Value>113</Value></HeartRateBpm><Cadence>20</Cadence><Extensions><ext:TPX><ext:Watts>45.91891891891892</ext:Watts><ext:Torque>20</ext:Torque></ext:TPX></Extensions></Trackpoint><Trackpoint><Time>2025-11-04T11:13:16.067Z</Time><DistanceMeters>2286.4096406884264</DistanceMeters><HeartRateBpm><Value>113</Value></HeartRateBpm><Cadence>21</Cadence><Extensions><ext:TPX><ext:Watts>47.583333333333336</ext:Watts><ext:Torque>20</ext:Torque></ext:TPX></Extensions></Trackpoint><Trackpoint><Time>2025-11-04T11:13:17.507Z</Time><DistanceMeters>2291.02646079964</DistanceMeters><HeartRateBpm><Value>113</Value></HeartRateBpm><Cadence>21</Cadence><Extensions><ext:TPX><ext:Watts>47.55555555555556</ext:Watts><ext:Torque>20</ext:Torque></ext:TPX></Extensions></Trackpoint><Trackpoint><Time>2025-11-04T11:13:18.952Z</Time><DistanceMeters>2295.6432809108537</DistanceMeters><HeartRateBpm><Value>113</Value></HeartRateBpm><Cadence>21</Cadence><Extensions><ext:TPX><ext:Watts>47.55555555555556</ext:Watts><ext:Torque>20</ext:Torque></ext:TPX></Extensions></Trackpoint><Trackpoint><Time>2025-11-04T11:13:20.432Z</Time><DistanceMeters>2300.2260691141387</DistanceMeters><HeartRateBpm><Value>113</Value></HeartRateBpm><Cadence>20</Cadence><Extensions><ext:TPX><ext:Watts>46.08108108108108</ext:Watts><ext:Torque>20</ext:Torque></ext:TPX></Extensions></Trackpoint><Trackpoint><Time>2025-11-04T11:13:21.832Z</Time><DistanceMeters>2304.88332779316</DistanceMeters><HeartRateBpm><Value>112</Value></HeartRateBpm><Cadence>22</Cadence><Extensions><ext:TPX><ext:Watts>49.114285714285714</ext:Watts><ext:Torque>20</ext:Torque></ext:TPX></Extensions></Trackpoint><Trackpoint><Time>2025-11-04T11:13:23.272Z</Time><DistanceMeters>2309.443516349271</DistanceMeters><HeartRateBpm><Value>112</Value></HeartRateBpm><Cadence>21</Cadence><Extensions><ext:TPX><ext:Watts>46.97222222222222</ext:Watts><ext:Torque>20</ext:Torque></ext:TPX></Extensions></Trackpoint><Trackpoint><Time>2025-11-04T11:13:24.757Z</Time><DistanceMeters>2313.964551145535</DistanceMeters><HeartRateBpm><Value>112</Value></HeartRateBpm><Cadence>20</Cadence><Extensions><ext:TPX><ext:Watts>44.351351351351354</ext:Watts><ext:Torque>20</ext:Torque></ext:TPX></Extensions></Trackpoint><Trackpoint><Time>2025-11-04T11:13:26.202Z</Time><DistanceMeters>2318.4869853315777</DistanceMeters><HeartRateBpm><Value>111</Value></HeartRateBpm><Cadence>21</Cadence><Extensions><ext:TPX><ext:Watts>46.583333333333336</ext:Watts><ext:Torque>20</ext:Torque></ext:TPX></Extensions></Trackpoint><Trackpoint><Time>2025-11-04T11:13:27.642Z</Time><DistanceMeters>2323.244035960188</DistanceMeters><HeartRateBpm><Value>111</Value></HeartRateBpm><Cadence>21</Cadence><Extensions><ext:TPX><ext:Watts>49.0</ext:Watts><ext:Torque>20</ext:Torque></ext:TPX></Extensions></Trackpoint><Trackpoint><Time>2025-11-04T11:13:29.122Z</Time><DistanceMeters>2327.885956914483</DistanceMeters><HeartRateBpm><Value>111</Value></HeartRateBpm><Cadence>20</Cadence><Extensions><ext:TPX><ext:Watts>46.67567567567568</ext:Watts><ext:Torque>20</ext:Torque></ext:TPX></Extensions></Trackpoint><Trackpoint><Time>2025-11-04T11:13:30.607Z</Time><DistanceMeters>2332.6026001632363</DistanceMeters><HeartRateBpm><Value>111</Value></HeartRateBpm><Cadence>20</Cadence><Extensions><ext:TPX><ext:Watts>46.270270270270274</ext:Watts><ext:Torque>20</ext:Torque></ext:TPX></Extensions></Trackpoint><Trackpoint><Time>2025-11-04T11:13:32.047Z</Time><DistanceMeters>2337.2005430894155</DistanceMeters><HeartRateBpm><Value>111</Value></HeartRateBpm><Cadence>21</Cadence><Extensions><ext:TPX><ext:Watts>47.361111111111114</ext:Watts><ext:Torque>20</ext:Torque></ext:TPX></Extensions></Trackpoint><Trackpoint><Time>2025-11-04T11:13:33.487Z</Time><DistanceMeters>2341.722977275458</DistanceMeters><HeartRateBpm><Value>111</Value></HeartRateBpm><Cadence>21</Cadence><Extensions><ext:TPX><ext:Watts>46.583333333333336</ext:Watts><ext:Torque>20</ext:Torque></ext:TPX></Extensions></Trackpoint><Trackpoint><Time>2025-11-04T11:13:34.927Z</Time><DistanceMeters>2346.218444054309</DistanceMeters><HeartRateBpm><Value>112</Value></HeartRateBpm><Cadence>21</Cadence><Extensions><ext:TPX><ext:Watts>46.30555555555556</ext:Watts><ext:Torque>20</ext:Torque></ext:TPX></Extensions></Trackpoint><Trackpoint><Time>2025-11-04T11:13:36.407Z</Time><DistanceMeters>2350.599643333696</DistanceMeters><HeartRateBpm><Value>112</Value></HeartRateBpm><Cadence>20</Cadence><Extensions><ext:TPX><ext:Watts>44.054054054054056</ext:Watts><ext:Torque>20</ext:Torque></ext:TPX></Extensions></Trackpoint><Trackpoint><Time>2025-11-04T11:13:37.847Z</Time><DistanceMeters>2354.9764535209038</DistanceMeters><HeartRateBpm><Value>113</Value></HeartRateBpm><Cadence>21</Cadence><Extensions><ext:TPX><ext:Watts>45.083333333333336</ext:Watts><ext:Torque>20</ext:Torque></ext:TPX></Extensions></Trackpoint><Trackpoint><Time>2025-11-04T11:13:39.327Z</Time><DistanceMeters>2359.349589243335</DistanceMeters><HeartRateBpm><Value>113</Value></HeartRateBpm><Cadence>20</Cadence><Extensions><ext:TPX><ext:Watts>43.972972972972975</ext:Watts><ext:Torque>20</ext:Torque></ext:TPX></Extensions></Trackpoint><Trackpoint><Time>2025-11-04T11:13:40.807Z</Time><DistanceMeters>2363.803360535325</DistanceMeters><HeartRateBpm><Value>114</Value></HeartRateBpm><Cadence>20</Cadence><Extensions><ext:TPX><ext:Watts>44.78378378378378</ext:Watts><ext:Torque>20</ext:Torque></ext:TPX></Extensions></Trackpoint><Trackpoint><Time>2025-11-04T11:13:42.247Z</Time><DistanceMeters>2368.0696043530465</DistanceMeters><HeartRateBpm><Value>114</Value></HeartRateBpm><Cadence>21</Cadence><Extensions><ext:TPX><ext:Watts>43.94444444444444</ext:Watts><ext:Torque>20</ext:Torque></ext:TPX></Extensions></Trackpoint><Trackpoint><Time>2025-11-04T11:13:43.727Z</Time><DistanceMeters>2372.5878841006843</DistanceMeters><HeartRateBpm><Value>114</Value></HeartRateBpm><Cadence>20</Cadence><Extensions><ext:TPX><ext:Watts>45.432432432432435</ext:Watts><ext:Torque>20</ext:Torque></ext:TPX></Extensions></Trackpoint><Trackpoint><Time>2025-11-04T11:13:45.167Z</Time><DistanceMeters>2377.0078421393987</DistanceMeters><HeartRateBpm><Value>114</Value></HeartRateBpm><Cadence>21</Cadence><Extensions><ext:TPX><ext:Watts>45.52777777777778</ext:Watts><ext:Torque>20</ext:Torque></ext:TPX></Extensions></Trackpoint><Trackpoint><Time>2025-11-04T11:13:46.607Z</Time><DistanceMeters>2381.443980622428</DistanceMeters><HeartRateBpm><Value>114</Value></HeartRateBpm><Cadence>21</Cadence><Extensions><ext:TPX><ext:Watts>45.69444444444444</ext:Watts><ext:Torque>20</ext:Torque></ext:TPX></Extensions></Trackpoint><Trackpoint><Time>2025-11-04T11:13:48.087Z</Time><DistanceMeters>2385.787549969354</DistanceMeters><HeartRateBpm><Value>114</Value></HeartRateBpm><Cadence>20</Cadence><Extensions><ext:TPX><ext:Watts>43.67567567567568</ext:Watts><ext:Torque>20</ext:Torque></ext:TPX></Extensions></Trackpoint><Trackpoint><Time>2025-11-04T11:13:49.527Z</Time><DistanceMeters>2390.2695330446095</DistanceMeters><HeartRateBpm><Value>114</Value></HeartRateBpm><Cadence>21</Cadence><Extensions><ext:TPX><ext:Watts>46.166666666666664</ext:Watts><ext:Torque>20</ext:Torque></ext:TPX></Extensions></Trackpoint><Trackpoint><Time>2025-11-04T11:13:50.927Z</Time><DistanceMeters>2394.742560432081</DistanceMeters><HeartRateBpm><Value>114</Value></HeartRateBpm><Cadence>22</Cadence><Extensions><ext:TPX><ext:Watts>47.17142857142857</ext:Watts><ext:Torque>20</ext:Torque></ext:TPX></Extensions></Trackpoint><Trackpoint><Time>2025-11-04T11:13:52.368Z</Time><DistanceMeters>2399.2110598037407</DistanceMeters><HeartRateBpm><Value>113</Value></HeartRateBpm><Cadence>21</Cadence><Extensions><ext:TPX><ext:Watts>46.02777777777778</ext:Watts><ext:Torque>20</ext:Torque></ext:TPX></Extensions></Trackpoint><Trackpoint><Time>2025-11-04T11:13:53.767Z</Time><DistanceMeters>2403.5784251269415</DistanceMeters><HeartRateBpm><Value>113</Value></HeartRateBpm><Cadence>22</Cadence><Extensions><ext:TPX><ext:Watts>46.05714285714286</ext:Watts><ext:Torque>20</ext:Torque></ext:TPX></Extensions></Trackpoint><Trackpoint><Time>2025-11-04T11:13:55.207Z</Time><DistanceMeters>2408.0064733878135</DistanceMeters><HeartRateBpm><Value>113</Value></HeartRateBpm><Cadence>21</Cadence><Extensions><ext:TPX><ext:Watts>45.611111111111114</ext:Watts><ext:Torque>20</ext:Torque></ext:TPX></Extensions></Trackpoint><Trackpoint><Time>2025-11-04T11:13:56.647Z</Time><DistanceMeters>2412.493849944507</DistanceMeters><HeartRateBpm><Value>113</Value></HeartRateBpm><Cadence>21</Cadence><Extensions><ext:TPX><ext:Watts>46.22222222222222</ext:Watts><ext:Torque>20</ext:Torque></ext:TPX></Extensions></Trackpoint><Trackpoint><Time>2025-11-04T11:13:58.087Z</Time><DistanceMeters>2416.911111242502</DistanceMeters><HeartRateBpm><Value>113</Value></HeartRateBpm><Cadence>21</Cadence><Extensions><ext:TPX><ext:Watts>45.5</ext:Watts><ext:Torque>20</ext:Torque></ext:TPX></Extensions></Trackpoint><Trackpoint><Time>2025-11-04T11:13:59.527Z</Time><DistanceMeters>2421.328372540497</DistanceMeters><HeartRateBpm><Value>113</Value></HeartRateBpm><Cadence>21</Cadence><Extensions><ext:TPX><ext:Watts>45.5</ext:Watts><ext:Torque>20</ext:Torque></ext:TPX></Extensions></Trackpoint><Trackpoint><Time>2025-11-04T11:14:00.967Z</Time><DistanceMeters>2425.5838293953425</DistanceMeters><HeartRateBpm><Value>113</Value></HeartRateBpm><Cadence>21</Cadence><Extensions><ext:TPX><ext:Watts>43.833333333333336</ext:Watts><ext:Torque>20</ext:Torque></ext:TPX></Extensions></Trackpoint><Trackpoint><Time>2025-11-04T11:14:02.367Z</Time><DistanceMeters>2429.845532654272</DistanceMeters><HeartRateBpm><Value>113</Value></HeartRateBpm><Cadence>22</Cadence><Extensions><ext:TPX><ext:Watts>44.94285714285714</ext:Watts><ext:Torque>20</ext:Torque></ext:TPX></Extensions></Trackpoint><Trackpoint><Time>2025-11-04T11:14:03.807Z</Time><DistanceMeters>2434.176498249254</DistanceMeters><HeartRateBpm><Value>113</Value></HeartRateBpm><Cadence>21</Cadence><Extensions><ext:TPX><ext:Watts>44.611111111111114</ext:Watts><ext:Torque>20</ext:Torque></ext:TPX></Extensions></Trackpoint><Trackpoint><Time>2025-11-04T11:14:05.248Z</Time><DistanceMeters>2438.507463844236</DistanceMeters><HeartRateBpm><Value>114</Value></HeartRateBpm><Cadence>21</Cadence><Extensions><ext:TPX><ext:Watts>44.611111111111114</ext:Watts><ext:Torque>20</ext:Torque></ext:TPX></Extensions></Trackpoint><Trackpoint><Time>2025-11-04T11:14:06.648Z</Time><DistanceMeters>2442.7529114009703</DistanceMeters><HeartRateBpm><Value>114</Value></HeartRateBpm><Cadence>22</Cadence><Extensions><ext:TPX><ext:Watts>44.77142857142857</ext:Watts><ext:Torque>20</ext:Torque></ext:TPX></Extensions></Trackpoint><Trackpoint><Time>2025-11-04T11:14:08.087Z</Time><DistanceMeters>2446.9085888492064</DistanceMeters><HeartRateBpm><Value>114</Value></HeartRateBpm><Cadence>21</Cadence><Extensions><ext:TPX><ext:Watts>42.80555555555556</ext:Watts><ext:Torque>20</ext:Torque></ext:TPX></Extensions></Trackpoint><Trackpoint><Time>2025-11-04T11:14:09.527Z</Time><DistanceMeters>2451.16943918549</DistanceMeters><HeartRateBpm><Value>114</Value></HeartRateBpm><Cadence>21</Cadence><Extensions><ext:TPX><ext:Watts>43.888888888888886</ext:Watts><ext:Torque>20</ext:Torque></ext:TPX></Extensions></Trackpoint><Trackpoint><Time>2025-11-04T11:14:10.928Z</Time><DistanceMeters>2455.344445366043</DistanceMeters><HeartRateBpm><Value>114</Value></HeartRateBpm><Cadence>22</Cadence><Extensions><ext:TPX><ext:Watts>44.02857142857143</ext:Watts><ext:Torque>20</ext:Torque></ext:TPX></Extensions></Trackpoint><Trackpoint><Time>2025-11-04T11:14:12.367Z</Time><DistanceMeters>2459.5082130364367</DistanceMeters><HeartRateBpm><Value>113</Value></HeartRateBpm><Cadence>21</Cadence><Extensions><ext:TPX><ext:Watts>42.888888888888886</ext:Watts><ext:Torque>20</ext:Torque></ext:TPX></Extensions></Trackpoint><Trackpoint><Time>2025-11-04T11:14:13.773Z</Time><DistanceMeters>2463.653417096298</DistanceMeters><HeartRateBpm><Value>113</Value></HeartRateBpm><Cadence>22</Cadence><Extensions><ext:TPX><ext:Watts>43.714285714285715</ext:Watts><ext:Torque>20</ext:Torque></ext:TPX></Extensions></Trackpoint><Trackpoint><Time>2025-11-04T11:14:15.213Z</Time><DistanceMeters>2467.95202180265</DistanceMeters><HeartRateBpm><Value>113</Value></HeartRateBpm><Cadence>21</Cadence><Extensions><ext:TPX><ext:Watts>44.27777777777778</ext:Watts><ext:Torque>20</ext:Torque></ext:TPX></Extensions></Trackpoint><Trackpoint><Time>2025-11-04T11:14:16.614Z</Time><DistanceMeters>2471.731472563112</DistanceMeters><HeartRateBpm><Value>112</Value></HeartRateBpm><Cadence>22</Cadence><Extensions><ext:TPX><ext:Watts>39.857142857142854</ext:Watts><ext:Torque>20</ext:Torque></ext:TPX></Extensions></Trackpoint><Trackpoint><Time>2025-11-04T11:14:18.053Z</Time><DistanceMeters>2476.0354707509023</DistanceMeters><HeartRateBpm><Value>112</Value></HeartRateBpm><Cadence>21</Cadence><Extensions><ext:TPX><ext:Watts>44.333333333333336</ext:Watts><ext:Torque>20</ext:Torque></ext:TPX></Extensions></Trackpoint><Trackpoint><Time>2025-11-04T11:14:19.453Z</Time><DistanceMeters>2480.150872690072</DistanceMeters><HeartRateBpm><Value>112</Value></HeartRateBpm><Cadence>22</Cadence><Extensions><ext:TPX><ext:Watts>43.4</ext:Watts><ext:Torque>20</ext:Torque></ext:TPX></Extensions></Trackpoint><Trackpoint><Time>2025-11-04T11:14:20.853Z</Time><DistanceMeters>2484.407157381603</DistanceMeters><HeartRateBpm><Value>112</Value></HeartRateBpm><Cadence>22</Cadence><Extensions><ext:TPX><ext:Watts>44.885714285714286</ext:Watts><ext:Torque>20</ext:Torque></ext:TPX></Extensions></Trackpoint><Trackpoint><Time>2025-11-04T11:14:22.213Z</Time><DistanceMeters>2488.7381085555116</DistanceMeters><HeartRateBpm><Value>112</Value></HeartRateBpm><Cadence>22</Cadence><Extensions><ext:TPX><ext:Watts>46.73529411764706</ext:Watts><ext:Torque>20</ext:Torque></ext:TPX></Extensions></Trackpoint><Trackpoint><Time>2025-11-04T11:14:23.653Z</Time><DistanceMeters>2493.187730742137</DistanceMeters><HeartRateBpm><Value>112</Value></HeartRateBpm><Cadence>21</Cadence><Extensions><ext:TPX><ext:Watts>45.833333333333336</ext:Watts><ext:Torque>20</ext:Torque></ext:TPX></Extensions></Trackpoint><Trackpoint><Time>2025-11-04T11:14:25.093Z</Time><DistanceMeters>2497.6238692251663</DistanceMeters><HeartRateBpm><Value>112</Value></HeartRateBpm><Cadence>21</Cadence><Extensions><ext:TPX><ext:Watts>45.69444444444444</ext:Watts><ext:Torque>20</ext:Torque></ext:TPX></Extensions></Trackpoint><Trackpoint><Time>2025-11-04T11:14:26.573Z</Time><DistanceMeters>2502.029259175421</DistanceMeters><HeartRateBpm><Value>112</Value></HeartRateBpm><Cadence>20</Cadence><Extensions><ext:TPX><ext:Watts>44.2972972972973</ext:Watts><ext:Torque>20</ext:Torque></ext:TPX></Extensions></Trackpoint><Trackpoint><Time>2025-11-04T11:14:28.013Z</Time><DistanceMeters>2506.6137183980045</DistanceMeters><HeartRateBpm><Value>113</Value></HeartRateBpm><Cadence>21</Cadence><Extensions><ext:TPX><ext:Watts>47.22222222222222</ext:Watts><ext:Torque>20</ext:Torque></ext:TPX></Extensions></Trackpoint><Trackpoint><Time>2025-11-04T11:14:29.493Z</Time><DistanceMeters>2511.2395122383878</DistanceMeters><HeartRateBpm><Value>113</Value></HeartRateBpm><Cadence>20</Cadence><Extensions><ext:TPX><ext:Watts>46.513513513513516</ext:Watts><ext:Torque>20</ext:Torque></ext:TPX></Extensions></Trackpoint><Trackpoint><Time>2025-11-04T11:14:30.933Z</Time><DistanceMeters>2515.850938868163</DistanceMeters><HeartRateBpm><Value>114</Value></HeartRateBpm><Cadence>21</Cadence><Extensions><ext:TPX><ext:Watts>47.5</ext:Watts><ext:Torque>20</ext:Torque></ext:TPX></Extensions></Trackpoint><Trackpoint><Time>2025-11-04T11:14:32.373Z</Time><DistanceMeters>2520.324831721261</DistanceMeters><HeartRateBpm><Value>114</Value></HeartRateBpm><Cadence>21</Cadence><Extensions><ext:TPX><ext:Watts>46.083333333333336</ext:Watts><ext:Torque>20</ext:Torque></ext:TPX></Extensions></Trackpoint><Trackpoint><Time>2025-11-04T11:14:33.813Z</Time><DistanceMeters>2524.7744539078863</DistanceMeters><HeartRateBpm><Value>114</Value></HeartRateBpm><Cadence>21</Cadence><Extensions><ext:TPX><ext:Watts>45.833333333333336</ext:Watts><ext:Torque>20</ext:Torque></ext:TPX></Extensions></Trackpoint><Trackpoint><Time>2025-11-04T11:14:35.213Z</Time><DistanceMeters>2529.136400663688</DistanceMeters><HeartRateBpm><Value>114</Value></HeartRateBpm><Cadence>22</Cadence><Extensions><ext:TPX><ext:Watts>46.0</ext:Watts><ext:Torque>20</ext:Torque></ext:TPX></Extensions></Trackpoint><Trackpoint><Time>2025-11-04T11:14:36.693Z</Time><DistanceMeters>2533.571356989448</DistanceMeters><HeartRateBpm><Value>114</Value></HeartRateBpm><Cadence>20</Cadence><Extensions><ext:TPX><ext:Watts>44.5945945945946</ext:Watts><ext:Torque>20</ext:Torque></ext:TPX></Extensions></Trackpoint><Trackpoint><Time>2025-11-04T11:14:38.138Z</Time><DistanceMeters>2537.942773695217</DistanceMeters><HeartRateBpm><Value>114</Value></HeartRateBpm><Cadence>21</Cadence><Extensions><ext:TPX><ext:Watts>45.02777777777778</ext:Watts><ext:Torque>20</ext:Torque></ext:TPX></Extensions></Trackpoint><Trackpoint><Time>2025-11-04T11:14:39.538Z</Time><DistanceMeters>2542.4076732315907</DistanceMeters><HeartRateBpm><Value>114</Value></HeartRateBpm><Cadence>22</Cadence><Extensions><ext:TPX><ext:Watts>47.08571428571429</ext:Watts><ext:Torque>20</ext:Torque></ext:TPX></Extensions></Trackpoint><Trackpoint><Time>2025-11-04T11:14:40.978Z</Time><DistanceMeters>2546.8195410481476</DistanceMeters><HeartRateBpm><Value>114</Value></HeartRateBpm><Cadence>21</Cadence><Extensions><ext:TPX><ext:Watts>45.44444444444444</ext:Watts><ext:Torque>20</ext:Torque></ext:TPX></Extensions></Trackpoint><Trackpoint><Time>2025-11-04T11:14:42.418Z</Time><DistanceMeters>2551.012972866452</DistanceMeters><HeartRateBpm><Value>114</Value></HeartRateBpm><Cadence>21</Cadence><Extensions><ext:TPX><ext:Watts>43.19444444444444</ext:Watts><ext:Torque>20</ext:Torque></ext:TPX></Extensions></Trackpoint><Trackpoint><Time>2025-11-04T11:14:43.858Z</Time><DistanceMeters>2555.4167504608513</DistanceMeters><HeartRateBpm><Value>114</Value></HeartRateBpm><Cadence>21</Cadence><Extensions><ext:TPX><ext:Watts>45.361111111111114</ext:Watts><ext:Torque>20</ext:Torque></ext:TPX></Extensions></Trackpoint><Trackpoint><Time>2025-11-04T11:14:45.298Z</Time><DistanceMeters>2559.7638965001483</DistanceMeters><HeartRateBpm><Value>115</Value></HeartRateBpm><Cadence>21</Cadence><Extensions><ext:TPX><ext:Watts>44.77777777777778</ext:Watts><ext:Torque>20</ext:Torque></ext:TPX></Extensions></Trackpoint><Trackpoint><Time>2025-11-04T11:14:46.743Z</Time><DistanceMeters>2564.1110425394454</DistanceMeters><HeartRateBpm><Value>115</Value></HeartRateBpm><Cadence>21</Cadence><Extensions><ext:TPX><ext:Watts>44.77777777777778</ext:Watts><ext:Torque>20</ext:Torque></ext:TPX></Extensions></Trackpoint><Trackpoint><Time>2025-11-04T11:14:48.223Z</Time><DistanceMeters>2568.5137446373815</DistanceMeters><HeartRateBpm><Value>115</Value></HeartRateBpm><Cadence>20</Cadence><Extensions><ext:TPX><ext:Watts>44.270270270270274</ext:Watts><ext:Torque>20</ext:Torque></ext:TPX></Extensions></Trackpoint><Trackpoint><Time>2025-11-04T11:14:49.663Z</Time><DistanceMeters>2572.9471863796916</DistanceMeters><HeartRateBpm><Value>116</Value></HeartRateBpm><Cadence>21</Cadence><Extensions><ext:TPX><ext:Watts>45.666666666666664</ext:Watts><ext:Torque>20</ext:Torque></ext:TPX></Extensions></Trackpoint><Trackpoint><Time>2025-11-04T11:14:51.143Z</Time><DistanceMeters>2577.3364492160345</DistanceMeters><HeartRateBpm><Value>116</Value></HeartRateBpm><Cadence>20</Cadence><Extensions><ext:TPX><ext:Watts>44.13513513513514</ext:Watts><ext:Torque>20</ext:Torque></ext:TPX></Extensions></Trackpoint><Trackpoint><Time>2025-11-04T11:14:52.623Z</Time><DistanceMeters>2581.747214870926</DistanceMeters><HeartRateBpm><Value>116</Value></HeartRateBpm><Cadence>20</Cadence><Extensions><ext:TPX><ext:Watts>44.351351351351354</ext:Watts><ext:Torque>20</ext:Torque></ext:TPX></Extensions></Trackpoint><Trackpoint><Time>2025-11-04T11:14:54.103Z</Time><DistanceMeters>2586.0424028761163</DistanceMeters><HeartRateBpm><Value>116</Value></HeartRateBpm><Cadence>20</Cadence><Extensions><ext:TPX><ext:Watts>43.189189189189186</ext:Watts><ext:Torque>20</ext:Torque></ext:TPX></Extensions></Trackpoint><Trackpoint><Time>2025-11-04T11:14:55.543Z</Time><DistanceMeters>2590.392245656132</DistanceMeters><HeartRateBpm><Value>116</Value></HeartRateBpm><Cadence>21</Cadence><Extensions><ext:TPX><ext:Watts>44.80555555555556</ext:Watts><ext:Torque>20</ext:Torque></ext:TPX></Extensions></Trackpoint><Trackpoint><Time>2025-11-04T11:14:56.983Z</Time><DistanceMeters>2594.6315220666625</DistanceMeters><HeartRateBpm><Value>117</Value></HeartRateBpm><Cadence>21</Cadence><Extensions><ext:TPX><ext:Watts>43.666666666666664</ext:Watts><ext:Torque>20</ext:Torque></ext:TPX></Extensions></Trackpoint><Trackpoint><Time>2025-11-04T11:14:58.423Z</Time><DistanceMeters>2598.795289737056</DistanceMeters><HeartRateBpm><Value>116</Value></HeartRateBpm><Cadence>21</Cadence><Extensions><ext:TPX><ext:Watts>42.888888888888886</ext:Watts><ext:Torque>20</ext:Torque></ext:TPX></Extensions></Trackpoint><Trackpoint><Time>2025-11-04T11:14:59.903Z</Time><DistanceMeters>2603.009842172687</DistanceMeters><HeartRateBpm><Value>116</Value></HeartRateBpm><Cadence>20</Cadence><Extensions><ext:TPX><ext:Watts>42.37837837837838</ext:Watts><ext:Torque>20</ext:Torque></ext:TPX></Extensions></Trackpoint><Trackpoint><Time>2025-11-04T11:15:01.343Z</Time><DistanceMeters>2607.14394569517</DistanceMeters><HeartRateBpm><Value>115</Value></HeartRateBpm><Cadence>21</Cadence><Extensions><ext:TPX><ext:Watts>42.583333333333336</ext:Watts><ext:Torque>20</ext:Torque></ext:TPX></Extensions></Trackpoint><Trackpoint><Time>2025-11-04T11:15:02.783Z</Time><DistanceMeters>2611.259172032618</DistanceMeters><HeartRateBpm><Value>115</Value></HeartRateBpm><Cadence>21</Cadence><Extensions><ext:TPX><ext:Watts>42.388888888888886</ext:Watts><ext:Torque>20</ext:Torque></ext:TPX></Extensions></Trackpoint><Trackpoint><Time>2025-11-04T11:15:04.183Z</Time><DistanceMeters>2615.3610275532915</DistanceMeters><HeartRateBpm><Value>115</Value></HeartRateBpm><Cadence>22</Cadence><Extensions><ext:TPX><ext:Watts>43.25714285714286</ext:Watts><ext:Torque>20</ext:Torque></ext:TPX></Extensions></Trackpoint><Trackpoint><Time>2025-11-04T11:15:05.623Z</Time><DistanceMeters>2619.5463691494383</DistanceMeters><HeartRateBpm><Value>115</Value></HeartRateBpm><Cadence>21</Cadence><Extensions><ext:TPX><ext:Watts>43.111111111111114</ext:Watts><ext:Torque>20</ext:Torque></ext:TPX></Extensions></Trackpoint><Trackpoint><Time>2025-11-04T11:15:07.063Z</Time><DistanceMeters>2623.8018260042836</DistanceMeters><HeartRateBpm><Value>114</Value></HeartRateBpm><Cadence>21</Cadence><Extensions><ext:TPX><ext:Watts>43.833333333333336</ext:Watts><ext:Torque>20</ext:Torque></ext:TPX></Extensions></Trackpoint><Trackpoint><Time>2025-11-04T11:15:08.543Z</Time><DistanceMeters>2628.1212046803416</DistanceMeters><HeartRateBpm><Value>114</Value></HeartRateBpm><Cadence>20</Cadence><Extensions><ext:TPX><ext:Watts>43.432432432432435</ext:Watts><ext:Torque>20</ext:Torque></ext:TPX></Extensions></Trackpoint><Trackpoint><Time>2025-11-04T11:15:09.983Z</Time><DistanceMeters>2632.379358275906</DistanceMeters><HeartRateBpm><Value>114</Value></HeartRateBpm><Cadence>21</Cadence><Extensions><ext:TPX><ext:Watts>43.861111111111114</ext:Watts><ext:Torque>20</ext:Torque></ext:TPX></Extensions></Trackpoint><Trackpoint><Time>2025-11-04T11:15:11.423Z</Time><DistanceMeters>2636.5781835756484</DistanceMeters><HeartRateBpm><Value>114</Value></HeartRateBpm><Cadence>21</Cadence><Extensions><ext:TPX><ext:Watts>43.25</ext:Watts><ext:Torque>20</ext:Torque></ext:TPX></Extensions></Trackpoint><Trackpoint><Time>2025-11-04T11:15:12.869Z</Time><DistanceMeters>2640.912569427152</DistanceMeters><HeartRateBpm><Value>114</Value></HeartRateBpm><Cadence>20</Cadence><Extensions><ext:TPX><ext:Watts>43.583333333333336</ext:Watts><ext:Torque>20</ext:Torque></ext:TPX></Extensions></Trackpoint><Trackpoint><Time>2025-11-04T11:15:14.348Z</Time><DistanceMeters>2645.207757432342</DistanceMeters><HeartRateBpm><Value>114</Value></HeartRateBpm><Cadence>20</Cadence><Extensions><ext:TPX><ext:Watts>43.189189189189186</ext:Watts><ext:Torque>20</ext:Torque></ext:TPX></Extensions></Trackpoint><Trackpoint><Time>2025-11-04T11:15:15.748Z</Time><DistanceMeters>2649.588669174039</DistanceMeters><HeartRateBpm><Value>114</Value></HeartRateBpm><Cadence>22</Cadence><Extensions><ext:TPX><ext:Watts>46.2</ext:Watts><ext:Torque>20</ext:Torque></ext:TPX></Extensions></Trackpoint><Trackpoint><Time>2025-11-04T11:15:17.193Z</Time><DistanceMeters>2653.779404251624</DistanceMeters><HeartRateBpm><Value>114</Value></HeartRateBpm><Cadence>21</Cadence><Extensions><ext:TPX><ext:Watts>43.166666666666664</ext:Watts><ext:Torque>20</ext:Torque></ext:TPX></Extensions></Trackpoint><Trackpoint><Time>2025-11-04T11:15:18.594Z</Time><DistanceMeters>2658.0952931845386</DistanceMeters><HeartRateBpm><Value>114</Value></HeartRateBpm><Cadence>22</Cadence><Extensions><ext:TPX><ext:Watts>45.51428571428571</ext:Watts><ext:Torque>20</ext:Torque></ext:TPX></Extensions></Trackpoint><Trackpoint><Time>2025-11-04T11:15:20.034Z</Time><DistanceMeters>2662.515251223253</DistanceMeters><HeartRateBpm><Value>114</Value></HeartRateBpm><Cadence>21</Cadence><Extensions><ext:TPX><ext:Watts>45.52777777777778</ext:Watts><ext:Torque>20</ext:Torque></ext:TPX></Extensions></Trackpoint><Trackpoint><Time>2025-11-04T11:15:21.473Z</Time><DistanceMeters>2666.8597005218307</DistanceMeters><HeartRateBpm><Value>114</Value></HeartRateBpm><Cadence>21</Cadence><Extensions><ext:TPX><ext:Watts>44.75</ext:Watts><ext:Torque>20</ext:Torque></ext:TPX></Extensions></Trackpoint><Trackpoint><Time>2025-11-04T11:15:22.914Z</Time><DistanceMeters>2671.1367313024293</DistanceMeters><HeartRateBpm><Value>114</Value></HeartRateBpm><Cadence>21</Cadence><Extensions><ext:TPX><ext:Watts>44.05555555555556</ext:Watts><ext:Torque>20</ext:Torque></ext:TPX></Extensions></Trackpoint><Trackpoint><Time>2025-11-04T11:15:24.354Z</Time><DistanceMeters>2675.6025339333696</DistanceMeters><HeartRateBpm><Value>114</Value></HeartRateBpm><Cadence>21</Cadence><Extensions><ext:TPX><ext:Watts>46.0</ext:Watts><ext:Torque>20</ext:Torque></ext:TPX></Extensions></Trackpoint><Trackpoint><Time>2025-11-04T11:15:25.794Z</Time><DistanceMeters>2679.9281060469134</DistanceMeters><HeartRateBpm><Value>114</Value></HeartRateBpm><Cadence>21</Cadence><Extensions><ext:TPX><ext:Watts>44.55555555555556</ext:Watts><ext:Torque>20</ext:Torque></ext:TPX></Extensions></Trackpoint><Trackpoint><Time>2025-11-04T11:15:27.278Z</Time><DistanceMeters>2684.4629160863105</DistanceMeters><HeartRateBpm><Value>114</Value></HeartRateBpm><Cadence>20</Cadence><Extensions><ext:TPX><ext:Watts>44.486486486486484</ext:Watts><ext:Torque>20</ext:Torque></ext:TPX></Extensions></Trackpoint><Trackpoint><Time>2025-11-04T11:15:28.759Z</Time><DistanceMeters>2688.7769190577314</DistanceMeters><HeartRateBpm><Value>113</Value></HeartRateBpm><Cadence>20</Cadence><Extensions><ext:TPX><ext:Watts>43.37837837837838</ext:Watts><ext:Torque>20</ext:Torque></ext:TPX></Extensions></Trackpoint><Trackpoint><Time>2025-11-04T11:15:30.199Z</Time><DistanceMeters>2693.1024911712752</DistanceMeters><HeartRateBpm><Value>113</Value></HeartRateBpm><Cadence>21</Cadence><Extensions><ext:TPX><ext:Watts>44.55555555555556</ext:Watts><ext:Torque>20</ext:Torque></ext:TPX></Extensions></Trackpoint><Trackpoint><Time>2025-11-04T11:15:31.679Z</Time><DistanceMeters>2697.424557699652</DistanceMeters><HeartRateBpm><Value>113</Value></HeartRateBpm><Cadence>20</Cadence><Extensions><ext:TPX><ext:Watts>43.45945945945946</ext:Watts><ext:Torque>20</ext:Torque></ext:TPX></Extensions></Trackpoint><Trackpoint><Time>2025-11-04T11:15:33.159Z</Time><DistanceMeters>2701.76275134194</DistanceMeters><HeartRateBpm><Value>113</Value></HeartRateBpm><Cadence>20</Cadence><Extensions><ext:TPX><ext:Watts>43.62162162162162</ext:Watts><ext:Torque>20</ext:Torque></ext:TPX></Extensions></Trackpoint><Trackpoint><Time>2025-11-04T11:15:34.599Z</Time><DistanceMeters>2706.039782122539</DistanceMeters><HeartRateBpm><Value>113</Value></HeartRateBpm><Cadence>21</Cadence><Extensions><ext:TPX><ext:Watts>44.05555555555556</ext:Watts><ext:Torque>20</ext:Torque></ext:TPX></Extensions></Trackpoint><Trackpoint><Time>2025-11-04T11:15:36.039Z</Time><DistanceMeters>2710.3707477175208</DistanceMeters><HeartRateBpm><Value>112</Value></HeartRateBpm><Cadence>21</Cadence><Extensions><ext:TPX><ext:Watts>44.611111111111114</ext:Watts><ext:Torque>20</ext:Torque></ext:TPX></Extensions></Trackpoint><Trackpoint><Time>2025-11-04T11:15:37.524Z</Time><DistanceMeters>2714.8173962008664</DistanceMeters><HeartRateBpm><Value>112</Value></HeartRateBpm><Cadence>20</Cadence><Extensions><ext:TPX><ext:Watts>43.62162162162162</ext:Watts><ext:Torque>20</ext:Torque></ext:TPX></Extensions></Trackpoint><Trackpoint><Time>2025-11-04T11:15:38.964Z</Time><DistanceMeters>2719.2103868323893</DistanceMeters><HeartRateBpm><Value>112</Value></HeartRateBpm><Cadence>21</Cadence><Extensions><ext:TPX><ext:Watts>45.25</ext:Watts><ext:Torque>20</ext:Torque></ext:TPX></Extensions></Trackpoint><Trackpoint><Time>2025-11-04T11:15:40.404Z</Time><DistanceMeters>2723.4982045758647</DistanceMeters><HeartRateBpm><Value>112</Value></HeartRateBpm><Cadence>21</Cadence><Extensions><ext:TPX><ext:Watts>44.166666666666664</ext:Watts><ext:Torque>20</ext:Torque></ext:TPX></Extensions></Trackpoint><Trackpoint><Time>2025-11-04T11:15:41.844Z</Time><DistanceMeters>2727.705120097765</DistanceMeters><HeartRateBpm><Value>112</Value></HeartRateBpm><Cadence>21</Cadence><Extensions><ext:TPX><ext:Watts>43.333333333333336</ext:Watts><ext:Torque>20</ext:Torque></ext:TPX></Extensions></Trackpoint><Trackpoint><Time>2025-11-04T11:15:43.324Z</Time><DistanceMeters>2731.9304239426706</DistanceMeters><HeartRateBpm><Value>112</Value></HeartRateBpm><Cadence>20</Cadence><Extensions><ext:TPX><ext:Watts>42.486486486486484</ext:Watts><ext:Torque>20</ext:Torque></ext:TPX></Extensions></Trackpoint><Trackpoint><Time>2025-11-04T11:15:44.769Z</Time><DistanceMeters>2736.123855760975</DistanceMeters><HeartRateBpm><Value>112</Value></HeartRateBpm><Cadence>21</Cadence><Extensions><ext:TPX><ext:Watts>43.19444444444444</ext:Watts><ext:Torque>20</ext:Torque></ext:TPX></Extensions></Trackpoint><Trackpoint><Time>2025-11-04T11:15:46.249Z</Time><DistanceMeters>2740.5373092681853</DistanceMeters><HeartRateBpm><Value>112</Value></HeartRateBpm><Cadence>20</Cadence><Extensions><ext:TPX><ext:Watts>44.37837837837838</ext:Watts><ext:Torque>20</ext:Torque></ext:TPX></Extensions></Trackpoint><Trackpoint><Time>2025-11-04T11:15:47.689Z</Time><DistanceMeters>2744.830520493099</DistanceMeters><HeartRateBpm><Value>112</Value></HeartRateBpm><Cadence>21</Cadence><Extensions><ext:TPX><ext:Watts>44.22222222222222</ext:Watts><ext:Torque>20</ext:Torque></ext:TPX></Extensions></Trackpoint><Trackpoint><Time>2025-11-04T11:15:49.139Z</Time><DistanceMeters>2749.120706106474</DistanceMeters><HeartRateBpm><Value>113</Value></HeartRateBpm><Cadence>20</Cadence><Extensions><ext:TPX><ext:Watts>43.138888888888886</ext:Watts><ext:Torque>20</ext:Torque></ext:TPX></Extensions></Trackpoint><Trackpoint><Time>2025-11-04T11:15:50.539Z</Time><DistanceMeters>2753.496199280772</DistanceMeters><HeartRateBpm><Value>113</Value></HeartRateBpm><Cadence>22</Cadence><Extensions><ext:TPX><ext:Watts>46.142857142857146</ext:Watts><ext:Torque>20</ext:Torque></ext:TPX></Extensions></Trackpoint><Trackpoint><Time>2025-11-04T11:15:51.979Z</Time><DistanceMeters>2757.748959394898</DistanceMeters><HeartRateBpm><Value>113</Value></HeartRateBpm><Cadence>21</Cadence><Extensions><ext:TPX><ext:Watts>43.80555555555556</ext:Watts><ext:Torque>20</ext:Torque></ext:TPX></Extensions></Trackpoint><Trackpoint><Time>2025-11-04T11:15:53.384Z</Time><DistanceMeters>2762.108196867001</DistanceMeters><HeartRateBpm><Value>114</Value></HeartRateBpm><Cadence>22</Cadence><Extensions><ext:TPX><ext:Watts>45.97142857142857</ext:Watts><ext:Torque>20</ext:Torque></ext:TPX></Extensions></Trackpoint><Trackpoint><Time>2025-11-04T11:15:54.824Z</Time><DistanceMeters>2766.3555634996887</DistanceMeters><HeartRateBpm><Value>114</Value></HeartRateBpm><Cadence>21</Cadence><Extensions><ext:TPX><ext:Watts>43.75</ext:Watts><ext:Torque>20</ext:Torque></ext:TPX></Extensions></Trackpoint><Trackpoint><Time>2025-11-04T11:15:56.224Z</Time><DistanceMeters>2770.476384006257</DistanceMeters><HeartRateBpm><Value>114</Value></HeartRateBpm><Cadence>22</Cadence><Extensions><ext:TPX><ext:Watts>43.457142857142856</ext:Watts><ext:Torque>20</ext:Torque></ext:TPX></Extensions></Trackpoint><Trackpoint><Time>2025-11-04T11:15:57.624Z</Time><DistanceMeters>2774.76247081848</DistanceMeters><HeartRateBpm><Value>115</Value></HeartRateBpm><Cadence>22</Cadence><Extensions><ext:TPX><ext:Watts>45.2</ext:Watts><ext:Torque>20</ext:Torque></ext:TPX></Extensions></Trackpoint><Trackpoint><Time>2025-11-04T11:15:59.064Z</Time><DistanceMeters>2778.9559026367842</DistanceMeters><HeartRateBpm><Value>115</Value></HeartRateBpm><Cadence>21</Cadence><Extensions><ext:TPX><ext:Watts>43.19444444444444</ext:Watts><ext:Torque>20</ext:Torque></ext:TPX></Extensions></Trackpoint><Trackpoint><Time>2025-11-04T11:16:00.464Z</Time><DistanceMeters>2783.2121873283154</DistanceMeters><HeartRateBpm><Value>115</Value></HeartRateBpm><Cadence>22</Cadence><Extensions><ext:TPX><ext:Watts>44.885714285714286</ext:Watts><ext:Torque>20</ext:Torque></ext:TPX></Extensions></Trackpoint><Trackpoint><Time>2025-11-04T11:16:01.909Z</Time><DistanceMeters>2787.3678647765514</DistanceMeters><HeartRateBpm><Value>116</Value></HeartRateBpm><Cadence>21</Cadence><Extensions><ext:TPX><ext:Watts>42.80555555555556</ext:Watts><ext:Torque>20</ext:Torque></ext:TPX></Extensions></Trackpoint><Trackpoint><Time>2025-11-04T11:16:03.349Z</Time><DistanceMeters>2791.5343291876643</DistanceMeters><HeartRateBpm><Value>116</Value></HeartRateBpm><Cadence>21</Cadence><Extensions><ext:TPX><ext:Watts>42.916666666666664</ext:Watts><ext:Torque>20</ext:Torque></ext:TPX></Extensions></Trackpoint><Trackpoint><Time>2025-11-04T11:16:04.759Z</Time><DistanceMeters>2795.796032446594</DistanceMeters><HeartRateBpm><Value>116</Value></HeartRateBpm><Cadence>22</Cadence><Extensions><ext:TPX><ext:Watts>44.94285714285714</ext:Watts><ext:Torque>20</ext:Torque></ext:TPX></Extensions></Trackpoint><Trackpoint><Time>2025-11-04T11:16:06.239Z</Time><DistanceMeters>2800.002521325269</DistanceMeters><HeartRateBpm><Value>116</Value></HeartRateBpm><Cadence>20</Cadence><Extensions><ext:TPX><ext:Watts>42.2972972972973</ext:Watts><ext:Torque>20</ext:Torque></ext:TPX></Extensions></Trackpoint><Trackpoint><Time>2025-11-04T11:16:07.684Z</Time><DistanceMeters>2804.2957325501825</DistanceMeters><HeartRateBpm><Value>116</Value></HeartRateBpm><Cadence>21</Cadence><Extensions><ext:TPX><ext:Watts>44.22222222222222</ext:Watts><ext:Torque>20</ext:Torque></ext:TPX></Extensions></Trackpoint><Trackpoint><Time>2025-11-04T11:16:09.124Z</Time><DistanceMeters>2808.686026440986</DistanceMeters><HeartRateBpm><Value>116</Value></HeartRateBpm><Cadence>21</Cadence><Extensions><ext:TPX><ext:Watts>45.22222222222222</ext:Watts><ext:Torque>20</ext:Torque></ext:TPX></Extensions></Trackpoint><Trackpoint><Time>2025-11-04T11:16:10.524Z</Time><DistanceMeters>2813.0831938848787</DistanceMeters><HeartRateBpm><Value>115</Value></HeartRateBpm><Cadence>22</Cadence><Extensions><ext:TPX><ext:Watts>46.371428571428574</ext:Watts><ext:Torque>20</ext:Torque></ext:TPX></Extensions></Trackpoint><Trackpoint><Time>2025-11-04T11:16:12.004Z</Time><DistanceMeters>2817.469768868903</DistanceMeters><HeartRateBpm><Value>115</Value></HeartRateBpm><Cadence>20</Cadence><Extensions><ext:TPX><ext:Watts>44.108108108108105</ext:Watts><ext:Torque>20</ext:Torque></ext:TPX></Extensions></Trackpoint><Trackpoint><Time>2025-11-04T11:16:13.444Z</Time><DistanceMeters>2821.91399757409</DistanceMeters><HeartRateBpm><Value>114</Value></HeartRateBpm><Cadence>21</Cadence><Extensions><ext:TPX><ext:Watts>45.77777777777778</ext:Watts><ext:Torque>20</ext:Torque></ext:TPX></Extensions></Trackpoint><Trackpoint><Time>2025-11-04T11:16:14.849Z</Time><DistanceMeters>2826.1296430101324</DistanceMeters><HeartRateBpm><Value>114</Value></HeartRateBpm><Cadence>22</Cadence><Extensions><ext:TPX><ext:Watts>44.457142857142856</ext:Watts><ext:Torque>20</ext:Torque></ext:TPX></Extensions></Trackpoint><Trackpoint><Time>2025-11-04T11:16:16.255Z</Time><DistanceMeters>2830.3425791624754</DistanceMeters><HeartRateBpm><Value>114</Value></HeartRateBpm><Cadence>22</Cadence><Extensions><ext:TPX><ext:Watts>44.42857142857143</ext:Watts><ext:Torque>20</ext:Torque></ext:TPX></Extensions></Trackpoint><Trackpoint><Time>2025-11-04T11:16:17.694Z</Time><DistanceMeters>2834.670848016738</DistanceMeters><HeartRateBpm><Value>114</Value></HeartRateBpm><Cadence>21</Cadence><Extensions><ext:TPX><ext:Watts>44.583333333333336</ext:Watts><ext:Torque>20</ext:Torque></ext:TPX></Extensions></Trackpoint><Trackpoint><Time>2025-11-04T11:16:19.134Z</Time><DistanceMeters>2838.7968613170633</DistanceMeters><HeartRateBpm><Value>113</Value></HeartRateBpm><Cadence>21</Cadence><Extensions><ext:TPX><ext:Watts>42.5</ext:Watts><ext:Torque>20</ext:Torque></ext:TPX></Extensions></Trackpoint><Trackpoint><Time>2025-11-04T11:16:20.534Z</Time><DistanceMeters>2843.0125067531058</DistanceMeters><HeartRateBpm><Value>113</Value></HeartRateBpm><Cadence>22</Cadence><Extensions><ext:TPX><ext:Watts>44.457142857142856</ext:Watts><ext:Torque>20</ext:Torque></ext:TPX></Extensions></Trackpoint><Trackpoint><Time>2025-11-04T11:16:21.934Z</Time><DistanceMeters>2847.2444078913436</DistanceMeters><HeartRateBpm><Value>113</Value></HeartRateBpm><Cadence>22</Cadence><Extensions><ext:TPX><ext:Watts>44.628571428571426</ext:Watts><ext:Torque>20</ext:Torque></ext:TPX></Extensions></Trackpoint><Trackpoint><Time>2025-11-04T11:16:23.384Z</Time><DistanceMeters>2851.61746895121</DistanceMeters><HeartRateBpm><Value>114</Value></HeartRateBpm><Cadence>20</Cadence><Extensions><ext:TPX><ext:Watts>43.97222222222222</ext:Watts><ext:Torque>20</ext:Torque></ext:TPX></Extensions></Trackpoint><Trackpoint><Time>2025-11-04T11:16:24.784Z</Time><DistanceMeters>2855.903555763433</DistanceMeters><HeartRateBpm><Value>114</Value></HeartRateBpm><Cadence>22</Cadence><Extensions><ext:TPX><ext:Watts>45.2</ext:Watts><ext:Torque>20</ext:Torque></ext:TPX></Extensions></Trackpoint><Trackpoint><Time>2025-11-04T11:16:26.224Z</Time><DistanceMeters>2860.223734395538</DistanceMeters><HeartRateBpm><Value>115</Value></HeartRateBpm><Cadence>21</Cadence><Extensions><ext:TPX><ext:Watts>44.5</ext:Watts><ext:Torque>20</ext:Torque></ext:TPX></Extensions></Trackpoint><Trackpoint><Time>2025-11-04T11:16:27.624Z</Time><DistanceMeters>2864.5612975980466</DistanceMeters><HeartRateBpm><Value>115</Value></HeartRateBpm><Cadence>22</Cadence><Extensions><ext:TPX><ext:Watts>45.74285714285714</ext:Watts><ext:Torque>20</ext:Torque></ext:TPX></Extensions></Trackpoint><Trackpoint><Time>2025-11-04T11:16:29.034Z</Time><DistanceMeters>2868.904279367954</DistanceMeters><HeartRateBpm><Value>115</Value></HeartRateBpm><Cadence>22</Cadence><Extensions><ext:TPX><ext:Watts>45.8</ext:Watts><ext:Torque>20</ext:Torque></ext:TPX></Extensions></Trackpoint><Trackpoint><Time>2025-11-04T11:16:30.434Z</Time><DistanceMeters>2873.32583036514</DistanceMeters><HeartRateBpm><Value>115</Value></HeartRateBpm><Cadence>22</Cadence><Extensions><ext:TPX><ext:Watts>46.628571428571426</ext:Watts><ext:Torque>20</ext:Torque></ext:TPX></Extensions></Trackpoint><Trackpoint><Time>2025-11-04T11:16:31.835Z</Time><DistanceMeters>2877.760927780822</DistanceMeters><HeartRateBpm><Value>116</Value></HeartRateBpm><Cadence>22</Cadence><Extensions><ext:TPX><ext:Watts>46.77142857142857</ext:Watts><ext:Torque>20</ext:Torque></ext:TPX></Extensions></Trackpoint><Trackpoint><Time>2025-11-04T11:16:33.195Z</Time><DistanceMeters>2882.252688343818</DistanceMeters><HeartRateBpm><Value>116</Value></HeartRateBpm><Cadence>22</Cadence><Extensions><ext:TPX><ext:Watts>48.470588235294116</ext:Watts><ext:Torque>20</ext:Torque></ext:TPX></Extensions></Trackpoint><Trackpoint><Time>2025-11-04T11:16:34.565Z</Time><DistanceMeters>2886.8343931413892</DistanceMeters><HeartRateBpm><Value>116</Value></HeartRateBpm><Cadence>22</Cadence><Extensions><ext:TPX><ext:Watts>49.44117647058823</ext:Watts><ext:Torque>20</ext:Torque></ext:TPX></Extensions></Trackpoint><Trackpoint><Time>2025-11-04T11:16:35.325Z</Time><DistanceMeters>2891.3818202389207</DistanceMeters><HeartRateBpm><Value>116</Value></HeartRateBpm><Cadence>40</Cadence><Extensions><ext:TPX><ext:Watts>88.10526315789474</ext:Watts><ext:Torque>25</ext:Torque></ext:TPX></Extensions></Trackpoint><Trackpoint><Time>2025-11-04T11:16:35.965Z</Time><DistanceMeters>2891.38724240909</DistanceMeters><HeartRateBpm><Value>116</Value></HeartRateBpm><Cadence>47</Cadence><Extensions><ext:TPX><ext:Watts>0.125</ext:Watts><ext:Torque>20</ext:Torque></ext:TPX></Extensions></Trackpoint><Trackpoint><Time>2025-11-04T11:16:37.330Z</Time><DistanceMeters>2895.7481749945237</DistanceMeters><HeartRateBpm><Value>116</Value></HeartRateBpm><Cadence>22</Cadence><Extensions><ext:TPX><ext:Watts>47.05882352941177</ext:Watts><ext:Torque>20</ext:Torque></ext:TPX></Extensions></Trackpoint><Trackpoint><Time>2025-11-04T11:16:38.689Z</Time><DistanceMeters>2900.1309122428843</DistanceMeters><HeartRateBpm><Value>116</Value></HeartRateBpm><Cadence>22</Cadence><Extensions><ext:TPX><ext:Watts>47.294117647058826</ext:Watts><ext:Torque>20</ext:Torque></ext:TPX></Extensions></Trackpoint><Trackpoint><Time>2025-11-04T11:16:40.050Z</Time><DistanceMeters>2904.565435565697</DistanceMeters><HeartRateBpm><Value>116</Value></HeartRateBpm><Cadence>22</Cadence><Extensions><ext:TPX><ext:Watts>47.85294117647059</ext:Watts><ext:Torque>20</ext:Torque></ext:TPX></Extensions></Trackpoint><Trackpoint><Time>2025-11-04T11:16:41.410Z</Time><DistanceMeters>2908.93999606546</DistanceMeters><HeartRateBpm><Value>117</Value></HeartRateBpm><Cadence>22</Cadence><Extensions><ext:TPX><ext:Watts>47.205882352941174</ext:Watts><ext:Torque>20</ext:Torque></ext:TPX></Extensions></Trackpoint><Trackpoint><Time>2025-11-04T11:16:42.769Z</Time><DistanceMeters>2913.208258833453</DistanceMeters><HeartRateBpm><Value>117</Value></HeartRateBpm><Cadence>22</Cadence><Extensions><ext:TPX><ext:Watts>46.05882352941177</ext:Watts><ext:Torque>20</ext:Torque></ext:TPX></Extensions></Trackpoint><Trackpoint><Time>2025-11-04T11:16:43.490Z</Time><DistanceMeters>2917.4358385372493</DistanceMeters><HeartRateBpm><Value>117</Value></HeartRateBpm><Cadence>42</Cadence><Extensions><ext:TPX><ext:Watts>86.05555555555556</ext:Watts><ext:Torque>21</ext:Torque></ext:TPX></Extensions></Trackpoint><Trackpoint><Time>2025-11-04T11:16:45.535Z</Time><DistanceMeters>2921.736808299633</DistanceMeters><HeartRateBpm><Value>117</Value></HeartRateBpm><Cadence>22</Cadence><Extensions><ext:TPX><ext:Watts>46.411764705882355</ext:Watts><ext:Torque>20</ext:Torque></ext:TPX></Extensions></Trackpoint><Trackpoint><Time>2025-11-04T11:16:46.255Z</Time><DistanceMeters>2925.912532603577</DistanceMeters><HeartRateBpm><Value>117</Value></HeartRateBpm><Cadence>42</Cadence><Extensions><ext:TPX><ext:Watts>85.0</ext:Watts><ext:Torque>21</ext:Torque></ext:TPX></Extensions></Trackpoint><Trackpoint><Time>2025-11-04T11:16:46.935Z</Time><DistanceMeters>2925.9152581864428</DistanceMeters><HeartRateBpm><Value>117</Value></HeartRateBpm><Cadence>44</Cadence><Extensions><ext:TPX><ext:Watts>0.058823529411764705</ext:Watts><ext:Torque>20</ext:Torque></ext:TPX></Extensions></Trackpoint><Trackpoint><Time>2025-11-04T11:16:48.300Z</Time><DistanceMeters>2930.2135023659607</DistanceMeters><HeartRateBpm><Value>117</Value></HeartRateBpm><Cadence>22</Cadence><Extensions><ext:TPX><ext:Watts>46.38235294117647</ext:Watts><ext:Torque>20</ext:Torque></ext:TPX></Extensions></Trackpoint><Trackpoint><Time>2025-11-04T11:16:49.670Z</Time><DistanceMeters>2934.3073278305365</DistanceMeters><HeartRateBpm><Value>117</Value></HeartRateBpm><Cadence>22</Cadence><Extensions><ext:TPX><ext:Watts>44.1764705882353</ext:Watts><ext:Torque>20</ext:Torque></ext:TPX></Extensions></Trackpoint><Trackpoint><Time>2025-11-04T11:16:50.390Z</Time><DistanceMeters>2938.5949506288994</DistanceMeters><HeartRateBpm><Value>118</Value></HeartRateBpm><Cadence>42</Cadence><Extensions><ext:TPX><ext:Watts>87.27777777777777</ext:Watts><ext:Torque>20</ext:Torque></ext:TPX></Extensions></Trackpoint><Trackpoint><Time>2025-11-04T11:16:52.435Z</Time><DistanceMeters>2942.8593631715285</DistanceMeters><HeartRateBpm><Value>118</Value></HeartRateBpm><Cadence>22</Cadence><Extensions><ext:TPX><ext:Watts>44.97142857142857</ext:Watts><ext:Torque>20</ext:Torque></ext:TPX></Extensions></Trackpoint><Trackpoint><Time>2025-11-04T11:16:53.835Z</Time><DistanceMeters>2947.129194281556</DistanceMeters><HeartRateBpm><Value>118</Value></HeartRateBpm><Cadence>22</Cadence><Extensions><ext:TPX><ext:Watts>45.02857142857143</ext:Watts><ext:Torque>20</ext:Torque></ext:TPX></Extensions></Trackpoint><Trackpoint><Time>2025-11-04T11:16:55.235Z</Time><DistanceMeters>2951.371932554591</DistanceMeters><HeartRateBpm><Value>118</Value></HeartRateBpm><Cadence>22</Cadence><Extensions><ext:TPX><ext:Watts>44.74285714285714</ext:Watts><ext:Torque>20</ext:Torque></ext:TPX></Extensions></Trackpoint><Trackpoint><Time>2025-11-04T11:16:56.685Z</Time><DistanceMeters>2955.6538306233165</DistanceMeters><HeartRateBpm><Value>118</Value></HeartRateBpm><Cadence>20</Cadence><Extensions><ext:TPX><ext:Watts>43.05555555555556</ext:Watts><ext:Torque>20</ext:Torque></ext:TPX></Extensions></Trackpoint><Trackpoint><Time>2025-11-04T11:16:58.125Z</Time><DistanceMeters>2959.88232007097</DistanceMeters><HeartRateBpm><Value>118</Value></HeartRateBpm><Cadence>21</Cadence><Extensions><ext:TPX><ext:Watts>43.55555555555556</ext:Watts><ext:Torque>20</ext:Torque></ext:TPX></Extensions></Trackpoint><Trackpoint><Time>2025-11-04T11:16:59.525Z</Time><DistanceMeters>2964.1250583440046</DistanceMeters><HeartRateBpm><Value>117</Value></HeartRateBpm><Cadence>22</Cadence><Extensions><ext:TPX><ext:Watts>44.74285714285714</ext:Watts><ext:Torque>20</ext:Torque></ext:TPX></Extensions></Trackpoint><Trackpoint><Time>2025-11-04T11:17:00.965Z</Time><DistanceMeters>2968.402089124603</DistanceMeters><HeartRateBpm><Value>117</Value></HeartRateBpm><Cadence>21</Cadence><Extensions><ext:TPX><ext:Watts>44.05555555555556</ext:Watts><ext:Torque>20</ext:Torque></ext:TPX></Extensions></Trackpoint><Trackpoint><Time>2025-11-04T11:17:02.405Z</Time><DistanceMeters>2972.649455757291</DistanceMeters><HeartRateBpm><Value>117</Value></HeartRateBpm><Cadence>21</Cadence><Extensions><ext:TPX><ext:Watts>43.75</ext:Watts><ext:Torque>20</ext:Torque></ext:TPX></Extensions></Trackpoint><Trackpoint><Time>2025-11-04T11:17:03.850Z</Time><DistanceMeters>2976.9237897971702</DistanceMeters><HeartRateBpm><Value>117</Value></HeartRateBpm><Cadence>21</Cadence><Extensions><ext:TPX><ext:Watts>44.02777777777778</ext:Watts><ext:Torque>20</ext:Torque></ext:TPX></Extensions></Trackpoint><Trackpoint><Time>2025-11-04T11:17:04.610Z</Time><DistanceMeters>2981.1941335231672</DistanceMeters><HeartRateBpm><Value>117</Value></HeartRateBpm><Cadence>40</Cadence><Extensions><ext:TPX><ext:Watts>82.73684210526316</ext:Watts><ext:Torque>21</ext:Torque></ext:TPX></Extensions></Trackpoint><Trackpoint><Time>2025-11-04T11:17:06.735Z</Time><DistanceMeters>2985.2068837132874</DistanceMeters><HeartRateBpm><Value>117</Value></HeartRateBpm><Cadence>21</Cadence><Extensions><ext:TPX><ext:Watts>41.333333333333336</ext:Watts><ext:Torque>20</ext:Torque></ext:TPX></Extensions></Trackpoint><Trackpoint><Time>2025-11-04T11:17:08.175Z</Time><DistanceMeters>2989.354470939366</DistanceMeters><HeartRateBpm><Value>117</Value></HeartRateBpm><Cadence>21</Cadence><Extensions><ext:TPX><ext:Watts>42.72222222222222</ext:Watts><ext:Torque>20</ext:Torque></ext:TPX></Extensions></Trackpoint><Trackpoint><Time>2025-11-04T11:17:09.620Z</Time><DistanceMeters>2993.5398125355127</DistanceMeters><HeartRateBpm><Value>117</Value></HeartRateBpm><Cadence>21</Cadence><Extensions><ext:TPX><ext:Watts>43.111111111111114</ext:Watts><ext:Torque>20</ext:Torque></ext:TPX></Extensions></Trackpoint><Trackpoint><Time>2025-11-04T11:17:11.025Z</Time><DistanceMeters>2997.576645247404</DistanceMeters><HeartRateBpm><Value>116</Value></HeartRateBpm><Cadence>22</Cadence><Extensions><ext:TPX><ext:Watts>42.57142857142857</ext:Watts><ext:Torque>20</ext:Torque></ext:TPX></Extensions></Trackpoint><Trackpoint><Time>2025-11-04T11:17:12.465Z</Time><DistanceMeters>3001.7350194363594</DistanceMeters><HeartRateBpm><Value>116</Value></HeartRateBpm><Cadence>21</Cadence><Extensions><ext:TPX><ext:Watts>42.833333333333336</ext:Watts><ext:Torque>20</ext:Torque></ext:TPX></Extensions></Trackpoint><Trackpoint><Time>2025-11-04T11:17:13.905Z</Time><DistanceMeters>3005.8448522923695</DistanceMeters><HeartRateBpm><Value>116</Value></HeartRateBpm><Cadence>21</Cadence><Extensions><ext:TPX><ext:Watts>42.333333333333336</ext:Watts><ext:Torque>20</ext:Torque></ext:TPX></Extensions></Trackpoint><Trackpoint><Time>2025-11-04T11:17:15.310Z</Time><DistanceMeters>3009.9629635152387</DistanceMeters><HeartRateBpm><Value>116</Value></HeartRateBpm><Cadence>22</Cadence><Extensions><ext:TPX><ext:Watts>43.42857142857143</ext:Watts><ext:Torque>20</ext:Torque></ext:TPX></Extensions></Trackpoint><Trackpoint><Time>2025-11-04T11:17:16.750Z</Time><DistanceMeters>3014.0350420011805</DistanceMeters><HeartRateBpm><Value>116</Value></HeartRateBpm><Cadence>21</Cadence><Extensions><ext:TPX><ext:Watts>41.94444444444444</ext:Watts><ext:Torque>20</ext:Torque></ext:TPX></Extensions></Trackpoint><Trackpoint><Time>2025-11-04T11:17:18.190Z</Time><DistanceMeters>3018.117907449999</DistanceMeters><HeartRateBpm><Value>116</Value></HeartRateBpm><Cadence>21</Cadence><Extensions><ext:TPX><ext:Watts>42.05555555555556</ext:Watts><ext:Torque>20</ext:Torque></ext:TPX></Extensions></Trackpoint><Trackpoint><Time>2025-11-04T11:17:19.590Z</Time><DistanceMeters>3022.2522743750637</DistanceMeters><HeartRateBpm><Value>116</Value></HeartRateBpm><Cadence>22</Cadence><Extensions><ext:TPX><ext:Watts>43.6</ext:Watts><ext:Torque>20</ext:Torque></ext:TPX></Extensions></Trackpoint><Trackpoint><Time>2025-11-04T11:17:21.030Z</Time><DistanceMeters>3026.364803971793</DistanceMeters><HeartRateBpm><Value>116</Value></HeartRateBpm><Cadence>21</Cadence><Extensions><ext:TPX><ext:Watts>42.361111111111114</ext:Watts><ext:Torque>20</ext:Torque></ext:TPX></Extensions></Trackpoint><Trackpoint><Time>2025-11-04T11:17:22.430Z</Time><DistanceMeters>3030.515426599053</DistanceMeters><HeartRateBpm><Value>117</Value></HeartRateBpm><Cadence>22</Cadence><Extensions><ext:TPX><ext:Watts>43.77142857142857</ext:Watts><ext:Torque>20</ext:Torque></ext:TPX></Extensions></Trackpoint><Trackpoint><Time>2025-11-04T11:17:23.870Z</Time><DistanceMeters>3034.495815900543</DistanceMeters><HeartRateBpm><Value>116</Value></HeartRateBpm><Cadence>21</Cadence><Extensions><ext:TPX><ext:Watts>41.0</ext:Watts><ext:Torque>20</ext:Torque></ext:TPX></Extensions></Trackpoint><Trackpoint><Time>2025-11-04T11:17:25.310Z</Time><DistanceMeters>3038.6272226823066</DistanceMeters><HeartRateBpm><Value>116</Value></HeartRateBpm><Cadence>21</Cadence><Extensions><ext:TPX><ext:Watts>42.55555555555556</ext:Watts><ext:Torque>20</ext:Torque></ext:TPX></Extensions></Trackpoint><Trackpoint><Time>2025-11-04T11:17:26.751Z</Time><DistanceMeters>3042.774809908385</DistanceMeters><HeartRateBpm><Value>116</Value></HeartRateBpm><Cadence>21</Cadence><Extensions><ext:TPX><ext:Watts>42.72222222222222</ext:Watts><ext:Torque>20</ext:Torque></ext:TPX></Extensions></Trackpoint><Trackpoint><Time>2025-11-04T11:17:28.150Z</Time><DistanceMeters>3046.955234656337</DistanceMeters><HeartRateBpm><Value>116</Value></HeartRateBpm><Cadence>22</Cadence><Extensions><ext:TPX><ext:Watts>44.08571428571429</ext:Watts><ext:Torque>20</ext:Torque></ext:TPX></Extensions></Trackpoint><Trackpoint><Time>2025-11-04T11:17:29.630Z</Time><DistanceMeters>3051.1644113873303</DistanceMeters><HeartRateBpm><Value>115</Value></HeartRateBpm><Cadence>20</Cadence><Extensions><ext:TPX><ext:Watts>42.32432432432432</ext:Watts><ext:Torque>20</ext:Torque></ext:TPX></Extensions></Trackpoint><Trackpoint><Time>2025-11-04T11:17:31.030Z</Time><DistanceMeters>3055.2473019221093</DistanceMeters><HeartRateBpm><Value>115</Value></HeartRateBpm><Cadence>22</Cadence><Extensions><ext:TPX><ext:Watts>43.05714285714286</ext:Watts><ext:Torque>20</ext:Torque></ext:TPX></Extensions></Trackpoint><Trackpoint><Time>2025-11-04T11:17:32.470Z</Time><DistanceMeters>3059.4407337404136</DistanceMeters><HeartRateBpm><Value>115</Value></HeartRateBpm><Cadence>21</Cadence><Extensions><ext:TPX><ext:Watts>43.19444444444444</ext:Watts><ext:Torque>20</ext:Torque></ext:TPX></Extensions></Trackpoint><Trackpoint><Time>2025-11-04T11:17:33.910Z</Time><DistanceMeters>3063.604501410807</DistanceMeters><HeartRateBpm><Value>115</Value></HeartRateBpm><Cadence>21</Cadence><Extensions><ext:TPX><ext:Watts>42.888888888888886</ext:Watts><ext:Torque>20</ext:Torque></ext:TPX></Extensions></Trackpoint><Trackpoint><Time>2025-11-04T11:17:35.350Z</Time><DistanceMeters>3067.7305147111324</DistanceMeters><HeartRateBpm><Value>114</Value></HeartRateBpm><Cadence>21</Cadence><Extensions><ext:TPX><ext:Watts>42.5</ext:Watts><ext:Torque>20</ext:Torque></ext:TPX></Extensions></Trackpoint><Trackpoint><Time>2025-11-04T11:17:36.790Z</Time><DistanceMeters>3071.826863863547</DistanceMeters><HeartRateBpm><Value>114</Value></HeartRateBpm><Cadence>21</Cadence><Extensions><ext:TPX><ext:Watts>42.19444444444444</ext:Watts><ext:Torque>20</ext:Torque></ext:TPX></Extensions></Trackpoint><Trackpoint><Time>2025-11-04T11:17:38.191Z</Time><DistanceMeters>3075.8501501569417</DistanceMeters><HeartRateBpm><Value>114</Value></HeartRateBpm><Cadence>22</Cadence><Extensions><ext:TPX><ext:Watts>42.42857142857143</ext:Watts><ext:Torque>20</ext:Torque></ext:TPX></Extensions></Trackpoint><Trackpoint><Time>2025-11-04T11:17:39.630Z</Time><DistanceMeters>3079.9707699758287</DistanceMeters><HeartRateBpm><Value>114</Value></HeartRateBpm><Cadence>21</Cadence><Extensions><ext:TPX><ext:Watts>42.44444444444444</ext:Watts><ext:Torque>20</ext:Torque></ext:TPX></Extensions></Trackpoint><Trackpoint><Time>2025-11-04T11:17:41.071Z</Time><DistanceMeters>3084.193865942044</DistanceMeters><HeartRateBpm><Value>114</Value></HeartRateBpm><Cadence>21</Cadence><Extensions><ext:TPX><ext:Watts>43.5</ext:Watts><ext:Torque>20</ext:Torque></ext:TPX></Extensions></Trackpoint><Trackpoint><Time>2025-11-04T11:17:42.516Z</Time><DistanceMeters>3088.443929315451</DistanceMeters><HeartRateBpm><Value>113</Value></HeartRateBpm><Cadence>21</Cadence><Extensions><ext:TPX><ext:Watts>43.77777777777778</ext:Watts><ext:Torque>20</ext:Torque></ext:TPX></Extensions></Trackpoint><Trackpoint><Time>2025-11-04T11:17:43.956Z</Time><DistanceMeters>3092.5726393564955</DistanceMeters><HeartRateBpm><Value>113</Value></HeartRateBpm><Cadence>21</Cadence><Extensions><ext:TPX><ext:Watts>42.52777777777778</ext:Watts><ext:Torque>20</ext:Torque></ext:TPX></Extensions></Trackpoint><Trackpoint><Time>2025-11-04T11:17:45.395Z</Time><DistanceMeters>3096.590783028054</DistanceMeters><HeartRateBpm><Value>112</Value></HeartRateBpm><Cadence>21</Cadence><Extensions><ext:TPX><ext:Watts>41.388888888888886</ext:Watts><ext:Torque>20</ext:Torque></ext:TPX></Extensions></Trackpoint><Trackpoint><Time>2025-11-04T11:17:46.876Z</Time><DistanceMeters>3100.746202712675</DistanceMeters><HeartRateBpm><Value>112</Value></HeartRateBpm><Cadence>20</Cadence><Extensions><ext:TPX><ext:Watts>41.78378378378378</ext:Watts><ext:Torque>20</ext:Torque></ext:TPX></Extensions></Trackpoint><Trackpoint><Time>2025-11-04T11:17:48.276Z</Time><DistanceMeters>3104.8507675170476</DistanceMeters><HeartRateBpm><Value>111</Value></HeartRateBpm><Cadence>22</Cadence><Extensions><ext:TPX><ext:Watts>43.285714285714285</ext:Watts><ext:Torque>20</ext:Torque></ext:TPX></Extensions></Trackpoint><Trackpoint><Time>2025-11-04T11:17:49.796Z</Time><DistanceMeters>3109.184113231369</DistanceMeters><HeartRateBpm><Value>111</Value></HeartRateBpm><Cadence>20</Cadence><Extensions><ext:TPX><ext:Watts>41.44736842105263</ext:Watts><ext:Torque>20</ext:Torque></ext:TPX></Extensions></Trackpoint><Trackpoint><Time>2025-11-04T11:17:51.276Z</Time><DistanceMeters>3113.4551105656915</DistanceMeters><HeartRateBpm><Value>111</Value></HeartRateBpm><Cadence>20</Cadence><Extensions><ext:TPX><ext:Watts>42.945945945945944</ext:Watts><ext:Torque>20</ext:Torque></ext:TPX></Extensions></Trackpoint><Trackpoint><Time>2025-11-04T11:17:52.756Z</Time><DistanceMeters>3117.629345216543</DistanceMeters><HeartRateBpm><Value>111</Value></HeartRateBpm><Cadence>20</Cadence><Extensions><ext:TPX><ext:Watts>41.972972972972975</ext:Watts><ext:Torque>20</ext:Torque></ext:TPX></Extensions></Trackpoint><Trackpoint><Time>2025-11-04T11:17:54.196Z</Time><DistanceMeters>3121.7688422204637</DistanceMeters><HeartRateBpm><Value>111</Value></HeartRateBpm><Cadence>21</Cadence><Extensions><ext:TPX><ext:Watts>42.638888888888886</ext:Watts><ext:Torque>20</ext:Torque></ext:TPX></Extensions></Trackpoint><Trackpoint><Time>2025-11-04T11:17:55.676Z</Time><DistanceMeters>3126.0613423733353</DistanceMeters><HeartRateBpm><Value>111</Value></HeartRateBpm><Cadence>20</Cadence><Extensions><ext:TPX><ext:Watts>43.16216216216216</ext:Watts><ext:Torque>20</ext:Torque></ext:TPX></Extensions></Trackpoint><Trackpoint><Time>2025-11-04T11:17:57.116Z</Time><DistanceMeters>3130.2332002658864</DistanceMeters><HeartRateBpm><Value>111</Value></HeartRateBpm><Cadence>21</Cadence><Extensions><ext:TPX><ext:Watts>42.97222222222222</ext:Watts><ext:Torque>20</ext:Torque></ext:TPX></Extensions></Trackpoint><Trackpoint><Time>2025-11-04T11:17:58.556Z</Time><DistanceMeters>3134.3403363811776</DistanceMeters><HeartRateBpm><Value>111</Value></HeartRateBpm><Cadence>21</Cadence><Extensions><ext:TPX><ext:Watts>42.30555555555556</ext:Watts><ext:Torque>20</ext:Torque></ext:TPX></Extensions></Trackpoint><Trackpoint><Time>2025-11-04T11:18:00.036Z</Time><DistanceMeters>3138.6005823062255</DistanceMeters><HeartRateBpm><Value>111</Value></HeartRateBpm><Cadence>20</Cadence><Extensions><ext:TPX><ext:Watts>42.83783783783784</ext:Watts><ext:Torque>20</ext:Torque></ext:TPX></Extensions></Trackpoint><Trackpoint><Time>2025-11-04T11:18:01.516Z</Time><DistanceMeters>3142.7022449444735</DistanceMeters><HeartRateBpm><Value>111</Value></HeartRateBpm><Cadence>20</Cadence><Extensions><ext:TPX><ext:Watts>41.24324324324324</ext:Watts><ext:Torque>20</ext:Torque></ext:TPX></Extensions></Trackpoint><Trackpoint><Time>2025-11-04T11:18:02.956Z</Time><DistanceMeters>3146.8255615040794</DistanceMeters><HeartRateBpm><Value>111</Value></HeartRateBpm><Cadence>21</Cadence><Extensions><ext:TPX><ext:Watts>42.47222222222222</ext:Watts><ext:Torque>20</ext:Torque></ext:TPX></Extensions></Trackpoint><Trackpoint><Time>2025-11-04T11:18:04.436Z</Time><DistanceMeters>3151.222887897378</DistanceMeters><HeartRateBpm><Value>111</Value></HeartRateBpm><Cadence>20</Cadence><Extensions><ext:TPX><ext:Watts>44.21621621621622</ext:Watts><ext:Torque>20</ext:Torque></ext:TPX></Extensions></Trackpoint><Trackpoint><Time>2025-11-04T11:18:05.876Z</Time><DistanceMeters>3155.4486806043124</DistanceMeters><HeartRateBpm><Value>111</Value></HeartRateBpm><Cadence>21</Cadence><Extensions><ext:TPX><ext:Watts>43.52777777777778</ext:Watts><ext:Torque>20</ext:Torque></ext:TPX></Extensions></Trackpoint><Trackpoint><Time>2025-11-04T11:18:07.317Z</Time><DistanceMeters>3159.900999531657</DistanceMeters><HeartRateBpm><Value>111</Value></HeartRateBpm><Cadence>21</Cadence><Extensions><ext:TPX><ext:Watts>45.861111111111114</ext:Watts><ext:Torque>20</ext:Torque></ext:TPX></Extensions></Trackpoint><Trackpoint><Time>2025-11-04T11:18:08.719Z</Time><DistanceMeters>3164.073296428511</DistanceMeters><HeartRateBpm><Value>111</Value></HeartRateBpm><Cadence>22</Cadence><Extensions><ext:TPX><ext:Watts>44.0</ext:Watts><ext:Torque>20</ext:Torque></ext:TPX></Extensions></Trackpoint><Trackpoint><Time>2025-11-04T11:18:10.196Z</Time><DistanceMeters>3168.384611547613</DistanceMeters><HeartRateBpm><Value>112</Value></HeartRateBpm><Cadence>20</Cadence><Extensions><ext:TPX><ext:Watts>43.351351351351354</ext:Watts><ext:Torque>20</ext:Torque></ext:TPX></Extensions></Trackpoint><Trackpoint><Time>2025-11-04T11:18:11.641Z</Time><DistanceMeters>3172.745241290506</DistanceMeters><HeartRateBpm><Value>112</Value></HeartRateBpm><Cadence>21</Cadence><Extensions><ext:TPX><ext:Watts>44.916666666666664</ext:Watts><ext:Torque>20</ext:Torque></ext:TPX></Extensions></Trackpoint><Trackpoint><Time>2025-11-04T11:18:13.081Z</Time><DistanceMeters>3177.0896905890836</DistanceMeters><HeartRateBpm><Value>112</Value></HeartRateBpm><Cadence>21</Cadence><Extensions><ext:TPX><ext:Watts>44.75</ext:Watts><ext:Torque>20</ext:Torque></ext:TPX></Extensions></Trackpoint><Trackpoint><Time>2025-11-04T11:18:14.521Z</Time><DistanceMeters>3181.3990822583123</DistanceMeters><HeartRateBpm><Value>113</Value></HeartRateBpm><Cadence>21</Cadence><Extensions><ext:TPX><ext:Watts>44.388888888888886</ext:Watts><ext:Torque>20</ext:Torque></ext:TPX></Extensions></Trackpoint><Trackpoint><Time>2025-11-04T11:18:15.961Z</Time><DistanceMeters>3185.7812859269584</DistanceMeters><HeartRateBpm><Value>113</Value></HeartRateBpm><Cadence>21</Cadence><Extensions><ext:TPX><ext:Watts>45.138888888888886</ext:Watts><ext:Torque>20</ext:Torque></ext:TPX></Extensions></Trackpoint><Trackpoint><Time>2025-11-04T11:18:17.401Z</Time><DistanceMeters>3190.1527026327276</DistanceMeters><HeartRateBpm><Value>113</Value></HeartRateBpm><Cadence>21</Cadence><Extensions><ext:TPX><ext:Watts>45.02777777777778</ext:Watts><ext:Torque>20</ext:Torque></ext:TPX></Extensions></Trackpoint><Trackpoint><Time>2025-11-04T11:18:18.846Z</Time><DistanceMeters>3194.507938894182</DistanceMeters><HeartRateBpm><Value>114</Value></HeartRateBpm><Cadence>21</Cadence><Extensions><ext:TPX><ext:Watts>44.861111111111114</ext:Watts><ext:Torque>20</ext:Torque></ext:TPX></Extensions></Trackpoint><Trackpoint><Time>2025-11-04T11:18:20.286Z</Time><DistanceMeters>3198.822724044849</DistanceMeters><HeartRateBpm><Value>114</Value></HeartRateBpm><Cadence>21</Cadence><Extensions><ext:TPX><ext:Watts>44.44444444444444</ext:Watts><ext:Torque>20</ext:Torque></ext:TPX></Extensions></Trackpoint><Trackpoint><Time>2025-11-04T11:18:21.726Z</Time><DistanceMeters>3203.1455994176736</DistanceMeters><HeartRateBpm><Value>114</Value></HeartRateBpm><Cadence>21</Cadence><Extensions><ext:TPX><ext:Watts>44.52777777777778</ext:Watts><ext:Torque>20</ext:Torque></ext:TPX></Extensions></Trackpoint><Trackpoint><Time>2025-11-04T11:18:23.171Z</Time><DistanceMeters>3207.708484714504</DistanceMeters><HeartRateBpm><Value>114</Value></HeartRateBpm><Cadence>21</Cadence><Extensions><ext:TPX><ext:Watts>47.0</ext:Watts><ext:Torque>20</ext:Torque></ext:TPX></Extensions></Trackpoint><Trackpoint><Time>2025-11-04T11:18:24.611Z</Time><DistanceMeters>3212.2066482340742</DistanceMeters><HeartRateBpm><Value>114</Value></HeartRateBpm><Cadence>21</Cadence><Extensions><ext:TPX><ext:Watts>46.333333333333336</ext:Watts><ext:Torque>20</ext:Torque></ext:TPX></Extensions></Trackpoint><Trackpoint><Time>2025-11-04T11:18:26.096Z</Time><DistanceMeters>3216.97839245536</DistanceMeters><HeartRateBpm><Value>114</Value></HeartRateBpm><Cadence>20</Cadence><Extensions><ext:TPX><ext:Watts>46.810810810810814</ext:Watts><ext:Torque>20</ext:Torque></ext:TPX></Extensions></Trackpoint><Trackpoint><Time>2025-11-04T11:18:27.536Z</Time><DistanceMeters>3221.535884270752</DistanceMeters><HeartRateBpm><Value>114</Value></HeartRateBpm><Cadence>21</Cadence><Extensions><ext:TPX><ext:Watts>46.94444444444444</ext:Watts><ext:Torque>20</ext:Torque></ext:TPX></Extensions></Trackpoint><Trackpoint><Time>2025-11-04T11:18:28.976Z</Time><DistanceMeters>3225.985506457377</DistanceMeters><HeartRateBpm><Value>114</Value></HeartRateBpm><Cadence>21</Cadence><Extensions><ext:TPX><ext:Watts>45.833333333333336</ext:Watts><ext:Torque>20</ext:Torque></ext:TPX></Extensions></Trackpoint><Trackpoint><Time>2025-11-04T11:18:30.421Z</Time><DistanceMeters>3230.505243902701</DistanceMeters><HeartRateBpm><Value>114</Value></HeartRateBpm><Cadence>21</Cadence><Extensions><ext:TPX><ext:Watts>46.55555555555556</ext:Watts><ext:Torque>20</ext:Torque></ext:TPX></Extensions></Trackpoint><Trackpoint><Time>2025-11-04T11:18:31.861Z</Time><DistanceMeters>3235.051948755216</DistanceMeters><HeartRateBpm><Value>114</Value></HeartRateBpm><Cadence>21</Cadence><Extensions><ext:TPX><ext:Watts>46.833333333333336</ext:Watts><ext:Torque>20</ext:Torque></ext:TPX></Extensions></Trackpoint><Trackpoint><Time>2025-11-04T11:18:33.301Z</Time><DistanceMeters>3239.6337112370807</DistanceMeters><HeartRateBpm><Value>113</Value></HeartRateBpm><Cadence>21</Cadence><Extensions><ext:TPX><ext:Watts>47.19444444444444</ext:Watts><ext:Torque>20</ext:Torque></ext:TPX></Extensions></Trackpoint><Trackpoint><Time>2025-11-04T11:18:34.741Z</Time><DistanceMeters>3244.320646606993</DistanceMeters><HeartRateBpm><Value>113</Value></HeartRateBpm><Cadence>21</Cadence><Extensions><ext:TPX><ext:Watts>48.27777777777778</ext:Watts><ext:Torque>20</ext:Torque></ext:TPX></Extensions></Trackpoint><Trackpoint><Time>2025-11-04T11:18:36.226Z</Time><DistanceMeters>3249.1833074329566</DistanceMeters><HeartRateBpm><Value>113</Value></HeartRateBpm><Cadence>20</Cadence><Extensions><ext:TPX><ext:Watts>47.7027027027027</ext:Watts><ext:Torque>20</ext:Torque></ext:TPX></Extensions></Trackpoint><Trackpoint><Time>2025-11-04T11:18:37.707Z</Time><DistanceMeters>3253.717714294506</DistanceMeters><HeartRateBpm><Value>112</Value></HeartRateBpm><Cadence>20</Cadence><Extensions><ext:TPX><ext:Watts>45.5945945945946</ext:Watts><ext:Torque>20</ext:Torque></ext:TPX></Extensions></Trackpoint><Trackpoint><Time>2025-11-04T11:18:39.106Z</Time><DistanceMeters>3258.542948562881</DistanceMeters><HeartRateBpm><Value>112</Value></HeartRateBpm><Cadence>22</Cadence><Extensions><ext:TPX><ext:Watts>50.885714285714286</ext:Watts><ext:Torque>20</ext:Torque></ext:TPX></Extensions></Trackpoint><Trackpoint><Time>2025-11-04T11:18:40.546Z</Time><DistanceMeters>3263.3701144501897</DistanceMeters><HeartRateBpm><Value>112</Value></HeartRateBpm><Cadence>21</Cadence><Extensions><ext:TPX><ext:Watts>49.72222222222222</ext:Watts><ext:Torque>20</ext:Torque></ext:TPX></Extensions></Trackpoint><Trackpoint><Time>2025-11-04T11:18:41.991Z</Time><DistanceMeters>3267.919516043424</DistanceMeters><HeartRateBpm><Value>112</Value></HeartRateBpm><Cadence>21</Cadence><Extensions><ext:TPX><ext:Watts>46.861111111111114</ext:Watts><ext:Torque>20</ext:Torque></ext:TPX></Extensions></Trackpoint><Trackpoint><Time>2025-11-04T11:18:43.431Z</Time><DistanceMeters>3272.479704599535</DistanceMeters><HeartRateBpm><Value>112</Value></HeartRateBpm><Cadence>21</Cadence><Extensions><ext:TPX><ext:Watts>46.97222222222222</ext:Watts><ext:Torque>20</ext:Torque></ext:TPX></Extensions></Trackpoint><Trackpoint><Time>2025-11-04T11:18:44.871Z</Time><DistanceMeters>3277.3769857455422</DistanceMeters><HeartRateBpm><Value>112</Value></HeartRateBpm><Cadence>21</Cadence><Extensions><ext:TPX><ext:Watts>50.44444444444444</ext:Watts><ext:Torque>20</ext:Torque></ext:TPX></Extensions></Trackpoint><Trackpoint><Time>2025-11-04T11:18:46.312Z</Time><DistanceMeters>3282.20684837357</DistanceMeters><HeartRateBpm><Value>112</Value></HeartRateBpm><Cadence>21</Cadence><Extensions><ext:TPX><ext:Watts>49.75</ext:Watts><ext:Torque>20</ext:Torque></ext:TPX></Extensions></Trackpoint><Trackpoint><Time>2025-11-04T11:18:47.791Z</Time><DistanceMeters>3286.9213413404686</DistanceMeters><HeartRateBpm><Value>112</Value></HeartRateBpm><Cadence>20</Cadence><Extensions><ext:TPX><ext:Watts>47.4054054054054</ext:Watts><ext:Torque>20</ext:Torque></ext:TPX></Extensions></Trackpoint><Trackpoint><Time>2025-11-04T11:18:49.231Z</Time><DistanceMeters>3291.5759158217506</DistanceMeters><HeartRateBpm><Value>112</Value></HeartRateBpm><Cadence>21</Cadence><Extensions><ext:TPX><ext:Watts>47.94444444444444</ext:Watts><ext:Torque>20</ext:Torque></ext:TPX></Extensions></Trackpoint><Trackpoint><Time>2025-11-04T11:18:50.631Z</Time><DistanceMeters>3296.5203585728927</DistanceMeters><HeartRateBpm><Value>112</Value></HeartRateBpm><Cadence>22</Cadence><Extensions><ext:TPX><ext:Watts>52.142857142857146</ext:Watts><ext:Torque>20</ext:Torque></ext:TPX></Extensions></Trackpoint><Trackpoint><Time>2025-11-04T11:18:52.117Z</Time><DistanceMeters>3301.7356656230622</DistanceMeters><HeartRateBpm><Value>112</Value></HeartRateBpm><Cadence>20</Cadence><Extensions><ext:TPX><ext:Watts>51.16216216216216</ext:Watts><ext:Torque>20</ext:Torque></ext:TPX></Extensions></Trackpoint><Trackpoint><Time>2025-11-04T11:18:53.556Z</Time><DistanceMeters>3306.7866609900616</DistanceMeters><HeartRateBpm><Value>112</Value></HeartRateBpm><Cadence>21</Cadence><Extensions><ext:TPX><ext:Watts>52.02777777777778</ext:Watts><ext:Torque>20</ext:Torque></ext:TPX></Extensions></Trackpoint><Trackpoint><Time>2025-11-04T11:18:54.997Z</Time><DistanceMeters>3311.870017245691</DistanceMeters><HeartRateBpm><Value>112</Value></HeartRateBpm><Cadence>21</Cadence><Extensions><ext:TPX><ext:Watts>52.361111111111114</ext:Watts><ext:Torque>20</ext:Torque></ext:TPX></Extensions></Trackpoint><Trackpoint><Time>2025-11-04T11:18:56.437Z</Time><DistanceMeters>3316.8293234282387</DistanceMeters><HeartRateBpm><Value>113</Value></HeartRateBpm><Cadence>21</Cadence><Extensions><ext:TPX><ext:Watts>51.083333333333336</ext:Watts><ext:Torque>20</ext:Torque></ext:TPX></Extensions></Trackpoint><Trackpoint><Time>2025-11-04T11:18:57.877Z</Time><DistanceMeters>3322.0313362755114</DistanceMeters><HeartRateBpm><Value>113</Value></HeartRateBpm><Cadence>21</Cadence><Extensions><ext:TPX><ext:Watts>53.583333333333336</ext:Watts><ext:Torque>20</ext:Torque></ext:TPX></Extensions></Trackpoint><Trackpoint><Time>2025-11-04T11:18:59.357Z</Time><DistanceMeters>3327.3479081617857</DistanceMeters><HeartRateBpm><Value>113</Value></HeartRateBpm><Cadence>20</Cadence><Extensions><ext:TPX><ext:Watts>53.45945945945946</ext:Watts><ext:Torque>20</ext:Torque></ext:TPX></Extensions></Trackpoint><Trackpoint><Time>2025-11-04T11:19:00.802Z</Time><DistanceMeters>3332.795324414503</DistanceMeters><HeartRateBpm><Value>113</Value></HeartRateBpm><Cadence>21</Cadence><Extensions><ext:TPX><ext:Watts>56.111111111111114</ext:Watts><ext:Torque>20</ext:Torque></ext:TPX></Extensions></Trackpoint><Trackpoint><Time>2025-11-04T11:19:02.282Z</Time><DistanceMeters>3338.4693806591567</DistanceMeters><HeartRateBpm><Value>113</Value></HeartRateBpm><Cadence>20</Cadence><Extensions><ext:TPX><ext:Watts>57.054054054054056</ext:Watts><ext:Torque>20</ext:Torque></ext:TPX></Extensions></Trackpoint><Trackpoint><Time>2025-11-04T11:19:03.807Z</Time><DistanceMeters>3344.123365067366</DistanceMeters><HeartRateBpm><Value>114</Value></HeartRateBpm><Cadence>20</Cadence><Extensions><ext:TPX><ext:Watts>54.078947368421055</ext:Watts><ext:Torque>20</ext:Torque></ext:TPX></Extensions></Trackpoint><Trackpoint><Time>2025-11-04T11:19:05.329Z</Time><DistanceMeters>3349.884651369454</DistanceMeters><HeartRateBpm><Value>114</Value></HeartRateBpm><Cadence>20</Cadence><Extensions><ext:TPX><ext:Watts>55.10526315789474</ext:Watts><ext:Torque>20</ext:Torque></ext:TPX></Extensions></Trackpoint><Trackpoint><Time>2025-11-04T11:19:06.887Z</Time><DistanceMeters>3355.6563786184806</DistanceMeters><HeartRateBpm><Value>114</Value></HeartRateBpm><Cadence>20</Cadence><Extensions><ext:TPX><ext:Watts>55.205128205128204</ext:Watts><ext:Torque>20</ext:Torque></ext:TPX></Extensions></Trackpoint><Trackpoint><Time>2025-11-04T11:19:08.367Z</Time><DistanceMeters>3361.295492782992</DistanceMeters><HeartRateBpm><Value>115</Value></HeartRateBpm><Cadence>20</Cadence><Extensions><ext:TPX><ext:Watts>56.7027027027027</ext:Watts><ext:Torque>20</ext:Torque></ext:TPX></Extensions></Trackpoint><Trackpoint><Time>2025-11-04T11:19:09.887Z</Time><DistanceMeters>3367.0540277544674</DistanceMeters><HeartRateBpm><Value>115</Value></HeartRateBpm><Cadence>20</Cadence><Extensions><ext:TPX><ext:Watts>55.078947368421055</ext:Watts><ext:Torque>20</ext:Torque></ext:TPX></Extensions></Trackpoint><Trackpoint><Time>2025-11-04T11:19:11.372Z</Time><DistanceMeters>3372.853405113478</DistanceMeters><HeartRateBpm><Value>115</Value></HeartRateBpm><Cadence>20</Cadence><Extensions><ext:TPX><ext:Watts>56.891891891891895</ext:Watts><ext:Torque>20</ext:Torque></ext:TPX></Extensions></Trackpoint><Trackpoint><Time>2025-11-04T11:19:12.852Z</Time><DistanceMeters>3378.5758426998673</DistanceMeters><HeartRateBpm><Value>115</Value></HeartRateBpm><Cadence>20</Cadence><Extensions><ext:TPX><ext:Watts>57.54054054054054</ext:Watts><ext:Torque>20</ext:Torque></ext:TPX></Extensions></Trackpoint><Trackpoint><Time>2025-11-04T11:19:14.297Z</Time><DistanceMeters>3384.1580959885428</DistanceMeters><HeartRateBpm><Value>117</Value></HeartRateBpm><Cadence>21</Cadence><Extensions><ext:TPX><ext:Watts>57.5</ext:Watts><ext:Torque>20</ext:Torque></ext:TPX></Extensions></Trackpoint><Trackpoint><Time>2025-11-04T11:19:15.777Z</Time><DistanceMeters>3389.885909279569</DistanceMeters><HeartRateBpm><Value>118</Value></HeartRateBpm><Cadence>20</Cadence><Extensions><ext:TPX><ext:Watts>57.5945945945946</ext:Watts><ext:Torque>20</ext:Torque></ext:TPX></Extensions></Trackpoint><Trackpoint><Time>2025-11-04T11:19:17.257Z</Time><DistanceMeters>3395.5008327732126</DistanceMeters><HeartRateBpm><Value>120</Value></HeartRateBpm><Cadence>20</Cadence><Extensions><ext:TPX><ext:Watts>56.45945945945946</ext:Watts><ext:Torque>20</ext:Torque></ext:TPX></Extensions></Trackpoint><Trackpoint><Time>2025-11-04T11:19:18.737Z</Time><DistanceMeters>3400.973300093968</DistanceMeters><HeartRateBpm><Value>121</Value></HeartRateBpm><Cadence>20</Cadence><Extensions><ext:TPX><ext:Watts>55.027027027027025</ext:Watts><ext:Torque>20</ext:Torque></ext:TPX></Extensions></Trackpoint><Trackpoint><Time>2025-11-04T11:19:20.182Z</Time><DistanceMeters>3406.6256686413417</DistanceMeters><HeartRateBpm><Value>122</Value></HeartRateBpm><Cadence>21</Cadence><Extensions><ext:TPX><ext:Watts>58.22222222222222</ext:Watts><ext:Torque>20</ext:Torque></ext:TPX></Extensions></Trackpoint><Trackpoint><Time>2025-11-04T11:19:21.662Z</Time><DistanceMeters>3412.055130324999</DistanceMeters><HeartRateBpm><Value>123</Value></HeartRateBpm><Cadence>20</Cadence><Extensions><ext:TPX><ext:Watts>54.5945945945946</ext:Watts><ext:Torque>20</ext:Torque></ext:TPX></Extensions></Trackpoint><Trackpoint><Time>2025-11-04T11:19:23.102Z</Time><DistanceMeters>3417.375799763915</DistanceMeters><HeartRateBpm><Value>123</Value></HeartRateBpm><Cadence>21</Cadence><Extensions><ext:TPX><ext:Watts>54.80555555555556</ext:Watts><ext:Torque>20</ext:Torque></ext:TPX></Extensions></Trackpoint><Trackpoint><Time>2025-11-04T11:19:24.582Z</Time><DistanceMeters>3422.7434408442437</DistanceMeters><HeartRateBpm><Value>124</Value></HeartRateBpm><Cadence>20</Cadence><Extensions><ext:TPX><ext:Watts>53.972972972972975</ext:Watts><ext:Torque>20</ext:Torque></ext:TPX></Extensions></Trackpoint><Trackpoint><Time>2025-11-04T11:19:26.022Z</Time><DistanceMeters>3428.1935538376797</DistanceMeters><HeartRateBpm><Value>125</Value></HeartRateBpm><Cadence>21</Cadence><Extensions><ext:TPX><ext:Watts>56.138888888888886</ext:Watts><ext:Torque>20</ext:Torque></ext:TPX></Extensions></Trackpoint><Trackpoint><Time>2025-11-04T11:19:27.462Z</Time><DistanceMeters>3433.6113059424856</DistanceMeters><HeartRateBpm><Value>126</Value></HeartRateBpm><Cadence>21</Cadence><Extensions><ext:TPX><ext:Watts>55.80555555555556</ext:Watts><ext:Torque>20</ext:Torque></ext:TPX></Extensions></Trackpoint><Trackpoint><Time>2025-11-04T11:19:28.902Z</Time><DistanceMeters>3438.9292786406827</DistanceMeters><HeartRateBpm><Value>126</Value></HeartRateBpm><Cadence>21</Cadence><Extensions><ext:TPX><ext:Watts>54.77777777777778</ext:Watts><ext:Torque>20</ext:Torque></ext:TPX></Extensions></Trackpoint><Trackpoint><Time>2025-11-04T11:19:30.383Z</Time><DistanceMeters>3444.3157346872417</DistanceMeters><HeartRateBpm><Value>127</Value></HeartRateBpm><Cadence>20</Cadence><Extensions><ext:TPX><ext:Watts>54.16216216216216</ext:Watts><ext:Torque>20</ext:Torque></ext:TPX></Extensions></Trackpoint><Trackpoint><Time>2025-11-04T11:19:31.822Z</Time><DistanceMeters>3449.604043237528</DistanceMeters><HeartRateBpm><Value>128</Value></HeartRateBpm><Cadence>21</Cadence><Extensions><ext:TPX><ext:Watts>54.47222222222222</ext:Watts><ext:Torque>20</ext:Torque></ext:TPX></Extensions></Trackpoint><Trackpoint><Time>2025-11-04T11:19:33.302Z</Time><DistanceMeters>3454.9797478748123</DistanceMeters><HeartRateBpm><Value>128</Value></HeartRateBpm><Cadence>20</Cadence><Extensions><ext:TPX><ext:Watts>54.054054054054056</ext:Watts><ext:Torque>20</ext:Torque></ext:TPX></Extensions></Trackpoint><Trackpoint><Time>2025-11-04T11:19:34.742Z</Time><DistanceMeters>3460.1871542035233</DistanceMeters><HeartRateBpm><Value>129</Value></HeartRateBpm><Cadence>21</Cadence><Extensions><ext:TPX><ext:Watts>53.638888888888886</ext:Watts><ext:Torque>20</ext:Torque></ext:TPX></Extensions></Trackpoint><Trackpoint><Time>2025-11-04T11:19:36.187Z</Time><DistanceMeters>3465.405347495111</DistanceMeters><HeartRateBpm><Value>129</Value></HeartRateBpm><Cadence>21</Cadence><Extensions><ext:TPX><ext:Watts>53.75</ext:Watts><ext:Torque>20</ext:Torque></ext:TPX></Extensions></Trackpoint><Trackpoint><Time>2025-11-04T11:19:37.672Z</Time><DistanceMeters>3470.984320963993</DistanceMeters><HeartRateBpm><Value>130</Value></HeartRateBpm><Cadence>20</Cadence><Extensions><ext:TPX><ext:Watts>54.729729729729726</ext:Watts><ext:Torque>20</ext:Torque></ext:TPX></Extensions></Trackpoint><Trackpoint><Time>2025-11-04T11:19:39.162Z</Time><DistanceMeters>3476.5495191897417</DistanceMeters><HeartRateBpm><Value>130</Value></HeartRateBpm><Cadence>20</Cadence><Extensions><ext:TPX><ext:Watts>54.5945945945946</ext:Watts><ext:Torque>20</ext:Torque></ext:TPX></Extensions></Trackpoint><Trackpoint><Time>2025-11-04T11:19:40.602Z</Time><DistanceMeters>3482.050870256842</DistanceMeters><HeartRateBpm><Value>130</Value></HeartRateBpm><Cadence>21</Cadence><Extensions><ext:TPX><ext:Watts>56.666666666666664</ext:Watts><ext:Torque>20</ext:Torque></ext:TPX></Extensions></Trackpoint><Trackpoint><Time>2025-11-04T11:19:42.127Z</Time><DistanceMeters>3487.6140607548464</DistanceMeters><HeartRateBpm><Value>130</Value></HeartRateBpm><Cadence>20</Cadence><Extensions><ext:TPX><ext:Watts>53.21052631578947</ext:Watts><ext:Torque>20</ext:Torque></ext:TPX></Extensions></Trackpoint><Trackpoint><Time>2025-11-04T11:19:43.567Z</Time><DistanceMeters>3492.9886650081457</DistanceMeters><HeartRateBpm><Value>130</Value></HeartRateBpm><Cadence>21</Cadence><Extensions><ext:TPX><ext:Watts>55.361111111111114</ext:Watts><ext:Torque>20</ext:Torque></ext:TPX></Extensions></Trackpoint><Trackpoint><Time>2025-11-04T11:19:45.007Z</Time><DistanceMeters>3498.522376963876</DistanceMeters><HeartRateBpm><Value>130</Value></HeartRateBpm><Cadence>21</Cadence><Extensions><ext:TPX><ext:Watts>57.0</ext:Watts><ext:Torque>20</ext:Torque></ext:TPX></Extensions></Trackpoint><Trackpoint><Time>2025-11-04T11:19:46.487Z</Time><DistanceMeters>3504.0459134786856</DistanceMeters><HeartRateBpm><Value>131</Value></HeartRateBpm><Cadence>20</Cadence><Extensions><ext:TPX><ext:Watts>55.54054054054054</ext:Watts><ext:Torque>20</ext:Torque></ext:TPX></Extensions></Trackpoint><Trackpoint><Time>2025-11-04T11:19:48.007Z</Time><DistanceMeters>3509.60910397669</DistanceMeters><HeartRateBpm><Value>131</Value></HeartRateBpm><Cadence>20</Cadence><Extensions><ext:TPX><ext:Watts>53.21052631578947</ext:Watts><ext:Torque>20</ext:Torque></ext:TPX></Extensions></Trackpoint><Trackpoint><Time>2025-11-04T11:19:49.487Z</Time><DistanceMeters>3515.1057619683133</DistanceMeters><HeartRateBpm><Value>131</Value></HeartRateBpm><Cadence>20</Cadence><Extensions><ext:TPX><ext:Watts>55.270270270270274</ext:Watts><ext:Torque>20</ext:Torque></ext:TPX></Extensions></Trackpoint><Trackpoint><Time>2025-11-04T11:19:50.967Z</Time><DistanceMeters>3520.5647900274757</DistanceMeters><HeartRateBpm><Value>132</Value></HeartRateBpm><Cadence>20</Cadence><Extensions><ext:TPX><ext:Watts>54.891891891891895</ext:Watts><ext:Torque>20</ext:Torque></ext:TPX></Extensions></Trackpoint><Trackpoint><Time>2025-11-04T11:19:52.447Z</Time><DistanceMeters>3525.986188154177</DistanceMeters><HeartRateBpm><Value>131</Value></HeartRateBpm><Cadence>20</Cadence><Extensions><ext:TPX><ext:Watts>54.513513513513516</ext:Watts><ext:Torque>20</ext:Torque></ext:TPX></Extensions></Trackpoint><Trackpoint><Time>2025-11-04T11:19:53.888Z</Time><DistanceMeters>3531.1855042607303</DistanceMeters><HeartRateBpm><Value>131</Value></HeartRateBpm><Cadence>21</Cadence><Extensions><ext:TPX><ext:Watts>53.55555555555556</ext:Watts><ext:Torque>20</ext:Torque></ext:TPX></Extensions></Trackpoint><Trackpoint><Time>2025-11-04T11:19:55.327Z</Time><DistanceMeters>3536.565501995468</DistanceMeters><HeartRateBpm><Value>131</Value></HeartRateBpm><Cadence>21</Cadence><Extensions><ext:TPX><ext:Watts>55.416666666666664</ext:Watts><ext:Torque>20</ext:Torque></ext:TPX></Extensions></Trackpoint><Trackpoint><Time>2025-11-04T11:19:56.808Z</Time><DistanceMeters>3541.650918582339</DistanceMeters><HeartRateBpm><Value>131</Value></HeartRateBpm><Cadence>20</Cadence><Extensions><ext:TPX><ext:Watts>51.13513513513514</ext:Watts><ext:Torque>20</ext:Torque></ext:TPX></Extensions></Trackpoint><Trackpoint><Time>2025-11-04T11:19:58.293Z</Time><DistanceMeters>3547.1169350575296</DistanceMeters><HeartRateBpm><Value>130</Value></HeartRateBpm><Cadence>20</Cadence><Extensions><ext:TPX><ext:Watts>53.62162162162162</ext:Watts><ext:Torque>20</ext:Torque></ext:TPX></Extensions></Trackpoint><Trackpoint><Time>2025-11-04T11:19:59.773Z</Time><DistanceMeters>3552.50070325177</DistanceMeters><HeartRateBpm><Value>130</Value></HeartRateBpm><Cadence>20</Cadence><Extensions><ext:TPX><ext:Watts>54.13513513513514</ext:Watts><ext:Torque>20</ext:Torque></ext:TPX></Extensions></Trackpoint><Trackpoint><Time>2025-11-04T11:20:01.253Z</Time><DistanceMeters>3557.7930844671764</DistanceMeters><HeartRateBpm><Value>130</Value></HeartRateBpm><Cadence>20</Cadence><Extensions><ext:TPX><ext:Watts>53.21621621621622</ext:Watts><ext:Torque>20</ext:Torque></ext:TPX></Extensions></Trackpoint><Trackpoint><Time>2025-11-04T11:20:02.773Z</Time><DistanceMeters>3563.3617776264055</DistanceMeters><HeartRateBpm><Value>129</Value></HeartRateBpm><Cadence>20</Cadence><Extensions><ext:TPX><ext:Watts>53.26315789473684</ext:Watts><ext:Torque>20</ext:Torque></ext:TPX></Extensions></Trackpoint><Trackpoint><Time>2025-11-04T11:20:04.333Z</Time><DistanceMeters>3569.0102593733905</DistanceMeters><HeartRateBpm><Value>129</Value></HeartRateBpm><Cadence>19</Cadence><Extensions><ext:TPX><ext:Watts>52.64102564102564</ext:Watts><ext:Torque>20</ext:Torque></ext:TPX></Extensions></Trackpoint><Trackpoint><Time>2025-11-04T11:20:05.858Z</Time><DistanceMeters>3574.2873114877193</DistanceMeters><HeartRateBpm><Value>129</Value></HeartRateBpm><Cadence>20</Cadence><Extensions><ext:TPX><ext:Watts>50.473684210526315</ext:Watts><ext:Torque>20</ext:Torque></ext:TPX></Extensions></Trackpoint><Trackpoint><Time>2025-11-04T11:20:07.338Z</Time><DistanceMeters>3579.5985076693564</DistanceMeters><HeartRateBpm><Value>129</Value></HeartRateBpm><Cadence>20</Cadence><Extensions><ext:TPX><ext:Watts>53.4054054054054</ext:Watts><ext:Torque>20</ext:Torque></ext:TPX></Extensions></Trackpoint><Trackpoint><Time>2025-11-04T11:20:08.858Z</Time><DistanceMeters>3585.1066715551156</DistanceMeters><HeartRateBpm><Value>129</Value></HeartRateBpm><Cadence>20</Cadence><Extensions><ext:TPX><ext:Watts>52.68421052631579</ext:Watts><ext:Torque>20</ext:Torque></ext:TPX></Extensions></Trackpoint><Trackpoint><Time>2025-11-04T11:20:10.378Z</Time><DistanceMeters>3590.6753647143446</DistanceMeters><HeartRateBpm><Value>129</Value></HeartRateBpm><Cadence>20</Cadence><Extensions><ext:TPX><ext:Watts>53.26315789473684</ext:Watts><ext:Torque>20</ext:Torque></ext:TPX></Extensions></Trackpoint><Trackpoint><Time>2025-11-04T11:20:11.898Z</Time><DistanceMeters>3596.065221383776</DistanceMeters><HeartRateBpm><Value>129</Value></HeartRateBpm><Cadence>20</Cadence><Extensions><ext:TPX><ext:Watts>51.55263157894737</ext:Watts><ext:Torque>20</ext:Torque></ext:TPX></Extensions></Trackpoint><Trackpoint><Time>2025-11-04T11:20:13.338Z</Time><DistanceMeters>3601.3373494897473</DistanceMeters><HeartRateBpm><Value>128</Value></HeartRateBpm><Cadence>21</Cadence><Extensions><ext:TPX><ext:Watts>54.30555555555556</ext:Watts><ext:Torque>20</ext:Torque></ext:TPX></Extensions></Trackpoint><Trackpoint><Time>2025-11-04T11:20:14.818Z</Time><DistanceMeters>3606.527592317045</DistanceMeters><HeartRateBpm><Value>128</Value></HeartRateBpm><Cadence>20</Cadence><Extensions><ext:TPX><ext:Watts>52.189189189189186</ext:Watts><ext:Torque>20</ext:Torque></ext:TPX></Extensions></Trackpoint><Trackpoint><Time>2025-11-04T11:20:16.263Z</Time><DistanceMeters>3611.5300463511</DistanceMeters><HeartRateBpm><Value>128</Value></HeartRateBpm><Cadence>21</Cadence><Extensions><ext:TPX><ext:Watts>51.52777777777778</ext:Watts><ext:Torque>20</ext:Torque></ext:TPX></Extensions></Trackpoint><Trackpoint><Time>2025-11-04T11:20:17.703Z</Time><DistanceMeters>3616.3922698677575</DistanceMeters><HeartRateBpm><Value>128</Value></HeartRateBpm><Cadence>21</Cadence><Extensions><ext:TPX><ext:Watts>50.083333333333336</ext:Watts><ext:Torque>20</ext:Torque></ext:TPX></Extensions></Trackpoint><Trackpoint><Time>2025-11-04T11:20:19.183Z</Time><DistanceMeters>3621.512628534771</DistanceMeters><HeartRateBpm><Value>128</Value></HeartRateBpm><Cadence>20</Cadence><Extensions><ext:TPX><ext:Watts>51.486486486486484</ext:Watts><ext:Torque>20</ext:Torque></ext:TPX></Extensions></Trackpoint><Trackpoint><Time>2025-11-04T11:20:20.668Z</Time><DistanceMeters>3626.675589661035</DistanceMeters><HeartRateBpm><Value>128</Value></HeartRateBpm><Cadence>20</Cadence><Extensions><ext:TPX><ext:Watts>50.648648648648646</ext:Watts><ext:Torque>20</ext:Torque></ext:TPX></Extensions></Trackpoint><Trackpoint><Time>2025-11-04T11:20:22.108Z</Time><DistanceMeters>3631.572870807042</DistanceMeters><HeartRateBpm><Value>128</Value></HeartRateBpm><Cadence>21</Cadence><Extensions><ext:TPX><ext:Watts>50.44444444444444</ext:Watts><ext:Torque>20</ext:Torque></ext:TPX></Extensions></Trackpoint><Trackpoint><Time>2025-11-04T11:20:23.548Z</Time><DistanceMeters>3636.5995955075687</DistanceMeters><HeartRateBpm><Value>128</Value></HeartRateBpm><Cadence>21</Cadence><Extensions><ext:TPX><ext:Watts>51.77777777777778</ext:Watts><ext:Torque>20</ext:Torque></ext:TPX></Extensions></Trackpoint><Trackpoint><Time>2025-11-04T11:20:25.068Z</Time><DistanceMeters>3641.6400331892423</DistanceMeters><HeartRateBpm><Value>128</Value></HeartRateBpm><Cadence>20</Cadence><Extensions><ext:TPX><ext:Watts>48.21052631578947</ext:Watts><ext:Torque>20</ext:Torque></ext:TPX></Extensions></Trackpoint><Trackpoint><Time>2025-11-04T11:20:26.548Z</Time><DistanceMeters>3646.6340627972795</DistanceMeters><HeartRateBpm><Value>128</Value></HeartRateBpm><Cadence>20</Cadence><Extensions><ext:TPX><ext:Watts>50.21621621621622</ext:Watts><ext:Torque>20</ext:Torque></ext:TPX></Extensions></Trackpoint><Trackpoint><Time>2025-11-04T11:20:28.028Z</Time><DistanceMeters>3651.789363544435</DistanceMeters><HeartRateBpm><Value>128</Value></HeartRateBpm><Cadence>20</Cadence><Extensions><ext:TPX><ext:Watts>51.83783783783784</ext:Watts><ext:Torque>20</ext:Torque></ext:TPX></Extensions></Trackpoint><Trackpoint><Time>2025-11-04T11:20:29.548Z</Time><DistanceMeters>3656.9673677567225</DistanceMeters><HeartRateBpm><Value>128</Value></HeartRateBpm><Cadence>20</Cadence><Extensions><ext:TPX><ext:Watts>49.526315789473685</ext:Watts><ext:Torque>20</ext:Torque></ext:TPX></Extensions></Trackpoint><Trackpoint><Time>2025-11-04T11:20:31.028Z</Time><DistanceMeters>3662.1441713224276</DistanceMeters><HeartRateBpm><Value>128</Value></HeartRateBpm><Cadence>20</Cadence><Extensions><ext:TPX><ext:Watts>52.054054054054056</ext:Watts><ext:Torque>20</ext:Torque></ext:TPX></Extensions></Trackpoint><Trackpoint><Time>2025-11-04T11:20:32.508Z</Time><DistanceMeters>3667.2000215337935</DistanceMeters><HeartRateBpm><Value>128</Value></HeartRateBpm><Cadence>20</Cadence><Extensions><ext:TPX><ext:Watts>50.83783783783784</ext:Watts><ext:Torque>20</ext:Torque></ext:TPX></Extensions></Trackpoint><Trackpoint><Time>2025-11-04T11:20:33.988Z</Time><DistanceMeters>3672.3150044961694</DistanceMeters><HeartRateBpm><Value>128</Value></HeartRateBpm><Cadence>20</Cadence><Extensions><ext:TPX><ext:Watts>51.432432432432435</ext:Watts><ext:Torque>20</ext:Torque></ext:TPX></Extensions></Trackpoint><Trackpoint><Time>2025-11-04T11:20:35.513Z</Time><DistanceMeters>3677.479252055395</DistanceMeters><HeartRateBpm><Value>128</Value></HeartRateBpm><Cadence>20</Cadence><Extensions><ext:TPX><ext:Watts>49.39473684210526</ext:Watts><ext:Torque>20</ext:Torque></ext:TPX></Extensions></Trackpoint><Trackpoint><Time>2025-11-04T11:20:36.993Z</Time><DistanceMeters>3682.4947844819817</DistanceMeters><HeartRateBpm><Value>128</Value></HeartRateBpm><Cadence>20</Cadence><Extensions><ext:TPX><ext:Watts>50.432432432432435</ext:Watts><ext:Torque>20</ext:Torque></ext:TPX></Extensions></Trackpoint><Trackpoint><Time>2025-11-04T11:20:38.473Z</Time><DistanceMeters>3687.6742759000053</DistanceMeters><HeartRateBpm><Value>127</Value></HeartRateBpm><Cadence>20</Cadence><Extensions><ext:TPX><ext:Watts>52.08108108108108</ext:Watts><ext:Torque>20</ext:Torque></ext:TPX></Extensions></Trackpoint><Trackpoint><Time>2025-11-04T11:20:39.918Z</Time><DistanceMeters>3692.9625844502916</DistanceMeters><HeartRateBpm><Value>127</Value></HeartRateBpm><Cadence>21</Cadence><Extensions><ext:TPX><ext:Watts>54.47222222222222</ext:Watts><ext:Torque>20</ext:Torque></ext:TPX></Extensions></Trackpoint><Trackpoint><Time>2025-11-04T11:20:41.398Z</Time><DistanceMeters>3697.9297355351423</DistanceMeters><HeartRateBpm><Value>127</Value></HeartRateBpm><Cadence>20</Cadence><Extensions><ext:TPX><ext:Watts>49.945945945945944</ext:Watts><ext:Torque>20</ext:Torque></ext:TPX></Extensions></Trackpoint><Trackpoint><Time>2025-11-04T11:20:42.878Z</Time><DistanceMeters>3702.9828978941896</DistanceMeters><HeartRateBpm><Value>127</Value></HeartRateBpm><Cadence>20</Cadence><Extensions><ext:TPX><ext:Watts>50.810810810810814</ext:Watts><ext:Torque>20</ext:Torque></ext:TPX></Extensions></Trackpoint><Trackpoint><Time>2025-11-04T11:20:44.358Z</Time><DistanceMeters>3707.984991059183</DistanceMeters><HeartRateBpm><Value>127</Value></HeartRateBpm><Cadence>20</Cadence><Extensions><ext:TPX><ext:Watts>50.2972972972973</ext:Watts><ext:Torque>20</ext:Torque></ext:TPX></Extensions></Trackpoint><Trackpoint><Time>2025-11-04T11:20:45.838Z</Time><DistanceMeters>3713.048904827505</DistanceMeters><HeartRateBpm><Value>127</Value></HeartRateBpm><Cadence>20</Cadence><Extensions><ext:TPX><ext:Watts>50.91891891891892</ext:Watts><ext:Torque>20</ext:Torque></ext:TPX></Extensions></Trackpoint><Trackpoint><Time>2025-11-04T11:20:47.278Z</Time><DistanceMeters>3718.1538350088877</DistanceMeters><HeartRateBpm><Value>127</Value></HeartRateBpm><Cadence>21</Cadence><Extensions><ext:TPX><ext:Watts>52.583333333333336</ext:Watts><ext:Torque>20</ext:Torque></ext:TPX></Extensions></Trackpoint><Trackpoint><Time>2025-11-04T11:20:48.764Z</Time><DistanceMeters>3723.2121042873405</DistanceMeters><HeartRateBpm><Value>127</Value></HeartRateBpm><Cadence>20</Cadence><Extensions><ext:TPX><ext:Watts>49.62162162162162</ext:Watts><ext:Torque>20</ext:Torque></ext:TPX></Extensions></Trackpoint><Trackpoint><Time>2025-11-04T11:20:50.208Z</Time><DistanceMeters>3728.152533284854</DistanceMeters><HeartRateBpm><Value>127</Value></HeartRateBpm><Cadence>21</Cadence><Extensions><ext:TPX><ext:Watts>50.888888888888886</ext:Watts><ext:Torque>20</ext:Torque></ext:TPX></Extensions></Trackpoint><Trackpoint><Time>2025-11-04T11:20:51.688Z</Time><DistanceMeters>3733.1089329604306</DistanceMeters><HeartRateBpm><Value>127</Value></HeartRateBpm><Cadence>20</Cadence><Extensions><ext:TPX><ext:Watts>49.83783783783784</ext:Watts><ext:Torque>20</ext:Torque></ext:TPX></Extensions></Trackpoint><Trackpoint><Time>2025-11-04T11:20:53.133Z</Time><DistanceMeters>3738.0062141064377</DistanceMeters><HeartRateBpm><Value>127</Value></HeartRateBpm><Cadence>21</Cadence><Extensions><ext:TPX><ext:Watts>50.44444444444444</ext:Watts><ext:Torque>20</ext:Torque></ext:TPX></Extensions></Trackpoint><Trackpoint><Time>2025-11-04T11:20:54.613Z</Time><DistanceMeters>3743.083567136353</DistanceMeters><HeartRateBpm><Value>127</Value></HeartRateBpm><Cadence>20</Cadence><Extensions><ext:TPX><ext:Watts>51.054054054054056</ext:Watts><ext:Torque>20</ext:Torque></ext:TPX></Extensions></Trackpoint><Trackpoint><Time>2025-11-04T11:20:56.098Z</Time><DistanceMeters>3748.133571268926</DistanceMeters><HeartRateBpm><Value>127</Value></HeartRateBpm><Cadence>20</Cadence><Extensions><ext:TPX><ext:Watts>49.54054054054054</ext:Watts><ext:Torque>20</ext:Torque></ext:TPX></Extensions></Trackpoint><Trackpoint><Time>2025-11-04T11:20:57.538Z</Time><DistanceMeters>3753.157599228734</DistanceMeters><HeartRateBpm><Value>127</Value></HeartRateBpm><Cadence>21</Cadence><Extensions><ext:TPX><ext:Watts>51.75</ext:Watts><ext:Torque>20</ext:Torque></ext:TPX></Extensions></Trackpoint><Trackpoint><Time>2025-11-04T11:20:59.058Z</Time><DistanceMeters>3758.3493600940824</DistanceMeters><HeartRateBpm><Value>127</Value></HeartRateBpm><Cadence>20</Cadence><Extensions><ext:TPX><ext:Watts>49.6578947368421</ext:Watts><ext:Torque>20</ext:Torque></ext:TPX></Extensions></Trackpoint><Trackpoint><Time>2025-11-04T11:21:00.499Z</Time><DistanceMeters>3763.3841750167667</DistanceMeters><HeartRateBpm><Value>128</Value></HeartRateBpm><Cadence>21</Cadence><Extensions><ext:TPX><ext:Watts>51.861111111111114</ext:Watts><ext:Torque>20</ext:Torque></ext:TPX></Extensions></Trackpoint><Trackpoint><Time>2025-11-04T11:21:01.978Z</Time><DistanceMeters>3768.257251270465</DistanceMeters><HeartRateBpm><Value>127</Value></HeartRateBpm><Cadence>20</Cadence><Extensions><ext:TPX><ext:Watts>49.0</ext:Watts><ext:Torque>20</ext:Torque></ext:TPX></Extensions></Trackpoint><Trackpoint><Time>2025-11-04T11:21:03.458Z</Time><DistanceMeters>3773.192148127492</DistanceMeters><HeartRateBpm><Value>127</Value></HeartRateBpm><Cadence>20</Cadence><Extensions><ext:TPX><ext:Watts>49.62162162162162</ext:Watts><ext:Torque>20</ext:Torque></ext:TPX></Extensions></Trackpoint><Trackpoint><Time>2025-11-04T11:21:04.938Z</Time><DistanceMeters>3777.9603981407636</DistanceMeters><HeartRateBpm><Value>127</Value></HeartRateBpm><Cadence>20</Cadence><Extensions><ext:TPX><ext:Watts>47.945945945945944</ext:Watts><ext:Torque>20</ext:Torque></ext:TPX></Extensions></Trackpoint><Trackpoint><Time>2025-11-04T11:21:06.419Z</Time><DistanceMeters>3782.750150972584</DistanceMeters><HeartRateBpm><Value>127</Value></HeartRateBpm><Cadence>20</Cadence><Extensions><ext:TPX><ext:Watts>48.16216216216216</ext:Watts><ext:Torque>20</ext:Torque></ext:TPX></Extensions></Trackpoint><Trackpoint><Time>2025-11-04T11:21:07.939Z</Time><DistanceMeters>3787.8236046216048</DistanceMeters><HeartRateBpm><Value>127</Value></HeartRateBpm><Cadence>20</Cadence><Extensions><ext:TPX><ext:Watts>48.526315789473685</ext:Watts><ext:Torque>20</ext:Torque></ext:TPX></Extensions></Trackpoint><Trackpoint><Time>2025-11-04T11:21:09.419Z</Time><DistanceMeters>3792.831073491235</DistanceMeters><HeartRateBpm><Value>127</Value></HeartRateBpm><Cadence>20</Cadence><Extensions><ext:TPX><ext:Watts>50.351351351351354</ext:Watts><ext:Torque>20</ext:Torque></ext:TPX></Extensions></Trackpoint><Trackpoint><Time>2025-11-04T11:21:10.899Z</Time><DistanceMeters>3797.722964711164</DistanceMeters><HeartRateBpm><Value>127</Value></HeartRateBpm><Cadence>20</Cadence><Extensions><ext:TPX><ext:Watts>49.189189189189186</ext:Watts><ext:Torque>20</ext:Torque></ext:TPX></Extensions></Trackpoint><Trackpoint><Time>2025-11-04T11:21:12.419Z</Time><DistanceMeters>3803.052292107126</DistanceMeters><HeartRateBpm><Value>127</Value></HeartRateBpm><Cadence>20</Cadence><Extensions><ext:TPX><ext:Watts>50.973684210526315</ext:Watts><ext:Torque>20</ext:Torque></ext:TPX></Extensions></Trackpoint><Trackpoint><Time>2025-11-04T11:21:13.939Z</Time><DistanceMeters>3808.425640792884</DistanceMeters><HeartRateBpm><Value>127</Value></HeartRateBpm><Cadence>20</Cadence><Extensions><ext:TPX><ext:Watts>51.39473684210526</ext:Watts><ext:Torque>20</ext:Torque></ext:TPX></Extensions></Trackpoint><Trackpoint><Time>2025-11-04T11:21:15.419Z</Time><DistanceMeters>3813.511057379755</DistanceMeters><HeartRateBpm><Value>127</Value></HeartRateBpm><Cadence>20</Cadence><Extensions><ext:TPX><ext:Watts>51.13513513513514</ext:Watts><ext:Torque>20</ext:Torque></ext:TPX></Extensions></Trackpoint><Trackpoint><Time>2025-11-04T11:21:16.899Z</Time><DistanceMeters>3818.8625713461715</DistanceMeters><HeartRateBpm><Value>127</Value></HeartRateBpm><Cadence>20</Cadence><Extensions><ext:TPX><ext:Watts>53.810810810810814</ext:Watts><ext:Torque>20</ext:Torque></ext:TPX></Extensions></Trackpoint><Trackpoint><Time>2025-11-04T11:21:18.419Z</Time><DistanceMeters>3824.38174055438</DistanceMeters><HeartRateBpm><Value>126</Value></HeartRateBpm><Cadence>20</Cadence><Extensions><ext:TPX><ext:Watts>52.78947368421053</ext:Watts><ext:Torque>20</ext:Torque></ext:TPX></Extensions></Trackpoint><Trackpoint><Time>2025-11-04T11:21:19.864Z</Time><DistanceMeters>3829.6538686603512</DistanceMeters><HeartRateBpm><Value>126</Value></HeartRateBpm><Cadence>21</Cadence><Extensions><ext:TPX><ext:Watts>54.30555555555556</ext:Watts><ext:Torque>20</ext:Torque></ext:TPX></Extensions></Trackpoint><Trackpoint><Time>2025-11-04T11:21:21.344Z</Time><DistanceMeters>3834.9247470572086</DistanceMeters><HeartRateBpm><Value>126</Value></HeartRateBpm><Cadence>20</Cadence><Extensions><ext:TPX><ext:Watts>53.0</ext:Watts><ext:Torque>20</ext:Torque></ext:TPX></Extensions></Trackpoint><Trackpoint><Time>2025-11-04T11:21:22.824Z</Time><DistanceMeters>3840.217128272615</DistanceMeters><HeartRateBpm><Value>125</Value></HeartRateBpm><Cadence>20</Cadence><Extensions><ext:TPX><ext:Watts>53.21621621621622</ext:Watts><ext:Torque>20</ext:Torque></ext:TPX></Extensions></Trackpoint><Trackpoint><Time>2025-11-04T11:21:24.269Z</Time><DistanceMeters>3845.3382388983127</DistanceMeters><HeartRateBpm><Value>125</Value></HeartRateBpm><Cadence>21</Cadence><Extensions><ext:TPX><ext:Watts>52.75</ext:Watts><ext:Torque>20</ext:Torque></ext:TPX></Extensions></Trackpoint><Trackpoint><Time>2025-11-04T11:21:25.749Z</Time><DistanceMeters>3850.6413715229937</DistanceMeters><HeartRateBpm><Value>125</Value></HeartRateBpm><Cadence>20</Cadence><Extensions><ext:TPX><ext:Watts>53.32432432432432</ext:Watts><ext:Torque>20</ext:Torque></ext:TPX></Extensions></Trackpoint><Trackpoint><Time>2025-11-04T11:21:27.189Z</Time><DistanceMeters>3856.010582294855</DistanceMeters><HeartRateBpm><Value>125</Value></HeartRateBpm><Cadence>21</Cadence><Extensions><ext:TPX><ext:Watts>55.30555555555556</ext:Watts><ext:Torque>20</ext:Torque></ext:TPX></Extensions></Trackpoint><Trackpoint><Time>2025-11-04T11:21:28.634Z</Time><DistanceMeters>3861.188324475655</DistanceMeters><HeartRateBpm><Value>126</Value></HeartRateBpm><Cadence>21</Cadence><Extensions><ext:TPX><ext:Watts>53.333333333333336</ext:Watts><ext:Torque>20</ext:Torque></ext:TPX></Extensions></Trackpoint><Trackpoint><Time>2025-11-04T11:21:30.074Z</Time><DistanceMeters>3866.4173047301197</DistanceMeters><HeartRateBpm><Value>126</Value></HeartRateBpm><Cadence>21</Cadence><Extensions><ext:TPX><ext:Watts>53.861111111111114</ext:Watts><ext:Torque>20</ext:Torque></ext:TPX></Extensions></Trackpoint><Trackpoint><Time>2025-11-04T11:21:31.519Z</Time><DistanceMeters>3871.902475352905</DistanceMeters><HeartRateBpm><Value>126</Value></HeartRateBpm><Cadence>21</Cadence><Extensions><ext:TPX><ext:Watts>56.5</ext:Watts><ext:Torque>20</ext:Torque></ext:TPX></Extensions></Trackpoint><Trackpoint><Time>2025-11-04T11:21:32.964Z</Time><DistanceMeters>3877.3606785684988</DistanceMeters><HeartRateBpm><Value>126</Value></HeartRateBpm><Cadence>21</Cadence><Extensions><ext:TPX><ext:Watts>56.22222222222222</ext:Watts><ext:Torque>20</ext:Torque></ext:TPX></Extensions></Trackpoint><Trackpoint><Time>2025-11-04T11:21:34.404Z</Time><DistanceMeters>3882.63280667447</DistanceMeters><HeartRateBpm><Value>127</Value></HeartRateBpm><Cadence>21</Cadence><Extensions><ext:TPX><ext:Watts>54.30555555555556</ext:Watts><ext:Torque>20</ext:Torque></ext:TPX></Extensions></Trackpoint><Trackpoint><Time>2025-11-04T11:21:35.849Z</Time><DistanceMeters>3888.020894631365</DistanceMeters><HeartRateBpm><Value>126</Value></HeartRateBpm><Cadence>21</Cadence><Extensions><ext:TPX><ext:Watts>55.5</ext:Watts><ext:Torque>20</ext:Torque></ext:TPX></Extensions></Trackpoint><Trackpoint><Time>2025-11-04T11:21:37.289Z</Time><DistanceMeters>3893.2498748858297</DistanceMeters><HeartRateBpm><Value>125</Value></HeartRateBpm><Cadence>21</Cadence><Extensions><ext:TPX><ext:Watts>53.861111111111114</ext:Watts><ext:Torque>20</ext:Torque></ext:TPX></Extensions></Trackpoint><Trackpoint><Time>2025-11-04T11:21:38.729Z</Time><DistanceMeters>3898.454584473822</DistanceMeters><HeartRateBpm><Value>125</Value></HeartRateBpm><Cadence>21</Cadence><Extensions><ext:TPX><ext:Watts>53.611111111111114</ext:Watts><ext:Torque>20</ext:Torque></ext:TPX></Extensions></Trackpoint><Trackpoint><Time>2025-11-04T11:21:40.129Z</Time><DistanceMeters>3903.6699555948894</DistanceMeters><HeartRateBpm><Value>124</Value></HeartRateBpm><Cadence>22</Cadence><Extensions><ext:TPX><ext:Watts>55.0</ext:Watts><ext:Torque>20</ext:Torque></ext:TPX></Extensions></Trackpoint><Trackpoint><Time>2025-11-04T11:21:41.569Z</Time><DistanceMeters>3908.8261238499363</DistanceMeters><HeartRateBpm><Value>123</Value></HeartRateBpm><Cadence>21</Cadence><Extensions><ext:TPX><ext:Watts>53.111111111111114</ext:Watts><ext:Torque>20</ext:Torque></ext:TPX></Extensions></Trackpoint><Trackpoint><Time>2025-11-04T11:21:43.049Z</Time><DistanceMeters>3914.1803256686717</DistanceMeters><HeartRateBpm><Value>123</Value></HeartRateBpm><Cadence>20</Cadence><Extensions><ext:TPX><ext:Watts>53.83783783783784</ext:Watts><ext:Torque>20</ext:Torque></ext:TPX></Extensions></Trackpoint><Trackpoint><Time>2025-11-04T11:21:44.489Z</Time><DistanceMeters>3919.538749477656</DistanceMeters><HeartRateBpm><Value>122</Value></HeartRateBpm><Cadence>21</Cadence><Extensions><ext:TPX><ext:Watts>55.19444444444444</ext:Watts><ext:Torque>20</ext:Torque></ext:TPX></Extensions></Trackpoint><Trackpoint><Time>2025-11-04T11:21:45.969Z</Time><DistanceMeters>3925.021968207686</DistanceMeters><HeartRateBpm><Value>122</Value></HeartRateBpm><Cadence>20</Cadence><Extensions><ext:TPX><ext:Watts>55.13513513513514</ext:Watts><ext:Torque>20</ext:Torque></ext:TPX></Extensions></Trackpoint><Trackpoint><Time>2025-11-04T11:21:47.409Z</Time><DistanceMeters>3930.2806126100613</DistanceMeters><HeartRateBpm><Value>122</Value></HeartRateBpm><Cadence>21</Cadence><Extensions><ext:TPX><ext:Watts>54.166666666666664</ext:Watts><ext:Torque>20</ext:Torque></ext:TPX></Extensions></Trackpoint><Trackpoint><Time>2025-11-04T11:21:48.849Z</Time><DistanceMeters>3935.3909362728823</DistanceMeters><HeartRateBpm><Value>123</Value></HeartRateBpm><Cadence>21</Cadence><Extensions><ext:TPX><ext:Watts>52.638888888888886</ext:Watts><ext:Torque>20</ext:Torque></ext:TPX></Extensions></Trackpoint><Trackpoint><Time>2025-11-04T11:21:50.289Z</Time><DistanceMeters>3940.6819415638874</DistanceMeters><HeartRateBpm><Value>124</Value></HeartRateBpm><Cadence>21</Cadence><Extensions><ext:TPX><ext:Watts>54.5</ext:Watts><ext:Torque>20</ext:Torque></ext:TPX></Extensions></Trackpoint><Trackpoint><Time>2025-11-04T11:21:51.734Z</Time><DistanceMeters>3945.9729468548926</DistanceMeters><HeartRateBpm><Value>124</Value></HeartRateBpm><Cadence>21</Cadence><Extensions><ext:TPX><ext:Watts>54.5</ext:Watts><ext:Torque>20</ext:Torque></ext:TPX></Extensions></Trackpoint><Trackpoint><Time>2025-11-04T11:21:53.179Z</Time><DistanceMeters>3951.299009775247</DistanceMeters><HeartRateBpm><Value>125</Value></HeartRateBpm><Cadence>21</Cadence><Extensions><ext:TPX><ext:Watts>54.861111111111114</ext:Watts><ext:Torque>20</ext:Torque></ext:TPX></Extensions></Trackpoint><Trackpoint><Time>2025-11-04T11:21:54.659Z</Time><DistanceMeters>3956.5483853535557</DistanceMeters><HeartRateBpm><Value>126</Value></HeartRateBpm><Cadence>20</Cadence><Extensions><ext:TPX><ext:Watts>52.78378378378378</ext:Watts><ext:Torque>20</ext:Torque></ext:TPX></Extensions></Trackpoint><Trackpoint><Time>2025-11-04T11:21:56.099Z</Time><DistanceMeters>3961.7530949415477</DistanceMeters><HeartRateBpm><Value>127</Value></HeartRateBpm><Cadence>21</Cadence><Extensions><ext:TPX><ext:Watts>53.611111111111114</ext:Watts><ext:Torque>20</ext:Torque></ext:TPX></Extensions></Trackpoint><Trackpoint><Time>2025-11-04T11:21:57.580Z</Time><DistanceMeters>3966.8277601191444</DistanceMeters><HeartRateBpm><Value>127</Value></HeartRateBpm><Cadence>20</Cadence><Extensions><ext:TPX><ext:Watts>51.027027027027025</ext:Watts><ext:Torque>20</ext:Torque></ext:TPX></Extensions></Trackpoint><Trackpoint><Time>2025-11-04T11:21:59.059Z</Time><DistanceMeters>3971.668582145019</DistanceMeters><HeartRateBpm><Value>128</Value></HeartRateBpm><Cadence>20</Cadence><Extensions><ext:TPX><ext:Watts>48.67567567567568</ext:Watts><ext:Torque>20</ext:Torque></ext:TPX></Extensions></Trackpoint><Trackpoint><Time>2025-11-04T11:22:00.504Z</Time><DistanceMeters>3976.611707883252</DistanceMeters><HeartRateBpm><Value>128</Value></HeartRateBpm><Cadence>21</Cadence><Extensions><ext:TPX><ext:Watts>50.916666666666664</ext:Watts><ext:Torque>20</ext:Torque></ext:TPX></Extensions></Trackpoint><Trackpoint><Time>2025-11-04T11:22:01.944Z</Time><DistanceMeters>3981.63573584306</DistanceMeters><HeartRateBpm><Value>128</Value></HeartRateBpm><Cadence>21</Cadence><Extensions><ext:TPX><ext:Watts>51.75</ext:Watts><ext:Torque>20</ext:Torque></ext:TPX></Extensions></Trackpoint><Trackpoint><Time>2025-11-04T11:22:03.384Z</Time><DistanceMeters>3986.5249267669096</DistanceMeters><HeartRateBpm><Value>128</Value></HeartRateBpm><Cadence>21</Cadence><Extensions><ext:TPX><ext:Watts>50.361111111111114</ext:Watts><ext:Torque>20</ext:Torque></ext:TPX></Extensions></Trackpoint><Trackpoint><Time>2025-11-04T11:22:04.784Z</Time><DistanceMeters>3991.5289737594353</DistanceMeters><HeartRateBpm><Value>127</Value></HeartRateBpm><Cadence>22</Cadence><Extensions><ext:TPX><ext:Watts>52.77142857142857</ext:Watts><ext:Torque>20</ext:Torque></ext:TPX></Extensions></Trackpoint><Trackpoint><Time>2025-11-04T11:22:06.184Z</Time><DistanceMeters>3996.3542080278103</DistanceMeters><HeartRateBpm><Value>127</Value></HeartRateBpm><Cadence>22</Cadence><Extensions><ext:TPX><ext:Watts>50.885714285714286</ext:Watts><ext:Torque>20</ext:Torque></ext:TPX></Extensions></Trackpoint><Trackpoint><Time>2025-11-04T11:22:07.625Z</Time><DistanceMeters>4001.3027272474815</DistanceMeters><HeartRateBpm><Value>127</Value></HeartRateBpm><Cadence>21</Cadence><Extensions><ext:TPX><ext:Watts>50.97222222222222</ext:Watts><ext:Torque>20</ext:Torque></ext:TPX></Extensions></Trackpoint><Trackpoint><Time>2025-11-04T11:22:09.064Z</Time><DistanceMeters>4006.191918171331</DistanceMeters><HeartRateBpm><Value>127</Value></HeartRateBpm><Cadence>21</Cadence><Extensions><ext:TPX><ext:Watts>50.361111111111114</ext:Watts><ext:Torque>20</ext:Torque></ext:TPX></Extensions></Trackpoint><Trackpoint><Time>2025-11-04T11:22:10.505Z</Time><DistanceMeters>4011.0622319101462</DistanceMeters><HeartRateBpm><Value>128</Value></HeartRateBpm><Cadence>21</Cadence><Extensions><ext:TPX><ext:Watts>50.166666666666664</ext:Watts><ext:Torque>20</ext:Torque></ext:TPX></Extensions></Trackpoint><Trackpoint><Time>2025-11-04T11:22:11.944Z</Time><DistanceMeters>4016.0269315741325</DistanceMeters><HeartRateBpm><Value>127</Value></HeartRateBpm><Cadence>21</Cadence><Extensions><ext:TPX><ext:Watts>51.138888888888886</ext:Watts><ext:Torque>20</ext:Torque></ext:TPX></Extensions></Trackpoint><Trackpoint><Time>2025-11-04T11:22:13.425Z</Time><DistanceMeters>4020.959140578841</DistanceMeters><HeartRateBpm><Value>127</Value></HeartRateBpm><Cadence>20</Cadence><Extensions><ext:TPX><ext:Watts>49.5945945945946</ext:Watts><ext:Torque>20</ext:Torque></ext:TPX></Extensions></Trackpoint><Trackpoint><Time>2025-11-04T11:22:14.904Z</Time><DistanceMeters>4025.8375925371765</DistanceMeters><HeartRateBpm><Value>127</Value></HeartRateBpm><Cadence>20</Cadence><Extensions><ext:TPX><ext:Watts>49.054054054054056</ext:Watts><ext:Torque>20</ext:Torque></ext:TPX></Extensions></Trackpoint><Trackpoint><Time>2025-11-04T11:22:16.425Z</Time><DistanceMeters>4030.9110461861974</DistanceMeters><HeartRateBpm><Value>127</Value></HeartRateBpm><Cadence>20</Cadence><Extensions><ext:TPX><ext:Watts>48.526315789473685</ext:Watts><ext:Torque>20</ext:Torque></ext:TPX></Extensions></Trackpoint><Trackpoint><Time>2025-11-04T11:22:17.905Z</Time><DistanceMeters>4036.11204042277</DistanceMeters><HeartRateBpm><Value>128</Value></HeartRateBpm><Cadence>20</Cadence><Extensions><ext:TPX><ext:Watts>52.2972972972973</ext:Watts><ext:Torque>20</ext:Torque></ext:TPX></Extensions></Trackpoint><Trackpoint><Time>2025-11-04T11:22:19.385Z</Time><DistanceMeters>4041.1114457354442</DistanceMeters><HeartRateBpm><Value>128</Value></HeartRateBpm><Cadence>20</Cadence><Extensions><ext:TPX><ext:Watts>50.270270270270274</ext:Watts><ext:Torque>20</ext:Torque></ext:TPX></Extensions></Trackpoint><Trackpoint><Time>2025-11-04T11:22:20.865Z</Time><DistanceMeters>4046.2882493011493</DistanceMeters><HeartRateBpm><Value>128</Value></HeartRateBpm><Cadence>20</Cadence><Extensions><ext:TPX><ext:Watts>52.054054054054056</ext:Watts><ext:Torque>20</ext:Torque></ext:TPX></Extensions></Trackpoint><Trackpoint><Time>2025-11-04T11:22:22.345Z</Time><DistanceMeters>4051.443550048305</DistanceMeters><HeartRateBpm><Value>128</Value></HeartRateBpm><Cadence>20</Cadence><Extensions><ext:TPX><ext:Watts>51.83783783783784</ext:Watts><ext:Torque>20</ext:Torque></ext:TPX></Extensions></Trackpoint><Trackpoint><Time>2025-11-04T11:22:23.825Z</Time><DistanceMeters>4056.537030192132</DistanceMeters><HeartRateBpm><Value>128</Value></HeartRateBpm><Cadence>20</Cadence><Extensions><ext:TPX><ext:Watts>51.21621621621622</ext:Watts><ext:Torque>20</ext:Torque></ext:TPX></Extensions></Trackpoint><Trackpoint><Time>2025-11-04T11:22:25.265Z</Time><DistanceMeters>4061.806461557384</DistanceMeters><HeartRateBpm><Value>127</Value></HeartRateBpm><Cadence>21</Cadence><Extensions><ext:TPX><ext:Watts>54.27777777777778</ext:Watts><ext:Torque>20</ext:Torque></ext:TPX></Extensions></Trackpoint><Trackpoint><Time>2025-11-04T11:22:26.745Z</Time><DistanceMeters>4066.9187566674414</DistanceMeters><HeartRateBpm><Value>127</Value></HeartRateBpm><Cadence>20</Cadence><Extensions><ext:TPX><ext:Watts>51.4054054054054</ext:Watts><ext:Torque>20</ext:Torque></ext:TPX></Extensions></Trackpoint><Trackpoint><Time>2025-11-04T11:22:28.185Z</Time><DistanceMeters>4072.0155966266666</DistanceMeters><HeartRateBpm><Value>127</Value></HeartRateBpm><Cadence>21</Cadence><Extensions><ext:TPX><ext:Watts>52.5</ext:Watts><ext:Torque>20</ext:Torque></ext:TPX></Extensions></Trackpoint><Trackpoint><Time>2025-11-04T11:22:29.585Z</Time><DistanceMeters>4077.217421329238</DistanceMeters><HeartRateBpm><Value>127</Value></HeartRateBpm><Cadence>22</Cadence><Extensions><ext:TPX><ext:Watts>54.857142857142854</ext:Watts><ext:Torque>20</ext:Torque></ext:TPX></Extensions></Trackpoint><Trackpoint><Time>2025-11-04T11:22:31.025Z</Time><DistanceMeters>4082.4329178801063</DistanceMeters><HeartRateBpm><Value>126</Value></HeartRateBpm><Cadence>21</Cadence><Extensions><ext:TPX><ext:Watts>53.72222222222222</ext:Watts><ext:Torque>20</ext:Torque></ext:TPX></Extensions></Trackpoint><Trackpoint><Time>2025-11-04T11:22:32.430Z</Time><DistanceMeters>4087.7972996046333</DistanceMeters><HeartRateBpm><Value>126</Value></HeartRateBpm><Cadence>22</Cadence><Extensions><ext:TPX><ext:Watts>56.57142857142857</ext:Watts><ext:Torque>20</ext:Torque></ext:TPX></Extensions></Trackpoint><Trackpoint><Time>2025-11-04T11:22:33.835Z</Time><DistanceMeters>4093.0587285485885</DistanceMeters><HeartRateBpm><Value>126</Value></HeartRateBpm><Cadence>22</Cadence><Extensions><ext:TPX><ext:Watts>55.48571428571429</ext:Watts><ext:Torque>20</ext:Torque></ext:TPX></Extensions></Trackpoint><Trackpoint><Time>2025-11-04T11:22:35.240Z</Time><DistanceMeters>4098.325576059942</DistanceMeters><HeartRateBpm><Value>126</Value></HeartRateBpm><Cadence>22</Cadence><Extensions><ext:TPX><ext:Watts>55.542857142857144</ext:Watts><ext:Torque>20</ext:Torque></ext:TPX></Extensions></Trackpoint><Trackpoint><Time>2025-11-04T11:22:36.645Z</Time><DistanceMeters>4103.679120649672</DistanceMeters><HeartRateBpm><Value>125</Value></HeartRateBpm><Cadence>22</Cadence><Extensions><ext:TPX><ext:Watts>56.457142857142856</ext:Watts><ext:Torque>20</ext:Torque></ext:TPX></Extensions></Trackpoint><Trackpoint><Time>2025-11-04T11:22:38.045Z</Time><DistanceMeters>4108.943258877326</DistanceMeters><HeartRateBpm><Value>124</Value></HeartRateBpm><Cadence>22</Cadence><Extensions><ext:TPX><ext:Watts>55.51428571428571</ext:Watts><ext:Torque>20</ext:Torque></ext:TPX></Extensions></Trackpoint><Trackpoint><Time>2025-11-04T11:22:39.445Z</Time><DistanceMeters>4114.313059169252</DistanceMeters><HeartRateBpm><Value>123</Value></HeartRateBpm><Cadence>22</Cadence><Extensions><ext:TPX><ext:Watts>56.628571428571426</ext:Watts><ext:Torque>20</ext:Torque></ext:TPX></Extensions></Trackpoint><Trackpoint><Time>2025-11-04T11:22:40.805Z</Time><DistanceMeters>4119.638848089212</DistanceMeters><HeartRateBpm><Value>123</Value></HeartRateBpm><Cadence>22</Cadence><Extensions><ext:TPX><ext:Watts>57.470588235294116</ext:Watts><ext:Torque>20</ext:Torque></ext:TPX></Extensions></Trackpoint><Trackpoint><Time>2025-11-04T11:22:42.126Z</Time><DistanceMeters>4124.8283578658775</DistanceMeters><HeartRateBpm><Value>123</Value></HeartRateBpm><Cadence>22</Cadence><Extensions><ext:TPX><ext:Watts>57.27272727272727</ext:Watts><ext:Torque>20</ext:Torque></ext:TPX></Extensions></Trackpoint><Trackpoint><Time>2025-11-04T11:22:43.490Z</Time><DistanceMeters>4130.200481694558</DistanceMeters><HeartRateBpm><Value>124</Value></HeartRateBpm><Cadence>22</Cadence><Extensions><ext:TPX><ext:Watts>57.970588235294116</ext:Watts><ext:Torque>20</ext:Torque></ext:TPX></Extensions></Trackpoint><Trackpoint><Time>2025-11-04T11:22:44.810Z</Time><DistanceMeters>4135.65358561861</DistanceMeters><HeartRateBpm><Value>124</Value></HeartRateBpm><Cadence>22</Cadence><Extensions><ext:TPX><ext:Watts>60.18181818181818</ext:Watts><ext:Torque>20</ext:Torque></ext:TPX></Extensions></Trackpoint><Trackpoint><Time>2025-11-04T11:22:46.175Z</Time><DistanceMeters>4141.047514110218</DistanceMeters><HeartRateBpm><Value>124</Value></HeartRateBpm><Cadence>22</Cadence><Extensions><ext:TPX><ext:Watts>58.205882352941174</ext:Watts><ext:Torque>20</ext:Torque></ext:TPX></Extensions></Trackpoint><Trackpoint><Time>2025-11-04T11:22:47.495Z</Time><DistanceMeters>4146.355092098734</DistanceMeters><HeartRateBpm><Value>124</Value></HeartRateBpm><Cadence>22</Cadence><Extensions><ext:TPX><ext:Watts>58.57575757575758</ext:Watts><ext:Torque>20</ext:Torque></ext:TPX></Extensions></Trackpoint><Trackpoint><Time>2025-11-04T11:22:48.815Z</Time><DistanceMeters>4151.5830426885595</DistanceMeters><HeartRateBpm><Value>125</Value></HeartRateBpm><Cadence>22</Cadence><Extensions><ext:TPX><ext:Watts>57.696969696969695</ext:Watts><ext:Torque>20</ext:Torque></ext:TPX></Extensions></Trackpoint><Trackpoint><Time>2025-11-04T11:22:50.175Z</Time><DistanceMeters>4157.091445660535</DistanceMeters><HeartRateBpm><Value>126</Value></HeartRateBpm><Cadence>22</Cadence><Extensions><ext:TPX><ext:Watts>59.44117647058823</ext:Watts><ext:Torque>20</ext:Torque></ext:TPX></Extensions></Trackpoint><Trackpoint><Time>2025-11-04T11:22:51.495Z</Time><DistanceMeters>4162.464922185897</DistanceMeters><HeartRateBpm><Value>126</Value></HeartRateBpm><Cadence>22</Cadence><Extensions><ext:TPX><ext:Watts>59.303030303030305</ext:Watts><ext:Torque>20</ext:Torque></ext:TPX></Extensions></Trackpoint><Trackpoint><Time>2025-11-04T11:22:52.855Z</Time><DistanceMeters>4167.67623662549</DistanceMeters><HeartRateBpm><Value>126</Value></HeartRateBpm><Cadence>22</Cadence><Extensions><ext:TPX><ext:Watts>56.23529411764706</ext:Watts><ext:Torque>20</ext:Torque></ext:TPX></Extensions></Trackpoint><Trackpoint><Time>2025-11-04T11:22:54.215Z</Time><DistanceMeters>4172.988397631121</DistanceMeters><HeartRateBpm><Value>127</Value></HeartRateBpm><Cadence>22</Cadence><Extensions><ext:TPX><ext:Watts>57.3235294117647</ext:Watts><ext:Torque>20</ext:Torque></ext:TPX></Extensions></Trackpoint><Trackpoint><Time>2025-11-04T11:22:55.575Z</Time><DistanceMeters>4178.409581951388</DistanceMeters><HeartRateBpm><Value>127</Value></HeartRateBpm><Cadence>22</Cadence><Extensions><ext:TPX><ext:Watts>58.5</ext:Watts><ext:Torque>20</ext:Torque></ext:TPX></Extensions></Trackpoint><Trackpoint><Time>2025-11-04T11:22:56.900Z</Time><DistanceMeters>4183.805024655699</DistanceMeters><HeartRateBpm><Value>128</Value></HeartRateBpm><Cadence>22</Cadence><Extensions><ext:TPX><ext:Watts>59.54545454545455</ext:Watts><ext:Torque>20</ext:Torque></ext:TPX></Extensions></Trackpoint><Trackpoint><Time>2025-11-04T11:22:58.260Z</Time><DistanceMeters>4189.277995050417</DistanceMeters><HeartRateBpm><Value>128</Value></HeartRateBpm><Cadence>22</Cadence><Extensions><ext:TPX><ext:Watts>59.05882352941177</ext:Watts><ext:Torque>20</ext:Torque></ext:TPX></Extensions></Trackpoint><Trackpoint><Time>2025-11-04T11:22:59.585Z</Time><DistanceMeters>4194.420826696817</DistanceMeters><HeartRateBpm><Value>128</Value></HeartRateBpm><Cadence>22</Cadence><Extensions><ext:TPX><ext:Watts>56.75757575757576</ext:Watts><ext:Torque>20</ext:Torque></ext:TPX></Extensions></Trackpoint><Trackpoint><Time>2025-11-04T11:23:00.865Z</Time><DistanceMeters>4199.693887186548</DistanceMeters><HeartRateBpm><Value>128</Value></HeartRateBpm><Cadence>24</Cadence><Extensions><ext:TPX><ext:Watts>60.78125</ext:Watts><ext:Torque>20</ext:Torque></ext:TPX></Extensions></Trackpoint><Trackpoint><Time>2025-11-04T11:23:02.230Z</Time><DistanceMeters>4204.888848128945</DistanceMeters><HeartRateBpm><Value>129</Value></HeartRateBpm><Cadence>22</Cadence><Extensions><ext:TPX><ext:Watts>56.05882352941177</ext:Watts><ext:Torque>20</ext:Torque></ext:TPX></Extensions></Trackpoint><Trackpoint><Time>2025-11-04T11:23:03.590Z</Time><DistanceMeters>4209.852134527741</DistanceMeters><HeartRateBpm><Value>129</Value></HeartRateBpm><Cadence>22</Cadence><Extensions><ext:TPX><ext:Watts>53.55882352941177</ext:Watts><ext:Torque>20</ext:Torque></ext:TPX></Extensions></Trackpoint><Trackpoint><Time>2025-11-04T11:23:04.950Z</Time><DistanceMeters>4214.709123194768</DistanceMeters><HeartRateBpm><Value>129</Value></HeartRateBpm><Cadence>22</Cadence><Extensions><ext:TPX><ext:Watts>52.411764705882355</ext:Watts><ext:Torque>20</ext:Torque></ext:TPX></Extensions></Trackpoint><Trackpoint><Time>2025-11-04T11:23:06.350Z</Time><DistanceMeters>4219.545194597939</DistanceMeters><HeartRateBpm><Value>129</Value></HeartRateBpm><Cadence>22</Cadence><Extensions><ext:TPX><ext:Watts>51.0</ext:Watts><ext:Torque>20</ext:Torque></ext:TPX></Extensions></Trackpoint><Trackpoint><Time>2025-11-04T11:23:07.711Z</Time><DistanceMeters>4224.478499585211</DistanceMeters><HeartRateBpm><Value>129</Value></HeartRateBpm><Cadence>22</Cadence><Extensions><ext:TPX><ext:Watts>53.23529411764706</ext:Watts><ext:Torque>20</ext:Torque></ext:TPX></Extensions></Trackpoint><Trackpoint><Time>2025-11-04T11:23:09.070Z</Time><DistanceMeters>4229.449962732605</DistanceMeters><HeartRateBpm><Value>130</Value></HeartRateBpm><Cadence>22</Cadence><Extensions><ext:TPX><ext:Watts>53.64705882352941</ext:Watts><ext:Torque>20</ext:Torque></ext:TPX></Extensions></Trackpoint><Trackpoint><Time>2025-11-04T11:23:10.430Z</Time><DistanceMeters>4234.465035205853</DistanceMeters><HeartRateBpm><Value>130</Value></HeartRateBpm><Cadence>22</Cadence><Extensions><ext:TPX><ext:Watts>54.11764705882353</ext:Watts><ext:Torque>20</ext:Torque></ext:TPX></Extensions></Trackpoint><Trackpoint><Time>2025-11-04T11:23:11.795Z</Time><DistanceMeters>4239.578228662274</DistanceMeters><HeartRateBpm><Value>130</Value></HeartRateBpm><Cadence>22</Cadence><Extensions><ext:TPX><ext:Watts>55.1764705882353</ext:Watts><ext:Torque>20</ext:Torque></ext:TPX></Extensions></Trackpoint><Trackpoint><Time>2025-11-04T11:23:13.195Z</Time><DistanceMeters>4244.5849849384995</DistanceMeters><HeartRateBpm><Value>129</Value></HeartRateBpm><Cadence>22</Cadence><Extensions><ext:TPX><ext:Watts>52.8</ext:Watts><ext:Torque>20</ext:Torque></ext:TPX></Extensions></Trackpoint><Trackpoint><Time>2025-11-04T11:23:14.595Z</Time><DistanceMeters>4249.784100357371</DistanceMeters><HeartRateBpm><Value>129</Value></HeartRateBpm><Cadence>22</Cadence><Extensions><ext:TPX><ext:Watts>54.82857142857143</ext:Watts><ext:Torque>20</ext:Torque></ext:TPX></Extensions></Trackpoint><Trackpoint><Time>2025-11-04T11:23:15.995Z</Time><DistanceMeters>4254.891100130469</DistanceMeters><HeartRateBpm><Value>128</Value></HeartRateBpm><Cadence>22</Cadence><Extensions><ext:TPX><ext:Watts>53.857142857142854</ext:Watts><ext:Torque>20</ext:Torque></ext:TPX></Extensions></Trackpoint><Trackpoint><Time>2025-11-04T11:23:17.435Z</Time><DistanceMeters>4259.799168239352</DistanceMeters><HeartRateBpm><Value>128</Value></HeartRateBpm><Cadence>21</Cadence><Extensions><ext:TPX><ext:Watts>50.55555555555556</ext:Watts><ext:Torque>20</ext:Torque></ext:TPX></Extensions></Trackpoint><Trackpoint><Time>2025-11-04T11:23:18.835Z</Time><DistanceMeters>4264.838435919968</DistanceMeters><HeartRateBpm><Value>128</Value></HeartRateBpm><Cadence>22</Cadence><Extensions><ext:TPX><ext:Watts>53.142857142857146</ext:Watts><ext:Torque>20</ext:Torque></ext:TPX></Extensions></Trackpoint><Trackpoint><Time>2025-11-04T11:23:20.275Z</Time><DistanceMeters>4269.840889954023</DistanceMeters><HeartRateBpm><Value>128</Value></HeartRateBpm><Cadence>21</Cadence><Extensions><ext:TPX><ext:Watts>51.52777777777778</ext:Watts><ext:Torque>20</ext:Torque></ext:TPX></Extensions></Trackpoint><Trackpoint><Time>2025-11-04T11:23:21.675Z</Time><DistanceMeters>4274.866611216143</DistanceMeters><HeartRateBpm><Value>127</Value></HeartRateBpm><Cadence>22</Cadence><Extensions><ext:TPX><ext:Watts>53.0</ext:Watts><ext:Torque>20</ext:Torque></ext:TPX></Extensions></Trackpoint><Trackpoint><Time>2025-11-04T11:23:23.116Z</Time><DistanceMeters>4279.939180508895</DistanceMeters><HeartRateBpm><Value>127</Value></HeartRateBpm><Cadence>21</Cadence><Extensions><ext:TPX><ext:Watts>52.25</ext:Watts><ext:Torque>20</ext:Torque></ext:TPX></Extensions></Trackpoint><Trackpoint><Time>2025-11-04T11:23:24.515Z</Time><DistanceMeters>4284.924262515527</DistanceMeters><HeartRateBpm><Value>126</Value></HeartRateBpm><Cadence>22</Cadence><Extensions><ext:TPX><ext:Watts>52.57142857142857</ext:Watts><ext:Torque>20</ext:Torque></ext:TPX></Extensions></Trackpoint><Trackpoint><Time>2025-11-04T11:23:25.876Z</Time><DistanceMeters>4289.977493148897</DistanceMeters><HeartRateBpm><Value>126</Value></HeartRateBpm><Cadence>22</Cadence><Extensions><ext:TPX><ext:Watts>54.529411764705884</ext:Watts><ext:Torque>20</ext:Torque></ext:TPX></Extensions></Trackpoint><Trackpoint><Time>2025-11-04T11:23:27.316Z</Time><DistanceMeters>4295.001521108705</DistanceMeters><HeartRateBpm><Value>127</Value></HeartRateBpm><Cadence>21</Cadence><Extensions><ext:TPX><ext:Watts>51.75</ext:Watts><ext:Torque>20</ext:Torque></ext:TPX></Extensions></Trackpoint><Trackpoint><Time>2025-11-04T11:23:28.675Z</Time><DistanceMeters>4300.030221496283</DistanceMeters><HeartRateBpm><Value>128</Value></HeartRateBpm><Cadence>22</Cadence><Extensions><ext:TPX><ext:Watts>54.26470588235294</ext:Watts><ext:Torque>20</ext:Torque></ext:TPX></Extensions></Trackpoint><Trackpoint><Time>2025-11-04T11:23:30.036Z</Time><DistanceMeters>4305.1761219470945</DistanceMeters><HeartRateBpm><Value>128</Value></HeartRateBpm><Cadence>22</Cadence><Extensions><ext:TPX><ext:Watts>55.529411764705884</ext:Watts><ext:Torque>20</ext:Torque></ext:TPX></Extensions></Trackpoint><Trackpoint><Time>2025-11-04T11:23:31.396Z</Time><DistanceMeters>4310.234803746197</DistanceMeters><HeartRateBpm><Value>128</Value></HeartRateBpm><Cadence>22</Cadence><Extensions><ext:TPX><ext:Watts>54.588235294117645</ext:Watts><ext:Torque>20</ext:Torque></ext:TPX></Extensions></Trackpoint><Trackpoint><Time>2025-11-04T11:23:32.721Z</Time><DistanceMeters>4315.300753766275</DistanceMeters><HeartRateBpm><Value>128</Value></HeartRateBpm><Cadence>22</Cadence><Extensions><ext:TPX><ext:Watts>55.90909090909091</ext:Watts><ext:Torque>20</ext:Torque></ext:TPX></Extensions></Trackpoint><Trackpoint><Time>2025-11-04T11:23:34.041Z</Time><DistanceMeters>4320.564399396893</DistanceMeters><HeartRateBpm><Value>127</Value></HeartRateBpm><Cadence>22</Cadence><Extensions><ext:TPX><ext:Watts>58.09090909090909</ext:Watts><ext:Torque>20</ext:Torque></ext:TPX></Extensions></Trackpoint><Trackpoint><Time>2025-11-04T11:23:35.401Z</Time><DistanceMeters>4325.677592853314</DistanceMeters><HeartRateBpm><Value>127</Value></HeartRateBpm><Cadence>22</Cadence><Extensions><ext:TPX><ext:Watts>55.1764705882353</ext:Watts><ext:Torque>20</ext:Torque></ext:TPX></Extensions></Trackpoint><Trackpoint><Time>2025-11-04T11:23:36.722Z</Time><DistanceMeters>4330.891814581298</DistanceMeters><HeartRateBpm><Value>126</Value></HeartRateBpm><Cadence>22</Cadence><Extensions><ext:TPX><ext:Watts>57.54545454545455</ext:Watts><ext:Torque>20</ext:Torque></ext:TPX></Extensions></Trackpoint><Trackpoint><Time>2025-11-04T11:23:38.081Z</Time><DistanceMeters>4336.037715032109</DistanceMeters><HeartRateBpm><Value>127</Value></HeartRateBpm><Cadence>22</Cadence><Extensions><ext:TPX><ext:Watts>55.529411764705884</ext:Watts><ext:Torque>20</ext:Torque></ext:TPX></Extensions></Trackpoint><Trackpoint><Time>2025-11-04T11:23:39.401Z</Time><DistanceMeters>4341.323326841676</DistanceMeters><HeartRateBpm><Value>127</Value></HeartRateBpm><Cadence>22</Cadence><Extensions><ext:TPX><ext:Watts>58.333333333333336</ext:Watts><ext:Torque>20</ext:Torque></ext:TPX></Extensions></Trackpoint><Trackpoint><Time>2025-11-04T11:23:40.681Z</Time><DistanceMeters>4346.496077183273</DistanceMeters><HeartRateBpm><Value>127</Value></HeartRateBpm><Cadence>24</Cadence><Extensions><ext:TPX><ext:Watts>59.625</ext:Watts><ext:Torque>20</ext:Torque></ext:TPX></Extensions></Trackpoint><Trackpoint><Time>2025-11-04T11:23:42.001Z</Time><DistanceMeters>4351.718536228362</DistanceMeters><HeartRateBpm><Value>128</Value></HeartRateBpm><Cadence>22</Cadence><Extensions><ext:TPX><ext:Watts>57.63636363636363</ext:Watts><ext:Torque>20</ext:Torque></ext:TPX></Extensions></Trackpoint><Trackpoint><Time>2025-11-04T11:23:43.321Z</Time><DistanceMeters>4357.023368444509</DistanceMeters><HeartRateBpm><Value>129</Value></HeartRateBpm><Cadence>22</Cadence><Extensions><ext:TPX><ext:Watts>58.54545454545455</ext:Watts><ext:Torque>20</ext:Torque></ext:TPX></Extensions></Trackpoint><Trackpoint><Time>2025-11-04T11:23:44.681Z</Time><DistanceMeters>4362.199250306846</DistanceMeters><HeartRateBpm><Value>129</Value></HeartRateBpm><Cadence>22</Cadence><Extensions><ext:TPX><ext:Watts>55.85294117647059</ext:Watts><ext:Torque>20</ext:Torque></ext:TPX></Extensions></Trackpoint><Trackpoint><Time>2025-11-04T11:23:45.961Z</Time><DistanceMeters>4367.317778946749</DistanceMeters><HeartRateBpm><Value>129</Value></HeartRateBpm><Cadence>24</Cadence><Extensions><ext:TPX><ext:Watts>59.0</ext:Watts><ext:Torque>20</ext:Torque></ext:TPX></Extensions></Trackpoint><Trackpoint><Time>2025-11-04T11:23:47.281Z</Time><DistanceMeters>4372.512780268152</DistanceMeters><HeartRateBpm><Value>130</Value></HeartRateBpm><Cadence>22</Cadence><Extensions><ext:TPX><ext:Watts>57.333333333333336</ext:Watts><ext:Torque>20</ext:Torque></ext:TPX></Extensions></Trackpoint><Trackpoint><Time>2025-11-04T11:23:48.601Z</Time><DistanceMeters>4377.784663215875</DistanceMeters><HeartRateBpm><Value>130</Value></HeartRateBpm><Cadence>22</Cadence><Extensions><ext:TPX><ext:Watts>58.18181818181818</ext:Watts><ext:Torque>20</ext:Torque></ext:TPX></Extensions></Trackpoint><Trackpoint><Time>2025-11-04T11:23:49.921Z</Time><DistanceMeters>4383.070275025442</DistanceMeters><HeartRateBpm><Value>130</Value></HeartRateBpm><Cadence>22</Cadence><Extensions><ext:TPX><ext:Watts>58.333333333333336</ext:Watts><ext:Torque>20</ext:Torque></ext:TPX></Extensions></Trackpoint><Trackpoint><Time>2025-11-04T11:23:51.201Z</Time><DistanceMeters>4388.077649176873</DistanceMeters><HeartRateBpm><Value>130</Value></HeartRateBpm><Cadence>24</Cadence><Extensions><ext:TPX><ext:Watts>57.71875</ext:Watts><ext:Torque>20</ext:Torque></ext:TPX></Extensions></Trackpoint><Trackpoint><Time>2025-11-04T11:23:52.561Z</Time><DistanceMeters>4393.299865947929</DistanceMeters><HeartRateBpm><Value>131</Value></HeartRateBpm><Cadence>22</Cadence><Extensions><ext:TPX><ext:Watts>56.35294117647059</ext:Watts><ext:Torque>20</ext:Torque></ext:TPX></Extensions></Trackpoint><Trackpoint><Time>2025-11-04T11:23:53.886Z</Time><DistanceMeters>4398.486629952226</DistanceMeters><HeartRateBpm><Value>131</Value></HeartRateBpm><Cadence>22</Cadence><Extensions><ext:TPX><ext:Watts>57.24242424242424</ext:Watts><ext:Torque>20</ext:Torque></ext:TPX></Extensions></Trackpoint><Trackpoint><Time>2025-11-04T11:23:55.166Z</Time><DistanceMeters>4403.597025336875</DistanceMeters><HeartRateBpm><Value>131</Value></HeartRateBpm><Cadence>24</Cadence><Extensions><ext:TPX><ext:Watts>58.90625</ext:Watts><ext:Torque>20</ext:Torque></ext:TPX></Extensions></Trackpoint><Trackpoint><Time>2025-11-04T11:23:56.451Z</Time><DistanceMeters>4408.742664827625</DistanceMeters><HeartRateBpm><Value>131</Value></HeartRateBpm><Cadence>24</Cadence><Extensions><ext:TPX><ext:Watts>59.3125</ext:Watts><ext:Torque>20</ext:Torque></ext:TPX></Extensions></Trackpoint><Trackpoint><Time>2025-11-04T11:23:57.771Z</Time><DistanceMeters>4414.031022409561</DistanceMeters><HeartRateBpm><Value>131</Value></HeartRateBpm><Cadence>22</Cadence><Extensions><ext:TPX><ext:Watts>58.36363636363637</ext:Watts><ext:Torque>20</ext:Torque></ext:TPX></Extensions></Trackpoint><Trackpoint><Time>2025-11-04T11:23:59.056Z</Time><DistanceMeters>4419.1983505809885</DistanceMeters><HeartRateBpm><Value>131</Value></HeartRateBpm><Cadence>24</Cadence><Extensions><ext:TPX><ext:Watts>59.5625</ext:Watts><ext:Torque>20</ext:Torque></ext:TPX></Extensions></Trackpoint><Trackpoint><Time>2025-11-04T11:24:00.336Z</Time><DistanceMeters>4424.471411070719</DistanceMeters><HeartRateBpm><Value>131</Value></HeartRateBpm><Cadence>24</Cadence><Extensions><ext:TPX><ext:Watts>60.78125</ext:Watts><ext:Torque>20</ext:Torque></ext:TPX></Extensions></Trackpoint><Trackpoint><Time>2025-11-04T11:24:01.656Z</Time><DistanceMeters>4429.7707517421295</DistanceMeters><HeartRateBpm><Value>131</Value></HeartRateBpm><Cadence>22</Cadence><Extensions><ext:TPX><ext:Watts>58.484848484848484</ext:Watts><ext:Torque>20</ext:Torque></ext:TPX></Extensions></Trackpoint><Trackpoint><Time>2025-11-04T11:24:02.976Z</Time><DistanceMeters>4435.100295909594</DistanceMeters><HeartRateBpm><Value>132</Value></HeartRateBpm><Cadence>22</Cadence><Extensions><ext:TPX><ext:Watts>58.81818181818182</ext:Watts><ext:Torque>20</ext:Torque></ext:TPX></Extensions></Trackpoint><Trackpoint><Time>2025-11-04T11:24:04.256Z</Time><DistanceMeters>4440.302868187122</DistanceMeters><HeartRateBpm><Value>132</Value></HeartRateBpm><Cadence>24</Cadence><Extensions><ext:TPX><ext:Watts>59.96875</ext:Watts><ext:Torque>20</ext:Torque></ext:TPX></Extensions></Trackpoint><Trackpoint><Time>2025-11-04T11:24:05.621Z</Time><DistanceMeters>4445.503280295251</DistanceMeters><HeartRateBpm><Value>132</Value></HeartRateBpm><Cadence>22</Cadence><Extensions><ext:TPX><ext:Watts>56.11764705882353</ext:Watts><ext:Torque>20</ext:Torque></ext:TPX></Extensions></Trackpoint><Trackpoint><Time>2025-11-04T11:24:06.941Z</Time><DistanceMeters>4450.758688608763</DistanceMeters><HeartRateBpm><Value>132</Value></HeartRateBpm><Cadence>22</Cadence><Extensions><ext:TPX><ext:Watts>58.0</ext:Watts><ext:Torque>20</ext:Torque></ext:TPX></Extensions></Trackpoint><Trackpoint><Time>2025-11-04T11:24:08.261Z</Time><DistanceMeters>4456.0635208249105</DistanceMeters><HeartRateBpm><Value>132</Value></HeartRateBpm><Cadence>22</Cadence><Extensions><ext:TPX><ext:Watts>58.54545454545455</ext:Watts><ext:Torque>20</ext:Torque></ext:TPX></Extensions></Trackpoint><Trackpoint><Time>2025-11-04T11:24:09.661Z</Time><DistanceMeters>4461.005254292353</DistanceMeters><HeartRateBpm><Value>133</Value></HeartRateBpm><Cadence>22</Cadence><Extensions><ext:TPX><ext:Watts>52.114285714285714</ext:Watts><ext:Torque>20</ext:Torque></ext:TPX></Extensions></Trackpoint><Trackpoint><Time>2025-11-04T11:24:11.021Z</Time><DistanceMeters>4465.870419707977</DistanceMeters><HeartRateBpm><Value>133</Value></HeartRateBpm><Cadence>22</Cadence><Extensions><ext:TPX><ext:Watts>52.5</ext:Watts><ext:Torque>20</ext:Torque></ext:TPX></Extensions></Trackpoint><Trackpoint><Time>2025-11-04T11:24:12.421Z</Time><DistanceMeters>4470.744421082938</DistanceMeters><HeartRateBpm><Value>133</Value></HeartRateBpm><Cadence>22</Cadence><Extensions><ext:TPX><ext:Watts>51.4</ext:Watts><ext:Torque>20</ext:Torque></ext:TPX></Extensions></Trackpoint><Trackpoint><Time>2025-11-04T11:24:13.781Z</Time><DistanceMeters>4475.754042390455</DistanceMeters><HeartRateBpm><Value>132</Value></HeartRateBpm><Cadence>22</Cadence><Extensions><ext:TPX><ext:Watts>54.05882352941177</ext:Watts><ext:Torque>20</ext:Torque></ext:TPX></Extensions></Trackpoint><Trackpoint><Time>2025-11-04T11:24:15.141Z</Time><DistanceMeters>4480.785468360898</DistanceMeters><HeartRateBpm><Value>132</Value></HeartRateBpm><Cadence>22</Cadence><Extensions><ext:TPX><ext:Watts>54.294117647058826</ext:Watts><ext:Torque>20</ext:Torque></ext:TPX></Extensions></Trackpoint><Trackpoint><Time>2025-11-04T11:24:16.501Z</Time><DistanceMeters>4485.789638502683</DistanceMeters><HeartRateBpm><Value>134</Value></HeartRateBpm><Cadence>22</Cadence><Extensions><ext:TPX><ext:Watts>54.0</ext:Watts><ext:Torque>20</ext:Torque></ext:TPX></Extensions></Trackpoint><Trackpoint><Time>2025-11-04T11:24:17.821Z</Time><DistanceMeters>4490.704571042488</DistanceMeters><HeartRateBpm><Value>135</Value></HeartRateBpm><Cadence>22</Cadence><Extensions><ext:TPX><ext:Watts>54.24242424242424</ext:Watts><ext:Torque>20</ext:Torque></ext:TPX></Extensions></Trackpoint><Trackpoint><Time>2025-11-04T11:24:19.141Z</Time><DistanceMeters>4495.828182282307</DistanceMeters><HeartRateBpm><Value>135</Value></HeartRateBpm><Cadence>22</Cadence><Extensions><ext:TPX><ext:Watts>56.54545454545455</ext:Watts><ext:Torque>20</ext:Torque></ext:TPX></Extensions></Trackpoint><Trackpoint><Time>2025-11-04T11:24:20.501Z</Time><DistanceMeters>4500.987710647449</DistanceMeters><HeartRateBpm><Value>135</Value></HeartRateBpm><Cadence>22</Cadence><Extensions><ext:TPX><ext:Watts>55.6764705882353</ext:Watts><ext:Torque>20</ext:Torque></ext:TPX></Extensions></Trackpoint><Trackpoint><Time>2025-11-04T11:24:21.821Z</Time><DistanceMeters>4506.1580000175345</DistanceMeters><HeartRateBpm><Value>135</Value></HeartRateBpm><Cadence>22</Cadence><Extensions><ext:TPX><ext:Watts>57.06060606060606</ext:Watts><ext:Torque>20</ext:Torque></ext:TPX></Extensions></Trackpoint><Trackpoint><Time>2025-11-04T11:24:23.101Z</Time><DistanceMeters>4511.143685488288</DistanceMeters><HeartRateBpm><Value>136</Value></HeartRateBpm><Cadence>24</Cadence><Extensions><ext:TPX><ext:Watts>57.46875</ext:Watts><ext:Torque>20</ext:Torque></ext:TPX></Extensions></Trackpoint><Trackpoint><Time>2025-11-04T11:24:24.381Z</Time><DistanceMeters>4516.199859171243</DistanceMeters><HeartRateBpm><Value>136</Value></HeartRateBpm><Cadence>24</Cadence><Extensions><ext:TPX><ext:Watts>58.28125</ext:Watts><ext:Torque>20</ext:Torque></ext:TPX></Extensions></Trackpoint><Trackpoint><Time>2025-11-04T11:24:25.701Z</Time><DistanceMeters>4521.471742118966</DistanceMeters><HeartRateBpm><Value>136</Value></HeartRateBpm><Cadence>22</Cadence><Extensions><ext:TPX><ext:Watts>58.18181818181818</ext:Watts><ext:Torque>20</ext:Torque></ext:TPX></Extensions></Trackpoint><Trackpoint><Time>2025-11-04T11:24:26.987Z</Time><DistanceMeters>4526.579426418531</DistanceMeters><HeartRateBpm><Value>136</Value></HeartRateBpm><Cadence>24</Cadence><Extensions><ext:TPX><ext:Watts>58.875</ext:Watts><ext:Torque>20</ext:Torque></ext:TPX></Extensions></Trackpoint><Trackpoint><Time>2025-11-04T11:24:28.227Z</Time><DistanceMeters>4531.6214616470115</DistanceMeters><HeartRateBpm><Value>135</Value></HeartRateBpm><Cadence>24</Cadence><Extensions><ext:TPX><ext:Watts>59.354838709677416</ext:Watts><ext:Torque>20</ext:Torque></ext:TPX></Extensions></Trackpoint><Trackpoint><Time>2025-11-04T11:24:29.508Z</Time><DistanceMeters>4536.5447921608165</DistanceMeters><HeartRateBpm><Value>134</Value></HeartRateBpm><Cadence>24</Cadence><Extensions><ext:TPX><ext:Watts>56.75</ext:Watts><ext:Torque>20</ext:Torque></ext:TPX></Extensions></Trackpoint><Trackpoint><Time>2025-11-04T11:24:30.786Z</Time><DistanceMeters>4541.741942268175</DistanceMeters><HeartRateBpm><Value>134</Value></HeartRateBpm><Cadence>24</Cadence><Extensions><ext:TPX><ext:Watts>59.90625</ext:Watts><ext:Torque>20</ext:Torque></ext:TPX></Extensions></Trackpoint><Trackpoint><Time>2025-11-04T11:24:32.106Z</Time><DistanceMeters>4547.159351151435</DistanceMeters><HeartRateBpm><Value>134</Value></HeartRateBpm><Cadence>22</Cadence><Extensions><ext:TPX><ext:Watts>59.78787878787879</ext:Watts><ext:Torque>20</ext:Torque></ext:TPX></Extensions></Trackpoint><Trackpoint><Time>2025-11-04T11:24:33.387Z</Time><DistanceMeters>4552.467655747266</DistanceMeters><HeartRateBpm><Value>134</Value></HeartRateBpm><Cadence>24</Cadence><Extensions><ext:TPX><ext:Watts>61.1875</ext:Watts><ext:Torque>20</ext:Torque></ext:TPX></Extensions></Trackpoint><Trackpoint><Time>2025-11-04T11:24:34.707Z</Time><DistanceMeters>4557.772487963413</DistanceMeters><HeartRateBpm><Value>134</Value></HeartRateBpm><Cadence>22</Cadence><Extensions><ext:TPX><ext:Watts>58.54545454545455</ext:Watts><ext:Torque>20</ext:Torque></ext:TPX></Extensions></Trackpoint><Trackpoint><Time>2025-11-04T11:24:35.986Z</Time><DistanceMeters>4562.977771326026</DistanceMeters><HeartRateBpm><Value>134</Value></HeartRateBpm><Cadence>24</Cadence><Extensions><ext:TPX><ext:Watts>60.0</ext:Watts><ext:Torque>20</ext:Torque></ext:TPX></Extensions></Trackpoint><Trackpoint><Time>2025-11-04T11:24:37.267Z</Time><DistanceMeters>4568.2725204964345</DistanceMeters><HeartRateBpm><Value>135</Value></HeartRateBpm><Cadence>24</Cadence><Extensions><ext:TPX><ext:Watts>61.03125</ext:Watts><ext:Torque>20</ext:Torque></ext:TPX></Extensions></Trackpoint><Trackpoint><Time>2025-11-04T11:24:38.592Z</Time><DistanceMeters>4573.566369623108</DistanceMeters><HeartRateBpm><Value>135</Value></HeartRateBpm><Cadence>22</Cadence><Extensions><ext:TPX><ext:Watts>58.42424242424242</ext:Watts><ext:Torque>20</ext:Torque></ext:TPX></Extensions></Trackpoint><Trackpoint><Time>2025-11-04T11:24:39.872Z</Time><DistanceMeters>4578.568321604369</DistanceMeters><HeartRateBpm><Value>135</Value></HeartRateBpm><Cadence>24</Cadence><Extensions><ext:TPX><ext:Watts>57.65625</ext:Watts><ext:Torque>20</ext:Torque></ext:TPX></Extensions></Trackpoint><Trackpoint><Time>2025-11-04T11:24:41.157Z</Time><DistanceMeters>4583.627206372408</DistanceMeters><HeartRateBpm><Value>135</Value></HeartRateBpm><Cadence>24</Cadence><Extensions><ext:TPX><ext:Watts>58.3125</ext:Watts><ext:Torque>20</ext:Torque></ext:TPX></Extensions></Trackpoint><Trackpoint><Time>2025-11-04T11:24:42.477Z</Time><DistanceMeters>4588.819461921443</DistanceMeters><HeartRateBpm><Value>135</Value></HeartRateBpm><Cadence>22</Cadence><Extensions><ext:TPX><ext:Watts>57.303030303030305</ext:Watts><ext:Torque>20</ext:Torque></ext:TPX></Extensions></Trackpoint><Trackpoint><Time>2025-11-04T11:24:43.757Z</Time><DistanceMeters>4593.99221226304</DistanceMeters><HeartRateBpm><Value>135</Value></HeartRateBpm><Cadence>24</Cadence><Extensions><ext:TPX><ext:Watts>59.625</ext:Watts><ext:Torque>20</ext:Torque></ext:TPX></Extensions></Trackpoint><Trackpoint><Time>2025-11-04T11:24:45.042Z</Time><DistanceMeters>4599.089052222265</DistanceMeters><HeartRateBpm><Value>135</Value></HeartRateBpm><Cadence>24</Cadence><Extensions><ext:TPX><ext:Watts>58.75</ext:Watts><ext:Torque>20</ext:Torque></ext:TPX></Extensions></Trackpoint><Trackpoint><Time>2025-11-04T11:24:46.362Z</Time><DistanceMeters>4604.2401211857705</DistanceMeters><HeartRateBpm><Value>135</Value></HeartRateBpm><Cadence>22</Cadence><Extensions><ext:TPX><ext:Watts>56.84848484848485</ext:Watts><ext:Torque>20</ext:Torque></ext:TPX></Extensions></Trackpoint><Trackpoint><Time>2025-11-04T11:24:47.642Z</Time><DistanceMeters>4609.304428123979</DistanceMeters><HeartRateBpm><Value>135</Value></HeartRateBpm><Cadence>24</Cadence><Extensions><ext:TPX><ext:Watts>58.375</ext:Watts><ext:Torque>20</ext:Torque></ext:TPX></Extensions></Trackpoint><Trackpoint><Time>2025-11-04T11:24:49.007Z</Time><DistanceMeters>4614.376737837411</DistanceMeters><HeartRateBpm><Value>135</Value></HeartRateBpm><Cadence>22</Cadence><Extensions><ext:TPX><ext:Watts>54.73529411764706</ext:Watts><ext:Torque>20</ext:Torque></ext:TPX></Extensions></Trackpoint><Trackpoint><Time>2025-11-04T11:24:50.327Z</Time><DistanceMeters>4619.415230133804</DistanceMeters><HeartRateBpm><Value>135</Value></HeartRateBpm><Cadence>22</Cadence><Extensions><ext:TPX><ext:Watts>55.60606060606061</ext:Watts><ext:Torque>20</ext:Torque></ext:TPX></Extensions></Trackpoint><Trackpoint><Time>2025-11-04T11:24:51.647Z</Time><DistanceMeters>4624.626706089418</DistanceMeters><HeartRateBpm><Value>135</Value></HeartRateBpm><Cadence>22</Cadence><Extensions><ext:TPX><ext:Watts>57.515151515151516</ext:Watts><ext:Torque>20</ext:Torque></ext:TPX></Extensions></Trackpoint><Trackpoint><Time>2025-11-04T11:24:53.007Z</Time><DistanceMeters>4629.887081020597</DistanceMeters><HeartRateBpm><Value>135</Value></HeartRateBpm><Cadence>22</Cadence><Extensions><ext:TPX><ext:Watts>56.76470588235294</ext:Watts><ext:Torque>20</ext:Torque></ext:TPX></Extensions></Trackpoint><Trackpoint><Time>2025-11-04T11:24:54.367Z</Time><DistanceMeters>4635.054786134336</DistanceMeters><HeartRateBpm><Value>135</Value></HeartRateBpm><Cadence>22</Cadence><Extensions><ext:TPX><ext:Watts>55.76470588235294</ext:Watts><ext:Torque>20</ext:Torque></ext:TPX></Extensions></Trackpoint><Trackpoint><Time>2025-11-04T11:24:55.687Z</Time><DistanceMeters>4640.2525332281075</DistanceMeters><HeartRateBpm><Value>135</Value></HeartRateBpm><Cadence>22</Cadence><Extensions><ext:TPX><ext:Watts>57.36363636363637</ext:Watts><ext:Torque>20</ext:Torque></ext:TPX></Extensions></Trackpoint><Trackpoint><Time>2025-11-04T11:24:57.048Z</Time><DistanceMeters>4645.221270792636</DistanceMeters><HeartRateBpm><Value>135</Value></HeartRateBpm><Cadence>22</Cadence><Extensions><ext:TPX><ext:Watts>53.61764705882353</ext:Watts><ext:Torque>20</ext:Torque></ext:TPX></Extensions></Trackpoint><Trackpoint><Time>2025-11-04T11:24:58.367Z</Time><DistanceMeters>4650.262508861397</DistanceMeters><HeartRateBpm><Value>136</Value></HeartRateBpm><Cadence>22</Cadence><Extensions><ext:TPX><ext:Watts>55.63636363636363</ext:Watts><ext:Torque>20</ext:Torque></ext:TPX></Extensions></Trackpoint><Trackpoint><Time>2025-11-04T11:24:59.727Z</Time><DistanceMeters>4655.329367409097</DistanceMeters><HeartRateBpm><Value>137</Value></HeartRateBpm><Cadence>22</Cadence><Extensions><ext:TPX><ext:Watts>54.6764705882353</ext:Watts><ext:Torque>20</ext:Torque></ext:TPX></Extensions></Trackpoint><Trackpoint><Time>2025-11-04T11:25:01.087Z</Time><DistanceMeters>4660.140021167404</DistanceMeters><HeartRateBpm><Value>137</Value></HeartRateBpm><Cadence>22</Cadence><Extensions><ext:TPX><ext:Watts>51.911764705882355</ext:Watts><ext:Torque>20</ext:Torque></ext:TPX></Extensions></Trackpoint><Trackpoint><Time>2025-11-04T11:25:02.488Z</Time><DistanceMeters>4665.125103174035</DistanceMeters><HeartRateBpm><Value>138</Value></HeartRateBpm><Cadence>22</Cadence><Extensions><ext:TPX><ext:Watts>52.57142857142857</ext:Watts><ext:Torque>20</ext:Torque></ext:TPX></Extensions></Trackpoint><Trackpoint><Time>2025-11-04T11:25:03.847Z</Time><DistanceMeters>4670.172882641674</DistanceMeters><HeartRateBpm><Value>138</Value></HeartRateBpm><Cadence>22</Cadence><Extensions><ext:TPX><ext:Watts>54.470588235294116</ext:Watts><ext:Torque>20</ext:Torque></ext:TPX></Extensions></Trackpoint><Trackpoint><Time>2025-11-04T11:25:05.247Z</Time><DistanceMeters>4674.930384817567</DistanceMeters><HeartRateBpm><Value>138</Value></HeartRateBpm><Cadence>22</Cadence><Extensions><ext:TPX><ext:Watts>50.17142857142857</ext:Watts><ext:Torque>20</ext:Torque></ext:TPX></Extensions></Trackpoint><Trackpoint><Time>2025-11-04T11:25:06.607Z</Time><DistanceMeters>4679.825531644716</DistanceMeters><HeartRateBpm><Value>139</Value></HeartRateBpm><Cadence>22</Cadence><Extensions><ext:TPX><ext:Watts>52.8235294117647</ext:Watts><ext:Torque>20</ext:Torque></ext:TPX></Extensions></Trackpoint><Trackpoint><Time>2025-11-04T11:25:08.007Z</Time><DistanceMeters>4684.677858750083</DistanceMeters><HeartRateBpm><Value>139</Value></HeartRateBpm><Cadence>22</Cadence><Extensions><ext:TPX><ext:Watts>51.17142857142857</ext:Watts><ext:Torque>20</ext:Torque></ext:TPX></Extensions></Trackpoint><Trackpoint><Time>2025-11-04T11:25:09.367Z</Time><DistanceMeters>4689.660224228941</DistanceMeters><HeartRateBpm><Value>138</Value></HeartRateBpm><Cadence>22</Cadence><Extensions><ext:TPX><ext:Watts>53.76470588235294</ext:Watts><ext:Torque>20</ext:Torque></ext:TPX></Extensions></Trackpoint><Trackpoint><Time>2025-11-04T11:25:10.727Z</Time><DistanceMeters>4694.631687376335</DistanceMeters><HeartRateBpm><Value>138</Value></HeartRateBpm><Cadence>22</Cadence><Extensions><ext:TPX><ext:Watts>53.64705882352941</ext:Watts><ext:Torque>20</ext:Torque></ext:TPX></Extensions></Trackpoint><Trackpoint><Time>2025-11-04T11:25:12.092Z</Time><DistanceMeters>4699.758508747085</DistanceMeters><HeartRateBpm><Value>138</Value></HeartRateBpm><Cadence>22</Cadence><Extensions><ext:TPX><ext:Watts>55.3235294117647</ext:Watts><ext:Torque>20</ext:Torque></ext:TPX></Extensions></Trackpoint><Trackpoint><Time>2025-11-04T11:25:13.457Z</Time><DistanceMeters>4704.727246311613</DistanceMeters><HeartRateBpm><Value>138</Value></HeartRateBpm><Cadence>22</Cadence><Extensions><ext:TPX><ext:Watts>53.61764705882353</ext:Watts><ext:Torque>20</ext:Torque></ext:TPX></Extensions></Trackpoint><Trackpoint><Time>2025-11-04T11:25:14.862Z</Time><DistanceMeters>4709.912815311989</DistanceMeters><HeartRateBpm><Value>138</Value></HeartRateBpm><Cadence>22</Cadence><Extensions><ext:TPX><ext:Watts>54.68571428571428</ext:Watts><ext:Torque>20</ext:Torque></ext:TPX></Extensions></Trackpoint><Trackpoint><Time>2025-11-04T11:25:16.222Z</Time><DistanceMeters>4714.968771528226</DistanceMeters><HeartRateBpm><Value>137</Value></HeartRateBpm><Cadence>22</Cadence><Extensions><ext:TPX><ext:Watts>54.55882352941177</ext:Watts><ext:Torque>20</ext:Torque></ext:TPX></Extensions></Trackpoint><Trackpoint><Time>2025-11-04T11:25:17.582Z</Time><DistanceMeters>4720.286383699589</DistanceMeters><HeartRateBpm><Value>137</Value></HeartRateBpm><Cadence>22</Cadence><Extensions><ext:TPX><ext:Watts>57.38235294117647</ext:Watts><ext:Torque>20</ext:Torque></ext:TPX></Extensions></Trackpoint><Trackpoint><Time>2025-11-04T11:25:18.942Z</Time><DistanceMeters>4725.424107401803</DistanceMeters><HeartRateBpm><Value>137</Value></HeartRateBpm><Cadence>22</Cadence><Extensions><ext:TPX><ext:Watts>55.44117647058823</ext:Watts><ext:Torque>20</ext:Torque></ext:TPX></Extensions></Trackpoint><Trackpoint><Time>2025-11-04T11:25:20.302Z</Time><DistanceMeters>4730.485514783772</DistanceMeters><HeartRateBpm><Value>137</Value></HeartRateBpm><Cadence>22</Cadence><Extensions><ext:TPX><ext:Watts>54.61764705882353</ext:Watts><ext:Torque>20</ext:Torque></ext:TPX></Extensions></Trackpoint><Trackpoint><Time>2025-11-04T11:25:21.742Z</Time><DistanceMeters>4735.744159186147</DistanceMeters><HeartRateBpm><Value>137</Value></HeartRateBpm><Cadence>21</Cadence><Extensions><ext:TPX><ext:Watts>54.166666666666664</ext:Watts><ext:Torque>20</ext:Torque></ext:TPX></Extensions></Trackpoint><Trackpoint><Time>2025-11-04T11:25:23.102Z</Time><DistanceMeters>4740.887334054092</DistanceMeters><HeartRateBpm><Value>137</Value></HeartRateBpm><Cadence>22</Cadence><Extensions><ext:TPX><ext:Watts>55.5</ext:Watts><ext:Torque>20</ext:Torque></ext:TPX></Extensions></Trackpoint><Trackpoint><Time>2025-11-04T11:25:24.502Z</Time><DistanceMeters>4745.969950273897</DistanceMeters><HeartRateBpm><Value>137</Value></HeartRateBpm><Cadence>22</Cadence><Extensions><ext:TPX><ext:Watts>53.6</ext:Watts><ext:Torque>20</ext:Torque></ext:TPX></Extensions></Trackpoint><Trackpoint><Time>2025-11-04T11:25:25.822Z</Time><DistanceMeters>4751.002951025552</DistanceMeters><HeartRateBpm><Value>137</Value></HeartRateBpm><Cadence>22</Cadence><Extensions><ext:TPX><ext:Watts>55.54545454545455</ext:Watts><ext:Torque>20</ext:Torque></ext:TPX></Extensions></Trackpoint><Trackpoint><Time>2025-11-04T11:25:27.182Z</Time><DistanceMeters>4756.094339819046</DistanceMeters><HeartRateBpm><Value>137</Value></HeartRateBpm><Cadence>22</Cadence><Extensions><ext:TPX><ext:Watts>54.94117647058823</ext:Watts><ext:Torque>20</ext:Torque></ext:TPX></Extensions></Trackpoint><Trackpoint><Time>2025-11-04T11:25:28.502Z</Time><DistanceMeters>4761.2673749615</DistanceMeters><HeartRateBpm><Value>137</Value></HeartRateBpm><Cadence>22</Cadence><Extensions><ext:TPX><ext:Watts>57.09090909090909</ext:Watts><ext:Torque>20</ext:Torque></ext:TPX></Extensions></Trackpoint><Trackpoint><Time>2025-11-04T11:25:29.822Z</Time><DistanceMeters>4766.305867257892</DistanceMeters><HeartRateBpm><Value>137</Value></HeartRateBpm><Cadence>22</Cadence><Extensions><ext:TPX><ext:Watts>55.60606060606061</ext:Watts><ext:Torque>20</ext:Torque></ext:TPX></Extensions></Trackpoint><Trackpoint><Time>2025-11-04T11:25:31.262Z</Time><DistanceMeters>4771.5348475123565</DistanceMeters><HeartRateBpm><Value>136</Value></HeartRateBpm><Cadence>21</Cadence><Extensions><ext:TPX><ext:Watts>53.861111111111114</ext:Watts><ext:Torque>20</ext:Torque></ext:TPX></Extensions></Trackpoint><Trackpoint><Time>2025-11-04T11:25:32.623Z</Time><DistanceMeters>4776.781594529206</DistanceMeters><HeartRateBpm><Value>136</Value></HeartRateBpm><Cadence>22</Cadence><Extensions><ext:TPX><ext:Watts>56.61764705882353</ext:Watts><ext:Torque>20</ext:Torque></ext:TPX></Extensions></Trackpoint><Trackpoint><Time>2025-11-04T11:25:34.022Z</Time><DistanceMeters>4781.9942563665745</DistanceMeters><HeartRateBpm><Value>137</Value></HeartRateBpm><Cadence>22</Cadence><Extensions><ext:TPX><ext:Watts>54.97142857142857</ext:Watts><ext:Torque>20</ext:Torque></ext:TPX></Extensions></Trackpoint><Trackpoint><Time>2025-11-04T11:25:35.462Z</Time><DistanceMeters>4787.417401952819</DistanceMeters><HeartRateBpm><Value>137</Value></HeartRateBpm><Cadence>21</Cadence><Extensions><ext:TPX><ext:Watts>55.861111111111114</ext:Watts><ext:Torque>20</ext:Torque></ext:TPX></Extensions></Trackpoint><Trackpoint><Time>2025-11-04T11:25:36.862Z</Time><DistanceMeters>4792.608389520594</DistanceMeters><HeartRateBpm><Value>137</Value></HeartRateBpm><Cadence>22</Cadence><Extensions><ext:TPX><ext:Watts>54.74285714285714</ext:Watts><ext:Torque>20</ext:Torque></ext:TPX></Extensions></Trackpoint><Trackpoint><Time>2025-11-04T11:25:38.262Z</Time><DistanceMeters>4797.869818464549</DistanceMeters><HeartRateBpm><Value>137</Value></HeartRateBpm><Cadence>22</Cadence><Extensions><ext:TPX><ext:Watts>55.48571428571429</ext:Watts><ext:Torque>20</ext:Torque></ext:TPX></Extensions></Trackpoint><Trackpoint><Time>2025-11-04T11:25:39.662Z</Time><DistanceMeters>4803.166468096594</DistanceMeters><HeartRateBpm><Value>137</Value></HeartRateBpm><Cadence>22</Cadence><Extensions><ext:TPX><ext:Watts>55.857142857142854</ext:Watts><ext:Torque>20</ext:Torque></ext:TPX></Extensions></Trackpoint><Trackpoint><Time>2025-11-04T11:25:41.062Z</Time><DistanceMeters>4808.387257785061</DistanceMeters><HeartRateBpm><Value>137</Value></HeartRateBpm><Cadence>22</Cadence><Extensions><ext:TPX><ext:Watts>55.05714285714286</ext:Watts><ext:Torque>20</ext:Torque></ext:TPX></Extensions></Trackpoint><Trackpoint><Time>2025-11-04T11:25:42.462Z</Time><DistanceMeters>4813.608047473527</DistanceMeters><HeartRateBpm><Value>136</Value></HeartRateBpm><Cadence>22</Cadence><Extensions><ext:TPX><ext:Watts>55.05714285714286</ext:Watts><ext:Torque>20</ext:Torque></ext:TPX></Extensions></Trackpoint><Trackpoint><Time>2025-11-04T11:25:43.827Z</Time><DistanceMeters>4818.794831667327</DistanceMeters><HeartRateBpm><Value>136</Value></HeartRateBpm><Cadence>22</Cadence><Extensions><ext:TPX><ext:Watts>55.970588235294116</ext:Watts><ext:Torque>20</ext:Torque></ext:TPX></Extensions></Trackpoint><Trackpoint><Time>2025-11-04T11:25:45.267Z</Time><DistanceMeters>4823.888974885834</DistanceMeters><HeartRateBpm><Value>136</Value></HeartRateBpm><Cadence>21</Cadence><Extensions><ext:TPX><ext:Watts>52.47222222222222</ext:Watts><ext:Torque>20</ext:Torque></ext:TPX></Extensions></Trackpoint><Trackpoint><Time>2025-11-04T11:25:46.667Z</Time><DistanceMeters>4828.882184743562</DistanceMeters><HeartRateBpm><Value>136</Value></HeartRateBpm><Cadence>22</Cadence><Extensions><ext:TPX><ext:Watts>52.65714285714286</ext:Watts><ext:Torque>20</ext:Torque></ext:TPX></Extensions></Trackpoint><Trackpoint><Time>2025-11-04T11:25:48.032Z</Time><DistanceMeters>4833.741898993454</DistanceMeters><HeartRateBpm><Value>136</Value></HeartRateBpm><Cadence>22</Cadence><Extensions><ext:TPX><ext:Watts>52.44117647058823</ext:Watts><ext:Torque>20</ext:Torque></ext:TPX></Extensions></Trackpoint><Trackpoint><Time>2025-11-04T11:25:49.437Z</Time><DistanceMeters>4838.88953802204</DistanceMeters><HeartRateBpm><Value>135</Value></HeartRateBpm><Cadence>22</Cadence><Extensions><ext:TPX><ext:Watts>54.285714285714285</ext:Watts><ext:Torque>20</ext:Torque></ext:TPX></Extensions></Trackpoint><Trackpoint><Time>2025-11-04T11:25:50.837Z</Time><DistanceMeters>4844.075107022416</DistanceMeters><HeartRateBpm><Value>135</Value></HeartRateBpm><Cadence>22</Cadence><Extensions><ext:TPX><ext:Watts>54.68571428571428</ext:Watts><ext:Torque>20</ext:Torque></ext:TPX></Extensions></Trackpoint><Trackpoint><Time>2025-11-04T11:25:52.277Z</Time><DistanceMeters>4849.155766537327</DistanceMeters><HeartRateBpm><Value>135</Value></HeartRateBpm><Cadence>21</Cadence><Extensions><ext:TPX><ext:Watts>52.333333333333336</ext:Watts><ext:Torque>20</ext:Torque></ext:TPX></Extensions></Trackpoint><Trackpoint><Time>2025-11-04T11:25:53.640Z</Time><DistanceMeters>4854.249880913686</DistanceMeters><HeartRateBpm><Value>135</Value></HeartRateBpm><Cadence>22</Cadence><Extensions><ext:TPX><ext:Watts>54.970588235294116</ext:Watts><ext:Torque>20</ext:Torque></ext:TPX></Extensions></Trackpoint><Trackpoint><Time>2025-11-04T11:25:55.042Z</Time><DistanceMeters>4859.427322062964</DistanceMeters><HeartRateBpm><Value>134</Value></HeartRateBpm><Cadence>22</Cadence><Extensions><ext:TPX><ext:Watts>54.6</ext:Watts><ext:Torque>20</ext:Torque></ext:TPX></Extensions></Trackpoint><Trackpoint><Time>2025-11-04T11:25:56.442Z</Time><DistanceMeters>4864.547868254557</DistanceMeters><HeartRateBpm><Value>134</Value></HeartRateBpm><Cadence>22</Cadence><Extensions><ext:TPX><ext:Watts>54.0</ext:Watts><ext:Torque>20</ext:Torque></ext:TPX></Extensions></Trackpoint><Trackpoint><Time>2025-11-04T11:25:57.842Z</Time><DistanceMeters>4869.70905370164</DistanceMeters><HeartRateBpm><Value>134</Value></HeartRateBpm><Cadence>22</Cadence><Extensions><ext:TPX><ext:Watts>54.42857142857143</ext:Watts><ext:Torque>20</ext:Torque></ext:TPX></Extensions></Trackpoint><Trackpoint><Time>2025-11-04T11:25:59.203Z</Time><DistanceMeters>4874.884935563977</DistanceMeters><HeartRateBpm><Value>135</Value></HeartRateBpm><Cadence>22</Cadence><Extensions><ext:TPX><ext:Watts>55.85294117647059</ext:Watts><ext:Torque>20</ext:Torque></ext:TPX></Extensions></Trackpoint><Trackpoint><Time>2025-11-04T11:26:00.602Z</Time><DistanceMeters>4879.918784677195</DistanceMeters><HeartRateBpm><Value>135</Value></HeartRateBpm><Cadence>22</Cadence><Extensions><ext:TPX><ext:Watts>53.08571428571429</ext:Watts><ext:Torque>20</ext:Torque></ext:TPX></Extensions></Trackpoint><Trackpoint><Time>2025-11-04T11:26:02.008Z</Time><DistanceMeters>4884.982435911104</DistanceMeters><HeartRateBpm><Value>135</Value></HeartRateBpm><Cadence>22</Cadence><Extensions><ext:TPX><ext:Watts>53.4</ext:Watts><ext:Torque>20</ext:Torque></ext:TPX></Extensions></Trackpoint><Trackpoint><Time>2025-11-04T11:26:03.447Z</Time><DistanceMeters>4890.07927587033</DistanceMeters><HeartRateBpm><Value>135</Value></HeartRateBpm><Cadence>21</Cadence><Extensions><ext:TPX><ext:Watts>52.5</ext:Watts><ext:Torque>20</ext:Torque></ext:TPX></Extensions></Trackpoint><Trackpoint><Time>2025-11-04T11:26:04.887Z</Time><DistanceMeters>4894.882171091166</DistanceMeters><HeartRateBpm><Value>135</Value></HeartRateBpm><Cadence>21</Cadence><Extensions><ext:TPX><ext:Watts>49.47222222222222</ext:Watts><ext:Torque>20</ext:Torque></ext:TPX></Extensions></Trackpoint><Trackpoint><Time>2025-11-04T11:26:06.287Z</Time><DistanceMeters>4899.883508799992</DistanceMeters><HeartRateBpm><Value>135</Value></HeartRateBpm><Cadence>22</Cadence><Extensions><ext:TPX><ext:Watts>52.74285714285714</ext:Watts><ext:Torque>20</ext:Torque></ext:TPX></Extensions></Trackpoint><Trackpoint><Time>2025-11-04T11:26:07.687Z</Time><DistanceMeters>4904.838788685932</DistanceMeters><HeartRateBpm><Value>135</Value></HeartRateBpm><Cadence>22</Cadence><Extensions><ext:TPX><ext:Watts>52.25714285714286</ext:Watts><ext:Torque>20</ext:Torque></ext:TPX></Extensions></Trackpoint><Trackpoint><Time>2025-11-04T11:26:09.087Z</Time><DistanceMeters>4909.940369891631</DistanceMeters><HeartRateBpm><Value>135</Value></HeartRateBpm><Cadence>22</Cadence><Extensions><ext:TPX><ext:Watts>53.8</ext:Watts><ext:Torque>20</ext:Torque></ext:TPX></Extensions></Trackpoint><Trackpoint><Time>2025-11-04T11:26:10.527Z</Time><DistanceMeters>4914.991365258631</DistanceMeters><HeartRateBpm><Value>135</Value></HeartRateBpm><Cadence>21</Cadence><Extensions><ext:TPX><ext:Watts>52.02777777777778</ext:Watts><ext:Torque>20</ext:Torque></ext:TPX></Extensions></Trackpoint><Trackpoint><Time>2025-11-04T11:26:11.932Z</Time><DistanceMeters>4920.008958669653</DistanceMeters><HeartRateBpm><Value>135</Value></HeartRateBpm><Cadence>22</Cadence><Extensions><ext:TPX><ext:Watts>52.91428571428571</ext:Watts><ext:Torque>20</ext:Torque></ext:TPX></Extensions></Trackpoint><Trackpoint><Time>2025-11-04T11:26:13.333Z</Time><DistanceMeters>4925.050935633968</DistanceMeters><HeartRateBpm><Value>135</Value></HeartRateBpm><Cadence>22</Cadence><Extensions><ext:TPX><ext:Watts>53.17142857142857</ext:Watts><ext:Torque>20</ext:Torque></ext:TPX></Extensions></Trackpoint><Trackpoint><Time>2025-11-04T11:26:14.773Z</Time><DistanceMeters>4930.010241816516</DistanceMeters><HeartRateBpm><Value>135</Value></HeartRateBpm><Cadence>21</Cadence><Extensions><ext:TPX><ext:Watts>51.083333333333336</ext:Watts><ext:Torque>20</ext:Torque></ext:TPX></Extensions></Trackpoint><Trackpoint><Time>2025-11-04T11:26:16.173Z</Time><DistanceMeters>4935.065765199328</DistanceMeters><HeartRateBpm><Value>134</Value></HeartRateBpm><Cadence>22</Cadence><Extensions><ext:TPX><ext:Watts>53.31428571428572</ext:Watts><ext:Torque>20</ext:Torque></ext:TPX></Extensions></Trackpoint><Trackpoint><Time>2025-11-04T11:26:17.613Z</Time><DistanceMeters>4940.230023676532</DistanceMeters><HeartRateBpm><Value>134</Value></HeartRateBpm><Cadence>21</Cadence><Extensions><ext:TPX><ext:Watts>53.19444444444444</ext:Watts><ext:Torque>20</ext:Torque></ext:TPX></Extensions></Trackpoint><Trackpoint><Time>2025-11-04T11:26:19.013Z</Time><DistanceMeters>4945.179884995073</DistanceMeters><HeartRateBpm><Value>134</Value></HeartRateBpm><Cadence>22</Cadence><Extensions><ext:TPX><ext:Watts>52.2</ext:Watts><ext:Torque>20</ext:Torque></ext:TPX></Extensions></Trackpoint><Trackpoint><Time>2025-11-04T11:26:20.412Z</Time><DistanceMeters>4950.303140470366</DistanceMeters><HeartRateBpm><Value>134</Value></HeartRateBpm><Cadence>22</Cadence><Extensions><ext:TPX><ext:Watts>54.02857142857143</ext:Watts><ext:Torque>20</ext:Torque></ext:TPX></Extensions></Trackpoint><Trackpoint><Time>2025-11-04T11:26:21.853Z</Time><DistanceMeters>4955.1869379127775</DistanceMeters><HeartRateBpm><Value>134</Value></HeartRateBpm><Cadence>21</Cadence><Extensions><ext:TPX><ext:Watts>50.30555555555556</ext:Watts><ext:Torque>20</ext:Torque></ext:TPX></Extensions></Trackpoint><Trackpoint><Time>2025-11-04T11:26:23.293Z</Time><DistanceMeters>4959.965562467141</DistanceMeters><HeartRateBpm><Value>134</Value></HeartRateBpm><Cadence>21</Cadence><Extensions><ext:TPX><ext:Watts>49.22222222222222</ext:Watts><ext:Torque>20</ext:Torque></ext:TPX></Extensions></Trackpoint><Trackpoint><Time>2025-11-04T11:26:24.733Z</Time><DistanceMeters>4964.927565390409</DistanceMeters><HeartRateBpm><Value>134</Value></HeartRateBpm><Cadence>21</Cadence><Extensions><ext:TPX><ext:Watts>51.111111111111114</ext:Watts><ext:Torque>20</ext:Torque></ext:TPX></Extensions></Trackpoint><Trackpoint><Time>2025-11-04T11:26:26.178Z</Time><DistanceMeters>4969.851813943607</DistanceMeters><HeartRateBpm><Value>134</Value></HeartRateBpm><Cadence>21</Cadence><Extensions><ext:TPX><ext:Watts>50.72222222222222</ext:Watts><ext:Torque>20</ext:Torque></ext:TPX></Extensions></Trackpoint><Trackpoint><Time>2025-11-04T11:26:27.578Z</Time><DistanceMeters>4974.736652453365</DistanceMeters><HeartRateBpm><Value>134</Value></HeartRateBpm><Cadence>22</Cadence><Extensions><ext:TPX><ext:Watts>51.51428571428571</ext:Watts><ext:Torque>20</ext:Torque></ext:TPX></Extensions></Trackpoint><Trackpoint><Time>2025-11-04T11:26:29.018Z</Time><DistanceMeters>4979.628540117934</DistanceMeters><HeartRateBpm><Value>134</Value></HeartRateBpm><Cadence>21</Cadence><Extensions><ext:TPX><ext:Watts>50.388888888888886</ext:Watts><ext:Torque>20</ext:Torque></ext:TPX></Extensions></Trackpoint><Trackpoint><Time>2025-11-04T11:26:30.418Z</Time><DistanceMeters>4984.757214160625</DistanceMeters><HeartRateBpm><Value>134</Value></HeartRateBpm><Cadence>22</Cadence><Extensions><ext:TPX><ext:Watts>54.08571428571429</ext:Watts><ext:Torque>20</ext:Torque></ext:TPX></Extensions></Trackpoint><Trackpoint><Time>2025-11-04T11:26:31.858Z</Time><DistanceMeters>4989.6410116030365</DistanceMeters><HeartRateBpm><Value>134</Value></HeartRateBpm><Cadence>21</Cadence><Extensions><ext:TPX><ext:Watts>50.30555555555556</ext:Watts><ext:Torque>20</ext:Torque></ext:TPX></Extensions></Trackpoint><Trackpoint><Time>2025-11-04T11:26:33.298Z</Time><DistanceMeters>4994.656949340687</DistanceMeters><HeartRateBpm><Value>134</Value></HeartRateBpm><Cadence>21</Cadence><Extensions><ext:TPX><ext:Watts>51.666666666666664</ext:Watts><ext:Torque>20</ext:Torque></ext:TPX></Extensions></Trackpoint><Trackpoint><Time>2025-11-04T11:26:34.738Z</Time><DistanceMeters>4999.521869598064</DistanceMeters><HeartRateBpm><Value>133</Value></HeartRateBpm><Cadence>21</Cadence><Extensions><ext:TPX><ext:Watts>50.111111111111114</ext:Watts><ext:Torque>20</ext:Torque></ext:TPX></Extensions></Trackpoint><Trackpoint><Time>2025-11-04T11:26:36.183Z</Time><DistanceMeters>5004.435331188386</DistanceMeters><HeartRateBpm><Value>133</Value></HeartRateBpm><Cadence>21</Cadence><Extensions><ext:TPX><ext:Watts>50.611111111111114</ext:Watts><ext:Torque>20</ext:Torque></ext:TPX></Extensions></Trackpoint><Trackpoint><Time>2025-11-04T11:26:37.583Z</Time><DistanceMeters>5009.222635484972</DistanceMeters><HeartRateBpm><Value>133</Value></HeartRateBpm><Cadence>22</Cadence><Extensions><ext:TPX><ext:Watts>50.48571428571429</ext:Watts><ext:Torque>20</ext:Torque></ext:TPX></Extensions></Trackpoint><Trackpoint><Time>2025-11-04T11:26:39.023Z</Time><DistanceMeters>5014.084859001629</DistanceMeters><HeartRateBpm><Value>133</Value></HeartRateBpm><Cadence>21</Cadence><Extensions><ext:TPX><ext:Watts>50.083333333333336</ext:Watts><ext:Torque>20</ext:Torque></ext:TPX></Extensions></Trackpoint><Trackpoint><Time>2025-11-04T11:26:40.423Z</Time><DistanceMeters>5018.866744730816</DistanceMeters><HeartRateBpm><Value>133</Value></HeartRateBpm><Cadence>22</Cadence><Extensions><ext:TPX><ext:Watts>50.42857142857143</ext:Watts><ext:Torque>20</ext:Torque></ext:TPX></Extensions></Trackpoint><Trackpoint><Time>2025-11-04T11:26:41.863Z</Time><DistanceMeters>5023.8665020241515</DistanceMeters><HeartRateBpm><Value>132</Value></HeartRateBpm><Cadence>21</Cadence><Extensions><ext:TPX><ext:Watts>51.5</ext:Watts><ext:Torque>20</ext:Torque></ext:TPX></Extensions></Trackpoint><Trackpoint><Time>2025-11-04T11:26:43.263Z</Time><DistanceMeters>5028.800107640496</DistanceMeters><HeartRateBpm><Value>132</Value></HeartRateBpm><Cadence>22</Cadence><Extensions><ext:TPX><ext:Watts>52.02857142857143</ext:Watts><ext:Torque>20</ext:Torque></ext:TPX></Extensions></Trackpoint><Trackpoint><Time>2025-11-04T11:26:44.708Z</Time><DistanceMeters>5033.584125676298</DistanceMeters><HeartRateBpm><Value>132</Value></HeartRateBpm><Cadence>21</Cadence><Extensions><ext:TPX><ext:Watts>49.27777777777778</ext:Watts><ext:Torque>20</ext:Torque></ext:TPX></Extensions></Trackpoint><Trackpoint><Time>2025-11-04T11:26:46.108Z</Time><DistanceMeters>5038.292860745605</DistanceMeters><HeartRateBpm><Value>132</Value></HeartRateBpm><Cadence>22</Cadence><Extensions><ext:TPX><ext:Watts>49.65714285714286</ext:Watts><ext:Torque>20</ext:Torque></ext:TPX></Extensions></Trackpoint><Trackpoint><Time>2025-11-04T11:26:47.508Z</Time><DistanceMeters>5043.26439633374</DistanceMeters><HeartRateBpm><Value>132</Value></HeartRateBpm><Cadence>22</Cadence><Extensions><ext:TPX><ext:Watts>52.42857142857143</ext:Watts><ext:Torque>20</ext:Torque></ext:TPX></Extensions></Trackpoint><Trackpoint><Time>2025-11-04T11:26:48.948Z</Time><DistanceMeters>5048.237186219883</DistanceMeters><HeartRateBpm><Value>131</Value></HeartRateBpm><Cadence>21</Cadence><Extensions><ext:TPX><ext:Watts>51.22222222222222</ext:Watts><ext:Torque>20</ext:Torque></ext:TPX></Extensions></Trackpoint><Trackpoint><Time>2025-11-04T11:26:50.348Z</Time><DistanceMeters>5053.1111875948445</DistanceMeters><HeartRateBpm><Value>131</Value></HeartRateBpm><Cadence>22</Cadence><Extensions><ext:TPX><ext:Watts>51.4</ext:Watts><ext:Torque>20</ext:Torque></ext:TPX></Extensions></Trackpoint><Trackpoint><Time>2025-11-04T11:26:51.753Z</Time><DistanceMeters>5058.052921062287</DistanceMeters><HeartRateBpm><Value>131</Value></HeartRateBpm><Cadence>22</Cadence><Extensions><ext:TPX><ext:Watts>52.114285714285714</ext:Watts><ext:Torque>20</ext:Torque></ext:TPX></Extensions></Trackpoint><Trackpoint><Time>2025-11-04T11:26:53.153Z</Time><DistanceMeters>5062.875446046963</DistanceMeters><HeartRateBpm><Value>131</Value></HeartRateBpm><Cadence>22</Cadence><Extensions><ext:TPX><ext:Watts>50.857142857142854</ext:Watts><ext:Torque>20</ext:Torque></ext:TPX></Extensions></Trackpoint><Trackpoint><Time>2025-11-04T11:26:54.553Z</Time><DistanceMeters>5067.865946620992</DistanceMeters><HeartRateBpm><Value>131</Value></HeartRateBpm><Cadence>22</Cadence><Extensions><ext:TPX><ext:Watts>52.628571428571426</ext:Watts><ext:Torque>20</ext:Torque></ext:TPX></Extensions></Trackpoint><Trackpoint><Time>2025-11-04T11:26:55.953Z</Time><DistanceMeters>5072.821226506931</DistanceMeters><HeartRateBpm><Value>131</Value></HeartRateBpm><Cadence>22</Cadence><Extensions><ext:TPX><ext:Watts>52.25714285714286</ext:Watts><ext:Torque>20</ext:Torque></ext:TPX></Extensions></Trackpoint><Trackpoint><Time>2025-11-04T11:26:57.353Z</Time><DistanceMeters>5077.611240087216</DistanceMeters><HeartRateBpm><Value>131</Value></HeartRateBpm><Cadence>22</Cadence><Extensions><ext:TPX><ext:Watts>50.51428571428571</ext:Watts><ext:Torque>20</ext:Torque></ext:TPX></Extensions></Trackpoint><Trackpoint><Time>2025-11-04T11:26:58.758Z</Time><DistanceMeters>5082.3118473054255</DistanceMeters><HeartRateBpm><Value>131</Value></HeartRateBpm><Cadence>22</Cadence><Extensions><ext:TPX><ext:Watts>49.57142857142857</ext:Watts><ext:Torque>20</ext:Torque></ext:TPX></Extensions></Trackpoint><Trackpoint><Time>2025-11-04T11:27:00.198Z</Time><DistanceMeters>5086.993389193899</DistanceMeters><HeartRateBpm><Value>132</Value></HeartRateBpm><Cadence>21</Cadence><Extensions><ext:TPX><ext:Watts>48.22222222222222</ext:Watts><ext:Torque>20</ext:Torque></ext:TPX></Extensions></Trackpoint><Trackpoint><Time>2025-11-04T11:27:01.598Z</Time><DistanceMeters>5091.756309937191</DistanceMeters><HeartRateBpm><Value>132</Value></HeartRateBpm><Cadence>22</Cadence><Extensions><ext:TPX><ext:Watts>50.22857142857143</ext:Watts><ext:Torque>20</ext:Torque></ext:TPX></Extensions></Trackpoint><Trackpoint><Time>2025-11-04T11:27:02.998Z</Time><DistanceMeters>5096.7007526883335</DistanceMeters><HeartRateBpm><Value>132</Value></HeartRateBpm><Cadence>22</Cadence><Extensions><ext:TPX><ext:Watts>52.142857142857146</ext:Watts><ext:Torque>20</ext:Torque></ext:TPX></Extensions></Trackpoint><Trackpoint><Time>2025-11-04T11:27:04.398Z</Time><DistanceMeters>5101.317372111866</DistanceMeters><HeartRateBpm><Value>131</Value></HeartRateBpm><Cadence>22</Cadence><Extensions><ext:TPX><ext:Watts>48.68571428571428</ext:Watts><ext:Torque>20</ext:Torque></ext:TPX></Extensions></Trackpoint><Trackpoint><Time>2025-11-04T11:27:05.758Z</Time><DistanceMeters>5106.324267836516</DistanceMeters><HeartRateBpm><Value>131</Value></HeartRateBpm><Cadence>22</Cadence><Extensions><ext:TPX><ext:Watts>54.029411764705884</ext:Watts><ext:Torque>20</ext:Torque></ext:TPX></Extensions></Trackpoint><Trackpoint><Time>2025-11-04T11:27:07.198Z</Time><DistanceMeters>5111.364476240638</DistanceMeters><HeartRateBpm><Value>131</Value></HeartRateBpm><Cadence>21</Cadence><Extensions><ext:TPX><ext:Watts>51.916666666666664</ext:Watts><ext:Torque>20</ext:Torque></ext:TPX></Extensions></Trackpoint><Trackpoint><Time>2025-11-04T11:27:08.563Z</Time><DistanceMeters>5116.387725462485</DistanceMeters><HeartRateBpm><Value>131</Value></HeartRateBpm><Cadence>22</Cadence><Extensions><ext:TPX><ext:Watts>54.205882352941174</ext:Watts><ext:Torque>20</ext:Torque></ext:TPX></Extensions></Trackpoint><Trackpoint><Time>2025-11-04T11:27:09.963Z</Time><DistanceMeters>5121.383644603913</DistanceMeters><HeartRateBpm><Value>131</Value></HeartRateBpm><Cadence>22</Cadence><Extensions><ext:TPX><ext:Watts>52.68571428571428</ext:Watts><ext:Torque>20</ext:Torque></ext:TPX></Extensions></Trackpoint><Trackpoint><Time>2025-11-04T11:27:11.323Z</Time><DistanceMeters>5126.505014808931</DistanceMeters><HeartRateBpm><Value>130</Value></HeartRateBpm><Cadence>22</Cadence><Extensions><ext:TPX><ext:Watts>55.26470588235294</ext:Watts><ext:Torque>20</ext:Torque></ext:TPX></Extensions></Trackpoint><Trackpoint><Time>2025-11-04T11:27:12.683Z</Time><DistanceMeters>5131.487380287789</DistanceMeters><HeartRateBpm><Value>129</Value></HeartRateBpm><Cadence>22</Cadence><Extensions><ext:TPX><ext:Watts>53.76470588235294</ext:Watts><ext:Torque>20</ext:Torque></ext:TPX></Extensions></Trackpoint><Trackpoint><Time>2025-11-04T11:27:14.083Z</Time><DistanceMeters>5136.513101549909</DistanceMeters><HeartRateBpm><Value>128</Value></HeartRateBpm><Cadence>22</Cadence><Extensions><ext:TPX><ext:Watts>53.0</ext:Watts><ext:Torque>20</ext:Torque></ext:TPX></Extensions></Trackpoint><Trackpoint><Time>2025-11-04T11:27:15.443Z</Time><DistanceMeters>5141.394620462729</DistanceMeters><HeartRateBpm><Value>127</Value></HeartRateBpm><Cadence>22</Cadence><Extensions><ext:TPX><ext:Watts>52.6764705882353</ext:Watts><ext:Torque>20</ext:Torque></ext:TPX></Extensions></Trackpoint><Trackpoint><Time>2025-11-04T11:27:16.808Z</Time><DistanceMeters>5146.409692935978</DistanceMeters><HeartRateBpm><Value>127</Value></HeartRateBpm><Cadence>22</Cadence><Extensions><ext:TPX><ext:Watts>54.11764705882353</ext:Watts><ext:Torque>20</ext:Torque></ext:TPX></Extensions></Trackpoint><Trackpoint><Time>2025-11-04T11:27:18.208Z</Time><DistanceMeters>5151.4489606165935</DistanceMeters><HeartRateBpm><Value>126</Value></HeartRateBpm><Cadence>22</Cadence><Extensions><ext:TPX><ext:Watts>53.142857142857146</ext:Watts><ext:Torque>20</ext:Torque></ext:TPX></Extensions></Trackpoint><Trackpoint><Time>2025-11-04T11:27:19.608Z</Time><DistanceMeters>5156.574925375586</DistanceMeters><HeartRateBpm><Value>126</Value></HeartRateBpm><Cadence>22</Cadence><Extensions><ext:TPX><ext:Watts>54.05714285714286</ext:Watts><ext:Torque>20</ext:Torque></ext:TPX></Extensions></Trackpoint><Trackpoint><Time>2025-11-04T11:27:20.968Z</Time><DistanceMeters>5161.693569997738</DistanceMeters><HeartRateBpm><Value>126</Value></HeartRateBpm><Cadence>22</Cadence><Extensions><ext:TPX><ext:Watts>55.23529411764706</ext:Watts><ext:Torque>20</ext:Torque></ext:TPX></Extensions></Trackpoint><Trackpoint><Time>2025-11-04T11:27:22.368Z</Time><DistanceMeters>5166.900813267708</DistanceMeters><HeartRateBpm><Value>127</Value></HeartRateBpm><Cadence>22</Cadence><Extensions><ext:TPX><ext:Watts>54.91428571428571</ext:Watts><ext:Torque>20</ext:Torque></ext:TPX></Extensions></Trackpoint><Trackpoint><Time>2025-11-04T11:27:23.728Z</Time><DistanceMeters>5172.09304862724</DistanceMeters><HeartRateBpm><Value>127</Value></HeartRateBpm><Cadence>22</Cadence><Extensions><ext:TPX><ext:Watts>56.029411764705884</ext:Watts><ext:Torque>20</ext:Torque></ext:TPX></Extensions></Trackpoint><Trackpoint><Time>2025-11-04T11:27:25.128Z</Time><DistanceMeters>5177.202757684036</DistanceMeters><HeartRateBpm><Value>127</Value></HeartRateBpm><Cadence>22</Cadence><Extensions><ext:TPX><ext:Watts>53.885714285714286</ext:Watts><ext:Torque>20</ext:Torque></ext:TPX></Extensions></Trackpoint><Trackpoint><Time>2025-11-04T11:27:26.493Z</Time><DistanceMeters>5182.414072123629</DistanceMeters><HeartRateBpm><Value>127</Value></HeartRateBpm><Cadence>22</Cadence><Extensions><ext:TPX><ext:Watts>56.23529411764706</ext:Watts><ext:Torque>20</ext:Torque></ext:TPX></Extensions></Trackpoint><Trackpoint><Time>2025-11-04T11:27:27.893Z</Time><DistanceMeters>5187.531909031523</DistanceMeters><HeartRateBpm><Value>127</Value></HeartRateBpm><Cadence>22</Cadence><Extensions><ext:TPX><ext:Watts>53.97142857142857</ext:Watts><ext:Torque>20</ext:Torque></ext:TPX></Extensions></Trackpoint><Trackpoint><Time>2025-11-04T11:27:29.253Z</Time><DistanceMeters>5192.754125802579</DistanceMeters><HeartRateBpm><Value>127</Value></HeartRateBpm><Cadence>22</Cadence><Extensions><ext:TPX><ext:Watts>56.35294117647059</ext:Watts><ext:Torque>20</ext:Torque></ext:TPX></Extensions></Trackpoint><Trackpoint><Time>2025-11-04T11:27:30.693Z</Time><DistanceMeters>5197.708038503689</DistanceMeters><HeartRateBpm><Value>127</Value></HeartRateBpm><Cadence>21</Cadence><Extensions><ext:TPX><ext:Watts>51.02777777777778</ext:Watts><ext:Torque>20</ext:Torque></ext:TPX></Extensions></Trackpoint><Trackpoint><Time>2025-11-04T11:27:32.093Z</Time><DistanceMeters>5202.61996985044</DistanceMeters><HeartRateBpm><Value>127</Value></HeartRateBpm><Cadence>22</Cadence><Extensions><ext:TPX><ext:Watts>51.8</ext:Watts><ext:Torque>20</ext:Torque></ext:TPX></Extensions></Trackpoint><Trackpoint><Time>2025-11-04T11:27:33.493Z</Time><DistanceMeters>5207.8001202834175</DistanceMeters><HeartRateBpm><Value>128</Value></HeartRateBpm><Cadence>22</Cadence><Extensions><ext:TPX><ext:Watts>54.628571428571426</ext:Watts><ext:Torque>20</ext:Torque></ext:TPX></Extensions></Trackpoint><Trackpoint><Time>2025-11-04T11:27:34.933Z</Time><DistanceMeters>5212.702794910862</DistanceMeters><HeartRateBpm><Value>129</Value></HeartRateBpm><Cadence>21</Cadence><Extensions><ext:TPX><ext:Watts>50.5</ext:Watts><ext:Torque>20</ext:Torque></ext:TPX></Extensions></Trackpoint><Trackpoint><Time>2025-11-04T11:27:36.333Z</Time><DistanceMeters>5217.698714052291</DistanceMeters><HeartRateBpm><Value>130</Value></HeartRateBpm><Cadence>22</Cadence><Extensions><ext:TPX><ext:Watts>52.68571428571428</ext:Watts><ext:Torque>20</ext:Torque></ext:TPX></Extensions></Trackpoint><Trackpoint><Time>2025-11-04T11:27:37.773Z</Time><DistanceMeters>5222.488125569531</DistanceMeters><HeartRateBpm><Value>130</Value></HeartRateBpm><Cadence>21</Cadence><Extensions><ext:TPX><ext:Watts>49.333333333333336</ext:Watts><ext:Torque>20</ext:Torque></ext:TPX></Extensions></Trackpoint><Trackpoint><Time>2025-11-04T11:27:39.173Z</Time><DistanceMeters>5227.324196972702</DistanceMeters><HeartRateBpm><Value>131</Value></HeartRateBpm><Cadence>22</Cadence><Extensions><ext:TPX><ext:Watts>51.0</ext:Watts><ext:Torque>20</ext:Torque></ext:TPX></Extensions></Trackpoint><Trackpoint><Time>2025-11-04T11:27:40.613Z</Time><DistanceMeters>5232.175633526484</DistanceMeters><HeartRateBpm><Value>132</Value></HeartRateBpm><Cadence>21</Cadence><Extensions><ext:TPX><ext:Watts>49.97222222222222</ext:Watts><ext:Torque>20</ext:Torque></ext:TPX></Extensions></Trackpoint><Trackpoint><Time>2025-11-04T11:27:42.053Z</Time><DistanceMeters>5237.054037487456</DistanceMeters><HeartRateBpm><Value>132</Value></HeartRateBpm><Cadence>21</Cadence><Extensions><ext:TPX><ext:Watts>50.25</ext:Watts><ext:Torque>20</ext:Torque></ext:TPX></Extensions></Trackpoint><Trackpoint><Time>2025-11-04T11:27:43.453Z</Time><DistanceMeters>5242.028282359291</DistanceMeters><HeartRateBpm><Value>132</Value></HeartRateBpm><Cadence>22</Cadence><Extensions><ext:TPX><ext:Watts>52.457142857142856</ext:Watts><ext:Torque>20</ext:Torque></ext:TPX></Extensions></Trackpoint><Trackpoint><Time>2025-11-04T11:27:44.893Z</Time><DistanceMeters>5246.895899357387</DistanceMeters><HeartRateBpm><Value>132</Value></HeartRateBpm><Cadence>21</Cadence><Extensions><ext:TPX><ext:Watts>50.138888888888886</ext:Watts><ext:Torque>20</ext:Torque></ext:TPX></Extensions></Trackpoint><Trackpoint><Time>2025-11-04T11:27:46.334Z</Time><DistanceMeters>5251.895656650722</DistanceMeters><HeartRateBpm><Value>132</Value></HeartRateBpm><Cadence>21</Cadence><Extensions><ext:TPX><ext:Watts>51.5</ext:Watts><ext:Torque>20</ext:Torque></ext:TPX></Extensions></Trackpoint><Trackpoint><Time>2025-11-04T11:27:47.733Z</Time><DistanceMeters>5256.78049516048</DistanceMeters><HeartRateBpm><Value>132</Value></HeartRateBpm><Cadence>22</Cadence><Extensions><ext:TPX><ext:Watts>51.51428571428571</ext:Watts><ext:Torque>20</ext:Torque></ext:TPX></Extensions></Trackpoint><Trackpoint><Time>2025-11-04T11:27:49.134Z</Time><DistanceMeters>5261.808925706299</DistanceMeters><HeartRateBpm><Value>132</Value></HeartRateBpm><Cadence>22</Cadence><Extensions><ext:TPX><ext:Watts>53.02857142857143</ext:Watts><ext:Torque>20</ext:Torque></ext:TPX></Extensions></Trackpoint><Trackpoint><Time>2025-11-04T11:27:50.574Z</Time><DistanceMeters>5266.6360915936075</DistanceMeters><HeartRateBpm><Value>132</Value></HeartRateBpm><Cadence>21</Cadence><Extensions><ext:TPX><ext:Watts>49.72222222222222</ext:Watts><ext:Torque>20</ext:Torque></ext:TPX></Extensions></Trackpoint><Trackpoint><Time>2025-11-04T11:27:52.014Z</Time><DistanceMeters>5271.536069480334</DistanceMeters><HeartRateBpm><Value>132</Value></HeartRateBpm><Cadence>21</Cadence><Extensions><ext:TPX><ext:Watts>50.47222222222222</ext:Watts><ext:Torque>20</ext:Torque></ext:TPX></Extensions></Trackpoint><Trackpoint><Time>2025-11-04T11:27:53.454Z</Time><DistanceMeters>5276.516949588635</DistanceMeters><HeartRateBpm><Value>132</Value></HeartRateBpm><Cadence>21</Cadence><Extensions><ext:TPX><ext:Watts>51.30555555555556</ext:Watts><ext:Torque>20</ext:Torque></ext:TPX></Extensions></Trackpoint><Trackpoint><Time>2025-11-04T11:27:54.854Z</Time><DistanceMeters>5281.385532396198</DistanceMeters><HeartRateBpm><Value>132</Value></HeartRateBpm><Cadence>22</Cadence><Extensions><ext:TPX><ext:Watts>51.34285714285714</ext:Watts><ext:Torque>20</ext:Torque></ext:TPX></Extensions></Trackpoint><Trackpoint><Time>2025-11-04T11:27:56.294Z</Time><DistanceMeters>5286.3016907272395</DistanceMeters><HeartRateBpm><Value>132</Value></HeartRateBpm><Cadence>21</Cadence><Extensions><ext:TPX><ext:Watts>50.638888888888886</ext:Watts><ext:Torque>20</ext:Torque></ext:TPX></Extensions></Trackpoint><Trackpoint><Time>2025-11-04T11:27:57.694Z</Time><DistanceMeters>5291.232587059885</DistanceMeters><HeartRateBpm><Value>132</Value></HeartRateBpm><Cadence>22</Cadence><Extensions><ext:TPX><ext:Watts>52.0</ext:Watts><ext:Torque>20</ext:Torque></ext:TPX></Extensions></Trackpoint><Trackpoint><Time>2025-11-04T11:27:59.173Z</Time><DistanceMeters>5296.226616667923</DistanceMeters><HeartRateBpm><Value>132</Value></HeartRateBpm><Cadence>20</Cadence><Extensions><ext:TPX><ext:Watts>50.21621621621622</ext:Watts><ext:Torque>20</ext:Torque></ext:TPX></Extensions></Trackpoint><Trackpoint><Time>2025-11-04T11:28:00.573Z</Time><DistanceMeters>5301.217117241952</DistanceMeters><HeartRateBpm><Value>132</Value></HeartRateBpm><Cadence>22</Cadence><Extensions><ext:TPX><ext:Watts>52.628571428571426</ext:Watts><ext:Torque>20</ext:Torque></ext:TPX></Extensions></Trackpoint><Trackpoint><Time>2025-11-04T11:28:01.979Z</Time><DistanceMeters>5306.017967957034</DistanceMeters><HeartRateBpm><Value>132</Value></HeartRateBpm><Cadence>22</Cadence><Extensions><ext:TPX><ext:Watts>50.628571428571426</ext:Watts><ext:Torque>20</ext:Torque></ext:TPX></Extensions></Trackpoint><Trackpoint><Time>2025-11-04T11:28:03.379Z</Time><DistanceMeters>5310.975957126672</DistanceMeters><HeartRateBpm><Value>132</Value></HeartRateBpm><Cadence>22</Cadence><Extensions><ext:TPX><ext:Watts>52.285714285714285</ext:Watts><ext:Torque>20</ext:Torque></ext:TPX></Extensions></Trackpoint><Trackpoint><Time>2025-11-04T11:28:04.779Z</Time><DistanceMeters>5315.9610391333035</DistanceMeters><HeartRateBpm><Value>132</Value></HeartRateBpm><Cadence>22</Cadence><Extensions><ext:TPX><ext:Watts>52.57142857142857</ext:Watts><ext:Torque>20</ext:Torque></ext:TPX></Extensions></Trackpoint><Trackpoint><Time>2025-11-04T11:28:06.184Z</Time><DistanceMeters>5321.081585324897</DistanceMeters><HeartRateBpm><Value>132</Value></HeartRateBpm><Cadence>22</Cadence><Extensions><ext:TPX><ext:Watts>54.0</ext:Watts><ext:Torque>20</ext:Torque></ext:TPX></Extensions></Trackpoint><Trackpoint><Time>2025-11-04T11:28:07.624Z</Time><DistanceMeters>5326.1541546176495</DistanceMeters><HeartRateBpm><Value>132</Value></HeartRateBpm><Cadence>21</Cadence><Extensions><ext:TPX><ext:Watts>52.25</ext:Watts><ext:Torque>20</ext:Torque></ext:TPX></Extensions></Trackpoint><Trackpoint><Time>2025-11-04T11:28:09.024Z</Time><DistanceMeters>5331.025446708912</DistanceMeters><HeartRateBpm><Value>132</Value></HeartRateBpm><Cadence>22</Cadence><Extensions><ext:TPX><ext:Watts>51.371428571428574</ext:Watts><ext:Torque>20</ext:Torque></ext:TPX></Extensions></Trackpoint><Trackpoint><Time>2025-11-04T11:28:10.464Z</Time><DistanceMeters>5336.044081187281</DistanceMeters><HeartRateBpm><Value>132</Value></HeartRateBpm><Cadence>21</Cadence><Extensions><ext:TPX><ext:Watts>51.69444444444444</ext:Watts><ext:Torque>20</ext:Torque></ext:TPX></Extensions></Trackpoint><Trackpoint><Time>2025-11-04T11:28:11.904Z</Time><DistanceMeters>5340.973723221919</DistanceMeters><HeartRateBpm><Value>132</Value></HeartRateBpm><Cadence>21</Cadence><Extensions><ext:TPX><ext:Watts>50.77777777777778</ext:Watts><ext:Torque>20</ext:Torque></ext:TPX></Extensions></Trackpoint><Trackpoint><Time>2025-11-04T11:28:13.304Z</Time><DistanceMeters>5345.861271015377</DistanceMeters><HeartRateBpm><Value>132</Value></HeartRateBpm><Cadence>22</Cadence><Extensions><ext:TPX><ext:Watts>51.542857142857144</ext:Watts><ext:Torque>20</ext:Torque></ext:TPX></Extensions></Trackpoint><Trackpoint><Time>2025-11-04T11:28:14.744Z</Time><DistanceMeters>5350.839454382958</DistanceMeters><HeartRateBpm><Value>132</Value></HeartRateBpm><Cadence>21</Cadence><Extensions><ext:TPX><ext:Watts>51.27777777777778</ext:Watts><ext:Torque>20</ext:Torque></ext:TPX></Extensions></Trackpoint><Trackpoint><Time>2025-11-04T11:28:16.144Z</Time><DistanceMeters>5355.770350715604</DistanceMeters><HeartRateBpm><Value>132</Value></HeartRateBpm><Cadence>22</Cadence><Extensions><ext:TPX><ext:Watts>52.0</ext:Watts><ext:Torque>20</ext:Torque></ext:TPX></Extensions></Trackpoint><Trackpoint><Time>2025-11-04T11:28:17.584Z</Time><DistanceMeters>5361.037085340136</DistanceMeters><HeartRateBpm><Value>132</Value></HeartRateBpm><Cadence>21</Cadence><Extensions><ext:TPX><ext:Watts>54.25</ext:Watts><ext:Torque>20</ext:Torque></ext:TPX></Extensions></Trackpoint><Trackpoint><Time>2025-11-04T11:28:19.024Z</Time><DistanceMeters>5366.20404055806</DistanceMeters><HeartRateBpm><Value>132</Value></HeartRateBpm><Cadence>21</Cadence><Extensions><ext:TPX><ext:Watts>53.22222222222222</ext:Watts><ext:Torque>20</ext:Torque></ext:TPX></Extensions></Trackpoint><Trackpoint><Time>2025-11-04T11:28:20.464Z</Time><DistanceMeters>5371.344028368792</DistanceMeters><HeartRateBpm><Value>132</Value></HeartRateBpm><Cadence>21</Cadence><Extensions><ext:TPX><ext:Watts>52.94444444444444</ext:Watts><ext:Torque>20</ext:Torque></ext:TPX></Extensions></Trackpoint><Trackpoint><Time>2025-11-04T11:28:21.864Z</Time><DistanceMeters>5376.589201610552</DistanceMeters><HeartRateBpm><Value>132</Value></HeartRateBpm><Cadence>22</Cadence><Extensions><ext:TPX><ext:Watts>55.31428571428572</ext:Watts><ext:Torque>20</ext:Torque></ext:TPX></Extensions></Trackpoint><Trackpoint><Time>2025-11-04T11:28:23.304Z</Time><DistanceMeters>5381.917961271625</DistanceMeters><HeartRateBpm><Value>132</Value></HeartRateBpm><Cadence>21</Cadence><Extensions><ext:TPX><ext:Watts>54.888888888888886</ext:Watts><ext:Torque>20</ext:Torque></ext:TPX></Extensions></Trackpoint><Trackpoint><Time>2025-11-04T11:28:24.749Z</Time><DistanceMeters>5387.389648190815</DistanceMeters><HeartRateBpm><Value>132</Value></HeartRateBpm><Cadence>21</Cadence><Extensions><ext:TPX><ext:Watts>56.361111111111114</ext:Watts><ext:Torque>20</ext:Torque></ext:TPX></Extensions></Trackpoint><Trackpoint><Time>2025-11-04T11:28:26.150Z</Time><DistanceMeters>5392.935551923192</DistanceMeters><HeartRateBpm><Value>132</Value></HeartRateBpm><Cadence>22</Cadence><Extensions><ext:TPX><ext:Watts>58.48571428571429</ext:Watts><ext:Torque>20</ext:Torque></ext:TPX></Extensions></Trackpoint><Trackpoint><Time>2025-11-04T11:28:27.549Z</Time><DistanceMeters>5398.337863619508</DistanceMeters><HeartRateBpm><Value>131</Value></HeartRateBpm><Cadence>22</Cadence><Extensions><ext:TPX><ext:Watts>56.97142857142857</ext:Watts><ext:Torque>20</ext:Torque></ext:TPX></Extensions></Trackpoint><Trackpoint><Time>2025-11-04T11:28:28.954Z</Time><DistanceMeters>5403.742884599524</DistanceMeters><HeartRateBpm><Value>131</Value></HeartRateBpm><Cadence>22</Cadence><Extensions><ext:TPX><ext:Watts>57.0</ext:Watts><ext:Torque>20</ext:Torque></ext:TPX></Extensions></Trackpoint><Trackpoint><Time>2025-11-04T11:28:30.394Z</Time><DistanceMeters>5408.969168113269</DistanceMeters><HeartRateBpm><Value>132</Value></HeartRateBpm><Cadence>21</Cadence><Extensions><ext:TPX><ext:Watts>53.833333333333336</ext:Watts><ext:Torque>20</ext:Torque></ext:TPX></Extensions></Trackpoint><Trackpoint><Time>2025-11-04T11:28:31.754Z</Time><DistanceMeters>5414.461217588049</DistanceMeters><HeartRateBpm><Value>132</Value></HeartRateBpm><Cadence>22</Cadence><Extensions><ext:TPX><ext:Watts>59.26470588235294</ext:Watts><ext:Torque>20</ext:Torque></ext:TPX></Extensions></Trackpoint><Trackpoint><Time>2025-11-04T11:28:33.119Z</Time><DistanceMeters>5419.8224390852665</DistanceMeters><HeartRateBpm><Value>132</Value></HeartRateBpm><Cadence>22</Cadence><Extensions><ext:TPX><ext:Watts>57.85294117647059</ext:Watts><ext:Torque>20</ext:Torque></ext:TPX></Extensions></Trackpoint><Trackpoint><Time>2025-11-04T11:28:34.439Z</Time><DistanceMeters>5425.242593740895</DistanceMeters><HeartRateBpm><Value>132</Value></HeartRateBpm><Cadence>22</Cadence><Extensions><ext:TPX><ext:Watts>59.81818181818182</ext:Watts><ext:Torque>20</ext:Torque></ext:TPX></Extensions></Trackpoint><Trackpoint><Time>2025-11-04T11:28:35.839Z</Time><DistanceMeters>5430.707218962295</DistanceMeters><HeartRateBpm><Value>132</Value></HeartRateBpm><Cadence>22</Cadence><Extensions><ext:TPX><ext:Watts>57.628571428571426</ext:Watts><ext:Torque>20</ext:Torque></ext:TPX></Extensions></Trackpoint><Trackpoint><Time>2025-11-04T11:28:37.204Z</Time><DistanceMeters>5436.221073100002</DistanceMeters><HeartRateBpm><Value>132</Value></HeartRateBpm><Cadence>22</Cadence><Extensions><ext:TPX><ext:Watts>59.5</ext:Watts><ext:Torque>20</ext:Torque></ext:TPX></Extensions></Trackpoint><Trackpoint><Time>2025-11-04T11:28:38.524Z</Time><DistanceMeters>5441.770279056956</DistanceMeters><HeartRateBpm><Value>132</Value></HeartRateBpm><Cadence>22</Cadence><Extensions><ext:TPX><ext:Watts>61.24242424242424</ext:Watts><ext:Torque>20</ext:Torque></ext:TPX></Extensions></Trackpoint><Trackpoint><Time>2025-11-04T11:28:39.924Z</Time><DistanceMeters>5447.335147775228</DistanceMeters><HeartRateBpm><Value>132</Value></HeartRateBpm><Cadence>22</Cadence><Extensions><ext:TPX><ext:Watts>58.68571428571428</ext:Watts><ext:Torque>20</ext:Torque></ext:TPX></Extensions></Trackpoint><Trackpoint><Time>2025-11-04T11:28:41.284Z</Time><DistanceMeters>5452.887160073057</DistanceMeters><HeartRateBpm><Value>133</Value></HeartRateBpm><Cadence>22</Cadence><Extensions><ext:TPX><ext:Watts>59.911764705882355</ext:Watts><ext:Torque>20</ext:Torque></ext:TPX></Extensions></Trackpoint><Trackpoint><Time>2025-11-04T11:28:42.644Z</Time><DistanceMeters>5458.441897953753</DistanceMeters><HeartRateBpm><Value>134</Value></HeartRateBpm><Cadence>22</Cadence><Extensions><ext:TPX><ext:Watts>59.94117647058823</ext:Watts><ext:Torque>20</ext:Torque></ext:TPX></Extensions></Trackpoint><Trackpoint><Time>2025-11-04T11:28:44.004Z</Time><DistanceMeters>5464.048421908901</DistanceMeters><HeartRateBpm><Value>134</Value></HeartRateBpm><Cadence>22</Cadence><Extensions><ext:TPX><ext:Watts>60.5</ext:Watts><ext:Torque>20</ext:Torque></ext:TPX></Extensions></Trackpoint><Trackpoint><Time>2025-11-04T11:28:45.409Z</Time><DistanceMeters>5469.5807792227815</DistanceMeters><HeartRateBpm><Value>135</Value></HeartRateBpm><Cadence>22</Cadence><Extensions><ext:TPX><ext:Watts>58.34285714285714</ext:Watts><ext:Torque>20</ext:Torque></ext:TPX></Extensions></Trackpoint><Trackpoint><Time>2025-11-04T11:28:46.769Z</Time><DistanceMeters>5475.1573217664045</DistanceMeters><HeartRateBpm><Value>135</Value></HeartRateBpm><Cadence>22</Cadence><Extensions><ext:TPX><ext:Watts>60.1764705882353</ext:Watts><ext:Torque>20</ext:Torque></ext:TPX></Extensions></Trackpoint><Trackpoint><Time>2025-11-04T11:28:48.089Z</Time><DistanceMeters>5480.972867643112</DistanceMeters><HeartRateBpm><Value>135</Value></HeartRateBpm><Cadence>22</Cadence><Extensions><ext:TPX><ext:Watts>64.18181818181819</ext:Watts><ext:Torque>20</ext:Torque></ext:TPX></Extensions></Trackpoint><Trackpoint><Time>2025-11-04T11:28:49.459Z</Time><DistanceMeters>5486.682963747164</DistanceMeters><HeartRateBpm><Value>136</Value></HeartRateBpm><Cadence>22</Cadence><Extensions><ext:TPX><ext:Watts>61.61764705882353</ext:Watts><ext:Torque>20</ext:Torque></ext:TPX></Extensions></Trackpoint><Trackpoint><Time>2025-11-04T11:28:50.819Z</Time><DistanceMeters>5492.564771571767</DistanceMeters><HeartRateBpm><Value>136</Value></HeartRateBpm><Cadence>22</Cadence><Extensions><ext:TPX><ext:Watts>63.470588235294116</ext:Watts><ext:Torque>20</ext:Torque></ext:TPX></Extensions></Trackpoint><Trackpoint><Time>2025-11-04T11:28:52.219Z</Time><DistanceMeters>5498.23259307061</DistanceMeters><HeartRateBpm><Value>136</Value></HeartRateBpm><Cadence>22</Cadence><Extensions><ext:TPX><ext:Watts>59.77142857142857</ext:Watts><ext:Torque>20</ext:Torque></ext:TPX></Extensions></Trackpoint><Trackpoint><Time>2025-11-04T11:28:53.584Z</Time><DistanceMeters>5504.10349856375</DistanceMeters><HeartRateBpm><Value>136</Value></HeartRateBpm><Cadence>22</Cadence><Extensions><ext:TPX><ext:Watts>63.35294117647059</ext:Watts><ext:Torque>20</ext:Torque></ext:TPX></Extensions></Trackpoint><Trackpoint><Time>2025-11-04T11:28:54.989Z</Time><DistanceMeters>5509.871563559465</DistanceMeters><HeartRateBpm><Value>136</Value></HeartRateBpm><Cadence>22</Cadence><Extensions><ext:TPX><ext:Watts>60.82857142857143</ext:Watts><ext:Torque>20</ext:Torque></ext:TPX></Extensions></Trackpoint><Trackpoint><Time>2025-11-04T11:28:56.389Z</Time><DistanceMeters>5515.628791420384</DistanceMeters><HeartRateBpm><Value>136</Value></HeartRateBpm><Cadence>22</Cadence><Extensions><ext:TPX><ext:Watts>60.714285714285715</ext:Watts><ext:Torque>20</ext:Torque></ext:TPX></Extensions></Trackpoint><Trackpoint><Time>2025-11-04T11:28:57.829Z</Time><DistanceMeters>5521.448357892346</DistanceMeters><HeartRateBpm><Value>136</Value></HeartRateBpm><Cadence>21</Cadence><Extensions><ext:TPX><ext:Watts>59.94444444444444</ext:Watts><ext:Torque>20</ext:Torque></ext:TPX></Extensions></Trackpoint><Trackpoint><Time>2025-11-04T11:28:59.269Z</Time><DistanceMeters>5527.076455773247</DistanceMeters><HeartRateBpm><Value>136</Value></HeartRateBpm><Cadence>21</Cadence><Extensions><ext:TPX><ext:Watts>57.97222222222222</ext:Watts><ext:Torque>20</ext:Torque></ext:TPX></Extensions></Trackpoint><Trackpoint><Time>2025-11-04T11:29:00.710Z</Time><DistanceMeters>5532.494207878053</DistanceMeters><HeartRateBpm><Value>136</Value></HeartRateBpm><Cadence>21</Cadence><Extensions><ext:TPX><ext:Watts>55.80555555555556</ext:Watts><ext:Torque>20</ext:Torque></ext:TPX></Extensions></Trackpoint><Trackpoint><Time>2025-11-04T11:29:02.109Z</Time><DistanceMeters>5538.00489092234</DistanceMeters><HeartRateBpm><Value>136</Value></HeartRateBpm><Cadence>22</Cadence><Extensions><ext:TPX><ext:Watts>58.114285714285714</ext:Watts><ext:Torque>20</ext:Torque></ext:TPX></Extensions></Trackpoint><Trackpoint><Time>2025-11-04T11:29:03.549Z</Time><DistanceMeters>5543.5466931002275</DistanceMeters><HeartRateBpm><Value>135</Value></HeartRateBpm><Cadence>21</Cadence><Extensions><ext:TPX><ext:Watts>57.083333333333336</ext:Watts><ext:Torque>20</ext:Torque></ext:TPX></Extensions></Trackpoint><Trackpoint><Time>2025-11-04T11:29:04.949Z</Time><DistanceMeters>5549.092596832605</DistanceMeters><HeartRateBpm><Value>135</Value></HeartRateBpm><Cadence>22</Cadence><Extensions><ext:TPX><ext:Watts>58.48571428571429</ext:Watts><ext:Torque>20</ext:Torque></ext:TPX></Extensions></Trackpoint><Trackpoint><Time>2025-11-04T11:29:06.349Z</Time><DistanceMeters>5554.53554778441</DistanceMeters><HeartRateBpm><Value>135</Value></HeartRateBpm><Cadence>22</Cadence><Extensions><ext:TPX><ext:Watts>57.4</ext:Watts><ext:Torque>20</ext:Torque></ext:TPX></Extensions></Trackpoint><Trackpoint><Time>2025-11-04T11:29:07.749Z</Time><DistanceMeters>5560.154602176666</DistanceMeters><HeartRateBpm><Value>135</Value></HeartRateBpm><Cadence>22</Cadence><Extensions><ext:TPX><ext:Watts>59.25714285714286</ext:Watts><ext:Torque>20</ext:Torque></ext:TPX></Extensions></Trackpoint><Trackpoint><Time>2025-11-04T11:29:09.109Z</Time><DistanceMeters>5565.684809811569</DistanceMeters><HeartRateBpm><Value>135</Value></HeartRateBpm><Cadence>22</Cadence><Extensions><ext:TPX><ext:Watts>59.6764705882353</ext:Watts><ext:Torque>20</ext:Torque></ext:TPX></Extensions></Trackpoint><Trackpoint><Time>2025-11-04T11:29:10.510Z</Time><DistanceMeters>5571.2984456364275</DistanceMeters><HeartRateBpm><Value>135</Value></HeartRateBpm><Cadence>22</Cadence><Extensions><ext:TPX><ext:Watts>59.2</ext:Watts><ext:Torque>20</ext:Torque></ext:TPX></Extensions></Trackpoint><Trackpoint><Time>2025-11-04T11:29:11.874Z</Time><DistanceMeters>5577.073955729261</DistanceMeters><HeartRateBpm><Value>135</Value></HeartRateBpm><Cadence>22</Cadence><Extensions><ext:TPX><ext:Watts>62.3235294117647</ext:Watts><ext:Torque>20</ext:Torque></ext:TPX></Extensions></Trackpoint><Trackpoint><Time>2025-11-04T11:29:13.274Z</Time><DistanceMeters>5582.836602157578</DistanceMeters><HeartRateBpm><Value>135</Value></HeartRateBpm><Cadence>22</Cadence><Extensions><ext:TPX><ext:Watts>60.77142857142857</ext:Watts><ext:Torque>20</ext:Torque></ext:TPX></Extensions></Trackpoint><Trackpoint><Time>2025-11-04T11:29:14.639Z</Time><DistanceMeters>5588.802903051024</DistanceMeters><HeartRateBpm><Value>135</Value></HeartRateBpm><Cadence>22</Cadence><Extensions><ext:TPX><ext:Watts>64.38235294117646</ext:Watts><ext:Torque>20</ext:Torque></ext:TPX></Extensions></Trackpoint><Trackpoint><Time>2025-11-04T11:29:16.039Z</Time><DistanceMeters>5594.546584493447</DistanceMeters><HeartRateBpm><Value>135</Value></HeartRateBpm><Cadence>22</Cadence><Extensions><ext:TPX><ext:Watts>60.57142857142857</ext:Watts><ext:Torque>20</ext:Torque></ext:TPX></Extensions></Trackpoint><Trackpoint><Time>2025-11-04T11:29:17.439Z</Time><DistanceMeters>5600.517845766607</DistanceMeters><HeartRateBpm><Value>135</Value></HeartRateBpm><Cadence>22</Cadence><Extensions><ext:TPX><ext:Watts>62.97142857142857</ext:Watts><ext:Torque>20</ext:Torque></ext:TPX></Extensions></Trackpoint><Trackpoint><Time>2025-11-04T11:29:18.839Z</Time><DistanceMeters>5606.269655060128</DistanceMeters><HeartRateBpm><Value>135</Value></HeartRateBpm><Cadence>22</Cadence><Extensions><ext:TPX><ext:Watts>60.65714285714286</ext:Watts><ext:Torque>20</ext:Torque></ext:TPX></Extensions></Trackpoint><Trackpoint><Time>2025-11-04T11:29:20.244Z</Time><DistanceMeters>5611.988952949257</DistanceMeters><HeartRateBpm><Value>135</Value></HeartRateBpm><Cadence>22</Cadence><Extensions><ext:TPX><ext:Watts>60.31428571428572</ext:Watts><ext:Torque>20</ext:Torque></ext:TPX></Extensions></Trackpoint><Trackpoint><Time>2025-11-04T11:29:21.684Z</Time><DistanceMeters>5617.8273966062525</DistanceMeters><HeartRateBpm><Value>135</Value></HeartRateBpm><Cadence>21</Cadence><Extensions><ext:TPX><ext:Watts>60.138888888888886</ext:Watts><ext:Torque>20</ext:Torque></ext:TPX></Extensions></Trackpoint><Trackpoint><Time>2025-11-04T11:29:23.134Z</Time><DistanceMeters>5623.827578932235</DistanceMeters><HeartRateBpm><Value>135</Value></HeartRateBpm><Cadence>20</Cadence><Extensions><ext:TPX><ext:Watts>60.333333333333336</ext:Watts><ext:Torque>20</ext:Torque></ext:TPX></Extensions></Trackpoint><Trackpoint><Time>2025-11-04T11:29:24.615Z</Time><DistanceMeters>5629.985448594244</DistanceMeters><HeartRateBpm><Value>135</Value></HeartRateBpm><Cadence>20</Cadence><Extensions><ext:TPX><ext:Watts>61.91891891891892</ext:Watts><ext:Torque>20</ext:Torque></ext:TPX></Extensions></Trackpoint><Trackpoint><Time>2025-11-04T11:29:26.055Z</Time><DistanceMeters>5636.239190321992</DistanceMeters><HeartRateBpm><Value>136</Value></HeartRateBpm><Cadence>21</Cadence><Extensions><ext:TPX><ext:Watts>64.41666666666667</ext:Watts><ext:Torque>20</ext:Torque></ext:TPX></Extensions></Trackpoint><Trackpoint><Time>2025-11-04T11:29:27.574Z</Time><DistanceMeters>5642.911167056741</DistanceMeters><HeartRateBpm><Value>136</Value></HeartRateBpm><Cadence>20</Cadence><Extensions><ext:TPX><ext:Watts>63.81578947368421</ext:Watts><ext:Torque>20</ext:Torque></ext:TPX></Extensions></Trackpoint><Trackpoint><Time>2025-11-04T11:29:29.095Z</Time><DistanceMeters>5649.646424395572</DistanceMeters><HeartRateBpm><Value>136</Value></HeartRateBpm><Cadence>20</Cadence><Extensions><ext:TPX><ext:Watts>64.42105263157895</ext:Watts><ext:Torque>20</ext:Torque></ext:TPX></Extensions></Trackpoint><Trackpoint><Time>2025-11-04T11:29:30.615Z</Time><DistanceMeters>5656.279882501748</DistanceMeters><HeartRateBpm><Value>136</Value></HeartRateBpm><Cadence>20</Cadence><Extensions><ext:TPX><ext:Watts>63.44736842105263</ext:Watts><ext:Torque>20</ext:Torque></ext:TPX></Extensions></Trackpoint><Trackpoint><Time>2025-11-04T11:29:32.095Z</Time><DistanceMeters>5662.6312775307</DistanceMeters><HeartRateBpm><Value>136</Value></HeartRateBpm><Cadence>20</Cadence><Extensions><ext:TPX><ext:Watts>63.86486486486486</ext:Watts><ext:Torque>20</ext:Torque></ext:TPX></Extensions></Trackpoint><Trackpoint><Time>2025-11-04T11:29:33.615Z</Time><DistanceMeters>5669.190449710345</DistanceMeters><HeartRateBpm><Value>136</Value></HeartRateBpm><Cadence>20</Cadence><Extensions><ext:TPX><ext:Watts>62.73684210526316</ext:Watts><ext:Torque>20</ext:Torque></ext:TPX></Extensions></Trackpoint><Trackpoint><Time>2025-11-04T11:29:35.134Z</Time><DistanceMeters>5675.634066004275</DistanceMeters><HeartRateBpm><Value>136</Value></HeartRateBpm><Cadence>20</Cadence><Extensions><ext:TPX><ext:Watts>61.63157894736842</ext:Watts><ext:Torque>20</ext:Torque></ext:TPX></Extensions></Trackpoint><Trackpoint><Time>2025-11-04T11:29:36.615Z</Time><DistanceMeters>5682.17629854785</DistanceMeters><HeartRateBpm><Value>136</Value></HeartRateBpm><Cadence>20</Cadence><Extensions><ext:TPX><ext:Watts>65.78378378378379</ext:Watts><ext:Torque>20</ext:Torque></ext:TPX></Extensions></Trackpoint><Trackpoint><Time>2025-11-04T11:29:38.135Z</Time><DistanceMeters>5688.732719396883</DistanceMeters><HeartRateBpm><Value>137</Value></HeartRateBpm><Cadence>20</Cadence><Extensions><ext:TPX><ext:Watts>62.71052631578947</ext:Watts><ext:Torque>20</ext:Torque></ext:TPX></Extensions></Trackpoint><Trackpoint><Time>2025-11-04T11:29:39.620Z</Time><DistanceMeters>5695.303510371344</DistanceMeters><HeartRateBpm><Value>137</Value></HeartRateBpm><Cadence>20</Cadence><Extensions><ext:TPX><ext:Watts>64.45945945945945</ext:Watts><ext:Torque>20</ext:Torque></ext:TPX></Extensions></Trackpoint><Trackpoint><Time>2025-11-04T11:29:41.100Z</Time><DistanceMeters>5701.652217547977</DistanceMeters><HeartRateBpm><Value>137</Value></HeartRateBpm><Cadence>20</Cadence><Extensions><ext:TPX><ext:Watts>63.83783783783784</ext:Watts><ext:Torque>20</ext:Torque></ext:TPX></Extensions></Trackpoint><Trackpoint><Time>2025-11-04T11:29:42.580Z</Time><DistanceMeters>5707.965982644468</DistanceMeters><HeartRateBpm><Value>137</Value></HeartRateBpm><Cadence>20</Cadence><Extensions><ext:TPX><ext:Watts>63.486486486486484</ext:Watts><ext:Torque>20</ext:Torque></ext:TPX></Extensions></Trackpoint><Trackpoint><Time>2025-11-04T11:29:44.019Z</Time><DistanceMeters>5714.163092817113</DistanceMeters><HeartRateBpm><Value>138</Value></HeartRateBpm><Cadence>21</Cadence><Extensions><ext:TPX><ext:Watts>63.833333333333336</ext:Watts><ext:Torque>20</ext:Torque></ext:TPX></Extensions></Trackpoint><Trackpoint><Time>2025-11-04T11:29:45.420Z</Time><DistanceMeters>5720.424247446093</DistanceMeters><HeartRateBpm><Value>138</Value></HeartRateBpm><Cadence>22</Cadence><Extensions><ext:TPX><ext:Watts>66.02857142857142</ext:Watts><ext:Torque>20</ext:Torque></ext:TPX></Extensions></Trackpoint><Trackpoint><Time>2025-11-04T11:29:46.860Z</Time><DistanceMeters>5726.607873915143</DistanceMeters><HeartRateBpm><Value>138</Value></HeartRateBpm><Cadence>21</Cadence><Extensions><ext:TPX><ext:Watts>63.69444444444444</ext:Watts><ext:Torque>20</ext:Torque></ext:TPX></Extensions></Trackpoint><Trackpoint><Time>2025-11-04T11:29:48.340Z</Time><DistanceMeters>5732.918951159315</DistanceMeters><HeartRateBpm><Value>139</Value></HeartRateBpm><Cadence>20</Cadence><Extensions><ext:TPX><ext:Watts>63.45945945945946</ext:Watts><ext:Torque>20</ext:Torque></ext:TPX></Extensions></Trackpoint><Trackpoint><Time>2025-11-04T11:29:49.740Z</Time><DistanceMeters>5739.120501546912</DistanceMeters><HeartRateBpm><Value>139</Value></HeartRateBpm><Cadence>22</Cadence><Extensions><ext:TPX><ext:Watts>65.4</ext:Watts><ext:Torque>20</ext:Torque></ext:TPX></Extensions></Trackpoint><Trackpoint><Time>2025-11-04T11:29:51.140Z</Time><DistanceMeters>5745.259738409426</DistanceMeters><HeartRateBpm><Value>139</Value></HeartRateBpm><Cadence>22</Cadence><Extensions><ext:TPX><ext:Watts>64.74285714285715</ext:Watts><ext:Torque>20</ext:Torque></ext:TPX></Extensions></Trackpoint><Trackpoint><Time>2025-11-04T11:29:52.620Z</Time><DistanceMeters>5751.404168809842</DistanceMeters><HeartRateBpm><Value>139</Value></HeartRateBpm><Cadence>20</Cadence><Extensions><ext:TPX><ext:Watts>61.78378378378378</ext:Watts><ext:Torque>20</ext:Torque></ext:TPX></Extensions></Trackpoint><Trackpoint><Time>2025-11-04T11:29:54.020Z</Time><DistanceMeters>5757.513603551664</DistanceMeters><HeartRateBpm><Value>140</Value></HeartRateBpm><Cadence>22</Cadence><Extensions><ext:TPX><ext:Watts>64.42857142857143</ext:Watts><ext:Torque>20</ext:Torque></ext:TPX></Extensions></Trackpoint><Trackpoint><Time>2025-11-04T11:29:55.420Z</Time><DistanceMeters>5763.4713184063285</DistanceMeters><HeartRateBpm><Value>140</Value></HeartRateBpm><Cadence>22</Cadence><Extensions><ext:TPX><ext:Watts>62.82857142857143</ext:Watts><ext:Torque>20</ext:Torque></ext:TPX></Extensions></Trackpoint><Trackpoint><Time>2025-11-04T11:29:56.820Z</Time><DistanceMeters>5769.705380198317</DistanceMeters><HeartRateBpm><Value>140</Value></HeartRateBpm><Cadence>22</Cadence><Extensions><ext:TPX><ext:Watts>65.74285714285715</ext:Watts><ext:Torque>20</ext:Torque></ext:TPX></Extensions></Trackpoint><Trackpoint><Time>2025-11-04T11:29:58.260Z</Time><DistanceMeters>5776.398690663289</DistanceMeters><HeartRateBpm><Value>141</Value></HeartRateBpm><Cadence>21</Cadence><Extensions><ext:TPX><ext:Watts>68.94444444444444</ext:Watts><ext:Torque>20</ext:Torque></ext:TPX></Extensions></Trackpoint><Trackpoint><Time>2025-11-04T11:29:59.740Z</Time><DistanceMeters>5782.801154886295</DistanceMeters><HeartRateBpm><Value>141</Value></HeartRateBpm><Cadence>20</Cadence><Extensions><ext:TPX><ext:Watts>64.37837837837837</ext:Watts><ext:Torque>20</ext:Torque></ext:TPX></Extensions></Trackpoint><Trackpoint><Time>2025-11-04T11:30:01.260Z</Time><DistanceMeters>5789.62720613533</DistanceMeters><HeartRateBpm><Value>142</Value></HeartRateBpm><Cadence>20</Cadence><Extensions><ext:TPX><ext:Watts>65.28947368421052</ext:Watts><ext:Torque>20</ext:Torque></ext:TPX></Extensions></Trackpoint><Trackpoint><Time>2025-11-04T11:30:02.740Z</Time><DistanceMeters>5796.419408944539</DistanceMeters><HeartRateBpm><Value>142</Value></HeartRateBpm><Cadence>20</Cadence><Extensions><ext:TPX><ext:Watts>68.29729729729729</ext:Watts><ext:Torque>20</ext:Torque></ext:TPX></Extensions></Trackpoint><Trackpoint><Time>2025-11-04T11:30:04.220Z</Time><DistanceMeters>5803.362131483592</DistanceMeters><HeartRateBpm><Value>143</Value></HeartRateBpm><Cadence>20</Cadence><Extensions><ext:TPX><ext:Watts>69.8108108108108</ext:Watts><ext:Torque>20</ext:Torque></ext:TPX></Extensions></Trackpoint><Trackpoint><Time>2025-11-04T11:30:05.660Z</Time><DistanceMeters>5810.0042038749</DistanceMeters><HeartRateBpm><Value>143</Value></HeartRateBpm><Cadence>21</Cadence><Extensions><ext:TPX><ext:Watts>68.41666666666667</ext:Watts><ext:Torque>20</ext:Torque></ext:TPX></Extensions></Trackpoint><Trackpoint><Time>2025-11-04T11:30:07.220Z</Time><DistanceMeters>5816.866022421895</DistanceMeters><HeartRateBpm><Value>143</Value></HeartRateBpm><Cadence>19</Cadence><Extensions><ext:TPX><ext:Watts>63.94871794871795</ext:Watts><ext:Torque>20</ext:Torque></ext:TPX></Extensions></Trackpoint><Trackpoint><Time>2025-11-04T11:30:08.700Z</Time><DistanceMeters>5823.548023286039</DistanceMeters><HeartRateBpm><Value>144</Value></HeartRateBpm><Cadence>20</Cadence><Extensions><ext:TPX><ext:Watts>67.1891891891892</ext:Watts><ext:Torque>20</ext:Torque></ext:TPX></Extensions></Trackpoint><Trackpoint><Time>2025-11-04T11:30:10.220Z</Time><DistanceMeters>5830.360317882013</DistanceMeters><HeartRateBpm><Value>144</Value></HeartRateBpm><Cadence>20</Cadence><Extensions><ext:TPX><ext:Watts>65.15789473684211</ext:Watts><ext:Torque>20</ext:Torque></ext:TPX></Extensions></Trackpoint><Trackpoint><Time>2025-11-04T11:30:11.700Z</Time><DistanceMeters>5837.066509417025</DistanceMeters><HeartRateBpm><Value>144</Value></HeartRateBpm><Cadence>20</Cadence><Extensions><ext:TPX><ext:Watts>67.43243243243244</ext:Watts><ext:Torque>20</ext:Torque></ext:TPX></Extensions></Trackpoint><Trackpoint><Time>2025-11-04T11:30:13.180Z</Time><DistanceMeters>5843.799579475224</DistanceMeters><HeartRateBpm><Value>144</Value></HeartRateBpm><Cadence>20</Cadence><Extensions><ext:TPX><ext:Watts>67.70270270270271</ext:Watts><ext:Torque>20</ext:Torque></ext:TPX></Extensions></Trackpoint><Trackpoint><Time>2025-11-04T11:30:14.660Z</Time><DistanceMeters>5850.667042149355</DistanceMeters><HeartRateBpm><Value>145</Value></HeartRateBpm><Cadence>20</Cadence><Extensions><ext:TPX><ext:Watts>69.05405405405405</ext:Watts><ext:Torque>20</ext:Torque></ext:TPX></Extensions></Trackpoint><Trackpoint><Time>2025-11-04T11:30:16.140Z</Time><DistanceMeters>5857.400112207554</DistanceMeters><HeartRateBpm><Value>145</Value></HeartRateBpm><Cadence>20</Cadence><Extensions><ext:TPX><ext:Watts>67.70270270270271</ext:Watts><ext:Torque>20</ext:Torque></ext:TPX></Extensions></Trackpoint><Trackpoint><Time>2025-11-04T11:30:17.625Z</Time><DistanceMeters>5864.3648751356195</DistanceMeters><HeartRateBpm><Value>145</Value></HeartRateBpm><Cadence>20</Cadence><Extensions><ext:TPX><ext:Watts>68.32432432432432</ext:Watts><ext:Torque>20</ext:Torque></ext:TPX></Extensions></Trackpoint><Trackpoint><Time>2025-11-04T11:30:19.150Z</Time><DistanceMeters>5871.394524849962</DistanceMeters><HeartRateBpm><Value>146</Value></HeartRateBpm><Cadence>20</Cadence><Extensions><ext:TPX><ext:Watts>67.23684210526316</ext:Watts><ext:Torque>20</ext:Torque></ext:TPX></Extensions></Trackpoint><Trackpoint><Time>2025-11-04T11:30:20.630Z</Time><DistanceMeters>5878.181351954534</DistanceMeters><HeartRateBpm><Value>146</Value></HeartRateBpm><Cadence>20</Cadence><Extensions><ext:TPX><ext:Watts>68.24324324324324</ext:Watts><ext:Torque>20</ext:Torque></ext:TPX></Extensions></Trackpoint><Trackpoint><Time>2025-11-04T11:30:22.110Z</Time><DistanceMeters>5885.027311810116</DistanceMeters><HeartRateBpm><Value>146</Value></HeartRateBpm><Cadence>20</Cadence><Extensions><ext:TPX><ext:Watts>68.83783783783784</ext:Watts><ext:Torque>20</ext:Torque></ext:TPX></Extensions></Trackpoint><Trackpoint><Time>2025-11-04T11:30:23.550Z</Time><DistanceMeters>5891.796131015225</DistanceMeters><HeartRateBpm><Value>146</Value></HeartRateBpm><Cadence>21</Cadence><Extensions><ext:TPX><ext:Watts>69.72222222222223</ext:Watts><ext:Torque>20</ext:Torque></ext:TPX></Extensions></Trackpoint><Trackpoint><Time>2025-11-04T11:30:24.990Z</Time><DistanceMeters>5898.573040442491</DistanceMeters><HeartRateBpm><Value>147</Value></HeartRateBpm><Cadence>21</Cadence><Extensions><ext:TPX><ext:Watts>69.80555555555556</ext:Watts><ext:Torque>20</ext:Torque></ext:TPX></Extensions></Trackpoint><Trackpoint><Time>2025-11-04T11:30:26.470Z</Time><DistanceMeters>5905.327613319239</DistanceMeters><HeartRateBpm><Value>147</Value></HeartRateBpm><Cadence>20</Cadence><Extensions><ext:TPX><ext:Watts>67.91891891891892</ext:Watts><ext:Torque>20</ext:Torque></ext:TPX></Extensions></Trackpoint><Trackpoint><Time>2025-11-04T11:30:27.955Z</Time><DistanceMeters>5912.231765177519</DistanceMeters><HeartRateBpm><Value>147</Value></HeartRateBpm><Cadence>20</Cadence><Extensions><ext:TPX><ext:Watts>67.72972972972973</ext:Watts><ext:Torque>20</ext:Torque></ext:TPX></Extensions></Trackpoint><Trackpoint><Time>2025-11-04T11:30:29.440Z</Time><DistanceMeters>5919.094591306401</DistanceMeters><HeartRateBpm><Value>147</Value></HeartRateBpm><Cadence>20</Cadence><Extensions><ext:TPX><ext:Watts>67.32432432432432</ext:Watts><ext:Torque>20</ext:Torque></ext:TPX></Extensions></Trackpoint><Trackpoint><Time>2025-11-04T11:30:30.885Z</Time><DistanceMeters>5925.890377918701</DistanceMeters><HeartRateBpm><Value>148</Value></HeartRateBpm><Cadence>21</Cadence><Extensions><ext:TPX><ext:Watts>70.0</ext:Watts><ext:Torque>20</ext:Torque></ext:TPX></Extensions></Trackpoint><Trackpoint><Time>2025-11-04T11:30:32.365Z</Time><DistanceMeters>5932.80084622993</DistanceMeters><HeartRateBpm><Value>148</Value></HeartRateBpm><Cadence>20</Cadence><Extensions><ext:TPX><ext:Watts>69.48648648648648</ext:Watts><ext:Torque>20</ext:Torque></ext:TPX></Extensions></Trackpoint><Trackpoint><Time>2025-11-04T11:30:33.845Z</Time><DistanceMeters>5939.590361186821</DistanceMeters><HeartRateBpm><Value>149</Value></HeartRateBpm><Cadence>20</Cadence><Extensions><ext:TPX><ext:Watts>68.27027027027027</ext:Watts><ext:Torque>20</ext:Torque></ext:TPX></Extensions></Trackpoint><Trackpoint><Time>2025-11-04T11:30:35.326Z</Time><DistanceMeters>5946.516956611962</DistanceMeters><HeartRateBpm><Value>149</Value></HeartRateBpm><Cadence>20</Cadence><Extensions><ext:TPX><ext:Watts>69.64864864864865</ext:Watts><ext:Torque>20</ext:Torque></ext:TPX></Extensions></Trackpoint><Trackpoint><Time>2025-11-04T11:30:36.845Z</Time><DistanceMeters>5953.4695690691615</DistanceMeters><HeartRateBpm><Value>149</Value></HeartRateBpm><Cadence>20</Cadence><Extensions><ext:TPX><ext:Watts>66.5</ext:Watts><ext:Torque>20</ext:Torque></ext:TPX></Extensions></Trackpoint><Trackpoint><Time>2025-11-04T11:30:38.325Z</Time><DistanceMeters>5960.197263422723</DistanceMeters><HeartRateBpm><Value>150</Value></HeartRateBpm><Cadence>20</Cadence><Extensions><ext:TPX><ext:Watts>67.64864864864865</ext:Watts><ext:Torque>20</ext:Torque></ext:TPX></Extensions></Trackpoint><Trackpoint><Time>2025-11-04T11:30:39.725Z</Time><DistanceMeters>5967.008402642653</DistanceMeters><HeartRateBpm><Value>150</Value></HeartRateBpm><Cadence>22</Cadence><Extensions><ext:TPX><ext:Watts>71.82857142857142</ext:Watts><ext:Torque>20</ext:Torque></ext:TPX></Extensions></Trackpoint><Trackpoint><Time>2025-11-04T11:30:41.245Z</Time><DistanceMeters>5973.732654659035</DistanceMeters><HeartRateBpm><Value>151</Value></HeartRateBpm><Cadence>20</Cadence><Extensions><ext:TPX><ext:Watts>64.3157894736842</ext:Watts><ext:Torque>20</ext:Torque></ext:TPX></Extensions></Trackpoint><Trackpoint><Time>2025-11-04T11:30:42.725Z</Time><DistanceMeters>5980.038356198569</DistanceMeters><HeartRateBpm><Value>151</Value></HeartRateBpm><Cadence>20</Cadence><Extensions><ext:TPX><ext:Watts>63.4054054054054</ext:Watts><ext:Torque>20</ext:Torque></ext:TPX></Extensions></Trackpoint><Trackpoint><Time>2025-11-04T11:30:44.205Z</Time><DistanceMeters>5986.3252427718735</DistanceMeters><HeartRateBpm><Value>151</Value></HeartRateBpm><Cadence>20</Cadence><Extensions><ext:TPX><ext:Watts>63.21621621621622</ext:Watts><ext:Torque>20</ext:Torque></ext:TPX></Extensions></Trackpoint><Trackpoint><Time>2025-11-04T11:30:45.645Z</Time><DistanceMeters>5992.546623610991</DistanceMeters><HeartRateBpm><Value>152</Value></HeartRateBpm><Cadence>21</Cadence><Extensions><ext:TPX><ext:Watts>64.08333333333333</ext:Watts><ext:Torque>20</ext:Torque></ext:TPX></Extensions></Trackpoint><Trackpoint><Time>2025-11-04T11:30:47.165Z</Time><DistanceMeters>5998.68484220696</DistanceMeters><HeartRateBpm><Value>152</Value></HeartRateBpm><Cadence>20</Cadence><Extensions><ext:TPX><ext:Watts>58.71052631578947</ext:Watts><ext:Torque>20</ext:Torque></ext:TPX></Extensions></Trackpoint><Trackpoint><Time>2025-11-04T11:30:48.645Z</Time><DistanceMeters>6004.834648312013</DistanceMeters><HeartRateBpm><Value>153</Value></HeartRateBpm><Cadence>20</Cadence><Extensions><ext:TPX><ext:Watts>61.83783783783784</ext:Watts><ext:Torque>20</ext:Torque></ext:TPX></Extensions></Trackpoint><Trackpoint><Time>2025-11-04T11:30:50.126Z</Time><DistanceMeters>6011.073153543582</DistanceMeters><HeartRateBpm><Value>153</Value></HeartRateBpm><Cadence>20</Cadence><Extensions><ext:TPX><ext:Watts>62.729729729729726</ext:Watts><ext:Torque>20</ext:Torque></ext:TPX></Extensions></Trackpoint><Trackpoint><Time>2025-11-04T11:30:51.570Z</Time><DistanceMeters>6017.310714827015</DistanceMeters><HeartRateBpm><Value>153</Value></HeartRateBpm><Cadence>21</Cadence><Extensions><ext:TPX><ext:Watts>64.25</ext:Watts><ext:Torque>20</ext:Torque></ext:TPX></Extensions></Trackpoint><Trackpoint><Time>2025-11-04T11:30:53.050Z</Time><DistanceMeters>6023.589537843362</DistanceMeters><HeartRateBpm><Value>153</Value></HeartRateBpm><Cadence>20</Cadence><Extensions><ext:TPX><ext:Watts>63.13513513513514</ext:Watts><ext:Torque>20</ext:Torque></ext:TPX></Extensions></Trackpoint><Trackpoint><Time>2025-11-04T11:30:54.491Z</Time><DistanceMeters>6029.8972143854935</DistanceMeters><HeartRateBpm><Value>153</Value></HeartRateBpm><Cadence>21</Cadence><Extensions><ext:TPX><ext:Watts>64.97222222222223</ext:Watts><ext:Torque>20</ext:Torque></ext:TPX></Extensions></Trackpoint><Trackpoint><Time>2025-11-04T11:30:55.930Z</Time><DistanceMeters>6036.342424704302</DistanceMeters><HeartRateBpm><Value>153</Value></HeartRateBpm><Cadence>21</Cadence><Extensions><ext:TPX><ext:Watts>66.38888888888889</ext:Watts><ext:Torque>20</ext:Torque></ext:TPX></Extensions></Trackpoint><Trackpoint><Time>2025-11-04T11:30:57.370Z</Time><DistanceMeters>6042.650101246433</DistanceMeters><HeartRateBpm><Value>153</Value></HeartRateBpm><Cadence>21</Cadence><Extensions><ext:TPX><ext:Watts>64.97222222222223</ext:Watts><ext:Torque>20</ext:Torque></ext:TPX></Extensions></Trackpoint><Trackpoint><Time>2025-11-04T11:30:58.770Z</Time><DistanceMeters>6049.016917939684</DistanceMeters><HeartRateBpm><Value>153</Value></HeartRateBpm><Cadence>22</Cadence><Extensions><ext:TPX><ext:Watts>67.14285714285714</ext:Watts><ext:Torque>20</ext:Torque></ext:TPX></Extensions></Trackpoint><Trackpoint><Time>2025-11-04T11:31:00.211Z</Time><DistanceMeters>6055.435160851302</DistanceMeters><HeartRateBpm><Value>153</Value></HeartRateBpm><Cadence>21</Cadence><Extensions><ext:TPX><ext:Watts>66.11111111111111</ext:Watts><ext:Torque>20</ext:Torque></ext:TPX></Extensions></Trackpoint><Trackpoint><Time>2025-11-04T11:31:01.656Z</Time><DistanceMeters>6061.723960208398</DistanceMeters><HeartRateBpm><Value>153</Value></HeartRateBpm><Cadence>21</Cadence><Extensions><ext:TPX><ext:Watts>64.77777777777777</ext:Watts><ext:Torque>20</ext:Torque></ext:TPX></Extensions></Trackpoint><Trackpoint><Time>2025-11-04T11:31:03.055Z</Time><DistanceMeters>6068.044719078763</DistanceMeters><HeartRateBpm><Value>153</Value></HeartRateBpm><Cadence>22</Cadence><Extensions><ext:TPX><ext:Watts>66.65714285714286</ext:Watts><ext:Torque>20</ext:Torque></ext:TPX></Extensions></Trackpoint><Trackpoint><Time>2025-11-04T11:31:04.535Z</Time><DistanceMeters>6074.3235420951105</DistanceMeters><HeartRateBpm><Value>153</Value></HeartRateBpm><Cadence>20</Cadence><Extensions><ext:TPX><ext:Watts>63.13513513513514</ext:Watts><ext:Torque>20</ext:Torque></ext:TPX></Extensions></Trackpoint><Trackpoint><Time>2025-11-04T11:31:05.975Z</Time><DistanceMeters>6080.234797751524</DistanceMeters><HeartRateBpm><Value>153</Value></HeartRateBpm><Cadence>21</Cadence><Extensions><ext:TPX><ext:Watts>60.888888888888886</ext:Watts><ext:Torque>20</ext:Torque></ext:TPX></Extensions></Trackpoint><Trackpoint><Time>2025-11-04T11:31:07.376Z</Time><DistanceMeters>6086.257535414969</DistanceMeters><HeartRateBpm><Value>153</Value></HeartRateBpm><Cadence>22</Cadence><Extensions><ext:TPX><ext:Watts>63.51428571428571</ext:Watts><ext:Torque>20</ext:Torque></ext:TPX></Extensions></Trackpoint><Trackpoint><Time>2025-11-04T11:31:08.817Z</Time><DistanceMeters>6092.30632484806</DistanceMeters><HeartRateBpm><Value>153</Value></HeartRateBpm><Cadence>21</Cadence><Extensions><ext:TPX><ext:Watts>62.30555555555556</ext:Watts><ext:Torque>20</ext:Torque></ext:TPX></Extensions></Trackpoint><Trackpoint><Time>2025-11-04T11:31:10.256Z</Time><DistanceMeters>6098.570853538685</DistanceMeters><HeartRateBpm><Value>153</Value></HeartRateBpm><Cadence>21</Cadence><Extensions><ext:TPX><ext:Watts>64.52777777777777</ext:Watts><ext:Torque>20</ext:Torque></ext:TPX></Extensions></Trackpoint><Trackpoint><Time>2025-11-04T11:31:11.696Z</Time><DistanceMeters>6104.719422378385</DistanceMeters><HeartRateBpm><Value>153</Value></HeartRateBpm><Cadence>21</Cadence><Extensions><ext:TPX><ext:Watts>63.333333333333336</ext:Watts><ext:Torque>20</ext:Torque></ext:TPX></Extensions></Trackpoint><Trackpoint><Time>2025-11-04T11:31:13.136Z</Time><DistanceMeters>6110.865294477367</DistanceMeters><HeartRateBpm><Value>153</Value></HeartRateBpm><Cadence>21</Cadence><Extensions><ext:TPX><ext:Watts>63.30555555555556</ext:Watts><ext:Torque>20</ext:Torque></ext:TPX></Extensions></Trackpoint><Trackpoint><Time>2025-11-04T11:31:14.616Z</Time><DistanceMeters>6117.200562392406</DistanceMeters><HeartRateBpm><Value>152</Value></HeartRateBpm><Cadence>20</Cadence><Extensions><ext:TPX><ext:Watts>63.7027027027027</ext:Watts><ext:Torque>20</ext:Torque></ext:TPX></Extensions></Trackpoint><Trackpoint><Time>2025-11-04T11:31:16.056Z</Time><DistanceMeters>6123.171146344642</DistanceMeters><HeartRateBpm><Value>152</Value></HeartRateBpm><Cadence>21</Cadence><Extensions><ext:TPX><ext:Watts>61.5</ext:Watts><ext:Torque>20</ext:Torque></ext:TPX></Extensions></Trackpoint><Trackpoint><Time>2025-11-04T11:31:17.496Z</Time><DistanceMeters>6129.1875748891025</DistanceMeters><HeartRateBpm><Value>152</Value></HeartRateBpm><Cadence>21</Cadence><Extensions><ext:TPX><ext:Watts>61.97222222222222</ext:Watts><ext:Torque>20</ext:Torque></ext:TPX></Extensions></Trackpoint><Trackpoint><Time>2025-11-04T11:31:18.976Z</Time><DistanceMeters>6135.356195960387</DistanceMeters><HeartRateBpm><Value>152</Value></HeartRateBpm><Cadence>20</Cadence><Extensions><ext:TPX><ext:Watts>62.027027027027025</ext:Watts><ext:Torque>20</ext:Torque></ext:TPX></Extensions></Trackpoint><Trackpoint><Time>2025-11-04T11:31:20.416Z</Time><DistanceMeters>6141.437346282108</DistanceMeters><HeartRateBpm><Value>151</Value></HeartRateBpm><Cadence>21</Cadence><Extensions><ext:TPX><ext:Watts>62.638888888888886</ext:Watts><ext:Torque>20</ext:Torque></ext:TPX></Extensions></Trackpoint><Trackpoint><Time>2025-11-04T11:31:21.856Z</Time><DistanceMeters>6147.629062973315</DistanceMeters><HeartRateBpm><Value>151</Value></HeartRateBpm><Cadence>21</Cadence><Extensions><ext:TPX><ext:Watts>63.77777777777778</ext:Watts><ext:Torque>20</ext:Torque></ext:TPX></Extensions></Trackpoint><Trackpoint><Time>2025-11-04T11:31:23.336Z</Time><DistanceMeters>6153.760054112137</DistanceMeters><HeartRateBpm><Value>151</Value></HeartRateBpm><Cadence>20</Cadence><Extensions><ext:TPX><ext:Watts>61.648648648648646</ext:Watts><ext:Torque>20</ext:Torque></ext:TPX></Extensions></Trackpoint><Trackpoint><Time>2025-11-04T11:31:24.856Z</Time><DistanceMeters>6160.002823271372</DistanceMeters><HeartRateBpm><Value>151</Value></HeartRateBpm><Cadence>20</Cadence><Extensions><ext:TPX><ext:Watts>59.71052631578947</ext:Watts><ext:Torque>20</ext:Torque></ext:TPX></Extensions></Trackpoint><Trackpoint><Time>2025-11-04T11:31:26.336Z</Time><DistanceMeters>6165.905346963111</DistanceMeters><HeartRateBpm><Value>150</Value></HeartRateBpm><Cadence>20</Cadence><Extensions><ext:TPX><ext:Watts>59.351351351351354</ext:Watts><ext:Torque>20</ext:Torque></ext:TPX></Extensions></Trackpoint><Trackpoint><Time>2025-11-04T11:31:27.776Z</Time><DistanceMeters>6171.754577582984</DistanceMeters><HeartRateBpm><Value>150</Value></HeartRateBpm><Cadence>21</Cadence><Extensions><ext:TPX><ext:Watts>60.25</ext:Watts><ext:Torque>20</ext:Torque></ext:TPX></Extensions></Trackpoint><Trackpoint><Time>2025-11-04T11:31:29.296Z</Time><DistanceMeters>6177.843272227931</DistanceMeters><HeartRateBpm><Value>149</Value></HeartRateBpm><Cadence>20</Cadence><Extensions><ext:TPX><ext:Watts>58.23684210526316</ext:Watts><ext:Torque>20</ext:Torque></ext:TPX></Extensions></Trackpoint><Trackpoint><Time>2025-11-04T11:31:30.776Z</Time><DistanceMeters>6183.614091156056</DistanceMeters><HeartRateBpm><Value>149</Value></HeartRateBpm><Cadence>20</Cadence><Extensions><ext:TPX><ext:Watts>58.027027027027025</ext:Watts><ext:Torque>20</ext:Torque></ext:TPX></Extensions></Trackpoint><Trackpoint><Time>2025-11-04T11:31:32.296Z</Time><DistanceMeters>6189.5817272540635</DistanceMeters><HeartRateBpm><Value>149</Value></HeartRateBpm><Cadence>20</Cadence><Extensions><ext:TPX><ext:Watts>57.078947368421055</ext:Watts><ext:Torque>20</ext:Torque></ext:TPX></Extensions></Trackpoint><Trackpoint><Time>2025-11-04T11:31:33.816Z</Time><DistanceMeters>6195.549363352071</DistanceMeters><HeartRateBpm><Value>148</Value></HeartRateBpm><Cadence>20</Cadence><Extensions><ext:TPX><ext:Watts>57.078947368421055</ext:Watts><ext:Torque>20</ext:Torque></ext:TPX></Extensions></Trackpoint><Trackpoint><Time>2025-11-04T11:31:35.336Z</Time><DistanceMeters>6201.464724168446</DistanceMeters><HeartRateBpm><Value>148</Value></HeartRateBpm><Cadence>20</Cadence><Extensions><ext:TPX><ext:Watts>56.578947368421055</ext:Watts><ext:Torque>20</ext:Torque></ext:TPX></Extensions></Trackpoint><Trackpoint><Time>2025-11-04T11:31:36.856Z</Time><DistanceMeters>6207.253523776657</DistanceMeters><HeartRateBpm><Value>148</Value></HeartRateBpm><Cadence>20</Cadence><Extensions><ext:TPX><ext:Watts>55.36842105263158</ext:Watts><ext:Torque>20</ext:Torque></ext:TPX></Extensions></Trackpoint><Trackpoint><Time>2025-11-04T11:31:38.376Z</Time><DistanceMeters>6213.223911205278</DistanceMeters><HeartRateBpm><Value>148</Value></HeartRateBpm><Cadence>20</Cadence><Extensions><ext:TPX><ext:Watts>57.10526315789474</ext:Watts><ext:Torque>20</ext:Torque></ext:TPX></Extensions></Trackpoint><Trackpoint><Time>2025-11-04T11:31:39.856Z</Time><DistanceMeters>6219.201694761938</DistanceMeters><HeartRateBpm><Value>147</Value></HeartRateBpm><Cadence>20</Cadence><Extensions><ext:TPX><ext:Watts>60.108108108108105</ext:Watts><ext:Torque>20</ext:Torque></ext:TPX></Extensions></Trackpoint><Trackpoint><Time>2025-11-04T11:31:41.381Z</Time><DistanceMeters>6225.023510337495</DistanceMeters><HeartRateBpm><Value>147</Value></HeartRateBpm><Cadence>20</Cadence><Extensions><ext:TPX><ext:Watts>55.68421052631579</ext:Watts><ext:Torque>20</ext:Torque></ext:TPX></Extensions></Trackpoint><Trackpoint><Time>2025-11-04T11:31:42.821Z</Time><DistanceMeters>6231.050725844833</DistanceMeters><HeartRateBpm><Value>146</Value></HeartRateBpm><Cadence>21</Cadence><Extensions><ext:TPX><ext:Watts>62.083333333333336</ext:Watts><ext:Torque>20</ext:Torque></ext:TPX></Extensions></Trackpoint><Trackpoint><Time>2025-11-04T11:31:44.381Z</Time><DistanceMeters>6237.439315526518</DistanceMeters><HeartRateBpm><Value>146</Value></HeartRateBpm><Cadence>19</Cadence><Extensions><ext:TPX><ext:Watts>59.53846153846154</ext:Watts><ext:Torque>20</ext:Torque></ext:TPX></Extensions></Trackpoint><Trackpoint><Time>2025-11-04T11:31:45.821Z</Time><DistanceMeters>6243.191463480501</DistanceMeters><HeartRateBpm><Value>146</Value></HeartRateBpm><Cadence>21</Cadence><Extensions><ext:TPX><ext:Watts>59.25</ext:Watts><ext:Torque>20</ext:Torque></ext:TPX></Extensions></Trackpoint><Trackpoint><Time>2025-11-04T11:31:47.341Z</Time><DistanceMeters>6249.084813651977</DistanceMeters><HeartRateBpm><Value>145</Value></HeartRateBpm><Cadence>20</Cadence><Extensions><ext:TPX><ext:Watts>56.36842105263158</ext:Watts><ext:Torque>20</ext:Torque></ext:TPX></Extensions></Trackpoint><Trackpoint><Time>2025-11-04T11:31:48.821Z</Time><DistanceMeters>6254.87982325097</DistanceMeters><HeartRateBpm><Value>145</Value></HeartRateBpm><Cadence>20</Cadence><Extensions><ext:TPX><ext:Watts>58.270270270270274</ext:Watts><ext:Torque>20</ext:Torque></ext:TPX></Extensions></Trackpoint><Trackpoint><Time>2025-11-04T11:31:50.301Z</Time><DistanceMeters>6260.6452664744575</DistanceMeters><HeartRateBpm><Value>144</Value></HeartRateBpm><Cadence>20</Cadence><Extensions><ext:TPX><ext:Watts>57.972972972972975</ext:Watts><ext:Torque>20</ext:Torque></ext:TPX></Extensions></Trackpoint><Trackpoint><Time>2025-11-04T11:31:51.741Z</Time><DistanceMeters>6266.534948205118</DistanceMeters><HeartRateBpm><Value>144</Value></HeartRateBpm><Cadence>21</Cadence><Extensions><ext:TPX><ext:Watts>60.666666666666664</ext:Watts><ext:Torque>20</ext:Torque></ext:TPX></Extensions></Trackpoint><Trackpoint><Time>2025-11-04T11:31:53.221Z</Time><DistanceMeters>6272.37027558889</DistanceMeters><HeartRateBpm><Value>144</Value></HeartRateBpm><Cadence>20</Cadence><Extensions><ext:TPX><ext:Watts>58.67567567567568</ext:Watts><ext:Torque>20</ext:Torque></ext:TPX></Extensions></Trackpoint><Trackpoint><Time>2025-11-04T11:31:54.661Z</Time><DistanceMeters>6278.284227986022</DistanceMeters><HeartRateBpm><Value>143</Value></HeartRateBpm><Cadence>21</Cadence><Extensions><ext:TPX><ext:Watts>60.916666666666664</ext:Watts><ext:Torque>20</ext:Torque></ext:TPX></Extensions></Trackpoint><Trackpoint><Time>2025-11-04T11:31:56.141Z</Time><DistanceMeters>6284.275450804276</DistanceMeters><HeartRateBpm><Value>143</Value></HeartRateBpm><Cadence>20</Cadence><Extensions><ext:TPX><ext:Watts>60.24324324324324</ext:Watts><ext:Torque>20</ext:Torque></ext:TPX></Extensions></Trackpoint><Trackpoint><Time>2025-11-04T11:31:57.621Z</Time><DistanceMeters>6290.003264095303</DistanceMeters><HeartRateBpm><Value>143</Value></HeartRateBpm><Cadence>20</Cadence><Extensions><ext:TPX><ext:Watts>57.5945945945946</ext:Watts><ext:Torque>20</ext:Torque></ext:TPX></Extensions></Trackpoint><Trackpoint><Time>2025-11-04T11:31:59.061Z</Time><DistanceMeters>6295.814740345108</DistanceMeters><HeartRateBpm><Value>143</Value></HeartRateBpm><Cadence>21</Cadence><Extensions><ext:TPX><ext:Watts>59.861111111111114</ext:Watts><ext:Torque>20</ext:Torque></ext:TPX></Extensions></Trackpoint><Trackpoint><Time>2025-11-04T11:32:00.541Z</Time><DistanceMeters>6301.555992897727</DistanceMeters><HeartRateBpm><Value>143</Value></HeartRateBpm><Cadence>20</Cadence><Extensions><ext:TPX><ext:Watts>57.729729729729726</ext:Watts><ext:Torque>20</ext:Torque></ext:TPX></Extensions></Trackpoint><Trackpoint><Time>2025-11-04T11:32:02.061Z</Time><DistanceMeters>6307.509872342674</DistanceMeters><HeartRateBpm><Value>143</Value></HeartRateBpm><Cadence>20</Cadence><Extensions><ext:TPX><ext:Watts>56.94736842105263</ext:Watts><ext:Torque>20</ext:Torque></ext:TPX></Extensions></Trackpoint><Trackpoint><Time>2025-11-04T11:32:03.501Z</Time><DistanceMeters>6313.388767110458</DistanceMeters><HeartRateBpm><Value>143</Value></HeartRateBpm><Cadence>21</Cadence><Extensions><ext:TPX><ext:Watts>60.55555555555556</ext:Watts><ext:Torque>20</ext:Torque></ext:TPX></Extensions></Trackpoint><Trackpoint><Time>2025-11-04T11:32:04.986Z</Time><DistanceMeters>6319.323141852172</DistanceMeters><HeartRateBpm><Value>143</Value></HeartRateBpm><Cadence>20</Cadence><Extensions><ext:TPX><ext:Watts>58.21621621621622</ext:Watts><ext:Torque>20</ext:Torque></ext:TPX></Extensions></Trackpoint><Trackpoint><Time>2025-11-04T11:32:06.506Z</Time><DistanceMeters>6325.02389888079</DistanceMeters><HeartRateBpm><Value>143</Value></HeartRateBpm><Cadence>20</Cadence><Extensions><ext:TPX><ext:Watts>54.526315789473685</ext:Watts><ext:Torque>20</ext:Torque></ext:TPX></Extensions></Trackpoint><Trackpoint><Time>2025-11-04T11:32:07.986Z</Time><DistanceMeters>6330.687203716168</DistanceMeters><HeartRateBpm><Value>143</Value></HeartRateBpm><Cadence>20</Cadence><Extensions><ext:TPX><ext:Watts>56.945945945945944</ext:Watts><ext:Torque>20</ext:Torque></ext:TPX></Extensions></Trackpoint><Trackpoint><Time>2025-11-04T11:32:09.426Z</Time><DistanceMeters>6336.3099081156315</DistanceMeters><HeartRateBpm><Value>143</Value></HeartRateBpm><Cadence>21</Cadence><Extensions><ext:TPX><ext:Watts>57.916666666666664</ext:Watts><ext:Torque>20</ext:Torque></ext:TPX></Extensions></Trackpoint><Trackpoint><Time>2025-11-04T11:32:10.906Z</Time><DistanceMeters>6341.97321295101</DistanceMeters><HeartRateBpm><Value>143</Value></HeartRateBpm><Cadence>20</Cadence><Extensions><ext:TPX><ext:Watts>56.945945945945944</ext:Watts><ext:Torque>20</ext:Torque></ext:TPX></Extensions></Trackpoint><Trackpoint><Time>2025-11-04T11:32:12.386Z</Time><DistanceMeters>6347.663396309576</DistanceMeters><HeartRateBpm><Value>143</Value></HeartRateBpm><Cadence>20</Cadence><Extensions><ext:TPX><ext:Watts>57.21621621621622</ext:Watts><ext:Torque>20</ext:Torque></ext:TPX></Extensions></Trackpoint><Trackpoint><Time>2025-11-04T11:32:13.867Z</Time><DistanceMeters>6353.407336714514</DistanceMeters><HeartRateBpm><Value>143</Value></HeartRateBpm><Cadence>20</Cadence><Extensions><ext:TPX><ext:Watts>57.75675675675676</ext:Watts><ext:Torque>20</ext:Torque></ext:TPX></Extensions></Trackpoint><Trackpoint><Time>2025-11-04T11:32:15.346Z</Time><DistanceMeters>6358.93893678628</DistanceMeters><HeartRateBpm><Value>142</Value></HeartRateBpm><Cadence>20</Cadence><Extensions><ext:TPX><ext:Watts>55.62162162162162</ext:Watts><ext:Torque>20</ext:Torque></ext:TPX></Extensions></Trackpoint><Trackpoint><Time>2025-11-04T11:32:16.828Z</Time><DistanceMeters>6364.796170166449</DistanceMeters><HeartRateBpm><Value>142</Value></HeartRateBpm><Cadence>20</Cadence><Extensions><ext:TPX><ext:Watts>57.45945945945946</ext:Watts><ext:Torque>20</ext:Torque></ext:TPX></Extensions></Trackpoint><Trackpoint><Time>2025-11-04T11:32:18.307Z</Time><DistanceMeters>6370.558925537618</DistanceMeters><HeartRateBpm><Value>142</Value></HeartRateBpm><Cadence>20</Cadence><Extensions><ext:TPX><ext:Watts>57.945945945945944</ext:Watts><ext:Torque>20</ext:Torque></ext:TPX></Extensions></Trackpoint><Trackpoint><Time>2025-11-04T11:32:19.786Z</Time><DistanceMeters>6376.33512017038</DistanceMeters><HeartRateBpm><Value>141</Value></HeartRateBpm><Cadence>20</Cadence><Extensions><ext:TPX><ext:Watts>58.08108108108108</ext:Watts><ext:Torque>20</ext:Torque></ext:TPX></Extensions></Trackpoint><Trackpoint><Time>2025-11-04T11:32:21.307Z</Time><DistanceMeters>6382.297253607163</DistanceMeters><HeartRateBpm><Value>141</Value></HeartRateBpm><Cadence>20</Cadence><Extensions><ext:TPX><ext:Watts>57.026315789473685</ext:Watts><ext:Torque>20</ext:Torque></ext:TPX></Extensions></Trackpoint><Trackpoint><Time>2025-11-04T11:32:22.826Z</Time><DistanceMeters>6388.198857770476</DistanceMeters><HeartRateBpm><Value>141</Value></HeartRateBpm><Cadence>20</Cadence><Extensions><ext:TPX><ext:Watts>56.44736842105263</ext:Watts><ext:Torque>20</ext:Torque></ext:TPX></Extensions></Trackpoint><Trackpoint><Time>2025-11-04T11:32:24.307Z</Time><DistanceMeters>6394.096005757577</DistanceMeters><HeartRateBpm><Value>141</Value></HeartRateBpm><Cadence>20</Cadence><Extensions><ext:TPX><ext:Watts>59.2972972972973</ext:Watts><ext:Torque>20</ext:Torque></ext:TPX></Extensions></Trackpoint><Trackpoint><Time>2025-11-04T11:32:25.827Z</Time><DistanceMeters>6399.6867095617035</DistanceMeters><HeartRateBpm><Value>141</Value></HeartRateBpm><Cadence>20</Cadence><Extensions><ext:TPX><ext:Watts>53.473684210526315</ext:Watts><ext:Torque>20</ext:Torque></ext:TPX></Extensions></Trackpoint><Trackpoint><Time>2025-11-04T11:32:27.307Z</Time><DistanceMeters>6405.258627418249</DistanceMeters><HeartRateBpm><Value>141</Value></HeartRateBpm><Cadence>20</Cadence><Extensions><ext:TPX><ext:Watts>56.027027027027025</ext:Watts><ext:Torque>20</ext:Torque></ext:TPX></Extensions></Trackpoint><Trackpoint><Time>2025-11-04T11:32:28.827Z</Time><DistanceMeters>6410.997903075438</DistanceMeters><HeartRateBpm><Value>141</Value></HeartRateBpm><Cadence>20</Cadence><Extensions><ext:TPX><ext:Watts>54.89473684210526</ext:Watts><ext:Torque>20</ext:Torque></ext:TPX></Extensions></Trackpoint><Trackpoint><Time>2025-11-04T11:32:30.307Z</Time><DistanceMeters>6416.6235779783565</DistanceMeters><HeartRateBpm><Value>141</Value></HeartRateBpm><Cadence>20</Cadence><Extensions><ext:TPX><ext:Watts>56.567567567567565</ext:Watts><ext:Torque>20</ext:Torque></ext:TPX></Extensions></Trackpoint><Trackpoint><Time>2025-11-04T11:32:31.787Z</Time><DistanceMeters>6422.343327712427</DistanceMeters><HeartRateBpm><Value>140</Value></HeartRateBpm><Cadence>20</Cadence><Extensions><ext:TPX><ext:Watts>57.513513513513516</ext:Watts><ext:Torque>20</ext:Torque></ext:TPX></Extensions></Trackpoint><Trackpoint><Time>2025-11-04T11:32:33.267Z</Time><DistanceMeters>6428.079204560409</DistanceMeters><HeartRateBpm><Value>140</Value></HeartRateBpm><Cadence>20</Cadence><Extensions><ext:TPX><ext:Watts>57.67567567567568</ext:Watts><ext:Torque>20</ext:Torque></ext:TPX></Extensions></Trackpoint><Trackpoint><Time>2025-11-04T11:32:34.747Z</Time><DistanceMeters>6433.946786172005</DistanceMeters><HeartRateBpm><Value>140</Value></HeartRateBpm><Cadence>20</Cadence><Extensions><ext:TPX><ext:Watts>59.0</ext:Watts><ext:Torque>20</ext:Torque></ext:TPX></Extensions></Trackpoint><Trackpoint><Time>2025-11-04T11:32:36.267Z</Time><DistanceMeters>6440.101512751647</DistanceMeters><HeartRateBpm><Value>139</Value></HeartRateBpm><Cadence>20</Cadence><Extensions><ext:TPX><ext:Watts>58.86842105263158</ext:Watts><ext:Torque>20</ext:Torque></ext:TPX></Extensions></Trackpoint><Trackpoint><Time>2025-11-04T11:32:37.747Z</Time><DistanceMeters>6445.9314644307815</DistanceMeters><HeartRateBpm><Value>139</Value></HeartRateBpm><Cadence>20</Cadence><Extensions><ext:TPX><ext:Watts>58.62162162162162</ext:Watts><ext:Torque>20</ext:Torque></ext:TPX></Extensions></Trackpoint><Trackpoint><Time>2025-11-04T11:32:39.227Z</Time><DistanceMeters>6451.917311544397</DistanceMeters><HeartRateBpm><Value>139</Value></HeartRateBpm><Cadence>20</Cadence><Extensions><ext:TPX><ext:Watts>60.189189189189186</ext:Watts><ext:Torque>20</ext:Torque></ext:TPX></Extensions></Trackpoint><Trackpoint><Time>2025-11-04T11:32:40.747Z</Time><DistanceMeters>6457.97574155261</DistanceMeters><HeartRateBpm><Value>139</Value></HeartRateBpm><Cadence>20</Cadence><Extensions><ext:TPX><ext:Watts>57.94736842105263</ext:Watts><ext:Torque>20</ext:Torque></ext:TPX></Extensions></Trackpoint><Trackpoint><Time>2025-11-04T11:32:42.227Z</Time><DistanceMeters>6463.859450278118</DistanceMeters><HeartRateBpm><Value>139</Value></HeartRateBpm><Cadence>20</Cadence><Extensions><ext:TPX><ext:Watts>59.16216216216216</ext:Watts><ext:Torque>20</ext:Torque></ext:TPX></Extensions></Trackpoint><Trackpoint><Time>2025-11-04T11:32:43.707Z</Time><DistanceMeters>6469.761973969857</DistanceMeters><HeartRateBpm><Value>138</Value></HeartRateBpm><Cadence>20</Cadence><Extensions><ext:TPX><ext:Watts>59.351351351351354</ext:Watts><ext:Torque>20</ext:Torque></ext:TPX></Extensions></Trackpoint><Trackpoint><Time>2025-11-04T11:32:45.232Z</Time><DistanceMeters>6476.007494459704</DistanceMeters><HeartRateBpm><Value>138</Value></HeartRateBpm><Cadence>20</Cadence><Extensions><ext:TPX><ext:Watts>59.73684210526316</ext:Watts><ext:Torque>20</ext:Torque></ext:TPX></Extensions></Trackpoint><Trackpoint><Time>2025-11-04T11:32:46.672Z</Time><DistanceMeters>6482.048193670637</DistanceMeters><HeartRateBpm><Value>138</Value></HeartRateBpm><Cadence>21</Cadence><Extensions><ext:TPX><ext:Watts>62.22222222222222</ext:Watts><ext:Torque>20</ext:Torque></ext:TPX></Extensions></Trackpoint><Trackpoint><Time>2025-11-04T11:32:48.152Z</Time><DistanceMeters>6487.829764008036</DistanceMeters><HeartRateBpm><Value>138</Value></HeartRateBpm><Cadence>20</Cadence><Extensions><ext:TPX><ext:Watts>58.13513513513514</ext:Watts><ext:Torque>20</ext:Torque></ext:TPX></Extensions></Trackpoint><Trackpoint><Time>2025-11-04T11:32:49.607Z</Time><DistanceMeters>6493.705633164282</DistanceMeters><HeartRateBpm><Value>138</Value></HeartRateBpm><Cadence>20</Cadence><Extensions><ext:TPX><ext:Watts>59.083333333333336</ext:Watts><ext:Torque>20</ext:Torque></ext:TPX></Extensions></Trackpoint><Trackpoint><Time>2025-11-04T11:32:51.047Z</Time><DistanceMeters>6499.285189712237</DistanceMeters><HeartRateBpm><Value>138</Value></HeartRateBpm><Cadence>21</Cadence><Extensions><ext:TPX><ext:Watts>57.47222222222222</ext:Watts><ext:Torque>20</ext:Torque></ext:TPX></Extensions></Trackpoint><Trackpoint><Time>2025-11-04T11:32:52.567Z</Time><DistanceMeters>6505.280339116368</DistanceMeters><HeartRateBpm><Value>138</Value></HeartRateBpm><Cadence>20</Cadence><Extensions><ext:TPX><ext:Watts>57.3421052631579</ext:Watts><ext:Torque>20</ext:Torque></ext:TPX></Extensions></Trackpoint><Trackpoint><Time>2025-11-04T11:32:54.007Z</Time><DistanceMeters>6511.054060996104</DistanceMeters><HeartRateBpm><Value>138</Value></HeartRateBpm><Cadence>21</Cadence><Extensions><ext:TPX><ext:Watts>59.47222222222222</ext:Watts><ext:Torque>20</ext:Torque></ext:TPX></Extensions></Trackpoint><Trackpoint><Time>2025-11-04T11:32:55.527Z</Time><DistanceMeters>6517.002437779826</DistanceMeters><HeartRateBpm><Value>138</Value></HeartRateBpm><Cadence>20</Cadence><Extensions><ext:TPX><ext:Watts>56.89473684210526</ext:Watts><ext:Torque>20</ext:Torque></ext:TPX></Extensions></Trackpoint><Trackpoint><Time>2025-11-04T11:32:57.092Z</Time><DistanceMeters>6523.102137747223</DistanceMeters><HeartRateBpm><Value>137</Value></HeartRateBpm><Cadence>19</Cadence><Extensions><ext:TPX><ext:Watts>56.84615384615385</ext:Watts><ext:Torque>20</ext:Torque></ext:TPX></Extensions></Trackpoint><Trackpoint><Time>2025-11-04T11:32:58.652Z</Time><DistanceMeters>6528.91019666972</DistanceMeters><HeartRateBpm><Value>138</Value></HeartRateBpm><Cadence>19</Cadence><Extensions><ext:TPX><ext:Watts>54.12820512820513</ext:Watts><ext:Torque>20</ext:Torque></ext:TPX></Extensions></Trackpoint><Trackpoint><Time>2025-11-04T11:33:00.172Z</Time><DistanceMeters>6534.798044179972</DistanceMeters><HeartRateBpm><Value>138</Value></HeartRateBpm><Cadence>20</Cadence><Extensions><ext:TPX><ext:Watts>56.31578947368421</ext:Watts><ext:Torque>20</ext:Torque></ext:TPX></Extensions></Trackpoint><Trackpoint><Time>2025-11-04T11:33:01.732Z</Time><DistanceMeters>6540.922506122879</DistanceMeters><HeartRateBpm><Value>138</Value></HeartRateBpm><Cadence>19</Cadence><Extensions><ext:TPX><ext:Watts>57.07692307692308</ext:Watts><ext:Torque>20</ext:Torque></ext:TPX></Extensions></Trackpoint><Trackpoint><Time>2025-11-04T11:33:03.292Z</Time><DistanceMeters>6546.914904196397</DistanceMeters><HeartRateBpm><Value>138</Value></HeartRateBpm><Cadence>19</Cadence><Extensions><ext:TPX><ext:Watts>55.84615384615385</ext:Watts><ext:Torque>20</ext:Torque></ext:TPX></Extensions></Trackpoint><Trackpoint><Time>2025-11-04T11:33:04.852Z</Time><DistanceMeters>6552.879788963793</DistanceMeters><HeartRateBpm><Value>138</Value></HeartRateBpm><Cadence>19</Cadence><Extensions><ext:TPX><ext:Watts>55.58974358974359</ext:Watts><ext:Torque>20</ext:Torque></ext:TPX></Extensions></Trackpoint><Trackpoint><Time>2025-11-04T11:33:06.377Z</Time><DistanceMeters>6558.806155102617</DistanceMeters><HeartRateBpm><Value>138</Value></HeartRateBpm><Cadence>20</Cadence><Extensions><ext:TPX><ext:Watts>56.68421052631579</ext:Watts><ext:Torque>20</ext:Torque></ext:TPX></Extensions></Trackpoint><Trackpoint><Time>2025-11-04T11:33:07.937Z</Time><DistanceMeters>6564.870087772054</DistanceMeters><HeartRateBpm><Value>138</Value></HeartRateBpm><Cadence>19</Cadence><Extensions><ext:TPX><ext:Watts>56.51282051282051</ext:Watts><ext:Torque>20</ext:Torque></ext:TPX></Extensions></Trackpoint><Trackpoint><Time>2025-11-04T11:33:09.457Z</Time><DistanceMeters>6570.870739837409</DistanceMeters><HeartRateBpm><Value>138</Value></HeartRateBpm><Cadence>20</Cadence><Extensions><ext:TPX><ext:Watts>57.39473684210526</ext:Watts><ext:Torque>20</ext:Torque></ext:TPX></Extensions></Trackpoint><Trackpoint><Time>2025-11-04T11:33:10.977Z</Time><DistanceMeters>6576.901656539499</DistanceMeters><HeartRateBpm><Value>138</Value></HeartRateBpm><Cadence>20</Cadence><Extensions><ext:TPX><ext:Watts>57.68421052631579</ext:Watts><ext:Torque>20</ext:Torque></ext:TPX></Extensions></Trackpoint><Trackpoint><Time>2025-11-04T11:33:12.417Z</Time><DistanceMeters>6582.742796937214</DistanceMeters><HeartRateBpm><Value>138</Value></HeartRateBpm><Cadence>21</Cadence><Extensions><ext:TPX><ext:Watts>60.166666666666664</ext:Watts><ext:Torque>20</ext:Torque></ext:TPX></Extensions></Trackpoint><Trackpoint><Time>2025-11-04T11:33:13.897Z</Time><DistanceMeters>6588.494800899108</DistanceMeters><HeartRateBpm><Value>138</Value></HeartRateBpm><Cadence>20</Cadence><Extensions><ext:TPX><ext:Watts>57.83783783783784</ext:Watts><ext:Torque>20</ext:Torque></ext:TPX></Extensions></Trackpoint><Trackpoint><Time>2025-11-04T11:33:15.377Z</Time><DistanceMeters>6594.139290768257</DistanceMeters><HeartRateBpm><Value>138</Value></HeartRateBpm><Cadence>20</Cadence><Extensions><ext:TPX><ext:Watts>56.75675675675676</ext:Watts><ext:Torque>20</ext:Torque></ext:TPX></Extensions></Trackpoint><Trackpoint><Time>2025-11-04T11:33:16.817Z</Time><DistanceMeters>6599.9076191665545</DistanceMeters><HeartRateBpm><Value>138</Value></HeartRateBpm><Cadence>21</Cadence><Extensions><ext:TPX><ext:Watts>59.416666666666664</ext:Watts><ext:Torque>20</ext:Torque></ext:TPX></Extensions></Trackpoint><Trackpoint><Time>2025-11-04T11:33:18.297Z</Time><DistanceMeters>6605.412340715134</DistanceMeters><HeartRateBpm><Value>139</Value></HeartRateBpm><Cadence>20</Cadence><Extensions><ext:TPX><ext:Watts>55.351351351351354</ext:Watts><ext:Torque>20</ext:Torque></ext:TPX></Extensions></Trackpoint><Trackpoint><Time>2025-11-04T11:33:19.737Z</Time><DistanceMeters>6610.808518894187</DistanceMeters><HeartRateBpm><Value>139</Value></HeartRateBpm><Cadence>21</Cadence><Extensions><ext:TPX><ext:Watts>55.583333333333336</ext:Watts><ext:Torque>20</ext:Torque></ext:TPX></Extensions></Trackpoint><Trackpoint><Time>2025-11-04T11:33:21.182Z</Time><DistanceMeters>6616.312566702007</DistanceMeters><HeartRateBpm><Value>139</Value></HeartRateBpm><Cadence>21</Cadence><Extensions><ext:TPX><ext:Watts>56.69444444444444</ext:Watts><ext:Torque>20</ext:Torque></ext:TPX></Extensions></Trackpoint><Trackpoint><Time>2025-11-04T11:33:22.622Z</Time><DistanceMeters>6621.905606953559</DistanceMeters><HeartRateBpm><Value>140</Value></HeartRateBpm><Cadence>21</Cadence><Extensions><ext:TPX><ext:Watts>57.611111111111114</ext:Watts><ext:Torque>20</ext:Torque></ext:TPX></Extensions></Trackpoint><Trackpoint><Time>2025-11-04T11:33:24.062Z</Time><DistanceMeters>6627.3665069098715</DistanceMeters><HeartRateBpm><Value>140</Value></HeartRateBpm><Cadence>21</Cadence><Extensions><ext:TPX><ext:Watts>56.25</ext:Watts><ext:Torque>20</ext:Torque></ext:TPX></Extensions></Trackpoint><Trackpoint><Time>2025-11-04T11:33:25.542Z</Time><DistanceMeters>6633.121198724085</DistanceMeters><HeartRateBpm><Value>140</Value></HeartRateBpm><Cadence>20</Cadence><Extensions><ext:TPX><ext:Watts>57.86486486486486</ext:Watts><ext:Torque>20</ext:Torque></ext:TPX></Extensions></Trackpoint><Trackpoint><Time>2025-11-04T11:33:27.022Z</Time><DistanceMeters>6638.854387719749</DistanceMeters><HeartRateBpm><Value>140</Value></HeartRateBpm><Cadence>20</Cadence><Extensions><ext:TPX><ext:Watts>57.648648648648646</ext:Watts><ext:Torque>20</ext:Torque></ext:TPX></Extensions></Trackpoint><Trackpoint><Time>2025-11-04T11:33:28.462Z</Time><DistanceMeters>6644.4177638233905</DistanceMeters><HeartRateBpm><Value>141</Value></HeartRateBpm><Cadence>21</Cadence><Extensions><ext:TPX><ext:Watts>57.30555555555556</ext:Watts><ext:Torque>20</ext:Torque></ext:TPX></Extensions></Trackpoint><Trackpoint><Time>2025-11-04T11:33:29.947Z</Time><DistanceMeters>6650.082143799697</DistanceMeters><HeartRateBpm><Value>141</Value></HeartRateBpm><Cadence>20</Cadence><Extensions><ext:TPX><ext:Watts>55.567567567567565</ext:Watts><ext:Torque>20</ext:Torque></ext:TPX></Extensions></Trackpoint><Trackpoint><Time>2025-11-04T11:33:31.467Z</Time><DistanceMeters>6655.483005791578</DistanceMeters><HeartRateBpm><Value>141</Value></HeartRateBpm><Cadence>20</Cadence><Extensions><ext:TPX><ext:Watts>51.6578947368421</ext:Watts><ext:Torque>20</ext:Torque></ext:TPX></Extensions></Trackpoint><Trackpoint><Time>2025-11-04T11:33:32.907Z</Time><DistanceMeters>6661.073349302411</DistanceMeters><HeartRateBpm><Value>141</Value></HeartRateBpm><Cadence>21</Cadence><Extensions><ext:TPX><ext:Watts>57.583333333333336</ext:Watts><ext:Torque>20</ext:Torque></ext:TPX></Extensions></Trackpoint><Trackpoint><Time>2025-11-04T11:33:34.347Z</Time><DistanceMeters>6666.531552518005</DistanceMeters><HeartRateBpm><Value>141</Value></HeartRateBpm><Cadence>21</Cadence><Extensions><ext:TPX><ext:Watts>56.22222222222222</ext:Watts><ext:Torque>20</ext:Torque></ext:TPX></Extensions></Trackpoint><Trackpoint><Time>2025-11-04T11:33:35.827Z</Time><DistanceMeters>6672.299683593811</DistanceMeters><HeartRateBpm><Value>141</Value></HeartRateBpm><Cadence>20</Cadence><Extensions><ext:TPX><ext:Watts>58.0</ext:Watts><ext:Torque>20</ext:Torque></ext:TPX></Extensions></Trackpoint><Trackpoint><Time>2025-11-04T11:33:37.347Z</Time><DistanceMeters>6678.234303724472</DistanceMeters><HeartRateBpm><Value>141</Value></HeartRateBpm><Cadence>20</Cadence><Extensions><ext:TPX><ext:Watts>56.76315789473684</ext:Watts><ext:Torque>20</ext:Torque></ext:TPX></Extensions></Trackpoint><Trackpoint><Time>2025-11-04T11:33:38.827Z</Time><DistanceMeters>6683.717522454502</DistanceMeters><HeartRateBpm><Value>141</Value></HeartRateBpm><Cadence>20</Cadence><Extensions><ext:TPX><ext:Watts>55.13513513513514</ext:Watts><ext:Torque>20</ext:Torque></ext:TPX></Extensions></Trackpoint><Trackpoint><Time>2025-11-04T11:33:40.272Z</Time><DistanceMeters>6689.019314708384</DistanceMeters><HeartRateBpm><Value>140</Value></HeartRateBpm><Cadence>21</Cadence><Extensions><ext:TPX><ext:Watts>54.611111111111114</ext:Watts><ext:Torque>20</ext:Torque></ext:TPX></Extensions></Trackpoint><Trackpoint><Time>2025-11-04T11:33:41.713Z</Time><DistanceMeters>6694.582690812025</DistanceMeters><HeartRateBpm><Value>140</Value></HeartRateBpm><Cadence>21</Cadence><Extensions><ext:TPX><ext:Watts>57.30555555555556</ext:Watts><ext:Torque>20</ext:Torque></ext:TPX></Extensions></Trackpoint><Trackpoint><Time>2025-11-04T11:33:43.198Z</Time><DistanceMeters>6700.541860991379</DistanceMeters><HeartRateBpm><Value>140</Value></HeartRateBpm><Cadence>20</Cadence><Extensions><ext:TPX><ext:Watts>58.45945945945946</ext:Watts><ext:Torque>20</ext:Torque></ext:TPX></Extensions></Trackpoint><Trackpoint><Time>2025-11-04T11:33:44.642Z</Time><DistanceMeters>6706.0998436135815</DistanceMeters><HeartRateBpm><Value>140</Value></HeartRateBpm><Cadence>21</Cadence><Extensions><ext:TPX><ext:Watts>57.25</ext:Watts><ext:Torque>20</ext:Torque></ext:TPX></Extensions></Trackpoint><Trackpoint><Time>2025-11-04T11:33:46.122Z</Time><DistanceMeters>6711.604565162161</DistanceMeters><HeartRateBpm><Value>140</Value></HeartRateBpm><Cadence>20</Cadence><Extensions><ext:TPX><ext:Watts>55.351351351351354</ext:Watts><ext:Torque>20</ext:Torque></ext:TPX></Extensions></Trackpoint><Trackpoint><Time>2025-11-04T11:33:47.563Z</Time><DistanceMeters>6717.138277117891</DistanceMeters><HeartRateBpm><Value>140</Value></HeartRateBpm><Cadence>21</Cadence><Extensions><ext:TPX><ext:Watts>57.0</ext:Watts><ext:Torque>20</ext:Torque></ext:TPX></Extensions></Trackpoint><Trackpoint><Time>2025-11-04T11:33:49.045Z</Time><DistanceMeters>6722.648374371108</DistanceMeters><HeartRateBpm><Value>140</Value></HeartRateBpm><Cadence>20</Cadence><Extensions><ext:TPX><ext:Watts>54.054054054054056</ext:Watts><ext:Torque>20</ext:Torque></ext:TPX></Extensions></Trackpoint><Trackpoint><Time>2025-11-04T11:33:50.522Z</Time><DistanceMeters>6728.126217396501</DistanceMeters><HeartRateBpm><Value>139</Value></HeartRateBpm><Cadence>20</Cadence><Extensions><ext:TPX><ext:Watts>55.08108108108108</ext:Watts><ext:Torque>20</ext:Torque></ext:TPX></Extensions></Trackpoint><Trackpoint><Time>2025-11-04T11:33:52.002Z</Time><DistanceMeters>6733.617499683487</DistanceMeters><HeartRateBpm><Value>139</Value></HeartRateBpm><Cadence>20</Cadence><Extensions><ext:TPX><ext:Watts>55.21621621621622</ext:Watts><ext:Torque>20</ext:Torque></ext:TPX></Extensions></Trackpoint><Trackpoint><Time>2025-11-04T11:33:53.483Z</Time><DistanceMeters>6739.143724050616</DistanceMeters><HeartRateBpm><Value>138</Value></HeartRateBpm><Cadence>20</Cadence><Extensions><ext:TPX><ext:Watts>55.567567567567565</ext:Watts><ext:Torque>20</ext:Torque></ext:TPX></Extensions></Trackpoint><Trackpoint><Time>2025-11-04T11:33:54.962Z</Time><DistanceMeters>6744.608127814416</DistanceMeters><HeartRateBpm><Value>138</Value></HeartRateBpm><Cadence>20</Cadence><Extensions><ext:TPX><ext:Watts>54.945945945945944</ext:Watts><ext:Torque>20</ext:Torque></ext:TPX></Extensions></Trackpoint><Trackpoint><Time>2025-11-04T11:33:56.408Z</Time><DistanceMeters>6750.373496375339</DistanceMeters><HeartRateBpm><Value>138</Value></HeartRateBpm><Cadence>20</Cadence><Extensions><ext:TPX><ext:Watts>57.97222222222222</ext:Watts><ext:Torque>20</ext:Torque></ext:TPX></Extensions></Trackpoint><Trackpoint><Time>2025-11-04T11:33:57.928Z</Time><DistanceMeters>6756.016475461099</DistanceMeters><HeartRateBpm><Value>138</Value></HeartRateBpm><Cadence>20</Cadence><Extensions><ext:TPX><ext:Watts>53.973684210526315</ext:Watts><ext:Torque>20</ext:Torque></ext:TPX></Extensions></Trackpoint><Trackpoint><Time>2025-11-04T11:33:59.408Z</Time><DistanceMeters>6761.467439963305</DistanceMeters><HeartRateBpm><Value>137</Value></HeartRateBpm><Cadence>20</Cadence><Extensions><ext:TPX><ext:Watts>54.810810810810814</ext:Watts><ext:Torque>20</ext:Torque></ext:TPX></Extensions></Trackpoint><Trackpoint><Time>2025-11-04T11:34:00.928Z</Time><DistanceMeters>6767.360790134781</DistanceMeters><HeartRateBpm><Value>137</Value></HeartRateBpm><Cadence>20</Cadence><Extensions><ext:TPX><ext:Watts>56.36842105263158</ext:Watts><ext:Torque>20</ext:Torque></ext:TPX></Extensions></Trackpoint><Trackpoint><Time>2025-11-04T11:34:02.453Z</Time><DistanceMeters>6773.155092404217</DistanceMeters><HeartRateBpm><Value>137</Value></HeartRateBpm><Cadence>20</Cadence><Extensions><ext:TPX><ext:Watts>55.421052631578945</ext:Watts><ext:Torque>20</ext:Torque></ext:TPX></Extensions></Trackpoint><Trackpoint><Time>2025-11-04T11:34:03.933Z</Time><DistanceMeters>6778.735073817718</DistanceMeters><HeartRateBpm><Value>137</Value></HeartRateBpm><Cadence>20</Cadence><Extensions><ext:TPX><ext:Watts>56.108108108108105</ext:Watts><ext:Torque>20</ext:Torque></ext:TPX></Extensions></Trackpoint><Trackpoint><Time>2025-11-04T11:34:05.413Z</Time><DistanceMeters>6784.285488855715</DistanceMeters><HeartRateBpm><Value>137</Value></HeartRateBpm><Cadence>20</Cadence><Extensions><ext:TPX><ext:Watts>55.810810810810814</ext:Watts><ext:Torque>20</ext:Torque></ext:TPX></Extensions></Trackpoint><Trackpoint><Time>2025-11-04T11:34:06.898Z</Time><DistanceMeters>6790.035275339446</DistanceMeters><HeartRateBpm><Value>137</Value></HeartRateBpm><Cadence>20</Cadence><Extensions><ext:TPX><ext:Watts>56.4054054054054</ext:Watts><ext:Torque>20</ext:Torque></ext:TPX></Extensions></Trackpoint><Trackpoint><Time>2025-11-04T11:34:08.418Z</Time><DistanceMeters>6795.771799666024</DistanceMeters><HeartRateBpm><Value>137</Value></HeartRateBpm><Cadence>20</Cadence><Extensions><ext:TPX><ext:Watts>54.86842105263158</ext:Watts><ext:Torque>20</ext:Torque></ext:TPX></Extensions></Trackpoint><Trackpoint><Time>2025-11-04T11:34:09.938Z</Time><DistanceMeters>6801.637636531378</DistanceMeters><HeartRateBpm><Value>136</Value></HeartRateBpm><Cadence>20</Cadence><Extensions><ext:TPX><ext:Watts>56.10526315789474</ext:Watts><ext:Torque>20</ext:Torque></ext:TPX></Extensions></Trackpoint><Trackpoint><Time>2025-11-04T11:34:11.418Z</Time><DistanceMeters>6807.384264788635</DistanceMeters><HeartRateBpm><Value>136</Value></HeartRateBpm><Cadence>20</Cadence><Extensions><ext:TPX><ext:Watts>57.78378378378378</ext:Watts><ext:Torque>20</ext:Torque></ext:TPX></Extensions></Trackpoint><Trackpoint><Time>2025-11-04T11:34:12.938Z</Time><DistanceMeters>6812.991476576436</DistanceMeters><HeartRateBpm><Value>136</Value></HeartRateBpm><Cadence>20</Cadence><Extensions><ext:TPX><ext:Watts>53.63157894736842</ext:Watts><ext:Torque>20</ext:Torque></ext:TPX></Extensions></Trackpoint><Trackpoint><Time>2025-11-04T11:34:14.418Z</Time><DistanceMeters>6818.490822420378</DistanceMeters><HeartRateBpm><Value>136</Value></HeartRateBpm><Cadence>20</Cadence><Extensions><ext:TPX><ext:Watts>55.2972972972973</ext:Watts><ext:Torque>20</ext:Torque></ext:TPX></Extensions></Trackpoint><Trackpoint><Time>2025-11-04T11:34:15.860Z</Time><DistanceMeters>6824.183642078539</DistanceMeters><HeartRateBpm><Value>136</Value></HeartRateBpm><Cadence>21</Cadence><Extensions><ext:TPX><ext:Watts>58.638888888888886</ext:Watts><ext:Torque>20</ext:Torque></ext:TPX></Extensions></Trackpoint><Trackpoint><Time>2025-11-04T11:34:17.338Z</Time><DistanceMeters>6830.056599394773</DistanceMeters><HeartRateBpm><Value>136</Value></HeartRateBpm><Cadence>20</Cadence><Extensions><ext:TPX><ext:Watts>59.054054054054056</ext:Watts><ext:Torque>20</ext:Torque></ext:TPX></Extensions></Trackpoint><Trackpoint><Time>2025-11-04T11:34:18.818Z</Time><DistanceMeters>6835.757534162613</DistanceMeters><HeartRateBpm><Value>136</Value></HeartRateBpm><Cadence>20</Cadence><Extensions><ext:TPX><ext:Watts>57.32432432432432</ext:Watts><ext:Torque>20</ext:Torque></ext:TPX></Extensions></Trackpoint><Trackpoint><Time>2025-11-04T11:34:20.298Z</Time><DistanceMeters>6841.372457656257</DistanceMeters><HeartRateBpm><Value>136</Value></HeartRateBpm><Cadence>20</Cadence><Extensions><ext:TPX><ext:Watts>56.45945945945946</ext:Watts><ext:Torque>20</ext:Torque></ext:TPX></Extensions></Trackpoint><Trackpoint><Time>2025-11-04T11:34:21.778Z</Time><DistanceMeters>6847.02769893468</DistanceMeters><HeartRateBpm><Value>136</Value></HeartRateBpm><Cadence>20</Cadence><Extensions><ext:TPX><ext:Watts>56.86486486486486</ext:Watts><ext:Torque>20</ext:Torque></ext:TPX></Extensions></Trackpoint><Trackpoint><Time>2025-11-04T11:34:23.258Z</Time><DistanceMeters>6852.465224175294</DistanceMeters><HeartRateBpm><Value>136</Value></HeartRateBpm><Cadence>20</Cadence><Extensions><ext:TPX><ext:Watts>54.67567567567568</ext:Watts><ext:Torque>20</ext:Torque></ext:TPX></Extensions></Trackpoint><Trackpoint><Time>2025-11-04T11:34:24.738Z</Time><DistanceMeters>6858.168846795453</DistanceMeters><HeartRateBpm><Value>136</Value></HeartRateBpm><Cadence>20</Cadence><Extensions><ext:TPX><ext:Watts>57.351351351351354</ext:Watts><ext:Torque>20</ext:Torque></ext:TPX></Extensions></Trackpoint><Trackpoint><Time>2025-11-04T11:34:26.223Z</Time><DistanceMeters>6863.830471723133</DistanceMeters><HeartRateBpm><Value>136</Value></HeartRateBpm><Cadence>20</Cadence><Extensions><ext:TPX><ext:Watts>55.54054054054054</ext:Watts><ext:Torque>20</ext:Torque></ext:TPX></Extensions></Trackpoint><Trackpoint><Time>2025-11-04T11:34:27.663Z</Time><DistanceMeters>6869.412725011808</DistanceMeters><HeartRateBpm><Value>136</Value></HeartRateBpm><Cadence>21</Cadence><Extensions><ext:TPX><ext:Watts>57.5</ext:Watts><ext:Torque>20</ext:Torque></ext:TPX></Extensions></Trackpoint><Trackpoint><Time>2025-11-04T11:34:29.143Z</Time><DistanceMeters>6875.057214880957</DistanceMeters><HeartRateBpm><Value>136</Value></HeartRateBpm><Cadence>20</Cadence><Extensions><ext:TPX><ext:Watts>56.75675675675676</ext:Watts><ext:Torque>20</ext:Torque></ext:TPX></Extensions></Trackpoint><Trackpoint><Time>2025-11-04T11:34:30.623Z</Time><DistanceMeters>6880.81190669517</DistanceMeters><HeartRateBpm><Value>136</Value></HeartRateBpm><Cadence>20</Cadence><Extensions><ext:TPX><ext:Watts>57.86486486486486</ext:Watts><ext:Torque>20</ext:Torque></ext:TPX></Extensions></Trackpoint><Trackpoint><Time>2025-11-04T11:34:32.103Z</Time><DistanceMeters>6886.37576099476</DistanceMeters><HeartRateBpm><Value>136</Value></HeartRateBpm><Cadence>20</Cadence><Extensions><ext:TPX><ext:Watts>55.945945945945944</ext:Watts><ext:Torque>20</ext:Torque></ext:TPX></Extensions></Trackpoint><Trackpoint><Time>2025-11-04T11:34:33.583Z</Time><DistanceMeters>6891.872418986383</DistanceMeters><HeartRateBpm><Value>136</Value></HeartRateBpm><Cadence>20</Cadence><Extensions><ext:TPX><ext:Watts>55.270270270270274</ext:Watts><ext:Torque>20</ext:Torque></ext:TPX></Extensions></Trackpoint><Trackpoint><Time>2025-11-04T11:34:35.103Z</Time><DistanceMeters>6897.65571593337</DistanceMeters><HeartRateBpm><Value>136</Value></HeartRateBpm><Cadence>20</Cadence><Extensions><ext:TPX><ext:Watts>55.31578947368421</ext:Watts><ext:Torque>20</ext:Torque></ext:TPX></Extensions></Trackpoint><Trackpoint><Time>2025-11-04T11:34:36.583Z</Time><DistanceMeters>6903.136246811081</DistanceMeters><HeartRateBpm><Value>135</Value></HeartRateBpm><Cadence>20</Cadence><Extensions><ext:TPX><ext:Watts>55.108108108108105</ext:Watts><ext:Torque>20</ext:Torque></ext:TPX></Extensions></Trackpoint><Trackpoint><Time>2025-11-04T11:34:38.103Z</Time><DistanceMeters>6909.054358958068</DistanceMeters><HeartRateBpm><Value>135</Value></HeartRateBpm><Cadence>20</Cadence><Extensions><ext:TPX><ext:Watts>56.60526315789474</ext:Watts><ext:Torque>20</ext:Torque></ext:TPX></Extensions></Trackpoint><Trackpoint><Time>2025-11-04T11:34:39.623Z</Time><DistanceMeters>6914.887179856075</DistanceMeters><HeartRateBpm><Value>135</Value></HeartRateBpm><Cadence>20</Cadence><Extensions><ext:TPX><ext:Watts>55.78947368421053</ext:Watts><ext:Torque>20</ext:Torque></ext:TPX></Extensions></Trackpoint><Trackpoint><Time>2025-11-04T11:34:41.063Z</Time><DistanceMeters>6920.593483217832</DistanceMeters><HeartRateBpm><Value>135</Value></HeartRateBpm><Cadence>21</Cadence><Extensions><ext:TPX><ext:Watts>58.77777777777778</ext:Watts><ext:Torque>20</ext:Torque></ext:TPX></Extensions></Trackpoint><Trackpoint><Time>2025-11-04T11:34:42.553Z</Time><DistanceMeters>6926.362555041949</DistanceMeters><HeartRateBpm><Value>136</Value></HeartRateBpm><Cadence>20</Cadence><Extensions><ext:TPX><ext:Watts>56.5945945945946</ext:Watts><ext:Torque>20</ext:Torque></ext:TPX></Extensions></Trackpoint><Trackpoint><Time>2025-11-04T11:34:44.033Z</Time><DistanceMeters>6931.910282227626</DistanceMeters><HeartRateBpm><Value>136</Value></HeartRateBpm><Cadence>20</Cadence><Extensions><ext:TPX><ext:Watts>55.78378378378378</ext:Watts><ext:Torque>20</ext:Torque></ext:TPX></Extensions></Trackpoint><Trackpoint><Time>2025-11-04T11:34:45.478Z</Time><DistanceMeters>6937.897046624176</DistanceMeters><HeartRateBpm><Value>136</Value></HeartRateBpm><Cadence>21</Cadence><Extensions><ext:TPX><ext:Watts>61.666666666666664</ext:Watts><ext:Torque>20</ext:Torque></ext:TPX></Extensions></Trackpoint><Trackpoint><Time>2025-11-04T11:34:46.998Z</Time><DistanceMeters>6943.84817473851</DistanceMeters><HeartRateBpm><Value>136</Value></HeartRateBpm><Cadence>20</Cadence><Extensions><ext:TPX><ext:Watts>56.921052631578945</ext:Watts><ext:Torque>20</ext:Torque></ext:TPX></Extensions></Trackpoint><Trackpoint><Time>2025-11-04T11:34:48.518Z</Time><DistanceMeters>6949.846075473253</DistanceMeters><HeartRateBpm><Value>136</Value></HeartRateBpm><Cadence>20</Cadence><Extensions><ext:TPX><ext:Watts>57.36842105263158</ext:Watts><ext:Torque>20</ext:Torque></ext:TPX></Extensions></Trackpoint><Trackpoint><Time>2025-11-04T11:34:50.083Z</Time><DistanceMeters>6955.780695603914</DistanceMeters><HeartRateBpm><Value>136</Value></HeartRateBpm><Cadence>19</Cadence><Extensions><ext:TPX><ext:Watts>55.30769230769231</ext:Watts><ext:Torque>20</ext:Torque></ext:TPX></Extensions></Trackpoint><Trackpoint><Time>2025-11-04T11:34:51.603Z</Time><DistanceMeters>6961.701559081514</DistanceMeters><HeartRateBpm><Value>136</Value></HeartRateBpm><Cadence>20</Cadence><Extensions><ext:TPX><ext:Watts>56.63157894736842</ext:Watts><ext:Torque>20</ext:Torque></ext:TPX></Extensions></Trackpoint><Trackpoint><Time>2025-11-04T11:34:53.163Z</Time><DistanceMeters>6968.095651424423</DistanceMeters><HeartRateBpm><Value>137</Value></HeartRateBpm><Cadence>19</Cadence><Extensions><ext:TPX><ext:Watts>59.58974358974359</ext:Watts><ext:Torque>20</ext:Torque></ext:TPX></Extensions></Trackpoint><Trackpoint><Time>2025-11-04T11:34:54.688Z</Time><DistanceMeters>6974.387944534678</DistanceMeters><HeartRateBpm><Value>137</Value></HeartRateBpm><Cadence>20</Cadence><Extensions><ext:TPX><ext:Watts>60.18421052631579</ext:Watts><ext:Torque>20</ext:Torque></ext:TPX></Extensions></Trackpoint><Trackpoint><Time>2025-11-04T11:34:56.208Z</Time><DistanceMeters>6980.691242967383</DistanceMeters><HeartRateBpm><Value>137</Value></HeartRateBpm><Cadence>20</Cadence><Extensions><ext:TPX><ext:Watts>60.28947368421053</ext:Watts><ext:Torque>20</ext:Torque></ext:TPX></Extensions></Trackpoint><Trackpoint><Time>2025-11-04T11:34:57.773Z</Time><DistanceMeters>6986.895493498046</DistanceMeters><HeartRateBpm><Value>137</Value></HeartRateBpm><Cadence>19</Cadence><Extensions><ext:TPX><ext:Watts>57.82051282051282</ext:Watts><ext:Torque>20</ext:Torque></ext:TPX></Extensions></Trackpoint><Trackpoint><Time>2025-11-04T11:34:59.293Z</Time><DistanceMeters>6993.2373105593215</DistanceMeters><HeartRateBpm><Value>136</Value></HeartRateBpm><Cadence>20</Cadence><Extensions><ext:TPX><ext:Watts>60.6578947368421</ext:Watts><ext:Torque>20</ext:Torque></ext:TPX></Extensions></Trackpoint><Trackpoint><Time>2025-11-04T11:35:00.773Z</Time><DistanceMeters>6999.188215592795</DistanceMeters><HeartRateBpm><Value>136</Value></HeartRateBpm><Cadence>20</Cadence><Extensions><ext:TPX><ext:Watts>59.83783783783784</ext:Watts><ext:Torque>20</ext:Torque></ext:TPX></Extensions></Trackpoint><Trackpoint><Time>2025-11-04T11:35:02.293Z</Time><DistanceMeters>7005.304423543866</DistanceMeters><HeartRateBpm><Value>137</Value></HeartRateBpm><Cadence>20</Cadence><Extensions><ext:TPX><ext:Watts>58.5</ext:Watts><ext:Torque>20</ext:Torque></ext:TPX></Extensions></Trackpoint><Trackpoint><Time>2025-11-04T11:35:03.779Z</Time><DistanceMeters>7011.483997613348</DistanceMeters><HeartRateBpm><Value>137</Value></HeartRateBpm><Cadence>20</Cadence><Extensions><ext:TPX><ext:Watts>60.62162162162162</ext:Watts><ext:Torque>20</ext:Torque></ext:TPX></Extensions></Trackpoint><Trackpoint><Time>2025-11-04T11:35:05.298Z</Time><DistanceMeters>7017.498406331764</DistanceMeters><HeartRateBpm><Value>137</Value></HeartRateBpm><Cadence>20</Cadence><Extensions><ext:TPX><ext:Watts>57.526315789473685</ext:Watts><ext:Torque>20</ext:Torque></ext:TPX></Extensions></Trackpoint><Trackpoint><Time>2025-11-04T11:35:06.779Z</Time><DistanceMeters>7023.30685519235</DistanceMeters><HeartRateBpm><Value>137</Value></HeartRateBpm><Cadence>20</Cadence><Extensions><ext:TPX><ext:Watts>58.4054054054054</ext:Watts><ext:Torque>20</ext:Torque></ext:TPX></Extensions></Trackpoint><Trackpoint><Time>2025-11-04T11:35:08.263Z</Time><DistanceMeters>7029.12276284312</DistanceMeters><HeartRateBpm><Value>137</Value></HeartRateBpm><Cadence>20</Cadence><Extensions><ext:TPX><ext:Watts>57.054054054054056</ext:Watts><ext:Torque>20</ext:Torque></ext:TPX></Extensions></Trackpoint><Trackpoint><Time>2025-11-04T11:35:09.759Z</Time><DistanceMeters>7035.070912827967</DistanceMeters><HeartRateBpm><Value>137</Value></HeartRateBpm><Cadence>20</Cadence><Extensions><ext:TPX><ext:Watts>58.351351351351354</ext:Watts><ext:Torque>20</ext:Torque></ext:TPX></Extensions></Trackpoint><Trackpoint><Time>2025-11-04T11:35:11.238Z</Time><DistanceMeters>7040.796038266675</DistanceMeters><HeartRateBpm><Value>138</Value></HeartRateBpm><Cadence>20</Cadence><Extensions><ext:TPX><ext:Watts>57.567567567567565</ext:Watts><ext:Torque>20</ext:Torque></ext:TPX></Extensions></Trackpoint><Trackpoint><Time>2025-11-04T11:35:12.723Z</Time><DistanceMeters>7046.661536792724</DistanceMeters><HeartRateBpm><Value>138</Value></HeartRateBpm><Cadence>20</Cadence><Extensions><ext:TPX><ext:Watts>57.54054054054054</ext:Watts><ext:Torque>20</ext:Torque></ext:TPX></Extensions></Trackpoint><Trackpoint><Time>2025-11-04T11:35:14.204Z</Time><DistanceMeters>7052.297963104917</DistanceMeters><HeartRateBpm><Value>138</Value></HeartRateBpm><Cadence>20</Cadence><Extensions><ext:TPX><ext:Watts>56.67567567567568</ext:Watts><ext:Torque>20</ext:Torque></ext:TPX></Extensions></Trackpoint><Trackpoint><Time>2025-11-04T11:35:15.684Z</Time><DistanceMeters>7057.888695927692</DistanceMeters><HeartRateBpm><Value>139</Value></HeartRateBpm><Cadence>20</Cadence><Extensions><ext:TPX><ext:Watts>56.21621621621622</ext:Watts><ext:Torque>20</ext:Torque></ext:TPX></Extensions></Trackpoint><Trackpoint><Time>2025-11-04T11:35:17.123Z</Time><DistanceMeters>7063.319931736094</DistanceMeters><HeartRateBpm><Value>139</Value></HeartRateBpm><Cadence>21</Cadence><Extensions><ext:TPX><ext:Watts>55.94444444444444</ext:Watts><ext:Torque>20</ext:Torque></ext:TPX></Extensions></Trackpoint><Trackpoint><Time>2025-11-04T11:35:18.603Z</Time><DistanceMeters>7068.956358048286</DistanceMeters><HeartRateBpm><Value>139</Value></HeartRateBpm><Cadence>20</Cadence><Extensions><ext:TPX><ext:Watts>56.67567567567568</ext:Watts><ext:Torque>20</ext:Torque></ext:TPX></Extensions></Trackpoint><Trackpoint><Time>2025-11-04T11:35:20.044Z</Time><DistanceMeters>7074.657267928605</DistanceMeters><HeartRateBpm><Value>140</Value></HeartRateBpm><Cadence>21</Cadence><Extensions><ext:TPX><ext:Watts>58.72222222222222</ext:Watts><ext:Torque>20</ext:Torque></ext:TPX></Extensions></Trackpoint><Trackpoint><Time>2025-11-04T11:35:21.524Z</Time><DistanceMeters>7080.239937194425</DistanceMeters><HeartRateBpm><Value>140</Value></HeartRateBpm><Cadence>20</Cadence><Extensions><ext:TPX><ext:Watts>56.13513513513514</ext:Watts><ext:Torque>20</ext:Torque></ext:TPX></Extensions></Trackpoint><Trackpoint><Time>2025-11-04T11:35:23.004Z</Time><DistanceMeters>7085.803791494014</DistanceMeters><HeartRateBpm><Value>141</Value></HeartRateBpm><Cadence>20</Cadence><Extensions><ext:TPX><ext:Watts>55.945945945945944</ext:Watts><ext:Torque>20</ext:Torque></ext:TPX></Extensions></Trackpoint><Trackpoint><Time>2025-11-04T11:35:24.484Z</Time><DistanceMeters>7091.399900021427</DistanceMeters><HeartRateBpm><Value>141</Value></HeartRateBpm><Cadence>20</Cadence><Extensions><ext:TPX><ext:Watts>56.270270270270274</ext:Watts><ext:Torque>20</ext:Torque></ext:TPX></Extensions></Trackpoint><Trackpoint><Time>2025-11-04T11:35:25.964Z</Time><DistanceMeters>7097.039014185939</DistanceMeters><HeartRateBpm><Value>141</Value></HeartRateBpm><Cadence>20</Cadence><Extensions><ext:TPX><ext:Watts>56.7027027027027</ext:Watts><ext:Torque>20</ext:Torque></ext:TPX></Extensions></Trackpoint><Trackpoint><Time>2025-11-04T11:35:27.444Z</Time><DistanceMeters>7102.584053519297</DistanceMeters><HeartRateBpm><Value>142</Value></HeartRateBpm><Cadence>20</Cadence><Extensions><ext:TPX><ext:Watts>55.75675675675676</ext:Watts><ext:Torque>20</ext:Torque></ext:TPX></Extensions></Trackpoint><Trackpoint><Time>2025-11-04T11:35:28.924Z</Time><DistanceMeters>7108.169410637436</DistanceMeters><HeartRateBpm><Value>142</Value></HeartRateBpm><Cadence>20</Cadence><Extensions><ext:TPX><ext:Watts>56.16216216216216</ext:Watts><ext:Torque>20</ext:Torque></ext:TPX></Extensions></Trackpoint><Trackpoint><Time>2025-11-04T11:35:30.404Z</Time><DistanceMeters>7113.797773392673</DistanceMeters><HeartRateBpm><Value>142</Value></HeartRateBpm><Cadence>20</Cadence><Extensions><ext:TPX><ext:Watts>56.5945945945946</ext:Watts><ext:Torque>20</ext:Torque></ext:TPX></Extensions></Trackpoint><Trackpoint><Time>2025-11-04T11:35:31.844Z</Time><DistanceMeters>7119.579585494566</DistanceMeters><HeartRateBpm><Value>143</Value></HeartRateBpm><Cadence>21</Cadence><Extensions><ext:TPX><ext:Watts>59.55555555555556</ext:Watts><ext:Torque>20</ext:Torque></ext:TPX></Extensions></Trackpoint><Trackpoint><Time>2025-11-04T11:35:33.324Z</Time><DistanceMeters>7125.248266034583</DistanceMeters><HeartRateBpm><Value>143</Value></HeartRateBpm><Cadence>20</Cadence><Extensions><ext:TPX><ext:Watts>57.0</ext:Watts><ext:Torque>20</ext:Torque></ext:TPX></Extensions></Trackpoint><Trackpoint><Time>2025-11-04T11:35:34.804Z</Time><DistanceMeters>7130.93576154083</DistanceMeters><HeartRateBpm><Value>143</Value></HeartRateBpm><Cadence>20</Cadence><Extensions><ext:TPX><ext:Watts>57.189189189189186</ext:Watts><ext:Torque>20</ext:Torque></ext:TPX></Extensions></Trackpoint><Trackpoint><Time>2025-11-04T11:35:36.244Z</Time><DistanceMeters>7136.776901938545</DistanceMeters><HeartRateBpm><Value>143</Value></HeartRateBpm><Cadence>21</Cadence><Extensions><ext:TPX><ext:Watts>60.166666666666664</ext:Watts><ext:Torque>20</ext:Torque></ext:TPX></Extensions></Trackpoint><Trackpoint><Time>2025-11-04T11:35:37.684Z</Time><DistanceMeters>7142.418483523042</DistanceMeters><HeartRateBpm><Value>143</Value></HeartRateBpm><Cadence>21</Cadence><Extensions><ext:TPX><ext:Watts>58.111111111111114</ext:Watts><ext:Torque>20</ext:Torque></ext:TPX></Extensions></Trackpoint><Trackpoint><Time>2025-11-04T11:35:39.124Z</Time><DistanceMeters>7148.081639033292</DistanceMeters><HeartRateBpm><Value>143</Value></HeartRateBpm><Cadence>21</Cadence><Extensions><ext:TPX><ext:Watts>58.333333333333336</ext:Watts><ext:Torque>20</ext:Torque></ext:TPX></Extensions></Trackpoint><Trackpoint><Time>2025-11-04T11:35:40.569Z</Time><DistanceMeters>7153.8391804687135</DistanceMeters><HeartRateBpm><Value>143</Value></HeartRateBpm><Cadence>21</Cadence><Extensions><ext:TPX><ext:Watts>59.30555555555556</ext:Watts><ext:Torque>20</ext:Torque></ext:TPX></Extensions></Trackpoint><Trackpoint><Time>2025-11-04T11:35:42.009Z</Time><DistanceMeters>7159.397163090916</DistanceMeters><HeartRateBpm><Value>143</Value></HeartRateBpm><Cadence>21</Cadence><Extensions><ext:TPX><ext:Watts>57.25</ext:Watts><ext:Torque>20</ext:Torque></ext:TPX></Extensions></Trackpoint><Trackpoint><Time>2025-11-04T11:35:43.454Z</Time><DistanceMeters>7165.119646896988</DistanceMeters><HeartRateBpm><Value>142</Value></HeartRateBpm><Cadence>21</Cadence><Extensions><ext:TPX><ext:Watts>58.94444444444444</ext:Watts><ext:Torque>20</ext:Torque></ext:TPX></Extensions></Trackpoint><Trackpoint><Time>2025-11-04T11:35:44.854Z</Time><DistanceMeters>7170.901258311201</DistanceMeters><HeartRateBpm><Value>142</Value></HeartRateBpm><Cadence>22</Cadence><Extensions><ext:TPX><ext:Watts>60.97142857142857</ext:Watts><ext:Torque>20</ext:Torque></ext:TPX></Extensions></Trackpoint><Trackpoint><Time>2025-11-04T11:35:46.294Z</Time><DistanceMeters>7176.580594265766</DistanceMeters><HeartRateBpm><Value>142</Value></HeartRateBpm><Cadence>21</Cadence><Extensions><ext:TPX><ext:Watts>58.5</ext:Watts><ext:Torque>20</ext:Torque></ext:TPX></Extensions></Trackpoint><Trackpoint><Time>2025-11-04T11:35:47.734Z</Time><DistanceMeters>7182.311168293995</DistanceMeters><HeartRateBpm><Value>142</Value></HeartRateBpm><Cadence>21</Cadence><Extensions><ext:TPX><ext:Watts>59.02777777777778</ext:Watts><ext:Torque>20</ext:Torque></ext:TPX></Extensions></Trackpoint><Trackpoint><Time>2025-11-04T11:35:49.174Z</Time><DistanceMeters>7187.885331360513</DistanceMeters><HeartRateBpm><Value>142</Value></HeartRateBpm><Cadence>21</Cadence><Extensions><ext:TPX><ext:Watts>57.416666666666664</ext:Watts><ext:Torque>20</ext:Torque></ext:TPX></Extensions></Trackpoint><Trackpoint><Time>2025-11-04T11:35:50.614Z</Time><DistanceMeters>7193.55927383364</DistanceMeters><HeartRateBpm><Value>142</Value></HeartRateBpm><Cadence>21</Cadence><Extensions><ext:TPX><ext:Watts>58.44444444444444</ext:Watts><ext:Torque>20</ext:Torque></ext:TPX></Extensions></Trackpoint><Trackpoint><Time>2025-11-04T11:35:52.054Z</Time><DistanceMeters>7199.084895567213</DistanceMeters><HeartRateBpm><Value>142</Value></HeartRateBpm><Cadence>21</Cadence><Extensions><ext:TPX><ext:Watts>56.916666666666664</ext:Watts><ext:Torque>20</ext:Torque></ext:TPX></Extensions></Trackpoint><Trackpoint><Time>2025-11-04T11:35:53.536Z</Time><DistanceMeters>7204.87876282897</DistanceMeters><HeartRateBpm><Value>142</Value></HeartRateBpm><Cadence>20</Cadence><Extensions><ext:TPX><ext:Watts>56.83783783783784</ext:Watts><ext:Torque>20</ext:Torque></ext:TPX></Extensions></Trackpoint><Trackpoint><Time>2025-11-04T11:35:54.974Z</Time><DistanceMeters>7210.536524857782</DistanceMeters><HeartRateBpm><Value>142</Value></HeartRateBpm><Cadence>21</Cadence><Extensions><ext:TPX><ext:Watts>58.27777777777778</ext:Watts><ext:Torque>20</ext:Torque></ext:TPX></Extensions></Trackpoint><Trackpoint><Time>2025-11-04T11:35:56.419Z</Time><DistanceMeters>7216.048662887759</DistanceMeters><HeartRateBpm><Value>141</Value></HeartRateBpm><Cadence>21</Cadence><Extensions><ext:TPX><ext:Watts>56.77777777777778</ext:Watts><ext:Torque>20</ext:Torque></ext:TPX></Extensions></Trackpoint><Trackpoint><Time>2025-11-04T11:35:57.859Z</Time><DistanceMeters>7221.509562844071</DistanceMeters><HeartRateBpm><Value>141</Value></HeartRateBpm><Cadence>21</Cadence><Extensions><ext:TPX><ext:Watts>56.25</ext:Watts><ext:Torque>20</ext:Torque></ext:TPX></Extensions></Trackpoint><Trackpoint><Time>2025-11-04T11:35:59.344Z</Time><DistanceMeters>7226.972824270635</DistanceMeters><HeartRateBpm><Value>140</Value></HeartRateBpm><Cadence>20</Cadence><Extensions><ext:TPX><ext:Watts>53.5945945945946</ext:Watts><ext:Torque>20</ext:Torque></ext:TPX></Extensions></Trackpoint><Trackpoint><Time>2025-11-04T11:36:00.784Z</Time><DistanceMeters>7232.603618892255</DistanceMeters><HeartRateBpm><Value>140</Value></HeartRateBpm><Cadence>21</Cadence><Extensions><ext:TPX><ext:Watts>58.0</ext:Watts><ext:Torque>20</ext:Torque></ext:TPX></Extensions></Trackpoint><Trackpoint><Time>2025-11-04T11:36:02.265Z</Time><DistanceMeters>7238.178224601119</DistanceMeters><HeartRateBpm><Value>139</Value></HeartRateBpm><Cadence>20</Cadence><Extensions><ext:TPX><ext:Watts>56.054054054054056</ext:Watts><ext:Torque>20</ext:Torque></ext:TPX></Extensions></Trackpoint><Trackpoint><Time>2025-11-04T11:36:03.704Z</Time><DistanceMeters>7243.849470333526</DistanceMeters><HeartRateBpm><Value>139</Value></HeartRateBpm><Cadence>21</Cadence><Extensions><ext:TPX><ext:Watts>58.416666666666664</ext:Watts><ext:Torque>20</ext:Torque></ext:TPX></Extensions></Trackpoint><Trackpoint><Time>2025-11-04T11:36:05.144Z</Time><DistanceMeters>7249.294189845524</DistanceMeters><HeartRateBpm><Value>139</Value></HeartRateBpm><Cadence>21</Cadence><Extensions><ext:TPX><ext:Watts>56.083333333333336</ext:Watts><ext:Torque>20</ext:Torque></ext:TPX></Extensions></Trackpoint><Trackpoint><Time>2025-11-04T11:36:06.594Z</Time><DistanceMeters>7254.860657334867</DistanceMeters><HeartRateBpm><Value>139</Value></HeartRateBpm><Cadence>20</Cadence><Extensions><ext:TPX><ext:Watts>55.97222222222222</ext:Watts><ext:Torque>20</ext:Torque></ext:TPX></Extensions></Trackpoint><Trackpoint><Time>2025-11-04T11:36:08.074Z</Time><DistanceMeters>7260.319685394029</DistanceMeters><HeartRateBpm><Value>139</Value></HeartRateBpm><Cadence>20</Cadence><Extensions><ext:TPX><ext:Watts>54.891891891891895</ext:Watts><ext:Torque>20</ext:Torque></ext:TPX></Extensions></Trackpoint><Trackpoint><Time>2025-11-04T11:36:09.514Z</Time><DistanceMeters>7265.629567870068</DistanceMeters><HeartRateBpm><Value>138</Value></HeartRateBpm><Cadence>21</Cadence><Extensions><ext:TPX><ext:Watts>54.69444444444444</ext:Watts><ext:Torque>20</ext:Torque></ext:TPX></Extensions></Trackpoint><Trackpoint><Time>2025-11-04T11:36:10.954Z</Time><DistanceMeters>7270.934056864669</DistanceMeters><HeartRateBpm><Value>138</Value></HeartRateBpm><Cadence>21</Cadence><Extensions><ext:TPX><ext:Watts>54.638888888888886</ext:Watts><ext:Torque>20</ext:Torque></ext:TPX></Extensions></Trackpoint><Trackpoint><Time>2025-11-04T11:36:12.434Z</Time><DistanceMeters>7276.532853244401</DistanceMeters><HeartRateBpm><Value>138</Value></HeartRateBpm><Cadence>20</Cadence><Extensions><ext:TPX><ext:Watts>56.2972972972973</ext:Watts><ext:Torque>20</ext:Torque></ext:TPX></Extensions></Trackpoint><Trackpoint><Time>2025-11-04T11:36:13.874Z</Time><DistanceMeters>7281.864309646194</DistanceMeters><HeartRateBpm><Value>138</Value></HeartRateBpm><Cadence>21</Cadence><Extensions><ext:TPX><ext:Watts>54.916666666666664</ext:Watts><ext:Torque>20</ext:Torque></ext:TPX></Extensions></Trackpoint><Trackpoint><Time>2025-11-04T11:36:15.354Z</Time><DistanceMeters>7287.328713409994</DistanceMeters><HeartRateBpm><Value>139</Value></HeartRateBpm><Cadence>20</Cadence><Extensions><ext:TPX><ext:Watts>54.945945945945944</ext:Watts><ext:Torque>20</ext:Torque></ext:TPX></Extensions></Trackpoint><Trackpoint><Time>2025-11-04T11:36:16.794Z</Time><DistanceMeters>7292.754555736958</DistanceMeters><HeartRateBpm><Value>139</Value></HeartRateBpm><Cadence>21</Cadence><Extensions><ext:TPX><ext:Watts>55.888888888888886</ext:Watts><ext:Torque>20</ext:Torque></ext:TPX></Extensions></Trackpoint><Trackpoint><Time>2025-11-04T11:36:18.274Z</Time><DistanceMeters>7298.288843661042</DistanceMeters><HeartRateBpm><Value>139</Value></HeartRateBpm><Cadence>20</Cadence><Extensions><ext:TPX><ext:Watts>55.648648648648646</ext:Watts><ext:Torque>20</ext:Torque></ext:TPX></Extensions></Trackpoint><Trackpoint><Time>2025-11-04T11:36:19.754Z</Time><DistanceMeters>7303.729056753974</DistanceMeters><HeartRateBpm><Value>139</Value></HeartRateBpm><Cadence>20</Cadence><Extensions><ext:TPX><ext:Watts>54.7027027027027</ext:Watts><ext:Torque>20</ext:Torque></ext:TPX></Extensions></Trackpoint><Trackpoint><Time>2025-11-04T11:36:21.194Z</Time><DistanceMeters>7308.890618490459</DistanceMeters><HeartRateBpm><Value>140</Value></HeartRateBpm><Cadence>21</Cadence><Extensions><ext:TPX><ext:Watts>53.166666666666664</ext:Watts><ext:Torque>20</ext:Torque></ext:TPX></Extensions></Trackpoint><Trackpoint><Time>2025-11-04T11:36:22.634Z</Time><DistanceMeters>7314.294886891669</DistanceMeters><HeartRateBpm><Value>140</Value></HeartRateBpm><Cadence>21</Cadence><Extensions><ext:TPX><ext:Watts>55.666666666666664</ext:Watts><ext:Torque>20</ext:Torque></ext:TPX></Extensions></Trackpoint><Trackpoint><Time>2025-11-04T11:36:24.034Z</Time><DistanceMeters>7319.946452688318</DistanceMeters><HeartRateBpm><Value>140</Value></HeartRateBpm><Cadence>22</Cadence><Extensions><ext:TPX><ext:Watts>59.6</ext:Watts><ext:Torque>20</ext:Torque></ext:TPX></Extensions></Trackpoint><Trackpoint><Time>2025-11-04T11:36:25.514Z</Time><DistanceMeters>7325.486116317039</DistanceMeters><HeartRateBpm><Value>140</Value></HeartRateBpm><Cadence>20</Cadence><Extensions><ext:TPX><ext:Watts>55.7027027027027</ext:Watts><ext:Torque>20</ext:Torque></ext:TPX></Extensions></Trackpoint><Trackpoint><Time>2025-11-04T11:36:26.995Z</Time><DistanceMeters>7330.810751760269</DistanceMeters><HeartRateBpm><Value>140</Value></HeartRateBpm><Cadence>20</Cadence><Extensions><ext:TPX><ext:Watts>53.54054054054054</ext:Watts><ext:Torque>20</ext:Torque></ext:TPX></Extensions></Trackpoint><Trackpoint><Time>2025-11-04T11:36:28.475Z</Time><DistanceMeters>7336.151514317411</DistanceMeters><HeartRateBpm><Value>140</Value></HeartRateBpm><Cadence>20</Cadence><Extensions><ext:TPX><ext:Watts>53.7027027027027</ext:Watts><ext:Torque>20</ext:Torque></ext:TPX></Extensions></Trackpoint><Trackpoint><Time>2025-11-04T11:36:29.955Z</Time><DistanceMeters>7341.648172309035</DistanceMeters><HeartRateBpm><Value>140</Value></HeartRateBpm><Cadence>20</Cadence><Extensions><ext:TPX><ext:Watts>55.270270270270274</ext:Watts><ext:Torque>20</ext:Torque></ext:TPX></Extensions></Trackpoint><Trackpoint><Time>2025-11-04T11:36:31.475Z</Time><DistanceMeters>7347.541522480511</DistanceMeters><HeartRateBpm><Value>141</Value></HeartRateBpm><Cadence>20</Cadence><Extensions><ext:TPX><ext:Watts>56.36842105263158</ext:Watts><ext:Torque>20</ext:Torque></ext:TPX></Extensions></Trackpoint><Trackpoint><Time>2025-11-04T11:36:32.999Z</Time><DistanceMeters>7353.357835394844</DistanceMeters><HeartRateBpm><Value>141</Value></HeartRateBpm><Cadence>20</Cadence><Extensions><ext:TPX><ext:Watts>55.63157894736842</ext:Watts><ext:Torque>20</ext:Torque></ext:TPX></Extensions></Trackpoint><Trackpoint><Time>2025-11-04T11:36:34.520Z</Time><DistanceMeters>7359.292455525505</DistanceMeters><HeartRateBpm><Value>141</Value></HeartRateBpm><Cadence>20</Cadence><Extensions><ext:TPX><ext:Watts>56.76315789473684</ext:Watts><ext:Torque>20</ext:Torque></ext:TPX></Extensions></Trackpoint><Trackpoint><Time>2025-11-04T11:36:36.040Z</Time><DistanceMeters>7365.108768439838</DistanceMeters><HeartRateBpm><Value>141</Value></HeartRateBpm><Cadence>20</Cadence><Extensions><ext:TPX><ext:Watts>55.63157894736842</ext:Watts><ext:Torque>20</ext:Torque></ext:TPX></Extensions></Trackpoint><Trackpoint><Time>2025-11-04T11:36:37.600Z</Time><DistanceMeters>7370.919578692947</DistanceMeters><HeartRateBpm><Value>141</Value></HeartRateBpm><Cadence>19</Cadence><Extensions><ext:TPX><ext:Watts>54.15384615384615</ext:Watts><ext:Torque>20</ext:Torque></ext:TPX></Extensions></Trackpoint><Trackpoint><Time>2025-11-04T11:36:39.084Z</Time><DistanceMeters>7376.476511772816</DistanceMeters><HeartRateBpm><Value>141</Value></HeartRateBpm><Cadence>20</Cadence><Extensions><ext:TPX><ext:Watts>54.513513513513516</ext:Watts><ext:Torque>20</ext:Torque></ext:TPX></Extensions></Trackpoint><Trackpoint><Time>2025-11-04T11:36:40.605Z</Time><DistanceMeters>7382.328591985109</DistanceMeters><HeartRateBpm><Value>140</Value></HeartRateBpm><Cadence>20</Cadence><Extensions><ext:TPX><ext:Watts>55.973684210526315</ext:Watts><ext:Torque>20</ext:Torque></ext:TPX></Extensions></Trackpoint><Trackpoint><Time>2025-11-04T11:36:42.125Z</Time><DistanceMeters>7387.963317079032</DistanceMeters><HeartRateBpm><Value>140</Value></HeartRateBpm><Cadence>20</Cadence><Extensions><ext:TPX><ext:Watts>53.89473684210526</ext:Watts><ext:Torque>20</ext:Torque></ext:TPX></Extensions></Trackpoint><Trackpoint><Time>2025-11-04T11:36:43.645Z</Time><DistanceMeters>7393.853915919896</DistanceMeters><HeartRateBpm><Value>140</Value></HeartRateBpm><Cadence>20</Cadence><Extensions><ext:TPX><ext:Watts>56.3421052631579</ext:Watts><ext:Torque>20</ext:Torque></ext:TPX></Extensions></Trackpoint><Trackpoint><Time>2025-11-04T11:36:45.165Z</Time><DistanceMeters>7399.40334976484</DistanceMeters><HeartRateBpm><Value>140</Value></HeartRateBpm><Cadence>20</Cadence><Extensions><ext:TPX><ext:Watts>53.078947368421055</ext:Watts><ext:Torque>20</ext:Torque></ext:TPX></Extensions></Trackpoint><Trackpoint><Time>2025-11-04T11:36:46.692Z</Time><DistanceMeters>7405.255429977133</DistanceMeters><HeartRateBpm><Value>140</Value></HeartRateBpm><Cadence>20</Cadence><Extensions><ext:TPX><ext:Watts>55.973684210526315</ext:Watts><ext:Torque>20</ext:Torque></ext:TPX></Extensions></Trackpoint><Trackpoint><Time>2025-11-04T11:36:48.210Z</Time><DistanceMeters>7410.620524671054</DistanceMeters><HeartRateBpm><Value>139</Value></HeartRateBpm><Cadence>20</Cadence><Extensions><ext:TPX><ext:Watts>52.63157894736842</ext:Watts><ext:Torque>20</ext:Torque></ext:TPX></Extensions></Trackpoint><Trackpoint><Time>2025-11-04T11:36:49.730Z</Time><DistanceMeters>7416.302022385386</DistanceMeters><HeartRateBpm><Value>139</Value></HeartRateBpm><Cadence>20</Cadence><Extensions><ext:TPX><ext:Watts>54.3421052631579</ext:Watts><ext:Torque>20</ext:Torque></ext:TPX></Extensions></Trackpoint><Trackpoint><Time>2025-11-04T11:36:51.250Z</Time><DistanceMeters>7421.788175626248</DistanceMeters><HeartRateBpm><Value>139</Value></HeartRateBpm><Cadence>20</Cadence><Extensions><ext:TPX><ext:Watts>52.473684210526315</ext:Watts><ext:Torque>20</ext:Torque></ext:TPX></Extensions></Trackpoint><Trackpoint><Time>2025-11-04T11:36:52.810Z</Time><DistanceMeters>7427.6127425324175</DistanceMeters><HeartRateBpm><Value>139</Value></HeartRateBpm><Cadence>19</Cadence><Extensions><ext:TPX><ext:Watts>54.282051282051285</ext:Watts><ext:Torque>20</ext:Torque></ext:TPX></Extensions></Trackpoint><Trackpoint><Time>2025-11-04T11:36:54.290Z</Time><DistanceMeters>7433.0771462962175</DistanceMeters><HeartRateBpm><Value>138</Value></HeartRateBpm><Cadence>20</Cadence><Extensions><ext:TPX><ext:Watts>54.945945945945944</ext:Watts><ext:Torque>20</ext:Torque></ext:TPX></Extensions></Trackpoint><Trackpoint><Time>2025-11-04T11:36:55.810Z</Time><DistanceMeters>7438.392717039118</DistanceMeters><HeartRateBpm><Value>138</Value></HeartRateBpm><Cadence>20</Cadence><Extensions><ext:TPX><ext:Watts>50.8421052631579</ext:Watts><ext:Torque>20</ext:Torque></ext:TPX></Extensions></Trackpoint><Trackpoint><Time>2025-11-04T11:36:57.330Z</Time><DistanceMeters>7443.950404875898</DistanceMeters><HeartRateBpm><Value>138</Value></HeartRateBpm><Cadence>20</Cadence><Extensions><ext:TPX><ext:Watts>53.1578947368421</ext:Watts><ext:Torque>20</ext:Torque></ext:TPX></Extensions></Trackpoint><Trackpoint><Time>2025-11-04T11:36:58.820Z</Time><DistanceMeters>7449.424686496969</DistanceMeters><HeartRateBpm><Value>138</Value></HeartRateBpm><Cadence>20</Cadence><Extensions><ext:TPX><ext:Watts>53.7027027027027</ext:Watts><ext:Torque>20</ext:Torque></ext:TPX></Extensions></Trackpoint><Trackpoint><Time>2025-11-04T11:37:00.340Z</Time><DistanceMeters>7454.847559133748</DistanceMeters><HeartRateBpm><Value>138</Value></HeartRateBpm><Cadence>20</Cadence><Extensions><ext:TPX><ext:Watts>51.86842105263158</ext:Watts><ext:Torque>20</ext:Torque></ext:TPX></Extensions></Trackpoint><Trackpoint><Time>2025-11-04T11:37:01.820Z</Time><DistanceMeters>7460.193697395528</DistanceMeters><HeartRateBpm><Value>138</Value></HeartRateBpm><Cadence>20</Cadence><Extensions><ext:TPX><ext:Watts>53.75675675675676</ext:Watts><ext:Torque>20</ext:Torque></ext:TPX></Extensions></Trackpoint><Trackpoint><Time>2025-11-04T11:37:03.300Z</Time><DistanceMeters>7465.81130874149</DistanceMeters><HeartRateBpm><Value>138</Value></HeartRateBpm><Cadence>20</Cadence><Extensions><ext:TPX><ext:Watts>56.486486486486484</ext:Watts><ext:Torque>20</ext:Torque></ext:TPX></Extensions></Trackpoint><Trackpoint><Time>2025-11-04T11:37:04.825Z</Time><DistanceMeters>7471.377250570107</DistanceMeters><HeartRateBpm><Value>138</Value></HeartRateBpm><Cadence>20</Cadence><Extensions><ext:TPX><ext:Watts>53.23684210526316</ext:Watts><ext:Torque>20</ext:Torque></ext:TPX></Extensions></Trackpoint><Trackpoint><Time>2025-11-04T11:37:06.305Z</Time><DistanceMeters>7477.07280963331</DistanceMeters><HeartRateBpm><Value>138</Value></HeartRateBpm><Cadence>20</Cadence><Extensions><ext:TPX><ext:Watts>57.270270270270274</ext:Watts><ext:Torque>20</ext:Torque></ext:TPX></Extensions></Trackpoint><Trackpoint><Time>2025-11-04T11:37:07.790Z</Time><DistanceMeters>7482.797800679402</DistanceMeters><HeartRateBpm><Value>137</Value></HeartRateBpm><Cadence>20</Cadence><Extensions><ext:TPX><ext:Watts>56.16216216216216</ext:Watts><ext:Torque>20</ext:Torque></ext:TPX></Extensions></Trackpoint><Trackpoint><Time>2025-11-04T11:37:09.270Z</Time><DistanceMeters>7488.248765181608</DistanceMeters><HeartRateBpm><Value>137</Value></HeartRateBpm><Cadence>20</Cadence><Extensions><ext:TPX><ext:Watts>54.810810810810814</ext:Watts><ext:Torque>20</ext:Torque></ext:TPX></Extensions></Trackpoint><Trackpoint><Time>2025-11-04T11:37:10.750Z</Time><DistanceMeters>7493.656724046717</DistanceMeters><HeartRateBpm><Value>137</Value></HeartRateBpm><Cadence>20</Cadence><Extensions><ext:TPX><ext:Watts>54.37837837837838</ext:Watts><ext:Torque>20</ext:Torque></ext:TPX></Extensions></Trackpoint><Trackpoint><Time>2025-11-04T11:37:12.230Z</Time><DistanceMeters>7499.174884856889</DistanceMeters><HeartRateBpm><Value>137</Value></HeartRateBpm><Cadence>20</Cadence><Extensions><ext:TPX><ext:Watts>55.486486486486484</ext:Watts><ext:Torque>20</ext:Torque></ext:TPX></Extensions></Trackpoint><Trackpoint><Time>2025-11-04T11:37:13.710Z</Time><DistanceMeters>7504.738739156478</DistanceMeters><HeartRateBpm><Value>138</Value></HeartRateBpm><Cadence>20</Cadence><Extensions><ext:TPX><ext:Watts>55.945945945945944</ext:Watts><ext:Torque>20</ext:Torque></ext:TPX></Extensions></Trackpoint><Trackpoint><Time>2025-11-04T11:37:15.190Z</Time><DistanceMeters>7510.0983166798505</DistanceMeters><HeartRateBpm><Value>138</Value></HeartRateBpm><Cadence>20</Cadence><Extensions><ext:TPX><ext:Watts>53.891891891891895</ext:Watts><ext:Torque>20</ext:Torque></ext:TPX></Extensions></Trackpoint><Trackpoint><Time>2025-11-04T11:37:16.670Z</Time><DistanceMeters>7515.44445494163</DistanceMeters><HeartRateBpm><Value>138</Value></HeartRateBpm><Cadence>20</Cadence><Extensions><ext:TPX><ext:Watts>53.75675675675676</ext:Watts><ext:Torque>20</ext:Torque></ext:TPX></Extensions></Trackpoint><Trackpoint><Time>2025-11-04T11:37:18.110Z</Time><DistanceMeters>7520.748943936232</DistanceMeters><HeartRateBpm><Value>138</Value></HeartRateBpm><Cadence>21</Cadence><Extensions><ext:TPX><ext:Watts>54.638888888888886</ext:Watts><ext:Torque>20</ext:Torque></ext:TPX></Extensions></Trackpoint><Trackpoint><Time>2025-11-04T11:37:19.590Z</Time><DistanceMeters>7525.909620388024</DistanceMeters><HeartRateBpm><Value>138</Value></HeartRateBpm><Cadence>20</Cadence><Extensions><ext:TPX><ext:Watts>51.891891891891895</ext:Watts><ext:Torque>20</ext:Torque></ext:TPX></Extensions></Trackpoint><Trackpoint><Time>2025-11-04T11:37:21.070Z</Time><DistanceMeters>7531.207377308068</DistanceMeters><HeartRateBpm><Value>138</Value></HeartRateBpm><Cadence>20</Cadence><Extensions><ext:TPX><ext:Watts>53.270270270270274</ext:Watts><ext:Torque>20</ext:Torque></ext:TPX></Extensions></Trackpoint><Trackpoint><Time>2025-11-04T11:37:22.510Z</Time><DistanceMeters>7536.242192230753</DistanceMeters><HeartRateBpm><Value>138</Value></HeartRateBpm><Cadence>21</Cadence><Extensions><ext:TPX><ext:Watts>51.861111111111114</ext:Watts><ext:Torque>20</ext:Torque></ext:TPX></Extensions></Trackpoint><Trackpoint><Time>2025-11-04T11:37:23.950Z</Time><DistanceMeters>7541.597919299018</DistanceMeters><HeartRateBpm><Value>138</Value></HeartRateBpm><Cadence>21</Cadence><Extensions><ext:TPX><ext:Watts>55.166666666666664</ext:Watts><ext:Torque>20</ext:Torque></ext:TPX></Extensions></Trackpoint><Trackpoint><Time>2025-11-04T11:37:25.430Z</Time><DistanceMeters>7547.110704404553</DistanceMeters><HeartRateBpm><Value>137</Value></HeartRateBpm><Cadence>20</Cadence><Extensions><ext:TPX><ext:Watts>55.432432432432435</ext:Watts><ext:Torque>20</ext:Torque></ext:TPX></Extensions></Trackpoint><Trackpoint><Time>2025-11-04T11:37:26.870Z</Time><DistanceMeters>7552.649809841721</DistanceMeters><HeartRateBpm><Value>137</Value></HeartRateBpm><Cadence>21</Cadence><Extensions><ext:TPX><ext:Watts>57.05555555555556</ext:Watts><ext:Torque>20</ext:Torque></ext:TPX></Extensions></Trackpoint><Trackpoint><Time>2025-11-04T11:37:28.310Z</Time><DistanceMeters>7558.245546833992</DistanceMeters><HeartRateBpm><Value>137</Value></HeartRateBpm><Cadence>21</Cadence><Extensions><ext:TPX><ext:Watts>57.638888888888886</ext:Watts><ext:Torque>20</ext:Torque></ext:TPX></Extensions></Trackpoint><Trackpoint><Time>2025-11-04T11:37:29.750Z</Time><DistanceMeters>7563.65790545736</DistanceMeters><HeartRateBpm><Value>137</Value></HeartRateBpm><Cadence>21</Cadence><Extensions><ext:TPX><ext:Watts>55.75</ext:Watts><ext:Torque>20</ext:Torque></ext:TPX></Extensions></Trackpoint><Trackpoint><Time>2025-11-04T11:37:31.190Z</Time><DistanceMeters>7569.2024043759675</DistanceMeters><HeartRateBpm><Value>136</Value></HeartRateBpm><Cadence>21</Cadence><Extensions><ext:TPX><ext:Watts>57.111111111111114</ext:Watts><ext:Torque>20</ext:Torque></ext:TPX></Extensions></Trackpoint><Trackpoint><Time>2025-11-04T11:37:32.630Z</Time><DistanceMeters>7574.800838108958</DistanceMeters><HeartRateBpm><Value>136</Value></HeartRateBpm><Cadence>21</Cadence><Extensions><ext:TPX><ext:Watts>57.666666666666664</ext:Watts><ext:Torque>20</ext:Torque></ext:TPX></Extensions></Trackpoint><Trackpoint><Time>2025-11-04T11:37:34.030Z</Time><DistanceMeters>7580.316939720643</DistanceMeters><HeartRateBpm><Value>136</Value></HeartRateBpm><Cadence>22</Cadence><Extensions><ext:TPX><ext:Watts>58.17142857142857</ext:Watts><ext:Torque>20</ext:Torque></ext:TPX></Extensions></Trackpoint><Trackpoint><Time>2025-11-04T11:37:35.470Z</Time><DistanceMeters>7585.618731974525</DistanceMeters><HeartRateBpm><Value>136</Value></HeartRateBpm><Cadence>21</Cadence><Extensions><ext:TPX><ext:Watts>54.611111111111114</ext:Watts><ext:Torque>20</ext:Torque></ext:TPX></Extensions></Trackpoint><Trackpoint><Time>2025-11-04T11:37:36.875Z</Time><DistanceMeters>7591.137542869909</DistanceMeters><HeartRateBpm><Value>136</Value></HeartRateBpm><Cadence>22</Cadence><Extensions><ext:TPX><ext:Watts>58.2</ext:Watts><ext:Torque>20</ext:Torque></ext:TPX></Extensions></Trackpoint><Trackpoint><Time>2025-11-04T11:37:38.277Z</Time><DistanceMeters>7596.653644481595</DistanceMeters><HeartRateBpm><Value>137</Value></HeartRateBpm><Cadence>22</Cadence><Extensions><ext:TPX><ext:Watts>58.17142857142857</ext:Watts><ext:Torque>20</ext:Torque></ext:TPX></Extensions></Trackpoint><Trackpoint><Time>2025-11-04T11:37:39.675Z</Time><DistanceMeters>7602.102014000799</DistanceMeters><HeartRateBpm><Value>137</Value></HeartRateBpm><Cadence>22</Cadence><Extensions><ext:TPX><ext:Watts>57.457142857142856</ext:Watts><ext:Torque>20</ext:Torque></ext:TPX></Extensions></Trackpoint><Trackpoint><Time>2025-11-04T11:37:41.075Z</Time><DistanceMeters>7607.512453548213</DistanceMeters><HeartRateBpm><Value>137</Value></HeartRateBpm><Cadence>22</Cadence><Extensions><ext:TPX><ext:Watts>57.05714285714286</ext:Watts><ext:Torque>20</ext:Torque></ext:TPX></Extensions></Trackpoint><Trackpoint><Time>2025-11-04T11:37:42.440Z</Time><DistanceMeters>7613.029033268786</DistanceMeters><HeartRateBpm><Value>138</Value></HeartRateBpm><Cadence>22</Cadence><Extensions><ext:TPX><ext:Watts>59.529411764705884</ext:Watts><ext:Torque>20</ext:Torque></ext:TPX></Extensions></Trackpoint><Trackpoint><Time>2025-11-04T11:37:43.800Z</Time><DistanceMeters>7618.750031704302</DistanceMeters><HeartRateBpm><Value>138</Value></HeartRateBpm><Cadence>22</Cadence><Extensions><ext:TPX><ext:Watts>61.73529411764706</ext:Watts><ext:Torque>20</ext:Torque></ext:TPX></Extensions></Trackpoint><Trackpoint><Time>2025-11-04T11:37:45.160Z</Time><DistanceMeters>7624.31022075073</DistanceMeters><HeartRateBpm><Value>139</Value></HeartRateBpm><Cadence>22</Cadence><Extensions><ext:TPX><ext:Watts>60.0</ext:Watts><ext:Torque>20</ext:Torque></ext:TPX></Extensions></Trackpoint><Trackpoint><Time>2025-11-04T11:37:46.521Z</Time><DistanceMeters>7629.870409797158</DistanceMeters><HeartRateBpm><Value>139</Value></HeartRateBpm><Cadence>22</Cadence><Extensions><ext:TPX><ext:Watts>60.0</ext:Watts><ext:Torque>20</ext:Torque></ext:TPX></Extensions></Trackpoint><Trackpoint><Time>2025-11-04T11:37:47.840Z</Time><DistanceMeters>7635.386666485688</DistanceMeters><HeartRateBpm><Value>139</Value></HeartRateBpm><Cadence>22</Cadence><Extensions><ext:TPX><ext:Watts>60.878787878787875</ext:Watts><ext:Torque>20</ext:Torque></ext:TPX></Extensions></Trackpoint><Trackpoint><Time>2025-11-04T11:37:49.201Z</Time><DistanceMeters>7640.982288109372</DistanceMeters><HeartRateBpm><Value>139</Value></HeartRateBpm><Cadence>22</Cadence><Extensions><ext:TPX><ext:Watts>60.38235294117647</ext:Watts><ext:Torque>20</ext:Torque></ext:TPX></Extensions></Trackpoint><Trackpoint><Time>2025-11-04T11:37:50.521Z</Time><DistanceMeters>7646.663291140018</DistanceMeters><HeartRateBpm><Value>140</Value></HeartRateBpm><Cadence>22</Cadence><Extensions><ext:TPX><ext:Watts>62.696969696969695</ext:Watts><ext:Torque>20</ext:Torque></ext:TPX></Extensions></Trackpoint><Trackpoint><Time>2025-11-04T11:37:51.881Z</Time><DistanceMeters>7652.109005706078</DistanceMeters><HeartRateBpm><Value>140</Value></HeartRateBpm><Cadence>22</Cadence><Extensions><ext:TPX><ext:Watts>58.76470588235294</ext:Watts><ext:Torque>20</ext:Torque></ext:TPX></Extensions></Trackpoint><Trackpoint><Time>2025-11-04T11:37:53.241Z</Time><DistanceMeters>7657.693724998299</DistanceMeters><HeartRateBpm><Value>140</Value></HeartRateBpm><Cadence>22</Cadence><Extensions><ext:TPX><ext:Watts>60.26470588235294</ext:Watts><ext:Torque>20</ext:Torque></ext:TPX></Extensions></Trackpoint><Trackpoint><Time>2025-11-04T11:37:54.601Z</Time><DistanceMeters>7663.161244227286</DistanceMeters><HeartRateBpm><Value>140</Value></HeartRateBpm><Cadence>22</Cadence><Extensions><ext:TPX><ext:Watts>59.0</ext:Watts><ext:Torque>20</ext:Torque></ext:TPX></Extensions></Trackpoint><Trackpoint><Time>2025-11-04T11:37:55.921Z</Time><DistanceMeters>7668.578653110546</DistanceMeters><HeartRateBpm><Value>140</Value></HeartRateBpm><Cadence>22</Cadence><Extensions><ext:TPX><ext:Watts>59.78787878787879</ext:Watts><ext:Torque>20</ext:Torque></ext:TPX></Extensions></Trackpoint><Trackpoint><Time>2025-11-04T11:37:57.281Z</Time><DistanceMeters>7673.901716447641</DistanceMeters><HeartRateBpm><Value>140</Value></HeartRateBpm><Cadence>22</Cadence><Extensions><ext:TPX><ext:Watts>57.44117647058823</ext:Watts><ext:Torque>20</ext:Torque></ext:TPX></Extensions></Trackpoint><Trackpoint><Time>2025-11-04T11:37:58.641Z</Time><DistanceMeters>7679.320175185042</DistanceMeters><HeartRateBpm><Value>140</Value></HeartRateBpm><Cadence>22</Cadence><Extensions><ext:TPX><ext:Watts>58.470588235294116</ext:Watts><ext:Torque>20</ext:Torque></ext:TPX></Extensions></Trackpoint><Trackpoint><Time>2025-11-04T11:37:59.961Z</Time><DistanceMeters>7684.712872116985</DistanceMeters><HeartRateBpm><Value>140</Value></HeartRateBpm><Cadence>22</Cadence><Extensions><ext:TPX><ext:Watts>59.515151515151516</ext:Watts><ext:Torque>20</ext:Torque></ext:TPX></Extensions></Trackpoint><Trackpoint><Time>2025-11-04T11:38:01.366Z</Time><DistanceMeters>7690.472809261603</DistanceMeters><HeartRateBpm><Value>140</Value></HeartRateBpm><Cadence>22</Cadence><Extensions><ext:TPX><ext:Watts>60.74285714285714</ext:Watts><ext:Torque>20</ext:Torque></ext:TPX></Extensions></Trackpoint><Trackpoint><Time>2025-11-04T11:38:02.686Z</Time><DistanceMeters>7696.115371479089</DistanceMeters><HeartRateBpm><Value>140</Value></HeartRateBpm><Cadence>22</Cadence><Extensions><ext:TPX><ext:Watts>62.27272727272727</ext:Watts><ext:Torque>20</ext:Torque></ext:TPX></Extensions></Trackpoint><Trackpoint><Time>2025-11-04T11:38:04.051Z</Time><DistanceMeters>7701.743700097164</DistanceMeters><HeartRateBpm><Value>140</Value></HeartRateBpm><Cadence>22</Cadence><Extensions><ext:TPX><ext:Watts>60.73529411764706</ext:Watts><ext:Torque>20</ext:Torque></ext:TPX></Extensions></Trackpoint><Trackpoint><Time>2025-11-04T11:38:05.411Z</Time><DistanceMeters>7707.303889143592</DistanceMeters><HeartRateBpm><Value>141</Value></HeartRateBpm><Cadence>22</Cadence><Extensions><ext:TPX><ext:Watts>60.0</ext:Watts><ext:Torque>20</ext:Torque></ext:TPX></Extensions></Trackpoint><Trackpoint><Time>2025-11-04T11:38:06.771Z</Time><DistanceMeters>7712.689640886602</DistanceMeters><HeartRateBpm><Value>141</Value></HeartRateBpm><Cadence>22</Cadence><Extensions><ext:TPX><ext:Watts>58.11764705882353</ext:Watts><ext:Torque>20</ext:Torque></ext:TPX></Extensions></Trackpoint><Trackpoint><Time>2025-11-04T11:38:08.171Z</Time><DistanceMeters>7718.148847540603</DistanceMeters><HeartRateBpm><Value>141</Value></HeartRateBpm><Cadence>22</Cadence><Extensions><ext:TPX><ext:Watts>57.57142857142857</ext:Watts><ext:Torque>20</ext:Torque></ext:TPX></Extensions></Trackpoint><Trackpoint><Time>2025-11-04T11:38:09.491Z</Time><DistanceMeters>7723.522324065965</DistanceMeters><HeartRateBpm><Value>141</Value></HeartRateBpm><Cadence>22</Cadence><Extensions><ext:TPX><ext:Watts>59.303030303030305</ext:Watts><ext:Torque>20</ext:Torque></ext:TPX></Extensions></Trackpoint><Trackpoint><Time>2025-11-04T11:38:10.851Z</Time><DistanceMeters>7728.98439212922</DistanceMeters><HeartRateBpm><Value>141</Value></HeartRateBpm><Cadence>22</Cadence><Extensions><ext:TPX><ext:Watts>58.94117647058823</ext:Watts><ext:Torque>20</ext:Torque></ext:TPX></Extensions></Trackpoint><Trackpoint><Time>2025-11-04T11:38:12.251Z</Time><DistanceMeters>7734.253948924274</DistanceMeters><HeartRateBpm><Value>142</Value></HeartRateBpm><Cadence>22</Cadence><Extensions><ext:TPX><ext:Watts>55.57142857142857</ext:Watts><ext:Torque>20</ext:Torque></ext:TPX></Extensions></Trackpoint><Trackpoint><Time>2025-11-04T11:38:13.651Z</Time><DistanceMeters>7739.653551336891</DistanceMeters><HeartRateBpm><Value>142</Value></HeartRateBpm><Cadence>22</Cadence><Extensions><ext:TPX><ext:Watts>56.94285714285714</ext:Watts><ext:Torque>20</ext:Torque></ext:TPX></Extensions></Trackpoint><Trackpoint><Time>2025-11-04T11:38:15.016Z</Time><DistanceMeters>7744.856689027886</DistanceMeters><HeartRateBpm><Value>142</Value></HeartRateBpm><Cadence>22</Cadence><Extensions><ext:TPX><ext:Watts>56.14705882352941</ext:Watts><ext:Torque>20</ext:Torque></ext:TPX></Extensions></Trackpoint><Trackpoint><Time>2025-11-04T11:38:16.421Z</Time><DistanceMeters>7750.145210808834</DistanceMeters><HeartRateBpm><Value>142</Value></HeartRateBpm><Cadence>22</Cadence><Extensions><ext:TPX><ext:Watts>55.77142857142857</ext:Watts><ext:Torque>20</ext:Torque></ext:TPX></Extensions></Trackpoint><Trackpoint><Time>2025-11-04T11:38:17.781Z</Time><DistanceMeters>7755.4055857400135</DistanceMeters><HeartRateBpm><Value>142</Value></HeartRateBpm><Cadence>22</Cadence><Extensions><ext:TPX><ext:Watts>56.76470588235294</ext:Watts><ext:Torque>20</ext:Torque></ext:TPX></Extensions></Trackpoint><Trackpoint><Time>2025-11-04T11:38:19.141Z</Time><DistanceMeters>7760.761356071499</DistanceMeters><HeartRateBpm><Value>142</Value></HeartRateBpm><Cadence>22</Cadence><Extensions><ext:TPX><ext:Watts>57.794117647058826</ext:Watts><ext:Torque>20</ext:Torque></ext:TPX></Extensions></Trackpoint><Trackpoint><Time>2025-11-04T11:38:20.501Z</Time><DistanceMeters>7765.98084725969</DistanceMeters><HeartRateBpm><Value>142</Value></HeartRateBpm><Cadence>22</Cadence><Extensions><ext:TPX><ext:Watts>56.3235294117647</ext:Watts><ext:Torque>20</ext:Torque></ext:TPX></Extensions></Trackpoint><Trackpoint><Time>2025-11-04T11:38:21.821Z</Time><DistanceMeters>7771.022085328451</DistanceMeters><HeartRateBpm><Value>142</Value></HeartRateBpm><Cadence>22</Cadence><Extensions><ext:TPX><ext:Watts>55.63636363636363</ext:Watts><ext:Torque>20</ext:Torque></ext:TPX></Extensions></Trackpoint><Trackpoint><Time>2025-11-04T11:38:23.181Z</Time><DistanceMeters>7776.290637008227</DistanceMeters><HeartRateBpm><Value>142</Value></HeartRateBpm><Cadence>22</Cadence><Extensions><ext:TPX><ext:Watts>56.85294117647059</ext:Watts><ext:Torque>20</ext:Torque></ext:TPX></Extensions></Trackpoint><Trackpoint><Time>2025-11-04T11:38:24.506Z</Time><DistanceMeters>7781.378553207254</DistanceMeters><HeartRateBpm><Value>142</Value></HeartRateBpm><Cadence>22</Cadence><Extensions><ext:TPX><ext:Watts>56.15151515151515</ext:Watts><ext:Torque>20</ext:Torque></ext:TPX></Extensions></Trackpoint><Trackpoint><Time>2025-11-04T11:38:25.866Z</Time><DistanceMeters>7786.439960589223</DistanceMeters><HeartRateBpm><Value>142</Value></HeartRateBpm><Cadence>22</Cadence><Extensions><ext:TPX><ext:Watts>54.61764705882353</ext:Watts><ext:Torque>20</ext:Torque></ext:TPX></Extensions></Trackpoint><Trackpoint><Time>2025-11-04T11:38:27.226Z</Time><DistanceMeters>7791.310577170579</DistanceMeters><HeartRateBpm><Value>142</Value></HeartRateBpm><Cadence>22</Cadence><Extensions><ext:TPX><ext:Watts>52.55882352941177</ext:Watts><ext:Torque>20</ext:Torque></ext:TPX></Extensions></Trackpoint><Trackpoint><Time>2025-11-04T11:38:28.586Z</Time><DistanceMeters>7796.123956511751</DistanceMeters><HeartRateBpm><Value>142</Value></HeartRateBpm><Cadence>22</Cadence><Extensions><ext:TPX><ext:Watts>51.94117647058823</ext:Watts><ext:Torque>20</ext:Torque></ext:TPX></Extensions></Trackpoint><Trackpoint><Time>2025-11-04T11:38:29.946Z</Time><DistanceMeters>7800.98639634451</DistanceMeters><HeartRateBpm><Value>142</Value></HeartRateBpm><Cadence>22</Cadence><Extensions><ext:TPX><ext:Watts>52.470588235294116</ext:Watts><ext:Torque>20</ext:Torque></ext:TPX></Extensions></Trackpoint><Trackpoint><Time>2025-11-04T11:38:31.306Z</Time><DistanceMeters>7805.698929119643</DistanceMeters><HeartRateBpm><Value>142</Value></HeartRateBpm><Cadence>22</Cadence><Extensions><ext:TPX><ext:Watts>50.85294117647059</ext:Watts><ext:Torque>20</ext:Torque></ext:TPX></Extensions></Trackpoint><Trackpoint><Time>2025-11-04T11:38:32.626Z</Time><DistanceMeters>7810.399691414697</DistanceMeters><HeartRateBpm><Value>142</Value></HeartRateBpm><Cadence>22</Cadence><Extensions><ext:TPX><ext:Watts>51.878787878787875</ext:Watts><ext:Torque>20</ext:Torque></ext:TPX></Extensions></Trackpoint><Trackpoint><Time>2025-11-04T11:38:33.946Z</Time><DistanceMeters>7815.00435167685</DistanceMeters><HeartRateBpm><Value>142</Value></HeartRateBpm><Cadence>22</Cadence><Extensions><ext:TPX><ext:Watts>50.81818181818182</ext:Watts><ext:Torque>20</ext:Torque></ext:TPX></Extensions></Trackpoint><Trackpoint><Time>2025-11-04T11:38:35.306Z</Time><DistanceMeters>7819.534270399969</DistanceMeters><HeartRateBpm><Value>142</Value></HeartRateBpm><Cadence>22</Cadence><Extensions><ext:TPX><ext:Watts>48.88235294117647</ext:Watts><ext:Torque>20</ext:Torque></ext:TPX></Extensions></Trackpoint><Trackpoint><Time>2025-11-04T11:38:36.626Z</Time><DistanceMeters>7824.300931231869</DistanceMeters><HeartRateBpm><Value>142</Value></HeartRateBpm><Cadence>22</Cadence><Extensions><ext:TPX><ext:Watts>52.60606060606061</ext:Watts><ext:Torque>20</ext:Torque></ext:TPX></Extensions></Trackpoint><Trackpoint><Time>2025-11-04T11:38:37.946Z</Time><DistanceMeters>7829.191151820357</DistanceMeters><HeartRateBpm><Value>141</Value></HeartRateBpm><Cadence>22</Cadence><Extensions><ext:TPX><ext:Watts>53.96969696969697</ext:Watts><ext:Torque>20</ext:Torque></ext:TPX></Extensions></Trackpoint><Trackpoint><Time>2025-11-04T11:38:39.266Z</Time><DistanceMeters>7833.957812652257</DistanceMeters><HeartRateBpm><Value>141</Value></HeartRateBpm><Cadence>22</Cadence><Extensions><ext:TPX><ext:Watts>52.60606060606061</ext:Watts><ext:Torque>20</ext:Torque></ext:TPX></Extensions></Trackpoint><Trackpoint><Time>2025-11-04T11:38:40.546Z</Time><DistanceMeters>7838.517857764713</DistanceMeters><HeartRateBpm><Value>141</Value></HeartRateBpm><Cadence>24</Cadence><Extensions><ext:TPX><ext:Watts>52.5625</ext:Watts><ext:Torque>20</ext:Torque></ext:TPX></Extensions></Trackpoint><Trackpoint><Time>2025-11-04T11:38:41.826Z</Time><DistanceMeters>7843.129413493778</DistanceMeters><HeartRateBpm><Value>141</Value></HeartRateBpm><Cadence>24</Cadence><Extensions><ext:TPX><ext:Watts>53.15625</ext:Watts><ext:Torque>20</ext:Torque></ext:TPX></Extensions></Trackpoint><Trackpoint><Time>2025-11-04T11:38:43.146Z</Time><DistanceMeters>7847.920786276995</DistanceMeters><HeartRateBpm><Value>141</Value></HeartRateBpm><Cadence>22</Cadence><Extensions><ext:TPX><ext:Watts>52.878787878787875</ext:Watts><ext:Torque>20</ext:Torque></ext:TPX></Extensions></Trackpoint><Trackpoint><Time>2025-11-04T11:38:44.466Z</Time><DistanceMeters>7852.596836620732</DistanceMeters><HeartRateBpm><Value>141</Value></HeartRateBpm><Cadence>22</Cadence><Extensions><ext:TPX><ext:Watts>51.60606060606061</ext:Watts><ext:Torque>20</ext:Torque></ext:TPX></Extensions></Trackpoint><Trackpoint><Time>2025-11-04T11:38:45.751Z</Time><DistanceMeters>7857.140615222679</DistanceMeters><HeartRateBpm><Value>141</Value></HeartRateBpm><Cadence>24</Cadence><Extensions><ext:TPX><ext:Watts>52.375</ext:Watts><ext:Torque>20</ext:Torque></ext:TPX></Extensions></Trackpoint><Trackpoint><Time>2025-11-04T11:38:47.071Z</Time><DistanceMeters>7861.72880085062</DistanceMeters><HeartRateBpm><Value>141</Value></HeartRateBpm><Cadence>22</Cadence><Extensions><ext:TPX><ext:Watts>50.63636363636363</ext:Watts><ext:Torque>20</ext:Torque></ext:TPX></Extensions></Trackpoint><Trackpoint><Time>2025-11-04T11:38:48.351Z</Time><DistanceMeters>7866.191246900027</DistanceMeters><HeartRateBpm><Value>141</Value></HeartRateBpm><Cadence>24</Cadence><Extensions><ext:TPX><ext:Watts>51.4375</ext:Watts><ext:Torque>20</ext:Torque></ext:TPX></Extensions></Trackpoint><Trackpoint><Time>2025-11-04T11:38:49.671Z</Time><DistanceMeters>7870.386787079257</DistanceMeters><HeartRateBpm><Value>142</Value></HeartRateBpm><Cadence>22</Cadence><Extensions><ext:TPX><ext:Watts>46.303030303030305</ext:Watts><ext:Torque>20</ext:Torque></ext:TPX></Extensions></Trackpoint><Trackpoint><Time>2025-11-04T11:38:50.996Z</Time><DistanceMeters>7875.1150070979975</DistanceMeters><HeartRateBpm><Value>142</Value></HeartRateBpm><Cadence>22</Cadence><Extensions><ext:TPX><ext:Watts>52.18181818181818</ext:Watts><ext:Torque>20</ext:Torque></ext:TPX></Extensions></Trackpoint><Trackpoint><Time>2025-11-04T11:38:52.278Z</Time><DistanceMeters>7879.658785699945</DistanceMeters><HeartRateBpm><Value>142</Value></HeartRateBpm><Cadence>24</Cadence><Extensions><ext:TPX><ext:Watts>52.375</ext:Watts><ext:Torque>20</ext:Torque></ext:TPX></Extensions></Trackpoint><Trackpoint><Time>2025-11-04T11:38:53.596Z</Time><DistanceMeters>7884.144542080397</DistanceMeters><HeartRateBpm><Value>142</Value></HeartRateBpm><Cadence>23</Cadence><Extensions><ext:TPX><ext:Watts>50.60606060606061</ext:Watts><ext:Torque>20</ext:Torque></ext:TPX></Extensions></Trackpoint><Trackpoint><Time>2025-11-04T11:38:54.916Z</Time><DistanceMeters>7888.636625675436</DistanceMeters><HeartRateBpm><Value>142</Value></HeartRateBpm><Cadence>22</Cadence><Extensions><ext:TPX><ext:Watts>49.57575757575758</ext:Watts><ext:Torque>20</ext:Torque></ext:TPX></Extensions></Trackpoint><Trackpoint><Time>2025-11-04T11:38:56.236Z</Time><DistanceMeters>7893.024369920469</DistanceMeters><HeartRateBpm><Value>141</Value></HeartRateBpm><Cadence>22</Cadence><Extensions><ext:TPX><ext:Watts>48.42424242424242</ext:Watts><ext:Torque>20</ext:Torque></ext:TPX></Extensions></Trackpoint><Trackpoint><Time>2025-11-04T11:38:57.556Z</Time><DistanceMeters>7897.3874022141845</DistanceMeters><HeartRateBpm><Value>141</Value></HeartRateBpm><Cadence>22</Cadence><Extensions><ext:TPX><ext:Watts>48.15151515151515</ext:Watts><ext:Torque>20</ext:Torque></ext:TPX></Extensions></Trackpoint><Trackpoint><Time>2025-11-04T11:38:58.876Z</Time><DistanceMeters>7901.725722556583</DistanceMeters><HeartRateBpm><Value>141</Value></HeartRateBpm><Cadence>22</Cadence><Extensions><ext:TPX><ext:Watts>47.878787878787875</ext:Watts><ext:Torque>20</ext:Torque></ext:TPX></Extensions></Trackpoint><Trackpoint><Time>2025-11-04T11:39:00.156Z</Time><DistanceMeters>7906.001103735146</DistanceMeters><HeartRateBpm><Value>141</Value></HeartRateBpm><Cadence>24</Cadence><Extensions><ext:TPX><ext:Watts>49.28125</ext:Watts><ext:Torque>20</ext:Torque></ext:TPX></Extensions></Trackpoint><Trackpoint><Time>2025-11-04T11:39:01.477Z</Time><DistanceMeters>7910.550848549927</DistanceMeters><HeartRateBpm><Value>141</Value></HeartRateBpm><Cadence>22</Cadence><Extensions><ext:TPX><ext:Watts>50.21212121212121</ext:Watts><ext:Torque>20</ext:Torque></ext:TPX></Extensions></Trackpoint><Trackpoint><Time>2025-11-04T11:39:02.716Z</Time><DistanceMeters>7914.935227009475</DistanceMeters><HeartRateBpm><Value>141</Value></HeartRateBpm><Cadence>24</Cadence><Extensions><ext:TPX><ext:Watts>51.61290322580645</ext:Watts><ext:Torque>20</ext:Torque></ext:TPX></Extensions></Trackpoint><Trackpoint><Time>2025-11-04T11:39:04.077Z</Time><DistanceMeters>7919.598699293023</DistanceMeters><HeartRateBpm><Value>141</Value></HeartRateBpm><Cadence>22</Cadence><Extensions><ext:TPX><ext:Watts>50.3235294117647</ext:Watts><ext:Torque>20</ext:Torque></ext:TPX></Extensions></Trackpoint><Trackpoint><Time>2025-11-04T11:39:05.397Z</Time><DistanceMeters>7924.384580531503</DistanceMeters><HeartRateBpm><Value>142</Value></HeartRateBpm><Cadence>22</Cadence><Extensions><ext:TPX><ext:Watts>52.81818181818182</ext:Watts><ext:Torque>20</ext:Torque></ext:TPX></Extensions></Trackpoint><Trackpoint><Time>2025-11-04T11:39:06.717Z</Time><DistanceMeters>7929.022190062079</DistanceMeters><HeartRateBpm><Value>142</Value></HeartRateBpm><Cadence>22</Cadence><Extensions><ext:TPX><ext:Watts>51.18181818181818</ext:Watts><ext:Torque>20</ext:Torque></ext:TPX></Extensions></Trackpoint><Trackpoint><Time>2025-11-04T11:39:08.077Z</Time><DistanceMeters>7933.49759712788</DistanceMeters><HeartRateBpm><Value>142</Value></HeartRateBpm><Cadence>22</Cadence><Extensions><ext:TPX><ext:Watts>48.294117647058826</ext:Watts><ext:Torque>20</ext:Torque></ext:TPX></Extensions></Trackpoint><Trackpoint><Time>2025-11-04T11:39:09.396Z</Time><DistanceMeters>7938.379580399262</DistanceMeters><HeartRateBpm><Value>142</Value></HeartRateBpm><Cadence>22</Cadence><Extensions><ext:TPX><ext:Watts>53.878787878787875</ext:Watts><ext:Torque>20</ext:Torque></ext:TPX></Extensions></Trackpoint><Trackpoint><Time>2025-11-04T11:39:10.762Z</Time><DistanceMeters>7943.203862071898</DistanceMeters><HeartRateBpm><Value>142</Value></HeartRateBpm><Cadence>22</Cadence><Extensions><ext:TPX><ext:Watts>52.05882352941177</ext:Watts><ext:Torque>20</ext:Torque></ext:TPX></Extensions></Trackpoint><Trackpoint><Time>2025-11-04T11:39:12.122Z</Time><DistanceMeters>7947.992711167277</DistanceMeters><HeartRateBpm><Value>142</Value></HeartRateBpm><Cadence>22</Cadence><Extensions><ext:TPX><ext:Watts>51.6764705882353</ext:Watts><ext:Torque>20</ext:Torque></ext:TPX></Extensions></Trackpoint><Trackpoint><Time>2025-11-04T11:39:13.482Z</Time><DistanceMeters>7952.653457867958</DistanceMeters><HeartRateBpm><Value>142</Value></HeartRateBpm><Cadence>22</Cadence><Extensions><ext:TPX><ext:Watts>50.294117647058826</ext:Watts><ext:Torque>20</ext:Torque></ext:TPX></Extensions></Trackpoint><Trackpoint><Time>2025-11-04T11:39:14.842Z</Time><DistanceMeters>7957.464111626265</DistanceMeters><HeartRateBpm><Value>142</Value></HeartRateBpm><Cadence>22</Cadence><Extensions><ext:TPX><ext:Watts>51.911764705882355</ext:Watts><ext:Torque>20</ext:Torque></ext:TPX></Extensions></Trackpoint><Trackpoint><Time>2025-11-04T11:39:16.242Z</Time><DistanceMeters>7962.302892313136</DistanceMeters><HeartRateBpm><Value>141</Value></HeartRateBpm><Cadence>22</Cadence><Extensions><ext:TPX><ext:Watts>51.02857142857143</ext:Watts><ext:Torque>20</ext:Torque></ext:TPX></Extensions></Trackpoint><Trackpoint><Time>2025-11-04T11:39:16.922Z</Time><DistanceMeters>7967.124448402906</DistanceMeters><HeartRateBpm><Value>141</Value></HeartRateBpm><Cadence>44</Cadence><Extensions><ext:TPX><ext:Watts>104.05882352941177</ext:Watts><ext:Torque>20</ext:Torque></ext:TPX></Extensions></Trackpoint><Trackpoint><Time>2025-11-04T11:39:18.326Z</Time><DistanceMeters>7971.843289789519</DistanceMeters><HeartRateBpm><Value>141</Value></HeartRateBpm><Cadence>42</Cadence><Extensions><ext:TPX><ext:Watts>96.05555555555556</ext:Watts><ext:Torque>20</ext:Torque></ext:TPX></Extensions></Trackpoint><Trackpoint><Time>2025-11-04T11:39:19.727Z</Time><DistanceMeters>7976.716697324149</DistanceMeters><HeartRateBpm><Value>140</Value></HeartRateBpm><Cadence>40</Cadence><Extensions><ext:TPX><ext:Watts>94.42105263157895</ext:Watts><ext:Torque>20</ext:Torque></ext:TPX></Extensions></Trackpoint><Trackpoint><Time>2025-11-04T11:39:20.407Z</Time><DistanceMeters>7976.738501987076</DistanceMeters><HeartRateBpm><Value>140</Value></HeartRateBpm><Cadence>44</Cadence><Extensions><ext:TPX><ext:Watts>0.47058823529411764</ext:Watts><ext:Torque>20</ext:Torque></ext:TPX></Extensions></Trackpoint><Trackpoint><Time>2025-11-04T11:39:21.777Z</Time><DistanceMeters>7981.513723168126</DistanceMeters><HeartRateBpm><Value>140</Value></HeartRateBpm><Cadence>22</Cadence><Extensions><ext:TPX><ext:Watts>51.529411764705884</ext:Watts><ext:Torque>20</ext:Torque></ext:TPX></Extensions></Trackpoint><Trackpoint><Time>2025-11-04T11:39:23.137Z</Time><DistanceMeters>7986.673251533266</DistanceMeters><HeartRateBpm><Value>140</Value></HeartRateBpm><Cadence>22</Cadence><Extensions><ext:TPX><ext:Watts>55.6764705882353</ext:Watts><ext:Torque>20</ext:Torque></ext:TPX></Extensions></Trackpoint><Trackpoint><Time>2025-11-04T11:39:24.542Z</Time><DistanceMeters>7991.666461390994</DistanceMeters><HeartRateBpm><Value>140</Value></HeartRateBpm><Cadence>22</Cadence><Extensions><ext:TPX><ext:Watts>52.65714285714286</ext:Watts><ext:Torque>20</ext:Torque></ext:TPX></Extensions></Trackpoint><Trackpoint><Time>2025-11-04T11:39:25.902Z</Time><DistanceMeters>7996.520724475155</DistanceMeters><HeartRateBpm><Value>140</Value></HeartRateBpm><Cadence>22</Cadence><Extensions><ext:TPX><ext:Watts>52.38235294117647</ext:Watts><ext:Torque>20</ext:Torque></ext:TPX></Extensions></Trackpoint><Trackpoint><Time>2025-11-04T11:39:27.302Z</Time><DistanceMeters>8001.503097198086</DistanceMeters><HeartRateBpm><Value>140</Value></HeartRateBpm><Cadence>22</Cadence><Extensions><ext:TPX><ext:Watts>52.542857142857144</ext:Watts><ext:Torque>20</ext:Torque></ext:TPX></Extensions></Trackpoint><Trackpoint><Time>2025-11-04T11:39:28.712Z</Time><DistanceMeters>8006.393354275243</DistanceMeters><HeartRateBpm><Value>140</Value></HeartRateBpm><Cadence>22</Cadence><Extensions><ext:TPX><ext:Watts>51.57142857142857</ext:Watts><ext:Torque>20</ext:Torque></ext:TPX></Extensions></Trackpoint><Trackpoint><Time>2025-11-04T11:39:30.077Z</Time><DistanceMeters>8011.1631242905605</DistanceMeters><HeartRateBpm><Value>140</Value></HeartRateBpm><Cadence>22</Cadence><Extensions><ext:TPX><ext:Watts>51.470588235294116</ext:Watts><ext:Torque>20</ext:Torque></ext:TPX></Extensions></Trackpoint><Trackpoint><Time>2025-11-04T11:39:31.477Z</Time><DistanceMeters>8015.701174486814</DistanceMeters><HeartRateBpm><Value>140</Value></HeartRateBpm><Cadence>22</Cadence><Extensions><ext:TPX><ext:Watts>47.857142857142854</ext:Watts><ext:Torque>20</ext:Torque></ext:TPX></Extensions></Trackpoint><Trackpoint><Time>2025-11-04T11:39:32.197Z</Time><DistanceMeters>8020.4200158734275</DistanceMeters><HeartRateBpm><Value>140</Value></HeartRateBpm><Cadence>42</Cadence><Extensions><ext:TPX><ext:Watts>96.05555555555556</ext:Watts><ext:Torque>20</ext:Torque></ext:TPX></Extensions></Trackpoint><Trackpoint><Time>2025-11-04T11:39:32.877Z</Time><DistanceMeters>8020.428192622026</DistanceMeters><HeartRateBpm><Value>140</Value></HeartRateBpm><Cadence>44</Cadence><Extensions><ext:TPX><ext:Watts>0.17647058823529413</ext:Watts><ext:Torque>20</ext:Torque></ext:TPX></Extensions></Trackpoint><Trackpoint><Time>2025-11-04T11:39:34.237Z</Time><DistanceMeters>8025.1134695685005</DistanceMeters><HeartRateBpm><Value>140</Value></HeartRateBpm><Cadence>22</Cadence><Extensions><ext:TPX><ext:Watts>50.55882352941177</ext:Watts><ext:Torque>20</ext:Torque></ext:TPX></Extensions></Trackpoint><Trackpoint><Time>2025-11-04T11:39:35.637Z</Time><DistanceMeters>8029.816786070409</DistanceMeters><HeartRateBpm><Value>141</Value></HeartRateBpm><Cadence>22</Cadence><Extensions><ext:TPX><ext:Watts>49.6</ext:Watts><ext:Torque>20</ext:Torque></ext:TPX></Extensions></Trackpoint><Trackpoint><Time>2025-11-04T11:39:37.002Z</Time><DistanceMeters>8034.461179273895</DistanceMeters><HeartRateBpm><Value>141</Value></HeartRateBpm><Cadence>22</Cadence><Extensions><ext:TPX><ext:Watts>50.11764705882353</ext:Watts><ext:Torque>20</ext:Torque></ext:TPX></Extensions></Trackpoint><Trackpoint><Time>2025-11-04T11:39:38.362Z</Time><DistanceMeters>8039.097395728784</DistanceMeters><HeartRateBpm><Value>141</Value></HeartRateBpm><Cadence>22</Cadence><Extensions><ext:TPX><ext:Watts>50.029411764705884</ext:Watts><ext:Torque>20</ext:Torque></ext:TPX></Extensions></Trackpoint><Trackpoint><Time>2025-11-04T11:39:39.682Z</Time><DistanceMeters>8043.7157848527795</DistanceMeters><HeartRateBpm><Value>141</Value></HeartRateBpm><Cadence>22</Cadence><Extensions><ext:TPX><ext:Watts>50.96969696969697</ext:Watts><ext:Torque>20</ext:Torque></ext:TPX></Extensions></Trackpoint><Trackpoint><Time>2025-11-04T11:39:41.047Z</Time><DistanceMeters>8048.512810696756</DistanceMeters><HeartRateBpm><Value>142</Value></HeartRateBpm><Cadence>22</Cadence><Extensions><ext:TPX><ext:Watts>51.76470588235294</ext:Watts><ext:Torque>20</ext:Torque></ext:TPX></Extensions></Trackpoint><Trackpoint><Time>2025-11-04T11:39:41.727Z</Time><DistanceMeters>8053.195362060365</DistanceMeters><HeartRateBpm><Value>142</Value></HeartRateBpm><Cadence>44</Cadence><Extensions><ext:TPX><ext:Watts>101.05882352941177</ext:Watts><ext:Torque>20</ext:Torque></ext:TPX></Extensions></Trackpoint><Trackpoint><Time>2025-11-04T11:39:42.407Z</Time><DistanceMeters>8053.200813226097</DistanceMeters><HeartRateBpm><Value>142</Value></HeartRateBpm><Cadence>44</Cadence><Extensions><ext:TPX><ext:Watts>0.11764705882352941</ext:Watts><ext:Torque>20</ext:Torque></ext:TPX></Extensions></Trackpoint><Trackpoint><Time>2025-11-04T11:39:43.847Z</Time><DistanceMeters>8058.200570519432</DistanceMeters><HeartRateBpm><Value>142</Value></HeartRateBpm><Cadence>21</Cadence><Extensions><ext:TPX><ext:Watts>51.5</ext:Watts><ext:Torque>20</ext:Torque></ext:TPX></Extensions></Trackpoint><Trackpoint><Time>2025-11-04T11:39:45.287Z</Time><DistanceMeters>8063.022342925303</DistanceMeters><HeartRateBpm><Value>143</Value></HeartRateBpm><Cadence>21</Cadence><Extensions><ext:TPX><ext:Watts>49.666666666666664</ext:Watts><ext:Torque>20</ext:Torque></ext:TPX></Extensions></Trackpoint><Trackpoint><Time>2025-11-04T11:39:46.727Z</Time><DistanceMeters>8068.191994883946</DistanceMeters><HeartRateBpm><Value>143</Value></HeartRateBpm><Cadence>21</Cadence><Extensions><ext:TPX><ext:Watts>53.25</ext:Watts><ext:Torque>20</ext:Torque></ext:TPX></Extensions></Trackpoint><Trackpoint><Time>2025-11-04T11:39:48.167Z</Time><DistanceMeters>8073.251080473103</DistanceMeters><HeartRateBpm><Value>143</Value></HeartRateBpm><Cadence>21</Cadence><Extensions><ext:TPX><ext:Watts>52.111111111111114</ext:Watts><ext:Torque>20</ext:Torque></ext:TPX></Extensions></Trackpoint><Trackpoint><Time>2025-11-04T11:39:49.607Z</Time><DistanceMeters>8078.2778051736295</DistanceMeters><HeartRateBpm><Value>143</Value></HeartRateBpm><Cadence>21</Cadence><Extensions><ext:TPX><ext:Watts>51.77777777777778</ext:Watts><ext:Torque>20</ext:Torque></ext:TPX></Extensions></Trackpoint><Trackpoint><Time>2025-11-04T11:39:51.007Z</Time><DistanceMeters>8083.013633079929</DistanceMeters><HeartRateBpm><Value>144</Value></HeartRateBpm><Cadence>22</Cadence><Extensions><ext:TPX><ext:Watts>49.94285714285714</ext:Watts><ext:Torque>20</ext:Torque></ext:TPX></Extensions></Trackpoint><Trackpoint><Time>2025-11-04T11:39:52.407Z</Time><DistanceMeters>8087.939110845176</DistanceMeters><HeartRateBpm><Value>144</Value></HeartRateBpm><Cadence>22</Cadence><Extensions><ext:TPX><ext:Watts>51.94285714285714</ext:Watts><ext:Torque>20</ext:Torque></ext:TPX></Extensions></Trackpoint><Trackpoint><Time>2025-11-04T11:39:53.807Z</Time><DistanceMeters>8092.76976368095</DistanceMeters><HeartRateBpm><Value>144</Value></HeartRateBpm><Cadence>22</Cadence><Extensions><ext:TPX><ext:Watts>50.94285714285714</ext:Watts><ext:Torque>20</ext:Torque></ext:TPX></Extensions></Trackpoint><Trackpoint><Time>2025-11-04T11:39:55.207Z</Time><DistanceMeters>8097.727752850588</DistanceMeters><HeartRateBpm><Value>144</Value></HeartRateBpm><Cadence>22</Cadence><Extensions><ext:TPX><ext:Watts>52.285714285714285</ext:Watts><ext:Torque>20</ext:Torque></ext:TPX></Extensions></Trackpoint><Trackpoint><Time>2025-11-04T11:39:56.608Z</Time><DistanceMeters>8102.7263812757155</DistanceMeters><HeartRateBpm><Value>145</Value></HeartRateBpm><Cadence>22</Cadence><Extensions><ext:TPX><ext:Watts>52.714285714285715</ext:Watts><ext:Torque>20</ext:Torque></ext:TPX></Extensions></Trackpoint><Trackpoint><Time>2025-11-04T11:39:58.048Z</Time><DistanceMeters>8107.656023310353</DistanceMeters><HeartRateBpm><Value>145</Value></HeartRateBpm><Cadence>21</Cadence><Extensions><ext:TPX><ext:Watts>50.77777777777778</ext:Watts><ext:Torque>20</ext:Torque></ext:TPX></Extensions></Trackpoint><Trackpoint><Time>2025-11-04T11:39:59.447Z</Time><DistanceMeters>8112.502931848322</DistanceMeters><HeartRateBpm><Value>145</Value></HeartRateBpm><Cadence>22</Cadence><Extensions><ext:TPX><ext:Watts>51.114285714285714</ext:Watts><ext:Torque>20</ext:Torque></ext:TPX></Extensions></Trackpoint><Trackpoint><Time>2025-11-04T11:40:00.848Z</Time><DistanceMeters>8117.455502450562</DistanceMeters><HeartRateBpm><Value>145</Value></HeartRateBpm><Cadence>22</Cadence><Extensions><ext:TPX><ext:Watts>52.22857142857143</ext:Watts><ext:Torque>20</ext:Torque></ext:TPX></Extensions></Trackpoint><Trackpoint><Time>2025-11-04T11:40:02.207Z</Time><DistanceMeters>8122.372453940638</DistanceMeters><HeartRateBpm><Value>145</Value></HeartRateBpm><Cadence>22</Cadence><Extensions><ext:TPX><ext:Watts>53.05882352941177</ext:Watts><ext:Torque>20</ext:Torque></ext:TPX></Extensions></Trackpoint><Trackpoint><Time>2025-11-04T11:40:03.607Z</Time><DistanceMeters>8127.146211818726</DistanceMeters><HeartRateBpm><Value>146</Value></HeartRateBpm><Cadence>22</Cadence><Extensions><ext:TPX><ext:Watts>50.34285714285714</ext:Watts><ext:Torque>20</ext:Torque></ext:TPX></Extensions></Trackpoint><Trackpoint><Time>2025-11-04T11:40:05.008Z</Time><DistanceMeters>8131.952481101206</DistanceMeters><HeartRateBpm><Value>146</Value></HeartRateBpm><Cadence>22</Cadence><Extensions><ext:TPX><ext:Watts>50.68571428571428</ext:Watts><ext:Torque>20</ext:Torque></ext:TPX></Extensions></Trackpoint><Trackpoint><Time>2025-11-04T11:40:06.407Z</Time><DistanceMeters>8136.696436858603</DistanceMeters><HeartRateBpm><Value>146</Value></HeartRateBpm><Cadence>22</Cadence><Extensions><ext:TPX><ext:Watts>50.02857142857143</ext:Watts><ext:Torque>20</ext:Torque></ext:TPX></Extensions></Trackpoint><Trackpoint><Time>2025-11-04T11:40:07.767Z</Time><DistanceMeters>8141.55342552563</DistanceMeters><HeartRateBpm><Value>146</Value></HeartRateBpm><Cadence>22</Cadence><Extensions><ext:TPX><ext:Watts>52.411764705882355</ext:Watts><ext:Torque>20</ext:Torque></ext:TPX></Extensions></Trackpoint><Trackpoint><Time>2025-11-04T11:40:09.127Z</Time><DistanceMeters>8146.2877629636905</DistanceMeters><HeartRateBpm><Value>146</Value></HeartRateBpm><Cadence>22</Cadence><Extensions><ext:TPX><ext:Watts>51.088235294117645</ext:Watts><ext:Torque>20</ext:Torque></ext:TPX></Extensions></Trackpoint><Trackpoint><Time>2025-11-04T11:40:10.487Z</Time><DistanceMeters>8151.163830710778</DistanceMeters><HeartRateBpm><Value>146</Value></HeartRateBpm><Cadence>22</Cadence><Extensions><ext:TPX><ext:Watts>52.61764705882353</ext:Watts><ext:Torque>20</ext:Torque></ext:TPX></Extensions></Trackpoint><Trackpoint><Time>2025-11-04T11:40:11.887Z</Time><DistanceMeters>8156.078471341228</DistanceMeters><HeartRateBpm><Value>146</Value></HeartRateBpm><Cadence>22</Cadence><Extensions><ext:TPX><ext:Watts>51.82857142857143</ext:Watts><ext:Torque>20</ext:Torque></ext:TPX></Extensions></Trackpoint><Trackpoint><Time>2025-11-04T11:40:13.334Z</Time><DistanceMeters>8161.050998130716</DistanceMeters><HeartRateBpm><Value>146</Value></HeartRateBpm><Cadence>20</Cadence><Extensions><ext:TPX><ext:Watts>50.0</ext:Watts><ext:Torque>20</ext:Torque></ext:TPX></Extensions></Trackpoint><Trackpoint><Time>2025-11-04T11:40:14.772Z</Time><DistanceMeters>8165.972549943195</DistanceMeters><HeartRateBpm><Value>146</Value></HeartRateBpm><Cadence>21</Cadence><Extensions><ext:TPX><ext:Watts>50.69444444444444</ext:Watts><ext:Torque>20</ext:Torque></ext:TPX></Extensions></Trackpoint><Trackpoint><Time>2025-11-04T11:40:15.573Z</Time><DistanceMeters>8170.884544506566</DistanceMeters><HeartRateBpm><Value>147</Value></HeartRateBpm><Cadence>38</Cadence><Extensions><ext:TPX><ext:Watts>90.35</ext:Watts><ext:Torque>20</ext:Torque></ext:TPX></Extensions></Trackpoint><Trackpoint><Time>2025-11-04T11:40:16.252Z</Time><DistanceMeters>8170.889995672298</DistanceMeters><HeartRateBpm><Value>147</Value></HeartRateBpm><Cadence>44</Cadence><Extensions><ext:TPX><ext:Watts>0.11764705882352941</ext:Watts><ext:Torque>20</ext:Torque></ext:TPX></Extensions></Trackpoint><Trackpoint><Time>2025-11-04T11:40:17.693Z</Time><DistanceMeters>8175.881662743476</DistanceMeters><HeartRateBpm><Value>147</Value></HeartRateBpm><Cadence>21</Cadence><Extensions><ext:TPX><ext:Watts>51.416666666666664</ext:Watts><ext:Torque>20</ext:Torque></ext:TPX></Extensions></Trackpoint><Trackpoint><Time>2025-11-04T11:40:19.093Z</Time><DistanceMeters>8180.696059877054</DistanceMeters><HeartRateBpm><Value>147</Value></HeartRateBpm><Cadence>22</Cadence><Extensions><ext:TPX><ext:Watts>50.77142857142857</ext:Watts><ext:Torque>20</ext:Torque></ext:TPX></Extensions></Trackpoint><Trackpoint><Time>2025-11-04T11:40:20.492Z</Time><DistanceMeters>8185.618828358602</DistanceMeters><HeartRateBpm><Value>147</Value></HeartRateBpm><Cadence>22</Cadence><Extensions><ext:TPX><ext:Watts>51.91428571428571</ext:Watts><ext:Torque>20</ext:Torque></ext:TPX></Extensions></Trackpoint><Trackpoint><Time>2025-11-04T11:40:21.933Z</Time><DistanceMeters>8190.534986689643</DistanceMeters><HeartRateBpm><Value>147</Value></HeartRateBpm><Cadence>21</Cadence><Extensions><ext:TPX><ext:Watts>50.638888888888886</ext:Watts><ext:Torque>20</ext:Torque></ext:TPX></Extensions></Trackpoint><Trackpoint><Time>2025-11-04T11:40:23.383Z</Time><DistanceMeters>8195.479888330301</DistanceMeters><HeartRateBpm><Value>147</Value></HeartRateBpm><Cadence>20</Cadence><Extensions><ext:TPX><ext:Watts>49.72222222222222</ext:Watts><ext:Torque>20</ext:Torque></ext:TPX></Extensions></Trackpoint><Trackpoint><Time>2025-11-04T11:40:24.823Z</Time><DistanceMeters>8200.2773900697</DistanceMeters><HeartRateBpm><Value>147</Value></HeartRateBpm><Cadence>21</Cadence><Extensions><ext:TPX><ext:Watts>49.416666666666664</ext:Watts><ext:Torque>20</ext:Torque></ext:TPX></Extensions></Trackpoint><Trackpoint><Time>2025-11-04T11:40:26.263Z</Time><DistanceMeters>8205.03174395759</DistanceMeters><HeartRateBpm><Value>147</Value></HeartRateBpm><Cadence>21</Cadence><Extensions><ext:TPX><ext:Watts>48.97222222222222</ext:Watts><ext:Torque>20</ext:Torque></ext:TPX></Extensions></Trackpoint><Trackpoint><Time>2025-11-04T11:40:27.703Z</Time><DistanceMeters>8209.672834735276</DistanceMeters><HeartRateBpm><Value>147</Value></HeartRateBpm><Cadence>21</Cadence><Extensions><ext:TPX><ext:Watts>47.80555555555556</ext:Watts><ext:Torque>20</ext:Torque></ext:TPX></Extensions></Trackpoint><Trackpoint><Time>2025-11-04T11:40:29.183Z</Time><DistanceMeters>8214.255622938561</DistanceMeters><HeartRateBpm><Value>147</Value></HeartRateBpm><Cadence>20</Cadence><Extensions><ext:TPX><ext:Watts>46.08108108108108</ext:Watts><ext:Torque>20</ext:Torque></ext:TPX></Extensions></Trackpoint><Trackpoint><Time>2025-11-04T11:40:30.583Z</Time><DistanceMeters>8218.807219553311</DistanceMeters><HeartRateBpm><Value>146</Value></HeartRateBpm><Cadence>22</Cadence><Extensions><ext:TPX><ext:Watts>48.0</ext:Watts><ext:Torque>20</ext:Torque></ext:TPX></Extensions></Trackpoint><Trackpoint><Time>2025-11-04T11:40:32.023Z</Time><DistanceMeters>8223.399768998053</DistanceMeters><HeartRateBpm><Value>146</Value></HeartRateBpm><Cadence>21</Cadence><Extensions><ext:TPX><ext:Watts>47.30555555555556</ext:Watts><ext:Torque>20</ext:Torque></ext:TPX></Extensions></Trackpoint><Trackpoint><Time>2025-11-04T11:40:33.423Z</Time><DistanceMeters>8227.981167733495</DistanceMeters><HeartRateBpm><Value>146</Value></HeartRateBpm><Cadence>22</Cadence><Extensions><ext:TPX><ext:Watts>48.31428571428572</ext:Watts><ext:Torque>20</ext:Torque></ext:TPX></Extensions></Trackpoint><Trackpoint><Time>2025-11-04T11:40:34.863Z</Time><DistanceMeters>8232.541356289606</DistanceMeters><HeartRateBpm><Value>145</Value></HeartRateBpm><Cadence>21</Cadence><Extensions><ext:TPX><ext:Watts>46.97222222222222</ext:Watts><ext:Torque>20</ext:Torque></ext:TPX></Extensions></Trackpoint><Trackpoint><Time>2025-11-04T11:40:36.303Z</Time><DistanceMeters>8236.988281735512</DistanceMeters><HeartRateBpm><Value>145</Value></HeartRateBpm><Cadence>21</Cadence><Extensions><ext:TPX><ext:Watts>45.80555555555556</ext:Watts><ext:Torque>20</ext:Torque></ext:TPX></Extensions></Trackpoint><Trackpoint><Time>2025-11-04T11:40:37.703Z</Time><DistanceMeters>8241.203927171555</DistanceMeters><HeartRateBpm><Value>145</Value></HeartRateBpm><Cadence>22</Cadence><Extensions><ext:TPX><ext:Watts>44.457142857142856</ext:Watts><ext:Torque>20</ext:Torque></ext:TPX></Extensions></Trackpoint><Trackpoint><Time>2025-11-04T11:40:39.103Z</Time><DistanceMeters>8245.574001778456</DistanceMeters><HeartRateBpm><Value>145</Value></HeartRateBpm><Cadence>22</Cadence><Extensions><ext:TPX><ext:Watts>46.08571428571429</ext:Watts><ext:Torque>20</ext:Torque></ext:TPX></Extensions></Trackpoint><Trackpoint><Time>2025-11-04T11:40:40.508Z</Time><DistanceMeters>8250.017227045235</DistanceMeters><HeartRateBpm><Value>144</Value></HeartRateBpm><Cadence>22</Cadence><Extensions><ext:TPX><ext:Watts>46.857142857142854</ext:Watts><ext:Torque>20</ext:Torque></ext:TPX></Extensions></Trackpoint><Trackpoint><Time>2025-11-04T11:40:41.948Z</Time><DistanceMeters>8254.483029676176</DistanceMeters><HeartRateBpm><Value>144</Value></HeartRateBpm><Cadence>21</Cadence><Extensions><ext:TPX><ext:Watts>46.0</ext:Watts><ext:Torque>20</ext:Torque></ext:TPX></Extensions></Trackpoint><Trackpoint><Time>2025-11-04T11:40:43.353Z</Time><DistanceMeters>8258.647198721932</DistanceMeters><HeartRateBpm><Value>144</Value></HeartRateBpm><Cadence>22</Cadence><Extensions><ext:TPX><ext:Watts>43.91428571428571</ext:Watts><ext:Torque>20</ext:Torque></ext:TPX></Extensions></Trackpoint><Trackpoint><Time>2025-11-04T11:40:44.753Z</Time><DistanceMeters>8262.95225052005</DistanceMeters><HeartRateBpm><Value>144</Value></HeartRateBpm><Cadence>22</Cadence><Extensions><ext:TPX><ext:Watts>45.4</ext:Watts><ext:Torque>20</ext:Torque></ext:TPX></Extensions></Trackpoint><Trackpoint><Time>2025-11-04T11:40:46.158Z</Time><DistanceMeters>8267.235628048573</DistanceMeters><HeartRateBpm><Value>144</Value></HeartRateBpm><Cadence>22</Cadence><Extensions><ext:TPX><ext:Watts>45.17142857142857</ext:Watts><ext:Torque>20</ext:Torque></ext:TPX></Extensions></Trackpoint><Trackpoint><Time>2025-11-04T11:40:47.558Z</Time><DistanceMeters>8271.556935548886</DistanceMeters><HeartRateBpm><Value>144</Value></HeartRateBpm><Cadence>22</Cadence><Extensions><ext:TPX><ext:Watts>45.57142857142857</ext:Watts><ext:Torque>20</ext:Torque></ext:TPX></Extensions></Trackpoint><Trackpoint><Time>2025-11-04T11:40:48.958Z</Time><DistanceMeters>8275.824057375214</DistanceMeters><HeartRateBpm><Value>144</Value></HeartRateBpm><Cadence>22</Cadence><Extensions><ext:TPX><ext:Watts>45.0</ext:Watts><ext:Torque>20</ext:Torque></ext:TPX></Extensions></Trackpoint><Trackpoint><Time>2025-11-04T11:40:50.358Z</Time><DistanceMeters>8280.058667797151</DistanceMeters><HeartRateBpm><Value>143</Value></HeartRateBpm><Cadence>22</Cadence><Extensions><ext:TPX><ext:Watts>44.65714285714286</ext:Watts><ext:Torque>20</ext:Torque></ext:TPX></Extensions></Trackpoint><Trackpoint><Time>2025-11-04T11:40:51.758Z</Time><DistanceMeters>8284.404358850757</DistanceMeters><HeartRateBpm><Value>143</Value></HeartRateBpm><Cadence>22</Cadence><Extensions><ext:TPX><ext:Watts>45.82857142857143</ext:Watts><ext:Torque>20</ext:Torque></ext:TPX></Extensions></Trackpoint><Trackpoint><Time>2025-11-04T11:40:53.118Z</Time><DistanceMeters>8288.680798367348</DistanceMeters><HeartRateBpm><Value>143</Value></HeartRateBpm><Cadence>22</Cadence><Extensions><ext:TPX><ext:Watts>46.14705882352941</ext:Watts><ext:Torque>20</ext:Torque></ext:TPX></Extensions></Trackpoint><Trackpoint><Time>2025-11-04T11:40:54.518Z</Time><DistanceMeters>8292.953338761075</DistanceMeters><HeartRateBpm><Value>142</Value></HeartRateBpm><Cadence>22</Cadence><Extensions><ext:TPX><ext:Watts>45.05714285714286</ext:Watts><ext:Torque>20</ext:Torque></ext:TPX></Extensions></Trackpoint><Trackpoint><Time>2025-11-04T11:40:55.918Z</Time><DistanceMeters>8297.204204885207</DistanceMeters><HeartRateBpm><Value>142</Value></HeartRateBpm><Cadence>22</Cadence><Extensions><ext:TPX><ext:Watts>44.82857142857143</ext:Watts><ext:Torque>20</ext:Torque></ext:TPX></Extensions></Trackpoint><Trackpoint><Time>2025-11-04T11:40:57.318Z</Time><DistanceMeters>8301.316897540677</DistanceMeters><HeartRateBpm><Value>141</Value></HeartRateBpm><Cadence>22</Cadence><Extensions><ext:TPX><ext:Watts>43.371428571428574</ext:Watts><ext:Torque>20</ext:Torque></ext:TPX></Extensions></Trackpoint><Trackpoint><Time>2025-11-04T11:40:58.723Z</Time><DistanceMeters>8305.651751459487</DistanceMeters><HeartRateBpm><Value>141</Value></HeartRateBpm><Cadence>22</Cadence><Extensions><ext:TPX><ext:Watts>45.714285714285715</ext:Watts><ext:Torque>20</ext:Torque></ext:TPX></Extensions></Trackpoint><Trackpoint><Time>2025-11-04T11:41:00.083Z</Time><DistanceMeters>8309.862776987296</DistanceMeters><HeartRateBpm><Value>141</Value></HeartRateBpm><Cadence>22</Cadence><Extensions><ext:TPX><ext:Watts>45.44117647058823</ext:Watts><ext:Torque>20</ext:Torque></ext:TPX></Extensions></Trackpoint><Trackpoint><Time>2025-11-04T11:41:01.483Z</Time><DistanceMeters>8314.07029457224</DistanceMeters><HeartRateBpm><Value>140</Value></HeartRateBpm><Cadence>22</Cadence><Extensions><ext:TPX><ext:Watts>44.371428571428574</ext:Watts><ext:Torque>20</ext:Torque></ext:TPX></Extensions></Trackpoint><Trackpoint><Time>2025-11-04T11:41:02.883Z</Time><DistanceMeters>8318.223626483199</DistanceMeters><HeartRateBpm><Value>140</Value></HeartRateBpm><Cadence>22</Cadence><Extensions><ext:TPX><ext:Watts>43.8</ext:Watts><ext:Torque>20</ext:Torque></ext:TPX></Extensions></Trackpoint><Trackpoint><Time>2025-11-04T11:41:04.283Z</Time><DistanceMeters>8322.52055043022</DistanceMeters><HeartRateBpm><Value>139</Value></HeartRateBpm><Cadence>22</Cadence><Extensions><ext:TPX><ext:Watts>45.31428571428572</ext:Watts><ext:Torque>20</ext:Torque></ext:TPX></Extensions></Trackpoint><Trackpoint><Time>2025-11-04T11:41:05.683Z</Time><DistanceMeters>8326.931264292609</DistanceMeters><HeartRateBpm><Value>139</Value></HeartRateBpm><Cadence>22</Cadence><Extensions><ext:TPX><ext:Watts>46.51428571428571</ext:Watts><ext:Torque>20</ext:Torque></ext:TPX></Extensions></Trackpoint><Trackpoint><Time>2025-11-04T11:41:07.083Z</Time><DistanceMeters>8331.26340892772</DistanceMeters><HeartRateBpm><Value>139</Value></HeartRateBpm><Cadence>22</Cadence><Extensions><ext:TPX><ext:Watts>45.68571428571428</ext:Watts><ext:Torque>20</ext:Torque></ext:TPX></Extensions></Trackpoint><Trackpoint><Time>2025-11-04T11:41:08.448Z</Time><DistanceMeters>8335.594360101628</DistanceMeters><HeartRateBpm><Value>139</Value></HeartRateBpm><Cadence>22</Cadence><Extensions><ext:TPX><ext:Watts>46.73529411764706</ext:Watts><ext:Torque>20</ext:Torque></ext:TPX></Extensions></Trackpoint><Trackpoint><Time>2025-11-04T11:41:09.848Z</Time><DistanceMeters>8339.801877686572</DistanceMeters><HeartRateBpm><Value>138</Value></HeartRateBpm><Cadence>22</Cadence><Extensions><ext:TPX><ext:Watts>44.371428571428574</ext:Watts><ext:Torque>20</ext:Torque></ext:TPX></Extensions></Trackpoint><Trackpoint><Time>2025-11-04T11:41:11.213Z</Time><DistanceMeters>8344.004726465784</DistanceMeters><HeartRateBpm><Value>138</Value></HeartRateBpm><Cadence>22</Cadence><Extensions><ext:TPX><ext:Watts>45.35294117647059</ext:Watts><ext:Torque>20</ext:Torque></ext:TPX></Extensions></Trackpoint><Trackpoint><Time>2025-11-04T11:41:12.573Z</Time><DistanceMeters>8348.133984507616</DistanceMeters><HeartRateBpm><Value>138</Value></HeartRateBpm><Cadence>22</Cadence><Extensions><ext:TPX><ext:Watts>44.55882352941177</ext:Watts><ext:Torque>20</ext:Torque></ext:TPX></Extensions></Trackpoint><Trackpoint><Time>2025-11-04T11:41:13.933Z</Time><DistanceMeters>8352.325930955365</DistanceMeters><HeartRateBpm><Value>138</Value></HeartRateBpm><Cadence>22</Cadence><Extensions><ext:TPX><ext:Watts>45.23529411764706</ext:Watts><ext:Torque>20</ext:Torque></ext:TPX></Extensions></Trackpoint><Trackpoint><Time>2025-11-04T11:41:15.333Z</Time><DistanceMeters>8356.509064987016</DistanceMeters><HeartRateBpm><Value>137</Value></HeartRateBpm><Cadence>22</Cadence><Extensions><ext:TPX><ext:Watts>44.114285714285714</ext:Watts><ext:Torque>20</ext:Torque></ext:TPX></Extensions></Trackpoint><Trackpoint><Time>2025-11-04T11:41:16.693Z</Time><DistanceMeters>8360.76369984068</DistanceMeters><HeartRateBpm><Value>137</Value></HeartRateBpm><Cadence>22</Cadence><Extensions><ext:TPX><ext:Watts>45.911764705882355</ext:Watts><ext:Torque>20</ext:Torque></ext:TPX></Extensions></Trackpoint><Trackpoint><Time>2025-11-04T11:41:18.093Z</Time><DistanceMeters>8364.992891695218</DistanceMeters><HeartRateBpm><Value>137</Value></HeartRateBpm><Cadence>22</Cadence><Extensions><ext:TPX><ext:Watts>44.6</ext:Watts><ext:Torque>20</ext:Torque></ext:TPX></Extensions></Trackpoint><Trackpoint><Time>2025-11-04T11:41:19.453Z</Time><DistanceMeters>8369.332019617725</DistanceMeters><HeartRateBpm><Value>137</Value></HeartRateBpm><Cadence>22</Cadence><Extensions><ext:TPX><ext:Watts>46.8235294117647</ext:Watts><ext:Torque>20</ext:Torque></ext:TPX></Extensions></Trackpoint><Trackpoint><Time>2025-11-04T11:41:20.813Z</Time><DistanceMeters>8373.646617294438</DistanceMeters><HeartRateBpm><Value>137</Value></HeartRateBpm><Cadence>22</Cadence><Extensions><ext:TPX><ext:Watts>46.55882352941177</ext:Watts><ext:Torque>20</ext:Torque></ext:TPX></Extensions></Trackpoint><Trackpoint><Time>2025-11-04T11:41:22.178Z</Time><DistanceMeters>8377.868545153711</DistanceMeters><HeartRateBpm><Value>137</Value></HeartRateBpm><Cadence>22</Cadence><Extensions><ext:TPX><ext:Watts>45.55882352941177</ext:Watts><ext:Torque>20</ext:Torque></ext:TPX></Extensions></Trackpoint><Trackpoint><Time>2025-11-04T11:41:23.578Z</Time><DistanceMeters>8382.02729563207</DistanceMeters><HeartRateBpm><Value>137</Value></HeartRateBpm><Cadence>22</Cadence><Extensions><ext:TPX><ext:Watts>43.857142857142854</ext:Watts><ext:Torque>20</ext:Torque></ext:TPX></Extensions></Trackpoint><Trackpoint><Time>2025-11-04T11:41:24.939Z</Time><DistanceMeters>8386.213790914086</DistanceMeters><HeartRateBpm><Value>137</Value></HeartRateBpm><Cadence>22</Cadence><Extensions><ext:TPX><ext:Watts>45.1764705882353</ext:Watts><ext:Torque>20</ext:Torque></ext:TPX></Extensions></Trackpoint><Trackpoint><Time>2025-11-04T11:41:26.298Z</Time><DistanceMeters>8390.403011778968</DistanceMeters><HeartRateBpm><Value>137</Value></HeartRateBpm><Cadence>22</Cadence><Extensions><ext:TPX><ext:Watts>45.205882352941174</ext:Watts><ext:Torque>20</ext:Torque></ext:TPX></Extensions></Trackpoint><Trackpoint><Time>2025-11-04T11:41:27.658Z</Time><DistanceMeters>8394.537720986533</DistanceMeters><HeartRateBpm><Value>137</Value></HeartRateBpm><Cadence>22</Cadence><Extensions><ext:TPX><ext:Watts>44.61764705882353</ext:Watts><ext:Torque>20</ext:Torque></ext:TPX></Extensions></Trackpoint><Trackpoint><Time>2025-11-04T11:41:29.059Z</Time><DistanceMeters>8398.655832209402</DistanceMeters><HeartRateBpm><Value>137</Value></HeartRateBpm><Cadence>22</Cadence><Extensions><ext:TPX><ext:Watts>43.42857142857143</ext:Watts><ext:Torque>20</ext:Torque></ext:TPX></Extensions></Trackpoint><Trackpoint><Time>2025-11-04T11:41:30.423Z</Time><DistanceMeters>8402.842327491418</DistanceMeters><HeartRateBpm><Value>136</Value></HeartRateBpm><Cadence>22</Cadence><Extensions><ext:TPX><ext:Watts>45.1764705882353</ext:Watts><ext:Torque>20</ext:Torque></ext:TPX></Extensions></Trackpoint><Trackpoint><Time>2025-11-04T11:41:31.783Z</Time><DistanceMeters>8407.053353019228</DistanceMeters><HeartRateBpm><Value>136</Value></HeartRateBpm><Cadence>22</Cadence><Extensions><ext:TPX><ext:Watts>45.44117647058823</ext:Watts><ext:Torque>20</ext:Torque></ext:TPX></Extensions></Trackpoint><Trackpoint><Time>2025-11-04T11:41:33.144Z</Time><DistanceMeters>8411.324341370087</DistanceMeters><HeartRateBpm><Value>136</Value></HeartRateBpm><Cadence>22</Cadence><Extensions><ext:TPX><ext:Watts>46.088235294117645</ext:Watts><ext:Torque>20</ext:Torque></ext:TPX></Extensions></Trackpoint><Trackpoint><Time>2025-11-04T11:41:34.504Z</Time><DistanceMeters>8415.524464566433</DistanceMeters><HeartRateBpm><Value>136</Value></HeartRateBpm><Cadence>22</Cadence><Extensions><ext:TPX><ext:Watts>45.3235294117647</ext:Watts><ext:Torque>20</ext:Torque></ext:TPX></Extensions></Trackpoint><Trackpoint><Time>2025-11-04T11:41:35.864Z</Time><DistanceMeters>8419.768197088633</DistanceMeters><HeartRateBpm><Value>135</Value></HeartRateBpm><Cadence>22</Cadence><Extensions><ext:TPX><ext:Watts>45.794117647058826</ext:Watts><ext:Torque>20</ext:Torque></ext:TPX></Extensions></Trackpoint><Trackpoint><Time>2025-11-04T11:41:37.229Z</Time><DistanceMeters>8423.818413227355</DistanceMeters><HeartRateBpm><Value>135</Value></HeartRateBpm><Cadence>22</Cadence><Extensions><ext:TPX><ext:Watts>43.705882352941174</ext:Watts><ext:Torque>20</ext:Torque></ext:TPX></Extensions></Trackpoint><Trackpoint><Time>2025-11-04T11:41:38.588Z</Time><DistanceMeters>8427.91223869193</DistanceMeters><HeartRateBpm><Value>135</Value></HeartRateBpm><Cadence>22</Cadence><Extensions><ext:TPX><ext:Watts>44.1764705882353</ext:Watts><ext:Torque>20</ext:Torque></ext:TPX></Extensions></Trackpoint><Trackpoint><Time>2025-11-04T11:41:39.948Z</Time><DistanceMeters>8432.12871538547</DistanceMeters><HeartRateBpm><Value>135</Value></HeartRateBpm><Cadence>22</Cadence><Extensions><ext:TPX><ext:Watts>45.5</ext:Watts><ext:Torque>20</ext:Torque></ext:TPX></Extensions></Trackpoint><Trackpoint><Time>2025-11-04T11:41:41.308Z</Time><DistanceMeters>8436.307033918889</DistanceMeters><HeartRateBpm><Value>135</Value></HeartRateBpm><Cadence>22</Cadence><Extensions><ext:TPX><ext:Watts>45.088235294117645</ext:Watts><ext:Torque>20</ext:Torque></ext:TPX></Extensions></Trackpoint><Trackpoint><Time>2025-11-04T11:41:42.669Z</Time><DistanceMeters>8440.493529200905</DistanceMeters><HeartRateBpm><Value>135</Value></HeartRateBpm><Cadence>22</Cadence><Extensions><ext:TPX><ext:Watts>45.1764705882353</ext:Watts><ext:Torque>20</ext:Torque></ext:TPX></Extensions></Trackpoint><Trackpoint><Time>2025-11-04T11:41:44.029Z</Time><DistanceMeters>8444.677298900055</DistanceMeters><HeartRateBpm><Value>134</Value></HeartRateBpm><Cadence>22</Cadence><Extensions><ext:TPX><ext:Watts>45.14705882352941</ext:Watts><ext:Torque>20</ext:Torque></ext:TPX></Extensions></Trackpoint><Trackpoint><Time>2025-11-04T11:41:45.389Z</Time><DistanceMeters>8448.882873262131</DistanceMeters><HeartRateBpm><Value>133</Value></HeartRateBpm><Cadence>22</Cadence><Extensions><ext:TPX><ext:Watts>45.38235294117647</ext:Watts><ext:Torque>20</ext:Torque></ext:TPX></Extensions></Trackpoint><Trackpoint><Time>2025-11-04T11:41:46.709Z</Time><DistanceMeters>8453.012514904514</DistanceMeters><HeartRateBpm><Value>133</Value></HeartRateBpm><Cadence>22</Cadence><Extensions><ext:TPX><ext:Watts>45.57575757575758</ext:Watts><ext:Torque>20</ext:Torque></ext:TPX></Extensions></Trackpoint><Trackpoint><Time>2025-11-04T11:41:48.069Z</Time><DistanceMeters>8456.978237974392</DistanceMeters><HeartRateBpm><Value>132</Value></HeartRateBpm><Cadence>22</Cadence><Extensions><ext:TPX><ext:Watts>42.794117647058826</ext:Watts><ext:Torque>20</ext:Torque></ext:TPX></Extensions></Trackpoint><Trackpoint><Time>2025-11-04T11:41:49.389Z</Time><DistanceMeters>8461.1408288852</DistanceMeters><HeartRateBpm><Value>131</Value></HeartRateBpm><Cadence>22</Cadence><Extensions><ext:TPX><ext:Watts>45.93939393939394</ext:Watts><ext:Torque>20</ext:Torque></ext:TPX></Extensions></Trackpoint><Trackpoint><Time>2025-11-04T11:41:50.709Z</Time><DistanceMeters>8465.57250548813</DistanceMeters><HeartRateBpm><Value>131</Value></HeartRateBpm><Cadence>22</Cadence><Extensions><ext:TPX><ext:Watts>48.90909090909091</ext:Watts><ext:Torque>20</ext:Torque></ext:TPX></Extensions></Trackpoint><Trackpoint><Time>2025-11-04T11:41:52.069Z</Time><DistanceMeters>8469.859847336184</DistanceMeters><HeartRateBpm><Value>130</Value></HeartRateBpm><Cadence>22</Cadence><Extensions><ext:TPX><ext:Watts>46.26470588235294</ext:Watts><ext:Torque>20</ext:Torque></ext:TPX></Extensions></Trackpoint><Trackpoint><Time>2025-11-04T11:41:53.390Z</Time><DistanceMeters>8474.02518401936</DistanceMeters><HeartRateBpm><Value>130</Value></HeartRateBpm><Cadence>22</Cadence><Extensions><ext:TPX><ext:Watts>45.96969696969697</ext:Watts><ext:Torque>20</ext:Torque></ext:TPX></Extensions></Trackpoint><Trackpoint><Time>2025-11-04T11:41:54.709Z</Time><DistanceMeters>8478.270148101225</DistanceMeters><HeartRateBpm><Value>129</Value></HeartRateBpm><Cadence>22</Cadence><Extensions><ext:TPX><ext:Watts>46.84848484848485</ext:Watts><ext:Torque>20</ext:Torque></ext:TPX></Extensions></Trackpoint><Trackpoint><Time>2025-11-04T11:41:55.990Z</Time><DistanceMeters>8482.26357643098</DistanceMeters><HeartRateBpm><Value>129</Value></HeartRateBpm><Cadence>24</Cadence><Extensions><ext:TPX><ext:Watts>46.03125</ext:Watts><ext:Torque>20</ext:Torque></ext:TPX></Extensions></Trackpoint><Trackpoint><Time>2025-11-04T11:41:57.349Z</Time><DistanceMeters>8486.466425210192</DistanceMeters><HeartRateBpm><Value>130</Value></HeartRateBpm><Cadence>22</Cadence><Extensions><ext:TPX><ext:Watts>45.35294117647059</ext:Watts><ext:Torque>20</ext:Torque></ext:TPX></Extensions></Trackpoint><Trackpoint><Time>2025-11-04T11:41:58.669Z</Time><DistanceMeters>8490.519185226254</DistanceMeters><HeartRateBpm><Value>130</Value></HeartRateBpm><Cadence>22</Cadence><Extensions><ext:TPX><ext:Watts>44.72727272727273</ext:Watts><ext:Torque>20</ext:Torque></ext:TPX></Extensions></Trackpoint><Trackpoint><Time>2025-11-04T11:42:00.029Z</Time><DistanceMeters>8494.651168850953</DistanceMeters><HeartRateBpm><Value>130</Value></HeartRateBpm><Cadence>22</Cadence><Extensions><ext:TPX><ext:Watts>44.588235294117645</ext:Watts><ext:Torque>20</ext:Torque></ext:TPX></Extensions></Trackpoint><Trackpoint><Time>2025-11-04T11:42:01.309Z</Time><DistanceMeters>8498.717796477995</DistanceMeters><HeartRateBpm><Value>130</Value></HeartRateBpm><Cadence>24</Cadence><Extensions><ext:TPX><ext:Watts>46.875</ext:Watts><ext:Torque>20</ext:Torque></ext:TPX></Extensions></Trackpoint><Trackpoint><Time>2025-11-04T11:42:02.669Z</Time><DistanceMeters>8503.002412743183</DistanceMeters><HeartRateBpm><Value>130</Value></HeartRateBpm><Cadence>22</Cadence><Extensions><ext:TPX><ext:Watts>46.23529411764706</ext:Watts><ext:Torque>20</ext:Torque></ext:TPX></Extensions></Trackpoint><Trackpoint><Time>2025-11-04T11:42:04.029Z</Time><DistanceMeters>8507.330638334226</DistanceMeters><HeartRateBpm><Value>130</Value></HeartRateBpm><Cadence>22</Cadence><Extensions><ext:TPX><ext:Watts>46.705882352941174</ext:Watts><ext:Torque>20</ext:Torque></ext:TPX></Extensions></Trackpoint><Trackpoint><Time>2025-11-04T11:42:05.349Z</Time><DistanceMeters>8511.564619326617</DistanceMeters><HeartRateBpm><Value>131</Value></HeartRateBpm><Cadence>22</Cadence><Extensions><ext:TPX><ext:Watts>46.72727272727273</ext:Watts><ext:Torque>20</ext:Torque></ext:TPX></Extensions></Trackpoint><Trackpoint><Time>2025-11-04T11:42:06.749Z</Time><DistanceMeters>8515.891345394328</DistanceMeters><HeartRateBpm><Value>131</Value></HeartRateBpm><Cadence>22</Cadence><Extensions><ext:TPX><ext:Watts>45.628571428571426</ext:Watts><ext:Torque>20</ext:Torque></ext:TPX></Extensions></Trackpoint><Trackpoint><Time>2025-11-04T11:42:08.149Z</Time><DistanceMeters>8520.39417490249</DistanceMeters><HeartRateBpm><Value>131</Value></HeartRateBpm><Cadence>22</Cadence><Extensions><ext:TPX><ext:Watts>47.48571428571429</ext:Watts><ext:Torque>20</ext:Torque></ext:TPX></Extensions></Trackpoint><Trackpoint><Time>2025-11-04T11:42:09.554Z</Time><DistanceMeters>8524.712773119105</DistanceMeters><HeartRateBpm><Value>131</Value></HeartRateBpm><Cadence>22</Cadence><Extensions><ext:TPX><ext:Watts>45.542857142857144</ext:Watts><ext:Torque>20</ext:Torque></ext:TPX></Extensions></Trackpoint><Trackpoint><Time>2025-11-04T11:42:10.994Z</Time><DistanceMeters>8529.084189824875</DistanceMeters><HeartRateBpm><Value>131</Value></HeartRateBpm><Cadence>21</Cadence><Extensions><ext:TPX><ext:Watts>45.02777777777778</ext:Watts><ext:Torque>20</ext:Torque></ext:TPX></Extensions></Trackpoint><Trackpoint><Time>2025-11-04T11:42:12.474Z</Time><DistanceMeters>8533.537961116865</DistanceMeters><HeartRateBpm><Value>131</Value></HeartRateBpm><Cadence>20</Cadence><Extensions><ext:TPX><ext:Watts>44.78378378378378</ext:Watts><ext:Torque>20</ext:Torque></ext:TPX></Extensions></Trackpoint><Trackpoint><Time>2025-11-04T11:42:13.914Z</Time><DistanceMeters>8537.963312637017</DistanceMeters><HeartRateBpm><Value>131</Value></HeartRateBpm><Cadence>21</Cadence><Extensions><ext:TPX><ext:Watts>45.583333333333336</ext:Watts><ext:Torque>20</ext:Torque></ext:TPX></Extensions></Trackpoint><Trackpoint><Time>2025-11-04T11:42:15.359Z</Time><DistanceMeters>8542.558558822477</DistanceMeters><HeartRateBpm><Value>132</Value></HeartRateBpm><Cadence>21</Cadence><Extensions><ext:TPX><ext:Watts>47.333333333333336</ext:Watts><ext:Torque>20</ext:Torque></ext:TPX></Extensions></Trackpoint><Trackpoint><Time>2025-11-04T11:42:16.839Z</Time><DistanceMeters>8547.18435266286</DistanceMeters><HeartRateBpm><Value>132</Value></HeartRateBpm><Cadence>20</Cadence><Extensions><ext:TPX><ext:Watts>46.513513513513516</ext:Watts><ext:Torque>20</ext:Torque></ext:TPX></Extensions></Trackpoint><Trackpoint><Time>2025-11-04T11:42:18.319Z</Time><DistanceMeters>8551.842400731068</DistanceMeters><HeartRateBpm><Value>132</Value></HeartRateBpm><Cadence>20</Cadence><Extensions><ext:TPX><ext:Watts>46.83783783783784</ext:Watts><ext:Torque>20</ext:Torque></ext:TPX></Extensions></Trackpoint><Trackpoint><Time>2025-11-04T11:42:19.839Z</Time><DistanceMeters>8556.57744071478</DistanceMeters><HeartRateBpm><Value>132</Value></HeartRateBpm><Cadence>20</Cadence><Extensions><ext:TPX><ext:Watts>45.28947368421053</ext:Watts><ext:Torque>20</ext:Torque></ext:TPX></Extensions></Trackpoint><Trackpoint><Time>2025-11-04T11:42:21.319Z</Time><DistanceMeters>8561.033899859089</DistanceMeters><HeartRateBpm><Value>131</Value></HeartRateBpm><Cadence>20</Cadence><Extensions><ext:TPX><ext:Watts>44.810810810810814</ext:Watts><ext:Torque>20</ext:Torque></ext:TPX></Extensions></Trackpoint><Trackpoint><Time>2025-11-04T11:42:22.799Z</Time><DistanceMeters>8565.58443383455</DistanceMeters><HeartRateBpm><Value>131</Value></HeartRateBpm><Cadence>20</Cadence><Extensions><ext:TPX><ext:Watts>45.75675675675676</ext:Watts><ext:Torque>20</ext:Torque></ext:TPX></Extensions></Trackpoint><Trackpoint><Time>2025-11-04T11:42:24.319Z</Time><DistanceMeters>8570.297463173365</DistanceMeters><HeartRateBpm><Value>131</Value></HeartRateBpm><Cadence>20</Cadence><Extensions><ext:TPX><ext:Watts>45.078947368421055</ext:Watts><ext:Torque>20</ext:Torque></ext:TPX></Extensions></Trackpoint><Trackpoint><Time>2025-11-04T11:42:25.761Z</Time><DistanceMeters>8574.806413655811</DistanceMeters><HeartRateBpm><Value>131</Value></HeartRateBpm><Cadence>21</Cadence><Extensions><ext:TPX><ext:Watts>46.44444444444444</ext:Watts><ext:Torque>20</ext:Torque></ext:TPX></Extensions></Trackpoint><Trackpoint><Time>2025-11-04T11:42:27.279Z</Time><DistanceMeters>8579.20310875748</DistanceMeters><HeartRateBpm><Value>131</Value></HeartRateBpm><Cadence>20</Cadence><Extensions><ext:TPX><ext:Watts>43.13157894736842</ext:Watts><ext:Torque>20</ext:Torque></ext:TPX></Extensions></Trackpoint><Trackpoint><Time>2025-11-04T11:42:28.800Z</Time><DistanceMeters>8583.756560920781</DistanceMeters><HeartRateBpm><Value>131</Value></HeartRateBpm><Cadence>20</Cadence><Extensions><ext:TPX><ext:Watts>43.55263157894737</ext:Watts><ext:Torque>20</ext:Torque></ext:TPX></Extensions></Trackpoint><Trackpoint><Time>2025-11-04T11:42:30.279Z</Time><DistanceMeters>8588.067876039884</DistanceMeters><HeartRateBpm><Value>131</Value></HeartRateBpm><Cadence>20</Cadence><Extensions><ext:TPX><ext:Watts>43.351351351351354</ext:Watts><ext:Torque>20</ext:Torque></ext:TPX></Extensions></Trackpoint><Trackpoint><Time>2025-11-04T11:42:31.759Z</Time><DistanceMeters>8592.39263042058</DistanceMeters><HeartRateBpm><Value>131</Value></HeartRateBpm><Cadence>20</Cadence><Extensions><ext:TPX><ext:Watts>43.486486486486484</ext:Watts><ext:Torque>20</ext:Torque></ext:TPX></Extensions></Trackpoint><Trackpoint><Time>2025-11-04T11:42:33.239Z</Time><DistanceMeters>8596.574928628386</DistanceMeters><HeartRateBpm><Value>131</Value></HeartRateBpm><Cadence>20</Cadence><Extensions><ext:TPX><ext:Watts>42.054054054054056</ext:Watts><ext:Torque>20</ext:Torque></ext:TPX></Extensions></Trackpoint><Trackpoint><Time>2025-11-04T11:42:34.719Z</Time><DistanceMeters>8600.913122270675</DistanceMeters><HeartRateBpm><Value>131</Value></HeartRateBpm><Cadence>20</Cadence><Extensions><ext:TPX><ext:Watts>43.62162162162162</ext:Watts><ext:Torque>20</ext:Torque></ext:TPX></Extensions></Trackpoint><Trackpoint><Time>2025-11-04T11:42:36.199Z</Time><DistanceMeters>8605.313136516292</DistanceMeters><HeartRateBpm><Value>131</Value></HeartRateBpm><Cadence>20</Cadence><Extensions><ext:TPX><ext:Watts>44.24324324324324</ext:Watts><ext:Torque>20</ext:Torque></ext:TPX></Extensions></Trackpoint><Trackpoint><Time>2025-11-04T11:42:37.719Z</Time><DistanceMeters>8609.839075373471</DistanceMeters><HeartRateBpm><Value>131</Value></HeartRateBpm><Cadence>20</Cadence><Extensions><ext:TPX><ext:Watts>43.28947368421053</ext:Watts><ext:Torque>20</ext:Torque></ext:TPX></Extensions></Trackpoint><Trackpoint><Time>2025-11-04T11:42:39.239Z</Time><DistanceMeters>8614.26871765922</DistanceMeters><HeartRateBpm><Value>131</Value></HeartRateBpm><Cadence>20</Cadence><Extensions><ext:TPX><ext:Watts>42.36842105263158</ext:Watts><ext:Torque>20</ext:Torque></ext:TPX></Extensions></Trackpoint><Trackpoint><Time>2025-11-04T11:42:40.759Z</Time><DistanceMeters>8618.76989454089</DistanceMeters><HeartRateBpm><Value>131</Value></HeartRateBpm><Cadence>20</Cadence><Extensions><ext:TPX><ext:Watts>43.05263157894737</ext:Watts><ext:Torque>20</ext:Torque></ext:TPX></Extensions></Trackpoint><Trackpoint><Time>2025-11-04T11:42:42.285Z</Time><DistanceMeters>8623.301336059294</DistanceMeters><HeartRateBpm><Value>131</Value></HeartRateBpm><Cadence>20</Cadence><Extensions><ext:TPX><ext:Watts>43.3421052631579</ext:Watts><ext:Torque>20</ext:Torque></ext:TPX></Extensions></Trackpoint><Trackpoint><Time>2025-11-04T11:42:43.809Z</Time><DistanceMeters>8627.86029088382</DistanceMeters><HeartRateBpm><Value>131</Value></HeartRateBpm><Cadence>20</Cadence><Extensions><ext:TPX><ext:Watts>43.60526315789474</ext:Watts><ext:Torque>20</ext:Torque></ext:TPX></Extensions></Trackpoint><Trackpoint><Time>2025-11-04T11:42:45.289Z</Time><DistanceMeters>8632.244178015526</DistanceMeters><HeartRateBpm><Value>131</Value></HeartRateBpm><Cadence>20</Cadence><Extensions><ext:TPX><ext:Watts>44.08108108108108</ext:Watts><ext:Torque>20</ext:Torque></ext:TPX></Extensions></Trackpoint><Trackpoint><Time>2025-11-04T11:42:46.809Z</Time><DistanceMeters>8636.665566309439</DistanceMeters><HeartRateBpm><Value>132</Value></HeartRateBpm><Cadence>20</Cadence><Extensions><ext:TPX><ext:Watts>42.28947368421053</ext:Watts><ext:Torque>20</ext:Torque></ext:TPX></Extensions></Trackpoint><Trackpoint><Time>2025-11-04T11:42:48.330Z</Time><DistanceMeters>8641.224521133965</DistanceMeters><HeartRateBpm><Value>131</Value></HeartRateBpm><Cadence>20</Cadence><Extensions><ext:TPX><ext:Watts>43.60526315789474</ext:Watts><ext:Torque>20</ext:Torque></ext:TPX></Extensions></Trackpoint><Trackpoint><Time>2025-11-04T11:42:49.810Z</Time><DistanceMeters>8645.565402628572</DistanceMeters><HeartRateBpm><Value>131</Value></HeartRateBpm><Cadence>20</Cadence><Extensions><ext:TPX><ext:Watts>43.648648648648646</ext:Watts><ext:Torque>20</ext:Torque></ext:TPX></Extensions></Trackpoint><Trackpoint><Time>2025-11-04T11:42:51.290Z</Time><DistanceMeters>8650.016486068243</DistanceMeters><HeartRateBpm><Value>131</Value></HeartRateBpm><Cadence>20</Cadence><Extensions><ext:TPX><ext:Watts>44.75675675675676</ext:Watts><ext:Torque>20</ext:Torque></ext:TPX></Extensions></Trackpoint><Trackpoint><Time>2025-11-04T11:42:52.775Z</Time><DistanceMeters>8654.587111739787</DistanceMeters><HeartRateBpm><Value>131</Value></HeartRateBpm><Cadence>20</Cadence><Extensions><ext:TPX><ext:Watts>44.83783783783784</ext:Watts><ext:Torque>20</ext:Torque></ext:TPX></Extensions></Trackpoint><Trackpoint><Time>2025-11-04T11:42:54.255Z</Time><DistanceMeters>8659.129582158293</DistanceMeters><HeartRateBpm><Value>131</Value></HeartRateBpm><Cadence>20</Cadence><Extensions><ext:TPX><ext:Watts>45.67567567567568</ext:Watts><ext:Torque>20</ext:Torque></ext:TPX></Extensions></Trackpoint><Trackpoint><Time>2025-11-04T11:42:55.735Z</Time><DistanceMeters>8663.6290469397</DistanceMeters><HeartRateBpm><Value>131</Value></HeartRateBpm><Cadence>20</Cadence><Extensions><ext:TPX><ext:Watts>45.24324324324324</ext:Watts><ext:Torque>20</ext:Torque></ext:TPX></Extensions></Trackpoint><Trackpoint><Time>2025-11-04T11:42:57.215Z</Time><DistanceMeters>8668.139263130382</DistanceMeters><HeartRateBpm><Value>131</Value></HeartRateBpm><Cadence>20</Cadence><Extensions><ext:TPX><ext:Watts>45.351351351351354</ext:Watts><ext:Torque>20</ext:Torque></ext:TPX></Extensions></Trackpoint><Trackpoint><Time>2025-11-04T11:42:58.695Z</Time><DistanceMeters>8672.563468046868</DistanceMeters><HeartRateBpm><Value>131</Value></HeartRateBpm><Cadence>20</Cadence><Extensions><ext:TPX><ext:Watts>44.486486486486484</ext:Watts><ext:Torque>20</ext:Torque></ext:TPX></Extensions></Trackpoint><Trackpoint><Time>2025-11-04T11:43:00.095Z</Time><DistanceMeters>8677.022949015844</DistanceMeters><HeartRateBpm><Value>131</Value></HeartRateBpm><Cadence>22</Cadence><Extensions><ext:TPX><ext:Watts>47.02857142857143</ext:Watts><ext:Torque>20</ext:Torque></ext:TPX></Extensions></Trackpoint><Trackpoint><Time>2025-11-04T11:43:01.540Z</Time><DistanceMeters>8681.472571202468</DistanceMeters><HeartRateBpm><Value>131</Value></HeartRateBpm><Cadence>21</Cadence><Extensions><ext:TPX><ext:Watts>45.833333333333336</ext:Watts><ext:Torque>20</ext:Torque></ext:TPX></Extensions></Trackpoint><Trackpoint><Time>2025-11-04T11:43:02.980Z</Time><DistanceMeters>8685.884439019026</DistanceMeters><HeartRateBpm><Value>131</Value></HeartRateBpm><Cadence>21</Cadence><Extensions><ext:TPX><ext:Watts>45.44444444444444</ext:Watts><ext:Torque>20</ext:Torque></ext:TPX></Extensions></Trackpoint><Trackpoint><Time>2025-11-04T11:43:04.460Z</Time><DistanceMeters>8690.225320513633</DistanceMeters><HeartRateBpm><Value>131</Value></HeartRateBpm><Cadence>20</Cadence><Extensions><ext:TPX><ext:Watts>43.648648648648646</ext:Watts><ext:Torque>20</ext:Torque></ext:TPX></Extensions></Trackpoint><Trackpoint><Time>2025-11-04T11:43:05.865Z</Time><DistanceMeters>8694.589976553134</DistanceMeters><HeartRateBpm><Value>131</Value></HeartRateBpm><Cadence>22</Cadence><Extensions><ext:TPX><ext:Watts>46.02857142857143</ext:Watts><ext:Torque>20</ext:Torque></ext:TPX></Extensions></Trackpoint><Trackpoint><Time>2025-11-04T11:43:07.345Z</Time><DistanceMeters>8698.823343954995</DistanceMeters><HeartRateBpm><Value>131</Value></HeartRateBpm><Cadence>20</Cadence><Extensions><ext:TPX><ext:Watts>42.567567567567565</ext:Watts><ext:Torque>20</ext:Torque></ext:TPX></Extensions></Trackpoint><Trackpoint><Time>2025-11-04T11:43:08.785Z</Time><DistanceMeters>8702.997898588264</DistanceMeters><HeartRateBpm><Value>131</Value></HeartRateBpm><Cadence>21</Cadence><Extensions><ext:TPX><ext:Watts>43.0</ext:Watts><ext:Torque>20</ext:Torque></ext:TPX></Extensions></Trackpoint><Trackpoint><Time>2025-11-04T11:43:10.225Z</Time><DistanceMeters>8707.280322850302</DistanceMeters><HeartRateBpm><Value>131</Value></HeartRateBpm><Cadence>21</Cadence><Extensions><ext:TPX><ext:Watts>44.111111111111114</ext:Watts><ext:Torque>20</ext:Torque></ext:TPX></Extensions></Trackpoint><Trackpoint><Time>2025-11-04T11:43:11.665Z</Time><DistanceMeters>8711.578927556653</DistanceMeters><HeartRateBpm><Value>131</Value></HeartRateBpm><Cadence>21</Cadence><Extensions><ext:TPX><ext:Watts>44.27777777777778</ext:Watts><ext:Torque>20</ext:Torque></ext:TPX></Extensions></Trackpoint><Trackpoint><Time>2025-11-04T11:43:13.105Z</Time><DistanceMeters>8715.86404855941</DistanceMeters><HeartRateBpm><Value>131</Value></HeartRateBpm><Cadence>21</Cadence><Extensions><ext:TPX><ext:Watts>44.138888888888886</ext:Watts><ext:Torque>20</ext:Torque></ext:TPX></Extensions></Trackpoint><Trackpoint><Time>2025-11-04T11:43:14.555Z</Time><DistanceMeters>8720.085171300709</DistanceMeters><HeartRateBpm><Value>131</Value></HeartRateBpm><Cadence>20</Cadence><Extensions><ext:TPX><ext:Watts>42.44444444444444</ext:Watts><ext:Torque>20</ext:Torque></ext:TPX></Extensions></Trackpoint><Trackpoint><Time>2025-11-04T11:43:15.315Z</Time><DistanceMeters>8724.314767472068</DistanceMeters><HeartRateBpm><Value>131</Value></HeartRateBpm><Cadence>40</Cadence><Extensions><ext:TPX><ext:Watts>81.94736842105263</ext:Watts><ext:Torque>21</ext:Torque></ext:TPX></Extensions></Trackpoint><Trackpoint><Time>2025-11-04T11:43:17.445Z</Time><DistanceMeters>8728.777946247174</DistanceMeters><HeartRateBpm><Value>131</Value></HeartRateBpm><Cadence>20</Cadence><Extensions><ext:TPX><ext:Watts>43.78378378378378</ext:Watts><ext:Torque>20</ext:Torque></ext:TPX></Extensions></Trackpoint><Trackpoint><Time>2025-11-04T11:43:18.845Z</Time><DistanceMeters>8733.080288761592</DistanceMeters><HeartRateBpm><Value>130</Value></HeartRateBpm><Cadence>22</Cadence><Extensions><ext:TPX><ext:Watts>45.371428571428574</ext:Watts><ext:Torque>20</ext:Torque></ext:TPX></Extensions></Trackpoint><Trackpoint><Time>2025-11-04T11:43:20.290Z</Time><DistanceMeters>8737.300687987088</DistanceMeters><HeartRateBpm><Value>130</Value></HeartRateBpm><Cadence>21</Cadence><Extensions><ext:TPX><ext:Watts>43.47222222222222</ext:Watts><ext:Torque>20</ext:Torque></ext:TPX></Extensions></Trackpoint><Trackpoint><Time>2025-11-04T11:43:21.730Z</Time><DistanceMeters>8741.669407952138</DistanceMeters><HeartRateBpm><Value>130</Value></HeartRateBpm><Cadence>21</Cadence><Extensions><ext:TPX><ext:Watts>45.0</ext:Watts><ext:Torque>20</ext:Torque></ext:TPX></Extensions></Trackpoint><Trackpoint><Time>2025-11-04T11:43:23.170Z</Time><DistanceMeters>8745.97070939921</DistanceMeters><HeartRateBpm><Value>130</Value></HeartRateBpm><Cadence>21</Cadence><Extensions><ext:TPX><ext:Watts>44.30555555555556</ext:Watts><ext:Torque>20</ext:Torque></ext:TPX></Extensions></Trackpoint><Trackpoint><Time>2025-11-04T11:43:24.610Z</Time><DistanceMeters>8750.255830401966</DistanceMeters><HeartRateBpm><Value>130</Value></HeartRateBpm><Cadence>21</Cadence><Extensions><ext:TPX><ext:Watts>44.138888888888886</ext:Watts><ext:Torque>20</ext:Torque></ext:TPX></Extensions></Trackpoint><Trackpoint><Time>2025-11-04T11:43:26.020Z</Time><DistanceMeters>8754.35497663894</DistanceMeters><HeartRateBpm><Value>130</Value></HeartRateBpm><Cadence>22</Cadence><Extensions><ext:TPX><ext:Watts>43.22857142857143</ext:Watts><ext:Torque>20</ext:Torque></ext:TPX></Extensions></Trackpoint><Trackpoint><Time>2025-11-04T11:43:27.420Z</Time><DistanceMeters>8758.424320755223</DistanceMeters><HeartRateBpm><Value>130</Value></HeartRateBpm><Cadence>22</Cadence><Extensions><ext:TPX><ext:Watts>42.91428571428571</ext:Watts><ext:Torque>20</ext:Torque></ext:TPX></Extensions></Trackpoint><Trackpoint><Time>2025-11-04T11:43:28.825Z</Time><DistanceMeters>8762.634547623866</DistanceMeters><HeartRateBpm><Value>130</Value></HeartRateBpm><Cadence>22</Cadence><Extensions><ext:TPX><ext:Watts>44.4</ext:Watts><ext:Torque>20</ext:Torque></ext:TPX></Extensions></Trackpoint><Trackpoint><Time>2025-11-04T11:43:30.230Z</Time><DistanceMeters>8766.901669450193</DistanceMeters><HeartRateBpm><Value>130</Value></HeartRateBpm><Cadence>22</Cadence><Extensions><ext:TPX><ext:Watts>45.0</ext:Watts><ext:Torque>20</ext:Torque></ext:TPX></Extensions></Trackpoint><Trackpoint><Time>2025-11-04T11:43:31.670Z</Time><DistanceMeters>8771.213757860141</DistanceMeters><HeartRateBpm><Value>130</Value></HeartRateBpm><Cadence>21</Cadence><Extensions><ext:TPX><ext:Watts>44.416666666666664</ext:Watts><ext:Torque>20</ext:Torque></ext:TPX></Extensions></Trackpoint><Trackpoint><Time>2025-11-04T11:43:33.070Z</Time><DistanceMeters>8775.353543352605</DistanceMeters><HeartRateBpm><Value>130</Value></HeartRateBpm><Cadence>22</Cadence><Extensions><ext:TPX><ext:Watts>43.65714285714286</ext:Watts><ext:Torque>20</ext:Torque></ext:TPX></Extensions></Trackpoint><Trackpoint><Time>2025-11-04T11:43:34.475Z</Time><DistanceMeters>8779.317225404617</DistanceMeters><HeartRateBpm><Value>130</Value></HeartRateBpm><Cadence>22</Cadence><Extensions><ext:TPX><ext:Watts>41.8</ext:Watts><ext:Torque>20</ext:Torque></ext:TPX></Extensions></Trackpoint><Trackpoint><Time>2025-11-04T11:43:35.920Z</Time><DistanceMeters>8783.41627129775</DistanceMeters><HeartRateBpm><Value>130</Value></HeartRateBpm><Cadence>21</Cadence><Extensions><ext:TPX><ext:Watts>42.22222222222222</ext:Watts><ext:Torque>20</ext:Torque></ext:TPX></Extensions></Trackpoint><Trackpoint><Time>2025-11-04T11:43:37.320Z</Time><DistanceMeters>8787.558766073913</DistanceMeters><HeartRateBpm><Value>130</Value></HeartRateBpm><Cadence>22</Cadence><Extensions><ext:TPX><ext:Watts>43.68571428571428</ext:Watts><ext:Torque>20</ext:Torque></ext:TPX></Extensions></Trackpoint><Trackpoint><Time>2025-11-04T11:43:38.725Z</Time><DistanceMeters>8791.668749445684</DistanceMeters><HeartRateBpm><Value>130</Value></HeartRateBpm><Cadence>22</Cadence><Extensions><ext:TPX><ext:Watts>43.34285714285714</ext:Watts><ext:Torque>20</ext:Torque></ext:TPX></Extensions></Trackpoint><Trackpoint><Time>2025-11-04T11:43:40.125Z</Time><DistanceMeters>8795.743512129364</DistanceMeters><HeartRateBpm><Value>131</Value></HeartRateBpm><Cadence>22</Cadence><Extensions><ext:TPX><ext:Watts>42.97142857142857</ext:Watts><ext:Torque>20</ext:Torque></ext:TPX></Extensions></Trackpoint><Trackpoint><Time>2025-11-04T11:43:41.535Z</Time><DistanceMeters>8799.891425472924</DistanceMeters><HeartRateBpm><Value>131</Value></HeartRateBpm><Cadence>22</Cadence><Extensions><ext:TPX><ext:Watts>43.74285714285714</ext:Watts><ext:Torque>20</ext:Torque></ext:TPX></Extensions></Trackpoint><Trackpoint><Time>2025-11-04T11:43:42.975Z</Time><DistanceMeters>8804.154972549926</DistanceMeters><HeartRateBpm><Value>131</Value></HeartRateBpm><Cadence>21</Cadence><Extensions><ext:TPX><ext:Watts>43.916666666666664</ext:Watts><ext:Torque>20</ext:Torque></ext:TPX></Extensions></Trackpoint><Trackpoint><Time>2025-11-04T11:43:44.375Z</Time><DistanceMeters>8808.36519941857</DistanceMeters><HeartRateBpm><Value>131</Value></HeartRateBpm><Cadence>22</Cadence><Extensions><ext:TPX><ext:Watts>44.4</ext:Watts><ext:Torque>20</ext:Torque></ext:TPX></Extensions></Trackpoint><Trackpoint><Time>2025-11-04T11:43:45.775Z</Time><DistanceMeters>8812.578135570913</DistanceMeters><HeartRateBpm><Value>131</Value></HeartRateBpm><Cadence>22</Cadence><Extensions><ext:TPX><ext:Watts>44.42857142857143</ext:Watts><ext:Torque>20</ext:Torque></ext:TPX></Extensions></Trackpoint><Trackpoint><Time>2025-11-04T11:43:47.215Z</Time><DistanceMeters>8816.76347716706</DistanceMeters><HeartRateBpm><Value>131</Value></HeartRateBpm><Cadence>21</Cadence><Extensions><ext:TPX><ext:Watts>43.111111111111114</ext:Watts><ext:Torque>20</ext:Torque></ext:TPX></Extensions></Trackpoint><Trackpoint><Time>2025-11-04T11:43:48.655Z</Time><DistanceMeters>8821.00545031831</DistanceMeters><HeartRateBpm><Value>131</Value></HeartRateBpm><Cadence>21</Cadence><Extensions><ext:TPX><ext:Watts>43.69444444444444</ext:Watts><ext:Torque>20</ext:Torque></ext:TPX></Extensions></Trackpoint><Trackpoint><Time>2025-11-04T11:43:50.096Z</Time><DistanceMeters>8825.30405502466</DistanceMeters><HeartRateBpm><Value>132</Value></HeartRateBpm><Cadence>21</Cadence><Extensions><ext:TPX><ext:Watts>44.27777777777778</ext:Watts><ext:Torque>20</ext:Torque></ext:TPX></Extensions></Trackpoint><Trackpoint><Time>2025-11-04T11:43:51.581Z</Time><DistanceMeters>8829.91876147423</DistanceMeters><HeartRateBpm><Value>132</Value></HeartRateBpm><Cadence>20</Cadence><Extensions><ext:TPX><ext:Watts>45.270270270270274</ext:Watts><ext:Torque>20</ext:Torque></ext:TPX></Extensions></Trackpoint><Trackpoint><Time>2025-11-04T11:43:53.140Z</Time><DistanceMeters>8834.659304119166</DistanceMeters><HeartRateBpm><Value>131</Value></HeartRateBpm><Cadence>19</Cadence><Extensions><ext:TPX><ext:Watts>44.17948717948718</ext:Watts><ext:Torque>20</ext:Torque></ext:TPX></Extensions></Trackpoint><Trackpoint><Time>2025-11-04T11:43:54.620Z</Time><DistanceMeters>8839.295849368824</DistanceMeters><HeartRateBpm><Value>131</Value></HeartRateBpm><Cadence>20</Cadence><Extensions><ext:TPX><ext:Watts>46.62162162162162</ext:Watts><ext:Torque>20</ext:Torque></ext:TPX></Extensions></Trackpoint><Trackpoint><Time>2025-11-04T11:43:56.140Z</Time><DistanceMeters>8844.14369390764</DistanceMeters><HeartRateBpm><Value>131</Value></HeartRateBpm><Cadence>20</Cadence><Extensions><ext:TPX><ext:Watts>46.36842105263158</ext:Watts><ext:Torque>20</ext:Torque></ext:TPX></Extensions></Trackpoint><Trackpoint><Time>2025-11-04T11:43:57.620Z</Time><DistanceMeters>8848.702291440057</DistanceMeters><HeartRateBpm><Value>131</Value></HeartRateBpm><Cadence>20</Cadence><Extensions><ext:TPX><ext:Watts>45.83783783783784</ext:Watts><ext:Torque>20</ext:Torque></ext:TPX></Extensions></Trackpoint><Trackpoint><Time>2025-11-04T11:43:59.141Z</Time><DistanceMeters>8853.423574770708</DistanceMeters><HeartRateBpm><Value>130</Value></HeartRateBpm><Cadence>20</Cadence><Extensions><ext:TPX><ext:Watts>45.1578947368421</ext:Watts><ext:Torque>20</ext:Torque></ext:TPX></Extensions></Trackpoint><Trackpoint><Time>2025-11-04T11:44:00.621Z</Time><DistanceMeters>8858.01173867863</DistanceMeters><HeartRateBpm><Value>129</Value></HeartRateBpm><Cadence>20</Cadence><Extensions><ext:TPX><ext:Watts>46.13513513513514</ext:Watts><ext:Torque>20</ext:Torque></ext:TPX></Extensions></Trackpoint><Trackpoint><Time>2025-11-04T11:44:02.101Z</Time><DistanceMeters>8862.516579164674</DistanceMeters><HeartRateBpm><Value>129</Value></HeartRateBpm><Cadence>20</Cadence><Extensions><ext:TPX><ext:Watts>45.2972972972973</ext:Watts><ext:Torque>20</ext:Torque></ext:TPX></Extensions></Trackpoint><Trackpoint><Time>2025-11-04T11:44:03.540Z</Time><DistanceMeters>8867.02552964712</DistanceMeters><HeartRateBpm><Value>129</Value></HeartRateBpm><Cadence>21</Cadence><Extensions><ext:TPX><ext:Watts>46.44444444444444</ext:Watts><ext:Torque>20</ext:Torque></ext:TPX></Extensions></Trackpoint><Trackpoint><Time>2025-11-04T11:44:05.026Z</Time><DistanceMeters>8871.687071923341</DistanceMeters><HeartRateBpm><Value>128</Value></HeartRateBpm><Cadence>20</Cadence><Extensions><ext:TPX><ext:Watts>45.729729729729726</ext:Watts><ext:Torque>20</ext:Torque></ext:TPX></Extensions></Trackpoint><Trackpoint><Time>2025-11-04T11:44:06.511Z</Time><DistanceMeters>8876.428510609734</DistanceMeters><HeartRateBpm><Value>128</Value></HeartRateBpm><Cadence>20</Cadence><Extensions><ext:TPX><ext:Watts>46.513513513513516</ext:Watts><ext:Torque>20</ext:Torque></ext:TPX></Extensions></Trackpoint><Trackpoint><Time>2025-11-04T11:44:07.951Z</Time><DistanceMeters>8880.870042574203</DistanceMeters><HeartRateBpm><Value>128</Value></HeartRateBpm><Cadence>21</Cadence><Extensions><ext:TPX><ext:Watts>45.75</ext:Watts><ext:Torque>20</ext:Torque></ext:TPX></Extensions></Trackpoint><Trackpoint><Time>2025-11-04T11:44:09.430Z</Time><DistanceMeters>8885.345316684741</DistanceMeters><HeartRateBpm><Value>128</Value></HeartRateBpm><Cadence>20</Cadence><Extensions><ext:TPX><ext:Watts>45.0</ext:Watts><ext:Torque>20</ext:Torque></ext:TPX></Extensions></Trackpoint><Trackpoint><Time>2025-11-04T11:44:10.911Z</Time><DistanceMeters>8889.705013145578</DistanceMeters><HeartRateBpm><Value>128</Value></HeartRateBpm><Cadence>20</Cadence><Extensions><ext:TPX><ext:Watts>43.83783783783784</ext:Watts><ext:Torque>20</ext:Torque></ext:TPX></Extensions></Trackpoint><Trackpoint><Time>2025-11-04T11:44:12.351Z</Time><DistanceMeters>8894.127667925011</DistanceMeters><HeartRateBpm><Value>128</Value></HeartRateBpm><Cadence>21</Cadence><Extensions><ext:TPX><ext:Watts>45.55555555555556</ext:Watts><ext:Torque>20</ext:Torque></ext:TPX></Extensions></Trackpoint><Trackpoint><Time>2025-11-04T11:44:13.831Z</Time><DistanceMeters>8898.605629887868</DistanceMeters><HeartRateBpm><Value>128</Value></HeartRateBpm><Cadence>20</Cadence><Extensions><ext:TPX><ext:Watts>45.027027027027025</ext:Watts><ext:Torque>20</ext:Torque></ext:TPX></Extensions></Trackpoint><Trackpoint><Time>2025-11-04T11:44:15.311Z</Time><DistanceMeters>8903.01639554276</DistanceMeters><HeartRateBpm><Value>128</Value></HeartRateBpm><Cadence>20</Cadence><Extensions><ext:TPX><ext:Watts>44.351351351351354</ext:Watts><ext:Torque>20</ext:Torque></ext:TPX></Extensions></Trackpoint><Trackpoint><Time>2025-11-04T11:44:16.756Z</Time><DistanceMeters>8907.42017313716</DistanceMeters><HeartRateBpm><Value>128</Value></HeartRateBpm><Cadence>21</Cadence><Extensions><ext:TPX><ext:Watts>45.361111111111114</ext:Watts><ext:Torque>20</ext:Torque></ext:TPX></Extensions></Trackpoint><Trackpoint><Time>2025-11-04T11:44:18.196Z</Time><DistanceMeters>8911.864401842346</DistanceMeters><HeartRateBpm><Value>128</Value></HeartRateBpm><Cadence>21</Cadence><Extensions><ext:TPX><ext:Watts>45.77777777777778</ext:Watts><ext:Torque>20</ext:Torque></ext:TPX></Extensions></Trackpoint><Trackpoint><Time>2025-11-04T11:44:19.676Z</Time><DistanceMeters>8916.154214142898</DistanceMeters><HeartRateBpm><Value>128</Value></HeartRateBpm><Cadence>20</Cadence><Extensions><ext:TPX><ext:Watts>43.13513513513514</ext:Watts><ext:Torque>20</ext:Torque></ext:TPX></Extensions></Trackpoint><Trackpoint><Time>2025-11-04T11:44:21.116Z</Time><DistanceMeters>8920.463605812127</DistanceMeters><HeartRateBpm><Value>128</Value></HeartRateBpm><Cadence>21</Cadence><Extensions><ext:TPX><ext:Watts>44.388888888888886</ext:Watts><ext:Torque>20</ext:Torque></ext:TPX></Extensions></Trackpoint><Trackpoint><Time>2025-11-04T11:44:22.556Z</Time><DistanceMeters>8924.802661629266</DistanceMeters><HeartRateBpm><Value>128</Value></HeartRateBpm><Cadence>21</Cadence><Extensions><ext:TPX><ext:Watts>44.69444444444444</ext:Watts><ext:Torque>20</ext:Torque></ext:TPX></Extensions></Trackpoint><Trackpoint><Time>2025-11-04T11:44:23.996Z</Time><DistanceMeters>8929.201045742228</DistanceMeters><HeartRateBpm><Value>128</Value></HeartRateBpm><Cadence>21</Cadence><Extensions><ext:TPX><ext:Watts>45.30555555555556</ext:Watts><ext:Torque>20</ext:Torque></ext:TPX></Extensions></Trackpoint><Trackpoint><Time>2025-11-04T11:44:25.481Z</Time><DistanceMeters>8933.620143739307</DistanceMeters><HeartRateBpm><Value>128</Value></HeartRateBpm><Cadence>20</Cadence><Extensions><ext:TPX><ext:Watts>43.351351351351354</ext:Watts><ext:Torque>20</ext:Torque></ext:TPX></Extensions></Trackpoint><Trackpoint><Time>2025-11-04T11:44:26.881Z</Time><DistanceMeters>8938.011892615801</DistanceMeters><HeartRateBpm><Value>128</Value></HeartRateBpm><Cadence>22</Cadence><Extensions><ext:TPX><ext:Watts>46.31428571428572</ext:Watts><ext:Torque>20</ext:Torque></ext:TPX></Extensions></Trackpoint><Trackpoint><Time>2025-11-04T11:44:28.321Z</Time><DistanceMeters>8942.32398102575</DistanceMeters><HeartRateBpm><Value>128</Value></HeartRateBpm><Cadence>21</Cadence><Extensions><ext:TPX><ext:Watts>44.416666666666664</ext:Watts><ext:Torque>20</ext:Torque></ext:TPX></Extensions></Trackpoint><Trackpoint><Time>2025-11-04T11:44:29.721Z</Time><DistanceMeters>8946.520661475897</DistanceMeters><HeartRateBpm><Value>128</Value></HeartRateBpm><Cadence>22</Cadence><Extensions><ext:TPX><ext:Watts>44.25714285714286</ext:Watts><ext:Torque>20</ext:Torque></ext:TPX></Extensions></Trackpoint><Trackpoint><Time>2025-11-04T11:44:31.161Z</Time><DistanceMeters>8950.84623358944</DistanceMeters><HeartRateBpm><Value>128</Value></HeartRateBpm><Cadence>21</Cadence><Extensions><ext:TPX><ext:Watts>44.55555555555556</ext:Watts><ext:Torque>20</ext:Torque></ext:TPX></Extensions></Trackpoint><Trackpoint><Time>2025-11-04T11:44:32.601Z</Time><DistanceMeters>8955.14753503651</DistanceMeters><HeartRateBpm><Value>128</Value></HeartRateBpm><Cadence>21</Cadence><Extensions><ext:TPX><ext:Watts>44.30555555555556</ext:Watts><ext:Torque>20</ext:Torque></ext:TPX></Extensions></Trackpoint><Trackpoint><Time>2025-11-04T11:44:34.001Z</Time><DistanceMeters>8959.368599039952</DistanceMeters><HeartRateBpm><Value>128</Value></HeartRateBpm><Cadence>22</Cadence><Extensions><ext:TPX><ext:Watts>44.51428571428571</ext:Watts><ext:Torque>20</ext:Torque></ext:TPX></Extensions></Trackpoint><Trackpoint><Time>2025-11-04T11:44:35.401Z</Time><DistanceMeters>8963.700743675063</DistanceMeters><HeartRateBpm><Value>128</Value></HeartRateBpm><Cadence>22</Cadence><Extensions><ext:TPX><ext:Watts>45.68571428571428</ext:Watts><ext:Torque>20</ext:Torque></ext:TPX></Extensions></Trackpoint><Trackpoint><Time>2025-11-04T11:44:36.801Z</Time><DistanceMeters>8967.992249054685</DistanceMeters><HeartRateBpm><Value>128</Value></HeartRateBpm><Cadence>22</Cadence><Extensions><ext:TPX><ext:Watts>45.25714285714286</ext:Watts><ext:Torque>20</ext:Torque></ext:TPX></Extensions></Trackpoint><Trackpoint><Time>2025-11-04T11:44:38.241Z</Time><DistanceMeters>8972.269279835284</DistanceMeters><HeartRateBpm><Value>129</Value></HeartRateBpm><Cadence>21</Cadence><Extensions><ext:TPX><ext:Watts>44.05555555555556</ext:Watts><ext:Torque>20</ext:Torque></ext:TPX></Extensions></Trackpoint><Trackpoint><Time>2025-11-04T11:44:39.641Z</Time><DistanceMeters>8976.633935874785</DistanceMeters><HeartRateBpm><Value>129</Value></HeartRateBpm><Cadence>22</Cadence><Extensions><ext:TPX><ext:Watts>46.02857142857143</ext:Watts><ext:Torque>20</ext:Torque></ext:TPX></Extensions></Trackpoint><Trackpoint><Time>2025-11-04T11:44:41.041Z</Time><DistanceMeters>8980.898348417413</DistanceMeters><HeartRateBpm><Value>129</Value></HeartRateBpm><Cadence>22</Cadence><Extensions><ext:TPX><ext:Watts>44.97142857142857</ext:Watts><ext:Torque>20</ext:Torque></ext:TPX></Extensions></Trackpoint><Trackpoint><Time>2025-11-04T11:44:42.441Z</Time><DistanceMeters>8985.108575286056</DistanceMeters><HeartRateBpm><Value>130</Value></HeartRateBpm><Cadence>22</Cadence><Extensions><ext:TPX><ext:Watts>44.4</ext:Watts><ext:Torque>20</ext:Torque></ext:TPX></Extensions></Trackpoint><Trackpoint><Time>2025-11-04T11:44:43.841Z</Time><DistanceMeters>8989.584311957227</DistanceMeters><HeartRateBpm><Value>130</Value></HeartRateBpm><Cadence>22</Cadence><Extensions><ext:TPX><ext:Watts>47.2</ext:Watts><ext:Torque>20</ext:Torque></ext:TPX></Extensions></Trackpoint><Trackpoint><Time>2025-11-04T11:44:45.241Z</Time><DistanceMeters>8993.986897968518</DistanceMeters><HeartRateBpm><Value>130</Value></HeartRateBpm><Cadence>22</Cadence><Extensions><ext:TPX><ext:Watts>46.42857142857143</ext:Watts><ext:Torque>20</ext:Torque></ext:TPX></Extensions></Trackpoint><Trackpoint><Time>2025-11-04T11:44:46.641Z</Time><DistanceMeters>8998.446378937493</DistanceMeters><HeartRateBpm><Value>131</Value></HeartRateBpm><Cadence>22</Cadence><Extensions><ext:TPX><ext:Watts>47.02857142857143</ext:Watts><ext:Torque>20</ext:Torque></ext:TPX></Extensions></Trackpoint><Trackpoint><Time>2025-11-04T11:44:48.041Z</Time><DistanceMeters>9002.870639218378</DistanceMeters><HeartRateBpm><Value>130</Value></HeartRateBpm><Cadence>22</Cadence><Extensions><ext:TPX><ext:Watts>46.65714285714286</ext:Watts><ext:Torque>20</ext:Torque></ext:TPX></Extensions></Trackpoint><Trackpoint><Time>2025-11-04T11:44:49.401Z</Time><DistanceMeters>9007.277906712532</DistanceMeters><HeartRateBpm><Value>130</Value></HeartRateBpm><Cadence>22</Cadence><Extensions><ext:TPX><ext:Watts>47.55882352941177</ext:Watts><ext:Torque>20</ext:Torque></ext:TPX></Extensions></Trackpoint><Trackpoint><Time>2025-11-04T11:44:50.761Z</Time><DistanceMeters>9011.6361137151</DistanceMeters><HeartRateBpm><Value>129</Value></HeartRateBpm><Cadence>22</Cadence><Extensions><ext:TPX><ext:Watts>47.029411764705884</ext:Watts><ext:Torque>20</ext:Torque></ext:TPX></Extensions></Trackpoint><Trackpoint><Time>2025-11-04T11:44:52.161Z</Time><DistanceMeters>9016.087466832978</DistanceMeters><HeartRateBpm><Value>128</Value></HeartRateBpm><Cadence>22</Cadence><Extensions><ext:TPX><ext:Watts>46.94285714285714</ext:Watts><ext:Torque>20</ext:Torque></ext:TPX></Extensions></Trackpoint><Trackpoint><Time>2025-11-04T11:44:53.521Z</Time><DistanceMeters>9020.372083098166</DistanceMeters><HeartRateBpm><Value>127</Value></HeartRateBpm><Cadence>22</Cadence><Extensions><ext:TPX><ext:Watts>46.23529411764706</ext:Watts><ext:Torque>20</ext:Torque></ext:TPX></Extensions></Trackpoint><Trackpoint><Time>2025-11-04T11:44:54.885Z</Time><DistanceMeters>9024.70575985494</DistanceMeters><HeartRateBpm><Value>127</Value></HeartRateBpm><Cadence>22</Cadence><Extensions><ext:TPX><ext:Watts>46.76470588235294</ext:Watts><ext:Torque>20</ext:Torque></ext:TPX></Extensions></Trackpoint><Trackpoint><Time>2025-11-04T11:44:56.201Z</Time><DistanceMeters>9028.906791578907</DistanceMeters><HeartRateBpm><Value>127</Value></HeartRateBpm><Cadence>23</Cadence><Extensions><ext:TPX><ext:Watts>47.39393939393939</ext:Watts><ext:Torque>20</ext:Torque></ext:TPX></Extensions></Trackpoint><Trackpoint><Time>2025-11-04T11:44:57.561Z</Time><DistanceMeters>9033.169603181168</DistanceMeters><HeartRateBpm><Value>126</Value></HeartRateBpm><Cadence>22</Cadence><Extensions><ext:TPX><ext:Watts>46.0</ext:Watts><ext:Torque>20</ext:Torque></ext:TPX></Extensions></Trackpoint><Trackpoint><Time>2025-11-04T11:44:58.921Z</Time><DistanceMeters>9037.416061286234</DistanceMeters><HeartRateBpm><Value>126</Value></HeartRateBpm><Cadence>22</Cadence><Extensions><ext:TPX><ext:Watts>45.8235294117647</ext:Watts><ext:Torque>20</ext:Torque></ext:TPX></Extensions></Trackpoint><Trackpoint><Time>2025-11-04T11:45:00.241Z</Time><DistanceMeters>9041.770856262843</DistanceMeters><HeartRateBpm><Value>127</Value></HeartRateBpm><Cadence>22</Cadence><Extensions><ext:TPX><ext:Watts>48.06060606060606</ext:Watts><ext:Torque>20</ext:Torque></ext:TPX></Extensions></Trackpoint><Trackpoint><Time>2025-11-04T11:45:01.601Z</Time><DistanceMeters>9046.191751671326</DistanceMeters><HeartRateBpm><Value>127</Value></HeartRateBpm><Cadence>22</Cadence><Extensions><ext:TPX><ext:Watts>47.705882352941174</ext:Watts><ext:Torque>20</ext:Torque></ext:TPX></Extensions></Trackpoint><Trackpoint><Time>2025-11-04T11:45:02.921Z</Time><DistanceMeters>9050.43671575319</DistanceMeters><HeartRateBpm><Value>127</Value></HeartRateBpm><Cadence>22</Cadence><Extensions><ext:TPX><ext:Watts>46.84848484848485</ext:Watts><ext:Torque>20</ext:Torque></ext:TPX></Extensions></Trackpoint><Trackpoint><Time>2025-11-04T11:45:04.241Z</Time><DistanceMeters>9054.788764957431</DistanceMeters><HeartRateBpm><Value>127</Value></HeartRateBpm><Cadence>22</Cadence><Extensions><ext:TPX><ext:Watts>48.03030303030303</ext:Watts><ext:Torque>20</ext:Torque></ext:TPX></Extensions></Trackpoint><Trackpoint><Time>2025-11-04T11:45:05.561Z</Time><DistanceMeters>9059.077661397194</DistanceMeters><HeartRateBpm><Value>128</Value></HeartRateBpm><Cadence>22</Cadence><Extensions><ext:TPX><ext:Watts>47.333333333333336</ext:Watts><ext:Torque>20</ext:Torque></ext:TPX></Extensions></Trackpoint><Trackpoint><Time>2025-11-04T11:45:06.921Z</Time><DistanceMeters>9063.201468273295</DistanceMeters><HeartRateBpm><Value>128</Value></HeartRateBpm><Cadence>22</Cadence><Extensions><ext:TPX><ext:Watts>44.5</ext:Watts><ext:Torque>20</ext:Torque></ext:TPX></Extensions></Trackpoint><Trackpoint><Time>2025-11-04T11:45:08.207Z</Time><DistanceMeters>9067.376539303725</DistanceMeters><HeartRateBpm><Value>128</Value></HeartRateBpm><Cadence>24</Cadence><Extensions><ext:TPX><ext:Watts>48.125</ext:Watts><ext:Torque>20</ext:Torque></ext:TPX></Extensions></Trackpoint><Trackpoint><Time>2025-11-04T11:45:09.571Z</Time><DistanceMeters>9071.680234648975</DistanceMeters><HeartRateBpm><Value>128</Value></HeartRateBpm><Cadence>22</Cadence><Extensions><ext:TPX><ext:Watts>46.44117647058823</ext:Watts><ext:Torque>20</ext:Torque></ext:TPX></Extensions></Trackpoint><Trackpoint><Time>2025-11-04T11:45:10.851Z</Time><DistanceMeters>9075.923082806521</DistanceMeters><HeartRateBpm><Value>128</Value></HeartRateBpm><Cadence>24</Cadence><Extensions><ext:TPX><ext:Watts>48.90625</ext:Watts><ext:Torque>20</ext:Torque></ext:TPX></Extensions></Trackpoint><Trackpoint><Time>2025-11-04T11:45:12.171Z</Time><DistanceMeters>9080.258657376551</DistanceMeters><HeartRateBpm><Value>129</Value></HeartRateBpm><Cadence>22</Cadence><Extensions><ext:TPX><ext:Watts>47.84848484848485</ext:Watts><ext:Torque>20</ext:Torque></ext:TPX></Extensions></Trackpoint><Trackpoint><Time>2025-11-04T11:45:13.492Z</Time><DistanceMeters>9084.500875686048</DistanceMeters><HeartRateBpm><Value>129</Value></HeartRateBpm><Cadence>22</Cadence><Extensions><ext:TPX><ext:Watts>46.81818181818182</ext:Watts><ext:Torque>20</ext:Torque></ext:TPX></Extensions></Trackpoint><Trackpoint><Time>2025-11-04T11:45:14.812Z</Time><DistanceMeters>9088.781534808704</DistanceMeters><HeartRateBpm><Value>130</Value></HeartRateBpm><Cadence>22</Cadence><Extensions><ext:TPX><ext:Watts>47.24242424242424</ext:Watts><ext:Torque>20</ext:Torque></ext:TPX></Extensions></Trackpoint><Trackpoint><Time>2025-11-04T11:45:16.091Z</Time><DistanceMeters>9092.940339328625</DistanceMeters><HeartRateBpm><Value>130</Value></HeartRateBpm><Cadence>24</Cadence><Extensions><ext:TPX><ext:Watts>47.9375</ext:Watts><ext:Torque>20</ext:Torque></ext:TPX></Extensions></Trackpoint><Trackpoint><Time>2025-11-04T11:45:17.411Z</Time><DistanceMeters>9097.292388532866</DistanceMeters><HeartRateBpm><Value>130</Value></HeartRateBpm><Cadence>22</Cadence><Extensions><ext:TPX><ext:Watts>48.03030303030303</ext:Watts><ext:Torque>20</ext:Torque></ext:TPX></Extensions></Trackpoint><Trackpoint><Time>2025-11-04T11:45:18.697Z</Time><DistanceMeters>9101.608435987699</DistanceMeters><HeartRateBpm><Value>131</Value></HeartRateBpm><Cadence>24</Cadence><Extensions><ext:TPX><ext:Watts>49.75</ext:Watts><ext:Torque>20</ext:Torque></ext:TPX></Extensions></Trackpoint><Trackpoint><Time>2025-11-04T11:45:19.977Z</Time><DistanceMeters>9106.02208250558</DistanceMeters><HeartRateBpm><Value>131</Value></HeartRateBpm><Cadence>24</Cadence><Extensions><ext:TPX><ext:Watts>50.875</ext:Watts><ext:Torque>20</ext:Torque></ext:TPX></Extensions></Trackpoint><Trackpoint><Time>2025-11-04T11:45:21.257Z</Time><DistanceMeters>9110.4113292577</DistanceMeters><HeartRateBpm><Value>131</Value></HeartRateBpm><Cadence>24</Cadence><Extensions><ext:TPX><ext:Watts>50.59375</ext:Watts><ext:Torque>20</ext:Torque></ext:TPX></Extensions></Trackpoint><Trackpoint><Time>2025-11-04T11:45:22.537Z</Time><DistanceMeters>9114.778887329143</DistanceMeters><HeartRateBpm><Value>131</Value></HeartRateBpm><Cadence>24</Cadence><Extensions><ext:TPX><ext:Watts>50.34375</ext:Watts><ext:Torque>20</ext:Torque></ext:TPX></Extensions></Trackpoint><Trackpoint><Time>2025-11-04T11:45:23.777Z</Time><DistanceMeters>9119.157785315618</DistanceMeters><HeartRateBpm><Value>132</Value></HeartRateBpm><Cadence>24</Cadence><Extensions><ext:TPX><ext:Watts>51.54838709677419</ext:Watts><ext:Torque>20</ext:Torque></ext:TPX></Extensions></Trackpoint><Trackpoint><Time>2025-11-04T11:45:24.457Z</Time><DistanceMeters>9123.456029495135</DistanceMeters><HeartRateBpm><Value>132</Value></HeartRateBpm><Cadence>44</Cadence><Extensions><ext:TPX><ext:Watts>92.76470588235294</ext:Watts><ext:Torque>20</ext:Torque></ext:TPX></Extensions></Trackpoint><Trackpoint><Time>2025-11-04T11:45:25.057Z</Time><DistanceMeters>9123.461466124425</DistanceMeters><HeartRateBpm><Value>132</Value></HeartRateBpm><Cadence>50</Cadence><Extensions><ext:TPX><ext:Watts>0.13333333333333333</ext:Watts><ext:Torque>20</ext:Torque></ext:TPX></Extensions></Trackpoint><Trackpoint><Time>2025-11-04T11:45:25.697Z</Time><DistanceMeters>9127.677203431125</DistanceMeters><HeartRateBpm><Value>132</Value></HeartRateBpm><Cadence>47</Cadence><Extensions><ext:TPX><ext:Watts>97.1875</ext:Watts><ext:Torque>20</ext:Torque></ext:TPX></Extensions></Trackpoint><Trackpoint><Time>2025-11-04T11:45:27.022Z</Time><DistanceMeters>9131.888228958935</DistanceMeters><HeartRateBpm><Value>132</Value></HeartRateBpm><Cadence>44</Cadence><Extensions><ext:TPX><ext:Watts>90.88235294117646</ext:Watts><ext:Torque>20</ext:Torque></ext:TPX></Extensions></Trackpoint><Trackpoint><Time>2025-11-04T11:45:27.622Z</Time><DistanceMeters>9131.89094727358</DistanceMeters><HeartRateBpm><Value>133</Value></HeartRateBpm><Cadence>50</Cadence><Extensions><ext:TPX><ext:Watts>0.06666666666666667</ext:Watts><ext:Torque>20</ext:Torque></ext:TPX></Extensions></Trackpoint><Trackpoint><Time>2025-11-04T11:45:28.902Z</Time><DistanceMeters>9136.288327280954</DistanceMeters><HeartRateBpm><Value>133</Value></HeartRateBpm><Cadence>24</Cadence><Extensions><ext:TPX><ext:Watts>50.6875</ext:Watts><ext:Torque>20</ext:Torque></ext:TPX></Extensions></Trackpoint><Trackpoint><Time>2025-11-04T11:45:30.227Z</Time><DistanceMeters>9140.868275591789</DistanceMeters><HeartRateBpm><Value>134</Value></HeartRateBpm><Cadence>22</Cadence><Extensions><ext:TPX><ext:Watts>50.54545454545455</ext:Watts><ext:Torque>20</ext:Torque></ext:TPX></Extensions></Trackpoint><Trackpoint><Time>2025-11-04T11:45:31.507Z</Time><DistanceMeters>9145.376810087635</DistanceMeters><HeartRateBpm><Value>134</Value></HeartRateBpm><Cadence>24</Cadence><Extensions><ext:TPX><ext:Watts>51.96875</ext:Watts><ext:Torque>20</ext:Torque></ext:TPX></Extensions></Trackpoint><Trackpoint><Time>2025-11-04T11:45:32.827Z</Time><DistanceMeters>9149.811232462935</DistanceMeters><HeartRateBpm><Value>134</Value></HeartRateBpm><Cadence>22</Cadence><Extensions><ext:TPX><ext:Watts>48.93939393939394</ext:Watts><ext:Torque>20</ext:Torque></ext:TPX></Extensions></Trackpoint><Trackpoint><Time>2025-11-04T11:45:34.107Z</Time><DistanceMeters>9154.135413173022</DistanceMeters><HeartRateBpm><Value>134</Value></HeartRateBpm><Cadence>24</Cadence><Extensions><ext:TPX><ext:Watts>49.84375</ext:Watts><ext:Torque>20</ext:Torque></ext:TPX></Extensions></Trackpoint><Trackpoint><Time>2025-11-04T11:45:35.427Z</Time><DistanceMeters>9158.69064953254</DistanceMeters><HeartRateBpm><Value>135</Value></HeartRateBpm><Cadence>22</Cadence><Extensions><ext:TPX><ext:Watts>50.27272727272727</ext:Watts><ext:Torque>20</ext:Torque></ext:TPX></Extensions></Trackpoint><Trackpoint><Time>2025-11-04T11:45:36.707Z</Time><DistanceMeters>9163.237139219573</DistanceMeters><HeartRateBpm><Value>135</Value></HeartRateBpm><Cadence>24</Cadence><Extensions><ext:TPX><ext:Watts>52.40625</ext:Watts><ext:Torque>20</ext:Torque></ext:TPX></Extensions></Trackpoint><Trackpoint><Time>2025-11-04T11:45:37.947Z</Time><DistanceMeters>9167.895541332844</DistanceMeters><HeartRateBpm><Value>135</Value></HeartRateBpm><Cadence>24</Cadence><Extensions><ext:TPX><ext:Watts>54.83870967741935</ext:Watts><ext:Torque>20</ext:Torque></ext:TPX></Extensions></Trackpoint><Trackpoint><Time>2025-11-04T11:45:39.187Z</Time><DistanceMeters>9172.425152328866</DistanceMeters><HeartRateBpm><Value>135</Value></HeartRateBpm><Cadence>24</Cadence><Extensions><ext:TPX><ext:Watts>53.32258064516129</ext:Watts><ext:Torque>20</ext:Torque></ext:TPX></Extensions></Trackpoint><Trackpoint><Time>2025-11-04T11:45:40.467Z</Time><DistanceMeters>9176.94453116505</DistanceMeters><HeartRateBpm><Value>135</Value></HeartRateBpm><Cadence>24</Cadence><Extensions><ext:TPX><ext:Watts>52.09375</ext:Watts><ext:Torque>20</ext:Torque></ext:TPX></Extensions></Trackpoint><Trackpoint><Time>2025-11-04T11:45:41.112Z</Time><DistanceMeters>9181.315208441913</DistanceMeters><HeartRateBpm><Value>135</Value></HeartRateBpm><Cadence>46</Cadence><Extensions><ext:TPX><ext:Watts>99.6875</ext:Watts><ext:Torque>21</ext:Torque></ext:TPX></Extensions></Trackpoint><Trackpoint><Time>2025-11-04T11:45:41.752Z</Time><DistanceMeters>9181.34231929276</DistanceMeters><HeartRateBpm><Value>135</Value></HeartRateBpm><Cadence>47</Cadence><Extensions><ext:TPX><ext:Watts>0.625</ext:Watts><ext:Torque>20</ext:Torque></ext:TPX></Extensions></Trackpoint><Trackpoint><Time>2025-11-04T11:45:42.432Z</Time><DistanceMeters>9185.7986472785</DistanceMeters><HeartRateBpm><Value>135</Value></HeartRateBpm><Cadence>44</Cadence><Extensions><ext:TPX><ext:Watts>96.17647058823529</ext:Watts><ext:Torque>20</ext:Torque></ext:TPX></Extensions></Trackpoint><Trackpoint><Time>2025-11-04T11:45:44.357Z</Time><DistanceMeters>9190.282493556433</DistanceMeters><HeartRateBpm><Value>135</Value></HeartRateBpm><Cadence>22</Cadence><Extensions><ext:TPX><ext:Watts>49.484848484848484</ext:Watts><ext:Torque>20</ext:Torque></ext:TPX></Extensions></Trackpoint><Trackpoint><Time>2025-11-04T11:45:45.677Z</Time><DistanceMeters>9194.538440727772</DistanceMeters><HeartRateBpm><Value>135</Value></HeartRateBpm><Cadence>22</Cadence><Extensions><ext:TPX><ext:Watts>46.96969696969697</ext:Watts><ext:Torque>20</ext:Torque></ext:TPX></Extensions></Trackpoint><Trackpoint><Time>2025-11-04T11:45:46.917Z</Time><DistanceMeters>9198.939260606545</DistanceMeters><HeartRateBpm><Value>135</Value></HeartRateBpm><Cadence>24</Cadence><Extensions><ext:TPX><ext:Watts>51.806451612903224</ext:Watts><ext:Torque>20</ext:Torque></ext:TPX></Extensions></Trackpoint><Trackpoint><Time>2025-11-04T11:45:48.237Z</Time><DistanceMeters>9203.546666641067</DistanceMeters><HeartRateBpm><Value>136</Value></HeartRateBpm><Cadence>22</Cadence><Extensions><ext:TPX><ext:Watts>50.84848484848485</ext:Watts><ext:Torque>20</ext:Torque></ext:TPX></Extensions></Trackpoint><Trackpoint><Time>2025-11-04T11:45:49.477Z</Time><DistanceMeters>9208.194107808189</DistanceMeters><HeartRateBpm><Value>136</Value></HeartRateBpm><Cadence>24</Cadence><Extensions><ext:TPX><ext:Watts>54.70967741935484</ext:Watts><ext:Torque>20</ext:Torque></ext:TPX></Extensions></Trackpoint><Trackpoint><Time>2025-11-04T11:45:50.717Z</Time><DistanceMeters>9212.622330052332</DistanceMeters><HeartRateBpm><Value>136</Value></HeartRateBpm><Cadence>24</Cadence><Extensions><ext:TPX><ext:Watts>52.12903225806452</ext:Watts><ext:Torque>20</ext:Torque></ext:TPX></Extensions></Trackpoint><Trackpoint><Time>2025-11-04T11:45:51.957Z</Time><DistanceMeters>9217.33279665981</DistanceMeters><HeartRateBpm><Value>136</Value></HeartRateBpm><Cadence>24</Cadence><Extensions><ext:TPX><ext:Watts>55.45161290322581</ext:Watts><ext:Torque>20</ext:Torque></ext:TPX></Extensions></Trackpoint><Trackpoint><Time>2025-11-04T11:45:53.117Z</Time><DistanceMeters>9221.872634480254</DistanceMeters><HeartRateBpm><Value>136</Value></HeartRateBpm><Cadence>26</Cadence><Extensions><ext:TPX><ext:Watts>57.89655172413793</ext:Watts><ext:Torque>20</ext:Torque></ext:TPX></Extensions></Trackpoint><Trackpoint><Time>2025-11-04T11:45:54.362Z</Time><DistanceMeters>9226.637905818476</DistanceMeters><HeartRateBpm><Value>135</Value></HeartRateBpm><Cadence>24</Cadence><Extensions><ext:TPX><ext:Watts>56.096774193548384</ext:Watts><ext:Torque>20</ext:Torque></ext:TPX></Extensions></Trackpoint><Trackpoint><Time>2025-11-04T11:45:55.567Z</Time><DistanceMeters>9231.40311139102</DistanceMeters><HeartRateBpm><Value>136</Value></HeartRateBpm><Cadence>25</Cadence><Extensions><ext:TPX><ext:Watts>58.43333333333333</ext:Watts><ext:Torque>20</ext:Torque></ext:TPX></Extensions></Trackpoint><Trackpoint><Time>2025-11-04T11:45:56.692Z</Time><DistanceMeters>9236.098798447794</DistanceMeters><HeartRateBpm><Value>136</Value></HeartRateBpm><Cadence>26</Cadence><Extensions><ext:TPX><ext:Watts>61.035714285714285</ext:Watts><ext:Torque>20</ext:Torque></ext:TPX></Extensions></Trackpoint><Trackpoint><Time>2025-11-04T11:45:57.932Z</Time><DistanceMeters>9241.04766563401</DistanceMeters><HeartRateBpm><Value>136</Value></HeartRateBpm><Cadence>24</Cadence><Extensions><ext:TPX><ext:Watts>58.25806451612903</ext:Watts><ext:Torque>20</ext:Torque></ext:TPX></Extensions></Trackpoint><Trackpoint><Time>2025-11-04T11:45:59.132Z</Time><DistanceMeters>9245.799279633331</DistanceMeters><HeartRateBpm><Value>136</Value></HeartRateBpm><Cadence>25</Cadence><Extensions><ext:TPX><ext:Watts>58.266666666666666</ext:Watts><ext:Torque>20</ext:Torque></ext:TPX></Extensions></Trackpoint><Trackpoint><Time>2025-11-04T11:45:59.817Z</Time><DistanceMeters>9250.519989157063</DistanceMeters><HeartRateBpm><Value>137</Value></HeartRateBpm><Cadence>44</Cadence><Extensions><ext:TPX><ext:Watts>101.88235294117646</ext:Watts><ext:Torque>21</ext:Torque></ext:TPX></Extensions></Trackpoint><Trackpoint><Time>2025-11-04T11:46:01.697Z</Time><DistanceMeters>9255.291498906125</DistanceMeters><HeartRateBpm><Value>138</Value></HeartRateBpm><Cadence>24</Cadence><Extensions><ext:TPX><ext:Watts>55.0</ext:Watts><ext:Torque>20</ext:Torque></ext:TPX></Extensions></Trackpoint><Trackpoint><Time>2025-11-04T11:46:02.937Z</Time><DistanceMeters>9260.158158996224</DistanceMeters><HeartRateBpm><Value>139</Value></HeartRateBpm><Cadence>24</Cadence><Extensions><ext:TPX><ext:Watts>57.29032258064516</ext:Watts><ext:Torque>20</ext:Torque></ext:TPX></Extensions></Trackpoint><Trackpoint><Time>2025-11-04T11:46:04.182Z</Time><DistanceMeters>9265.033039795935</DistanceMeters><HeartRateBpm><Value>139</Value></HeartRateBpm><Cadence>24</Cadence><Extensions><ext:TPX><ext:Watts>57.38709677419355</ext:Watts><ext:Torque>20</ext:Torque></ext:TPX></Extensions></Trackpoint><Trackpoint><Time>2025-11-04T11:46:05.422Z</Time><DistanceMeters>9269.705143091891</DistanceMeters><HeartRateBpm><Value>140</Value></HeartRateBpm><Cadence>24</Cadence><Extensions><ext:TPX><ext:Watts>55.0</ext:Watts><ext:Torque>20</ext:Torque></ext:TPX></Extensions></Trackpoint><Trackpoint><Time>2025-11-04T11:46:06.662Z</Time><DistanceMeters>9274.3443635494</DistanceMeters><HeartRateBpm><Value>141</Value></HeartRateBpm><Cadence>24</Cadence><Extensions><ext:TPX><ext:Watts>54.61290322580645</ext:Watts><ext:Torque>20</ext:Torque></ext:TPX></Extensions></Trackpoint><Trackpoint><Time>2025-11-04T11:46:07.862Z</Time><DistanceMeters>9278.886667321061</DistanceMeters><HeartRateBpm><Value>141</Value></HeartRateBpm><Cadence>25</Cadence><Extensions><ext:TPX><ext:Watts>55.7</ext:Watts><ext:Torque>20</ext:Torque></ext:TPX></Extensions></Trackpoint><Trackpoint><Time>2025-11-04T11:46:09.067Z</Time><DistanceMeters>9283.513238846715</DistanceMeters><HeartRateBpm><Value>141</Value></HeartRateBpm><Cadence>25</Cadence><Extensions><ext:TPX><ext:Watts>56.733333333333334</ext:Watts><ext:Torque>20</ext:Torque></ext:TPX></Extensions></Trackpoint><Trackpoint><Time>2025-11-04T11:46:10.347Z</Time><DistanceMeters>9288.075995044255</DistanceMeters><HeartRateBpm><Value>141</Value></HeartRateBpm><Cadence>24</Cadence><Extensions><ext:TPX><ext:Watts>52.59375</ext:Watts><ext:Torque>20</ext:Torque></ext:TPX></Extensions></Trackpoint><Trackpoint><Time>2025-11-04T11:46:11.547Z</Time><DistanceMeters>9292.33831240749</DistanceMeters><HeartRateBpm><Value>141</Value></HeartRateBpm><Cadence>25</Cadence><Extensions><ext:TPX><ext:Watts>52.266666666666666</ext:Watts><ext:Torque>20</ext:Torque></ext:TPX></Extensions></Trackpoint><Trackpoint><Time>2025-11-04T11:46:12.788Z</Time><DistanceMeters>9296.944650026553</DistanceMeters><HeartRateBpm><Value>141</Value></HeartRateBpm><Cadence>24</Cadence><Extensions><ext:TPX><ext:Watts>54.225806451612904</ext:Watts><ext:Torque>20</ext:Torque></ext:TPX></Extensions></Trackpoint><Trackpoint><Time>2025-11-04T11:46:13.987Z</Time><DistanceMeters>9301.481517168924</DistanceMeters><HeartRateBpm><Value>141</Value></HeartRateBpm><Cadence>25</Cadence><Extensions><ext:TPX><ext:Watts>55.63333333333333</ext:Watts><ext:Torque>20</ext:Torque></ext:TPX></Extensions></Trackpoint><Trackpoint><Time>2025-11-04T11:46:15.227Z</Time><DistanceMeters>9306.101555970674</DistanceMeters><HeartRateBpm><Value>141</Value></HeartRateBpm><Cadence>24</Cadence><Extensions><ext:TPX><ext:Watts>54.38709677419355</ext:Watts><ext:Torque>20</ext:Torque></ext:TPX></Extensions></Trackpoint><Trackpoint><Time>2025-11-04T11:46:16.427Z</Time><DistanceMeters>9310.660169630204</DistanceMeters><HeartRateBpm><Value>141</Value></HeartRateBpm><Cadence>25</Cadence><Extensions><ext:TPX><ext:Watts>55.9</ext:Watts><ext:Torque>20</ext:Torque></ext:TPX></Extensions></Trackpoint><Trackpoint><Time>2025-11-04T11:46:17.627Z</Time><DistanceMeters>9315.294896099793</DistanceMeters><HeartRateBpm><Value>141</Value></HeartRateBpm><Cadence>25</Cadence><Extensions><ext:TPX><ext:Watts>56.833333333333336</ext:Watts><ext:Torque>20</ext:Torque></ext:TPX></Extensions></Trackpoint><Trackpoint><Time>2025-11-04T11:46:18.788Z</Time><DistanceMeters>9319.82121445085</DistanceMeters><HeartRateBpm><Value>141</Value></HeartRateBpm><Cadence>26</Cadence><Extensions><ext:TPX><ext:Watts>57.724137931034484</ext:Watts><ext:Torque>20</ext:Torque></ext:TPX></Extensions></Trackpoint><Trackpoint><Time>2025-11-04T11:46:19.987Z</Time><DistanceMeters>9324.480405752243</DistanceMeters><HeartRateBpm><Value>141</Value></HeartRateBpm><Cadence>25</Cadence><Extensions><ext:TPX><ext:Watts>57.13333333333333</ext:Watts><ext:Torque>20</ext:Torque></ext:TPX></Extensions></Trackpoint><Trackpoint><Time>2025-11-04T11:46:21.187Z</Time><DistanceMeters>9329.128723795056</DistanceMeters><HeartRateBpm><Value>142</Value></HeartRateBpm><Cadence>25</Cadence><Extensions><ext:TPX><ext:Watts>57.0</ext:Watts><ext:Torque>20</ext:Torque></ext:TPX></Extensions></Trackpoint><Trackpoint><Time>2025-11-04T11:46:22.347Z</Time><DistanceMeters>9333.757790113461</DistanceMeters><HeartRateBpm><Value>142</Value></HeartRateBpm><Cadence>26</Cadence><Extensions><ext:TPX><ext:Watts>59.03448275862069</ext:Watts><ext:Torque>20</ext:Torque></ext:TPX></Extensions></Trackpoint><Trackpoint><Time>2025-11-04T11:46:23.553Z</Time><DistanceMeters>9338.482220966333</DistanceMeters><HeartRateBpm><Value>142</Value></HeartRateBpm><Cadence>25</Cadence><Extensions><ext:TPX><ext:Watts>57.93333333333333</ext:Watts><ext:Torque>20</ext:Torque></ext:TPX></Extensions></Trackpoint><Trackpoint><Time>2025-11-04T11:46:24.712Z</Time><DistanceMeters>9343.081544452085</DistanceMeters><HeartRateBpm><Value>143</Value></HeartRateBpm><Cadence>26</Cadence><Extensions><ext:TPX><ext:Watts>58.6551724137931</ext:Watts><ext:Torque>20</ext:Torque></ext:TPX></Extensions></Trackpoint><Trackpoint><Time>2025-11-04T11:46:25.912Z</Time><DistanceMeters>9347.819566878181</DistanceMeters><HeartRateBpm><Value>143</Value></HeartRateBpm><Cadence>25</Cadence><Extensions><ext:TPX><ext:Watts>58.1</ext:Watts><ext:Torque>20</ext:Torque></ext:TPX></Extensions></Trackpoint><Trackpoint><Time>2025-11-04T11:46:27.153Z</Time><DistanceMeters>9352.56839679718</DistanceMeters><HeartRateBpm><Value>144</Value></HeartRateBpm><Cadence>24</Cadence><Extensions><ext:TPX><ext:Watts>55.903225806451616</ext:Watts><ext:Torque>20</ext:Torque></ext:TPX></Extensions></Trackpoint><Trackpoint><Time>2025-11-04T11:46:28.353Z</Time><DistanceMeters>9357.227588098573</DistanceMeters><HeartRateBpm><Value>145</Value></HeartRateBpm><Cadence>25</Cadence><Extensions><ext:TPX><ext:Watts>57.13333333333333</ext:Watts><ext:Torque>20</ext:Torque></ext:TPX></Extensions></Trackpoint><Trackpoint><Time>2025-11-04T11:46:29.593Z</Time><DistanceMeters>9362.001080146407</DistanceMeters><HeartRateBpm><Value>145</Value></HeartRateBpm><Cadence>24</Cadence><Extensions><ext:TPX><ext:Watts>56.193548387096776</ext:Watts><ext:Torque>20</ext:Torque></ext:TPX></Extensions></Trackpoint><Trackpoint><Time>2025-11-04T11:46:30.838Z</Time><DistanceMeters>9366.788273376926</DistanceMeters><HeartRateBpm><Value>146</Value></HeartRateBpm><Cadence>24</Cadence><Extensions><ext:TPX><ext:Watts>56.354838709677416</ext:Watts><ext:Torque>20</ext:Torque></ext:TPX></Extensions></Trackpoint><Trackpoint><Time>2025-11-04T11:46:32.118Z</Time><DistanceMeters>9371.337474149042</DistanceMeters><HeartRateBpm><Value>146</Value></HeartRateBpm><Cadence>24</Cadence><Extensions><ext:TPX><ext:Watts>52.4375</ext:Watts><ext:Torque>20</ext:Torque></ext:TPX></Extensions></Trackpoint><Trackpoint><Time>2025-11-04T11:46:33.358Z</Time><DistanceMeters>9376.113706433413</DistanceMeters><HeartRateBpm><Value>146</Value></HeartRateBpm><Cadence>24</Cadence><Extensions><ext:TPX><ext:Watts>56.225806451612904</ext:Watts><ext:Torque>20</ext:Torque></ext:TPX></Extensions></Trackpoint><Trackpoint><Time>2025-11-04T11:46:34.603Z</Time><DistanceMeters>9381.00228841581</DistanceMeters><HeartRateBpm><Value>146</Value></HeartRateBpm><Cadence>24</Cadence><Extensions><ext:TPX><ext:Watts>57.54838709677419</ext:Watts><ext:Torque>20</ext:Torque></ext:TPX></Extensions></Trackpoint><Trackpoint><Time>2025-11-04T11:46:35.843Z</Time><DistanceMeters>9385.753858571346</DistanceMeters><HeartRateBpm><Value>147</Value></HeartRateBpm><Cadence>24</Cadence><Extensions><ext:TPX><ext:Watts>55.935483870967744</ext:Watts><ext:Torque>20</ext:Torque></ext:TPX></Extensions></Trackpoint><Trackpoint><Time>2025-11-04T11:46:37.083Z</Time><DistanceMeters>9390.387598555782</DistanceMeters><HeartRateBpm><Value>148</Value></HeartRateBpm><Cadence>24</Cadence><Extensions><ext:TPX><ext:Watts>54.54838709677419</ext:Watts><ext:Torque>20</ext:Torque></ext:TPX></Extensions></Trackpoint><Trackpoint><Time>2025-11-04T11:46:38.363Z</Time><DistanceMeters>9394.877155456035</DistanceMeters><HeartRateBpm><Value>150</Value></HeartRateBpm><Cadence>24</Cadence><Extensions><ext:TPX><ext:Watts>51.75</ext:Watts><ext:Torque>20</ext:Torque></ext:TPX></Extensions></Trackpoint><Trackpoint><Time>2025-11-04T11:46:39.648Z</Time><DistanceMeters>9399.599865673572</DistanceMeters><HeartRateBpm><Value>150</Value></HeartRateBpm><Cadence>24</Cadence><Extensions><ext:TPX><ext:Watts>54.4375</ext:Watts><ext:Torque>20</ext:Torque></ext:TPX></Extensions></Trackpoint><Trackpoint><Time>2025-11-04T11:46:40.888Z</Time><DistanceMeters>9404.134957142667</DistanceMeters><HeartRateBpm><Value>150</Value></HeartRateBpm><Cadence>24</Cadence><Extensions><ext:TPX><ext:Watts>53.38709677419355</ext:Watts><ext:Torque>20</ext:Torque></ext:TPX></Extensions></Trackpoint><Trackpoint><Time>2025-11-04T11:46:42.138Z</Time><DistanceMeters>9408.746775234806</DistanceMeters><HeartRateBpm><Value>150</Value></HeartRateBpm><Cadence>24</Cadence><Extensions><ext:TPX><ext:Watts>54.29032258064516</ext:Watts><ext:Torque>20</ext:Torque></ext:TPX></Extensions></Trackpoint><Trackpoint><Time>2025-11-04T11:46:43.418Z</Time><DistanceMeters>9413.393575069971</DistanceMeters><HeartRateBpm><Value>150</Value></HeartRateBpm><Cadence>24</Cadence><Extensions><ext:TPX><ext:Watts>53.5625</ext:Watts><ext:Torque>20</ext:Torque></ext:TPX></Extensions></Trackpoint><Trackpoint><Time>2025-11-04T11:46:44.658Z</Time><DistanceMeters>9418.008133398645</DistanceMeters><HeartRateBpm><Value>150</Value></HeartRateBpm><Cadence>24</Cadence><Extensions><ext:TPX><ext:Watts>54.32258064516129</ext:Watts><ext:Torque>20</ext:Torque></ext:TPX></Extensions></Trackpoint><Trackpoint><Time>2025-11-04T11:46:45.938Z</Time><DistanceMeters>9422.52751223483</DistanceMeters><HeartRateBpm><Value>150</Value></HeartRateBpm><Cadence>24</Cadence><Extensions><ext:TPX><ext:Watts>52.09375</ext:Watts><ext:Torque>20</ext:Torque></ext:TPX></Extensions></Trackpoint><Trackpoint><Time>2025-11-04T11:46:47.143Z</Time><DistanceMeters>9427.099717467587</DistanceMeters><HeartRateBpm><Value>150</Value></HeartRateBpm><Cadence>25</Cadence><Extensions><ext:TPX><ext:Watts>56.06666666666667</ext:Watts><ext:Torque>20</ext:Torque></ext:TPX></Extensions></Trackpoint><Trackpoint><Time>2025-11-04T11:46:48.383Z</Time><DistanceMeters>9431.840326676973</DistanceMeters><HeartRateBpm><Value>150</Value></HeartRateBpm><Cadence>24</Cadence><Extensions><ext:TPX><ext:Watts>55.806451612903224</ext:Watts><ext:Torque>20</ext:Torque></ext:TPX></Extensions></Trackpoint><Trackpoint><Time>2025-11-04T11:46:49.628Z</Time><DistanceMeters>9436.46310571526</DistanceMeters><HeartRateBpm><Value>150</Value></HeartRateBpm><Cadence>24</Cadence><Extensions><ext:TPX><ext:Watts>54.41935483870968</ext:Watts><ext:Torque>20</ext:Torque></ext:TPX></Extensions></Trackpoint><Trackpoint><Time>2025-11-04T11:46:50.873Z</Time><DistanceMeters>9441.225636816946</DistanceMeters><HeartRateBpm><Value>150</Value></HeartRateBpm><Cadence>24</Cadence><Extensions><ext:TPX><ext:Watts>56.064516129032256</ext:Watts><ext:Torque>20</ext:Torque></ext:TPX></Extensions></Trackpoint><Trackpoint><Time>2025-11-04T11:46:52.113Z</Time><DistanceMeters>9445.812792780249</DistanceMeters><HeartRateBpm><Value>150</Value></HeartRateBpm><Cadence>24</Cadence><Extensions><ext:TPX><ext:Watts>54.0</ext:Watts><ext:Torque>20</ext:Torque></ext:TPX></Extensions></Trackpoint><Trackpoint><Time>2025-11-04T11:46:53.353Z</Time><DistanceMeters>9450.561622699248</DistanceMeters><HeartRateBpm><Value>150</Value></HeartRateBpm><Cadence>24</Cadence><Extensions><ext:TPX><ext:Watts>55.903225806451616</ext:Watts><ext:Torque>20</ext:Torque></ext:TPX></Extensions></Trackpoint><Trackpoint><Time>2025-11-04T11:46:54.593Z</Time><DistanceMeters>9455.258388124039</DistanceMeters><HeartRateBpm><Value>150</Value></HeartRateBpm><Cadence>24</Cadence><Extensions><ext:TPX><ext:Watts>55.29032258064516</ext:Watts><ext:Torque>20</ext:Torque></ext:TPX></Extensions></Trackpoint><Trackpoint><Time>2025-11-04T11:46:55.873Z</Time><DistanceMeters>9459.935009895136</DistanceMeters><HeartRateBpm><Value>150</Value></HeartRateBpm><Cadence>24</Cadence><Extensions><ext:TPX><ext:Watts>53.90625</ext:Watts><ext:Torque>20</ext:Torque></ext:TPX></Extensions></Trackpoint><Trackpoint><Time>2025-11-04T11:46:57.118Z</Time><DistanceMeters>9464.524906094975</DistanceMeters><HeartRateBpm><Value>150</Value></HeartRateBpm><Cadence>24</Cadence><Extensions><ext:TPX><ext:Watts>54.03225806451613</ext:Watts><ext:Torque>20</ext:Torque></ext:TPX></Extensions></Trackpoint><Trackpoint><Time>2025-11-04T11:46:58.363Z</Time><DistanceMeters>9469.202489864007</DistanceMeters><HeartRateBpm><Value>150</Value></HeartRateBpm><Cadence>24</Cadence><Extensions><ext:TPX><ext:Watts>55.064516129032256</ext:Watts><ext:Torque>20</ext:Torque></ext:TPX></Extensions></Trackpoint><Trackpoint><Time>2025-11-04T11:46:59.603Z</Time><DistanceMeters>9473.997903804138</DistanceMeters><HeartRateBpm><Value>150</Value></HeartRateBpm><Cadence>24</Cadence><Extensions><ext:TPX><ext:Watts>56.45161290322581</ext:Watts><ext:Torque>20</ext:Torque></ext:TPX></Extensions></Trackpoint><Trackpoint><Time>2025-11-04T11:47:00.883Z</Time><DistanceMeters>9478.690792085745</DistanceMeters><HeartRateBpm><Value>150</Value></HeartRateBpm><Cadence>24</Cadence><Extensions><ext:TPX><ext:Watts>54.09375</ext:Watts><ext:Torque>20</ext:Torque></ext:TPX></Extensions></Trackpoint><Trackpoint><Time>2025-11-04T11:47:02.083Z</Time><DistanceMeters>9483.224940913471</DistanceMeters><HeartRateBpm><Value>150</Value></HeartRateBpm><Cadence>25</Cadence><Extensions><ext:TPX><ext:Watts>55.6</ext:Watts><ext:Torque>20</ext:Torque></ext:TPX></Extensions></Trackpoint><Trackpoint><Time>2025-11-04T11:47:03.323Z</Time><DistanceMeters>9488.03405603629</DistanceMeters><HeartRateBpm><Value>150</Value></HeartRateBpm><Cadence>24</Cadence><Extensions><ext:TPX><ext:Watts>56.61290322580645</ext:Watts><ext:Torque>20</ext:Torque></ext:TPX></Extensions></Trackpoint><Trackpoint><Time>2025-11-04T11:47:04.563Z</Time><DistanceMeters>9492.79932737451</DistanceMeters><HeartRateBpm><Value>150</Value></HeartRateBpm><Cadence>24</Cadence><Extensions><ext:TPX><ext:Watts>56.096774193548384</ext:Watts><ext:Torque>20</ext:Torque></ext:TPX></Extensions></Trackpoint><Trackpoint><Time>2025-11-04T11:47:05.803Z</Time><DistanceMeters>9497.570079185807</DistanceMeters><HeartRateBpm><Value>150</Value></HeartRateBpm><Cadence>24</Cadence><Extensions><ext:TPX><ext:Watts>56.16129032258065</ext:Watts><ext:Torque>20</ext:Torque></ext:TPX></Extensions></Trackpoint><Trackpoint><Time>2025-11-04T11:47:07.043Z</Time><DistanceMeters>9502.318909104806</DistanceMeters><HeartRateBpm><Value>150</Value></HeartRateBpm><Cadence>24</Cadence><Extensions><ext:TPX><ext:Watts>55.903225806451616</ext:Watts><ext:Torque>20</ext:Torque></ext:TPX></Extensions></Trackpoint><Trackpoint><Time>2025-11-04T11:47:08.283Z</Time><DistanceMeters>9507.007453819986</DistanceMeters><HeartRateBpm><Value>150</Value></HeartRateBpm><Cadence>24</Cadence><Extensions><ext:TPX><ext:Watts>55.193548387096776</ext:Watts><ext:Torque>20</ext:Torque></ext:TPX></Extensions></Trackpoint><Trackpoint><Time>2025-11-04T11:47:09.523Z</Time><DistanceMeters>9511.73162161015</DistanceMeters><HeartRateBpm><Value>151</Value></HeartRateBpm><Cadence>24</Cadence><Extensions><ext:TPX><ext:Watts>55.61290322580645</ext:Watts><ext:Torque>20</ext:Torque></ext:TPX></Extensions></Trackpoint><Trackpoint><Time>2025-11-04T11:47:10.763Z</Time><DistanceMeters>9516.33247875614</DistanceMeters><HeartRateBpm><Value>151</Value></HeartRateBpm><Cadence>24</Cadence><Extensions><ext:TPX><ext:Watts>54.16129032258065</ext:Watts><ext:Torque>20</ext:Torque></ext:TPX></Extensions></Trackpoint><Trackpoint><Time>2025-11-04T11:47:12.003Z</Time><DistanceMeters>9520.957998030963</DistanceMeters><HeartRateBpm><Value>151</Value></HeartRateBpm><Cadence>24</Cadence><Extensions><ext:TPX><ext:Watts>54.45161290322581</ext:Watts><ext:Torque>20</ext:Torque></ext:TPX></Extensions></Trackpoint><Trackpoint><Time>2025-11-04T11:47:13.203Z</Time><DistanceMeters>9525.64709079345</DistanceMeters><HeartRateBpm><Value>151</Value></HeartRateBpm><Cadence>25</Cadence><Extensions><ext:TPX><ext:Watts>57.5</ext:Watts><ext:Torque>20</ext:Torque></ext:TPX></Extensions></Trackpoint><Trackpoint><Time>2025-11-04T11:47:14.408Z</Time><DistanceMeters>9530.368803331678</DistanceMeters><HeartRateBpm><Value>151</Value></HeartRateBpm><Cadence>25</Cadence><Extensions><ext:TPX><ext:Watts>57.9</ext:Watts><ext:Torque>20</ext:Torque></ext:TPX></Extensions></Trackpoint><Trackpoint><Time>2025-11-04T11:47:15.648Z</Time><DistanceMeters>9535.180658691032</DistanceMeters><HeartRateBpm><Value>151</Value></HeartRateBpm><Cadence>24</Cadence><Extensions><ext:TPX><ext:Watts>56.645161290322584</ext:Watts><ext:Torque>20</ext:Torque></ext:TPX></Extensions></Trackpoint><Trackpoint><Time>2025-11-04T11:47:16.853Z</Time><DistanceMeters>9539.81538516062</DistanceMeters><HeartRateBpm><Value>151</Value></HeartRateBpm><Cadence>25</Cadence><Extensions><ext:TPX><ext:Watts>56.833333333333336</ext:Watts><ext:Torque>20</ext:Torque></ext:TPX></Extensions></Trackpoint><Trackpoint><Time>2025-11-04T11:47:18.053Z</Time><DistanceMeters>9544.493604664527</DistanceMeters><HeartRateBpm><Value>151</Value></HeartRateBpm><Cadence>25</Cadence><Extensions><ext:TPX><ext:Watts>57.36666666666667</ext:Watts><ext:Torque>20</ext:Torque></ext:TPX></Extensions></Trackpoint><Trackpoint><Time>2025-11-04T11:47:19.293Z</Time><DistanceMeters>9548.847840522167</DistanceMeters><HeartRateBpm><Value>151</Value></HeartRateBpm><Cadence>24</Cadence><Extensions><ext:TPX><ext:Watts>51.25806451612903</ext:Watts><ext:Torque>20</ext:Torque></ext:TPX></Extensions></Trackpoint><Trackpoint><Time>2025-11-04T11:47:20.535Z</Time><DistanceMeters>9553.415814829708</DistanceMeters><HeartRateBpm><Value>151</Value></HeartRateBpm><Cadence>24</Cadence><Extensions><ext:TPX><ext:Watts>53.774193548387096</ext:Watts><ext:Torque>20</ext:Torque></ext:TPX></Extensions></Trackpoint><Trackpoint><Time>2025-11-04T11:47:21.773Z</Time><DistanceMeters>9558.085177889128</DistanceMeters><HeartRateBpm><Value>152</Value></HeartRateBpm><Cadence>24</Cadence><Extensions><ext:TPX><ext:Watts>54.96774193548387</ext:Watts><ext:Torque>20</ext:Torque></ext:TPX></Extensions></Trackpoint><Trackpoint><Time>2025-11-04T11:47:22.973Z</Time><DistanceMeters>9562.725340988007</DistanceMeters><HeartRateBpm><Value>152</Value></HeartRateBpm><Cadence>25</Cadence><Extensions><ext:TPX><ext:Watts>56.9</ext:Watts><ext:Torque>20</ext:Torque></ext:TPX></Extensions></Trackpoint><Trackpoint><Time>2025-11-04T11:47:24.213Z</Time><DistanceMeters>9567.47965138008</DistanceMeters><HeartRateBpm><Value>152</Value></HeartRateBpm><Cadence>24</Cadence><Extensions><ext:TPX><ext:Watts>55.96774193548387</ext:Watts><ext:Torque>20</ext:Torque></ext:TPX></Extensions></Trackpoint><Trackpoint><Time>2025-11-04T11:47:25.413Z</Time><DistanceMeters>9572.20408223295</DistanceMeters><HeartRateBpm><Value>152</Value></HeartRateBpm><Cadence>25</Cadence><Extensions><ext:TPX><ext:Watts>57.93333333333333</ext:Watts><ext:Torque>20</ext:Torque></ext:TPX></Extensions></Trackpoint><Trackpoint><Time>2025-11-04T11:47:26.658Z</Time><DistanceMeters>9576.958392625023</DistanceMeters><HeartRateBpm><Value>152</Value></HeartRateBpm><Cadence>24</Cadence><Extensions><ext:TPX><ext:Watts>55.96774193548387</ext:Watts><ext:Torque>20</ext:Torque></ext:TPX></Extensions></Trackpoint><Trackpoint><Time>2025-11-04T11:47:27.898Z</Time><DistanceMeters>9581.526366932565</DistanceMeters><HeartRateBpm><Value>152</Value></HeartRateBpm><Cadence>24</Cadence><Extensions><ext:TPX><ext:Watts>53.774193548387096</ext:Watts><ext:Torque>20</ext:Torque></ext:TPX></Extensions></Trackpoint><Trackpoint><Time>2025-11-04T11:47:29.178Z</Time><DistanceMeters>9586.287032341288</DistanceMeters><HeartRateBpm><Value>152</Value></HeartRateBpm><Cadence>24</Cadence><Extensions><ext:TPX><ext:Watts>54.875</ext:Watts><ext:Torque>20</ext:Torque></ext:TPX></Extensions></Trackpoint><Trackpoint><Time>2025-11-04T11:47:30.423Z</Time><DistanceMeters>9590.674151037374</DistanceMeters><HeartRateBpm><Value>152</Value></HeartRateBpm><Cadence>24</Cadence><Extensions><ext:TPX><ext:Watts>51.645161290322584</ext:Watts><ext:Torque>20</ext:Torque></ext:TPX></Extensions></Trackpoint><Trackpoint><Time>2025-11-04T11:47:31.703Z</Time><DistanceMeters>9595.40228342508</DistanceMeters><HeartRateBpm><Value>152</Value></HeartRateBpm><Cadence>24</Cadence><Extensions><ext:TPX><ext:Watts>54.5</ext:Watts><ext:Torque>20</ext:Torque></ext:TPX></Extensions></Trackpoint><Trackpoint><Time>2025-11-04T11:47:32.983Z</Time><DistanceMeters>9599.902684665674</DistanceMeters><HeartRateBpm><Value>152</Value></HeartRateBpm><Cadence>24</Cadence><Extensions><ext:TPX><ext:Watts>51.875</ext:Watts><ext:Torque>20</ext:Torque></ext:TPX></Extensions></Trackpoint><Trackpoint><Time>2025-11-04T11:47:34.269Z</Time><DistanceMeters>9604.37597505542</DistanceMeters><HeartRateBpm><Value>152</Value></HeartRateBpm><Cadence>24</Cadence><Extensions><ext:TPX><ext:Watts>51.5625</ext:Watts><ext:Torque>20</ext:Torque></ext:TPX></Extensions></Trackpoint><Trackpoint><Time>2025-11-04T11:47:35.589Z</Time><DistanceMeters>9608.906499463621</DistanceMeters><HeartRateBpm><Value>152</Value></HeartRateBpm><Cadence>22</Cadence><Extensions><ext:TPX><ext:Watts>50.0</ext:Watts><ext:Torque>20</ext:Torque></ext:TPX></Extensions></Trackpoint><Trackpoint><Time>2025-11-04T11:47:36.869Z</Time><DistanceMeters>9613.257791024555</DistanceMeters><HeartRateBpm><Value>152</Value></HeartRateBpm><Cadence>24</Cadence><Extensions><ext:TPX><ext:Watts>50.15625</ext:Watts><ext:Torque>20</ext:Torque></ext:TPX></Extensions></Trackpoint><Trackpoint><Time>2025-11-04T11:47:38.149Z</Time><DistanceMeters>9617.606371500404</DistanceMeters><HeartRateBpm><Value>152</Value></HeartRateBpm><Cadence>24</Cadence><Extensions><ext:TPX><ext:Watts>50.125</ext:Watts><ext:Torque>20</ext:Torque></ext:TPX></Extensions></Trackpoint><Trackpoint><Time>2025-11-04T11:47:39.428Z</Time><DistanceMeters>9621.77873144575</DistanceMeters><HeartRateBpm><Value>152</Value></HeartRateBpm><Cadence>24</Cadence><Extensions><ext:TPX><ext:Watts>48.09375</ext:Watts><ext:Torque>20</ext:Torque></ext:TPX></Extensions></Trackpoint><Trackpoint><Time>2025-11-04T11:47:40.669Z</Time><DistanceMeters>9626.138447776462</DistanceMeters><HeartRateBpm><Value>152</Value></HeartRateBpm><Cadence>24</Cadence><Extensions><ext:TPX><ext:Watts>51.32258064516129</ext:Watts><ext:Torque>20</ext:Torque></ext:TPX></Extensions></Trackpoint><Trackpoint><Time>2025-11-04T11:47:41.949Z</Time><DistanceMeters>9630.644271187224</DistanceMeters><HeartRateBpm><Value>152</Value></HeartRateBpm><Cadence>24</Cadence><Extensions><ext:TPX><ext:Watts>51.9375</ext:Watts><ext:Torque>20</ext:Torque></ext:TPX></Extensions></Trackpoint><Trackpoint><Time>2025-11-04T11:47:43.229Z</Time><DistanceMeters>9635.11756157697</DistanceMeters><HeartRateBpm><Value>151</Value></HeartRateBpm><Cadence>24</Cadence><Extensions><ext:TPX><ext:Watts>51.5625</ext:Watts><ext:Torque>20</ext:Torque></ext:TPX></Extensions></Trackpoint><Trackpoint><Time>2025-11-04T11:47:44.549Z</Time><DistanceMeters>9639.719476066753</DistanceMeters><HeartRateBpm><Value>151</Value></HeartRateBpm><Cadence>22</Cadence><Extensions><ext:TPX><ext:Watts>50.78787878787879</ext:Watts><ext:Torque>20</ext:Torque></ext:TPX></Extensions></Trackpoint><Trackpoint><Time>2025-11-04T11:47:45.829Z</Time><DistanceMeters>9644.363564816835</DistanceMeters><HeartRateBpm><Value>151</Value></HeartRateBpm><Cadence>24</Cadence><Extensions><ext:TPX><ext:Watts>53.53125</ext:Watts><ext:Torque>20</ext:Torque></ext:TPX></Extensions></Trackpoint><Trackpoint><Time>2025-11-04T11:47:47.149Z</Time><DistanceMeters>9649.330667031643</DistanceMeters><HeartRateBpm><Value>151</Value></HeartRateBpm><Cadence>22</Cadence><Extensions><ext:TPX><ext:Watts>54.81818181818182</ext:Watts><ext:Torque>20</ext:Torque></ext:TPX></Extensions></Trackpoint><Trackpoint><Time>2025-11-04T11:47:48.469Z</Time><DistanceMeters>9654.248345343816</DistanceMeters><HeartRateBpm><Value>151</Value></HeartRateBpm><Cadence>22</Cadence><Extensions><ext:TPX><ext:Watts>54.27272727272727</ext:Watts><ext:Torque>20</ext:Torque></ext:TPX></Extensions></Trackpoint><Trackpoint><Time>2025-11-04T11:47:49.749Z</Time><DistanceMeters>9658.941233625423</DistanceMeters><HeartRateBpm><Value>151</Value></HeartRateBpm><Cadence>24</Cadence><Extensions><ext:TPX><ext:Watts>54.09375</ext:Watts><ext:Torque>20</ext:Torque></ext:TPX></Extensions></Trackpoint><Trackpoint><Time>2025-11-04T11:47:51.074Z</Time><DistanceMeters>9663.746335270484</DistanceMeters><HeartRateBpm><Value>151</Value></HeartRateBpm><Cadence>22</Cadence><Extensions><ext:TPX><ext:Watts>53.03030303030303</ext:Watts><ext:Torque>20</ext:Torque></ext:TPX></Extensions></Trackpoint><Trackpoint><Time>2025-11-04T11:47:52.354Z</Time><DistanceMeters>9668.355179914464</DistanceMeters><HeartRateBpm><Value>150</Value></HeartRateBpm><Cadence>24</Cadence><Extensions><ext:TPX><ext:Watts>53.125</ext:Watts><ext:Torque>20</ext:Torque></ext:TPX></Extensions></Trackpoint><Trackpoint><Time>2025-11-04T11:47:53.684Z</Time><DistanceMeters>9672.745669931866</DistanceMeters><HeartRateBpm><Value>150</Value></HeartRateBpm><Cadence>22</Cadence><Extensions><ext:TPX><ext:Watts>48.45454545454545</ext:Watts><ext:Torque>20</ext:Torque></ext:TPX></Extensions></Trackpoint><Trackpoint><Time>2025-11-04T11:47:54.964Z</Time><DistanceMeters>9677.24064900229</DistanceMeters><HeartRateBpm><Value>150</Value></HeartRateBpm><Cadence>24</Cadence><Extensions><ext:TPX><ext:Watts>51.8125</ext:Watts><ext:Torque>20</ext:Torque></ext:TPX></Extensions></Trackpoint><Trackpoint><Time>2025-11-04T11:47:56.244Z</Time><DistanceMeters>9681.760027838474</DistanceMeters><HeartRateBpm><Value>149</Value></HeartRateBpm><Cadence>24</Cadence><Extensions><ext:TPX><ext:Watts>52.09375</ext:Watts><ext:Torque>20</ext:Torque></ext:TPX></Extensions></Trackpoint><Trackpoint><Time>2025-11-04T11:47:57.529Z</Time><DistanceMeters>9686.301095355337</DistanceMeters><HeartRateBpm><Value>149</Value></HeartRateBpm><Cadence>24</Cadence><Extensions><ext:TPX><ext:Watts>52.34375</ext:Watts><ext:Torque>20</ext:Torque></ext:TPX></Extensions></Trackpoint><Trackpoint><Time>2025-11-04T11:47:58.809Z</Time><DistanceMeters>9690.839451787115</DistanceMeters><HeartRateBpm><Value>149</Value></HeartRateBpm><Cadence>24</Cadence><Extensions><ext:TPX><ext:Watts>52.3125</ext:Watts><ext:Torque>20</ext:Torque></ext:TPX></Extensions></Trackpoint><Trackpoint><Time>2025-11-04T11:48:00.089Z</Time><DistanceMeters>9695.385941474147</DistanceMeters><HeartRateBpm><Value>149</Value></HeartRateBpm><Cadence>24</Cadence><Extensions><ext:TPX><ext:Watts>52.40625</ext:Watts><ext:Torque>20</ext:Torque></ext:TPX></Extensions></Trackpoint><Trackpoint><Time>2025-11-04T11:48:01.409Z</Time><DistanceMeters>9700.097686858675</DistanceMeters><HeartRateBpm><Value>148</Value></HeartRateBpm><Cadence>22</Cadence><Extensions><ext:TPX><ext:Watts>52.0</ext:Watts><ext:Torque>20</ext:Torque></ext:TPX></Extensions></Trackpoint><Trackpoint><Time>2025-11-04T11:48:02.729Z</Time><DistanceMeters>9704.749025251094</DistanceMeters><HeartRateBpm><Value>148</Value></HeartRateBpm><Cadence>22</Cadence><Extensions><ext:TPX><ext:Watts>51.333333333333336</ext:Watts><ext:Torque>20</ext:Torque></ext:TPX></Extensions></Trackpoint><Trackpoint><Time>2025-11-04T11:48:04.009Z</Time><DistanceMeters>9709.290092767957</DistanceMeters><HeartRateBpm><Value>148</Value></HeartRateBpm><Cadence>24</Cadence><Extensions><ext:TPX><ext:Watts>52.34375</ext:Watts><ext:Torque>20</ext:Torque></ext:TPX></Extensions></Trackpoint><Trackpoint><Time>2025-11-04T11:48:05.289Z</Time><DistanceMeters>9713.850137880412</DistanceMeters><HeartRateBpm><Value>147</Value></HeartRateBpm><Cadence>24</Cadence><Extensions><ext:TPX><ext:Watts>52.5625</ext:Watts><ext:Torque>20</ext:Torque></ext:TPX></Extensions></Trackpoint><Trackpoint><Time>2025-11-04T11:48:06.569Z</Time><DistanceMeters>9718.469826864732</DistanceMeters><HeartRateBpm><Value>147</Value></HeartRateBpm><Cadence>24</Cadence><Extensions><ext:TPX><ext:Watts>53.25</ext:Watts><ext:Torque>20</ext:Torque></ext:TPX></Extensions></Trackpoint><Trackpoint><Time>2025-11-04T11:48:07.849Z</Time><DistanceMeters>9723.154581891084</DistanceMeters><HeartRateBpm><Value>147</Value></HeartRateBpm><Cadence>24</Cadence><Extensions><ext:TPX><ext:Watts>54.0</ext:Watts><ext:Torque>20</ext:Torque></ext:TPX></Extensions></Trackpoint><Trackpoint><Time>2025-11-04T11:48:09.129Z</Time><DistanceMeters>9727.801381726249</DistanceMeters><HeartRateBpm><Value>147</Value></HeartRateBpm><Cadence>24</Cadence><Extensions><ext:TPX><ext:Watts>53.5625</ext:Watts><ext:Torque>20</ext:Torque></ext:TPX></Extensions></Trackpoint><Trackpoint><Time>2025-11-04T11:48:10.449Z</Time><DistanceMeters>9732.798687437113</DistanceMeters><HeartRateBpm><Value>147</Value></HeartRateBpm><Cadence>22</Cadence><Extensions><ext:TPX><ext:Watts>55.15151515151515</ext:Watts><ext:Torque>20</ext:Torque></ext:TPX></Extensions></Trackpoint><Trackpoint><Time>2025-11-04T11:48:11.729Z</Time><DistanceMeters>9737.632552143123</DistanceMeters><HeartRateBpm><Value>147</Value></HeartRateBpm><Cadence>24</Cadence><Extensions><ext:TPX><ext:Watts>55.71875</ext:Watts><ext:Torque>20</ext:Torque></ext:TPX></Extensions></Trackpoint><Trackpoint><Time>2025-11-04T11:48:13.049Z</Time><DistanceMeters>9742.476094601345</DistanceMeters><HeartRateBpm><Value>147</Value></HeartRateBpm><Cadence>22</Cadence><Extensions><ext:TPX><ext:Watts>53.45454545454545</ext:Watts><ext:Torque>20</ext:Torque></ext:TPX></Extensions></Trackpoint><Trackpoint><Time>2025-11-04T11:48:14.369Z</Time><DistanceMeters>9747.382789824043</DistanceMeters><HeartRateBpm><Value>147</Value></HeartRateBpm><Cadence>22</Cadence><Extensions><ext:TPX><ext:Watts>54.15151515151515</ext:Watts><ext:Torque>20</ext:Torque></ext:TPX></Extensions></Trackpoint><Trackpoint><Time>2025-11-04T11:48:15.689Z</Time><DistanceMeters>9752.360875128326</DistanceMeters><HeartRateBpm><Value>147</Value></HeartRateBpm><Cadence>22</Cadence><Extensions><ext:TPX><ext:Watts>54.93939393939394</ext:Watts><ext:Torque>20</ext:Torque></ext:TPX></Extensions></Trackpoint><Trackpoint><Time>2025-11-04T11:48:17.009Z</Time><DistanceMeters>9757.577842628678</DistanceMeters><HeartRateBpm><Value>147</Value></HeartRateBpm><Cadence>22</Cadence><Extensions><ext:TPX><ext:Watts>57.57575757575758</ext:Watts><ext:Torque>20</ext:Torque></ext:TPX></Extensions></Trackpoint><Trackpoint><Time>2025-11-04T11:48:18.329Z</Time><DistanceMeters>9762.860708665876</DistanceMeters><HeartRateBpm><Value>146</Value></HeartRateBpm><Cadence>22</Cadence><Extensions><ext:TPX><ext:Watts>58.303030303030305</ext:Watts><ext:Torque>20</ext:Torque></ext:TPX></Extensions></Trackpoint><Trackpoint><Time>2025-11-04T11:48:19.649Z</Time><DistanceMeters>9768.041981125436</DistanceMeters><HeartRateBpm><Value>146</Value></HeartRateBpm><Cadence>22</Cadence><Extensions><ext:TPX><ext:Watts>57.18181818181818</ext:Watts><ext:Torque>20</ext:Torque></ext:TPX></Extensions></Trackpoint><Trackpoint><Time>2025-11-04T11:48:20.974Z</Time><DistanceMeters>9773.124405779727</DistanceMeters><HeartRateBpm><Value>146</Value></HeartRateBpm><Cadence>22</Cadence><Extensions><ext:TPX><ext:Watts>56.09090909090909</ext:Watts><ext:Torque>20</ext:Torque></ext:TPX></Extensions></Trackpoint><Trackpoint><Time>2025-11-04T11:48:22.294Z</Time><DistanceMeters>9778.110728401116</DistanceMeters><HeartRateBpm><Value>146</Value></HeartRateBpm><Cadence>22</Cadence><Extensions><ext:TPX><ext:Watts>55.03030303030303</ext:Watts><ext:Torque>20</ext:Torque></ext:TPX></Extensions></Trackpoint><Trackpoint><Time>2025-11-04T11:48:23.574Z</Time><DistanceMeters>9783.169613169155</DistanceMeters><HeartRateBpm><Value>146</Value></HeartRateBpm><Cadence>24</Cadence><Extensions><ext:TPX><ext:Watts>58.3125</ext:Watts><ext:Torque>20</ext:Torque></ext:TPX></Extensions></Trackpoint><Trackpoint><Time>2025-11-04T11:48:24.894Z</Time><DistanceMeters>9788.290478636605</DistanceMeters><HeartRateBpm><Value>146</Value></HeartRateBpm><Cadence>22</Cadence><Extensions><ext:TPX><ext:Watts>56.515151515151516</ext:Watts><ext:Torque>20</ext:Torque></ext:TPX></Extensions></Trackpoint><Trackpoint><Time>2025-11-04T11:48:26.214Z</Time><DistanceMeters>9793.512937681695</DistanceMeters><HeartRateBpm><Value>146</Value></HeartRateBpm><Cadence>22</Cadence><Extensions><ext:TPX><ext:Watts>57.63636363636363</ext:Watts><ext:Torque>20</ext:Torque></ext:TPX></Extensions></Trackpoint><Trackpoint><Time>2025-11-04T11:48:27.534Z</Time><DistanceMeters>9798.743634043889</DistanceMeters><HeartRateBpm><Value>146</Value></HeartRateBpm><Cadence>22</Cadence><Extensions><ext:TPX><ext:Watts>57.72727272727273</ext:Watts><ext:Torque>20</ext:Torque></ext:TPX></Extensions></Trackpoint><Trackpoint><Time>2025-11-04T11:48:28.854Z</Time><DistanceMeters>9803.86449951134</DistanceMeters><HeartRateBpm><Value>146</Value></HeartRateBpm><Cadence>22</Cadence><Extensions><ext:TPX><ext:Watts>56.515151515151516</ext:Watts><ext:Torque>20</ext:Torque></ext:TPX></Extensions></Trackpoint><Trackpoint><Time>2025-11-04T11:48:30.139Z</Time><DistanceMeters>9808.909828853955</DistanceMeters><HeartRateBpm><Value>146</Value></HeartRateBpm><Cadence>24</Cadence><Extensions><ext:TPX><ext:Watts>58.15625</ext:Watts><ext:Torque>20</ext:Torque></ext:TPX></Extensions></Trackpoint><Trackpoint><Time>2025-11-04T11:48:31.459Z</Time><DistanceMeters>9813.96479578456</DistanceMeters><HeartRateBpm><Value>146</Value></HeartRateBpm><Cadence>22</Cadence><Extensions><ext:TPX><ext:Watts>55.78787878787879</ext:Watts><ext:Torque>20</ext:Torque></ext:TPX></Extensions></Trackpoint><Trackpoint><Time>2025-11-04T11:48:32.779Z</Time><DistanceMeters>9819.033491577005</DistanceMeters><HeartRateBpm><Value>146</Value></HeartRateBpm><Cadence>22</Cadence><Extensions><ext:TPX><ext:Watts>55.93939393939394</ext:Watts><ext:Torque>20</ext:Torque></ext:TPX></Extensions></Trackpoint><Trackpoint><Time>2025-11-04T11:48:34.099Z</Time><DistanceMeters>9824.220255581302</DistanceMeters><HeartRateBpm><Value>146</Value></HeartRateBpm><Cadence>22</Cadence><Extensions><ext:TPX><ext:Watts>57.24242424242424</ext:Watts><ext:Torque>20</ext:Torque></ext:TPX></Extensions></Trackpoint><Trackpoint><Time>2025-11-04T11:48:35.424Z</Time><DistanceMeters>9829.24501901585</DistanceMeters><HeartRateBpm><Value>146</Value></HeartRateBpm><Cadence>22</Cadence><Extensions><ext:TPX><ext:Watts>55.45454545454545</ext:Watts><ext:Torque>20</ext:Torque></ext:TPX></Extensions></Trackpoint><Trackpoint><Time>2025-11-04T11:48:36.789Z</Time><DistanceMeters>9834.205579831782</DistanceMeters><HeartRateBpm><Value>146</Value></HeartRateBpm><Cadence>22</Cadence><Extensions><ext:TPX><ext:Watts>53.529411764705884</ext:Watts><ext:Torque>20</ext:Torque></ext:TPX></Extensions></Trackpoint><Trackpoint><Time>2025-11-04T11:48:38.112Z</Time><DistanceMeters>9839.356648795287</DistanceMeters><HeartRateBpm><Value>146</Value></HeartRateBpm><Cadence>22</Cadence><Extensions><ext:TPX><ext:Watts>56.84848484848485</ext:Watts><ext:Torque>20</ext:Torque></ext:TPX></Extensions></Trackpoint><Trackpoint><Time>2025-11-04T11:48:39.429Z</Time><DistanceMeters>9844.331272038757</DistanceMeters><HeartRateBpm><Value>146</Value></HeartRateBpm><Cadence>23</Cadence><Extensions><ext:TPX><ext:Watts>56.121212121212125</ext:Watts><ext:Torque>20</ext:Torque></ext:TPX></Extensions></Trackpoint><Trackpoint><Time>2025-11-04T11:48:40.789Z</Time><DistanceMeters>9849.534409729751</DistanceMeters><HeartRateBpm><Value>145</Value></HeartRateBpm><Cadence>22</Cadence><Extensions><ext:TPX><ext:Watts>56.14705882352941</ext:Watts><ext:Torque>20</ext:Torque></ext:TPX></Extensions></Trackpoint><Trackpoint><Time>2025-11-04T11:48:42.149Z</Time><DistanceMeters>9854.557658951597</DistanceMeters><HeartRateBpm><Value>145</Value></HeartRateBpm><Cadence>22</Cadence><Extensions><ext:TPX><ext:Watts>54.205882352941174</ext:Watts><ext:Torque>20</ext:Torque></ext:TPX></Extensions></Trackpoint><Trackpoint><Time>2025-11-04T11:48:43.469Z</Time><DistanceMeters>9859.327065555866</DistanceMeters><HeartRateBpm><Value>145</Value></HeartRateBpm><Cadence>22</Cadence><Extensions><ext:TPX><ext:Watts>52.63636363636363</ext:Watts><ext:Torque>20</ext:Torque></ext:TPX></Extensions></Trackpoint><Trackpoint><Time>2025-11-04T11:48:44.829Z</Time><DistanceMeters>9864.208584468686</DistanceMeters><HeartRateBpm><Value>145</Value></HeartRateBpm><Cadence>22</Cadence><Extensions><ext:TPX><ext:Watts>52.6764705882353</ext:Watts><ext:Torque>20</ext:Torque></ext:TPX></Extensions></Trackpoint><Trackpoint><Time>2025-11-04T11:48:46.149Z</Time><DistanceMeters>9869.24433099271</DistanceMeters><HeartRateBpm><Value>145</Value></HeartRateBpm><Cadence>22</Cadence><Extensions><ext:TPX><ext:Watts>55.57575757575758</ext:Watts><ext:Torque>20</ext:Torque></ext:TPX></Extensions></Trackpoint><Trackpoint><Time>2025-11-04T11:48:47.469Z</Time><DistanceMeters>9874.131805808829</DistanceMeters><HeartRateBpm><Value>145</Value></HeartRateBpm><Cadence>22</Cadence><Extensions><ext:TPX><ext:Watts>53.93939393939394</ext:Watts><ext:Torque>20</ext:Torque></ext:TPX></Extensions></Trackpoint><Trackpoint><Time>2025-11-04T11:48:48.835Z</Time><DistanceMeters>9879.095092207626</DistanceMeters><HeartRateBpm><Value>145</Value></HeartRateBpm><Cadence>22</Cadence><Extensions><ext:TPX><ext:Watts>53.55882352941177</ext:Watts><ext:Torque>20</ext:Torque></ext:TPX></Extensions></Trackpoint><Trackpoint><Time>2025-11-04T11:48:50.234Z</Time><DistanceMeters>9884.00160498698</DistanceMeters><HeartRateBpm><Value>145</Value></HeartRateBpm><Cadence>22</Cadence><Extensions><ext:TPX><ext:Watts>51.74285714285714</ext:Watts><ext:Torque>20</ext:Torque></ext:TPX></Extensions></Trackpoint><Trackpoint><Time>2025-11-04T11:48:51.554Z</Time><DistanceMeters>9889.086775413638</DistanceMeters><HeartRateBpm><Value>144</Value></HeartRateBpm><Cadence>22</Cadence><Extensions><ext:TPX><ext:Watts>56.121212121212125</ext:Watts><ext:Torque>20</ext:Torque></ext:TPX></Extensions></Trackpoint><Trackpoint><Time>2025-11-04T11:48:52.915Z</Time><DistanceMeters>9894.014629235178</DistanceMeters><HeartRateBpm><Value>144</Value></HeartRateBpm><Cadence>22</Cadence><Extensions><ext:TPX><ext:Watts>53.1764705882353</ext:Watts><ext:Torque>20</ext:Torque></ext:TPX></Extensions></Trackpoint><Trackpoint><Time>2025-11-04T11:48:54.234Z</Time><DistanceMeters>9899.121765840786</DistanceMeters><HeartRateBpm><Value>144</Value></HeartRateBpm><Cadence>22</Cadence><Extensions><ext:TPX><ext:Watts>56.36363636363637</ext:Watts><ext:Torque>20</ext:Torque></ext:TPX></Extensions></Trackpoint><Trackpoint><Time>2025-11-04T11:48:55.560Z</Time><DistanceMeters>9904.003749112167</DistanceMeters><HeartRateBpm><Value>144</Value></HeartRateBpm><Cadence>22</Cadence><Extensions><ext:TPX><ext:Watts>53.878787878787875</ext:Watts><ext:Torque>20</ext:Torque></ext:TPX></Extensions></Trackpoint><Trackpoint><Time>2025-11-04T11:48:56.880Z</Time><DistanceMeters>9909.091665311194</DistanceMeters><HeartRateBpm><Value>144</Value></HeartRateBpm><Cadence>22</Cadence><Extensions><ext:TPX><ext:Watts>56.15151515151515</ext:Watts><ext:Torque>20</ext:Torque></ext:TPX></Extensions></Trackpoint><Trackpoint><Time>2025-11-04T11:48:58.200Z</Time><DistanceMeters>9914.003852078631</DistanceMeters><HeartRateBpm><Value>144</Value></HeartRateBpm><Cadence>22</Cadence><Extensions><ext:TPX><ext:Watts>54.21212121212121</ext:Watts><ext:Torque>20</ext:Torque></ext:TPX></Extensions></Trackpoint><Trackpoint><Time>2025-11-04T11:48:59.520Z</Time><DistanceMeters>9919.141192180294</DistanceMeters><HeartRateBpm><Value>144</Value></HeartRateBpm><Cadence>22</Cadence><Extensions><ext:TPX><ext:Watts>56.696969696969695</ext:Watts><ext:Torque>20</ext:Torque></ext:TPX></Extensions></Trackpoint><Trackpoint><Time>2025-11-04T11:49:00.840Z</Time><DistanceMeters>9924.256566103008</DistanceMeters><HeartRateBpm><Value>144</Value></HeartRateBpm><Cadence>22</Cadence><Extensions><ext:TPX><ext:Watts>56.45454545454545</ext:Watts><ext:Torque>20</ext:Torque></ext:TPX></Extensions></Trackpoint><Trackpoint><Time>2025-11-04T11:49:02.200Z</Time><DistanceMeters>9929.195322256011</DistanceMeters><HeartRateBpm><Value>144</Value></HeartRateBpm><Cadence>22</Cadence><Extensions><ext:TPX><ext:Watts>53.294117647058826</ext:Watts><ext:Torque>20</ext:Torque></ext:TPX></Extensions></Trackpoint><Trackpoint><Time>2025-11-04T11:49:03.520Z</Time><DistanceMeters>9934.22008569056</DistanceMeters><HeartRateBpm><Value>144</Value></HeartRateBpm><Cadence>22</Cadence><Extensions><ext:TPX><ext:Watts>55.45454545454545</ext:Watts><ext:Torque>20</ext:Torque></ext:TPX></Extensions></Trackpoint><Trackpoint><Time>2025-11-04T11:49:04.840Z</Time><DistanceMeters>9939.346442702748</DistanceMeters><HeartRateBpm><Value>144</Value></HeartRateBpm><Cadence>22</Cadence><Extensions><ext:TPX><ext:Watts>56.57575757575758</ext:Watts><ext:Torque>20</ext:Torque></ext:TPX></Extensions></Trackpoint><Trackpoint><Time>2025-11-04T11:49:06.120Z</Time><DistanceMeters>9944.351105769094</DistanceMeters><HeartRateBpm><Value>144</Value></HeartRateBpm><Cadence>24</Cadence><Extensions><ext:TPX><ext:Watts>57.6875</ext:Watts><ext:Torque>20</ext:Torque></ext:TPX></Extensions></Trackpoint><Trackpoint><Time>2025-11-04T11:49:07.480Z</Time><DistanceMeters>9949.281685173499</DistanceMeters><HeartRateBpm><Value>144</Value></HeartRateBpm><Cadence>22</Cadence><Extensions><ext:TPX><ext:Watts>53.205882352941174</ext:Watts><ext:Torque>20</ext:Torque></ext:TPX></Extensions></Trackpoint><Trackpoint><Time>2025-11-04T11:49:08.800Z</Time><DistanceMeters>9954.331160559366</DistanceMeters><HeartRateBpm><Value>144</Value></HeartRateBpm><Cadence>22</Cadence><Extensions><ext:TPX><ext:Watts>55.72727272727273</ext:Watts><ext:Torque>20</ext:Torque></ext:TPX></Extensions></Trackpoint><Trackpoint><Time>2025-11-04T11:49:10.160Z</Time><DistanceMeters>9959.365312112675</DistanceMeters><HeartRateBpm><Value>144</Value></HeartRateBpm><Cadence>22</Cadence><Extensions><ext:TPX><ext:Watts>54.3235294117647</ext:Watts><ext:Torque>20</ext:Torque></ext:TPX></Extensions></Trackpoint><Trackpoint><Time>2025-11-04T11:49:11.520Z</Time><DistanceMeters>9964.339500842936</DistanceMeters><HeartRateBpm><Value>144</Value></HeartRateBpm><Cadence>22</Cadence><Extensions><ext:TPX><ext:Watts>53.6764705882353</ext:Watts><ext:Torque>20</ext:Torque></ext:TPX></Extensions></Trackpoint><Trackpoint><Time>2025-11-04T11:49:12.845Z</Time><DistanceMeters>9969.399959318278</DistanceMeters><HeartRateBpm><Value>144</Value></HeartRateBpm><Cadence>22</Cadence><Extensions><ext:TPX><ext:Watts>55.84848484848485</ext:Watts><ext:Torque>20</ext:Torque></ext:TPX></Extensions></Trackpoint><Trackpoint><Time>2025-11-04T11:49:14.170Z</Time><DistanceMeters>9974.317637630451</DistanceMeters><HeartRateBpm><Value>144</Value></HeartRateBpm><Cadence>22</Cadence><Extensions><ext:TPX><ext:Watts>54.27272727272727</ext:Watts><ext:Torque>20</ext:Torque></ext:TPX></Extensions></Trackpoint><Trackpoint><Time>2025-11-04T11:49:15.490Z</Time><DistanceMeters>9979.364367243948</DistanceMeters><HeartRateBpm><Value>145</Value></HeartRateBpm><Cadence>22</Cadence><Extensions><ext:TPX><ext:Watts>55.696969696969695</ext:Watts><ext:Torque>20</ext:Torque></ext:TPX></Extensions></Trackpoint><Trackpoint><Time>2025-11-04T11:49:16.815Z</Time><DistanceMeters>9984.372656044286</DistanceMeters><HeartRateBpm><Value>145</Value></HeartRateBpm><Cadence>22</Cadence><Extensions><ext:TPX><ext:Watts>55.27272727272727</ext:Watts><ext:Torque>20</ext:Torque></ext:TPX></Extensions></Trackpoint><Trackpoint><Time>2025-11-04T11:49:18.215Z</Time><DistanceMeters>9989.368575185714</DistanceMeters><HeartRateBpm><Value>145</Value></HeartRateBpm><Cadence>22</Cadence><Extensions><ext:TPX><ext:Watts>52.68571428571428</ext:Watts><ext:Torque>20</ext:Torque></ext:TPX></Extensions></Trackpoint><Trackpoint><Time>2025-11-04T11:49:19.535Z</Time><DistanceMeters>9994.36313512421</DistanceMeters><HeartRateBpm><Value>145</Value></HeartRateBpm><Cadence>22</Cadence><Extensions><ext:TPX><ext:Watts>55.121212121212125</ext:Watts><ext:Torque>20</ext:Torque></ext:TPX></Extensions></Trackpoint><Trackpoint><Time>2025-11-04T11:49:20.855Z</Time><DistanceMeters>9999.322000021912</DistanceMeters><HeartRateBpm><Value>145</Value></HeartRateBpm><Cadence>22</Cadence><Extensions><ext:TPX><ext:Watts>54.72727272727273</ext:Watts><ext:Torque>20</ext:Torque></ext:TPX></Extensions></Trackpoint><Trackpoint><Time>2025-11-04T11:49:22.175Z</Time><DistanceMeters>10004.23144101698</DistanceMeters><HeartRateBpm><Value>145</Value></HeartRateBpm><Cadence>22</Cadence><Extensions><ext:TPX><ext:Watts>54.18181818181818</ext:Watts><ext:Torque>20</ext:Torque></ext:TPX></Extensions></Trackpoint><Trackpoint><Time>2025-11-04T11:49:23.495Z</Time><DistanceMeters>10009.173831280472</DistanceMeters><HeartRateBpm><Value>145</Value></HeartRateBpm><Cadence>22</Cadence><Extensions><ext:TPX><ext:Watts>54.54545454545455</ext:Watts><ext:Torque>20</ext:Torque></ext:TPX></Extensions></Trackpoint><Trackpoint><Time>2025-11-04T11:49:24.815Z</Time><DistanceMeters>10013.96245829132</DistanceMeters><HeartRateBpm><Value>145</Value></HeartRateBpm><Cadence>22</Cadence><Extensions><ext:TPX><ext:Watts>52.84848484848485</ext:Watts><ext:Torque>20</ext:Torque></ext:TPX></Extensions></Trackpoint><Trackpoint><Time>2025-11-04T11:49:26.135Z</Time><DistanceMeters>10019.022916766662</DistanceMeters><HeartRateBpm><Value>145</Value></HeartRateBpm><Cadence>22</Cadence><Extensions><ext:TPX><ext:Watts>55.84848484848485</ext:Watts><ext:Torque>20</ext:Torque></ext:TPX></Extensions></Trackpoint><Trackpoint><Time>2025-11-04T11:49:27.455Z</Time><DistanceMeters>10023.981781664364</DistanceMeters><HeartRateBpm><Value>145</Value></HeartRateBpm><Cadence>22</Cadence><Extensions><ext:TPX><ext:Watts>54.72727272727273</ext:Watts><ext:Torque>20</ext:Torque></ext:TPX></Extensions></Trackpoint><Trackpoint><Time>2025-11-04T11:49:28.775Z</Time><DistanceMeters>10028.83905298443</DistanceMeters><HeartRateBpm><Value>144</Value></HeartRateBpm><Cadence>22</Cadence><Extensions><ext:TPX><ext:Watts>53.60606060606061</ext:Watts><ext:Torque>20</ext:Torque></ext:TPX></Extensions></Trackpoint><Trackpoint><Time>2025-11-04T11:49:30.135Z</Time><DistanceMeters>10033.884106869202</DistanceMeters><HeartRateBpm><Value>144</Value></HeartRateBpm><Cadence>22</Cadence><Extensions><ext:TPX><ext:Watts>54.44117647058823</ext:Watts><ext:Torque>20</ext:Torque></ext:TPX></Extensions></Trackpoint><Trackpoint><Time>2025-11-04T11:49:31.495Z</Time><DistanceMeters>10038.972770079828</DistanceMeters><HeartRateBpm><Value>144</Value></HeartRateBpm><Cadence>22</Cadence><Extensions><ext:TPX><ext:Watts>54.911764705882355</ext:Watts><ext:Torque>20</ext:Torque></ext:TPX></Extensions></Trackpoint><Trackpoint><Time>2025-11-04T11:49:32.895Z</Time><DistanceMeters>10044.055386299633</DistanceMeters><HeartRateBpm><Value>144</Value></HeartRateBpm><Cadence>22</Cadence><Extensions><ext:TPX><ext:Watts>53.6</ext:Watts><ext:Torque>20</ext:Torque></ext:TPX></Extensions></Trackpoint><Trackpoint><Time>2025-11-04T11:49:34.255Z</Time><DistanceMeters>10049.154951841725</DistanceMeters><HeartRateBpm><Value>144</Value></HeartRateBpm><Cadence>22</Cadence><Extensions><ext:TPX><ext:Watts>55.029411764705884</ext:Watts><ext:Torque>20</ext:Torque></ext:TPX></Extensions></Trackpoint><Trackpoint><Time>2025-11-04T11:49:35.615Z</Time><DistanceMeters>10054.292675543938</DistanceMeters><HeartRateBpm><Value>144</Value></HeartRateBpm><Cadence>22</Cadence><Extensions><ext:TPX><ext:Watts>55.44117647058823</ext:Watts><ext:Torque>20</ext:Torque></ext:TPX></Extensions></Trackpoint><Trackpoint><Time>2025-11-04T11:49:36.975Z</Time><DistanceMeters>10059.130585130904</DistanceMeters><HeartRateBpm><Value>144</Value></HeartRateBpm><Cadence>22</Cadence><Extensions><ext:TPX><ext:Watts>52.205882352941174</ext:Watts><ext:Torque>20</ext:Torque></ext:TPX></Extensions></Trackpoint><Trackpoint><Time>2025-11-04T11:49:38.375Z</Time><DistanceMeters>10064.104830002738</DistanceMeters><HeartRateBpm><Value>144</Value></HeartRateBpm><Cadence>22</Cadence><Extensions><ext:TPX><ext:Watts>52.457142857142856</ext:Watts><ext:Torque>20</ext:Torque></ext:TPX></Extensions></Trackpoint><Trackpoint><Time>2025-11-04T11:49:39.736Z</Time><DistanceMeters>10069.133530390316</DistanceMeters><HeartRateBpm><Value>144</Value></HeartRateBpm><Cadence>22</Cadence><Extensions><ext:TPX><ext:Watts>54.26470588235294</ext:Watts><ext:Torque>20</ext:Torque></ext:TPX></Extensions></Trackpoint><Trackpoint><Time>2025-11-04T11:49:41.095Z</Time><DistanceMeters>10073.936007400025</DistanceMeters><HeartRateBpm><Value>144</Value></HeartRateBpm><Cadence>22</Cadence><Extensions><ext:TPX><ext:Watts>51.8235294117647</ext:Watts><ext:Torque>20</ext:Torque></ext:TPX></Extensions></Trackpoint><Trackpoint><Time>2025-11-04T11:49:42.460Z</Time><DistanceMeters>10078.719405329672</DistanceMeters><HeartRateBpm><Value>144</Value></HeartRateBpm><Cadence>22</Cadence><Extensions><ext:TPX><ext:Watts>51.61764705882353</ext:Watts><ext:Torque>20</ext:Torque></ext:TPX></Extensions></Trackpoint><Trackpoint><Time>2025-11-04T11:49:43.861Z</Time><DistanceMeters>10083.522965328453</DistanceMeters><HeartRateBpm><Value>144</Value></HeartRateBpm><Cadence>22</Cadence><Extensions><ext:TPX><ext:Watts>50.65714285714286</ext:Watts><ext:Torque>20</ext:Torque></ext:TPX></Extensions></Trackpoint><Trackpoint><Time>2025-11-04T11:49:45.220Z</Time><DistanceMeters>10088.598000624752</DistanceMeters><HeartRateBpm><Value>144</Value></HeartRateBpm><Cadence>22</Cadence><Extensions><ext:TPX><ext:Watts>54.76470588235294</ext:Watts><ext:Torque>20</ext:Torque></ext:TPX></Extensions></Trackpoint><Trackpoint><Time>2025-11-04T11:49:46.580Z</Time><DistanceMeters>10093.32688689708</DistanceMeters><HeartRateBpm><Value>144</Value></HeartRateBpm><Cadence>22</Cadence><Extensions><ext:TPX><ext:Watts>51.029411764705884</ext:Watts><ext:Torque>20</ext:Torque></ext:TPX></Extensions></Trackpoint><Trackpoint><Time>2025-11-04T11:49:47.980Z</Time><DistanceMeters>10098.10064477517</DistanceMeters><HeartRateBpm><Value>144</Value></HeartRateBpm><Cadence>22</Cadence><Extensions><ext:TPX><ext:Watts>50.34285714285714</ext:Watts><ext:Torque>20</ext:Torque></ext:TPX></Extensions></Trackpoint><Trackpoint><Time>2025-11-04T11:49:49.380Z</Time><DistanceMeters>10102.966518299034</DistanceMeters><HeartRateBpm><Value>143</Value></HeartRateBpm><Cadence>22</Cadence><Extensions><ext:TPX><ext:Watts>51.31428571428572</ext:Watts><ext:Torque>20</ext:Torque></ext:TPX></Extensions></Trackpoint><Trackpoint><Time>2025-11-04T11:49:50.660Z</Time><DistanceMeters>10107.846471451483</DistanceMeters><HeartRateBpm><Value>143</Value></HeartRateBpm><Cadence>24</Cadence><Extensions><ext:TPX><ext:Watts>56.25</ext:Watts><ext:Torque>20</ext:Torque></ext:TPX></Extensions></Trackpoint><Trackpoint><Time>2025-11-04T11:49:52.060Z</Time><DistanceMeters>10112.934506238686</DistanceMeters><HeartRateBpm><Value>143</Value></HeartRateBpm><Cadence>22</Cadence><Extensions><ext:TPX><ext:Watts>53.65714285714286</ext:Watts><ext:Torque>20</ext:Torque></ext:TPX></Extensions></Trackpoint><Trackpoint><Time>2025-11-04T11:49:53.380Z</Time><DistanceMeters>10117.907099998232</DistanceMeters><HeartRateBpm><Value>143</Value></HeartRateBpm><Cadence>22</Cadence><Extensions><ext:TPX><ext:Watts>54.878787878787875</ext:Watts><ext:Torque>20</ext:Torque></ext:TPX></Extensions></Trackpoint><Trackpoint><Time>2025-11-04T11:49:54.740Z</Time><DistanceMeters>10123.145670266484</DistanceMeters><HeartRateBpm><Value>143</Value></HeartRateBpm><Cadence>22</Cadence><Extensions><ext:TPX><ext:Watts>56.529411764705884</ext:Watts><ext:Torque>20</ext:Torque></ext:TPX></Extensions></Trackpoint><Trackpoint><Time>2025-11-04T11:49:56.060Z</Time><DistanceMeters>10128.269281506304</DistanceMeters><HeartRateBpm><Value>142</Value></HeartRateBpm><Cadence>22</Cadence><Extensions><ext:TPX><ext:Watts>56.54545454545455</ext:Watts><ext:Torque>20</ext:Torque></ext:TPX></Extensions></Trackpoint><Trackpoint><Time>2025-11-04T11:49:57.381Z</Time><DistanceMeters>10133.401130063228</DistanceMeters><HeartRateBpm><Value>142</Value></HeartRateBpm><Cadence>22</Cadence><Extensions><ext:TPX><ext:Watts>56.63636363636363</ext:Watts><ext:Torque>20</ext:Torque></ext:TPX></Extensions></Trackpoint><Trackpoint><Time>2025-11-04T11:49:58.710Z</Time><DistanceMeters>10138.453351221464</DistanceMeters><HeartRateBpm><Value>142</Value></HeartRateBpm><Cadence>22</Cadence><Extensions><ext:TPX><ext:Watts>55.75757575757576</ext:Watts><ext:Torque>20</ext:Torque></ext:TPX></Extensions></Trackpoint><Trackpoint><Time>2025-11-04T11:50:00.070Z</Time><DistanceMeters>10143.770963392826</DistanceMeters><HeartRateBpm><Value>142</Value></HeartRateBpm><Cadence>22</Cadence><Extensions><ext:TPX><ext:Watts>57.38235294117647</ext:Watts><ext:Torque>20</ext:Torque></ext:TPX></Extensions></Trackpoint><Trackpoint><Time>2025-11-04T11:50:01.436Z</Time><DistanceMeters>10149.077673232725</DistanceMeters><HeartRateBpm><Value>142</Value></HeartRateBpm><Cadence>22</Cadence><Extensions><ext:TPX><ext:Watts>57.26470588235294</ext:Watts><ext:Torque>20</ext:Torque></ext:TPX></Extensions></Trackpoint><Trackpoint><Time>2025-11-04T11:50:02.761Z</Time><DistanceMeters>10154.409963172558</DistanceMeters><HeartRateBpm><Value>142</Value></HeartRateBpm><Cadence>22</Cadence><Extensions><ext:TPX><ext:Watts>58.84848484848485</ext:Watts><ext:Torque>20</ext:Torque></ext:TPX></Extensions></Trackpoint><Trackpoint><Time>2025-11-04T11:50:04.120Z</Time><DistanceMeters>10159.81479399563</DistanceMeters><HeartRateBpm><Value>142</Value></HeartRateBpm><Cadence>22</Cadence><Extensions><ext:TPX><ext:Watts>58.3235294117647</ext:Watts><ext:Torque>20</ext:Torque></ext:TPX></Extensions></Trackpoint><Trackpoint><Time>2025-11-04T11:50:05.521Z</Time><DistanceMeters>10165.219814975646</DistanceMeters><HeartRateBpm><Value>142</Value></HeartRateBpm><Cadence>22</Cadence><Extensions><ext:TPX><ext:Watts>57.0</ext:Watts><ext:Torque>20</ext:Torque></ext:TPX></Extensions></Trackpoint><Trackpoint><Time>2025-11-04T11:50:06.881Z</Time><DistanceMeters>10170.638273713046</DistanceMeters><HeartRateBpm><Value>142</Value></HeartRateBpm><Cadence>22</Cadence><Extensions><ext:TPX><ext:Watts>58.470588235294116</ext:Watts><ext:Torque>20</ext:Torque></ext:TPX></Extensions></Trackpoint><Trackpoint><Time>2025-11-04T11:50:08.285Z</Time><DistanceMeters>10175.994527586476</DistanceMeters><HeartRateBpm><Value>142</Value></HeartRateBpm><Cadence>22</Cadence><Extensions><ext:TPX><ext:Watts>56.48571428571429</ext:Watts><ext:Torque>20</ext:Torque></ext:TPX></Extensions></Trackpoint><Trackpoint><Time>2025-11-04T11:50:09.646Z</Time><DistanceMeters>10181.29851184351</DistanceMeters><HeartRateBpm><Value>142</Value></HeartRateBpm><Cadence>22</Cadence><Extensions><ext:TPX><ext:Watts>57.23529411764706</ext:Watts><ext:Torque>20</ext:Torque></ext:TPX></Extensions></Trackpoint><Trackpoint><Time>2025-11-04T11:50:11.011Z</Time><DistanceMeters>10186.588868186214</DistanceMeters><HeartRateBpm><Value>142</Value></HeartRateBpm><Cadence>22</Cadence><Extensions><ext:TPX><ext:Watts>57.088235294117645</ext:Watts><ext:Torque>20</ext:Torque></ext:TPX></Extensions></Trackpoint><Trackpoint><Time>2025-11-04T11:50:12.371Z</Time><DistanceMeters>10191.688433728306</DistanceMeters><HeartRateBpm><Value>142</Value></HeartRateBpm><Cadence>22</Cadence><Extensions><ext:TPX><ext:Watts>55.029411764705884</ext:Watts><ext:Torque>20</ext:Torque></ext:TPX></Extensions></Trackpoint><Trackpoint><Time>2025-11-04T11:50:13.736Z</Time><DistanceMeters>10197.011497065401</DistanceMeters><HeartRateBpm><Value>142</Value></HeartRateBpm><Cadence>22</Cadence><Extensions><ext:TPX><ext:Watts>57.44117647058823</ext:Watts><ext:Torque>20</ext:Torque></ext:TPX></Extensions></Trackpoint><Trackpoint><Time>2025-11-04T11:50:15.136Z</Time><DistanceMeters>10201.996579072033</DistanceMeters><HeartRateBpm><Value>142</Value></HeartRateBpm><Cadence>22</Cadence><Extensions><ext:TPX><ext:Watts>52.57142857142857</ext:Watts><ext:Torque>20</ext:Torque></ext:TPX></Extensions></Trackpoint><Trackpoint><Time>2025-11-04T11:50:16.501Z</Time><DistanceMeters>10207.150656271442</DistanceMeters><HeartRateBpm><Value>142</Value></HeartRateBpm><Cadence>22</Cadence><Extensions><ext:TPX><ext:Watts>55.61764705882353</ext:Watts><ext:Torque>20</ext:Torque></ext:TPX></Extensions></Trackpoint><Trackpoint><Time>2025-11-04T11:50:17.901Z</Time><DistanceMeters>10212.414794499096</DistanceMeters><HeartRateBpm><Value>142</Value></HeartRateBpm><Cadence>22</Cadence><Extensions><ext:TPX><ext:Watts>55.51428571428571</ext:Watts><ext:Torque>20</ext:Torque></ext:TPX></Extensions></Trackpoint><Trackpoint><Time>2025-11-04T11:50:19.301Z</Time><DistanceMeters>10217.616619201668</DistanceMeters><HeartRateBpm><Value>142</Value></HeartRateBpm><Cadence>22</Cadence><Extensions><ext:TPX><ext:Watts>54.857142857142854</ext:Watts><ext:Torque>20</ext:Torque></ext:TPX></Extensions></Trackpoint><Trackpoint><Time>2025-11-04T11:50:20.701Z</Time><DistanceMeters>10222.972873075098</DistanceMeters><HeartRateBpm><Value>142</Value></HeartRateBpm><Cadence>22</Cadence><Extensions><ext:TPX><ext:Watts>56.48571428571429</ext:Watts><ext:Torque>20</ext:Torque></ext:TPX></Extensions></Trackpoint><Trackpoint><Time>2025-11-04T11:50:22.066Z</Time><DistanceMeters>10228.246875920606</DistanceMeters><HeartRateBpm><Value>142</Value></HeartRateBpm><Cadence>22</Cadence><Extensions><ext:TPX><ext:Watts>56.911764705882355</ext:Watts><ext:Torque>20</ext:Torque></ext:TPX></Extensions></Trackpoint><Trackpoint><Time>2025-11-04T11:50:23.506Z</Time><DistanceMeters>10233.462372471475</DistanceMeters><HeartRateBpm><Value>142</Value></HeartRateBpm><Cadence>21</Cadence><Extensions><ext:TPX><ext:Watts>53.72222222222222</ext:Watts><ext:Torque>20</ext:Torque></ext:TPX></Extensions></Trackpoint><Trackpoint><Time>2025-11-04T11:50:24.906Z</Time><DistanceMeters>10238.769859238317</DistanceMeters><HeartRateBpm><Value>142</Value></HeartRateBpm><Cadence>22</Cadence><Extensions><ext:TPX><ext:Watts>55.97142857142857</ext:Watts><ext:Torque>20</ext:Torque></ext:TPX></Extensions></Trackpoint><Trackpoint><Time>2025-11-04T11:50:26.306Z</Time><DistanceMeters>10244.00148606158</DistanceMeters><HeartRateBpm><Value>142</Value></HeartRateBpm><Cadence>22</Cadence><Extensions><ext:TPX><ext:Watts>55.17142857142857</ext:Watts><ext:Torque>20</ext:Torque></ext:TPX></Extensions></Trackpoint><Trackpoint><Time>2025-11-04T11:50:27.666Z</Time><DistanceMeters>10249.242781912697</DistanceMeters><HeartRateBpm><Value>142</Value></HeartRateBpm><Cadence>22</Cadence><Extensions><ext:TPX><ext:Watts>56.55882352941177</ext:Watts><ext:Torque>20</ext:Torque></ext:TPX></Extensions></Trackpoint><Trackpoint><Time>2025-11-04T11:50:29.106Z</Time><DistanceMeters>10254.393556686306</DistanceMeters><HeartRateBpm><Value>142</Value></HeartRateBpm><Cadence>21</Cadence><Extensions><ext:TPX><ext:Watts>53.05555555555556</ext:Watts><ext:Torque>20</ext:Torque></ext:TPX></Extensions></Trackpoint><Trackpoint><Time>2025-11-04T11:50:30.506Z</Time><DistanceMeters>10259.608927807374</DistanceMeters><HeartRateBpm><Value>142</Value></HeartRateBpm><Cadence>22</Cadence><Extensions><ext:TPX><ext:Watts>55.0</ext:Watts><ext:Torque>20</ext:Torque></ext:TPX></Extensions></Trackpoint><Trackpoint><Time>2025-11-04T11:50:31.911Z</Time><DistanceMeters>10264.76469468706</DistanceMeters><HeartRateBpm><Value>142</Value></HeartRateBpm><Cadence>22</Cadence><Extensions><ext:TPX><ext:Watts>54.371428571428574</ext:Watts><ext:Torque>20</ext:Torque></ext:TPX></Extensions></Trackpoint><Trackpoint><Time>2025-11-04T11:50:33.311Z</Time><DistanceMeters>10269.942135836338</DistanceMeters><HeartRateBpm><Value>142</Value></HeartRateBpm><Cadence>22</Cadence><Extensions><ext:TPX><ext:Watts>54.6</ext:Watts><ext:Torque>20</ext:Torque></ext:TPX></Extensions></Trackpoint><Trackpoint><Time>2025-11-04T11:50:34.711Z</Time><DistanceMeters>10274.92450855927</DistanceMeters><HeartRateBpm><Value>142</Value></HeartRateBpm><Cadence>22</Cadence><Extensions><ext:TPX><ext:Watts>52.542857142857144</ext:Watts><ext:Torque>20</ext:Torque></ext:TPX></Extensions></Trackpoint><Trackpoint><Time>2025-11-04T11:50:36.111Z</Time><DistanceMeters>10280.06131045306</DistanceMeters><HeartRateBpm><Value>142</Value></HeartRateBpm><Cadence>22</Cadence><Extensions><ext:TPX><ext:Watts>54.17142857142857</ext:Watts><ext:Torque>20</ext:Torque></ext:TPX></Extensions></Trackpoint><Trackpoint><Time>2025-11-04T11:50:37.511Z</Time><DistanceMeters>10285.44736644718</DistanceMeters><HeartRateBpm><Value>142</Value></HeartRateBpm><Cadence>22</Cadence><Extensions><ext:TPX><ext:Watts>56.8</ext:Watts><ext:Torque>20</ext:Torque></ext:TPX></Extensions></Trackpoint><Trackpoint><Time>2025-11-04T11:50:38.911Z</Time><DistanceMeters>10290.735888228128</DistanceMeters><HeartRateBpm><Value>142</Value></HeartRateBpm><Cadence>22</Cadence><Extensions><ext:TPX><ext:Watts>55.77142857142857</ext:Watts><ext:Torque>20</ext:Torque></ext:TPX></Extensions></Trackpoint><Trackpoint><Time>2025-11-04T11:50:40.351Z</Time><DistanceMeters>10295.870482557422</DistanceMeters><HeartRateBpm><Value>141</Value></HeartRateBpm><Cadence>21</Cadence><Extensions><ext:TPX><ext:Watts>52.888888888888886</ext:Watts><ext:Torque>20</ext:Torque></ext:TPX></Extensions></Trackpoint><Trackpoint><Time>2025-11-04T11:50:41.756Z</Time><DistanceMeters>10300.961226628324</DistanceMeters><HeartRateBpm><Value>142</Value></HeartRateBpm><Cadence>22</Cadence><Extensions><ext:TPX><ext:Watts>53.68571428571428</ext:Watts><ext:Torque>20</ext:Torque></ext:TPX></Extensions></Trackpoint><Trackpoint><Time>2025-11-04T11:50:43.156Z</Time><DistanceMeters>10305.946308634955</DistanceMeters><HeartRateBpm><Value>142</Value></HeartRateBpm><Cadence>22</Cadence><Extensions><ext:TPX><ext:Watts>52.57142857142857</ext:Watts><ext:Torque>20</ext:Torque></ext:TPX></Extensions></Trackpoint><Trackpoint><Time>2025-11-04T11:50:44.596Z</Time><DistanceMeters>10310.986517039079</DistanceMeters><HeartRateBpm><Value>142</Value></HeartRateBpm><Cadence>21</Cadence><Extensions><ext:TPX><ext:Watts>51.916666666666664</ext:Watts><ext:Torque>20</ext:Torque></ext:TPX></Extensions></Trackpoint><Trackpoint><Time>2025-11-04T11:50:46.048Z</Time><DistanceMeters>10316.282258069883</DistanceMeters><HeartRateBpm><Value>142</Value></HeartRateBpm><Cadence>20</Cadence><Extensions><ext:TPX><ext:Watts>53.25</ext:Watts><ext:Torque>20</ext:Torque></ext:TPX></Extensions></Trackpoint><Trackpoint><Time>2025-11-04T11:50:47.451Z</Time><DistanceMeters>10321.267340076514</DistanceMeters><HeartRateBpm><Value>142</Value></HeartRateBpm><Cadence>22</Cadence><Extensions><ext:TPX><ext:Watts>52.57142857142857</ext:Watts><ext:Torque>20</ext:Torque></ext:TPX></Extensions></Trackpoint><Trackpoint><Time>2025-11-04T11:50:48.852Z</Time><DistanceMeters>10326.27138706904</DistanceMeters><HeartRateBpm><Value>142</Value></HeartRateBpm><Cadence>22</Cadence><Extensions><ext:TPX><ext:Watts>52.77142857142857</ext:Watts><ext:Torque>20</ext:Torque></ext:TPX></Extensions></Trackpoint><Trackpoint><Time>2025-11-04T11:50:50.331Z</Time><DistanceMeters>10331.131024061146</DistanceMeters><HeartRateBpm><Value>142</Value></HeartRateBpm><Cadence>20</Cadence><Extensions><ext:TPX><ext:Watts>48.86486486486486</ext:Watts><ext:Torque>20</ext:Torque></ext:TPX></Extensions></Trackpoint><Trackpoint><Time>2025-11-04T11:50:51.731Z</Time><DistanceMeters>10336.086303947084</DistanceMeters><HeartRateBpm><Value>142</Value></HeartRateBpm><Cadence>22</Cadence><Extensions><ext:TPX><ext:Watts>52.25714285714286</ext:Watts><ext:Torque>20</ext:Torque></ext:TPX></Extensions></Trackpoint><Trackpoint><Time>2025-11-04T11:50:53.171Z</Time><DistanceMeters>10341.107635166172</DistanceMeters><HeartRateBpm><Value>142</Value></HeartRateBpm><Cadence>21</Cadence><Extensions><ext:TPX><ext:Watts>51.72222222222222</ext:Watts><ext:Torque>20</ext:Torque></ext:TPX></Extensions></Trackpoint><Trackpoint><Time>2025-11-04T11:50:54.576Z</Time><DistanceMeters>10346.217344222969</DistanceMeters><HeartRateBpm><Value>142</Value></HeartRateBpm><Cadence>22</Cadence><Extensions><ext:TPX><ext:Watts>53.885714285714286</ext:Watts><ext:Torque>20</ext:Torque></ext:TPX></Extensions></Trackpoint><Trackpoint><Time>2025-11-04T11:50:55.976Z</Time><DistanceMeters>10351.199716945901</DistanceMeters><HeartRateBpm><Value>142</Value></HeartRateBpm><Cadence>22</Cadence><Extensions><ext:TPX><ext:Watts>52.542857142857144</ext:Watts><ext:Torque>20</ext:Torque></ext:TPX></Extensions></Trackpoint><Trackpoint><Time>2025-11-04T11:50:57.416Z</Time><DistanceMeters>10356.18599053564</DistanceMeters><HeartRateBpm><Value>142</Value></HeartRateBpm><Cadence>21</Cadence><Extensions><ext:TPX><ext:Watts>51.361111111111114</ext:Watts><ext:Torque>20</ext:Torque></ext:TPX></Extensions></Trackpoint><Trackpoint><Time>2025-11-04T11:50:58.821Z</Time><DistanceMeters>10361.17107254227</DistanceMeters><HeartRateBpm><Value>142</Value></HeartRateBpm><Cadence>22</Cadence><Extensions><ext:TPX><ext:Watts>52.57142857142857</ext:Watts><ext:Torque>20</ext:Torque></ext:TPX></Extensions></Trackpoint><Trackpoint><Time>2025-11-04T11:51:00.222Z</Time><DistanceMeters>10366.112806009714</DistanceMeters><HeartRateBpm><Value>141</Value></HeartRateBpm><Cadence>22</Cadence><Extensions><ext:TPX><ext:Watts>52.114285714285714</ext:Watts><ext:Torque>20</ext:Torque></ext:TPX></Extensions></Trackpoint><Trackpoint><Time>2025-11-04T11:51:01.661Z</Time><DistanceMeters>10371.325605819864</DistanceMeters><HeartRateBpm><Value>141</Value></HeartRateBpm><Cadence>21</Cadence><Extensions><ext:TPX><ext:Watts>53.69444444444444</ext:Watts><ext:Torque>20</ext:Torque></ext:TPX></Extensions></Trackpoint><Trackpoint><Time>2025-11-04T11:51:03.066Z</Time><DistanceMeters>10376.559941926827</DistanceMeters><HeartRateBpm><Value>141</Value></HeartRateBpm><Cadence>22</Cadence><Extensions><ext:TPX><ext:Watts>55.2</ext:Watts><ext:Torque>20</ext:Torque></ext:TPX></Extensions></Trackpoint><Trackpoint><Time>2025-11-04T11:51:04.466Z</Time><DistanceMeters>10381.710290239113</DistanceMeters><HeartRateBpm><Value>141</Value></HeartRateBpm><Cadence>22</Cadence><Extensions><ext:TPX><ext:Watts>54.31428571428572</ext:Watts><ext:Torque>20</ext:Torque></ext:TPX></Extensions></Trackpoint><Trackpoint><Time>2025-11-04T11:51:05.866Z</Time><DistanceMeters>10386.643895855457</DistanceMeters><HeartRateBpm><Value>141</Value></HeartRateBpm><Cadence>22</Cadence><Extensions><ext:TPX><ext:Watts>52.02857142857143</ext:Watts><ext:Torque>20</ext:Torque></ext:TPX></Extensions></Trackpoint><Trackpoint><Time>2025-11-04T11:51:07.266Z</Time><DistanceMeters>10391.796953451441</DistanceMeters><HeartRateBpm><Value>140</Value></HeartRateBpm><Cadence>22</Cadence><Extensions><ext:TPX><ext:Watts>54.34285714285714</ext:Watts><ext:Torque>20</ext:Torque></ext:TPX></Extensions></Trackpoint><Trackpoint><Time>2025-11-04T11:51:08.591Z</Time><DistanceMeters>10397.008429407057</DistanceMeters><HeartRateBpm><Value>140</Value></HeartRateBpm><Cadence>22</Cadence><Extensions><ext:TPX><ext:Watts>57.515151515151516</ext:Watts><ext:Torque>20</ext:Torque></ext:TPX></Extensions></Trackpoint><Trackpoint><Time>2025-11-04T11:51:10.031Z</Time><DistanceMeters>10402.412697808268</DistanceMeters><HeartRateBpm><Value>140</Value></HeartRateBpm><Cadence>21</Cadence><Extensions><ext:TPX><ext:Watts>55.666666666666664</ext:Watts><ext:Torque>20</ext:Torque></ext:TPX></Extensions></Trackpoint><Trackpoint><Time>2025-11-04T11:51:11.392Z</Time><DistanceMeters>10407.828430962803</DistanceMeters><HeartRateBpm><Value>140</Value></HeartRateBpm><Cadence>22</Cadence><Extensions><ext:TPX><ext:Watts>58.44117647058823</ext:Watts><ext:Torque>20</ext:Torque></ext:TPX></Extensions></Trackpoint><Trackpoint><Time>2025-11-04T11:51:12.796Z</Time><DistanceMeters>10413.062767069767</DistanceMeters><HeartRateBpm><Value>139</Value></HeartRateBpm><Cadence>22</Cadence><Extensions><ext:TPX><ext:Watts>55.2</ext:Watts><ext:Torque>20</ext:Torque></ext:TPX></Extensions></Trackpoint><Trackpoint><Time>2025-11-04T11:51:14.197Z</Time><DistanceMeters>10418.624926504339</DistanceMeters><HeartRateBpm><Value>139</Value></HeartRateBpm><Cadence>22</Cadence><Extensions><ext:TPX><ext:Watts>58.65714285714286</ext:Watts><ext:Torque>20</ext:Torque></ext:TPX></Extensions></Trackpoint><Trackpoint><Time>2025-11-04T11:51:15.557Z</Time><DistanceMeters>10424.152408556376</DistanceMeters><HeartRateBpm><Value>139</Value></HeartRateBpm><Cadence>22</Cadence><Extensions><ext:TPX><ext:Watts>59.64705882352941</ext:Watts><ext:Torque>20</ext:Torque></ext:TPX></Extensions></Trackpoint><Trackpoint><Time>2025-11-04T11:51:16.957Z</Time><DistanceMeters>10429.763335097536</DistanceMeters><HeartRateBpm><Value>139</Value></HeartRateBpm><Cadence>22</Cadence><Extensions><ext:TPX><ext:Watts>59.17142857142857</ext:Watts><ext:Torque>20</ext:Torque></ext:TPX></Extensions></Trackpoint><Trackpoint><Time>2025-11-04T11:51:18.357Z</Time><DistanceMeters>10435.347168801702</DistanceMeters><HeartRateBpm><Value>139</Value></HeartRateBpm><Cadence>22</Cadence><Extensions><ext:TPX><ext:Watts>58.885714285714286</ext:Watts><ext:Torque>20</ext:Torque></ext:TPX></Extensions></Trackpoint><Trackpoint><Time>2025-11-04T11:51:19.722Z</Time><DistanceMeters>10441.070892820084</DistanceMeters><HeartRateBpm><Value>139</Value></HeartRateBpm><Cadence>22</Cadence><Extensions><ext:TPX><ext:Watts>61.76470588235294</ext:Watts><ext:Torque>20</ext:Torque></ext:TPX></Extensions></Trackpoint><Trackpoint><Time>2025-11-04T11:51:21.122Z</Time><DistanceMeters>10446.931073461574</DistanceMeters><HeartRateBpm><Value>139</Value></HeartRateBpm><Cadence>22</Cadence><Extensions><ext:TPX><ext:Watts>61.8</ext:Watts><ext:Torque>20</ext:Torque></ext:TPX></Extensions></Trackpoint><Trackpoint><Time>2025-11-04T11:51:22.527Z</Time><DistanceMeters>10452.59076710932</DistanceMeters><HeartRateBpm><Value>139</Value></HeartRateBpm><Cadence>22</Cadence><Extensions><ext:TPX><ext:Watts>59.68571428571428</ext:Watts><ext:Torque>20</ext:Torque></ext:TPX></Extensions></Trackpoint><Trackpoint><Time>2025-11-04T11:51:23.927Z</Time><DistanceMeters>10458.242332905967</DistanceMeters><HeartRateBpm><Value>139</Value></HeartRateBpm><Cadence>22</Cadence><Extensions><ext:TPX><ext:Watts>59.6</ext:Watts><ext:Torque>20</ext:Torque></ext:TPX></Extensions></Trackpoint><Trackpoint><Time>2025-11-04T11:51:25.287Z</Time><DistanceMeters>10463.810698700992</DistanceMeters><HeartRateBpm><Value>139</Value></HeartRateBpm><Cadence>22</Cadence><Extensions><ext:TPX><ext:Watts>60.088235294117645</ext:Watts><ext:Torque>20</ext:Torque></ext:TPX></Extensions></Trackpoint><Trackpoint><Time>2025-11-04T11:51:26.687Z</Time><DistanceMeters>10469.6058565337</DistanceMeters><HeartRateBpm><Value>139</Value></HeartRateBpm><Cadence>22</Cadence><Extensions><ext:TPX><ext:Watts>61.114285714285714</ext:Watts><ext:Torque>20</ext:Torque></ext:TPX></Extensions></Trackpoint><Trackpoint><Time>2025-11-04T11:51:28.087Z</Time><DistanceMeters>10475.36308439462</DistanceMeters><HeartRateBpm><Value>140</Value></HeartRateBpm><Cadence>22</Cadence><Extensions><ext:TPX><ext:Watts>60.714285714285715</ext:Watts><ext:Torque>20</ext:Torque></ext:TPX></Extensions></Trackpoint><Trackpoint><Time>2025-11-04T11:51:29.487Z</Time><DistanceMeters>10481.07696371635</DistanceMeters><HeartRateBpm><Value>140</Value></HeartRateBpm><Cadence>22</Cadence><Extensions><ext:TPX><ext:Watts>60.25714285714286</ext:Watts><ext:Torque>20</ext:Torque></ext:TPX></Extensions></Trackpoint><Trackpoint><Time>2025-11-04T11:51:30.852Z</Time><DistanceMeters>10486.727096997352</DistanceMeters><HeartRateBpm><Value>140</Value></HeartRateBpm><Cadence>22</Cadence><Extensions><ext:TPX><ext:Watts>60.970588235294116</ext:Watts><ext:Torque>20</ext:Torque></ext:TPX></Extensions></Trackpoint><Trackpoint><Time>2025-11-04T11:51:32.212Z</Time><DistanceMeters>10492.505332673052</DistanceMeters><HeartRateBpm><Value>140</Value></HeartRateBpm><Cadence>22</Cadence><Extensions><ext:TPX><ext:Watts>62.35294117647059</ext:Watts><ext:Torque>20</ext:Torque></ext:TPX></Extensions></Trackpoint><Trackpoint><Time>2025-11-04T11:51:33.572Z</Time><DistanceMeters>10498.419847492047</DistanceMeters><HeartRateBpm><Value>140</Value></HeartRateBpm><Cadence>22</Cadence><Extensions><ext:TPX><ext:Watts>63.8235294117647</ext:Watts><ext:Torque>20</ext:Torque></ext:TPX></Extensions></Trackpoint><Trackpoint><Time>2025-11-04T11:51:34.897Z</Time><DistanceMeters>10504.169494831907</DistanceMeters><HeartRateBpm><Value>140</Value></HeartRateBpm><Cadence>22</Cadence><Extensions><ext:TPX><ext:Watts>63.45454545454545</ext:Watts><ext:Torque>20</ext:Torque></ext:TPX></Extensions></Trackpoint><Trackpoint><Time>2025-11-04T11:51:36.217Z</Time><DistanceMeters>10509.95758298493</DistanceMeters><HeartRateBpm><Value>141</Value></HeartRateBpm><Cadence>22</Cadence><Extensions><ext:TPX><ext:Watts>63.878787878787875</ext:Watts><ext:Torque>20</ext:Torque></ext:TPX></Extensions></Trackpoint><Trackpoint><Time>2025-11-04T11:51:37.537Z</Time><DistanceMeters>10515.718213414264</DistanceMeters><HeartRateBpm><Value>141</Value></HeartRateBpm><Cadence>22</Cadence><Extensions><ext:TPX><ext:Watts>63.57575757575758</ext:Watts><ext:Torque>20</ext:Torque></ext:TPX></Extensions></Trackpoint><Trackpoint><Time>2025-11-04T11:51:38.857Z</Time><DistanceMeters>10521.432165713333</DistanceMeters><HeartRateBpm><Value>141</Value></HeartRateBpm><Cadence>22</Cadence><Extensions><ext:TPX><ext:Watts>63.06060606060606</ext:Watts><ext:Torque>20</ext:Torque></ext:TPX></Extensions></Trackpoint><Trackpoint><Time>2025-11-04T11:51:40.137Z</Time><DistanceMeters>10526.965490371194</DistanceMeters><HeartRateBpm><Value>141</Value></HeartRateBpm><Cadence>24</Cadence><Extensions><ext:TPX><ext:Watts>63.78125</ext:Watts><ext:Torque>20</ext:Torque></ext:TPX></Extensions></Trackpoint><Trackpoint><Time>2025-11-04T11:51:41.417Z</Time><DistanceMeters>10532.748234856846</DistanceMeters><HeartRateBpm><Value>142</Value></HeartRateBpm><Cadence>24</Cadence><Extensions><ext:TPX><ext:Watts>66.65625</ext:Watts><ext:Torque>20</ext:Torque></ext:TPX></Extensions></Trackpoint><Trackpoint><Time>2025-11-04T11:51:42.697Z</Time><DistanceMeters>10538.636711660802</DistanceMeters><HeartRateBpm><Value>142</Value></HeartRateBpm><Cadence>24</Cadence><Extensions><ext:TPX><ext:Watts>67.875</ext:Watts><ext:Torque>20</ext:Torque></ext:TPX></Extensions></Trackpoint><Trackpoint><Time>2025-11-04T11:51:44.017Z</Time><DistanceMeters>10544.55110534278</DistanceMeters><HeartRateBpm><Value>142</Value></HeartRateBpm><Cadence>22</Cadence><Extensions><ext:TPX><ext:Watts>65.27272727272727</ext:Watts><ext:Torque>20</ext:Torque></ext:TPX></Extensions></Trackpoint><Trackpoint><Time>2025-11-04T11:51:45.297Z</Time><DistanceMeters>10550.32571657318</DistanceMeters><HeartRateBpm><Value>142</Value></HeartRateBpm><Cadence>24</Cadence><Extensions><ext:TPX><ext:Watts>66.5625</ext:Watts><ext:Torque>20</ext:Torque></ext:TPX></Extensions></Trackpoint><Trackpoint><Time>2025-11-04T11:51:46.617Z</Time><DistanceMeters>10556.182449035416</DistanceMeters><HeartRateBpm><Value>142</Value></HeartRateBpm><Cadence>22</Cadence><Extensions><ext:TPX><ext:Watts>64.63636363636364</ext:Watts><ext:Torque>20</ext:Torque></ext:TPX></Extensions></Trackpoint><Trackpoint><Time>2025-11-04T11:51:47.897Z</Time><DistanceMeters>10561.94350484039</DistanceMeters><HeartRateBpm><Value>143</Value></HeartRateBpm><Cadence>24</Cadence><Extensions><ext:TPX><ext:Watts>66.40625</ext:Watts><ext:Torque>20</ext:Torque></ext:TPX></Extensions></Trackpoint><Trackpoint><Time>2025-11-04T11:51:49.217Z</Time><DistanceMeters>10567.71786413157</DistanceMeters><HeartRateBpm><Value>144</Value></HeartRateBpm><Cadence>22</Cadence><Extensions><ext:TPX><ext:Watts>63.72727272727273</ext:Watts><ext:Torque>20</ext:Torque></ext:TPX></Extensions></Trackpoint><Trackpoint><Time>2025-11-04T11:51:50.582Z</Time><DistanceMeters>10573.539709133123</DistanceMeters><HeartRateBpm><Value>144</Value></HeartRateBpm><Cadence>22</Cadence><Extensions><ext:TPX><ext:Watts>62.8235294117647</ext:Watts><ext:Torque>20</ext:Torque></ext:TPX></Extensions></Trackpoint><Trackpoint><Time>2025-11-04T11:51:51.902Z</Time><DistanceMeters>10579.39644159536</DistanceMeters><HeartRateBpm><Value>144</Value></HeartRateBpm><Cadence>22</Cadence><Extensions><ext:TPX><ext:Watts>64.63636363636364</ext:Watts><ext:Torque>20</ext:Torque></ext:TPX></Extensions></Trackpoint><Trackpoint><Time>2025-11-04T11:51:53.262Z</Time><DistanceMeters>10585.477216969173</DistanceMeters><HeartRateBpm><Value>145</Value></HeartRateBpm><Cadence>22</Cadence><Extensions><ext:TPX><ext:Watts>65.61764705882354</ext:Watts><ext:Torque>20</ext:Torque></ext:TPX></Extensions></Trackpoint><Trackpoint><Time>2025-11-04T11:51:54.627Z</Time><DistanceMeters>10591.607052834574</DistanceMeters><HeartRateBpm><Value>145</Value></HeartRateBpm><Cadence>22</Cadence><Extensions><ext:TPX><ext:Watts>66.1470588235294</ext:Watts><ext:Torque>20</ext:Torque></ext:TPX></Extensions></Trackpoint><Trackpoint><Time>2025-11-04T11:51:55.947Z</Time><DistanceMeters>10597.708159037616</DistanceMeters><HeartRateBpm><Value>145</Value></HeartRateBpm><Cadence>22</Cadence><Extensions><ext:TPX><ext:Watts>67.33333333333333</ext:Watts><ext:Torque>20</ext:Torque></ext:TPX></Extensions></Trackpoint><Trackpoint><Time>2025-11-04T11:51:57.307Z</Time><DistanceMeters>10603.70989250832</DistanceMeters><HeartRateBpm><Value>146</Value></HeartRateBpm><Cadence>22</Cadence><Extensions><ext:TPX><ext:Watts>64.76470588235294</ext:Watts><ext:Torque>20</ext:Torque></ext:TPX></Extensions></Trackpoint><Trackpoint><Time>2025-11-04T11:51:58.667Z</Time><DistanceMeters>10609.499030515482</DistanceMeters><HeartRateBpm><Value>146</Value></HeartRateBpm><Cadence>22</Cadence><Extensions><ext:TPX><ext:Watts>62.470588235294116</ext:Watts><ext:Torque>20</ext:Torque></ext:TPX></Extensions></Trackpoint><Trackpoint><Time>2025-11-04T11:52:00.027Z</Time><DistanceMeters>10615.454429077465</DistanceMeters><HeartRateBpm><Value>146</Value></HeartRateBpm><Cadence>22</Cadence><Extensions><ext:TPX><ext:Watts>64.26470588235294</ext:Watts><ext:Torque>20</ext:Torque></ext:TPX></Extensions></Trackpoint><Trackpoint><Time>2025-11-04T11:52:01.387Z</Time><DistanceMeters>10621.254469416092</DistanceMeters><HeartRateBpm><Value>146</Value></HeartRateBpm><Cadence>22</Cadence><Extensions><ext:TPX><ext:Watts>62.588235294117645</ext:Watts><ext:Torque>20</ext:Torque></ext:TPX></Extensions></Trackpoint><Trackpoint><Time>2025-11-04T11:52:02.708Z</Time><DistanceMeters>10627.204558138861</DistanceMeters><HeartRateBpm><Value>147</Value></HeartRateBpm><Cadence>22</Cadence><Extensions><ext:TPX><ext:Watts>65.66666666666667</ext:Watts><ext:Torque>20</ext:Torque></ext:TPX></Extensions></Trackpoint><Trackpoint><Time>2025-11-04T11:52:04.072Z</Time><DistanceMeters>10632.98279381456</DistanceMeters><HeartRateBpm><Value>147</Value></HeartRateBpm><Cadence>22</Cadence><Extensions><ext:TPX><ext:Watts>62.35294117647059</ext:Watts><ext:Torque>20</ext:Torque></ext:TPX></Extensions></Trackpoint><Trackpoint><Time>2025-11-04T11:52:05.432Z</Time><DistanceMeters>10638.801913233248</DistanceMeters><HeartRateBpm><Value>148</Value></HeartRateBpm><Cadence>22</Cadence><Extensions><ext:TPX><ext:Watts>62.794117647058826</ext:Watts><ext:Torque>20</ext:Torque></ext:TPX></Extensions></Trackpoint><Trackpoint><Time>2025-11-04T11:52:06.792Z</Time><DistanceMeters>10644.65101406346</DistanceMeters><HeartRateBpm><Value>148</Value></HeartRateBpm><Cadence>22</Cadence><Extensions><ext:TPX><ext:Watts>63.11764705882353</ext:Watts><ext:Torque>20</ext:Torque></ext:TPX></Extensions></Trackpoint><Trackpoint><Time>2025-11-04T11:52:08.152Z</Time><DistanceMeters>10650.410170659097</DistanceMeters><HeartRateBpm><Value>148</Value></HeartRateBpm><Cadence>22</Cadence><Extensions><ext:TPX><ext:Watts>62.14705882352941</ext:Watts><ext:Torque>20</ext:Torque></ext:TPX></Extensions></Trackpoint><Trackpoint><Time>2025-11-04T11:52:09.553Z</Time><DistanceMeters>10655.991295079564</DistanceMeters><HeartRateBpm><Value>149</Value></HeartRateBpm><Cadence>22</Cadence><Extensions><ext:TPX><ext:Watts>58.857142857142854</ext:Watts><ext:Torque>20</ext:Torque></ext:TPX></Extensions></Trackpoint><Trackpoint><Time>2025-11-04T11:52:10.913Z</Time><DistanceMeters>10661.717744680811</DistanceMeters><HeartRateBpm><Value>149</Value></HeartRateBpm><Cadence>22</Cadence><Extensions><ext:TPX><ext:Watts>61.794117647058826</ext:Watts><ext:Torque>20</ext:Torque></ext:TPX></Extensions></Trackpoint><Trackpoint><Time>2025-11-04T11:52:12.272Z</Time><DistanceMeters>10667.605003671146</DistanceMeters><HeartRateBpm><Value>149</Value></HeartRateBpm><Cadence>22</Cadence><Extensions><ext:TPX><ext:Watts>63.529411764705884</ext:Watts><ext:Torque>20</ext:Torque></ext:TPX></Extensions></Trackpoint><Trackpoint><Time>2025-11-04T11:52:13.632Z</Time><DistanceMeters>10673.511341741541</DistanceMeters><HeartRateBpm><Value>149</Value></HeartRateBpm><Cadence>22</Cadence><Extensions><ext:TPX><ext:Watts>63.73529411764706</ext:Watts><ext:Torque>20</ext:Torque></ext:TPX></Extensions></Trackpoint><Trackpoint><Time>2025-11-04T11:52:14.953Z</Time><DistanceMeters>10679.258243309034</DistanceMeters><HeartRateBpm><Value>149</Value></HeartRateBpm><Cadence>22</Cadence><Extensions><ext:TPX><ext:Watts>63.42424242424242</ext:Watts><ext:Torque>20</ext:Torque></ext:TPX></Extensions></Trackpoint><Trackpoint><Time>2025-11-04T11:52:16.272Z</Time><DistanceMeters>10685.147925039693</DistanceMeters><HeartRateBpm><Value>150</Value></HeartRateBpm><Cadence>22</Cadence><Extensions><ext:TPX><ext:Watts>65.0</ext:Watts><ext:Torque>20</ext:Torque></ext:TPX></Extensions></Trackpoint><Trackpoint><Time>2025-11-04T11:52:17.592Z</Time><DistanceMeters>10691.040352542723</DistanceMeters><HeartRateBpm><Value>150</Value></HeartRateBpm><Cadence>22</Cadence><Extensions><ext:TPX><ext:Watts>65.03030303030303</ext:Watts><ext:Torque>20</ext:Torque></ext:TPX></Extensions></Trackpoint><Trackpoint><Time>2025-11-04T11:52:18.953Z</Time><DistanceMeters>10696.712290486652</DistanceMeters><HeartRateBpm><Value>150</Value></HeartRateBpm><Cadence>22</Cadence><Extensions><ext:TPX><ext:Watts>61.205882352941174</ext:Watts><ext:Torque>20</ext:Torque></ext:TPX></Extensions></Trackpoint><Trackpoint><Time>2025-11-04T11:52:20.312Z</Time><DistanceMeters>10702.708572791622</DistanceMeters><HeartRateBpm><Value>150</Value></HeartRateBpm><Cadence>22</Cadence><Extensions><ext:TPX><ext:Watts>64.70588235294117</ext:Watts><ext:Torque>20</ext:Torque></ext:TPX></Extensions></Trackpoint><Trackpoint><Time>2025-11-04T11:52:21.672Z</Time><DistanceMeters>10708.58765503336</DistanceMeters><HeartRateBpm><Value>150</Value></HeartRateBpm><Cadence>22</Cadence><Extensions><ext:TPX><ext:Watts>63.44117647058823</ext:Watts><ext:Torque>20</ext:Torque></ext:TPX></Extensions></Trackpoint><Trackpoint><Time>2025-11-04T11:52:23.037Z</Time><DistanceMeters>10714.504895435219</DistanceMeters><HeartRateBpm><Value>150</Value></HeartRateBpm><Cadence>22</Cadence><Extensions><ext:TPX><ext:Watts>63.85294117647059</ext:Watts><ext:Torque>20</ext:Torque></ext:TPX></Extensions></Trackpoint><Trackpoint><Time>2025-11-04T11:52:24.397Z</Time><DistanceMeters>10720.493000991592</DistanceMeters><HeartRateBpm><Value>150</Value></HeartRateBpm><Cadence>22</Cadence><Extensions><ext:TPX><ext:Watts>64.61764705882354</ext:Watts><ext:Torque>20</ext:Torque></ext:TPX></Extensions></Trackpoint><Trackpoint><Time>2025-11-04T11:52:25.763Z</Time><DistanceMeters>10726.230352924302</DistanceMeters><HeartRateBpm><Value>150</Value></HeartRateBpm><Cadence>22</Cadence><Extensions><ext:TPX><ext:Watts>61.911764705882355</ext:Watts><ext:Torque>20</ext:Torque></ext:TPX></Extensions></Trackpoint><Trackpoint><Time>2025-11-04T11:52:27.163Z</Time><DistanceMeters>10731.898174423146</DistanceMeters><HeartRateBpm><Value>150</Value></HeartRateBpm><Cadence>22</Cadence><Extensions><ext:TPX><ext:Watts>59.77142857142857</ext:Watts><ext:Torque>20</ext:Torque></ext:TPX></Extensions></Trackpoint><Trackpoint><Time>2025-11-04T11:52:28.483Z</Time><DistanceMeters>10737.724703389329</DistanceMeters><HeartRateBpm><Value>150</Value></HeartRateBpm><Cadence>22</Cadence><Extensions><ext:TPX><ext:Watts>64.3030303030303</ext:Watts><ext:Torque>20</ext:Torque></ext:TPX></Extensions></Trackpoint><Trackpoint><Time>2025-11-04T11:52:29.843Z</Time><DistanceMeters>10743.502939065029</DistanceMeters><HeartRateBpm><Value>150</Value></HeartRateBpm><Cadence>22</Cadence><Extensions><ext:TPX><ext:Watts>62.35294117647059</ext:Watts><ext:Torque>20</ext:Torque></ext:TPX></Extensions></Trackpoint><Trackpoint><Time>2025-11-04T11:52:31.168Z</Time><DistanceMeters>10749.518926324645</DistanceMeters><HeartRateBpm><Value>150</Value></HeartRateBpm><Cadence>22</Cadence><Extensions><ext:TPX><ext:Watts>66.39393939393939</ext:Watts><ext:Torque>20</ext:Torque></ext:TPX></Extensions></Trackpoint><Trackpoint><Time>2025-11-04T11:52:32.493Z</Time><DistanceMeters>10755.447048868466</DistanceMeters><HeartRateBpm><Value>150</Value></HeartRateBpm><Cadence>22</Cadence><Extensions><ext:TPX><ext:Watts>65.42424242424242</ext:Watts><ext:Torque>20</ext:Torque></ext:TPX></Extensions></Trackpoint><Trackpoint><Time>2025-11-04T11:52:33.813Z</Time><DistanceMeters>10761.410866453078</DistanceMeters><HeartRateBpm><Value>151</Value></HeartRateBpm><Cadence>22</Cadence><Extensions><ext:TPX><ext:Watts>65.81818181818181</ext:Watts><ext:Torque>20</ext:Torque></ext:TPX></Extensions></Trackpoint><Trackpoint><Time>2025-11-04T11:52:35.213Z</Time><DistanceMeters>10767.051595114928</DistanceMeters><HeartRateBpm><Value>151</Value></HeartRateBpm><Cadence>22</Cadence><Extensions><ext:TPX><ext:Watts>59.48571428571429</ext:Watts><ext:Torque>20</ext:Torque></ext:TPX></Extensions></Trackpoint><Trackpoint><Time>2025-11-04T11:52:36.538Z</Time><DistanceMeters>10772.7216150561</DistanceMeters><HeartRateBpm><Value>151</Value></HeartRateBpm><Cadence>22</Cadence><Extensions><ext:TPX><ext:Watts>62.57575757575758</ext:Watts><ext:Torque>20</ext:Torque></ext:TPX></Extensions></Trackpoint><Trackpoint><Time>2025-11-04T11:52:37.858Z</Time><DistanceMeters>10778.534415160439</DistanceMeters><HeartRateBpm><Value>151</Value></HeartRateBpm><Cadence>22</Cadence><Extensions><ext:TPX><ext:Watts>64.15151515151516</ext:Watts><ext:Torque>20</ext:Torque></ext:TPX></Extensions></Trackpoint><Trackpoint><Time>2025-11-04T11:52:39.223Z</Time><DistanceMeters>10784.176371692844</DistanceMeters><HeartRateBpm><Value>151</Value></HeartRateBpm><Cadence>22</Cadence><Extensions><ext:TPX><ext:Watts>60.88235294117647</ext:Watts><ext:Torque>20</ext:Torque></ext:TPX></Extensions></Trackpoint><Trackpoint><Time>2025-11-04T11:52:40.583Z</Time><DistanceMeters>10789.796523562321</DistanceMeters><HeartRateBpm><Value>151</Value></HeartRateBpm><Cadence>22</Cadence><Extensions><ext:TPX><ext:Watts>60.64705882352941</ext:Watts><ext:Torque>20</ext:Torque></ext:TPX></Extensions></Trackpoint><Trackpoint><Time>2025-11-04T11:52:41.943Z</Time><DistanceMeters>10795.427577763263</DistanceMeters><HeartRateBpm><Value>151</Value></HeartRateBpm><Cadence>22</Cadence><Extensions><ext:TPX><ext:Watts>60.76470588235294</ext:Watts><ext:Torque>20</ext:Torque></ext:TPX></Extensions></Trackpoint><Trackpoint><Time>2025-11-04T11:52:43.343Z</Time><DistanceMeters>10801.22544487967</DistanceMeters><HeartRateBpm><Value>151</Value></HeartRateBpm><Cadence>22</Cadence><Extensions><ext:TPX><ext:Watts>61.142857142857146</ext:Watts><ext:Torque>20</ext:Torque></ext:TPX></Extensions></Trackpoint><Trackpoint><Time>2025-11-04T11:52:44.703Z</Time><DistanceMeters>10807.033661966894</DistanceMeters><HeartRateBpm><Value>151</Value></HeartRateBpm><Cadence>22</Cadence><Extensions><ext:TPX><ext:Watts>62.6764705882353</ext:Watts><ext:Torque>20</ext:Torque></ext:TPX></Extensions></Trackpoint><Trackpoint><Time>2025-11-04T11:52:46.103Z</Time><DistanceMeters>10812.555182145978</DistanceMeters><HeartRateBpm><Value>151</Value></HeartRateBpm><Cadence>22</Cadence><Extensions><ext:TPX><ext:Watts>58.22857142857143</ext:Watts><ext:Torque>20</ext:Torque></ext:TPX></Extensions></Trackpoint><Trackpoint><Time>2025-11-04T11:52:47.503Z</Time><DistanceMeters>10817.927691721603</DistanceMeters><HeartRateBpm><Value>151</Value></HeartRateBpm><Cadence>22</Cadence><Extensions><ext:TPX><ext:Watts>56.65714285714286</ext:Watts><ext:Torque>20</ext:Torque></ext:TPX></Extensions></Trackpoint><Trackpoint><Time>2025-11-04T11:52:48.868Z</Time><DistanceMeters>10823.310717881748</DistanceMeters><HeartRateBpm><Value>151</Value></HeartRateBpm><Cadence>22</Cadence><Extensions><ext:TPX><ext:Watts>58.088235294117645</ext:Watts><ext:Torque>20</ext:Torque></ext:TPX></Extensions></Trackpoint><Trackpoint><Time>2025-11-04T11:52:50.268Z</Time><DistanceMeters>10828.943318692502</DistanceMeters><HeartRateBpm><Value>150</Value></HeartRateBpm><Cadence>22</Cadence><Extensions><ext:TPX><ext:Watts>59.4</ext:Watts><ext:Torque>20</ext:Torque></ext:TPX></Extensions></Trackpoint><Trackpoint><Time>2025-11-04T11:52:51.668Z</Time><DistanceMeters>10834.535280247766</DistanceMeters><HeartRateBpm><Value>150</Value></HeartRateBpm><Cadence>22</Cadence><Extensions><ext:TPX><ext:Watts>58.97142857142857</ext:Watts><ext:Torque>20</ext:Torque></ext:TPX></Extensions></Trackpoint><Trackpoint><Time>2025-11-04T11:52:53.033Z</Time><DistanceMeters>10840.111822791388</DistanceMeters><HeartRateBpm><Value>150</Value></HeartRateBpm><Cadence>22</Cadence><Extensions><ext:TPX><ext:Watts>60.1764705882353</ext:Watts><ext:Torque>20</ext:Torque></ext:TPX></Extensions></Trackpoint><Trackpoint><Time>2025-11-04T11:52:54.438Z</Time><DistanceMeters>10845.757970020637</DistanceMeters><HeartRateBpm><Value>150</Value></HeartRateBpm><Cadence>22</Cadence><Extensions><ext:TPX><ext:Watts>59.542857142857144</ext:Watts><ext:Torque>20</ext:Torque></ext:TPX></Extensions></Trackpoint><Trackpoint><Time>2025-11-04T11:52:55.798Z</Time><DistanceMeters>10851.435359130299</DistanceMeters><HeartRateBpm><Value>150</Value></HeartRateBpm><Cadence>22</Cadence><Extensions><ext:TPX><ext:Watts>61.26470588235294</ext:Watts><ext:Torque>20</ext:Torque></ext:TPX></Extensions></Trackpoint><Trackpoint><Time>2025-11-04T11:52:57.118Z</Time><DistanceMeters>10857.097141754364</DistanceMeters><HeartRateBpm><Value>150</Value></HeartRateBpm><Cadence>22</Cadence><Extensions><ext:TPX><ext:Watts>62.484848484848484</ext:Watts><ext:Torque>20</ext:Torque></ext:TPX></Extensions></Trackpoint><Trackpoint><Time>2025-11-04T11:52:58.523Z</Time><DistanceMeters>10862.128281583882</DistanceMeters><HeartRateBpm><Value>150</Value></HeartRateBpm><Cadence>22</Cadence><Extensions><ext:TPX><ext:Watts>53.05714285714286</ext:Watts><ext:Torque>20</ext:Torque></ext:TPX></Extensions></Trackpoint><Trackpoint><Time>2025-11-04T11:52:59.883Z</Time><DistanceMeters>10867.824749773605</DistanceMeters><HeartRateBpm><Value>150</Value></HeartRateBpm><Cadence>22</Cadence><Extensions><ext:TPX><ext:Watts>61.470588235294116</ext:Watts><ext:Torque>20</ext:Torque></ext:TPX></Extensions></Trackpoint><Trackpoint><Time>2025-11-04T11:53:01.283Z</Time><DistanceMeters>10873.45464130066</DistanceMeters><HeartRateBpm><Value>149</Value></HeartRateBpm><Cadence>22</Cadence><Extensions><ext:TPX><ext:Watts>59.371428571428574</ext:Watts><ext:Torque>20</ext:Torque></ext:TPX></Extensions></Trackpoint><Trackpoint><Time>2025-11-04T11:53:02.643Z</Time><DistanceMeters>10879.058439672941</DistanceMeters><HeartRateBpm><Value>149</Value></HeartRateBpm><Cadence>22</Cadence><Extensions><ext:TPX><ext:Watts>60.470588235294116</ext:Watts><ext:Torque>20</ext:Torque></ext:TPX></Extensions></Trackpoint><Trackpoint><Time>2025-11-04T11:53:04.003Z</Time><DistanceMeters>10884.594098473575</DistanceMeters><HeartRateBpm><Value>149</Value></HeartRateBpm><Cadence>22</Cadence><Extensions><ext:TPX><ext:Watts>59.73529411764706</ext:Watts><ext:Torque>20</ext:Torque></ext:TPX></Extensions></Trackpoint><Trackpoint><Time>2025-11-04T11:53:05.403Z</Time><DistanceMeters>10890.278175674614</DistanceMeters><HeartRateBpm><Value>149</Value></HeartRateBpm><Cadence>22</Cadence><Extensions><ext:TPX><ext:Watts>59.94285714285714</ext:Watts><ext:Torque>20</ext:Torque></ext:TPX></Extensions></Trackpoint><Trackpoint><Time>2025-11-04T11:53:06.728Z</Time><DistanceMeters>10895.791686590775</DistanceMeters><HeartRateBpm><Value>149</Value></HeartRateBpm><Cadence>22</Cadence><Extensions><ext:TPX><ext:Watts>60.84848484848485</ext:Watts><ext:Torque>20</ext:Torque></ext:TPX></Extensions></Trackpoint><Trackpoint><Time>2025-11-04T11:53:08.008Z</Time><DistanceMeters>10901.325011248637</DistanceMeters><HeartRateBpm><Value>149</Value></HeartRateBpm><Cadence>24</Cadence><Extensions><ext:TPX><ext:Watts>63.78125</ext:Watts><ext:Torque>20</ext:Torque></ext:TPX></Extensions></Trackpoint><Trackpoint><Time>2025-11-04T11:53:09.329Z</Time><DistanceMeters>10906.923641108224</DistanceMeters><HeartRateBpm><Value>149</Value></HeartRateBpm><Cadence>22</Cadence><Extensions><ext:TPX><ext:Watts>61.78787878787879</ext:Watts><ext:Torque>20</ext:Torque></ext:TPX></Extensions></Trackpoint><Trackpoint><Time>2025-11-04T11:53:10.608Z</Time><DistanceMeters>10912.446121425746</DistanceMeters><HeartRateBpm><Value>149</Value></HeartRateBpm><Cadence>24</Cadence><Extensions><ext:TPX><ext:Watts>63.65625</ext:Watts><ext:Torque>20</ext:Torque></ext:TPX></Extensions></Trackpoint><Trackpoint><Time>2025-11-04T11:53:11.889Z</Time><DistanceMeters>10918.028245615133</DistanceMeters><HeartRateBpm><Value>149</Value></HeartRateBpm><Cadence>24</Cadence><Extensions><ext:TPX><ext:Watts>64.34375</ext:Watts><ext:Torque>20</ext:Torque></ext:TPX></Extensions></Trackpoint><Trackpoint><Time>2025-11-04T11:53:13.133Z</Time><DistanceMeters>10923.648470752967</DistanceMeters><HeartRateBpm><Value>149</Value></HeartRateBpm><Cadence>24</Cadence><Extensions><ext:TPX><ext:Watts>66.16129032258064</ext:Watts><ext:Torque>20</ext:Torque></ext:TPX></Extensions></Trackpoint><Trackpoint><Time>2025-11-04T11:53:14.413Z</Time><DistanceMeters>10929.330905090486</DistanceMeters><HeartRateBpm><Value>148</Value></HeartRateBpm><Cadence>24</Cadence><Extensions><ext:TPX><ext:Watts>65.5</ext:Watts><ext:Torque>20</ext:Torque></ext:TPX></Extensions></Trackpoint><Trackpoint><Time>2025-11-04T11:53:15.694Z</Time><DistanceMeters>10934.872363003602</DistanceMeters><HeartRateBpm><Value>148</Value></HeartRateBpm><Cadence>24</Cadence><Extensions><ext:TPX><ext:Watts>63.875</ext:Watts><ext:Torque>20</ext:Torque></ext:TPX></Extensions></Trackpoint><Trackpoint><Time>2025-11-04T11:53:16.973Z</Time><DistanceMeters>10940.310799683499</DistanceMeters><HeartRateBpm><Value>148</Value></HeartRateBpm><Cadence>24</Cadence><Extensions><ext:TPX><ext:Watts>62.6875</ext:Watts><ext:Torque>20</ext:Torque></ext:TPX></Extensions></Trackpoint><Trackpoint><Time>2025-11-04T11:53:18.293Z</Time><DistanceMeters>10946.043972389149</DistanceMeters><HeartRateBpm><Value>148</Value></HeartRateBpm><Cadence>22</Cadence><Extensions><ext:TPX><ext:Watts>63.27272727272727</ext:Watts><ext:Torque>20</ext:Torque></ext:TPX></Extensions></Trackpoint><Trackpoint><Time>2025-11-04T11:53:19.613Z</Time><DistanceMeters>10951.411957369774</DistanceMeters><HeartRateBpm><Value>148</Value></HeartRateBpm><Cadence>22</Cadence><Extensions><ext:TPX><ext:Watts>59.24242424242424</ext:Watts><ext:Torque>20</ext:Torque></ext:TPX></Extensions></Trackpoint><Trackpoint><Time>2025-11-04T11:53:20.973Z</Time><DistanceMeters>10956.751374204063</DistanceMeters><HeartRateBpm><Value>148</Value></HeartRateBpm><Cadence>22</Cadence><Extensions><ext:TPX><ext:Watts>57.61764705882353</ext:Watts><ext:Torque>20</ext:Torque></ext:TPX></Extensions></Trackpoint><Trackpoint><Time>2025-11-04T11:53:22.333Z</Time><DistanceMeters>10962.041730546767</DistanceMeters><HeartRateBpm><Value>148</Value></HeartRateBpm><Cadence>22</Cadence><Extensions><ext:TPX><ext:Watts>57.088235294117645</ext:Watts><ext:Torque>20</ext:Torque></ext:TPX></Extensions></Trackpoint><Trackpoint><Time>2025-11-04T11:53:23.698Z</Time><DistanceMeters>10967.49289627856</DistanceMeters><HeartRateBpm><Value>148</Value></HeartRateBpm><Cadence>22</Cadence><Extensions><ext:TPX><ext:Watts>58.8235294117647</ext:Watts><ext:Torque>20</ext:Torque></ext:TPX></Extensions></Trackpoint><Trackpoint><Time>2025-11-04T11:53:25.058Z</Time><DistanceMeters>10973.088517902244</DistanceMeters><HeartRateBpm><Value>148</Value></HeartRateBpm><Cadence>22</Cadence><Extensions><ext:TPX><ext:Watts>60.38235294117647</ext:Watts><ext:Torque>20</ext:Torque></ext:TPX></Extensions></Trackpoint><Trackpoint><Time>2025-11-04T11:53:26.378Z</Time><DistanceMeters>10978.566333777613</DistanceMeters><HeartRateBpm><Value>148</Value></HeartRateBpm><Cadence>22</Cadence><Extensions><ext:TPX><ext:Watts>60.45454545454545</ext:Watts><ext:Torque>20</ext:Torque></ext:TPX></Extensions></Trackpoint><Trackpoint><Time>2025-11-04T11:53:27.778Z</Time><DistanceMeters>10984.337108057029</DistanceMeters><HeartRateBpm><Value>148</Value></HeartRateBpm><Cadence>22</Cadence><Extensions><ext:TPX><ext:Watts>60.857142857142854</ext:Watts><ext:Torque>20</ext:Torque></ext:TPX></Extensions></Trackpoint><Trackpoint><Time>2025-11-04T11:53:29.099Z</Time><DistanceMeters>10989.858856290295</DistanceMeters><HeartRateBpm><Value>148</Value></HeartRateBpm><Cadence>22</Cadence><Extensions><ext:TPX><ext:Watts>60.93939393939394</ext:Watts><ext:Torque>20</ext:Torque></ext:TPX></Extensions></Trackpoint><Trackpoint><Time>2025-11-04T11:53:30.463Z</Time><DistanceMeters>10995.607110554469</DistanceMeters><HeartRateBpm><Value>147</Value></HeartRateBpm><Cadence>22</Cadence><Extensions><ext:TPX><ext:Watts>62.029411764705884</ext:Watts><ext:Torque>20</ext:Torque></ext:TPX></Extensions></Trackpoint><Trackpoint><Time>2025-11-04T11:53:31.824Z</Time><DistanceMeters>11001.229988006811</DistanceMeters><HeartRateBpm><Value>147</Value></HeartRateBpm><Cadence>22</Cadence><Extensions><ext:TPX><ext:Watts>60.6764705882353</ext:Watts><ext:Torque>20</ext:Torque></ext:TPX></Extensions></Trackpoint><Trackpoint><Time>2025-11-04T11:53:33.143Z</Time><DistanceMeters>11006.823126321662</DistanceMeters><HeartRateBpm><Value>147</Value></HeartRateBpm><Cadence>22</Cadence><Extensions><ext:TPX><ext:Watts>61.72727272727273</ext:Watts><ext:Torque>20</ext:Torque></ext:TPX></Extensions></Trackpoint><Trackpoint><Time>2025-11-04T11:53:34.504Z</Time><DistanceMeters>11012.495064265591</DistanceMeters><HeartRateBpm><Value>147</Value></HeartRateBpm><Cadence>22</Cadence><Extensions><ext:TPX><ext:Watts>61.205882352941174</ext:Watts><ext:Torque>20</ext:Torque></ext:TPX></Extensions></Trackpoint><Trackpoint><Time>2025-11-04T11:53:35.863Z</Time><DistanceMeters>11018.235141781168</DistanceMeters><HeartRateBpm><Value>146</Value></HeartRateBpm><Cadence>22</Cadence><Extensions><ext:TPX><ext:Watts>61.94117647058823</ext:Watts><ext:Torque>20</ext:Torque></ext:TPX></Extensions></Trackpoint><Trackpoint><Time>2025-11-04T11:53:37.144Z</Time><DistanceMeters>11023.714244737335</DistanceMeters><HeartRateBpm><Value>146</Value></HeartRateBpm><Cadence>24</Cadence><Extensions><ext:TPX><ext:Watts>63.15625</ext:Watts><ext:Torque>20</ext:Torque></ext:TPX></Extensions></Trackpoint><Trackpoint><Time>2025-11-04T11:53:38.464Z</Time><DistanceMeters>11029.505078662725</DistanceMeters><HeartRateBpm><Value>146</Value></HeartRateBpm><Cadence>22</Cadence><Extensions><ext:TPX><ext:Watts>63.90909090909091</ext:Watts><ext:Torque>20</ext:Torque></ext:TPX></Extensions></Trackpoint><Trackpoint><Time>2025-11-04T11:53:39.784Z</Time><DistanceMeters>11035.315132994696</DistanceMeters><HeartRateBpm><Value>146</Value></HeartRateBpm><Cadence>22</Cadence><Extensions><ext:TPX><ext:Watts>64.12121212121212</ext:Watts><ext:Torque>20</ext:Torque></ext:TPX></Extensions></Trackpoint><Trackpoint><Time>2025-11-04T11:53:41.104Z</Time><DistanceMeters>11041.138916188509</DistanceMeters><HeartRateBpm><Value>146</Value></HeartRateBpm><Cadence>22</Cadence><Extensions><ext:TPX><ext:Watts>64.27272727272727</ext:Watts><ext:Torque>20</ext:Torque></ext:TPX></Extensions></Trackpoint><Trackpoint><Time>2025-11-04T11:53:42.384Z</Time><DistanceMeters>11046.769839909419</DistanceMeters><HeartRateBpm><Value>147</Value></HeartRateBpm><Cadence>24</Cadence><Extensions><ext:TPX><ext:Watts>64.90625</ext:Watts><ext:Torque>20</ext:Torque></ext:TPX></Extensions></Trackpoint><Trackpoint><Time>2025-11-04T11:53:43.704Z</Time><DistanceMeters>11052.524978794017</DistanceMeters><HeartRateBpm><Value>147</Value></HeartRateBpm><Cadence>22</Cadence><Extensions><ext:TPX><ext:Watts>63.515151515151516</ext:Watts><ext:Torque>20</ext:Torque></ext:TPX></Extensions></Trackpoint><Trackpoint><Time>2025-11-04T11:53:45.024Z</Time><DistanceMeters>11058.263643044404</DistanceMeters><HeartRateBpm><Value>147</Value></HeartRateBpm><Cadence>22</Cadence><Extensions><ext:TPX><ext:Watts>63.333333333333336</ext:Watts><ext:Torque>20</ext:Torque></ext:TPX></Extensions></Trackpoint><Trackpoint><Time>2025-11-04T11:53:46.344Z</Time><DistanceMeters>11064.035256563215</DistanceMeters><HeartRateBpm><Value>147</Value></HeartRateBpm><Cadence>22</Cadence><Extensions><ext:TPX><ext:Watts>63.696969696969695</ext:Watts><ext:Torque>20</ext:Torque></ext:TPX></Extensions></Trackpoint><Trackpoint><Time>2025-11-04T11:53:47.624Z</Time><DistanceMeters>11069.498093008873</DistanceMeters><HeartRateBpm><Value>148</Value></HeartRateBpm><Cadence>24</Cadence><Extensions><ext:TPX><ext:Watts>62.96875</ext:Watts><ext:Torque>20</ext:Torque></ext:TPX></Extensions></Trackpoint><Trackpoint><Time>2025-11-04T11:53:48.944Z</Time><DistanceMeters>11075.033570103984</DistanceMeters><HeartRateBpm><Value>148</Value></HeartRateBpm><Cadence>22</Cadence><Extensions><ext:TPX><ext:Watts>61.09090909090909</ext:Watts><ext:Torque>20</ext:Torque></ext:TPX></Extensions></Trackpoint><Trackpoint><Time>2025-11-04T11:53:50.264Z</Time><DistanceMeters>11080.634945735941</DistanceMeters><HeartRateBpm><Value>149</Value></HeartRateBpm><Cadence>22</Cadence><Extensions><ext:TPX><ext:Watts>61.81818181818182</ext:Watts><ext:Torque>20</ext:Torque></ext:TPX></Extensions></Trackpoint><Trackpoint><Time>2025-11-04T11:53:51.584Z</Time><DistanceMeters>11086.261033319215</DistanceMeters><HeartRateBpm><Value>149</Value></HeartRateBpm><Cadence>22</Cadence><Extensions><ext:TPX><ext:Watts>62.09090909090909</ext:Watts><ext:Torque>20</ext:Torque></ext:TPX></Extensions></Trackpoint><Trackpoint><Time>2025-11-04T11:53:52.864Z</Time><DistanceMeters>11091.908223550634</DistanceMeters><HeartRateBpm><Value>149</Value></HeartRateBpm><Cadence>24</Cadence><Extensions><ext:TPX><ext:Watts>65.09375</ext:Watts><ext:Torque>20</ext:Torque></ext:TPX></Extensions></Trackpoint><Trackpoint><Time>2025-11-04T11:53:54.144Z</Time><DistanceMeters>11097.436126038325</DistanceMeters><HeartRateBpm><Value>150</Value></HeartRateBpm><Cadence>24</Cadence><Extensions><ext:TPX><ext:Watts>63.71875</ext:Watts><ext:Torque>20</ext:Torque></ext:TPX></Extensions></Trackpoint><Trackpoint><Time>2025-11-04T11:53:55.464Z</Time><DistanceMeters>11103.221468418978</DistanceMeters><HeartRateBpm><Value>150</Value></HeartRateBpm><Cadence>22</Cadence><Extensions><ext:TPX><ext:Watts>63.84848484848485</ext:Watts><ext:Torque>20</ext:Torque></ext:TPX></Extensions></Trackpoint><Trackpoint><Time>2025-11-04T11:53:56.749Z</Time><DistanceMeters>11108.779192842601</DistanceMeters><HeartRateBpm><Value>150</Value></HeartRateBpm><Cadence>24</Cadence><Extensions><ext:TPX><ext:Watts>64.0625</ext:Watts><ext:Torque>20</ext:Torque></ext:TPX></Extensions></Trackpoint><Trackpoint><Time>2025-11-04T11:53:58.069Z</Time><DistanceMeters>11114.550806361412</DistanceMeters><HeartRateBpm><Value>150</Value></HeartRateBpm><Cadence>22</Cadence><Extensions><ext:TPX><ext:Watts>63.696969696969695</ext:Watts><ext:Torque>20</ext:Torque></ext:TPX></Extensions></Trackpoint><Trackpoint><Time>2025-11-04T11:53:59.389Z</Time><DistanceMeters>11120.40479305128</DistanceMeters><HeartRateBpm><Value>150</Value></HeartRateBpm><Cadence>22</Cadence><Extensions><ext:TPX><ext:Watts>64.60606060606061</ext:Watts><ext:Torque>20</ext:Torque></ext:TPX></Extensions></Trackpoint><Trackpoint><Time>2025-11-04T11:54:00.669Z</Time><DistanceMeters>11126.1224714949</DistanceMeters><HeartRateBpm><Value>150</Value></HeartRateBpm><Cadence>24</Cadence><Extensions><ext:TPX><ext:Watts>65.90625</ext:Watts><ext:Torque>20</ext:Torque></ext:TPX></Extensions></Trackpoint><Trackpoint><Time>2025-11-04T11:54:01.989Z</Time><DistanceMeters>11132.108255258461</DistanceMeters><HeartRateBpm><Value>150</Value></HeartRateBpm><Cadence>22</Cadence><Extensions><ext:TPX><ext:Watts>66.06060606060606</ext:Watts><ext:Torque>20</ext:Torque></ext:TPX></Extensions></Trackpoint><Trackpoint><Time>2025-11-04T11:54:03.269Z</Time><DistanceMeters>11137.80695610649</DistanceMeters><HeartRateBpm><Value>150</Value></HeartRateBpm><Cadence>24</Cadence><Extensions><ext:TPX><ext:Watts>65.6875</ext:Watts><ext:Torque>20</ext:Torque></ext:TPX></Extensions></Trackpoint><Trackpoint><Time>2025-11-04T11:54:04.549Z</Time><DistanceMeters>11143.562589741296</DistanceMeters><HeartRateBpm><Value>150</Value></HeartRateBpm><Cadence>24</Cadence><Extensions><ext:TPX><ext:Watts>66.34375</ext:Watts><ext:Torque>20</ext:Torque></ext:TPX></Extensions></Trackpoint><Trackpoint><Time>2025-11-04T11:54:05.830Z</Time><DistanceMeters>11149.394133758473</DistanceMeters><HeartRateBpm><Value>150</Value></HeartRateBpm><Cadence>24</Cadence><Extensions><ext:TPX><ext:Watts>67.21875</ext:Watts><ext:Torque>20</ext:Torque></ext:TPX></Extensions></Trackpoint><Trackpoint><Time>2025-11-04T11:54:07.109Z</Time><DistanceMeters>11155.014213139044</DistanceMeters><HeartRateBpm><Value>150</Value></HeartRateBpm><Cadence>24</Cadence><Extensions><ext:TPX><ext:Watts>64.78125</ext:Watts><ext:Torque>20</ext:Torque></ext:TPX></Extensions></Trackpoint><Trackpoint><Time>2025-11-04T11:54:08.389Z</Time><DistanceMeters>11160.672247710801</DistanceMeters><HeartRateBpm><Value>150</Value></HeartRateBpm><Cadence>24</Cadence><Extensions><ext:TPX><ext:Watts>65.21875</ext:Watts><ext:Torque>20</ext:Torque></ext:TPX></Extensions></Trackpoint><Trackpoint><Time>2025-11-04T11:54:09.669Z</Time><DistanceMeters>11166.335704452727</DistanceMeters><HeartRateBpm><Value>150</Value></HeartRateBpm><Cadence>24</Cadence><Extensions><ext:TPX><ext:Watts>65.28125</ext:Watts><ext:Torque>20</ext:Torque></ext:TPX></Extensions></Trackpoint><Trackpoint><Time>2025-11-04T11:54:10.949Z</Time><DistanceMeters>11172.080493747195</DistanceMeters><HeartRateBpm><Value>150</Value></HeartRateBpm><Cadence>24</Cadence><Extensions><ext:TPX><ext:Watts>66.21875</ext:Watts><ext:Torque>20</ext:Torque></ext:TPX></Extensions></Trackpoint><Trackpoint><Time>2025-11-04T11:54:12.229Z</Time><DistanceMeters>11177.88221582844</DistanceMeters><HeartRateBpm><Value>150</Value></HeartRateBpm><Cadence>24</Cadence><Extensions><ext:TPX><ext:Watts>66.875</ext:Watts><ext:Torque>20</ext:Torque></ext:TPX></Extensions></Trackpoint><Trackpoint><Time>2025-11-04T11:54:13.469Z</Time><DistanceMeters>11183.579167589316</DistanceMeters><HeartRateBpm><Value>150</Value></HeartRateBpm><Cadence>24</Cadence><Extensions><ext:TPX><ext:Watts>67.06451612903226</ext:Watts><ext:Torque>20</ext:Torque></ext:TPX></Extensions></Trackpoint><Trackpoint><Time>2025-11-04T11:54:14.709Z</Time><DistanceMeters>11189.588506315435</DistanceMeters><HeartRateBpm><Value>150</Value></HeartRateBpm><Cadence>24</Cadence><Extensions><ext:TPX><ext:Watts>70.74193548387096</ext:Watts><ext:Torque>20</ext:Torque></ext:TPX></Extensions></Trackpoint><Trackpoint><Time>2025-11-04T11:54:15.989Z</Time><DistanceMeters>11195.669470160405</DistanceMeters><HeartRateBpm><Value>151</Value></HeartRateBpm><Cadence>24</Cadence><Extensions><ext:TPX><ext:Watts>70.09375</ext:Watts><ext:Torque>20</ext:Torque></ext:TPX></Extensions></Trackpoint><Trackpoint><Time>2025-11-04T11:54:17.229Z</Time><DistanceMeters>11201.728133144194</DistanceMeters><HeartRateBpm><Value>151</Value></HeartRateBpm><Cadence>24</Cadence><Extensions><ext:TPX><ext:Watts>71.3225806451613</ext:Watts><ext:Torque>20</ext:Torque></ext:TPX></Extensions></Trackpoint><Trackpoint><Time>2025-11-04T11:54:18.509Z</Time><DistanceMeters>11207.909407137297</DistanceMeters><HeartRateBpm><Value>151</Value></HeartRateBpm><Cadence>24</Cadence><Extensions><ext:TPX><ext:Watts>71.25</ext:Watts><ext:Torque>20</ext:Torque></ext:TPX></Extensions></Trackpoint><Trackpoint><Time>2025-11-04T11:54:19.829Z</Time><DistanceMeters>11214.20546317851</DistanceMeters><HeartRateBpm><Value>151</Value></HeartRateBpm><Cadence>22</Cadence><Extensions><ext:TPX><ext:Watts>69.48484848484848</ext:Watts><ext:Torque>20</ext:Torque></ext:TPX></Extensions></Trackpoint><Trackpoint><Time>2025-11-04T11:54:21.109Z</Time><DistanceMeters>11220.628023744152</DistanceMeters><HeartRateBpm><Value>151</Value></HeartRateBpm><Cadence>24</Cadence><Extensions><ext:TPX><ext:Watts>74.03125</ext:Watts><ext:Torque>20</ext:Torque></ext:TPX></Extensions></Trackpoint><Trackpoint><Time>2025-11-04T11:54:22.389Z</Time><DistanceMeters>11226.828275332848</DistanceMeters><HeartRateBpm><Value>151</Value></HeartRateBpm><Cadence>24</Cadence><Extensions><ext:TPX><ext:Watts>71.46875</ext:Watts><ext:Torque>20</ext:Torque></ext:TPX></Extensions></Trackpoint><Trackpoint><Time>2025-11-04T11:54:23.754Z</Time><DistanceMeters>11233.252474147765</DistanceMeters><HeartRateBpm><Value>151</Value></HeartRateBpm><Cadence>22</Cadence><Extensions><ext:TPX><ext:Watts>69.32352941176471</ext:Watts><ext:Torque>20</ext:Torque></ext:TPX></Extensions></Trackpoint><Trackpoint><Time>2025-11-04T11:54:25.039Z</Time><DistanceMeters>11239.721123159845</DistanceMeters><HeartRateBpm><Value>151</Value></HeartRateBpm><Cadence>24</Cadence><Extensions><ext:TPX><ext:Watts>74.5625</ext:Watts><ext:Torque>20</ext:Torque></ext:TPX></Extensions></Trackpoint><Trackpoint><Time>2025-11-04T11:54:26.439Z</Time><DistanceMeters>11246.112323406389</DistanceMeters><HeartRateBpm><Value>151</Value></HeartRateBpm><Cadence>22</Cadence><Extensions><ext:TPX><ext:Watts>67.4</ext:Watts><ext:Torque>20</ext:Torque></ext:TPX></Extensions></Trackpoint><Trackpoint><Time>2025-11-04T11:54:27.764Z</Time><DistanceMeters>11252.880652295004</DistanceMeters><HeartRateBpm><Value>151</Value></HeartRateBpm><Cadence>22</Cadence><Extensions><ext:TPX><ext:Watts>74.6969696969697</ext:Watts><ext:Torque>20</ext:Torque></ext:TPX></Extensions></Trackpoint><Trackpoint><Time>2025-11-04T11:54:29.089Z</Time><DistanceMeters>11259.876880290212</DistanceMeters><HeartRateBpm><Value>151</Value></HeartRateBpm><Cadence>22</Cadence><Extensions><ext:TPX><ext:Watts>77.21212121212122</ext:Watts><ext:Torque>20</ext:Torque></ext:TPX></Extensions></Trackpoint><Trackpoint><Time>2025-11-04T11:54:30.409Z</Time><DistanceMeters>11266.680904219618</DistanceMeters><HeartRateBpm><Value>152</Value></HeartRateBpm><Cadence>22</Cadence><Extensions><ext:TPX><ext:Watts>75.0909090909091</ext:Watts><ext:Torque>20</ext:Torque></ext:TPX></Extensions></Trackpoint><Trackpoint><Time>2025-11-04T11:54:31.769Z</Time><DistanceMeters>11273.541196293078</DistanceMeters><HeartRateBpm><Value>152</Value></HeartRateBpm><Cadence>22</Cadence><Extensions><ext:TPX><ext:Watts>74.02941176470588</ext:Watts><ext:Torque>20</ext:Torque></ext:TPX></Extensions></Trackpoint><Trackpoint><Time>2025-11-04T11:54:33.089Z</Time><DistanceMeters>11280.169490790893</DistanceMeters><HeartRateBpm><Value>152</Value></HeartRateBpm><Cadence>22</Cadence><Extensions><ext:TPX><ext:Watts>73.15151515151516</ext:Watts><ext:Torque>20</ext:Torque></ext:TPX></Extensions></Trackpoint><Trackpoint><Time>2025-11-04T11:54:34.374Z</Time><DistanceMeters>11286.895692886019</DistanceMeters><HeartRateBpm><Value>152</Value></HeartRateBpm><Cadence>24</Cadence><Extensions><ext:TPX><ext:Watts>77.53125</ext:Watts><ext:Torque>20</ext:Torque></ext:TPX></Extensions></Trackpoint><Trackpoint><Time>2025-11-04T11:54:35.654Z</Time><DistanceMeters>11293.63545040657</DistanceMeters><HeartRateBpm><Value>152</Value></HeartRateBpm><Cadence>24</Cadence><Extensions><ext:TPX><ext:Watts>77.6875</ext:Watts><ext:Torque>20</ext:Torque></ext:TPX></Extensions></Trackpoint><Trackpoint><Time>2025-11-04T11:54:37.014Z</Time><DistanceMeters>11300.400347079723</DistanceMeters><HeartRateBpm><Value>152</Value></HeartRateBpm><Cadence>22</Cadence><Extensions><ext:TPX><ext:Watts>73.0</ext:Watts><ext:Torque>20</ext:Torque></ext:TPX></Extensions></Trackpoint><Trackpoint><Time>2025-11-04T11:54:38.335Z</Time><DistanceMeters>11307.237320277552</DistanceMeters><HeartRateBpm><Value>152</Value></HeartRateBpm><Cadence>22</Cadence><Extensions><ext:TPX><ext:Watts>75.45454545454545</ext:Watts><ext:Torque>20</ext:Torque></ext:TPX></Extensions></Trackpoint><Trackpoint><Time>2025-11-04T11:54:39.664Z</Time><DistanceMeters>11314.052327296433</DistanceMeters><HeartRateBpm><Value>152</Value></HeartRateBpm><Cadence>22</Cadence><Extensions><ext:TPX><ext:Watts>75.21212121212122</ext:Watts><ext:Torque>20</ext:Torque></ext:TPX></Extensions></Trackpoint><Trackpoint><Time>2025-11-04T11:54:41.029Z</Time><DistanceMeters>11320.626433168974</DistanceMeters><HeartRateBpm><Value>152</Value></HeartRateBpm><Cadence>22</Cadence><Extensions><ext:TPX><ext:Watts>70.94117647058823</ext:Watts><ext:Torque>20</ext:Torque></ext:TPX></Extensions></Trackpoint><Trackpoint><Time>2025-11-04T11:54:42.390Z</Time><DistanceMeters>11327.154204132796</DistanceMeters><HeartRateBpm><Value>152</Value></HeartRateBpm><Cadence>22</Cadence><Extensions><ext:TPX><ext:Watts>70.44117647058823</ext:Watts><ext:Torque>20</ext:Torque></ext:TPX></Extensions></Trackpoint><Trackpoint><Time>2025-11-04T11:54:43.671Z</Time><DistanceMeters>11333.476454550302</DistanceMeters><HeartRateBpm><Value>152</Value></HeartRateBpm><Cadence>24</Cadence><Extensions><ext:TPX><ext:Watts>72.875</ext:Watts><ext:Torque>20</ext:Torque></ext:TPX></Extensions></Trackpoint><Trackpoint><Time>2025-11-04T11:54:45.029Z</Time><DistanceMeters>11339.818885879242</DistanceMeters><HeartRateBpm><Value>153</Value></HeartRateBpm><Cadence>22</Cadence><Extensions><ext:TPX><ext:Watts>68.44117647058823</ext:Watts><ext:Torque>20</ext:Torque></ext:TPX></Extensions></Trackpoint><Trackpoint><Time>2025-11-04T11:54:46.310Z</Time><DistanceMeters>11345.899849724212</DistanceMeters><HeartRateBpm><Value>153</Value></HeartRateBpm><Cadence>24</Cadence><Extensions><ext:TPX><ext:Watts>70.09375</ext:Watts><ext:Torque>20</ext:Torque></ext:TPX></Extensions></Trackpoint><Trackpoint><Time>2025-11-04T11:54:47.629Z</Time><DistanceMeters>11352.316719749644</DistanceMeters><HeartRateBpm><Value>154</Value></HeartRateBpm><Cadence>22</Cadence><Extensions><ext:TPX><ext:Watts>70.81818181818181</ext:Watts><ext:Torque>20</ext:Torque></ext:TPX></Extensions></Trackpoint><Trackpoint><Time>2025-11-04T11:54:48.915Z</Time><DistanceMeters>11358.411239020037</DistanceMeters><HeartRateBpm><Value>154</Value></HeartRateBpm><Cadence>24</Cadence><Extensions><ext:TPX><ext:Watts>70.25</ext:Watts><ext:Torque>20</ext:Torque></ext:TPX></Extensions></Trackpoint><Trackpoint><Time>2025-11-04T11:54:50.240Z</Time><DistanceMeters>11364.561769125716</DistanceMeters><HeartRateBpm><Value>154</Value></HeartRateBpm><Cadence>22</Cadence><Extensions><ext:TPX><ext:Watts>67.87878787878788</ext:Watts><ext:Torque>20</ext:Torque></ext:TPX></Extensions></Trackpoint><Trackpoint><Time>2025-11-04T11:54:51.520Z</Time><DistanceMeters>11370.829797841528</DistanceMeters><HeartRateBpm><Value>155</Value></HeartRateBpm><Cadence>24</Cadence><Extensions><ext:TPX><ext:Watts>72.25</ext:Watts><ext:Torque>20</ext:Torque></ext:TPX></Extensions></Trackpoint><Trackpoint><Time>2025-11-04T11:54:52.840Z</Time><DistanceMeters>11377.147820061691</DistanceMeters><HeartRateBpm><Value>155</Value></HeartRateBpm><Cadence>22</Cadence><Extensions><ext:TPX><ext:Watts>69.72727272727273</ext:Watts><ext:Torque>20</ext:Torque></ext:TPX></Extensions></Trackpoint><Trackpoint><Time>2025-11-04T11:54:54.080Z</Time><DistanceMeters>11383.346235108878</DistanceMeters><HeartRateBpm><Value>155</Value></HeartRateBpm><Cadence>24</Cadence><Extensions><ext:TPX><ext:Watts>72.96774193548387</ext:Watts><ext:Torque>20</ext:Torque></ext:TPX></Extensions></Trackpoint><Trackpoint><Time>2025-11-04T11:54:55.360Z</Time><DistanceMeters>11389.500398251135</DistanceMeters><HeartRateBpm><Value>156</Value></HeartRateBpm><Cadence>24</Cadence><Extensions><ext:TPX><ext:Watts>70.9375</ext:Watts><ext:Torque>20</ext:Torque></ext:TPX></Extensions></Trackpoint><Trackpoint><Time>2025-11-04T11:54:56.680Z</Time><DistanceMeters>11395.689369169973</DistanceMeters><HeartRateBpm><Value>156</Value></HeartRateBpm><Cadence>22</Cadence><Extensions><ext:TPX><ext:Watts>68.3030303030303</ext:Watts><ext:Torque>20</ext:Torque></ext:TPX></Extensions></Trackpoint><Trackpoint><Time>2025-11-04T11:54:58.000Z</Time><DistanceMeters>11401.831661958546</DistanceMeters><HeartRateBpm><Value>156</Value></HeartRateBpm><Cadence>22</Cadence><Extensions><ext:TPX><ext:Watts>67.78787878787878</ext:Watts><ext:Torque>20</ext:Torque></ext:TPX></Extensions></Trackpoint><Trackpoint><Time>2025-11-04T11:54:59.285Z</Time><DistanceMeters>11407.861115186906</DistanceMeters><HeartRateBpm><Value>156</Value></HeartRateBpm><Cadence>24</Cadence><Extensions><ext:TPX><ext:Watts>69.5</ext:Watts><ext:Torque>20</ext:Torque></ext:TPX></Extensions></Trackpoint><Trackpoint><Time>2025-11-04T11:55:00.605Z</Time><DistanceMeters>11413.651949112296</DistanceMeters><HeartRateBpm><Value>157</Value></HeartRateBpm><Cadence>22</Cadence><Extensions><ext:TPX><ext:Watts>63.90909090909091</ext:Watts><ext:Torque>20</ext:Torque></ext:TPX></Extensions></Trackpoint><Trackpoint><Time>2025-11-04T11:55:01.965Z</Time><DistanceMeters>11419.757254731903</DistanceMeters><HeartRateBpm><Value>157</Value></HeartRateBpm><Cadence>22</Cadence><Extensions><ext:TPX><ext:Watts>65.88235294117646</ext:Watts><ext:Torque>20</ext:Torque></ext:TPX></Extensions></Trackpoint><Trackpoint><Time>2025-11-04T11:55:03.285Z</Time><DistanceMeters>11425.907784837582</DistanceMeters><HeartRateBpm><Value>157</Value></HeartRateBpm><Cadence>22</Cadence><Extensions><ext:TPX><ext:Watts>67.87878787878788</ext:Watts><ext:Torque>20</ext:Torque></ext:TPX></Extensions></Trackpoint><Trackpoint><Time>2025-11-04T11:55:04.570Z</Time><DistanceMeters>11431.777284045946</DistanceMeters><HeartRateBpm><Value>157</Value></HeartRateBpm><Cadence>24</Cadence><Extensions><ext:TPX><ext:Watts>67.65625</ext:Watts><ext:Torque>20</ext:Torque></ext:TPX></Extensions></Trackpoint><Trackpoint><Time>2025-11-04T11:55:05.890Z</Time><DistanceMeters>11437.930559923992</DistanceMeters><HeartRateBpm><Value>157</Value></HeartRateBpm><Cadence>22</Cadence><Extensions><ext:TPX><ext:Watts>67.9090909090909</ext:Watts><ext:Torque>20</ext:Torque></ext:TPX></Extensions></Trackpoint><Trackpoint><Time>2025-11-04T11:55:07.215Z</Time><DistanceMeters>11443.946547183608</DistanceMeters><HeartRateBpm><Value>157</Value></HeartRateBpm><Cadence>22</Cadence><Extensions><ext:TPX><ext:Watts>66.39393939393939</ext:Watts><ext:Torque>20</ext:Torque></ext:TPX></Extensions></Trackpoint><Trackpoint><Time>2025-11-04T11:55:08.495Z</Time><DistanceMeters>11450.165776367898</DistanceMeters><HeartRateBpm><Value>158</Value></HeartRateBpm><Cadence>24</Cadence><Extensions><ext:TPX><ext:Watts>71.6875</ext:Watts><ext:Torque>20</ext:Torque></ext:TPX></Extensions></Trackpoint><Trackpoint><Time>2025-11-04T11:55:09.780Z</Time><DistanceMeters>11456.214207191852</DistanceMeters><HeartRateBpm><Value>158</Value></HeartRateBpm><Cadence>24</Cadence><Extensions><ext:TPX><ext:Watts>69.71875</ext:Watts><ext:Torque>20</ext:Torque></ext:TPX></Extensions></Trackpoint><Trackpoint><Time>2025-11-04T11:55:11.100Z</Time><DistanceMeters>11462.666772258077</DistanceMeters><HeartRateBpm><Value>158</Value></HeartRateBpm><Cadence>22</Cadence><Extensions><ext:TPX><ext:Watts>71.21212121212122</ext:Watts><ext:Torque>20</ext:Torque></ext:TPX></Extensions></Trackpoint><Trackpoint><Time>2025-11-04T11:55:12.460Z</Time><DistanceMeters>11469.478003839951</DistanceMeters><HeartRateBpm><Value>158</Value></HeartRateBpm><Cadence>22</Cadence><Extensions><ext:TPX><ext:Watts>73.5</ext:Watts><ext:Torque>20</ext:Torque></ext:TPX></Extensions></Trackpoint><Trackpoint><Time>2025-11-04T11:55:13.825Z</Time><DistanceMeters>11476.038481798163</DistanceMeters><HeartRateBpm><Value>158</Value></HeartRateBpm><Cadence>22</Cadence><Extensions><ext:TPX><ext:Watts>70.79411764705883</ext:Watts><ext:Torque>20</ext:Torque></ext:TPX></Extensions></Trackpoint><Trackpoint><Time>2025-11-04T11:55:15.185Z</Time><DistanceMeters>11482.751592396864</DistanceMeters><HeartRateBpm><Value>158</Value></HeartRateBpm><Cadence>22</Cadence><Extensions><ext:TPX><ext:Watts>72.44117647058823</ext:Watts><ext:Torque>20</ext:Torque></ext:TPX></Extensions></Trackpoint><Trackpoint><Time>2025-11-04T11:55:16.545Z</Time><DistanceMeters>11489.426544835444</DistanceMeters><HeartRateBpm><Value>158</Value></HeartRateBpm><Cadence>22</Cadence><Extensions><ext:TPX><ext:Watts>72.02941176470588</ext:Watts><ext:Torque>20</ext:Torque></ext:TPX></Extensions></Trackpoint><Trackpoint><Time>2025-11-04T11:55:17.950Z</Time><DistanceMeters>11495.760850124305</DistanceMeters><HeartRateBpm><Value>158</Value></HeartRateBpm><Cadence>22</Cadence><Extensions><ext:TPX><ext:Watts>66.8</ext:Watts><ext:Torque>20</ext:Torque></ext:TPX></Extensions></Trackpoint><Trackpoint><Time>2025-11-04T11:55:19.310Z</Time><DistanceMeters>11502.133262864769</DistanceMeters><HeartRateBpm><Value>158</Value></HeartRateBpm><Cadence>22</Cadence><Extensions><ext:TPX><ext:Watts>68.76470588235294</ext:Watts><ext:Torque>20</ext:Torque></ext:TPX></Extensions></Trackpoint><Trackpoint><Time>2025-11-04T11:55:20.710Z</Time><DistanceMeters>11508.413382479644</DistanceMeters><HeartRateBpm><Value>158</Value></HeartRateBpm><Cadence>22</Cadence><Extensions><ext:TPX><ext:Watts>66.22857142857143</ext:Watts><ext:Torque>20</ext:Torque></ext:TPX></Extensions></Trackpoint><Trackpoint><Time>2025-11-04T11:55:22.030Z</Time><DistanceMeters>11514.838489822183</DistanceMeters><HeartRateBpm><Value>158</Value></HeartRateBpm><Cadence>22</Cadence><Extensions><ext:TPX><ext:Watts>70.9090909090909</ext:Watts><ext:Torque>20</ext:Torque></ext:TPX></Extensions></Trackpoint><Trackpoint><Time>2025-11-04T11:55:23.430Z</Time><DistanceMeters>11521.25949218942</DistanceMeters><HeartRateBpm><Value>158</Value></HeartRateBpm><Cadence>22</Cadence><Extensions><ext:TPX><ext:Watts>67.71428571428571</ext:Watts><ext:Torque>20</ext:Torque></ext:TPX></Extensions></Trackpoint><Trackpoint><Time>2025-11-04T11:55:24.750Z</Time><DistanceMeters>11527.459446197732</DistanceMeters><HeartRateBpm><Value>158</Value></HeartRateBpm><Cadence>22</Cadence><Extensions><ext:TPX><ext:Watts>68.42424242424242</ext:Watts><ext:Torque>20</ext:Torque></ext:TPX></Extensions></Trackpoint><Trackpoint><Time>2025-11-04T11:55:26.110Z</Time><DistanceMeters>11533.79642636094</DistanceMeters><HeartRateBpm><Value>158</Value></HeartRateBpm><Cadence>22</Cadence><Extensions><ext:TPX><ext:Watts>68.38235294117646</ext:Watts><ext:Torque>20</ext:Torque></ext:TPX></Extensions></Trackpoint><Trackpoint><Time>2025-11-04T11:55:27.470Z</Time><DistanceMeters>11540.209722844393</DistanceMeters><HeartRateBpm><Value>157</Value></HeartRateBpm><Cadence>22</Cadence><Extensions><ext:TPX><ext:Watts>69.20588235294117</ext:Watts><ext:Torque>20</ext:Torque></ext:TPX></Extensions></Trackpoint><Trackpoint><Time>2025-11-04T11:55:28.870Z</Time><DistanceMeters>11546.454621771178</DistanceMeters><HeartRateBpm><Value>157</Value></HeartRateBpm><Cadence>22</Cadence><Extensions><ext:TPX><ext:Watts>65.85714285714286</ext:Watts><ext:Torque>20</ext:Torque></ext:TPX></Extensions></Trackpoint><Trackpoint><Time>2025-11-04T11:55:30.230Z</Time><DistanceMeters>11552.813406597314</DistanceMeters><HeartRateBpm><Value>157</Value></HeartRateBpm><Cadence>22</Cadence><Extensions><ext:TPX><ext:Watts>68.61764705882354</ext:Watts><ext:Torque>20</ext:Torque></ext:TPX></Extensions></Trackpoint><Trackpoint><Time>2025-11-04T11:55:31.590Z</Time><DistanceMeters>11558.902358719724</DistanceMeters><HeartRateBpm><Value>157</Value></HeartRateBpm><Cadence>22</Cadence><Extensions><ext:TPX><ext:Watts>65.70588235294117</ext:Watts><ext:Torque>20</ext:Torque></ext:TPX></Extensions></Trackpoint><Trackpoint><Time>2025-11-04T11:55:32.950Z</Time><DistanceMeters>11565.010389922198</DistanceMeters><HeartRateBpm><Value>157</Value></HeartRateBpm><Cadence>22</Cadence><Extensions><ext:TPX><ext:Watts>65.91176470588235</ext:Watts><ext:Torque>20</ext:Torque></ext:TPX></Extensions></Trackpoint><Trackpoint><Time>2025-11-04T11:55:34.351Z</Time><DistanceMeters>11571.323020941463</DistanceMeters><HeartRateBpm><Value>157</Value></HeartRateBpm><Cadence>22</Cadence><Extensions><ext:TPX><ext:Watts>66.57142857142857</ext:Watts><ext:Torque>20</ext:Torque></ext:TPX></Extensions></Trackpoint><Trackpoint><Time>2025-11-04T11:55:35.670Z</Time><DistanceMeters>11577.503754543195</DistanceMeters><HeartRateBpm><Value>157</Value></HeartRateBpm><Cadence>22</Cadence><Extensions><ext:TPX><ext:Watts>68.21212121212122</ext:Watts><ext:Torque>20</ext:Torque></ext:TPX></Extensions></Trackpoint><Trackpoint><Time>2025-11-04T11:55:37.030Z</Time><DistanceMeters>11583.502762431031</DistanceMeters><HeartRateBpm><Value>157</Value></HeartRateBpm><Cadence>22</Cadence><Extensions><ext:TPX><ext:Watts>64.73529411764706</ext:Watts><ext:Torque>20</ext:Torque></ext:TPX></Extensions></Trackpoint><Trackpoint><Time>2025-11-04T11:55:38.430Z</Time><DistanceMeters>11589.73411493932</DistanceMeters><HeartRateBpm><Value>157</Value></HeartRateBpm><Cadence>22</Cadence><Extensions><ext:TPX><ext:Watts>65.71428571428571</ext:Watts><ext:Torque>20</ext:Torque></ext:TPX></Extensions></Trackpoint><Trackpoint><Time>2025-11-04T11:55:39.750Z</Time><DistanceMeters>11595.714407158144</DistanceMeters><HeartRateBpm><Value>157</Value></HeartRateBpm><Cadence>22</Cadence><Extensions><ext:TPX><ext:Watts>66.0</ext:Watts><ext:Torque>20</ext:Torque></ext:TPX></Extensions></Trackpoint><Trackpoint><Time>2025-11-04T11:55:41.110Z</Time><DistanceMeters>11602.056838487084</DistanceMeters><HeartRateBpm><Value>157</Value></HeartRateBpm><Cadence>22</Cadence><Extensions><ext:TPX><ext:Watts>68.44117647058823</ext:Watts><ext:Torque>20</ext:Torque></ext:TPX></Extensions></Trackpoint><Trackpoint><Time>2025-11-04T11:55:42.470Z</Time><DistanceMeters>11608.333855827243</DistanceMeters><HeartRateBpm><Value>157</Value></HeartRateBpm><Cadence>22</Cadence><Extensions><ext:TPX><ext:Watts>67.73529411764706</ext:Watts><ext:Torque>20</ext:Torque></ext:TPX></Extensions></Trackpoint><Trackpoint><Time>2025-11-04T11:55:43.875Z</Time><DistanceMeters>11614.440581285366</DistanceMeters><HeartRateBpm><Value>157</Value></HeartRateBpm><Cadence>22</Cadence><Extensions><ext:TPX><ext:Watts>64.4</ext:Watts><ext:Torque>20</ext:Torque></ext:TPX></Extensions></Trackpoint><Trackpoint><Time>2025-11-04T11:55:45.235Z</Time><DistanceMeters>11620.379626350154</DistanceMeters><HeartRateBpm><Value>157</Value></HeartRateBpm><Cadence>22</Cadence><Extensions><ext:TPX><ext:Watts>64.08823529411765</ext:Watts><ext:Torque>20</ext:Torque></ext:TPX></Extensions></Trackpoint><Trackpoint><Time>2025-11-04T11:55:46.600Z</Time><DistanceMeters>11626.16603877445</DistanceMeters><HeartRateBpm><Value>157</Value></HeartRateBpm><Cadence>22</Cadence><Extensions><ext:TPX><ext:Watts>62.44117647058823</ext:Watts><ext:Torque>20</ext:Torque></ext:TPX></Extensions></Trackpoint><Trackpoint><Time>2025-11-04T11:55:47.920Z</Time><DistanceMeters>11632.009042374844</DistanceMeters><HeartRateBpm><Value>157</Value></HeartRateBpm><Cadence>22</Cadence><Extensions><ext:TPX><ext:Watts>64.48484848484848</ext:Watts><ext:Torque>20</ext:Torque></ext:TPX></Extensions></Trackpoint><Trackpoint><Time>2025-11-04T11:55:49.280Z</Time><DistanceMeters>11637.934459525302</DistanceMeters><HeartRateBpm><Value>157</Value></HeartRateBpm><Cadence>22</Cadence><Extensions><ext:TPX><ext:Watts>63.94117647058823</ext:Watts><ext:Torque>20</ext:Torque></ext:TPX></Extensions></Trackpoint><Trackpoint><Time>2025-11-04T11:55:50.680Z</Time><DistanceMeters>11643.851535124477</DistanceMeters><HeartRateBpm><Value>157</Value></HeartRateBpm><Cadence>22</Cadence><Extensions><ext:TPX><ext:Watts>62.4</ext:Watts><ext:Torque>20</ext:Torque></ext:TPX></Extensions></Trackpoint><Trackpoint><Time>2025-11-04T11:55:52.040Z</Time><DistanceMeters>11649.812384852192</DistanceMeters><HeartRateBpm><Value>157</Value></HeartRateBpm><Cadence>22</Cadence><Extensions><ext:TPX><ext:Watts>64.32352941176471</ext:Watts><ext:Torque>20</ext:Torque></ext:TPX></Extensions></Trackpoint><Trackpoint><Time>2025-11-04T11:55:53.360Z</Time><DistanceMeters>11655.66637154206</DistanceMeters><HeartRateBpm><Value>157</Value></HeartRateBpm><Cadence>22</Cadence><Extensions><ext:TPX><ext:Watts>64.60606060606061</ext:Watts><ext:Torque>20</ext:Torque></ext:TPX></Extensions></Trackpoint><Trackpoint><Time>2025-11-04T11:55:54.680Z</Time><DistanceMeters>11661.783952379315</DistanceMeters><HeartRateBpm><Value>157</Value></HeartRateBpm><Cadence>22</Cadence><Extensions><ext:TPX><ext:Watts>67.51515151515152</ext:Watts><ext:Torque>20</ext:Torque></ext:TPX></Extensions></Trackpoint><Trackpoint><Time>2025-11-04T11:55:56.041Z</Time><DistanceMeters>11667.93014174191</DistanceMeters><HeartRateBpm><Value>157</Value></HeartRateBpm><Cadence>22</Cadence><Extensions><ext:TPX><ext:Watts>66.32352941176471</ext:Watts><ext:Torque>20</ext:Torque></ext:TPX></Extensions></Trackpoint><Trackpoint><Time>2025-11-04T11:55:57.360Z</Time><DistanceMeters>11673.984569814687</DistanceMeters><HeartRateBpm><Value>157</Value></HeartRateBpm><Cadence>22</Cadence><Extensions><ext:TPX><ext:Watts>66.81818181818181</ext:Watts><ext:Torque>20</ext:Torque></ext:TPX></Extensions></Trackpoint><Trackpoint><Time>2025-11-04T11:55:58.720Z</Time><DistanceMeters>11680.373336052347</DistanceMeters><HeartRateBpm><Value>157</Value></HeartRateBpm><Cadence>22</Cadence><Extensions><ext:TPX><ext:Watts>68.94117647058823</ext:Watts><ext:Torque>20</ext:Torque></ext:TPX></Extensions></Trackpoint><Trackpoint><Time>2025-11-04T11:56:00.081Z</Time><DistanceMeters>11686.560409157932</DistanceMeters><HeartRateBpm><Value>157</Value></HeartRateBpm><Cadence>22</Cadence><Extensions><ext:TPX><ext:Watts>66.76470588235294</ext:Watts><ext:Torque>20</ext:Torque></ext:TPX></Extensions></Trackpoint><Trackpoint><Time>2025-11-04T11:56:01.401Z</Time><DistanceMeters>11692.612091458339</DistanceMeters><HeartRateBpm><Value>157</Value></HeartRateBpm><Cadence>22</Cadence><Extensions><ext:TPX><ext:Watts>66.78787878787878</ext:Watts><ext:Torque>20</ext:Torque></ext:TPX></Extensions></Trackpoint><Trackpoint><Time>2025-11-04T11:56:02.760Z</Time><DistanceMeters>11698.698317997885</DistanceMeters><HeartRateBpm><Value>157</Value></HeartRateBpm><Cadence>22</Cadence><Extensions><ext:TPX><ext:Watts>65.67647058823529</ext:Watts><ext:Torque>20</ext:Torque></ext:TPX></Extensions></Trackpoint><Trackpoint><Time>2025-11-04T11:56:04.081Z</Time><DistanceMeters>11704.876305827249</DistanceMeters><HeartRateBpm><Value>157</Value></HeartRateBpm><Cadence>22</Cadence><Extensions><ext:TPX><ext:Watts>68.18181818181819</ext:Watts><ext:Torque>20</ext:Torque></ext:TPX></Extensions></Trackpoint><Trackpoint><Time>2025-11-04T11:56:05.441Z</Time><DistanceMeters>11711.156048750274</DistanceMeters><HeartRateBpm><Value>157</Value></HeartRateBpm><Cadence>22</Cadence><Extensions><ext:TPX><ext:Watts>67.76470588235294</ext:Watts><ext:Torque>20</ext:Torque></ext:TPX></Extensions></Trackpoint><Trackpoint><Time>2025-11-04T11:56:06.801Z</Time><DistanceMeters>11717.411261427505</DistanceMeters><HeartRateBpm><Value>157</Value></HeartRateBpm><Cadence>22</Cadence><Extensions><ext:TPX><ext:Watts>67.5</ext:Watts><ext:Torque>20</ext:Torque></ext:TPX></Extensions></Trackpoint><Trackpoint><Time>2025-11-04T11:56:08.121Z</Time><DistanceMeters>11723.762232916091</DistanceMeters><HeartRateBpm><Value>157</Value></HeartRateBpm><Cadence>22</Cadence><Extensions><ext:TPX><ext:Watts>70.0909090909091</ext:Watts><ext:Torque>20</ext:Torque></ext:TPX></Extensions></Trackpoint><Trackpoint><Time>2025-11-04T11:56:09.401Z</Time><DistanceMeters>11729.791686144452</DistanceMeters><HeartRateBpm><Value>157</Value></HeartRateBpm><Cadence>24</Cadence><Extensions><ext:TPX><ext:Watts>69.5</ext:Watts><ext:Torque>20</ext:Torque></ext:TPX></Extensions></Trackpoint><Trackpoint><Time>2025-11-04T11:56:10.761Z</Time><DistanceMeters>11736.093233730404</DistanceMeters><HeartRateBpm><Value>157</Value></HeartRateBpm><Cadence>22</Cadence><Extensions><ext:TPX><ext:Watts>68.0</ext:Watts><ext:Torque>20</ext:Torque></ext:TPX></Extensions></Trackpoint><Trackpoint><Time>2025-11-04T11:56:12.121Z</Time><DistanceMeters>11742.176734687084</DistanceMeters><HeartRateBpm><Value>157</Value></HeartRateBpm><Cadence>22</Cadence><Extensions><ext:TPX><ext:Watts>65.6470588235294</ext:Watts><ext:Torque>20</ext:Torque></ext:TPX></Extensions></Trackpoint><Trackpoint><Time>2025-11-04T11:56:13.442Z</Time><DistanceMeters>11748.26960357302</DistanceMeters><HeartRateBpm><Value>157</Value></HeartRateBpm><Cadence>22</Cadence><Extensions><ext:TPX><ext:Watts>67.24242424242425</ext:Watts><ext:Torque>20</ext:Torque></ext:TPX></Extensions></Trackpoint><Trackpoint><Time>2025-11-04T11:56:14.806Z</Time><DistanceMeters>11754.503011587325</DistanceMeters><HeartRateBpm><Value>157</Value></HeartRateBpm><Cadence>22</Cadence><Extensions><ext:TPX><ext:Watts>67.26470588235294</ext:Watts><ext:Torque>20</ext:Torque></ext:TPX></Extensions></Trackpoint><Trackpoint><Time>2025-11-04T11:56:16.166Z</Time><DistanceMeters>11760.627396286993</DistanceMeters><HeartRateBpm><Value>157</Value></HeartRateBpm><Cadence>22</Cadence><Extensions><ext:TPX><ext:Watts>66.08823529411765</ext:Watts><ext:Torque>20</ext:Torque></ext:TPX></Extensions></Trackpoint><Trackpoint><Time>2025-11-04T11:56:17.526Z</Time><DistanceMeters>11766.795390312514</DistanceMeters><HeartRateBpm><Value>157</Value></HeartRateBpm><Cadence>22</Cadence><Extensions><ext:TPX><ext:Watts>66.55882352941177</ext:Watts><ext:Torque>20</ext:Torque></ext:TPX></Extensions></Trackpoint><Trackpoint><Time>2025-11-04T11:56:18.851Z</Time><DistanceMeters>11772.954157735297</DistanceMeters><HeartRateBpm><Value>157</Value></HeartRateBpm><Cadence>22</Cadence><Extensions><ext:TPX><ext:Watts>67.96969696969697</ext:Watts><ext:Torque>20</ext:Torque></ext:TPX></Extensions></Trackpoint><Trackpoint><Time>2025-11-04T11:56:20.211Z</Time><DistanceMeters>11779.06218893777</DistanceMeters><HeartRateBpm><Value>157</Value></HeartRateBpm><Cadence>22</Cadence><Extensions><ext:TPX><ext:Watts>65.91176470588235</ext:Watts><ext:Torque>20</ext:Torque></ext:TPX></Extensions></Trackpoint><Trackpoint><Time>2025-11-04T11:56:21.531Z</Time><DistanceMeters>11785.138583189497</DistanceMeters><HeartRateBpm><Value>157</Value></HeartRateBpm><Cadence>22</Cadence><Extensions><ext:TPX><ext:Watts>67.06060606060606</ext:Watts><ext:Torque>20</ext:Torque></ext:TPX></Extensions></Trackpoint><Trackpoint><Time>2025-11-04T11:56:22.891Z</Time><DistanceMeters>11791.260242306298</DistanceMeters><HeartRateBpm><Value>157</Value></HeartRateBpm><Cadence>22</Cadence><Extensions><ext:TPX><ext:Watts>66.05882352941177</ext:Watts><ext:Torque>20</ext:Torque></ext:TPX></Extensions></Trackpoint><Trackpoint><Time>2025-11-04T11:56:24.251Z</Time><DistanceMeters>11797.191110622487</DistanceMeters><HeartRateBpm><Value>157</Value></HeartRateBpm><Cadence>22</Cadence><Extensions><ext:TPX><ext:Watts>64.0</ext:Watts><ext:Torque>20</ext:Torque></ext:TPX></Extensions></Trackpoint><Trackpoint><Time>2025-11-04T11:56:25.571Z</Time><DistanceMeters>11803.102758532095</DistanceMeters><HeartRateBpm><Value>156</Value></HeartRateBpm><Cadence>22</Cadence><Extensions><ext:TPX><ext:Watts>65.24242424242425</ext:Watts><ext:Torque>20</ext:Torque></ext:TPX></Extensions></Trackpoint><Trackpoint><Time>2025-11-04T11:56:26.941Z</Time><DistanceMeters>11809.194436237372</DistanceMeters><HeartRateBpm><Value>156</Value></HeartRateBpm><Cadence>22</Cadence><Extensions><ext:TPX><ext:Watts>65.73529411764706</ext:Watts><ext:Torque>20</ext:Torque></ext:TPX></Extensions></Trackpoint><Trackpoint><Time>2025-11-04T11:56:28.261Z</Time><DistanceMeters>11815.03194829303</DistanceMeters><HeartRateBpm><Value>156</Value></HeartRateBpm><Cadence>22</Cadence><Extensions><ext:TPX><ext:Watts>64.42424242424242</ext:Watts><ext:Torque>20</ext:Torque></ext:TPX></Extensions></Trackpoint><Trackpoint><Time>2025-11-04T11:56:29.621Z</Time><DistanceMeters>11821.10182133538</DistanceMeters><HeartRateBpm><Value>156</Value></HeartRateBpm><Cadence>22</Cadence><Extensions><ext:TPX><ext:Watts>65.5</ext:Watts><ext:Torque>20</ext:Torque></ext:TPX></Extensions></Trackpoint><Trackpoint><Time>2025-11-04T11:56:30.941Z</Time><DistanceMeters>11826.97228265946</DistanceMeters><HeartRateBpm><Value>156</Value></HeartRateBpm><Cadence>22</Cadence><Extensions><ext:TPX><ext:Watts>64.78787878787878</ext:Watts><ext:Torque>20</ext:Torque></ext:TPX></Extensions></Trackpoint><Trackpoint><Time>2025-11-04T11:56:32.266Z</Time><DistanceMeters>11833.087117724346</DistanceMeters><HeartRateBpm><Value>156</Value></HeartRateBpm><Cadence>22</Cadence><Extensions><ext:TPX><ext:Watts>67.48484848484848</ext:Watts><ext:Torque>20</ext:Torque></ext:TPX></Extensions></Trackpoint><Trackpoint><Time>2025-11-04T11:56:33.586Z</Time><DistanceMeters>11838.828527747102</DistanceMeters><HeartRateBpm><Value>156</Value></HeartRateBpm><Cadence>22</Cadence><Extensions><ext:TPX><ext:Watts>63.36363636363637</ext:Watts><ext:Torque>20</ext:Torque></ext:TPX></Extensions></Trackpoint><Trackpoint><Time>2025-11-04T11:56:34.906Z</Time><DistanceMeters>11844.932379722513</DistanceMeters><HeartRateBpm><Value>156</Value></HeartRateBpm><Cadence>22</Cadence><Extensions><ext:TPX><ext:Watts>67.36363636363636</ext:Watts><ext:Torque>20</ext:Torque></ext:TPX></Extensions></Trackpoint><Trackpoint><Time>2025-11-04T11:56:36.229Z</Time><DistanceMeters>11851.060943649243</DistanceMeters><HeartRateBpm><Value>156</Value></HeartRateBpm><Cadence>22</Cadence><Extensions><ext:TPX><ext:Watts>67.63636363636364</ext:Watts><ext:Torque>20</ext:Torque></ext:TPX></Extensions></Trackpoint><Trackpoint><Time>2025-11-04T11:56:37.551Z</Time><DistanceMeters>11857.260897657556</DistanceMeters><HeartRateBpm><Value>156</Value></HeartRateBpm><Cadence>22</Cadence><Extensions><ext:TPX><ext:Watts>68.42424242424242</ext:Watts><ext:Torque>20</ext:Torque></ext:TPX></Extensions></Trackpoint><Trackpoint><Time>2025-11-04T11:56:38.871Z</Time><DistanceMeters>11863.304342640859</DistanceMeters><HeartRateBpm><Value>156</Value></HeartRateBpm><Cadence>22</Cadence><Extensions><ext:TPX><ext:Watts>66.6969696969697</ext:Watts><ext:Torque>20</ext:Torque></ext:TPX></Extensions></Trackpoint><Trackpoint><Time>2025-11-04T11:56:40.191Z</Time><DistanceMeters>11869.130871607042</DistanceMeters><HeartRateBpm><Value>156</Value></HeartRateBpm><Cadence>22</Cadence><Extensions><ext:TPX><ext:Watts>64.3030303030303</ext:Watts><ext:Torque>20</ext:Torque></ext:TPX></Extensions></Trackpoint><Trackpoint><Time>2025-11-04T11:56:41.511Z</Time><DistanceMeters>11874.94641748375</DistanceMeters><HeartRateBpm><Value>156</Value></HeartRateBpm><Cadence>22</Cadence><Extensions><ext:TPX><ext:Watts>64.18181818181819</ext:Watts><ext:Torque>20</ext:Torque></ext:TPX></Extensions></Trackpoint><Trackpoint><Time>2025-11-04T11:56:42.871Z</Time><DistanceMeters>11881.141667337932</DistanceMeters><HeartRateBpm><Value>156</Value></HeartRateBpm><Cadence>22</Cadence><Extensions><ext:TPX><ext:Watts>66.8529411764706</ext:Watts><ext:Torque>20</ext:Torque></ext:TPX></Extensions></Trackpoint><Trackpoint><Time>2025-11-04T11:56:44.191Z</Time><DistanceMeters>11887.402028338354</DistanceMeters><HeartRateBpm><Value>155</Value></HeartRateBpm><Cadence>22</Cadence><Extensions><ext:TPX><ext:Watts>69.0909090909091</ext:Watts><ext:Torque>20</ext:Torque></ext:TPX></Extensions></Trackpoint><Trackpoint><Time>2025-11-04T11:56:45.556Z</Time><DistanceMeters>11893.267482665762</DistanceMeters><HeartRateBpm><Value>155</Value></HeartRateBpm><Cadence>22</Cadence><Extensions><ext:TPX><ext:Watts>63.294117647058826</ext:Watts><ext:Torque>20</ext:Torque></ext:TPX></Extensions></Trackpoint><Trackpoint><Time>2025-11-04T11:56:46.881Z</Time><DistanceMeters>11899.132452445105</DistanceMeters><HeartRateBpm><Value>155</Value></HeartRateBpm><Cadence>22</Cadence><Extensions><ext:TPX><ext:Watts>64.72727272727273</ext:Watts><ext:Torque>20</ext:Torque></ext:TPX></Extensions></Trackpoint><Trackpoint><Time>2025-11-04T11:56:48.202Z</Time><DistanceMeters>11905.066066533664</DistanceMeters><HeartRateBpm><Value>155</Value></HeartRateBpm><Cadence>22</Cadence><Extensions><ext:TPX><ext:Watts>65.48484848484848</ext:Watts><ext:Torque>20</ext:Torque></ext:TPX></Extensions></Trackpoint><Trackpoint><Time>2025-11-04T11:56:49.561Z</Time><DistanceMeters>11911.100506998757</DistanceMeters><HeartRateBpm><Value>155</Value></HeartRateBpm><Cadence>22</Cadence><Extensions><ext:TPX><ext:Watts>65.11764705882354</ext:Watts><ext:Torque>20</ext:Torque></ext:TPX></Extensions></Trackpoint><Trackpoint><Time>2025-11-04T11:56:50.882Z</Time><DistanceMeters>11916.850154338617</DistanceMeters><HeartRateBpm><Value>155</Value></HeartRateBpm><Cadence>22</Cadence><Extensions><ext:TPX><ext:Watts>63.45454545454545</ext:Watts><ext:Torque>20</ext:Torque></ext:TPX></Extensions></Trackpoint><Trackpoint><Time>2025-11-04T11:56:52.201Z</Time><DistanceMeters>11922.802988833755</DistanceMeters><HeartRateBpm><Value>155</Value></HeartRateBpm><Cadence>22</Cadence><Extensions><ext:TPX><ext:Watts>65.6969696969697</ext:Watts><ext:Torque>20</ext:Torque></ext:TPX></Extensions></Trackpoint><Trackpoint><Time>2025-11-04T11:56:53.521Z</Time><DistanceMeters>11928.854671134162</DistanceMeters><HeartRateBpm><Value>155</Value></HeartRateBpm><Cadence>22</Cadence><Extensions><ext:TPX><ext:Watts>66.78787878787878</ext:Watts><ext:Torque>20</ext:Torque></ext:TPX></Extensions></Trackpoint><Trackpoint><Time>2025-11-04T11:56:54.881Z</Time><DistanceMeters>11934.744655707364</DistanceMeters><HeartRateBpm><Value>155</Value></HeartRateBpm><Cadence>22</Cadence><Extensions><ext:TPX><ext:Watts>63.55882352941177</ext:Watts><ext:Torque>20</ext:Torque></ext:TPX></Extensions></Trackpoint><Trackpoint><Time>2025-11-04T11:56:56.202Z</Time><DistanceMeters>11940.917151991991</DistanceMeters><HeartRateBpm><Value>155</Value></HeartRateBpm><Cadence>22</Cadence><Extensions><ext:TPX><ext:Watts>68.12121212121212</ext:Watts><ext:Torque>20</ext:Torque></ext:TPX></Extensions></Trackpoint><Trackpoint><Time>2025-11-04T11:56:57.561Z</Time><DistanceMeters>11946.867099388242</DistanceMeters><HeartRateBpm><Value>155</Value></HeartRateBpm><Cadence>22</Cadence><Extensions><ext:TPX><ext:Watts>64.20588235294117</ext:Watts><ext:Torque>20</ext:Torque></ext:TPX></Extensions></Trackpoint><Trackpoint><Time>2025-11-04T11:56:58.921Z</Time><DistanceMeters>11952.808870035895</DistanceMeters><HeartRateBpm><Value>155</Value></HeartRateBpm><Cadence>22</Cadence><Extensions><ext:TPX><ext:Watts>64.11764705882354</ext:Watts><ext:Torque>20</ext:Torque></ext:TPX></Extensions></Trackpoint><Trackpoint><Time>2025-11-04T11:57:00.246Z</Time><DistanceMeters>11958.874281198146</DistanceMeters><HeartRateBpm><Value>155</Value></HeartRateBpm><Cadence>22</Cadence><Extensions><ext:TPX><ext:Watts>66.93939393939394</ext:Watts><ext:Torque>20</ext:Torque></ext:TPX></Extensions></Trackpoint><Trackpoint><Time>2025-11-04T11:57:01.606Z</Time><DistanceMeters>11964.976861234887</DistanceMeters><HeartRateBpm><Value>155</Value></HeartRateBpm><Cadence>22</Cadence><Extensions><ext:TPX><ext:Watts>65.8529411764706</ext:Watts><ext:Torque>20</ext:Torque></ext:TPX></Extensions></Trackpoint><Trackpoint><Time>2025-11-04T11:57:02.966Z</Time><DistanceMeters>11970.768724824917</DistanceMeters><HeartRateBpm><Value>156</Value></HeartRateBpm><Cadence>22</Cadence><Extensions><ext:TPX><ext:Watts>62.5</ext:Watts><ext:Torque>20</ext:Torque></ext:TPX></Extensions></Trackpoint><Trackpoint><Time>2025-11-04T11:57:04.327Z</Time><DistanceMeters>11976.609648906531</DistanceMeters><HeartRateBpm><Value>155</Value></HeartRateBpm><Cadence>22</Cadence><Extensions><ext:TPX><ext:Watts>63.029411764705884</ext:Watts><ext:Torque>20</ext:Torque></ext:TPX></Extensions></Trackpoint><Trackpoint><Time>2025-11-04T11:57:05.646Z</Time><DistanceMeters>11982.58170380825</DistanceMeters><HeartRateBpm><Value>155</Value></HeartRateBpm><Cadence>22</Cadence><Extensions><ext:TPX><ext:Watts>65.9090909090909</ext:Watts><ext:Torque>20</ext:Torque></ext:TPX></Extensions></Trackpoint><Trackpoint><Time>2025-11-04T11:57:07.007Z</Time><DistanceMeters>11988.278171997972</DistanceMeters><HeartRateBpm><Value>155</Value></HeartRateBpm><Cadence>22</Cadence><Extensions><ext:TPX><ext:Watts>61.470588235294116</ext:Watts><ext:Torque>20</ext:Torque></ext:TPX></Extensions></Trackpoint><Trackpoint><Time>2025-11-04T11:57:08.337Z</Time><DistanceMeters>11994.195311452318</DistanceMeters><HeartRateBpm><Value>155</Value></HeartRateBpm><Cadence>22</Cadence><Extensions><ext:TPX><ext:Watts>65.3030303030303</ext:Watts><ext:Torque>20</ext:Torque></ext:TPX></Extensions></Trackpoint><Trackpoint><Time>2025-11-04T11:57:09.696Z</Time><DistanceMeters>12000.093472774117</DistanceMeters><HeartRateBpm><Value>155</Value></HeartRateBpm><Cadence>22</Cadence><Extensions><ext:TPX><ext:Watts>63.64705882352941</ext:Watts><ext:Torque>20</ext:Torque></ext:TPX></Extensions></Trackpoint><Trackpoint><Time>2025-11-04T11:57:11.022Z</Time><DistanceMeters>12005.873323610032</DistanceMeters><HeartRateBpm><Value>155</Value></HeartRateBpm><Cadence>22</Cadence><Extensions><ext:TPX><ext:Watts>63.78787878787879</ext:Watts><ext:Torque>20</ext:Torque></ext:TPX></Extensions></Trackpoint><Trackpoint><Time>2025-11-04T11:57:12.382Z</Time><DistanceMeters>12011.569791799755</DistanceMeters><HeartRateBpm><Value>155</Value></HeartRateBpm><Cadence>22</Cadence><Extensions><ext:TPX><ext:Watts>61.470588235294116</ext:Watts><ext:Torque>20</ext:Torque></ext:TPX></Extensions></Trackpoint><Trackpoint><Time>2025-11-04T11:57:13.742Z</Time><DistanceMeters>12017.233552995087</DistanceMeters><HeartRateBpm><Value>155</Value></HeartRateBpm><Cadence>22</Cadence><Extensions><ext:TPX><ext:Watts>61.11764705882353</ext:Watts><ext:Torque>20</ext:Torque></ext:TPX></Extensions></Trackpoint><Trackpoint><Time>2025-11-04T11:57:15.062Z</Time><DistanceMeters>12022.80197935862</DistanceMeters><HeartRateBpm><Value>155</Value></HeartRateBpm><Cadence>22</Cadence><Extensions><ext:TPX><ext:Watts>61.45454545454545</ext:Watts><ext:Torque>20</ext:Torque></ext:TPX></Extensions></Trackpoint><Trackpoint><Time>2025-11-04T11:57:16.427Z</Time><DistanceMeters>12028.253145090413</DistanceMeters><HeartRateBpm><Value>155</Value></HeartRateBpm><Cadence>22</Cadence><Extensions><ext:TPX><ext:Watts>58.8235294117647</ext:Watts><ext:Torque>20</ext:Torque></ext:TPX></Extensions></Trackpoint><Trackpoint><Time>2025-11-04T11:57:17.752Z</Time><DistanceMeters>12033.91218194211</DistanceMeters><HeartRateBpm><Value>155</Value></HeartRateBpm><Cadence>22</Cadence><Extensions><ext:TPX><ext:Watts>62.45454545454545</ext:Watts><ext:Torque>20</ext:Torque></ext:TPX></Extensions></Trackpoint><Trackpoint><Time>2025-11-04T11:57:19.072Z</Time><DistanceMeters>12039.505320256962</DistanceMeters><HeartRateBpm><Value>155</Value></HeartRateBpm><Cadence>22</Cadence><Extensions><ext:TPX><ext:Watts>61.72727272727273</ext:Watts><ext:Torque>20</ext:Torque></ext:TPX></Extensions></Trackpoint><Trackpoint><Time>2025-11-04T11:57:20.397Z</Time><DistanceMeters>12045.329103450775</DistanceMeters><HeartRateBpm><Value>155</Value></HeartRateBpm><Cadence>22</Cadence><Extensions><ext:TPX><ext:Watts>64.27272727272727</ext:Watts><ext:Torque>20</ext:Torque></ext:TPX></Extensions></Trackpoint><Trackpoint><Time>2025-11-04T11:57:21.721Z</Time><DistanceMeters>12051.224276726172</DistanceMeters><HeartRateBpm><Value>155</Value></HeartRateBpm><Cadence>22</Cadence><Extensions><ext:TPX><ext:Watts>65.06060606060606</ext:Watts><ext:Torque>20</ext:Torque></ext:TPX></Extensions></Trackpoint><Trackpoint><Time>2025-11-04T11:57:23.037Z</Time><DistanceMeters>12056.298284991246</DistanceMeters><HeartRateBpm><Value>155</Value></HeartRateBpm><Cadence>23</Cadence><Extensions><ext:TPX><ext:Watts>57.24242424242424</ext:Watts><ext:Torque>20</ext:Torque></ext:TPX></Extensions></Trackpoint><Trackpoint><Time>2025-11-04T11:57:24.357Z</Time><DistanceMeters>12061.951830298207</DistanceMeters><HeartRateBpm><Value>155</Value></HeartRateBpm><Cadence>22</Cadence><Extensions><ext:TPX><ext:Watts>62.39393939393939</ext:Watts><ext:Torque>20</ext:Torque></ext:TPX></Extensions></Trackpoint><Trackpoint><Time>2025-11-04T11:57:25.677Z</Time><DistanceMeters>12067.388459588046</DistanceMeters><HeartRateBpm><Value>155</Value></HeartRateBpm><Cadence>22</Cadence><Extensions><ext:TPX><ext:Watts>60.0</ext:Watts><ext:Torque>20</ext:Torque></ext:TPX></Extensions></Trackpoint><Trackpoint><Time>2025-11-04T11:57:27.037Z</Time><DistanceMeters>12072.834174154106</DistanceMeters><HeartRateBpm><Value>155</Value></HeartRateBpm><Cadence>22</Cadence><Extensions><ext:TPX><ext:Watts>58.76470588235294</ext:Watts><ext:Torque>20</ext:Torque></ext:TPX></Extensions></Trackpoint><Trackpoint><Time>2025-11-04T11:57:28.357Z</Time><DistanceMeters>12078.191176045257</DistanceMeters><HeartRateBpm><Value>155</Value></HeartRateBpm><Cadence>22</Cadence><Extensions><ext:TPX><ext:Watts>59.121212121212125</ext:Watts><ext:Torque>20</ext:Torque></ext:TPX></Extensions></Trackpoint><Trackpoint><Time>2025-11-04T11:57:29.717Z</Time><DistanceMeters>12083.478806805095</DistanceMeters><HeartRateBpm><Value>155</Value></HeartRateBpm><Cadence>22</Cadence><Extensions><ext:TPX><ext:Watts>57.05882352941177</ext:Watts><ext:Torque>20</ext:Torque></ext:TPX></Extensions></Trackpoint><Trackpoint><Time>2025-11-04T11:57:31.037Z</Time><DistanceMeters>12088.82482560677</DistanceMeters><HeartRateBpm><Value>155</Value></HeartRateBpm><Cadence>22</Cadence><Extensions><ext:TPX><ext:Watts>59.0</ext:Watts><ext:Torque>20</ext:Torque></ext:TPX></Extensions></Trackpoint><Trackpoint><Time>2025-11-04T11:57:32.437Z</Time><DistanceMeters>12094.170242345403</DistanceMeters><HeartRateBpm><Value>155</Value></HeartRateBpm><Cadence>22</Cadence><Extensions><ext:TPX><ext:Watts>56.371428571428574</ext:Watts><ext:Torque>20</ext:Torque></ext:TPX></Extensions></Trackpoint><Trackpoint><Time>2025-11-04T11:57:33.757Z</Time><DistanceMeters>12099.524498464185</DistanceMeters><HeartRateBpm><Value>155</Value></HeartRateBpm><Cadence>22</Cadence><Extensions><ext:TPX><ext:Watts>59.09090909090909</ext:Watts><ext:Torque>20</ext:Torque></ext:TPX></Extensions></Trackpoint><Trackpoint><Time>2025-11-04T11:57:35.122Z</Time><DistanceMeters>12104.921152538658</DistanceMeters><HeartRateBpm><Value>155</Value></HeartRateBpm><Cadence>22</Cadence><Extensions><ext:TPX><ext:Watts>58.23529411764706</ext:Watts><ext:Torque>20</ext:Torque></ext:TPX></Extensions></Trackpoint><Trackpoint><Time>2025-11-04T11:57:36.482Z</Time><DistanceMeters>12110.170625138373</DistanceMeters><HeartRateBpm><Value>155</Value></HeartRateBpm><Cadence>22</Cadence><Extensions><ext:TPX><ext:Watts>56.64705882352941</ext:Watts><ext:Torque>20</ext:Torque></ext:TPX></Extensions></Trackpoint><Trackpoint><Time>2025-11-04T11:57:37.843Z</Time><DistanceMeters>12115.362860497904</DistanceMeters><HeartRateBpm><Value>155</Value></HeartRateBpm><Cadence>22</Cadence><Extensions><ext:TPX><ext:Watts>56.029411764705884</ext:Watts><ext:Torque>20</ext:Torque></ext:TPX></Extensions></Trackpoint><Trackpoint><Time>2025-11-04T11:57:39.202Z</Time><DistanceMeters>12120.628686594815</DistanceMeters><HeartRateBpm><Value>154</Value></HeartRateBpm><Cadence>22</Cadence><Extensions><ext:TPX><ext:Watts>56.8235294117647</ext:Watts><ext:Torque>20</ext:Torque></ext:TPX></Extensions></Trackpoint><Trackpoint><Time>2025-11-04T11:57:40.523Z</Time><DistanceMeters>12125.862128729379</DistanceMeters><HeartRateBpm><Value>154</Value></HeartRateBpm><Cadence>22</Cadence><Extensions><ext:TPX><ext:Watts>57.75757575757576</ext:Watts><ext:Torque>20</ext:Torque></ext:TPX></Extensions></Trackpoint><Trackpoint><Time>2025-11-04T11:57:41.882Z</Time><DistanceMeters>12131.089796666167</DistanceMeters><HeartRateBpm><Value>154</Value></HeartRateBpm><Cadence>22</Cadence><Extensions><ext:TPX><ext:Watts>56.411764705882355</ext:Watts><ext:Torque>20</ext:Torque></ext:TPX></Extensions></Trackpoint><Trackpoint><Time>2025-11-04T11:57:43.247Z</Time><DistanceMeters>12136.350171597345</DistanceMeters><HeartRateBpm><Value>154</Value></HeartRateBpm><Cadence>22</Cadence><Extensions><ext:TPX><ext:Watts>56.76470588235294</ext:Watts><ext:Torque>20</ext:Torque></ext:TPX></Extensions></Trackpoint><Trackpoint><Time>2025-11-04T11:57:44.612Z</Time><DistanceMeters>12141.847672237856</DistanceMeters><HeartRateBpm><Value>153</Value></HeartRateBpm><Cadence>22</Cadence><Extensions><ext:TPX><ext:Watts>59.3235294117647</ext:Watts><ext:Torque>20</ext:Torque></ext:TPX></Extensions></Trackpoint><Trackpoint><Time>2025-11-04T11:57:45.972Z</Time><DistanceMeters>12147.099870420438</DistanceMeters><HeartRateBpm><Value>153</Value></HeartRateBpm><Cadence>22</Cadence><Extensions><ext:TPX><ext:Watts>56.6764705882353</ext:Watts><ext:Torque>20</ext:Torque></ext:TPX></Extensions></Trackpoint><Trackpoint><Time>2025-11-04T11:57:47.332Z</Time><DistanceMeters>12152.373873265946</DistanceMeters><HeartRateBpm><Value>153</Value></HeartRateBpm><Cadence>22</Cadence><Extensions><ext:TPX><ext:Watts>56.911764705882355</ext:Watts><ext:Torque>20</ext:Torque></ext:TPX></Extensions></Trackpoint><Trackpoint><Time>2025-11-04T11:57:48.692Z</Time><DistanceMeters>12157.307178253217</DistanceMeters><HeartRateBpm><Value>153</Value></HeartRateBpm><Cadence>22</Cadence><Extensions><ext:TPX><ext:Watts>53.23529411764706</ext:Watts><ext:Torque>20</ext:Torque></ext:TPX></Extensions></Trackpoint><Trackpoint><Time>2025-11-04T11:57:50.022Z</Time><DistanceMeters>12162.315467053555</DistanceMeters><HeartRateBpm><Value>153</Value></HeartRateBpm><Cadence>22</Cadence><Extensions><ext:TPX><ext:Watts>55.27272727272727</ext:Watts><ext:Torque>20</ext:Torque></ext:TPX></Extensions></Trackpoint><Trackpoint><Time>2025-11-04T11:57:51.384Z</Time><DistanceMeters>12167.232418543632</DistanceMeters><HeartRateBpm><Value>152</Value></HeartRateBpm><Cadence>22</Cadence><Extensions><ext:TPX><ext:Watts>53.05882352941177</ext:Watts><ext:Torque>20</ext:Torque></ext:TPX></Extensions></Trackpoint><Trackpoint><Time>2025-11-04T11:57:52.742Z</Time><DistanceMeters>12172.252942182613</DistanceMeters><HeartRateBpm><Value>152</Value></HeartRateBpm><Cadence>22</Cadence><Extensions><ext:TPX><ext:Watts>54.1764705882353</ext:Watts><ext:Torque>20</ext:Torque></ext:TPX></Extensions></Trackpoint><Trackpoint><Time>2025-11-04T11:57:54.102Z</Time><DistanceMeters>12177.03634011226</DistanceMeters><HeartRateBpm><Value>152</Value></HeartRateBpm><Cadence>22</Cadence><Extensions><ext:TPX><ext:Watts>51.61764705882353</ext:Watts><ext:Torque>20</ext:Torque></ext:TPX></Extensions></Trackpoint><Trackpoint><Time>2025-11-04T11:57:55.462Z</Time><DistanceMeters>12181.887877613553</DistanceMeters><HeartRateBpm><Value>152</Value></HeartRateBpm><Cadence>22</Cadence><Extensions><ext:TPX><ext:Watts>52.35294117647059</ext:Watts><ext:Torque>20</ext:Torque></ext:TPX></Extensions></Trackpoint><Trackpoint><Time>2025-11-04T11:57:56.822Z</Time><DistanceMeters>12186.755768612044</DistanceMeters><HeartRateBpm><Value>152</Value></HeartRateBpm><Cadence>22</Cadence><Extensions><ext:TPX><ext:Watts>52.529411764705884</ext:Watts><ext:Torque>20</ext:Torque></ext:TPX></Extensions></Trackpoint><Trackpoint><Time>2025-11-04T11:57:58.222Z</Time><DistanceMeters>12191.613514284809</DistanceMeters><HeartRateBpm><Value>151</Value></HeartRateBpm><Cadence>22</Cadence><Extensions><ext:TPX><ext:Watts>51.22857142857143</ext:Watts><ext:Torque>20</ext:Torque></ext:TPX></Extensions></Trackpoint><Trackpoint><Time>2025-11-04T11:57:59.542Z</Time><DistanceMeters>12196.638277719358</DistanceMeters><HeartRateBpm><Value>151</Value></HeartRateBpm><Cadence>22</Cadence><Extensions><ext:TPX><ext:Watts>55.45454545454545</ext:Watts><ext:Torque>20</ext:Torque></ext:TPX></Extensions></Trackpoint><Trackpoint><Time>2025-11-04T11:58:00.902Z</Time><DistanceMeters>12201.462559391994</DistanceMeters><HeartRateBpm><Value>151</Value></HeartRateBpm><Cadence>22</Cadence><Extensions><ext:TPX><ext:Watts>52.05882352941177</ext:Watts><ext:Torque>20</ext:Torque></ext:TPX></Extensions></Trackpoint><Trackpoint><Time>2025-11-04T11:58:02.302Z</Time><DistanceMeters>12206.298630795165</DistanceMeters><HeartRateBpm><Value>151</Value></HeartRateBpm><Cadence>22</Cadence><Extensions><ext:TPX><ext:Watts>51.0</ext:Watts><ext:Torque>20</ext:Torque></ext:TPX></Extensions></Trackpoint><Trackpoint><Time>2025-11-04T11:58:03.663Z</Time><DistanceMeters>12211.027517067494</DistanceMeters><HeartRateBpm><Value>151</Value></HeartRateBpm><Cadence>22</Cadence><Extensions><ext:TPX><ext:Watts>51.029411764705884</ext:Watts><ext:Torque>20</ext:Torque></ext:TPX></Extensions></Trackpoint><Trackpoint><Time>2025-11-04T11:58:05.022Z</Time><DistanceMeters>12215.658282356651</DistanceMeters><HeartRateBpm><Value>150</Value></HeartRateBpm><Cadence>22</Cadence><Extensions><ext:TPX><ext:Watts>49.970588235294116</ext:Watts><ext:Torque>20</ext:Torque></ext:TPX></Extensions></Trackpoint><Trackpoint><Time>2025-11-04T11:58:06.382Z</Time><DistanceMeters>12220.324480223066</DistanceMeters><HeartRateBpm><Value>150</Value></HeartRateBpm><Cadence>22</Cadence><Extensions><ext:TPX><ext:Watts>50.35294117647059</ext:Watts><ext:Torque>20</ext:Torque></ext:TPX></Extensions></Trackpoint><Trackpoint><Time>2025-11-04T11:58:07.782Z</Time><DistanceMeters>12225.350201485186</DistanceMeters><HeartRateBpm><Value>150</Value></HeartRateBpm><Cadence>22</Cadence><Extensions><ext:TPX><ext:Watts>53.0</ext:Watts><ext:Torque>20</ext:Torque></ext:TPX></Extensions></Trackpoint><Trackpoint><Time>2025-11-04T11:58:09.142Z</Time><DistanceMeters>12230.10906916904</DistanceMeters><HeartRateBpm><Value>150</Value></HeartRateBpm><Cadence>22</Cadence><Extensions><ext:TPX><ext:Watts>51.35294117647059</ext:Watts><ext:Torque>20</ext:Torque></ext:TPX></Extensions></Trackpoint><Trackpoint><Time>2025-11-04T11:58:10.462Z</Time><DistanceMeters>12234.724712520667</DistanceMeters><HeartRateBpm><Value>149</Value></HeartRateBpm><Cadence>22</Cadence><Extensions><ext:TPX><ext:Watts>50.93939393939394</ext:Watts><ext:Torque>20</ext:Torque></ext:TPX></Extensions></Trackpoint><Trackpoint><Time>2025-11-04T11:58:11.902Z</Time><DistanceMeters>12239.406254409141</DistanceMeters><HeartRateBpm><Value>149</Value></HeartRateBpm><Cadence>21</Cadence><Extensions><ext:TPX><ext:Watts>48.22222222222222</ext:Watts><ext:Torque>20</ext:Torque></ext:TPX></Extensions></Trackpoint><Trackpoint><Time>2025-11-04T11:58:13.302Z</Time><DistanceMeters>12244.209814407923</DistanceMeters><HeartRateBpm><Value>149</Value></HeartRateBpm><Cadence>22</Cadence><Extensions><ext:TPX><ext:Watts>50.65714285714286</ext:Watts><ext:Torque>20</ext:Torque></ext:TPX></Extensions></Trackpoint><Trackpoint><Time>2025-11-04T11:58:14.702Z</Time><DistanceMeters>12248.826433831455</DistanceMeters><HeartRateBpm><Value>149</Value></HeartRateBpm><Cadence>22</Cadence><Extensions><ext:TPX><ext:Watts>48.68571428571428</ext:Watts><ext:Torque>20</ext:Torque></ext:TPX></Extensions></Trackpoint><Trackpoint><Time>2025-11-04T11:58:16.062Z</Time><DistanceMeters>12253.337273474512</DistanceMeters><HeartRateBpm><Value>148</Value></HeartRateBpm><Cadence>22</Cadence><Extensions><ext:TPX><ext:Watts>48.6764705882353</ext:Watts><ext:Torque>20</ext:Torque></ext:TPX></Extensions></Trackpoint><Trackpoint><Time>2025-11-04T11:58:17.462Z</Time><DistanceMeters>12257.85906796857</DistanceMeters><HeartRateBpm><Value>148</Value></HeartRateBpm><Cadence>22</Cadence><Extensions><ext:TPX><ext:Watts>47.68571428571428</ext:Watts><ext:Torque>20</ext:Torque></ext:TPX></Extensions></Trackpoint><Trackpoint><Time>2025-11-04T11:58:18.863Z</Time><DistanceMeters>12262.356478909334</DistanceMeters><HeartRateBpm><Value>148</Value></HeartRateBpm><Cadence>22</Cadence><Extensions><ext:TPX><ext:Watts>47.42857142857143</ext:Watts><ext:Torque>20</ext:Torque></ext:TPX></Extensions></Trackpoint><Trackpoint><Time>2025-11-04T11:58:20.262Z</Time><DistanceMeters>12266.818669162009</DistanceMeters><HeartRateBpm><Value>147</Value></HeartRateBpm><Cadence>22</Cadence><Extensions><ext:TPX><ext:Watts>47.05714285714286</ext:Watts><ext:Torque>20</ext:Torque></ext:TPX></Extensions></Trackpoint><Trackpoint><Time>2025-11-04T11:58:21.708Z</Time><DistanceMeters>12271.299468302313</DistanceMeters><HeartRateBpm><Value>147</Value></HeartRateBpm><Cadence>20</Cadence><Extensions><ext:TPX><ext:Watts>45.05555555555556</ext:Watts><ext:Torque>20</ext:Torque></ext:TPX></Extensions></Trackpoint><Trackpoint><Time>2025-11-04T11:58:23.108Z</Time><DistanceMeters>12275.691217178808</DistanceMeters><HeartRateBpm><Value>146</Value></HeartRateBpm><Cadence>22</Cadence><Extensions><ext:TPX><ext:Watts>46.31428571428572</ext:Watts><ext:Torque>20</ext:Torque></ext:TPX></Extensions></Trackpoint><Trackpoint><Time>2025-11-04T11:58:24.508Z</Time><DistanceMeters>12280.112768175994</DistanceMeters><HeartRateBpm><Value>146</Value></HeartRateBpm><Cadence>22</Cadence><Extensions><ext:TPX><ext:Watts>46.628571428571426</ext:Watts><ext:Torque>20</ext:Torque></ext:TPX></Extensions></Trackpoint><Trackpoint><Time>2025-11-04T11:58:25.908Z</Time><DistanceMeters>12284.31215790984</DistanceMeters><HeartRateBpm><Value>146</Value></HeartRateBpm><Cadence>22</Cadence><Extensions><ext:TPX><ext:Watts>44.285714285714285</ext:Watts><ext:Torque>20</ext:Torque></ext:TPX></Extensions></Trackpoint><Trackpoint><Time>2025-11-04T11:58:27.308Z</Time><DistanceMeters>12288.443815551205</DistanceMeters><HeartRateBpm><Value>145</Value></HeartRateBpm><Cadence>22</Cadence><Extensions><ext:TPX><ext:Watts>43.57142857142857</ext:Watts><ext:Torque>20</ext:Torque></ext:TPX></Extensions></Trackpoint><Trackpoint><Time>2025-11-04T11:58:28.748Z</Time><DistanceMeters>12292.650731073105</DistanceMeters><HeartRateBpm><Value>145</Value></HeartRateBpm><Cadence>21</Cadence><Extensions><ext:TPX><ext:Watts>43.333333333333336</ext:Watts><ext:Torque>20</ext:Torque></ext:TPX></Extensions></Trackpoint><Trackpoint><Time>2025-11-04T11:58:30.108Z</Time><DistanceMeters>12296.77181236634</DistanceMeters><HeartRateBpm><Value>145</Value></HeartRateBpm><Cadence>22</Cadence><Extensions><ext:TPX><ext:Watts>44.470588235294116</ext:Watts><ext:Torque>20</ext:Torque></ext:TPX></Extensions></Trackpoint><Trackpoint><Time>2025-11-04T11:58:31.548Z</Time><DistanceMeters>12300.932883296015</DistanceMeters><HeartRateBpm><Value>144</Value></HeartRateBpm><Cadence>21</Cadence><Extensions><ext:TPX><ext:Watts>42.861111111111114</ext:Watts><ext:Torque>20</ext:Torque></ext:TPX></Extensions></Trackpoint><Trackpoint><Time>2025-11-04T11:58:32.948Z</Time><DistanceMeters>12305.202714406041</DistanceMeters><HeartRateBpm><Value>144</Value></HeartRateBpm><Cadence>22</Cadence><Extensions><ext:TPX><ext:Watts>45.02857142857143</ext:Watts><ext:Torque>20</ext:Torque></ext:TPX></Extensions></Trackpoint><Trackpoint><Time>2025-11-04T11:58:34.308Z</Time><DistanceMeters>12309.192967721712</DistanceMeters><HeartRateBpm><Value>144</Value></HeartRateBpm><Cadence>22</Cadence><Extensions><ext:TPX><ext:Watts>43.05882352941177</ext:Watts><ext:Torque>20</ext:Torque></ext:TPX></Extensions></Trackpoint><Trackpoint><Time>2025-11-04T11:58:35.668Z</Time><DistanceMeters>12313.194123368847</DistanceMeters><HeartRateBpm><Value>144</Value></HeartRateBpm><Cadence>22</Cadence><Extensions><ext:TPX><ext:Watts>43.1764705882353</ext:Watts><ext:Torque>20</ext:Torque></ext:TPX></Extensions></Trackpoint><Trackpoint><Time>2025-11-04T11:58:37.028Z</Time><DistanceMeters>12317.001762632503</DistanceMeters><HeartRateBpm><Value>143</Value></HeartRateBpm><Cadence>22</Cadence><Extensions><ext:TPX><ext:Watts>41.088235294117645</ext:Watts><ext:Torque>20</ext:Torque></ext:TPX></Extensions></Trackpoint><Trackpoint><Time>2025-11-04T11:58:38.388Z</Time><DistanceMeters>12320.858462387745</DistanceMeters><HeartRateBpm><Value>143</Value></HeartRateBpm><Cadence>22</Cadence><Extensions><ext:TPX><ext:Watts>41.61764705882353</ext:Watts><ext:Torque>20</ext:Torque></ext:TPX></Extensions></Trackpoint><Trackpoint><Time>2025-11-04T11:58:39.748Z</Time><DistanceMeters>12324.61976674268</DistanceMeters><HeartRateBpm><Value>143</Value></HeartRateBpm><Cadence>22</Cadence><Extensions><ext:TPX><ext:Watts>40.588235294117645</ext:Watts><ext:Torque>20</ext:Torque></ext:TPX></Extensions></Trackpoint><Trackpoint><Time>2025-11-04T11:58:41.068Z</Time><DistanceMeters>12328.414424156093</DistanceMeters><HeartRateBpm><Value>142</Value></HeartRateBpm><Cadence>22</Cadence><Extensions><ext:TPX><ext:Watts>41.878787878787875</ext:Watts><ext:Torque>20</ext:Torque></ext:TPX></Extensions></Trackpoint><Trackpoint><Time>2025-11-04T11:58:42.388Z</Time><DistanceMeters>12332.148674577398</DistanceMeters><HeartRateBpm><Value>142</Value></HeartRateBpm><Cadence>22</Cadence><Extensions><ext:TPX><ext:Watts>41.21212121212121</ext:Watts><ext:Torque>20</ext:Torque></ext:TPX></Extensions></Trackpoint><Trackpoint><Time>2025-11-04T11:58:43.673Z</Time><DistanceMeters>12335.80050618648</DistanceMeters><HeartRateBpm><Value>142</Value></HeartRateBpm><Cadence>24</Cadence><Extensions><ext:TPX><ext:Watts>42.09375</ext:Watts><ext:Torque>20</ext:Torque></ext:TPX></Extensions></Trackpoint><Trackpoint><Time>2025-11-04T11:58:44.993Z</Time><DistanceMeters>12339.575943193315</DistanceMeters><HeartRateBpm><Value>142</Value></HeartRateBpm><Cadence>22</Cadence><Extensions><ext:TPX><ext:Watts>41.666666666666664</ext:Watts><ext:Torque>20</ext:Torque></ext:TPX></Extensions></Trackpoint><Trackpoint><Time>2025-11-04T11:58:46.313Z</Time><DistanceMeters>12343.271752801458</DistanceMeters><HeartRateBpm><Value>141</Value></HeartRateBpm><Cadence>22</Cadence><Extensions><ext:TPX><ext:Watts>40.78787878787879</ext:Watts><ext:Torque>20</ext:Torque></ext:TPX></Extensions></Trackpoint><Trackpoint><Time>2025-11-04T11:58:47.638Z</Time><DistanceMeters>12346.896172328019</DistanceMeters><HeartRateBpm><Value>141</Value></HeartRateBpm><Cadence>22</Cadence><Extensions><ext:TPX><ext:Watts>40.0</ext:Watts><ext:Torque>20</ext:Torque></ext:TPX></Extensions></Trackpoint><Trackpoint><Time>2025-11-04T11:58:48.958Z</Time><DistanceMeters>12350.539812261159</DistanceMeters><HeartRateBpm><Value>141</Value></HeartRateBpm><Cadence>22</Cadence><Extensions><ext:TPX><ext:Watts>40.21212121212121</ext:Watts><ext:Torque>20</ext:Torque></ext:TPX></Extensions></Trackpoint><Trackpoint><Time>2025-11-04T11:58:50.323Z</Time><DistanceMeters>12353.96586992359</DistanceMeters><HeartRateBpm><Value>141</Value></HeartRateBpm><Cadence>22</Cadence><Extensions><ext:TPX><ext:Watts>36.970588235294116</ext:Watts><ext:Torque>20</ext:Torque></ext:TPX></Extensions></Trackpoint><Trackpoint><Time>2025-11-04T11:58:51.643Z</Time><DistanceMeters>12357.639713352784</DistanceMeters><HeartRateBpm><Value>141</Value></HeartRateBpm><Cadence>22</Cadence><Extensions><ext:TPX><ext:Watts>40.54545454545455</ext:Watts><ext:Torque>20</ext:Torque></ext:TPX></Extensions></Trackpoint><Trackpoint><Time>2025-11-04T11:58:53.003Z</Time><DistanceMeters>12361.152989666924</DistanceMeters><HeartRateBpm><Value>141</Value></HeartRateBpm><Cadence>22</Cadence><Extensions><ext:TPX><ext:Watts>37.911764705882355</ext:Watts><ext:Torque>20</ext:Torque></ext:TPX></Extensions></Trackpoint><Trackpoint><Time>2025-11-04T11:58:54.288Z</Time><DistanceMeters>12364.360203322118</DistanceMeters><HeartRateBpm><Value>141</Value></HeartRateBpm><Cadence>24</Cadence><Extensions><ext:TPX><ext:Watts>36.96875</ext:Watts><ext:Torque>20</ext:Torque></ext:TPX></Extensions></Trackpoint><Trackpoint><Time>2025-11-04T11:58:55.608Z</Time><DistanceMeters>12367.811639189456</DistanceMeters><HeartRateBpm><Value>141</Value></HeartRateBpm><Cadence>22</Cadence><Extensions><ext:TPX><ext:Watts>38.09090909090909</ext:Watts><ext:Torque>20</ext:Torque></ext:TPX></Extensions></Trackpoint><Trackpoint><Time>2025-11-04T11:58:56.248Z</Time><DistanceMeters>12371.097474312106</DistanceMeters><HeartRateBpm><Value>141</Value></HeartRateBpm><Cadence>47</Cadence><Extensions><ext:TPX><ext:Watts>75.75</ext:Watts><ext:Torque>20</ext:Torque></ext:TPX></Extensions></Trackpoint><Trackpoint><Time>2025-11-04T11:58:57.568Z</Time><DistanceMeters>12374.335466756791</DistanceMeters><HeartRateBpm><Value>141</Value></HeartRateBpm><Cadence>44</Cadence><Extensions><ext:TPX><ext:Watts>69.88235294117646</ext:Watts><ext:Torque>20</ext:Torque></ext:TPX></Extensions></Trackpoint><Trackpoint><Time>2025-11-04T11:58:58.249Z</Time><DistanceMeters>12374.343643505388</DistanceMeters><HeartRateBpm><Value>141</Value></HeartRateBpm><Cadence>44</Cadence><Extensions><ext:TPX><ext:Watts>0.17647058823529413</ext:Watts><ext:Torque>20</ext:Torque></ext:TPX></Extensions></Trackpoint><Trackpoint><Time>2025-11-04T11:58:59.573Z</Time><DistanceMeters>12377.545214087184</DistanceMeters><HeartRateBpm><Value>142</Value></HeartRateBpm><Cadence>22</Cadence><Extensions><ext:TPX><ext:Watts>35.333333333333336</ext:Watts><ext:Torque>20</ext:Torque></ext:TPX></Extensions></Trackpoint><Trackpoint><Time>2025-11-04T11:59:00.973Z</Time><DistanceMeters>12380.799063809991</DistanceMeters><HeartRateBpm><Value>142</Value></HeartRateBpm><Cadence>22</Cadence><Extensions><ext:TPX><ext:Watts>34.31428571428572</ext:Watts><ext:Torque>20</ext:Torque></ext:TPX></Extensions></Trackpoint><Trackpoint><Time>2025-11-04T11:59:02.333Z</Time><DistanceMeters>12383.955288768699</DistanceMeters><HeartRateBpm><Value>143</Value></HeartRateBpm><Cadence>22</Cadence><Extensions><ext:TPX><ext:Watts>34.05882352941177</ext:Watts><ext:Torque>20</ext:Torque></ext:TPX></Extensions></Trackpoint><Trackpoint><Time>2025-11-04T11:59:03.053Z</Time><DistanceMeters>12387.143031243866</DistanceMeters><HeartRateBpm><Value>143</Value></HeartRateBpm><Cadence>42</Cadence><Extensions><ext:TPX><ext:Watts>64.88888888888889</ext:Watts><ext:Torque>20</ext:Torque></ext:TPX></Extensions></Trackpoint><Trackpoint><Time>2025-11-04T11:59:05.133Z</Time><DistanceMeters>12390.285800335003</DistanceMeters><HeartRateBpm><Value>143</Value></HeartRateBpm><Cadence>22</Cadence><Extensions><ext:TPX><ext:Watts>33.142857142857146</ext:Watts><ext:Torque>20</ext:Torque></ext:TPX></Extensions></Trackpoint><Trackpoint><Time>2025-11-04T11:59:06.453Z</Time><DistanceMeters>12393.361065387842</DistanceMeters><HeartRateBpm><Value>143</Value></HeartRateBpm><Cadence>22</Cadence><Extensions><ext:TPX><ext:Watts>33.93939393939394</ext:Watts><ext:Torque>20</ext:Torque></ext:TPX></Extensions></Trackpoint><Trackpoint><Time>2025-11-04T11:59:07.813Z</Time><DistanceMeters>12396.334676294535</DistanceMeters><HeartRateBpm><Value>143</Value></HeartRateBpm><Cadence>22</Cadence><Extensions><ext:TPX><ext:Watts>32.088235294117645</ext:Watts><ext:Torque>20</ext:Torque></ext:TPX></Extensions></Trackpoint><Trackpoint><Time>2025-11-04T11:59:09.133Z</Time><DistanceMeters>12399.107906386827</DistanceMeters><HeartRateBpm><Value>143</Value></HeartRateBpm><Cadence>22</Cadence><Extensions><ext:TPX><ext:Watts>30.606060606060606</ext:Watts><ext:Torque>20</ext:Torque></ext:TPX></Extensions></Trackpoint></Track></Lap></Activity></Activities></TrainingCenterDatabase>