<?xml version='1.0' encoding='utf-8'?>
<TrainingCenterDatabase xmlns:ext="http://www.garmin.com/xmlschemas/ActivityExtension/v2" xmlns:xsi="http://www.w3.org/2001/XMLSchema-instance" xsi:schemaLocation="http://www.garmin.com/xmlschemas/TrainingCenterDatabase/v2 http://www.garmin.com/xmlschemas/TrainingCenterDatabasev2.xsd"><Activities><Activity Sport="Other"><Id>2025-09-10T13:44:52.352Z</Id><Notes>SkiErg Intervalltraining</Notes><Lap StartTime="2025-09-10T13:44:52.352Z"><TotalTimeSeconds>2758</TotalTimeSeconds><DistanceMeters>0</DistanceMeters><Calories>0</Calories><Intensity>Active</Intensity><TriggerMethod>Manual</TriggerMethod><Track><Trackpoint><Time>2025-09-10T13:44:52.352Z</Time><DistanceMeters>0.4725070456317083</DistanceMeters><HeartRateBpm><Value>73</Value></HeartRateBpm><Cadence>25</Cadence><Extensions><ext:TPX><ext:Watts>5.794117647058823</ext:Watts><ext:Torque>35</ext:Torque></ext:TPX></Extensions></Trackpoint><Trackpoint><Time>2025-09-10T13:45:02.787Z</Time><DistanceMeters>2.7385585396984187</DistanceMeters><HeartRateBpm><Value>69</Value></HeartRateBpm><Cadence>20</Cadence><Extensions><ext:TPX><ext:Watts>22.785714285714285</ext:Watts><ext:Torque>20</ext:Torque></ext:TPX></Extensions></Trackpoint><Trackpoint><Time>2025-09-10T13:45:04.013Z</Time><DistanceMeters>5.853128963761447</DistanceMeters><HeartRateBpm><Value>68</Value></HeartRateBpm><Cadence>24</Cadence><Extensions><ext:TPX><ext:Watts>37.42857142857143</ext:Watts><ext:Torque>20</ext:Torque></ext:TPX></Extensions></Trackpoint><Trackpoint><Time>2025-09-10T13:45:05.238Z</Time><DistanceMeters>9.081821052217625</DistanceMeters><HeartRateBpm><Value>67</Value></HeartRateBpm><Cadence>24</Cadence><Extensions><ext:TPX><ext:Watts>38.8</ext:Watts><ext:Torque>20</ext:Torque></ext:TPX></Extensions></Trackpoint><Trackpoint><Time>2025-09-10T13:45:06.393Z</Time><DistanceMeters>12.277741679330912</DistanceMeters><HeartRateBpm><Value>67</Value></HeartRateBpm><Cadence>26</Cadence><Extensions><ext:TPX><ext:Watts>40.75757575757576</ext:Watts><ext:Torque>20</ext:Torque></ext:TPX></Extensions></Trackpoint><Trackpoint><Time>2025-09-10T13:45:07.588Z</Time><DistanceMeters>15.477357917263394</DistanceMeters><HeartRateBpm><Value>67</Value></HeartRateBpm><Cadence>25</Cadence><Extensions><ext:TPX><ext:Watts>39.23529411764706</ext:Watts><ext:Torque>20</ext:Torque></ext:TPX></Extensions></Trackpoint><Trackpoint><Time>2025-09-10T13:45:08.813Z</Time><DistanceMeters>18.739335491167573</DistanceMeters><HeartRateBpm><Value>66</Value></HeartRateBpm><Cadence>24</Cadence><Extensions><ext:TPX><ext:Watts>39.2</ext:Watts><ext:Torque>20</ext:Torque></ext:TPX></Extensions></Trackpoint><Trackpoint><Time>2025-09-10T13:45:09.968Z</Time><DistanceMeters>21.92812767078544</DistanceMeters><HeartRateBpm><Value>66</Value></HeartRateBpm><Cadence>26</Cadence><Extensions><ext:TPX><ext:Watts>40.666666666666664</ext:Watts><ext:Torque>20</ext:Torque></ext:TPX></Extensions></Trackpoint><Trackpoint><Time>2025-09-10T13:45:11.158Z</Time><DistanceMeters>25.214090373909503</DistanceMeters><HeartRateBpm><Value>66</Value></HeartRateBpm><Cadence>25</Cadence><Extensions><ext:TPX><ext:Watts>40.294117647058826</ext:Watts><ext:Torque>20</ext:Torque></ext:TPX></Extensions></Trackpoint><Trackpoint><Time>2025-09-10T13:45:12.347Z</Time><DistanceMeters>28.624775748976962</DistanceMeters><HeartRateBpm><Value>66</Value></HeartRateBpm><Cadence>25</Cadence><Extensions><ext:TPX><ext:Watts>41.8235294117647</ext:Watts><ext:Torque>20</ext:Torque></ext:TPX></Extensions></Trackpoint><Trackpoint><Time>2025-09-10T13:45:13.573Z</Time><DistanceMeters>32.11261911699258</DistanceMeters><HeartRateBpm><Value>67</Value></HeartRateBpm><Cadence>24</Cadence><Extensions><ext:TPX><ext:Watts>41.91428571428571</ext:Watts><ext:Torque>20</ext:Torque></ext:TPX></Extensions></Trackpoint><Trackpoint><Time>2025-09-10T13:45:14.798Z</Time><DistanceMeters>35.53151397943734</DistanceMeters><HeartRateBpm><Value>68</Value></HeartRateBpm><Cadence>24</Cadence><Extensions><ext:TPX><ext:Watts>41.08571428571429</ext:Watts><ext:Torque>20</ext:Torque></ext:TPX></Extensions></Trackpoint><Trackpoint><Time>2025-09-10T13:45:16.058Z</Time><DistanceMeters>38.905810804294816</DistanceMeters><HeartRateBpm><Value>70</Value></HeartRateBpm><Cadence>24</Cadence><Extensions><ext:TPX><ext:Watts>39.72222222222222</ext:Watts><ext:Torque>20</ext:Torque></ext:TPX></Extensions></Trackpoint><Trackpoint><Time>2025-09-10T13:45:17.213Z</Time><DistanceMeters>42.125492923059504</DistanceMeters><HeartRateBpm><Value>71</Value></HeartRateBpm><Cadence>26</Cadence><Extensions><ext:TPX><ext:Watts>41.06060606060606</ext:Watts><ext:Torque>20</ext:Torque></ext:TPX></Extensions></Trackpoint><Trackpoint><Time>2025-09-10T13:45:18.438Z</Time><DistanceMeters>45.41600091306197</DistanceMeters><HeartRateBpm><Value>72</Value></HeartRateBpm><Cadence>24</Cadence><Extensions><ext:TPX><ext:Watts>39.542857142857144</ext:Watts><ext:Torque>20</ext:Torque></ext:TPX></Extensions></Trackpoint><Trackpoint><Time>2025-09-10T13:45:19.593Z</Time><DistanceMeters>48.59528849601928</DistanceMeters><HeartRateBpm><Value>74</Value></HeartRateBpm><Cadence>26</Cadence><Extensions><ext:TPX><ext:Watts>40.54545454545455</ext:Watts><ext:Torque>20</ext:Torque></ext:TPX></Extensions></Trackpoint><Trackpoint><Time>2025-09-10T13:45:20.783Z</Time><DistanceMeters>51.81409283732767</DistanceMeters><HeartRateBpm><Value>75</Value></HeartRateBpm><Cadence>25</Cadence><Extensions><ext:TPX><ext:Watts>39.470588235294116</ext:Watts><ext:Torque>20</ext:Torque></ext:TPX></Extensions></Trackpoint><Trackpoint><Time>2025-09-10T13:45:21.973Z</Time><DistanceMeters>54.917768558380615</DistanceMeters><HeartRateBpm><Value>76</Value></HeartRateBpm><Cadence>25</Cadence><Extensions><ext:TPX><ext:Watts>38.05882352941177</ext:Watts><ext:Torque>20</ext:Torque></ext:TPX></Extensions></Trackpoint><Trackpoint><Time>2025-09-10T13:45:23.133Z</Time><DistanceMeters>57.754890661557766</DistanceMeters><HeartRateBpm><Value>79</Value></HeartRateBpm><Cadence>26</Cadence><Extensions><ext:TPX><ext:Watts>36.18181818181818</ext:Watts><ext:Torque>20</ext:Torque></ext:TPX></Extensions></Trackpoint><Trackpoint><Time>2025-09-10T13:45:24.323Z</Time><DistanceMeters>60.9856875674761</DistanceMeters><HeartRateBpm><Value>80</Value></HeartRateBpm><Cadence>25</Cadence><Extensions><ext:TPX><ext:Watts>39.61764705882353</ext:Watts><ext:Torque>20</ext:Torque></ext:TPX></Extensions></Trackpoint><Trackpoint><Time>2025-09-10T13:45:25.553Z</Time><DistanceMeters>64.24528760670542</DistanceMeters><HeartRateBpm><Value>81</Value></HeartRateBpm><Cadence>24</Cadence><Extensions><ext:TPX><ext:Watts>39.17142857142857</ext:Watts><ext:Torque>20</ext:Torque></ext:TPX></Extensions></Trackpoint><Trackpoint><Time>2025-09-10T13:45:26.743Z</Time><DistanceMeters>67.55043841320538</DistanceMeters><HeartRateBpm><Value>81</Value></HeartRateBpm><Cadence>25</Cadence><Extensions><ext:TPX><ext:Watts>40.529411764705884</ext:Watts><ext:Torque>20</ext:Torque></ext:TPX></Extensions></Trackpoint><Trackpoint><Time>2025-09-10T13:45:27.968Z</Time><DistanceMeters>70.95031299825129</DistanceMeters><HeartRateBpm><Value>81</Value></HeartRateBpm><Cadence>24</Cadence><Extensions><ext:TPX><ext:Watts>40.857142857142854</ext:Watts><ext:Torque>20</ext:Torque></ext:TPX></Extensions></Trackpoint><Trackpoint><Time>2025-09-10T13:45:29.193Z</Time><DistanceMeters>74.45717664366578</DistanceMeters><HeartRateBpm><Value>80</Value></HeartRateBpm><Cadence>24</Cadence><Extensions><ext:TPX><ext:Watts>42.142857142857146</ext:Watts><ext:Torque>20</ext:Torque></ext:TPX></Extensions></Trackpoint><Trackpoint><Time>2025-09-10T13:45:30.453Z</Time><DistanceMeters>78.0721575777089</DistanceMeters><HeartRateBpm><Value>81</Value></HeartRateBpm><Cadence>24</Cadence><Extensions><ext:TPX><ext:Watts>42.55555555555556</ext:Watts><ext:Torque>20</ext:Torque></ext:TPX></Extensions></Trackpoint><Trackpoint><Time>2025-09-10T13:45:31.713Z</Time><DistanceMeters>81.50780525392742</DistanceMeters><HeartRateBpm><Value>81</Value></HeartRateBpm><Cadence>24</Cadence><Extensions><ext:TPX><ext:Watts>40.44444444444444</ext:Watts><ext:Torque>20</ext:Torque></ext:TPX></Extensions></Trackpoint><Trackpoint><Time>2025-09-10T13:45:32.938Z</Time><DistanceMeters>85.02180150336646</DistanceMeters><HeartRateBpm><Value>80</Value></HeartRateBpm><Cadence>24</Cadence><Extensions><ext:TPX><ext:Watts>42.22857142857143</ext:Watts><ext:Torque>20</ext:Torque></ext:TPX></Extensions></Trackpoint><Trackpoint><Time>2025-09-10T13:45:34.203Z</Time><DistanceMeters>88.56669586744229</DistanceMeters><HeartRateBpm><Value>81</Value></HeartRateBpm><Cadence>24</Cadence><Extensions><ext:TPX><ext:Watts>40.861111111111114</ext:Watts><ext:Torque>20</ext:Torque></ext:TPX></Extensions></Trackpoint><Trackpoint><Time>2025-09-10T13:45:35.498Z</Time><DistanceMeters>92.179403109986</DistanceMeters><HeartRateBpm><Value>82</Value></HeartRateBpm><Cadence>23</Cadence><Extensions><ext:TPX><ext:Watts>40.75675675675676</ext:Watts><ext:Torque>20</ext:Torque></ext:TPX></Extensions></Trackpoint><Trackpoint><Time>2025-09-10T13:45:36.764Z</Time><DistanceMeters>95.83515073085822</DistanceMeters><HeartRateBpm><Value>83</Value></HeartRateBpm><Cadence>24</Cadence><Extensions><ext:TPX><ext:Watts>42.138888888888886</ext:Watts><ext:Torque>20</ext:Torque></ext:TPX></Extensions></Trackpoint><Trackpoint><Time>2025-09-10T13:45:38.058Z</Time><DistanceMeters>99.58201686304545</DistanceMeters><HeartRateBpm><Value>84</Value></HeartRateBpm><Cadence>23</Cadence><Extensions><ext:TPX><ext:Watts>42.270270270270274</ext:Watts><ext:Torque>20</ext:Torque></ext:TPX></Extensions></Trackpoint><Trackpoint><Time>2025-09-10T13:45:39.358Z</Time><DistanceMeters>103.01983841016097</DistanceMeters><HeartRateBpm><Value>84</Value></HeartRateBpm><Cadence>23</Cadence><Extensions><ext:TPX><ext:Watts>38.78378378378378</ext:Watts><ext:Torque>20</ext:Torque></ext:TPX></Extensions></Trackpoint><Trackpoint><Time>2025-09-10T13:45:40.618Z</Time><DistanceMeters>106.57110884471378</DistanceMeters><HeartRateBpm><Value>85</Value></HeartRateBpm><Cadence>24</Cadence><Extensions><ext:TPX><ext:Watts>41.80555555555556</ext:Watts><ext:Torque>20</ext:Torque></ext:TPX></Extensions></Trackpoint><Trackpoint><Time>2025-09-10T13:45:41.878Z</Time><DistanceMeters>109.95484426208834</DistanceMeters><HeartRateBpm><Value>85</Value></HeartRateBpm><Cadence>24</Cadence><Extensions><ext:TPX><ext:Watts>39.833333333333336</ext:Watts><ext:Torque>20</ext:Torque></ext:TPX></Extensions></Trackpoint><Trackpoint><Time>2025-09-10T13:45:43.138Z</Time><DistanceMeters>113.44712349340936</DistanceMeters><HeartRateBpm><Value>84</Value></HeartRateBpm><Cadence>24</Cadence><Extensions><ext:TPX><ext:Watts>41.111111111111114</ext:Watts><ext:Torque>20</ext:Torque></ext:TPX></Extensions></Trackpoint><Trackpoint><Time>2025-09-10T13:45:44.363Z</Time><DistanceMeters>116.92783425740042</DistanceMeters><HeartRateBpm><Value>84</Value></HeartRateBpm><Cadence>24</Cadence><Extensions><ext:TPX><ext:Watts>41.82857142857143</ext:Watts><ext:Torque>20</ext:Torque></ext:TPX></Extensions></Trackpoint><Trackpoint><Time>2025-09-10T13:45:45.624Z</Time><DistanceMeters>120.29269248974082</DistanceMeters><HeartRateBpm><Value>84</Value></HeartRateBpm><Cadence>24</Cadence><Extensions><ext:TPX><ext:Watts>39.611111111111114</ext:Watts><ext:Torque>20</ext:Torque></ext:TPX></Extensions></Trackpoint><Trackpoint><Time>2025-09-10T13:45:46.848Z</Time><DistanceMeters>123.68067940141243</DistanceMeters><HeartRateBpm><Value>85</Value></HeartRateBpm><Cadence>24</Cadence><Extensions><ext:TPX><ext:Watts>40.714285714285715</ext:Watts><ext:Torque>20</ext:Torque></ext:TPX></Extensions></Trackpoint><Trackpoint><Time>2025-09-10T13:45:48.108Z</Time><DistanceMeters>127.12576567014804</DistanceMeters><HeartRateBpm><Value>85</Value></HeartRateBpm><Cadence>24</Cadence><Extensions><ext:TPX><ext:Watts>40.55555555555556</ext:Watts><ext:Torque>20</ext:Torque></ext:TPX></Extensions></Trackpoint><Trackpoint><Time>2025-09-10T13:45:49.333Z</Time><DistanceMeters>130.6397619195871</DistanceMeters><HeartRateBpm><Value>85</Value></HeartRateBpm><Cadence>24</Cadence><Extensions><ext:TPX><ext:Watts>42.22857142857143</ext:Watts><ext:Torque>20</ext:Torque></ext:TPX></Extensions></Trackpoint><Trackpoint><Time>2025-09-10T13:45:50.598Z</Time><DistanceMeters>134.1798365768457</DistanceMeters><HeartRateBpm><Value>86</Value></HeartRateBpm><Cadence>24</Cadence><Extensions><ext:TPX><ext:Watts>40.80555555555556</ext:Watts><ext:Torque>20</ext:Torque></ext:TPX></Extensions></Trackpoint><Trackpoint><Time>2025-09-10T13:45:51.824Z</Time><DistanceMeters>137.66767994486133</DistanceMeters><HeartRateBpm><Value>86</Value></HeartRateBpm><Cadence>24</Cadence><Extensions><ext:TPX><ext:Watts>41.91428571428571</ext:Watts><ext:Torque>20</ext:Torque></ext:TPX></Extensions></Trackpoint><Trackpoint><Time>2025-09-10T13:45:53.048Z</Time><DistanceMeters>141.07944220328153</DistanceMeters><HeartRateBpm><Value>86</Value></HeartRateBpm><Cadence>24</Cadence><Extensions><ext:TPX><ext:Watts>41.0</ext:Watts><ext:Torque>20</ext:Torque></ext:TPX></Extensions></Trackpoint><Trackpoint><Time>2025-09-10T13:45:54.308Z</Time><DistanceMeters>144.44430043562193</DistanceMeters><HeartRateBpm><Value>86</Value></HeartRateBpm><Cadence>24</Cadence><Extensions><ext:TPX><ext:Watts>39.611111111111114</ext:Watts><ext:Torque>20</ext:Torque></ext:TPX></Extensions></Trackpoint><Trackpoint><Time>2025-09-10T13:45:55.568Z</Time><DistanceMeters>147.96253579636493</DistanceMeters><HeartRateBpm><Value>87</Value></HeartRateBpm><Cadence>24</Cadence><Extensions><ext:TPX><ext:Watts>41.416666666666664</ext:Watts><ext:Torque>20</ext:Torque></ext:TPX></Extensions></Trackpoint><Trackpoint><Time>2025-09-10T13:45:56.794Z</Time><DistanceMeters>151.36241038141083</DistanceMeters><HeartRateBpm><Value>87</Value></HeartRateBpm><Cadence>24</Cadence><Extensions><ext:TPX><ext:Watts>40.857142857142854</ext:Watts><ext:Torque>20</ext:Torque></ext:TPX></Extensions></Trackpoint><Trackpoint><Time>2025-09-10T13:45:58.054Z</Time><DistanceMeters>154.84525102021476</DistanceMeters><HeartRateBpm><Value>87</Value></HeartRateBpm><Cadence>24</Cadence><Extensions><ext:TPX><ext:Watts>41.0</ext:Watts><ext:Torque>20</ext:Torque></ext:TPX></Extensions></Trackpoint><Trackpoint><Time>2025-09-10T13:45:59.284Z</Time><DistanceMeters>158.3164516455064</DistanceMeters><HeartRateBpm><Value>87</Value></HeartRateBpm><Cadence>24</Cadence><Extensions><ext:TPX><ext:Watts>41.714285714285715</ext:Watts><ext:Torque>20</ext:Torque></ext:TPX></Extensions></Trackpoint><Trackpoint><Time>2025-09-10T13:46:00.544Z</Time><DistanceMeters>161.69074847036387</DistanceMeters><HeartRateBpm><Value>87</Value></HeartRateBpm><Cadence>24</Cadence><Extensions><ext:TPX><ext:Watts>39.72222222222222</ext:Watts><ext:Torque>20</ext:Torque></ext:TPX></Extensions></Trackpoint><Trackpoint><Time>2025-09-10T13:46:01.734Z</Time><DistanceMeters>165.07505020328946</DistanceMeters><HeartRateBpm><Value>87</Value></HeartRateBpm><Cadence>25</Cadence><Extensions><ext:TPX><ext:Watts>41.5</ext:Watts><ext:Torque>20</ext:Torque></ext:TPX></Extensions></Trackpoint><Trackpoint><Time>2025-09-10T13:46:02.959Z</Time><DistanceMeters>168.47492478833536</DistanceMeters><HeartRateBpm><Value>87</Value></HeartRateBpm><Cadence>24</Cadence><Extensions><ext:TPX><ext:Watts>40.857142857142854</ext:Watts><ext:Torque>20</ext:Torque></ext:TPX></Extensions></Trackpoint><Trackpoint><Time>2025-09-10T13:46:04.184Z</Time><DistanceMeters>171.83675881858355</DistanceMeters><HeartRateBpm><Value>88</Value></HeartRateBpm><Cadence>24</Cadence><Extensions><ext:TPX><ext:Watts>40.4</ext:Watts><ext:Torque>20</ext:Torque></ext:TPX></Extensions></Trackpoint><Trackpoint><Time>2025-09-10T13:46:05.414Z</Time><DistanceMeters>175.18432764078258</DistanceMeters><HeartRateBpm><Value>88</Value></HeartRateBpm><Cadence>24</Cadence><Extensions><ext:TPX><ext:Watts>40.22857142857143</ext:Watts><ext:Torque>20</ext:Torque></ext:TPX></Extensions></Trackpoint><Trackpoint><Time>2025-09-10T13:46:06.674Z</Time><DistanceMeters>178.54446657686444</DistanceMeters><HeartRateBpm><Value>88</Value></HeartRateBpm><Cadence>24</Cadence><Extensions><ext:TPX><ext:Watts>39.55555555555556</ext:Watts><ext:Torque>20</ext:Torque></ext:TPX></Extensions></Trackpoint><Trackpoint><Time>2025-09-10T13:46:07.899Z</Time><DistanceMeters>181.89203539906347</DistanceMeters><HeartRateBpm><Value>88</Value></HeartRateBpm><Cadence>24</Cadence><Extensions><ext:TPX><ext:Watts>40.22857142857143</ext:Watts><ext:Torque>20</ext:Torque></ext:TPX></Extensions></Trackpoint><Trackpoint><Time>2025-09-10T13:46:09.159Z</Time><DistanceMeters>185.36071814909178</DistanceMeters><HeartRateBpm><Value>89</Value></HeartRateBpm><Cadence>24</Cadence><Extensions><ext:TPX><ext:Watts>40.833333333333336</ext:Watts><ext:Torque>20</ext:Torque></ext:TPX></Extensions></Trackpoint><Trackpoint><Time>2025-09-10T13:46:10.384Z</Time><DistanceMeters>188.59654284157253</DistanceMeters><HeartRateBpm><Value>89</Value></HeartRateBpm><Cadence>24</Cadence><Extensions><ext:TPX><ext:Watts>38.885714285714286</ext:Watts><ext:Torque>20</ext:Torque></ext:TPX></Extensions></Trackpoint><Trackpoint><Time>2025-09-10T13:46:11.644Z</Time><DistanceMeters>192.05578699908375</DistanceMeters><HeartRateBpm><Value>89</Value></HeartRateBpm><Cadence>24</Cadence><Extensions><ext:TPX><ext:Watts>40.72222222222222</ext:Watts><ext:Torque>20</ext:Torque></ext:TPX></Extensions></Trackpoint><Trackpoint><Time>2025-09-10T13:46:12.869Z</Time><DistanceMeters>195.4152434946571</DistanceMeters><HeartRateBpm><Value>89</Value></HeartRateBpm><Cadence>24</Cadence><Extensions><ext:TPX><ext:Watts>40.371428571428574</ext:Watts><ext:Torque>20</ext:Torque></ext:TPX></Extensions></Trackpoint><Trackpoint><Time>2025-09-10T13:46:14.164Z</Time><DistanceMeters>198.74765448562414</DistanceMeters><HeartRateBpm><Value>90</Value></HeartRateBpm><Cadence>23</Cadence><Extensions><ext:TPX><ext:Watts>37.5945945945946</ext:Watts><ext:Torque>20</ext:Torque></ext:TPX></Extensions></Trackpoint><Trackpoint><Time>2025-09-10T13:46:15.424Z</Time><DistanceMeters>202.06296010724984</DistanceMeters><HeartRateBpm><Value>90</Value></HeartRateBpm><Cadence>24</Cadence><Extensions><ext:TPX><ext:Watts>39.02777777777778</ext:Watts><ext:Torque>20</ext:Torque></ext:TPX></Extensions></Trackpoint><Trackpoint><Time>2025-09-10T13:46:16.719Z</Time><DistanceMeters>205.66368887750394</DistanceMeters><HeartRateBpm><Value>90</Value></HeartRateBpm><Cadence>23</Cadence><Extensions><ext:TPX><ext:Watts>40.62162162162162</ext:Watts><ext:Torque>20</ext:Torque></ext:TPX></Extensions></Trackpoint><Trackpoint><Time>2025-09-10T13:46:17.944Z</Time><DistanceMeters>209.0706960665744</DistanceMeters><HeartRateBpm><Value>90</Value></HeartRateBpm><Cadence>24</Cadence><Extensions><ext:TPX><ext:Watts>40.94285714285714</ext:Watts><ext:Torque>20</ext:Torque></ext:TPX></Extensions></Trackpoint><Trackpoint><Time>2025-09-10T13:46:19.214Z</Time><DistanceMeters>212.40834303750918</DistanceMeters><HeartRateBpm><Value>89</Value></HeartRateBpm><Cadence>24</Cadence><Extensions><ext:TPX><ext:Watts>38.47222222222222</ext:Watts><ext:Torque>20</ext:Torque></ext:TPX></Extensions></Trackpoint><Trackpoint><Time>2025-09-10T13:46:20.474Z</Time><DistanceMeters>215.67645569654945</DistanceMeters><HeartRateBpm><Value>89</Value></HeartRateBpm><Cadence>24</Cadence><Extensions><ext:TPX><ext:Watts>38.47222222222222</ext:Watts><ext:Torque>20</ext:Torque></ext:TPX></Extensions></Trackpoint><Trackpoint><Time>2025-09-10T13:46:21.769Z</Time><DistanceMeters>219.19573085523427</DistanceMeters><HeartRateBpm><Value>90</Value></HeartRateBpm><Cadence>23</Cadence><Extensions><ext:TPX><ext:Watts>39.7027027027027</ext:Watts><ext:Torque>20</ext:Torque></ext:TPX></Extensions></Trackpoint><Trackpoint><Time>2025-09-10T13:46:23.029Z</Time><DistanceMeters>222.7045276234602</DistanceMeters><HeartRateBpm><Value>90</Value></HeartRateBpm><Cadence>24</Cadence><Extensions><ext:TPX><ext:Watts>41.30555555555556</ext:Watts><ext:Torque>20</ext:Torque></ext:TPX></Extensions></Trackpoint><Trackpoint><Time>2025-09-10T13:46:24.289Z</Time><DistanceMeters>226.11185952212747</DistanceMeters><HeartRateBpm><Value>90</Value></HeartRateBpm><Cadence>24</Cadence><Extensions><ext:TPX><ext:Watts>40.111111111111114</ext:Watts><ext:Torque>20</ext:Torque></ext:TPX></Extensions></Trackpoint><Trackpoint><Time>2025-09-10T13:46:25.514Z</Time><DistanceMeters>229.4380305322528</DistanceMeters><HeartRateBpm><Value>90</Value></HeartRateBpm><Cadence>24</Cadence><Extensions><ext:TPX><ext:Watts>39.97142857142857</ext:Watts><ext:Torque>20</ext:Torque></ext:TPX></Extensions></Trackpoint><Trackpoint><Time>2025-09-10T13:46:26.744Z</Time><DistanceMeters>232.7047631755067</DistanceMeters><HeartRateBpm><Value>90</Value></HeartRateBpm><Cadence>24</Cadence><Extensions><ext:TPX><ext:Watts>39.25714285714286</ext:Watts><ext:Torque>20</ext:Torque></ext:TPX></Extensions></Trackpoint><Trackpoint><Time>2025-09-10T13:46:28.004Z</Time><DistanceMeters>236.1286126110789</DistanceMeters><HeartRateBpm><Value>90</Value></HeartRateBpm><Cadence>24</Cadence><Extensions><ext:TPX><ext:Watts>40.30555555555556</ext:Watts><ext:Torque>20</ext:Torque></ext:TPX></Extensions></Trackpoint><Trackpoint><Time>2025-09-10T13:46:29.194Z</Time><DistanceMeters>239.68800578730963</DistanceMeters><HeartRateBpm><Value>90</Value></HeartRateBpm><Cadence>25</Cadence><Extensions><ext:TPX><ext:Watts>43.64705882352941</ext:Watts><ext:Torque>20</ext:Torque></ext:TPX></Extensions></Trackpoint><Trackpoint><Time>2025-09-10T13:46:30.384Z</Time><DistanceMeters>243.1586539854268</DistanceMeters><HeartRateBpm><Value>90</Value></HeartRateBpm><Cadence>25</Cadence><Extensions><ext:TPX><ext:Watts>42.55882352941177</ext:Watts><ext:Torque>20</ext:Torque></ext:TPX></Extensions></Trackpoint><Trackpoint><Time>2025-09-10T13:46:31.609Z</Time><DistanceMeters>246.54426336242358</DistanceMeters><HeartRateBpm><Value>90</Value></HeartRateBpm><Cadence>24</Cadence><Extensions><ext:TPX><ext:Watts>40.68571428571428</ext:Watts><ext:Torque>20</ext:Torque></ext:TPX></Extensions></Trackpoint><Trackpoint><Time>2025-09-10T13:46:32.799Z</Time><DistanceMeters>250.0245056122287</DistanceMeters><HeartRateBpm><Value>90</Value></HeartRateBpm><Cadence>25</Cadence><Extensions><ext:TPX><ext:Watts>42.6764705882353</ext:Watts><ext:Torque>20</ext:Torque></ext:TPX></Extensions></Trackpoint><Trackpoint><Time>2025-09-10T13:46:34.059Z</Time><DistanceMeters>253.40116208521545</DistanceMeters><HeartRateBpm><Value>90</Value></HeartRateBpm><Cadence>24</Cadence><Extensions><ext:TPX><ext:Watts>39.75</ext:Watts><ext:Torque>20</ext:Torque></ext:TPX></Extensions></Trackpoint><Trackpoint><Time>2025-09-10T13:46:35.284Z</Time><DistanceMeters>256.8200569476602</DistanceMeters><HeartRateBpm><Value>91</Value></HeartRateBpm><Cadence>24</Cadence><Extensions><ext:TPX><ext:Watts>41.08571428571429</ext:Watts><ext:Torque>20</ext:Torque></ext:TPX></Extensions></Trackpoint><Trackpoint><Time>2025-09-10T13:46:36.509Z</Time><DistanceMeters>260.30552278100095</DistanceMeters><HeartRateBpm><Value>91</Value></HeartRateBpm><Cadence>24</Cadence><Extensions><ext:TPX><ext:Watts>41.885714285714286</ext:Watts><ext:Torque>20</ext:Torque></ext:TPX></Extensions></Trackpoint><Trackpoint><Time>2025-09-10T13:46:37.739Z</Time><DistanceMeters>263.7481929901943</DistanceMeters><HeartRateBpm><Value>91</Value></HeartRateBpm><Cadence>24</Cadence><Extensions><ext:TPX><ext:Watts>41.371428571428574</ext:Watts><ext:Torque>20</ext:Torque></ext:TPX></Extensions></Trackpoint><Trackpoint><Time>2025-09-10T13:46:38.999Z</Time><DistanceMeters>267.1224898150518</DistanceMeters><HeartRateBpm><Value>92</Value></HeartRateBpm><Cadence>24</Cadence><Extensions><ext:TPX><ext:Watts>39.72222222222222</ext:Watts><ext:Torque>20</ext:Torque></ext:TPX></Extensions></Trackpoint><Trackpoint><Time>2025-09-10T13:46:40.224Z</Time><DistanceMeters>270.4367731518028</DistanceMeters><HeartRateBpm><Value>92</Value></HeartRateBpm><Cadence>24</Cadence><Extensions><ext:TPX><ext:Watts>39.82857142857143</ext:Watts><ext:Torque>20</ext:Torque></ext:TPX></Extensions></Trackpoint><Trackpoint><Time>2025-09-10T13:46:41.485Z</Time><DistanceMeters>273.7379208846529</DistanceMeters><HeartRateBpm><Value>92</Value></HeartRateBpm><Cadence>24</Cadence><Extensions><ext:TPX><ext:Watts>38.861111111111114</ext:Watts><ext:Torque>20</ext:Torque></ext:TPX></Extensions></Trackpoint><Trackpoint><Time>2025-09-10T13:46:42.744Z</Time><DistanceMeters>277.0555861544079</DistanceMeters><HeartRateBpm><Value>92</Value></HeartRateBpm><Cadence>24</Cadence><Extensions><ext:TPX><ext:Watts>39.05555555555556</ext:Watts><ext:Torque>20</ext:Torque></ext:TPX></Extensions></Trackpoint><Trackpoint><Time>2025-09-10T13:46:44.009Z</Time><DistanceMeters>280.5257750628166</DistanceMeters><HeartRateBpm><Value>93</Value></HeartRateBpm><Cadence>24</Cadence><Extensions><ext:TPX><ext:Watts>40.0</ext:Watts><ext:Torque>20</ext:Torque></ext:TPX></Extensions></Trackpoint><Trackpoint><Time>2025-09-10T13:46:45.269Z</Time><DistanceMeters>283.91658942457894</DistanceMeters><HeartRateBpm><Value>93</Value></HeartRateBpm><Cadence>24</Cadence><Extensions><ext:TPX><ext:Watts>39.916666666666664</ext:Watts><ext:Torque>20</ext:Torque></ext:TPX></Extensions></Trackpoint><Trackpoint><Time>2025-09-10T13:46:46.529Z</Time><DistanceMeters>287.37111428583165</DistanceMeters><HeartRateBpm><Value>93</Value></HeartRateBpm><Cadence>24</Cadence><Extensions><ext:TPX><ext:Watts>40.666666666666664</ext:Watts><ext:Torque>20</ext:Torque></ext:TPX></Extensions></Trackpoint><Trackpoint><Time>2025-09-10T13:46:47.789Z</Time><DistanceMeters>290.8279987952136</DistanceMeters><HeartRateBpm><Value>94</Value></HeartRateBpm><Cadence>24</Cadence><Extensions><ext:TPX><ext:Watts>40.69444444444444</ext:Watts><ext:Torque>20</ext:Torque></ext:TPX></Extensions></Trackpoint><Trackpoint><Time>2025-09-10T13:46:49.085Z</Time><DistanceMeters>294.36404381510386</DistanceMeters><HeartRateBpm><Value>94</Value></HeartRateBpm><Cadence>23</Cadence><Extensions><ext:TPX><ext:Watts>39.891891891891895</ext:Watts><ext:Torque>20</ext:Torque></ext:TPX></Extensions></Trackpoint><Trackpoint><Time>2025-09-10T13:46:50.345Z</Time><DistanceMeters>297.8303669170029</DistanceMeters><HeartRateBpm><Value>94</Value></HeartRateBpm><Cadence>24</Cadence><Extensions><ext:TPX><ext:Watts>40.80555555555556</ext:Watts><ext:Torque>20</ext:Torque></ext:TPX></Extensions></Trackpoint><Trackpoint><Time>2025-09-10T13:46:51.605Z</Time><DistanceMeters>301.3910759440728</DistanceMeters><HeartRateBpm><Value>94</Value></HeartRateBpm><Cadence>24</Cadence><Extensions><ext:TPX><ext:Watts>41.916666666666664</ext:Watts><ext:Torque>20</ext:Torque></ext:TPX></Extensions></Trackpoint><Trackpoint><Time>2025-09-10T13:46:52.900Z</Time><DistanceMeters>305.0229487422798</DistanceMeters><HeartRateBpm><Value>94</Value></HeartRateBpm><Cadence>23</Cadence><Extensions><ext:TPX><ext:Watts>40.972972972972975</ext:Watts><ext:Torque>20</ext:Torque></ext:TPX></Extensions></Trackpoint><Trackpoint><Time>2025-09-10T13:46:54.229Z</Time><DistanceMeters>308.6425992957788</DistanceMeters><HeartRateBpm><Value>94</Value></HeartRateBpm><Cadence>22</Cadence><Extensions><ext:TPX><ext:Watts>39.94736842105263</ext:Watts><ext:Torque>20</ext:Torque></ext:TPX></Extensions></Trackpoint><Trackpoint><Time>2025-09-10T13:46:55.560Z</Time><DistanceMeters>312.19071525335875</DistanceMeters><HeartRateBpm><Value>94</Value></HeartRateBpm><Cadence>22</Cadence><Extensions><ext:TPX><ext:Watts>39.1578947368421</ext:Watts><ext:Torque>20</ext:Torque></ext:TPX></Extensions></Trackpoint><Trackpoint><Time>2025-09-10T13:46:56.890Z</Time><DistanceMeters>315.7745985088982</DistanceMeters><HeartRateBpm><Value>94</Value></HeartRateBpm><Cadence>22</Cadence><Extensions><ext:TPX><ext:Watts>39.55263157894737</ext:Watts><ext:Torque>20</ext:Torque></ext:TPX></Extensions></Trackpoint><Trackpoint><Time>2025-09-10T13:46:58.220Z</Time><DistanceMeters>319.3608662509683</DistanceMeters><HeartRateBpm><Value>95</Value></HeartRateBpm><Cadence>22</Cadence><Extensions><ext:TPX><ext:Watts>39.578947368421055</ext:Watts><ext:Torque>20</ext:Torque></ext:TPX></Extensions></Trackpoint><Trackpoint><Time>2025-09-10T13:46:59.550Z</Time><DistanceMeters>323.0115151293654</DistanceMeters><HeartRateBpm><Value>95</Value></HeartRateBpm><Cadence>22</Cadence><Extensions><ext:TPX><ext:Watts>40.28947368421053</ext:Watts><ext:Torque>20</ext:Torque></ext:TPX></Extensions></Trackpoint><Trackpoint><Time>2025-09-10T13:47:00.845Z</Time><DistanceMeters>326.55474723262944</DistanceMeters><HeartRateBpm><Value>95</Value></HeartRateBpm><Cadence>23</Cadence><Extensions><ext:TPX><ext:Watts>39.972972972972975</ext:Watts><ext:Torque>20</ext:Torque></ext:TPX></Extensions></Trackpoint><Trackpoint><Time>2025-09-10T13:47:02.175Z</Time><DistanceMeters>330.11955459592383</DistanceMeters><HeartRateBpm><Value>96</Value></HeartRateBpm><Cadence>22</Cadence><Extensions><ext:TPX><ext:Watts>39.3421052631579</ext:Watts><ext:Torque>20</ext:Torque></ext:TPX></Extensions></Trackpoint><Trackpoint><Time>2025-09-10T13:47:03.505Z</Time><DistanceMeters>333.76305001472906</DistanceMeters><HeartRateBpm><Value>96</Value></HeartRateBpm><Cadence>22</Cadence><Extensions><ext:TPX><ext:Watts>40.21052631578947</ext:Watts><ext:Torque>20</ext:Torque></ext:TPX></Extensions></Trackpoint><Trackpoint><Time>2025-09-10T13:47:04.800Z</Time><DistanceMeters>337.3470089237777</DistanceMeters><HeartRateBpm><Value>96</Value></HeartRateBpm><Cadence>23</Cadence><Extensions><ext:TPX><ext:Watts>40.432432432432435</ext:Watts><ext:Torque>20</ext:Torque></ext:TPX></Extensions></Trackpoint><Trackpoint><Time>2025-09-10T13:47:06.131Z</Time><DistanceMeters>341.0763458576857</DistanceMeters><HeartRateBpm><Value>96</Value></HeartRateBpm><Cadence>22</Cadence><Extensions><ext:TPX><ext:Watts>41.1578947368421</ext:Watts><ext:Torque>20</ext:Torque></ext:TPX></Extensions></Trackpoint><Trackpoint><Time>2025-09-10T13:47:07.460Z</Time><DistanceMeters>344.71268781689906</DistanceMeters><HeartRateBpm><Value>96</Value></HeartRateBpm><Cadence>22</Cadence><Extensions><ext:TPX><ext:Watts>40.13157894736842</ext:Watts><ext:Torque>20</ext:Torque></ext:TPX></Extensions></Trackpoint><Trackpoint><Time>2025-09-10T13:47:08.755Z</Time><DistanceMeters>348.3206036705269</DistanceMeters><HeartRateBpm><Value>96</Value></HeartRateBpm><Cadence>23</Cadence><Extensions><ext:TPX><ext:Watts>40.7027027027027</ext:Watts><ext:Torque>20</ext:Torque></ext:TPX></Extensions></Trackpoint><Trackpoint><Time>2025-09-10T13:47:10.085Z</Time><DistanceMeters>351.92117833178077</DistanceMeters><HeartRateBpm><Value>96</Value></HeartRateBpm><Cadence>22</Cadence><Extensions><ext:TPX><ext:Watts>39.73684210526316</ext:Watts><ext:Torque>20</ext:Torque></ext:TPX></Extensions></Trackpoint><Trackpoint><Time>2025-09-10T13:47:11.415Z</Time><DistanceMeters>355.43352699140127</DistanceMeters><HeartRateBpm><Value>96</Value></HeartRateBpm><Cadence>22</Cadence><Extensions><ext:TPX><ext:Watts>38.76315789473684</ext:Watts><ext:Torque>20</ext:Torque></ext:TPX></Extensions></Trackpoint><Trackpoint><Time>2025-09-10T13:47:12.745Z</Time><DistanceMeters>358.9744894893893</DistanceMeters><HeartRateBpm><Value>97</Value></HeartRateBpm><Cadence>22</Cadence><Extensions><ext:TPX><ext:Watts>39.078947368421055</ext:Watts><ext:Torque>20</ext:Torque></ext:TPX></Extensions></Trackpoint><Trackpoint><Time>2025-09-10T13:47:14.075Z</Time><DistanceMeters>362.49637609513235</DistanceMeters><HeartRateBpm><Value>97</Value></HeartRateBpm><Cadence>22</Cadence><Extensions><ext:TPX><ext:Watts>38.86842105263158</ext:Watts><ext:Torque>20</ext:Torque></ext:TPX></Extensions></Trackpoint><Trackpoint><Time>2025-09-10T13:47:15.405Z</Time><DistanceMeters>365.9181142665889</DistanceMeters><HeartRateBpm><Value>97</Value></HeartRateBpm><Cadence>22</Cadence><Extensions><ext:TPX><ext:Watts>37.76315789473684</ext:Watts><ext:Torque>20</ext:Torque></ext:TPX></Extensions></Trackpoint><Trackpoint><Time>2025-09-10T13:47:16.740Z</Time><DistanceMeters>369.41377152049495</DistanceMeters><HeartRateBpm><Value>98</Value></HeartRateBpm><Cadence>22</Cadence><Extensions><ext:TPX><ext:Watts>38.578947368421055</ext:Watts><ext:Torque>20</ext:Torque></ext:TPX></Extensions></Trackpoint><Trackpoint><Time>2025-09-10T13:47:18.035Z</Time><DistanceMeters>372.865967234358</DistanceMeters><HeartRateBpm><Value>98</Value></HeartRateBpm><Cadence>23</Cadence><Extensions><ext:TPX><ext:Watts>38.945945945945944</ext:Watts><ext:Torque>20</ext:Torque></ext:TPX></Extensions></Trackpoint><Trackpoint><Time>2025-09-10T13:47:19.365Z</Time><DistanceMeters>376.2757829731613</DistanceMeters><HeartRateBpm><Value>99</Value></HeartRateBpm><Cadence>22</Cadence><Extensions><ext:TPX><ext:Watts>37.63157894736842</ext:Watts><ext:Torque>20</ext:Torque></ext:TPX></Extensions></Trackpoint><Trackpoint><Time>2025-09-10T13:47:20.660Z</Time><DistanceMeters>379.76151840943527</DistanceMeters><HeartRateBpm><Value>99</Value></HeartRateBpm><Cadence>23</Cadence><Extensions><ext:TPX><ext:Watts>39.32432432432432</ext:Watts><ext:Torque>20</ext:Torque></ext:TPX></Extensions></Trackpoint><Trackpoint><Time>2025-09-10T13:47:21.960Z</Time><DistanceMeters>383.20652703992454</DistanceMeters><HeartRateBpm><Value>99</Value></HeartRateBpm><Cadence>23</Cadence><Extensions><ext:TPX><ext:Watts>38.86486486486486</ext:Watts><ext:Torque>20</ext:Torque></ext:TPX></Extensions></Trackpoint><Trackpoint><Time>2025-09-10T13:47:23.260Z</Time><DistanceMeters>386.74975914318856</DistanceMeters><HeartRateBpm><Value>99</Value></HeartRateBpm><Cadence>23</Cadence><Extensions><ext:TPX><ext:Watts>39.972972972972975</ext:Watts><ext:Torque>20</ext:Torque></ext:TPX></Extensions></Trackpoint><Trackpoint><Time>2025-09-10T13:47:24.595Z</Time><DistanceMeters>390.1190386109712</DistanceMeters><HeartRateBpm><Value>99</Value></HeartRateBpm><Cadence>22</Cadence><Extensions><ext:TPX><ext:Watts>37.18421052631579</ext:Watts><ext:Torque>20</ext:Torque></ext:TPX></Extensions></Trackpoint><Trackpoint><Time>2025-09-10T13:47:25.890Z</Time><DistanceMeters>393.5903998804976</DistanceMeters><HeartRateBpm><Value>99</Value></HeartRateBpm><Cadence>23</Cadence><Extensions><ext:TPX><ext:Watts>39.16216216216216</ext:Watts><ext:Torque>20</ext:Torque></ext:TPX></Extensions></Trackpoint><Trackpoint><Time>2025-09-10T13:47:27.220Z</Time><DistanceMeters>397.0932105939956</DistanceMeters><HeartRateBpm><Value>99</Value></HeartRateBpm><Cadence>22</Cadence><Extensions><ext:TPX><ext:Watts>38.6578947368421</ext:Watts><ext:Torque>20</ext:Torque></ext:TPX></Extensions></Trackpoint><Trackpoint><Time>2025-09-10T13:47:28.480Z</Time><DistanceMeters>400.5548143996361</DistanceMeters><HeartRateBpm><Value>99</Value></HeartRateBpm><Cadence>24</Cadence><Extensions><ext:TPX><ext:Watts>40.75</ext:Watts><ext:Torque>20</ext:Torque></ext:TPX></Extensions></Trackpoint><Trackpoint><Time>2025-09-10T13:47:29.775Z</Time><DistanceMeters>404.0573196971155</DistanceMeters><HeartRateBpm><Value>99</Value></HeartRateBpm><Cadence>23</Cadence><Extensions><ext:TPX><ext:Watts>39.513513513513516</ext:Watts><ext:Torque>20</ext:Torque></ext:TPX></Extensions></Trackpoint><Trackpoint><Time>2025-09-10T13:47:31.035Z</Time><DistanceMeters>407.47173054017054</DistanceMeters><HeartRateBpm><Value>99</Value></HeartRateBpm><Cadence>24</Cadence><Extensions><ext:TPX><ext:Watts>40.19444444444444</ext:Watts><ext:Torque>20</ext:Torque></ext:TPX></Extensions></Trackpoint><Trackpoint><Time>2025-09-10T13:47:32.330Z</Time><DistanceMeters>410.88319944824894</DistanceMeters><HeartRateBpm><Value>99</Value></HeartRateBpm><Cadence>23</Cadence><Extensions><ext:TPX><ext:Watts>38.486486486486484</ext:Watts><ext:Torque>20</ext:Torque></ext:TPX></Extensions></Trackpoint><Trackpoint><Time>2025-09-10T13:47:33.630Z</Time><DistanceMeters>414.38091335681247</DistanceMeters><HeartRateBpm><Value>99</Value></HeartRateBpm><Cadence>23</Cadence><Extensions><ext:TPX><ext:Watts>39.45945945945946</ext:Watts><ext:Torque>20</ext:Torque></ext:TPX></Extensions></Trackpoint><Trackpoint><Time>2025-09-10T13:47:34.960Z</Time><DistanceMeters>417.77880666296267</DistanceMeters><HeartRateBpm><Value>100</Value></HeartRateBpm><Cadence>22</Cadence><Extensions><ext:TPX><ext:Watts>37.5</ext:Watts><ext:Torque>20</ext:Torque></ext:TPX></Extensions></Trackpoint><Trackpoint><Time>2025-09-10T13:47:36.256Z</Time><DistanceMeters>421.2310023768257</DistanceMeters><HeartRateBpm><Value>100</Value></HeartRateBpm><Cadence>23</Cadence><Extensions><ext:TPX><ext:Watts>38.945945945945944</ext:Watts><ext:Torque>20</ext:Torque></ext:TPX></Extensions></Trackpoint><Trackpoint><Time>2025-09-10T13:47:37.550Z</Time><DistanceMeters>424.66163684056744</DistanceMeters><HeartRateBpm><Value>100</Value></HeartRateBpm><Cadence>23</Cadence><Extensions><ext:TPX><ext:Watts>38.7027027027027</ext:Watts><ext:Torque>20</ext:Torque></ext:TPX></Extensions></Trackpoint><Trackpoint><Time>2025-09-10T13:47:38.845Z</Time><DistanceMeters>428.1042497765988</DistanceMeters><HeartRateBpm><Value>100</Value></HeartRateBpm><Cadence>23</Cadence><Extensions><ext:TPX><ext:Watts>38.83783783783784</ext:Watts><ext:Torque>20</ext:Torque></ext:TPX></Extensions></Trackpoint><Trackpoint><Time>2025-09-10T13:47:40.176Z</Time><DistanceMeters>431.6213674092806</DistanceMeters><HeartRateBpm><Value>100</Value></HeartRateBpm><Cadence>22</Cadence><Extensions><ext:TPX><ext:Watts>38.81578947368421</ext:Watts><ext:Torque>20</ext:Torque></ext:TPX></Extensions></Trackpoint><Trackpoint><Time>2025-09-10T13:47:41.470Z</Time><DistanceMeters>435.00408798386394</DistanceMeters><HeartRateBpm><Value>100</Value></HeartRateBpm><Cadence>23</Cadence><Extensions><ext:TPX><ext:Watts>38.16216216216216</ext:Watts><ext:Torque>20</ext:Torque></ext:TPX></Extensions></Trackpoint><Trackpoint><Time>2025-09-10T13:47:42.800Z</Time><DistanceMeters>438.39721231695285</DistanceMeters><HeartRateBpm><Value>100</Value></HeartRateBpm><Cadence>22</Cadence><Extensions><ext:TPX><ext:Watts>37.44736842105263</ext:Watts><ext:Torque>20</ext:Torque></ext:TPX></Extensions></Trackpoint><Trackpoint><Time>2025-09-10T13:47:44.136Z</Time><DistanceMeters>441.9334058418797</DistanceMeters><HeartRateBpm><Value>100</Value></HeartRateBpm><Cadence>22</Cadence><Extensions><ext:TPX><ext:Watts>39.026315789473685</ext:Watts><ext:Torque>20</ext:Torque></ext:TPX></Extensions></Trackpoint><Trackpoint><Time>2025-09-10T13:47:45.430Z</Time><DistanceMeters>445.43591113935906</DistanceMeters><HeartRateBpm><Value>100</Value></HeartRateBpm><Cadence>23</Cadence><Extensions><ext:TPX><ext:Watts>39.513513513513516</ext:Watts><ext:Torque>20</ext:Torque></ext:TPX></Extensions></Trackpoint><Trackpoint><Time>2025-09-10T13:47:46.766Z</Time><DistanceMeters>448.92441493367323</DistanceMeters><HeartRateBpm><Value>100</Value></HeartRateBpm><Cadence>22</Cadence><Extensions><ext:TPX><ext:Watts>38.5</ext:Watts><ext:Torque>20</ext:Torque></ext:TPX></Extensions></Trackpoint><Trackpoint><Time>2025-09-10T13:47:48.060Z</Time><DistanceMeters>452.4796255092268</DistanceMeters><HeartRateBpm><Value>100</Value></HeartRateBpm><Cadence>23</Cadence><Extensions><ext:TPX><ext:Watts>40.108108108108105</ext:Watts><ext:Torque>20</ext:Torque></ext:TPX></Extensions></Trackpoint><Trackpoint><Time>2025-09-10T13:47:49.391Z</Time><DistanceMeters>455.7940617868049</DistanceMeters><HeartRateBpm><Value>100</Value></HeartRateBpm><Cadence>22</Cadence><Extensions><ext:TPX><ext:Watts>36.578947368421055</ext:Watts><ext:Torque>20</ext:Torque></ext:TPX></Extensions></Trackpoint><Trackpoint><Time>2025-09-10T13:47:50.720Z</Time><DistanceMeters>459.3064104464254</DistanceMeters><HeartRateBpm><Value>100</Value></HeartRateBpm><Cadence>22</Cadence><Extensions><ext:TPX><ext:Watts>38.76315789473684</ext:Watts><ext:Torque>20</ext:Torque></ext:TPX></Extensions></Trackpoint><Trackpoint><Time>2025-09-10T13:47:52.016Z</Time><DistanceMeters>462.8280812995681</DistanceMeters><HeartRateBpm><Value>99</Value></HeartRateBpm><Cadence>23</Cadence><Extensions><ext:TPX><ext:Watts>39.729729729729726</ext:Watts><ext:Torque>20</ext:Torque></ext:TPX></Extensions></Trackpoint><Trackpoint><Time>2025-09-10T13:47:53.346Z</Time><DistanceMeters>466.3237385534742</DistanceMeters><HeartRateBpm><Value>99</Value></HeartRateBpm><Cadence>22</Cadence><Extensions><ext:TPX><ext:Watts>38.578947368421055</ext:Watts><ext:Torque>20</ext:Torque></ext:TPX></Extensions></Trackpoint><Trackpoint><Time>2025-09-10T13:47:54.681Z</Time><DistanceMeters>469.7407077518694</DistanceMeters><HeartRateBpm><Value>99</Value></HeartRateBpm><Cadence>22</Cadence><Extensions><ext:TPX><ext:Watts>37.71052631578947</ext:Watts><ext:Torque>20</ext:Torque></ext:TPX></Extensions></Trackpoint><Trackpoint><Time>2025-09-10T13:47:56.011Z</Time><DistanceMeters>473.3102840882251</DistanceMeters><HeartRateBpm><Value>99</Value></HeartRateBpm><Cadence>22</Cadence><Extensions><ext:TPX><ext:Watts>39.39473684210526</ext:Watts><ext:Torque>20</ext:Torque></ext:TPX></Extensions></Trackpoint><Trackpoint><Time>2025-09-10T13:47:57.341Z</Time><DistanceMeters>476.9442415609078</DistanceMeters><HeartRateBpm><Value>99</Value></HeartRateBpm><Cadence>22</Cadence><Extensions><ext:TPX><ext:Watts>40.10526315789474</ext:Watts><ext:Torque>20</ext:Torque></ext:TPX></Extensions></Trackpoint><Trackpoint><Time>2025-09-10T13:47:58.671Z</Time><DistanceMeters>480.6735784948158</DistanceMeters><HeartRateBpm><Value>99</Value></HeartRateBpm><Cadence>22</Cadence><Extensions><ext:TPX><ext:Watts>41.1578947368421</ext:Watts><ext:Torque>20</ext:Torque></ext:TPX></Extensions></Trackpoint><Trackpoint><Time>2025-09-10T13:48:00.001Z</Time><DistanceMeters>484.2240789389264</DistanceMeters><HeartRateBpm><Value>99</Value></HeartRateBpm><Cadence>22</Cadence><Extensions><ext:TPX><ext:Watts>39.18421052631579</ext:Watts><ext:Torque>20</ext:Torque></ext:TPX></Extensions></Trackpoint><Trackpoint><Time>2025-09-10T13:48:01.331Z</Time><DistanceMeters>487.891419223038</DistanceMeters><HeartRateBpm><Value>99</Value></HeartRateBpm><Cadence>22</Cadence><Extensions><ext:TPX><ext:Watts>40.473684210526315</ext:Watts><ext:Torque>20</ext:Torque></ext:TPX></Extensions></Trackpoint><Trackpoint><Time>2025-09-10T13:48:02.661Z</Time><DistanceMeters>491.44668864020986</DistanceMeters><HeartRateBpm><Value>99</Value></HeartRateBpm><Cadence>22</Cadence><Extensions><ext:TPX><ext:Watts>39.23684210526316</ext:Watts><ext:Torque>20</ext:Torque></ext:TPX></Extensions></Trackpoint><Trackpoint><Time>2025-09-10T13:48:03.991Z</Time><DistanceMeters>495.08303059942324</DistanceMeters><HeartRateBpm><Value>99</Value></HeartRateBpm><Cadence>22</Cadence><Extensions><ext:TPX><ext:Watts>40.13157894736842</ext:Watts><ext:Torque>20</ext:Torque></ext:TPX></Extensions></Trackpoint><Trackpoint><Time>2025-09-10T13:48:05.326Z</Time><DistanceMeters>498.7956761276168</DistanceMeters><HeartRateBpm><Value>99</Value></HeartRateBpm><Cadence>22</Cadence><Extensions><ext:TPX><ext:Watts>40.973684210526315</ext:Watts><ext:Torque>20</ext:Torque></ext:TPX></Extensions></Trackpoint><Trackpoint><Time>2025-09-10T13:48:06.656Z</Time><DistanceMeters>502.510706142341</DistanceMeters><HeartRateBpm><Value>100</Value></HeartRateBpm><Cadence>22</Cadence><Extensions><ext:TPX><ext:Watts>41.0</ext:Watts><ext:Torque>20</ext:Torque></ext:TPX></Extensions></Trackpoint><Trackpoint><Time>2025-09-10T13:48:07.951Z</Time><DistanceMeters>506.2144497742857</DistanceMeters><HeartRateBpm><Value>100</Value></HeartRateBpm><Cadence>23</Cadence><Extensions><ext:TPX><ext:Watts>41.78378378378378</ext:Watts><ext:Torque>20</ext:Torque></ext:TPX></Extensions></Trackpoint><Trackpoint><Time>2025-09-10T13:48:09.281Z</Time><DistanceMeters>509.93424876207115</DistanceMeters><HeartRateBpm><Value>100</Value></HeartRateBpm><Cadence>22</Cadence><Extensions><ext:TPX><ext:Watts>41.05263157894737</ext:Watts><ext:Torque>20</ext:Torque></ext:TPX></Extensions></Trackpoint><Trackpoint><Time>2025-09-10T13:48:10.612Z</Time><DistanceMeters>513.6087425057747</DistanceMeters><HeartRateBpm><Value>101</Value></HeartRateBpm><Cadence>22</Cadence><Extensions><ext:TPX><ext:Watts>40.55263157894737</ext:Watts><ext:Torque>20</ext:Torque></ext:TPX></Extensions></Trackpoint><Trackpoint><Time>2025-09-10T13:48:11.941Z</Time><DistanceMeters>517.3213880339682</DistanceMeters><HeartRateBpm><Value>101</Value></HeartRateBpm><Cadence>22</Cadence><Extensions><ext:TPX><ext:Watts>40.973684210526315</ext:Watts><ext:Torque>20</ext:Torque></ext:TPX></Extensions></Trackpoint><Trackpoint><Time>2025-09-10T13:48:13.271Z</Time><DistanceMeters>520.9458075605285</DistanceMeters><HeartRateBpm><Value>102</Value></HeartRateBpm><Cadence>22</Cadence><Extensions><ext:TPX><ext:Watts>40.0</ext:Watts><ext:Torque>20</ext:Torque></ext:TPX></Extensions></Trackpoint><Trackpoint><Time>2025-09-10T13:48:14.601Z</Time><DistanceMeters>524.5368442756599</DistanceMeters><HeartRateBpm><Value>102</Value></HeartRateBpm><Cadence>22</Cadence><Extensions><ext:TPX><ext:Watts>39.63157894736842</ext:Watts><ext:Torque>20</ext:Torque></ext:TPX></Extensions></Trackpoint><Trackpoint><Time>2025-09-10T13:48:15.931Z</Time><DistanceMeters>528.2018000732407</DistanceMeters><HeartRateBpm><Value>102</Value></HeartRateBpm><Cadence>22</Cadence><Extensions><ext:TPX><ext:Watts>40.44736842105263</ext:Watts><ext:Torque>20</ext:Torque></ext:TPX></Extensions></Trackpoint><Trackpoint><Time>2025-09-10T13:48:17.296Z</Time><DistanceMeters>531.7351338818039</DistanceMeters><HeartRateBpm><Value>103</Value></HeartRateBpm><Cadence>22</Cadence><Extensions><ext:TPX><ext:Watts>38.12820512820513</ext:Watts><ext:Torque>20</ext:Torque></ext:TPX></Extensions></Trackpoint><Trackpoint><Time>2025-09-10T13:48:18.627Z</Time><DistanceMeters>535.2832498393839</DistanceMeters><HeartRateBpm><Value>103</Value></HeartRateBpm><Cadence>22</Cadence><Extensions><ext:TPX><ext:Watts>39.1578947368421</ext:Watts><ext:Torque>20</ext:Torque></ext:TPX></Extensions></Trackpoint><Trackpoint><Time>2025-09-10T13:48:19.956Z</Time><DistanceMeters>538.8456727161476</DistanceMeters><HeartRateBpm><Value>103</Value></HeartRateBpm><Cadence>22</Cadence><Extensions><ext:TPX><ext:Watts>39.31578947368421</ext:Watts><ext:Torque>20</ext:Torque></ext:TPX></Extensions></Trackpoint><Trackpoint><Time>2025-09-10T13:48:21.286Z</Time><DistanceMeters>542.2984092125024</DistanceMeters><HeartRateBpm><Value>104</Value></HeartRateBpm><Cadence>22</Cadence><Extensions><ext:TPX><ext:Watts>38.10526315789474</ext:Watts><ext:Torque>20</ext:Torque></ext:TPX></Extensions></Trackpoint><Trackpoint><Time>2025-09-10T13:48:22.616Z</Time><DistanceMeters>545.7749905741634</DistanceMeters><HeartRateBpm><Value>104</Value></HeartRateBpm><Cadence>22</Cadence><Extensions><ext:TPX><ext:Watts>38.36842105263158</ext:Watts><ext:Torque>20</ext:Torque></ext:TPX></Extensions></Trackpoint><Trackpoint><Time>2025-09-10T13:48:23.946Z</Time><DistanceMeters>549.332644477866</DistanceMeters><HeartRateBpm><Value>104</Value></HeartRateBpm><Cadence>22</Cadence><Extensions><ext:TPX><ext:Watts>39.26315789473684</ext:Watts><ext:Torque>20</ext:Torque></ext:TPX></Extensions></Trackpoint><Trackpoint><Time>2025-09-10T13:48:25.276Z</Time><DistanceMeters>552.9284501660586</DistanceMeters><HeartRateBpm><Value>104</Value></HeartRateBpm><Cadence>22</Cadence><Extensions><ext:TPX><ext:Watts>39.68421052631579</ext:Watts><ext:Torque>20</ext:Torque></ext:TPX></Extensions></Trackpoint><Trackpoint><Time>2025-09-10T13:48:26.646Z</Time><DistanceMeters>556.447527079631</DistanceMeters><HeartRateBpm><Value>104</Value></HeartRateBpm><Cadence>22</Cadence><Extensions><ext:TPX><ext:Watts>37.97435897435897</ext:Watts><ext:Torque>20</ext:Torque></ext:TPX></Extensions></Trackpoint><Trackpoint><Time>2025-09-10T13:48:27.941Z</Time><DistanceMeters>560.0770041833802</DistanceMeters><HeartRateBpm><Value>103</Value></HeartRateBpm><Cadence>23</Cadence><Extensions><ext:TPX><ext:Watts>40.945945945945944</ext:Watts><ext:Torque>20</ext:Torque></ext:TPX></Extensions></Trackpoint><Trackpoint><Time>2025-09-10T13:48:29.271Z</Time><DistanceMeters>563.7181151156548</DistanceMeters><HeartRateBpm><Value>103</Value></HeartRateBpm><Cadence>22</Cadence><Extensions><ext:TPX><ext:Watts>40.18421052631579</ext:Watts><ext:Torque>20</ext:Torque></ext:TPX></Extensions></Trackpoint><Trackpoint><Time>2025-09-10T13:48:30.636Z</Time><DistanceMeters>567.3655040841446</DistanceMeters><HeartRateBpm><Value>103</Value></HeartRateBpm><Cadence>22</Cadence><Extensions><ext:TPX><ext:Watts>39.35897435897436</ext:Watts><ext:Torque>20</ext:Torque></ext:TPX></Extensions></Trackpoint><Trackpoint><Time>2025-09-10T13:48:31.971Z</Time><DistanceMeters>570.85877685152</DistanceMeters><HeartRateBpm><Value>102</Value></HeartRateBpm><Cadence>22</Cadence><Extensions><ext:TPX><ext:Watts>38.55263157894737</ext:Watts><ext:Torque>20</ext:Torque></ext:TPX></Extensions></Trackpoint><Trackpoint><Time>2025-09-10T13:48:33.371Z</Time><DistanceMeters>574.9125425865318</DistanceMeters><HeartRateBpm><Value>102</Value></HeartRateBpm><Cadence>22</Cadence><Extensions><ext:TPX><ext:Watts>42.75</ext:Watts><ext:Torque>20</ext:Torque></ext:TPX></Extensions></Trackpoint><Trackpoint><Time>2025-09-10T13:48:34.736Z</Time><DistanceMeters>578.7904180240403</DistanceMeters><HeartRateBpm><Value>101</Value></HeartRateBpm><Cadence>22</Cadence><Extensions><ext:TPX><ext:Watts>41.84615384615385</ext:Watts><ext:Torque>20</ext:Torque></ext:TPX></Extensions></Trackpoint><Trackpoint><Time>2025-09-10T13:48:36.101Z</Time><DistanceMeters>582.6112658815854</DistanceMeters><HeartRateBpm><Value>101</Value></HeartRateBpm><Cadence>22</Cadence><Extensions><ext:TPX><ext:Watts>41.23076923076923</ext:Watts><ext:Torque>20</ext:Torque></ext:TPX></Extensions></Trackpoint><Trackpoint><Time>2025-09-10T13:48:37.541Z</Time><DistanceMeters>586.3809147619972</DistanceMeters><HeartRateBpm><Value>101</Value></HeartRateBpm><Cadence>21</Cadence><Extensions><ext:TPX><ext:Watts>38.829268292682926</ext:Watts><ext:Torque>20</ext:Torque></ext:TPX></Extensions></Trackpoint><Trackpoint><Time>2025-09-10T13:48:38.941Z</Time><DistanceMeters>590.1786531874293</DistanceMeters><HeartRateBpm><Value>101</Value></HeartRateBpm><Cadence>22</Cadence><Extensions><ext:TPX><ext:Watts>40.05</ext:Watts><ext:Torque>20</ext:Torque></ext:TPX></Extensions></Trackpoint><Trackpoint><Time>2025-09-10T13:48:40.311Z</Time><DistanceMeters>593.8664366917266</DistanceMeters><HeartRateBpm><Value>101</Value></HeartRateBpm><Cadence>22</Cadence><Extensions><ext:TPX><ext:Watts>39.794871794871796</ext:Watts><ext:Torque>20</ext:Torque></ext:TPX></Extensions></Trackpoint><Trackpoint><Time>2025-09-10T13:48:41.747Z</Time><DistanceMeters>597.2217083396812</DistanceMeters><HeartRateBpm><Value>100</Value></HeartRateBpm><Cadence>21</Cadence><Extensions><ext:TPX><ext:Watts>34.5609756097561</ext:Watts><ext:Torque>20</ext:Torque></ext:TPX></Extensions></Trackpoint><Trackpoint><Time>2025-09-10T13:48:43.147Z</Time><DistanceMeters>600.7112657443229</DistanceMeters><HeartRateBpm><Value>100</Value></HeartRateBpm><Cadence>22</Cadence><Extensions><ext:TPX><ext:Watts>36.8</ext:Watts><ext:Torque>20</ext:Torque></ext:TPX></Extensions></Trackpoint><Trackpoint><Time>2025-09-10T13:48:44.517Z</Time><DistanceMeters>604.0354984263537</DistanceMeters><HeartRateBpm><Value>101</Value></HeartRateBpm><Cadence>22</Cadence><Extensions><ext:TPX><ext:Watts>35.87179487179487</ext:Watts><ext:Torque>20</ext:Torque></ext:TPX></Extensions></Trackpoint><Trackpoint><Time>2025-09-10T13:48:45.882Z</Time><DistanceMeters>607.3454742133937</DistanceMeters><HeartRateBpm><Value>101</Value></HeartRateBpm><Cadence>22</Cadence><Extensions><ext:TPX><ext:Watts>35.717948717948715</ext:Watts><ext:Torque>20</ext:Torque></ext:TPX></Extensions></Trackpoint><Trackpoint><Time>2025-09-10T13:48:47.212Z</Time><DistanceMeters>610.6312966526042</DistanceMeters><HeartRateBpm><Value>101</Value></HeartRateBpm><Cadence>22</Cadence><Extensions><ext:TPX><ext:Watts>36.26315789473684</ext:Watts><ext:Torque>20</ext:Torque></ext:TPX></Extensions></Trackpoint><Trackpoint><Time>2025-09-10T13:48:48.577Z</Time><DistanceMeters>613.9579054838002</DistanceMeters><HeartRateBpm><Value>101</Value></HeartRateBpm><Cadence>22</Cadence><Extensions><ext:TPX><ext:Watts>35.8974358974359</ext:Watts><ext:Torque>20</ext:Torque></ext:TPX></Extensions></Trackpoint><Trackpoint><Time>2025-09-10T13:48:49.877Z</Time><DistanceMeters>617.2927121692252</DistanceMeters><HeartRateBpm><Value>102</Value></HeartRateBpm><Cadence>23</Cadence><Extensions><ext:TPX><ext:Watts>37.62162162162162</ext:Watts><ext:Torque>20</ext:Torque></ext:TPX></Extensions></Trackpoint><Trackpoint><Time>2025-09-10T13:48:51.207Z</Time><DistanceMeters>620.692989961906</DistanceMeters><HeartRateBpm><Value>103</Value></HeartRateBpm><Cadence>22</Cadence><Extensions><ext:TPX><ext:Watts>37.526315789473685</ext:Watts><ext:Torque>20</ext:Torque></ext:TPX></Extensions></Trackpoint><Trackpoint><Time>2025-09-10T13:48:52.537Z</Time><DistanceMeters>624.1099591603013</DistanceMeters><HeartRateBpm><Value>103</Value></HeartRateBpm><Cadence>22</Cadence><Extensions><ext:TPX><ext:Watts>37.71052631578947</ext:Watts><ext:Torque>20</ext:Torque></ext:TPX></Extensions></Trackpoint><Trackpoint><Time>2025-09-10T13:48:53.867Z</Time><DistanceMeters>627.5054679799208</DistanceMeters><HeartRateBpm><Value>104</Value></HeartRateBpm><Cadence>22</Cadence><Extensions><ext:TPX><ext:Watts>37.473684210526315</ext:Watts><ext:Torque>20</ext:Torque></ext:TPX></Extensions></Trackpoint><Trackpoint><Time>2025-09-10T13:48:55.232Z</Time><DistanceMeters>630.9627650151995</DistanceMeters><HeartRateBpm><Value>104</Value></HeartRateBpm><Cadence>22</Cadence><Extensions><ext:TPX><ext:Watts>37.30769230769231</ext:Watts><ext:Torque>20</ext:Torque></ext:TPX></Extensions></Trackpoint><Trackpoint><Time>2025-09-10T13:48:56.597Z</Time><DistanceMeters>634.3440252771936</DistanceMeters><HeartRateBpm><Value>105</Value></HeartRateBpm><Cadence>22</Cadence><Extensions><ext:TPX><ext:Watts>36.48717948717949</ext:Watts><ext:Torque>20</ext:Torque></ext:TPX></Extensions></Trackpoint><Trackpoint><Time>2025-09-10T13:48:57.927Z</Time><DistanceMeters>637.8086842062015</DistanceMeters><HeartRateBpm><Value>105</Value></HeartRateBpm><Cadence>22</Cadence><Extensions><ext:TPX><ext:Watts>38.23684210526316</ext:Watts><ext:Torque>20</ext:Torque></ext:TPX></Extensions></Trackpoint><Trackpoint><Time>2025-09-10T13:48:59.257Z</Time><DistanceMeters>641.1684257278616</DistanceMeters><HeartRateBpm><Value>106</Value></HeartRateBpm><Cadence>22</Cadence><Extensions><ext:TPX><ext:Watts>37.078947368421055</ext:Watts><ext:Torque>20</ext:Torque></ext:TPX></Extensions></Trackpoint><Trackpoint><Time>2025-09-10T13:49:00.587Z</Time><DistanceMeters>644.578241466665</DistanceMeters><HeartRateBpm><Value>106</Value></HeartRateBpm><Cadence>22</Cadence><Extensions><ext:TPX><ext:Watts>37.63157894736842</ext:Watts><ext:Torque>20</ext:Torque></ext:TPX></Extensions></Trackpoint><Trackpoint><Time>2025-09-10T13:49:01.952Z</Time><DistanceMeters>648.0616761427602</DistanceMeters><HeartRateBpm><Value>107</Value></HeartRateBpm><Cadence>22</Cadence><Extensions><ext:TPX><ext:Watts>37.58974358974359</ext:Watts><ext:Torque>20</ext:Torque></ext:TPX></Extensions></Trackpoint><Trackpoint><Time>2025-09-10T13:49:03.317Z</Time><DistanceMeters>651.4619455980755</DistanceMeters><HeartRateBpm><Value>107</Value></HeartRateBpm><Cadence>22</Cadence><Extensions><ext:TPX><ext:Watts>36.69230769230769</ext:Watts><ext:Torque>20</ext:Torque></ext:TPX></Extensions></Trackpoint><Trackpoint><Time>2025-09-10T13:49:04.647Z</Time><DistanceMeters>654.8503009581032</DistanceMeters><HeartRateBpm><Value>108</Value></HeartRateBpm><Cadence>22</Cadence><Extensions><ext:TPX><ext:Watts>37.39473684210526</ext:Watts><ext:Torque>20</ext:Torque></ext:TPX></Extensions></Trackpoint><Trackpoint><Time>2025-09-10T13:49:06.012Z</Time><DistanceMeters>658.4264054516389</DistanceMeters><HeartRateBpm><Value>108</Value></HeartRateBpm><Cadence>22</Cadence><Extensions><ext:TPX><ext:Watts>38.58974358974359</ext:Watts><ext:Torque>20</ext:Torque></ext:TPX></Extensions></Trackpoint><Trackpoint><Time>2025-09-10T13:49:07.382Z</Time><DistanceMeters>661.9692438568626</DistanceMeters><HeartRateBpm><Value>108</Value></HeartRateBpm><Cadence>22</Cadence><Extensions><ext:TPX><ext:Watts>38.23076923076923</ext:Watts><ext:Torque>20</ext:Torque></ext:TPX></Extensions></Trackpoint><Trackpoint><Time>2025-09-10T13:49:08.712Z</Time><DistanceMeters>665.5030528952587</DistanceMeters><HeartRateBpm><Value>108</Value></HeartRateBpm><Cadence>22</Cadence><Extensions><ext:TPX><ext:Watts>39.0</ext:Watts><ext:Torque>20</ext:Torque></ext:TPX></Extensions></Trackpoint><Trackpoint><Time>2025-09-10T13:49:10.112Z</Time><DistanceMeters>669.0566171272953</DistanceMeters><HeartRateBpm><Value>108</Value></HeartRateBpm><Cadence>22</Cadence><Extensions><ext:TPX><ext:Watts>37.475</ext:Watts><ext:Torque>20</ext:Torque></ext:TPX></Extensions></Trackpoint><Trackpoint><Time>2025-09-10T13:49:11.442Z</Time><DistanceMeters>672.5212760563032</DistanceMeters><HeartRateBpm><Value>108</Value></HeartRateBpm><Cadence>22</Cadence><Extensions><ext:TPX><ext:Watts>38.23684210526316</ext:Watts><ext:Torque>20</ext:Torque></ext:TPX></Extensions></Trackpoint><Trackpoint><Time>2025-09-10T13:49:12.812Z</Time><DistanceMeters>676.0664906106921</DistanceMeters><HeartRateBpm><Value>108</Value></HeartRateBpm><Cadence>22</Cadence><Extensions><ext:TPX><ext:Watts>38.256410256410255</ext:Watts><ext:Torque>20</ext:Torque></ext:TPX></Extensions></Trackpoint><Trackpoint><Time>2025-09-10T13:49:14.142Z</Time><DistanceMeters>679.5645323511288</DistanceMeters><HeartRateBpm><Value>107</Value></HeartRateBpm><Cadence>22</Cadence><Extensions><ext:TPX><ext:Watts>38.60526315789474</ext:Watts><ext:Torque>20</ext:Torque></ext:TPX></Extensions></Trackpoint><Trackpoint><Time>2025-09-10T13:49:15.512Z</Time><DistanceMeters>683.0051963422516</DistanceMeters><HeartRateBpm><Value>107</Value></HeartRateBpm><Cadence>22</Cadence><Extensions><ext:TPX><ext:Watts>37.12820512820513</ext:Watts><ext:Torque>20</ext:Torque></ext:TPX></Extensions></Trackpoint><Trackpoint><Time>2025-09-10T13:49:16.842Z</Time><DistanceMeters>686.3697068369729</DistanceMeters><HeartRateBpm><Value>106</Value></HeartRateBpm><Cadence>22</Cadence><Extensions><ext:TPX><ext:Watts>37.13157894736842</ext:Watts><ext:Torque>20</ext:Torque></ext:TPX></Extensions></Trackpoint><Trackpoint><Time>2025-09-10T13:49:18.172Z</Time><DistanceMeters>689.7771380892456</DistanceMeters><HeartRateBpm><Value>106</Value></HeartRateBpm><Cadence>22</Cadence><Extensions><ext:TPX><ext:Watts>37.60526315789474</ext:Watts><ext:Torque>20</ext:Torque></ext:TPX></Extensions></Trackpoint><Trackpoint><Time>2025-09-10T13:49:19.502Z</Time><DistanceMeters>693.2227211260084</DistanceMeters><HeartRateBpm><Value>106</Value></HeartRateBpm><Cadence>22</Cadence><Extensions><ext:TPX><ext:Watts>38.026315789473685</ext:Watts><ext:Torque>20</ext:Torque></ext:TPX></Extensions></Trackpoint><Trackpoint><Time>2025-09-10T13:49:20.867Z</Time><DistanceMeters>696.7227888462596</DistanceMeters><HeartRateBpm><Value>105</Value></HeartRateBpm><Cadence>22</Cadence><Extensions><ext:TPX><ext:Watts>37.76923076923077</ext:Watts><ext:Torque>20</ext:Torque></ext:TPX></Extensions></Trackpoint><Trackpoint><Time>2025-09-10T13:49:22.167Z</Time><DistanceMeters>700.1222792820485</DistanceMeters><HeartRateBpm><Value>105</Value></HeartRateBpm><Cadence>23</Cadence><Extensions><ext:TPX><ext:Watts>38.351351351351354</ext:Watts><ext:Torque>20</ext:Torque></ext:TPX></Extensions></Trackpoint><Trackpoint><Time>2025-09-10T13:49:23.497Z</Time><DistanceMeters>703.5559398861582</DistanceMeters><HeartRateBpm><Value>105</Value></HeartRateBpm><Cadence>22</Cadence><Extensions><ext:TPX><ext:Watts>37.89473684210526</ext:Watts><ext:Torque>20</ext:Torque></ext:TPX></Extensions></Trackpoint><Trackpoint><Time>2025-09-10T13:49:24.832Z</Time><DistanceMeters>707.1207472494526</DistanceMeters><HeartRateBpm><Value>104</Value></HeartRateBpm><Cadence>22</Cadence><Extensions><ext:TPX><ext:Watts>39.3421052631579</ext:Watts><ext:Torque>20</ext:Torque></ext:TPX></Extensions></Trackpoint><Trackpoint><Time>2025-09-10T13:49:26.127Z</Time><DistanceMeters>710.6424181025953</DistanceMeters><HeartRateBpm><Value>104</Value></HeartRateBpm><Cadence>23</Cadence><Extensions><ext:TPX><ext:Watts>39.729729729729726</ext:Watts><ext:Torque>20</ext:Torque></ext:TPX></Extensions></Trackpoint><Trackpoint><Time>2025-09-10T13:49:27.457Z</Time><DistanceMeters>714.1499977891546</DistanceMeters><HeartRateBpm><Value>104</Value></HeartRateBpm><Cadence>22</Cadence><Extensions><ext:TPX><ext:Watts>38.71052631578947</ext:Watts><ext:Torque>20</ext:Torque></ext:TPX></Extensions></Trackpoint><Trackpoint><Time>2025-09-10T13:49:28.752Z</Time><DistanceMeters>717.7243739203715</DistanceMeters><HeartRateBpm><Value>104</Value></HeartRateBpm><Cadence>23</Cadence><Extensions><ext:TPX><ext:Watts>40.32432432432432</ext:Watts><ext:Torque>20</ext:Torque></ext:TPX></Extensions></Trackpoint><Trackpoint><Time>2025-09-10T13:49:30.048Z</Time><DistanceMeters>721.2867715792988</DistanceMeters><HeartRateBpm><Value>104</Value></HeartRateBpm><Cadence>23</Cadence><Extensions><ext:TPX><ext:Watts>40.189189189189186</ext:Watts><ext:Torque>20</ext:Torque></ext:TPX></Extensions></Trackpoint><Trackpoint><Time>2025-09-10T13:49:31.342Z</Time><DistanceMeters>724.8970831273846</DistanceMeters><HeartRateBpm><Value>105</Value></HeartRateBpm><Cadence>23</Cadence><Extensions><ext:TPX><ext:Watts>40.729729729729726</ext:Watts><ext:Torque>20</ext:Torque></ext:TPX></Extensions></Trackpoint><Trackpoint><Time>2025-09-10T13:49:32.642Z</Time><DistanceMeters>728.4091712026956</DistanceMeters><HeartRateBpm><Value>105</Value></HeartRateBpm><Cadence>23</Cadence><Extensions><ext:TPX><ext:Watts>39.62162162162162</ext:Watts><ext:Torque>20</ext:Torque></ext:TPX></Extensions></Trackpoint><Trackpoint><Time>2025-09-10T13:49:33.938Z</Time><DistanceMeters>731.9883387228284</DistanceMeters><HeartRateBpm><Value>105</Value></HeartRateBpm><Cadence>23</Cadence><Extensions><ext:TPX><ext:Watts>40.37837837837838</ext:Watts><ext:Torque>20</ext:Torque></ext:TPX></Extensions></Trackpoint><Trackpoint><Time>2025-09-10T13:49:35.198Z</Time><DistanceMeters>735.4169074546592</DistanceMeters><HeartRateBpm><Value>106</Value></HeartRateBpm><Cadence>24</Cadence><Extensions><ext:TPX><ext:Watts>40.361111111111114</ext:Watts><ext:Torque>20</ext:Torque></ext:TPX></Extensions></Trackpoint><Trackpoint><Time>2025-09-10T13:49:36.492Z</Time><DistanceMeters>738.9505567800915</DistanceMeters><HeartRateBpm><Value>106</Value></HeartRateBpm><Cadence>23</Cadence><Extensions><ext:TPX><ext:Watts>39.86486486486486</ext:Watts><ext:Torque>20</ext:Torque></ext:TPX></Extensions></Trackpoint><Trackpoint><Time>2025-09-10T13:49:37.788Z</Time><DistanceMeters>742.4315008274496</DistanceMeters><HeartRateBpm><Value>106</Value></HeartRateBpm><Cadence>23</Cadence><Extensions><ext:TPX><ext:Watts>39.270270270270274</ext:Watts><ext:Torque>20</ext:Torque></ext:TPX></Extensions></Trackpoint><Trackpoint><Time>2025-09-10T13:49:39.048Z</Time><DistanceMeters>745.8435520223753</DistanceMeters><HeartRateBpm><Value>107</Value></HeartRateBpm><Cadence>24</Cadence><Extensions><ext:TPX><ext:Watts>40.166666666666664</ext:Watts><ext:Torque>20</ext:Torque></ext:TPX></Extensions></Trackpoint><Trackpoint><Time>2025-09-10T13:49:40.348Z</Time><DistanceMeters>749.4107410702186</DistanceMeters><HeartRateBpm><Value>107</Value></HeartRateBpm><Cadence>23</Cadence><Extensions><ext:TPX><ext:Watts>40.24324324324324</ext:Watts><ext:Torque>20</ext:Torque></ext:TPX></Extensions></Trackpoint><Trackpoint><Time>2025-09-10T13:49:41.608Z</Time><DistanceMeters>752.7873975432053</DistanceMeters><HeartRateBpm><Value>107</Value></HeartRateBpm><Cadence>24</Cadence><Extensions><ext:TPX><ext:Watts>39.75</ext:Watts><ext:Torque>20</ext:Torque></ext:TPX></Extensions></Trackpoint><Trackpoint><Time>2025-09-10T13:49:42.902Z</Time><DistanceMeters>756.3306296464693</DistanceMeters><HeartRateBpm><Value>107</Value></HeartRateBpm><Cadence>23</Cadence><Extensions><ext:TPX><ext:Watts>39.972972972972975</ext:Watts><ext:Torque>20</ext:Torque></ext:TPX></Extensions></Trackpoint><Trackpoint><Time>2025-09-10T13:49:44.198Z</Time><DistanceMeters>759.8570918885279</DistanceMeters><HeartRateBpm><Value>108</Value></HeartRateBpm><Cadence>23</Cadence><Extensions><ext:TPX><ext:Watts>39.78378378378378</ext:Watts><ext:Torque>20</ext:Torque></ext:TPX></Extensions></Trackpoint><Trackpoint><Time>2025-09-10T13:49:45.458Z</Time><DistanceMeters>763.2691430834536</DistanceMeters><HeartRateBpm><Value>108</Value></HeartRateBpm><Cadence>24</Cadence><Extensions><ext:TPX><ext:Watts>40.166666666666664</ext:Watts><ext:Torque>20</ext:Torque></ext:TPX></Extensions></Trackpoint><Trackpoint><Time>2025-09-10T13:49:46.753Z</Time><DistanceMeters>766.8051881033439</DistanceMeters><HeartRateBpm><Value>108</Value></HeartRateBpm><Cadence>23</Cadence><Extensions><ext:TPX><ext:Watts>39.891891891891895</ext:Watts><ext:Torque>20</ext:Torque></ext:TPX></Extensions></Trackpoint><Trackpoint><Time>2025-09-10T13:49:48.048Z</Time><DistanceMeters>770.3052977063653</DistanceMeters><HeartRateBpm><Value>108</Value></HeartRateBpm><Cadence>23</Cadence><Extensions><ext:TPX><ext:Watts>39.486486486486484</ext:Watts><ext:Torque>20</ext:Torque></ext:TPX></Extensions></Trackpoint><Trackpoint><Time>2025-09-10T13:49:49.343Z</Time><DistanceMeters>773.8557168930031</DistanceMeters><HeartRateBpm><Value>108</Value></HeartRateBpm><Cadence>23</Cadence><Extensions><ext:TPX><ext:Watts>40.054054054054056</ext:Watts><ext:Torque>20</ext:Torque></ext:TPX></Extensions></Trackpoint><Trackpoint><Time>2025-09-10T13:49:50.638Z</Time><DistanceMeters>777.3534308015667</DistanceMeters><HeartRateBpm><Value>107</Value></HeartRateBpm><Cadence>23</Cadence><Extensions><ext:TPX><ext:Watts>39.45945945945946</ext:Watts><ext:Torque>20</ext:Torque></ext:TPX></Extensions></Trackpoint><Trackpoint><Time>2025-09-10T13:49:51.933Z</Time><DistanceMeters>780.9014542937465</DistanceMeters><HeartRateBpm><Value>107</Value></HeartRateBpm><Cadence>23</Cadence><Extensions><ext:TPX><ext:Watts>40.027027027027025</ext:Watts><ext:Torque>20</ext:Torque></ext:TPX></Extensions></Trackpoint><Trackpoint><Time>2025-09-10T13:49:53.228Z</Time><DistanceMeters>784.4207294524313</DistanceMeters><HeartRateBpm><Value>107</Value></HeartRateBpm><Cadence>23</Cadence><Extensions><ext:TPX><ext:Watts>39.7027027027027</ext:Watts><ext:Torque>20</ext:Torque></ext:TPX></Extensions></Trackpoint><Trackpoint><Time>2025-09-10T13:49:54.523Z</Time><DistanceMeters>787.9951055836482</DistanceMeters><HeartRateBpm><Value>107</Value></HeartRateBpm><Cadence>23</Cadence><Extensions><ext:TPX><ext:Watts>40.32432432432432</ext:Watts><ext:Torque>20</ext:Torque></ext:TPX></Extensions></Trackpoint><Trackpoint><Time>2025-09-10T13:49:55.818Z</Time><DistanceMeters>791.4976108811276</DistanceMeters><HeartRateBpm><Value>107</Value></HeartRateBpm><Cadence>23</Cadence><Extensions><ext:TPX><ext:Watts>39.513513513513516</ext:Watts><ext:Torque>20</ext:Torque></ext:TPX></Extensions></Trackpoint><Trackpoint><Time>2025-09-10T13:49:57.118Z</Time><DistanceMeters>795.0073032619807</DistanceMeters><HeartRateBpm><Value>106</Value></HeartRateBpm><Cadence>23</Cadence><Extensions><ext:TPX><ext:Watts>39.5945945945946</ext:Watts><ext:Torque>20</ext:Torque></ext:TPX></Extensions></Trackpoint><Trackpoint><Time>2025-09-10T13:49:58.413Z</Time><DistanceMeters>798.6224061989824</DistanceMeters><HeartRateBpm><Value>106</Value></HeartRateBpm><Cadence>23</Cadence><Extensions><ext:TPX><ext:Watts>40.78378378378378</ext:Watts><ext:Torque>20</ext:Torque></ext:TPX></Extensions></Trackpoint><Trackpoint><Time>2025-09-10T13:49:59.743Z</Time><DistanceMeters>802.2015204814605</DistanceMeters><HeartRateBpm><Value>106</Value></HeartRateBpm><Cadence>22</Cadence><Extensions><ext:TPX><ext:Watts>39.5</ext:Watts><ext:Torque>20</ext:Torque></ext:TPX></Extensions></Trackpoint><Trackpoint><Time>2025-09-10T13:50:01.073Z</Time><DistanceMeters>805.7710968178162</DistanceMeters><HeartRateBpm><Value>106</Value></HeartRateBpm><Cadence>22</Cadence><Extensions><ext:TPX><ext:Watts>39.39473684210526</ext:Watts><ext:Torque>20</ext:Torque></ext:TPX></Extensions></Trackpoint><Trackpoint><Time>2025-09-10T13:50:02.373Z</Time><DistanceMeters>809.2783935042114</DistanceMeters><HeartRateBpm><Value>106</Value></HeartRateBpm><Cadence>23</Cadence><Extensions><ext:TPX><ext:Watts>39.567567567567565</ext:Watts><ext:Torque>20</ext:Torque></ext:TPX></Extensions></Trackpoint><Trackpoint><Time>2025-09-10T13:50:03.703Z</Time><DistanceMeters>812.7764352446482</DistanceMeters><HeartRateBpm><Value>106</Value></HeartRateBpm><Cadence>22</Cadence><Extensions><ext:TPX><ext:Watts>38.60526315789474</ext:Watts><ext:Torque>20</ext:Torque></ext:TPX></Extensions></Trackpoint><Trackpoint><Time>2025-09-10T13:50:05.033Z</Time><DistanceMeters>816.3412426079426</DistanceMeters><HeartRateBpm><Value>106</Value></HeartRateBpm><Cadence>22</Cadence><Extensions><ext:TPX><ext:Watts>39.3421052631579</ext:Watts><ext:Torque>20</ext:Torque></ext:TPX></Extensions></Trackpoint><Trackpoint><Time>2025-09-10T13:50:06.328Z</Time><DistanceMeters>819.8772876278329</DistanceMeters><HeartRateBpm><Value>106</Value></HeartRateBpm><Cadence>23</Cadence><Extensions><ext:TPX><ext:Watts>39.891891891891895</ext:Watts><ext:Torque>20</ext:Torque></ext:TPX></Extensions></Trackpoint><Trackpoint><Time>2025-09-10T13:50:07.658Z</Time><DistanceMeters>823.4730933160255</DistanceMeters><HeartRateBpm><Value>106</Value></HeartRateBpm><Cadence>22</Cadence><Extensions><ext:TPX><ext:Watts>39.68421052631579</ext:Watts><ext:Torque>20</ext:Torque></ext:TPX></Extensions></Trackpoint><Trackpoint><Time>2025-09-10T13:50:08.988Z</Time><DistanceMeters>827.0879748964632</DistanceMeters><HeartRateBpm><Value>106</Value></HeartRateBpm><Cadence>22</Cadence><Extensions><ext:TPX><ext:Watts>39.89473684210526</ext:Watts><ext:Torque>20</ext:Torque></ext:TPX></Extensions></Trackpoint><Trackpoint><Time>2025-09-10T13:50:10.288Z</Time><DistanceMeters>830.6288113052692</DistanceMeters><HeartRateBpm><Value>106</Value></HeartRateBpm><Cadence>23</Cadence><Extensions><ext:TPX><ext:Watts>39.945945945945944</ext:Watts><ext:Torque>20</ext:Torque></ext:TPX></Extensions></Trackpoint><Trackpoint><Time>2025-09-10T13:50:11.618Z</Time><DistanceMeters>834.281844670197</DistanceMeters><HeartRateBpm><Value>106</Value></HeartRateBpm><Cadence>22</Cadence><Extensions><ext:TPX><ext:Watts>40.31578947368421</ext:Watts><ext:Torque>20</ext:Torque></ext:TPX></Extensions></Trackpoint><Trackpoint><Time>2025-09-10T13:50:12.953Z</Time><DistanceMeters>837.8800348449203</DistanceMeters><HeartRateBpm><Value>106</Value></HeartRateBpm><Cadence>22</Cadence><Extensions><ext:TPX><ext:Watts>39.71052631578947</ext:Watts><ext:Torque>20</ext:Torque></ext:TPX></Extensions></Trackpoint><Trackpoint><Time>2025-09-10T13:50:14.283Z</Time><DistanceMeters>841.4448422082147</DistanceMeters><HeartRateBpm><Value>106</Value></HeartRateBpm><Cadence>22</Cadence><Extensions><ext:TPX><ext:Watts>39.3421052631579</ext:Watts><ext:Torque>20</ext:Torque></ext:TPX></Extensions></Trackpoint><Trackpoint><Time>2025-09-10T13:50:15.583Z</Time><DistanceMeters>844.9832829225629</DistanceMeters><HeartRateBpm><Value>106</Value></HeartRateBpm><Cadence>23</Cadence><Extensions><ext:TPX><ext:Watts>39.91891891891892</ext:Watts><ext:Torque>20</ext:Torque></ext:TPX></Extensions></Trackpoint><Trackpoint><Time>2025-09-10T13:50:16.878Z</Time><DistanceMeters>848.5432848870324</DistanceMeters><HeartRateBpm><Value>106</Value></HeartRateBpm><Cadence>23</Cadence><Extensions><ext:TPX><ext:Watts>40.16216216216216</ext:Watts><ext:Torque>20</ext:Torque></ext:TPX></Extensions></Trackpoint><Trackpoint><Time>2025-09-10T13:50:18.209Z</Time><DistanceMeters>852.165319927062</DistanceMeters><HeartRateBpm><Value>107</Value></HeartRateBpm><Cadence>22</Cadence><Extensions><ext:TPX><ext:Watts>39.973684210526315</ext:Watts><ext:Torque>20</ext:Torque></ext:TPX></Extensions></Trackpoint><Trackpoint><Time>2025-09-10T13:50:19.503Z</Time><DistanceMeters>855.7229261970735</DistanceMeters><HeartRateBpm><Value>107</Value></HeartRateBpm><Cadence>23</Cadence><Extensions><ext:TPX><ext:Watts>40.13513513513514</ext:Watts><ext:Torque>20</ext:Torque></ext:TPX></Extensions></Trackpoint><Trackpoint><Time>2025-09-10T13:50:20.839Z</Time><DistanceMeters>859.3282698313886</DistanceMeters><HeartRateBpm><Value>107</Value></HeartRateBpm><Cadence>22</Cadence><Extensions><ext:TPX><ext:Watts>39.78947368421053</ext:Watts><ext:Torque>20</ext:Torque></ext:TPX></Extensions></Trackpoint><Trackpoint><Time>2025-09-10T13:50:22.133Z</Time><DistanceMeters>862.8762933235685</DistanceMeters><HeartRateBpm><Value>107</Value></HeartRateBpm><Cadence>23</Cadence><Extensions><ext:TPX><ext:Watts>40.027027027027025</ext:Watts><ext:Torque>20</ext:Torque></ext:TPX></Extensions></Trackpoint><Trackpoint><Time>2025-09-10T13:50:23.428Z</Time><DistanceMeters>866.5608713998498</DistanceMeters><HeartRateBpm><Value>107</Value></HeartRateBpm><Cadence>23</Cadence><Extensions><ext:TPX><ext:Watts>41.567567567567565</ext:Watts><ext:Torque>20</ext:Torque></ext:TPX></Extensions></Trackpoint><Trackpoint><Time>2025-09-10T13:50:24.759Z</Time><DistanceMeters>870.1566770880424</DistanceMeters><HeartRateBpm><Value>108</Value></HeartRateBpm><Cadence>22</Cadence><Extensions><ext:TPX><ext:Watts>39.68421052631579</ext:Watts><ext:Torque>20</ext:Torque></ext:TPX></Extensions></Trackpoint><Trackpoint><Time>2025-09-10T13:50:26.053Z</Time><DistanceMeters>873.6999091913065</DistanceMeters><HeartRateBpm><Value>108</Value></HeartRateBpm><Cadence>23</Cadence><Extensions><ext:TPX><ext:Watts>39.972972972972975</ext:Watts><ext:Torque>20</ext:Torque></ext:TPX></Extensions></Trackpoint><Trackpoint><Time>2025-09-10T13:50:27.383Z</Time><DistanceMeters>877.2718700141928</DistanceMeters><HeartRateBpm><Value>108</Value></HeartRateBpm><Cadence>22</Cadence><Extensions><ext:TPX><ext:Watts>39.421052631578945</ext:Watts><ext:Torque>20</ext:Torque></ext:TPX></Extensions></Trackpoint><Trackpoint><Time>2025-09-10T13:50:28.678Z</Time><DistanceMeters>880.7911451728776</DistanceMeters><HeartRateBpm><Value>108</Value></HeartRateBpm><Cadence>23</Cadence><Extensions><ext:TPX><ext:Watts>39.7027027027027</ext:Watts><ext:Torque>20</ext:Torque></ext:TPX></Extensions></Trackpoint><Trackpoint><Time>2025-09-10T13:50:29.973Z</Time><DistanceMeters>884.3511471373471</DistanceMeters><HeartRateBpm><Value>108</Value></HeartRateBpm><Cadence>23</Cadence><Extensions><ext:TPX><ext:Watts>40.16216216216216</ext:Watts><ext:Torque>20</ext:Torque></ext:TPX></Extensions></Trackpoint><Trackpoint><Time>2025-09-10T13:50:31.303Z</Time><DistanceMeters>887.9469528255397</DistanceMeters><HeartRateBpm><Value>108</Value></HeartRateBpm><Cadence>22</Cadence><Extensions><ext:TPX><ext:Watts>39.68421052631579</ext:Watts><ext:Torque>20</ext:Torque></ext:TPX></Extensions></Trackpoint><Trackpoint><Time>2025-09-10T13:50:32.634Z</Time><DistanceMeters>891.4759928908746</DistanceMeters><HeartRateBpm><Value>108</Value></HeartRateBpm><Cadence>22</Cadence><Extensions><ext:TPX><ext:Watts>38.94736842105263</ext:Watts><ext:Torque>20</ext:Torque></ext:TPX></Extensions></Trackpoint><Trackpoint><Time>2025-09-10T13:50:33.929Z</Time><DistanceMeters>895.0767216611288</DistanceMeters><HeartRateBpm><Value>108</Value></HeartRateBpm><Cadence>23</Cadence><Extensions><ext:TPX><ext:Watts>40.62162162162162</ext:Watts><ext:Torque>20</ext:Torque></ext:TPX></Extensions></Trackpoint><Trackpoint><Time>2025-09-10T13:50:35.229Z</Time><DistanceMeters>898.6918245981304</DistanceMeters><HeartRateBpm><Value>108</Value></HeartRateBpm><Cadence>23</Cadence><Extensions><ext:TPX><ext:Watts>40.78378378378378</ext:Watts><ext:Torque>20</ext:Torque></ext:TPX></Extensions></Trackpoint><Trackpoint><Time>2025-09-10T13:50:36.523Z</Time><DistanceMeters>901.9691346165653</DistanceMeters><HeartRateBpm><Value>108</Value></HeartRateBpm><Cadence>23</Cadence><Extensions><ext:TPX><ext:Watts>36.972972972972975</ext:Watts><ext:Torque>20</ext:Torque></ext:TPX></Extensions></Trackpoint><Trackpoint><Time>2025-09-10T13:50:37.819Z</Time><DistanceMeters>905.5003882475397</DistanceMeters><HeartRateBpm><Value>108</Value></HeartRateBpm><Cadence>23</Cadence><Extensions><ext:TPX><ext:Watts>39.83783783783784</ext:Watts><ext:Torque>20</ext:Torque></ext:TPX></Extensions></Trackpoint><Trackpoint><Time>2025-09-10T13:50:39.043Z</Time><DistanceMeters>908.9834765462057</DistanceMeters><HeartRateBpm><Value>109</Value></HeartRateBpm><Cadence>24</Cadence><Extensions><ext:TPX><ext:Watts>41.857142857142854</ext:Watts><ext:Torque>20</ext:Torque></ext:TPX></Extensions></Trackpoint><Trackpoint><Time>2025-09-10T13:50:40.339Z</Time><DistanceMeters>912.6009751776652</DistanceMeters><HeartRateBpm><Value>109</Value></HeartRateBpm><Cadence>23</Cadence><Extensions><ext:TPX><ext:Watts>40.810810810810814</ext:Watts><ext:Torque>20</ext:Torque></ext:TPX></Extensions></Trackpoint><Trackpoint><Time>2025-09-10T13:50:41.599Z</Time><DistanceMeters>916.2183157598375</DistanceMeters><HeartRateBpm><Value>109</Value></HeartRateBpm><Cadence>24</Cadence><Extensions><ext:TPX><ext:Watts>42.583333333333336</ext:Watts><ext:Torque>20</ext:Torque></ext:TPX></Extensions></Trackpoint><Trackpoint><Time>2025-09-10T13:50:42.824Z</Time><DistanceMeters>919.7703525640743</DistanceMeters><HeartRateBpm><Value>109</Value></HeartRateBpm><Cadence>24</Cadence><Extensions><ext:TPX><ext:Watts>42.68571428571428</ext:Watts><ext:Torque>20</ext:Torque></ext:TPX></Extensions></Trackpoint><Trackpoint><Time>2025-09-10T13:50:44.084Z</Time><DistanceMeters>923.2390353141026</DistanceMeters><HeartRateBpm><Value>109</Value></HeartRateBpm><Cadence>24</Cadence><Extensions><ext:TPX><ext:Watts>40.833333333333336</ext:Watts><ext:Torque>20</ext:Torque></ext:TPX></Extensions></Trackpoint><Trackpoint><Time>2025-09-10T13:50:45.309Z</Time><DistanceMeters>926.6912156619953</DistanceMeters><HeartRateBpm><Value>109</Value></HeartRateBpm><Cadence>24</Cadence><Extensions><ext:TPX><ext:Watts>41.48571428571429</ext:Watts><ext:Torque>20</ext:Torque></ext:TPX></Extensions></Trackpoint><Trackpoint><Time>2025-09-10T13:50:46.499Z</Time><DistanceMeters>930.2314207348502</DistanceMeters><HeartRateBpm><Value>109</Value></HeartRateBpm><Cadence>25</Cadence><Extensions><ext:TPX><ext:Watts>43.411764705882355</ext:Watts><ext:Torque>20</ext:Torque></ext:TPX></Extensions></Trackpoint><Trackpoint><Time>2025-09-10T13:50:47.689Z</Time><DistanceMeters>934.0570488454216</DistanceMeters><HeartRateBpm><Value>109</Value></HeartRateBpm><Cadence>25</Cadence><Extensions><ext:TPX><ext:Watts>46.911764705882355</ext:Watts><ext:Torque>20</ext:Torque></ext:TPX></Extensions></Trackpoint><Trackpoint><Time>2025-09-10T13:50:48.879Z</Time><DistanceMeters>937.8490977750852</DistanceMeters><HeartRateBpm><Value>109</Value></HeartRateBpm><Cadence>25</Cadence><Extensions><ext:TPX><ext:Watts>46.5</ext:Watts><ext:Torque>20</ext:Torque></ext:TPX></Extensions></Trackpoint><Trackpoint><Time>2025-09-10T13:50:50.069Z</Time><DistanceMeters>941.593176446309</DistanceMeters><HeartRateBpm><Value>109</Value></HeartRateBpm><Cadence>25</Cadence><Extensions><ext:TPX><ext:Watts>45.911764705882355</ext:Watts><ext:Torque>20</ext:Torque></ext:TPX></Extensions></Trackpoint><Trackpoint><Time>2025-09-10T13:50:51.189Z</Time><DistanceMeters>945.3379380274621</DistanceMeters><HeartRateBpm><Value>109</Value></HeartRateBpm><Cadence>27</Cadence><Extensions><ext:TPX><ext:Watts>49.59375</ext:Watts><ext:Torque>20</ext:Torque></ext:TPX></Extensions></Trackpoint><Trackpoint><Time>2025-09-10T13:50:52.344Z</Time><DistanceMeters>949.037602277585</DistanceMeters><HeartRateBpm><Value>110</Value></HeartRateBpm><Cadence>26</Cadence><Extensions><ext:TPX><ext:Watts>47.18181818181818</ext:Watts><ext:Torque>20</ext:Torque></ext:TPX></Extensions></Trackpoint><Trackpoint><Time>2025-09-10T13:50:53.464Z</Time><DistanceMeters>952.6101095453013</DistanceMeters><HeartRateBpm><Value>110</Value></HeartRateBpm><Cadence>27</Cadence><Extensions><ext:TPX><ext:Watts>47.3125</ext:Watts><ext:Torque>20</ext:Torque></ext:TPX></Extensions></Trackpoint><Trackpoint><Time>2025-09-10T13:50:54.549Z</Time><DistanceMeters>956.108843556021</DistanceMeters><HeartRateBpm><Value>110</Value></HeartRateBpm><Cadence>28</Cadence><Extensions><ext:TPX><ext:Watts>47.193548387096776</ext:Watts><ext:Torque>20</ext:Torque></ext:TPX></Extensions></Trackpoint><Trackpoint><Time>2025-09-10T13:50:55.604Z</Time><DistanceMeters>959.5854249176821</DistanceMeters><HeartRateBpm><Value>111</Value></HeartRateBpm><Cadence>28</Cadence><Extensions><ext:TPX><ext:Watts>48.6</ext:Watts><ext:Torque>20</ext:Torque></ext:TPX></Extensions></Trackpoint><Trackpoint><Time>2025-09-10T13:50:56.620Z</Time><DistanceMeters>963.250621811797</DistanceMeters><HeartRateBpm><Value>111</Value></HeartRateBpm><Cadence>30</Cadence><Extensions><ext:TPX><ext:Watts>53.03448275862069</ext:Watts><ext:Torque>20</ext:Torque></ext:TPX></Extensions></Trackpoint><Trackpoint><Time>2025-09-10T13:50:57.674Z</Time><DistanceMeters>966.8368895538671</DistanceMeters><HeartRateBpm><Value>112</Value></HeartRateBpm><Cadence>28</Cadence><Extensions><ext:TPX><ext:Watts>50.13333333333333</ext:Watts><ext:Torque>20</ext:Torque></ext:TPX></Extensions></Trackpoint><Trackpoint><Time>2025-09-10T13:50:58.654Z</Time><DistanceMeters>970.4607785740563</DistanceMeters><HeartRateBpm><Value>112</Value></HeartRateBpm><Cadence>30</Cadence><Extensions><ext:TPX><ext:Watts>54.214285714285715</ext:Watts><ext:Torque>20</ext:Torque></ext:TPX></Extensions></Trackpoint><Trackpoint><Time>2025-09-10T13:50:59.604Z</Time><DistanceMeters>974.032461837664</DistanceMeters><HeartRateBpm><Value>112</Value></HeartRateBpm><Cadence>32</Cadence><Extensions><ext:TPX><ext:Watts>55.18518518518518</ext:Watts><ext:Torque>20</ext:Torque></ext:TPX></Extensions></Trackpoint><Trackpoint><Time>2025-09-10T13:51:00.584Z</Time><DistanceMeters>977.2767735494144</DistanceMeters><HeartRateBpm><Value>112</Value></HeartRateBpm><Cadence>30</Cadence><Extensions><ext:TPX><ext:Watts>48.535714285714285</ext:Watts><ext:Torque>20</ext:Torque></ext:TPX></Extensions></Trackpoint><Trackpoint><Time>2025-09-10T13:51:01.564Z</Time><DistanceMeters>980.5950908999171</DistanceMeters><HeartRateBpm><Value>112</Value></HeartRateBpm><Cadence>30</Cadence><Extensions><ext:TPX><ext:Watts>49.642857142857146</ext:Watts><ext:Torque>20</ext:Torque></ext:TPX></Extensions></Trackpoint><Trackpoint><Time>2025-09-10T13:51:02.544Z</Time><DistanceMeters>983.9874138891719</DistanceMeters><HeartRateBpm><Value>112</Value></HeartRateBpm><Cadence>30</Cadence><Extensions><ext:TPX><ext:Watts>50.75</ext:Watts><ext:Torque>20</ext:Torque></ext:TPX></Extensions></Trackpoint><Trackpoint><Time>2025-09-10T13:51:03.494Z</Time><DistanceMeters>987.2858274265706</DistanceMeters><HeartRateBpm><Value>112</Value></HeartRateBpm><Cadence>32</Cadence><Extensions><ext:TPX><ext:Watts>50.96296296296296</ext:Watts><ext:Torque>20</ext:Torque></ext:TPX></Extensions></Trackpoint><Trackpoint><Time>2025-09-10T13:51:04.439Z</Time><DistanceMeters>990.5195191867092</DistanceMeters><HeartRateBpm><Value>112</Value></HeartRateBpm><Cadence>32</Cadence><Extensions><ext:TPX><ext:Watts>49.96296296296296</ext:Watts><ext:Torque>20</ext:Torque></ext:TPX></Extensions></Trackpoint><Trackpoint><Time>2025-09-10T13:51:05.384Z</Time><DistanceMeters>993.7939616954931</DistanceMeters><HeartRateBpm><Value>112</Value></HeartRateBpm><Cadence>32</Cadence><Extensions><ext:TPX><ext:Watts>50.592592592592595</ext:Watts><ext:Torque>20</ext:Torque></ext:TPX></Extensions></Trackpoint><Trackpoint><Time>2025-09-10T13:51:06.329Z</Time><DistanceMeters>996.9869027069866</DistanceMeters><HeartRateBpm><Value>113</Value></HeartRateBpm><Cadence>32</Cadence><Extensions><ext:TPX><ext:Watts>49.333333333333336</ext:Watts><ext:Torque>20</ext:Torque></ext:TPX></Extensions></Trackpoint><Trackpoint><Time>2025-09-10T13:51:07.420Z</Time><DistanceMeters>1000.2536632392103</DistanceMeters><HeartRateBpm><Value>113</Value></HeartRateBpm><Cadence>28</Cadence><Extensions><ext:TPX><ext:Watts>44.064516129032256</ext:Watts><ext:Torque>20</ext:Torque></ext:TPX></Extensions></Trackpoint><Trackpoint><Time>2025-09-10T13:51:08.539Z</Time><DistanceMeters>1003.5736881570945</DistanceMeters><HeartRateBpm><Value>114</Value></HeartRateBpm><Cadence>27</Cadence><Extensions><ext:TPX><ext:Watts>43.96875</ext:Watts><ext:Torque>20</ext:Torque></ext:TPX></Extensions></Trackpoint><Trackpoint><Time>2025-09-10T13:51:09.659Z</Time><DistanceMeters>1006.8653972974274</DistanceMeters><HeartRateBpm><Value>114</Value></HeartRateBpm><Cadence>27</Cadence><Extensions><ext:TPX><ext:Watts>43.59375</ext:Watts><ext:Torque>20</ext:Torque></ext:TPX></Extensions></Trackpoint><Trackpoint><Time>2025-09-10T13:51:10.814Z</Time><DistanceMeters>1010.168244636972</DistanceMeters><HeartRateBpm><Value>115</Value></HeartRateBpm><Cadence>26</Cadence><Extensions><ext:TPX><ext:Watts>42.121212121212125</ext:Watts><ext:Torque>20</ext:Torque></ext:TPX></Extensions></Trackpoint><Trackpoint><Time>2025-09-10T13:51:11.939Z</Time><DistanceMeters>1013.6038032698649</DistanceMeters><HeartRateBpm><Value>116</Value></HeartRateBpm><Cadence>26</Cadence><Extensions><ext:TPX><ext:Watts>44.65625</ext:Watts><ext:Torque>20</ext:Torque></ext:TPX></Extensions></Trackpoint><Trackpoint><Time>2025-09-10T13:51:13.060Z</Time><DistanceMeters>1017.0016965760151</DistanceMeters><HeartRateBpm><Value>117</Value></HeartRateBpm><Cadence>27</Cadence><Extensions><ext:TPX><ext:Watts>45.0</ext:Watts><ext:Torque>20</ext:Torque></ext:TPX></Extensions></Trackpoint><Trackpoint><Time>2025-09-10T13:51:14.179Z</Time><DistanceMeters>1020.5222915848874</DistanceMeters><HeartRateBpm><Value>118</Value></HeartRateBpm><Cadence>27</Cadence><Extensions><ext:TPX><ext:Watts>46.625</ext:Watts><ext:Torque>20</ext:Torque></ext:TPX></Extensions></Trackpoint><Trackpoint><Time>2025-09-10T13:51:15.334Z</Time><DistanceMeters>1023.8987995485513</DistanceMeters><HeartRateBpm><Value>118</Value></HeartRateBpm><Cadence>26</Cadence><Extensions><ext:TPX><ext:Watts>43.06060606060606</ext:Watts><ext:Torque>20</ext:Torque></ext:TPX></Extensions></Trackpoint><Trackpoint><Time>2025-09-10T13:51:16.494Z</Time><DistanceMeters>1027.2135276339216</DistanceMeters><HeartRateBpm><Value>118</Value></HeartRateBpm><Cadence>26</Cadence><Extensions><ext:TPX><ext:Watts>42.27272727272727</ext:Watts><ext:Torque>20</ext:Torque></ext:TPX></Extensions></Trackpoint><Trackpoint><Time>2025-09-10T13:51:17.650Z</Time><DistanceMeters>1030.5757787025946</DistanceMeters><HeartRateBpm><Value>119</Value></HeartRateBpm><Cadence>26</Cadence><Extensions><ext:TPX><ext:Watts>42.878787878787875</ext:Watts><ext:Torque>20</ext:Torque></ext:TPX></Extensions></Trackpoint><Trackpoint><Time>2025-09-10T13:51:18.804Z</Time><DistanceMeters>1033.9879289037356</DistanceMeters><HeartRateBpm><Value>120</Value></HeartRateBpm><Cadence>26</Cadence><Extensions><ext:TPX><ext:Watts>43.515151515151516</ext:Watts><ext:Torque>20</ext:Torque></ext:TPX></Extensions></Trackpoint><Trackpoint><Time>2025-09-10T13:51:19.960Z</Time><DistanceMeters>1037.321666182427</DistanceMeters><HeartRateBpm><Value>121</Value></HeartRateBpm><Cadence>26</Cadence><Extensions><ext:TPX><ext:Watts>42.515151515151516</ext:Watts><ext:Torque>20</ext:Torque></ext:TPX></Extensions></Trackpoint><Trackpoint><Time>2025-09-10T13:51:21.149Z</Time><DistanceMeters>1040.8330891002179</DistanceMeters><HeartRateBpm><Value>124</Value></HeartRateBpm><Cadence>25</Cadence><Extensions><ext:TPX><ext:Watts>43.05882352941177</ext:Watts><ext:Torque>20</ext:Torque></ext:TPX></Extensions></Trackpoint><Trackpoint><Time>2025-09-10T13:51:22.340Z</Time><DistanceMeters>1044.2605640657393</DistanceMeters><HeartRateBpm><Value>125</Value></HeartRateBpm><Cadence>25</Cadence><Extensions><ext:TPX><ext:Watts>42.029411764705884</ext:Watts><ext:Torque>20</ext:Torque></ext:TPX></Extensions></Trackpoint><Trackpoint><Time>2025-09-10T13:51:23.599Z</Time><DistanceMeters>1047.7127292788628</DistanceMeters><HeartRateBpm><Value>126</Value></HeartRateBpm><Cadence>24</Cadence><Extensions><ext:TPX><ext:Watts>40.638888888888886</ext:Watts><ext:Torque>20</ext:Torque></ext:TPX></Extensions></Trackpoint><Trackpoint><Time>2025-09-10T13:51:24.794Z</Time><DistanceMeters>1051.0754443954904</DistanceMeters><HeartRateBpm><Value>127</Value></HeartRateBpm><Cadence>25</Cadence><Extensions><ext:TPX><ext:Watts>41.23529411764706</ext:Watts><ext:Torque>20</ext:Torque></ext:TPX></Extensions></Trackpoint><Trackpoint><Time>2025-09-10T13:51:26.025Z</Time><DistanceMeters>1054.5704203675307</DistanceMeters><HeartRateBpm><Value>128</Value></HeartRateBpm><Cadence>24</Cadence><Extensions><ext:TPX><ext:Watts>42.0</ext:Watts><ext:Torque>20</ext:Torque></ext:TPX></Extensions></Trackpoint><Trackpoint><Time>2025-09-10T13:51:27.255Z</Time><DistanceMeters>1058.0487535968468</DistanceMeters><HeartRateBpm><Value>129</Value></HeartRateBpm><Cadence>24</Cadence><Extensions><ext:TPX><ext:Watts>41.8</ext:Watts><ext:Torque>20</ext:Torque></ext:TPX></Extensions></Trackpoint><Trackpoint><Time>2025-09-10T13:51:28.480Z</Time><DistanceMeters>1061.510444083439</DistanceMeters><HeartRateBpm><Value>129</Value></HeartRateBpm><Cadence>24</Cadence><Extensions><ext:TPX><ext:Watts>41.6</ext:Watts><ext:Torque>20</ext:Torque></ext:TPX></Extensions></Trackpoint><Trackpoint><Time>2025-09-10T13:51:29.705Z</Time><DistanceMeters>1064.8508803016136</DistanceMeters><HeartRateBpm><Value>129</Value></HeartRateBpm><Cadence>24</Cadence><Extensions><ext:TPX><ext:Watts>40.142857142857146</ext:Watts><ext:Torque>20</ext:Torque></ext:TPX></Extensions></Trackpoint><Trackpoint><Time>2025-09-10T13:51:30.930Z</Time><DistanceMeters>1068.1984491238127</DistanceMeters><HeartRateBpm><Value>129</Value></HeartRateBpm><Cadence>24</Cadence><Extensions><ext:TPX><ext:Watts>40.22857142857143</ext:Watts><ext:Torque>20</ext:Torque></ext:TPX></Extensions></Trackpoint><Trackpoint><Time>2025-09-10T13:51:32.155Z</Time><DistanceMeters>1071.624476590282</DistanceMeters><HeartRateBpm><Value>129</Value></HeartRateBpm><Cadence>24</Cadence><Extensions><ext:TPX><ext:Watts>41.17142857142857</ext:Watts><ext:Torque>20</ext:Torque></ext:TPX></Extensions></Trackpoint><Trackpoint><Time>2025-09-10T13:51:33.380Z</Time><DistanceMeters>1075.0243511753279</DistanceMeters><HeartRateBpm><Value>129</Value></HeartRateBpm><Cadence>24</Cadence><Extensions><ext:TPX><ext:Watts>40.857142857142854</ext:Watts><ext:Torque>20</ext:Torque></ext:TPX></Extensions></Trackpoint><Trackpoint><Time>2025-09-10T13:51:34.604Z</Time><DistanceMeters>1078.3838076709012</DistanceMeters><HeartRateBpm><Value>129</Value></HeartRateBpm><Cadence>24</Cadence><Extensions><ext:TPX><ext:Watts>40.371428571428574</ext:Watts><ext:Torque>20</ext:Torque></ext:TPX></Extensions></Trackpoint><Trackpoint><Time>2025-09-10T13:51:35.865Z</Time><DistanceMeters>1081.6589992743293</DistanceMeters><HeartRateBpm><Value>129</Value></HeartRateBpm><Cadence>24</Cadence><Extensions><ext:TPX><ext:Watts>38.55555555555556</ext:Watts><ext:Torque>20</ext:Torque></ext:TPX></Extensions></Trackpoint><Trackpoint><Time>2025-09-10T13:51:37.130Z</Time><DistanceMeters>1085.0544827270708</DistanceMeters><HeartRateBpm><Value>129</Value></HeartRateBpm><Cadence>24</Cadence><Extensions><ext:TPX><ext:Watts>39.138888888888886</ext:Watts><ext:Torque>20</ext:Torque></ext:TPX></Extensions></Trackpoint><Trackpoint><Time>2025-09-10T13:51:38.355Z</Time><DistanceMeters>1088.4852652628897</DistanceMeters><HeartRateBpm><Value>129</Value></HeartRateBpm><Cadence>24</Cadence><Extensions><ext:TPX><ext:Watts>41.22857142857143</ext:Watts><ext:Torque>20</ext:Torque></ext:TPX></Extensions></Trackpoint><Trackpoint><Time>2025-09-10T13:51:39.580Z</Time><DistanceMeters>1091.7519979061435</DistanceMeters><HeartRateBpm><Value>129</Value></HeartRateBpm><Cadence>24</Cadence><Extensions><ext:TPX><ext:Watts>39.25714285714286</ext:Watts><ext:Torque>20</ext:Torque></ext:TPX></Extensions></Trackpoint><Trackpoint><Time>2025-09-10T13:51:40.840Z</Time><DistanceMeters>1095.090900009062</DistanceMeters><HeartRateBpm><Value>128</Value></HeartRateBpm><Cadence>24</Cadence><Extensions><ext:TPX><ext:Watts>39.30555555555556</ext:Watts><ext:Torque>20</ext:Torque></ext:TPX></Extensions></Trackpoint><Trackpoint><Time>2025-09-10T13:51:42.065Z</Time><DistanceMeters>1098.336234840242</DistanceMeters><HeartRateBpm><Value>128</Value></HeartRateBpm><Cadence>24</Cadence><Extensions><ext:TPX><ext:Watts>39.0</ext:Watts><ext:Torque>20</ext:Torque></ext:TPX></Extensions></Trackpoint><Trackpoint><Time>2025-09-10T13:51:43.325Z</Time><DistanceMeters>1101.74120709078</DistanceMeters><HeartRateBpm><Value>128</Value></HeartRateBpm><Cadence>24</Cadence><Extensions><ext:TPX><ext:Watts>40.083333333333336</ext:Watts><ext:Torque>20</ext:Torque></ext:TPX></Extensions></Trackpoint><Trackpoint><Time>2025-09-10T13:51:44.585Z</Time><DistanceMeters>1105.120223211896</DistanceMeters><HeartRateBpm><Value>128</Value></HeartRateBpm><Cadence>24</Cadence><Extensions><ext:TPX><ext:Watts>39.77777777777778</ext:Watts><ext:Torque>20</ext:Torque></ext:TPX></Extensions></Trackpoint><Trackpoint><Time>2025-09-10T13:51:45.845Z</Time><DistanceMeters>1108.4355288335216</DistanceMeters><HeartRateBpm><Value>128</Value></HeartRateBpm><Cadence>24</Cadence><Extensions><ext:TPX><ext:Watts>39.02777777777778</ext:Watts><ext:Torque>20</ext:Torque></ext:TPX></Extensions></Trackpoint><Trackpoint><Time>2025-09-10T13:51:47.070Z</Time><DistanceMeters>1111.8401584879173</DistanceMeters><HeartRateBpm><Value>127</Value></HeartRateBpm><Cadence>24</Cadence><Extensions><ext:TPX><ext:Watts>40.91428571428571</ext:Watts><ext:Torque>20</ext:Torque></ext:TPX></Extensions></Trackpoint><Trackpoint><Time>2025-09-10T13:51:48.330Z</Time><DistanceMeters>1115.2923237010407</DistanceMeters><HeartRateBpm><Value>127</Value></HeartRateBpm><Cadence>24</Cadence><Extensions><ext:TPX><ext:Watts>40.638888888888886</ext:Watts><ext:Torque>20</ext:Torque></ext:TPX></Extensions></Trackpoint><Trackpoint><Time>2025-09-10T13:51:49.595Z</Time><DistanceMeters>1118.7191352480943</DistanceMeters><HeartRateBpm><Value>127</Value></HeartRateBpm><Cadence>24</Cadence><Extensions><ext:TPX><ext:Watts>39.5</ext:Watts><ext:Torque>20</ext:Torque></ext:TPX></Extensions></Trackpoint><Trackpoint><Time>2025-09-10T13:51:50.820Z</Time><DistanceMeters>1122.1641829919624</DistanceMeters><HeartRateBpm><Value>127</Value></HeartRateBpm><Cadence>24</Cadence><Extensions><ext:TPX><ext:Watts>41.4</ext:Watts><ext:Torque>20</ext:Torque></ext:TPX></Extensions></Trackpoint><Trackpoint><Time>2025-09-10T13:51:52.115Z</Time><DistanceMeters>1125.8248041236645</DistanceMeters><HeartRateBpm><Value>127</Value></HeartRateBpm><Cadence>23</Cadence><Extensions><ext:TPX><ext:Watts>41.2972972972973</ext:Watts><ext:Torque>20</ext:Torque></ext:TPX></Extensions></Trackpoint><Trackpoint><Time>2025-09-10T13:51:53.410Z</Time><DistanceMeters>1129.471051088619</DistanceMeters><HeartRateBpm><Value>127</Value></HeartRateBpm><Cadence>23</Cadence><Extensions><ext:TPX><ext:Watts>41.13513513513514</ext:Watts><ext:Torque>20</ext:Torque></ext:TPX></Extensions></Trackpoint><Trackpoint><Time>2025-09-10T13:51:54.705Z</Time><DistanceMeters>1133.019074580799</DistanceMeters><HeartRateBpm><Value>126</Value></HeartRateBpm><Cadence>23</Cadence><Extensions><ext:TPX><ext:Watts>40.027027027027025</ext:Watts><ext:Torque>20</ext:Torque></ext:TPX></Extensions></Trackpoint><Trackpoint><Time>2025-09-10T13:51:55.965Z</Time><DistanceMeters>1136.4806783864396</DistanceMeters><HeartRateBpm><Value>126</Value></HeartRateBpm><Cadence>24</Cadence><Extensions><ext:TPX><ext:Watts>40.75</ext:Watts><ext:Torque>20</ext:Torque></ext:TPX></Extensions></Trackpoint><Trackpoint><Time>2025-09-10T13:51:57.225Z</Time><DistanceMeters>1139.9776769140192</DistanceMeters><HeartRateBpm><Value>126</Value></HeartRateBpm><Cadence>24</Cadence><Extensions><ext:TPX><ext:Watts>41.166666666666664</ext:Watts><ext:Torque>20</ext:Torque></ext:TPX></Extensions></Trackpoint><Trackpoint><Time>2025-09-10T13:51:58.555Z</Time><DistanceMeters>1143.664093090376</DistanceMeters><HeartRateBpm><Value>126</Value></HeartRateBpm><Cadence>22</Cadence><Extensions><ext:TPX><ext:Watts>40.68421052631579</ext:Watts><ext:Torque>20</ext:Torque></ext:TPX></Extensions></Trackpoint><Trackpoint><Time>2025-09-10T13:51:59.815Z</Time><DistanceMeters>1147.1823284511188</DistanceMeters><HeartRateBpm><Value>126</Value></HeartRateBpm><Cadence>24</Cadence><Extensions><ext:TPX><ext:Watts>41.416666666666664</ext:Watts><ext:Torque>20</ext:Torque></ext:TPX></Extensions></Trackpoint><Trackpoint><Time>2025-09-10T13:52:01.075Z</Time><DistanceMeters>1150.6746076824397</DistanceMeters><HeartRateBpm><Value>125</Value></HeartRateBpm><Cadence>24</Cadence><Extensions><ext:TPX><ext:Watts>41.111111111111114</ext:Watts><ext:Torque>20</ext:Torque></ext:TPX></Extensions></Trackpoint><Trackpoint><Time>2025-09-10T13:52:02.376Z</Time><DistanceMeters>1154.4094953423373</DistanceMeters><HeartRateBpm><Value>125</Value></HeartRateBpm><Cadence>23</Cadence><Extensions><ext:TPX><ext:Watts>42.13513513513514</ext:Watts><ext:Torque>20</ext:Torque></ext:TPX></Extensions></Trackpoint><Trackpoint><Time>2025-09-10T13:52:03.635Z</Time><DistanceMeters>1157.8876166848827</DistanceMeters><HeartRateBpm><Value>125</Value></HeartRateBpm><Cadence>24</Cadence><Extensions><ext:TPX><ext:Watts>40.94444444444444</ext:Watts><ext:Torque>20</ext:Torque></ext:TPX></Extensions></Trackpoint><Trackpoint><Time>2025-09-10T13:52:04.930Z</Time><DistanceMeters>1161.4691798994734</DistanceMeters><HeartRateBpm><Value>124</Value></HeartRateBpm><Cadence>23</Cadence><Extensions><ext:TPX><ext:Watts>40.4054054054054</ext:Watts><ext:Torque>20</ext:Torque></ext:TPX></Extensions></Trackpoint><Trackpoint><Time>2025-09-10T13:52:06.190Z</Time><DistanceMeters>1164.940222297631</DistanceMeters><HeartRateBpm><Value>124</Value></HeartRateBpm><Cadence>24</Cadence><Extensions><ext:TPX><ext:Watts>40.861111111111114</ext:Watts><ext:Torque>20</ext:Torque></ext:TPX></Extensions></Trackpoint><Trackpoint><Time>2025-09-10T13:52:07.450Z</Time><DistanceMeters>1168.4348611770813</DistanceMeters><HeartRateBpm><Value>123</Value></HeartRateBpm><Cadence>24</Cadence><Extensions><ext:TPX><ext:Watts>41.138888888888886</ext:Watts><ext:Torque>20</ext:Torque></ext:TPX></Extensions></Trackpoint><Trackpoint><Time>2025-09-10T13:52:08.710Z</Time><DistanceMeters>1171.8705088532997</DistanceMeters><HeartRateBpm><Value>123</Value></HeartRateBpm><Cadence>24</Cadence><Extensions><ext:TPX><ext:Watts>40.44444444444444</ext:Watts><ext:Torque>20</ext:Torque></ext:TPX></Extensions></Trackpoint><Trackpoint><Time>2025-09-10T13:52:09.975Z</Time><DistanceMeters>1175.374435709429</DistanceMeters><HeartRateBpm><Value>123</Value></HeartRateBpm><Cadence>24</Cadence><Extensions><ext:TPX><ext:Watts>40.388888888888886</ext:Watts><ext:Torque>20</ext:Torque></ext:TPX></Extensions></Trackpoint><Trackpoint><Time>2025-09-10T13:52:11.200Z</Time><DistanceMeters>1178.7957081065485</DistanceMeters><HeartRateBpm><Value>122</Value></HeartRateBpm><Cadence>24</Cadence><Extensions><ext:TPX><ext:Watts>41.114285714285714</ext:Watts><ext:Torque>20</ext:Torque></ext:TPX></Extensions></Trackpoint><Trackpoint><Time>2025-09-10T13:52:12.461Z</Time><DistanceMeters>1182.2879873378695</DistanceMeters><HeartRateBpm><Value>122</Value></HeartRateBpm><Cadence>24</Cadence><Extensions><ext:TPX><ext:Watts>41.111111111111114</ext:Watts><ext:Torque>20</ext:Torque></ext:TPX></Extensions></Trackpoint><Trackpoint><Time>2025-09-10T13:52:13.721Z</Time><DistanceMeters>1185.775547272932</DistanceMeters><HeartRateBpm><Value>122</Value></HeartRateBpm><Cadence>24</Cadence><Extensions><ext:TPX><ext:Watts>41.05555555555556</ext:Watts><ext:Torque>20</ext:Torque></ext:TPX></Extensions></Trackpoint><Trackpoint><Time>2025-09-10T13:52:14.981Z</Time><DistanceMeters>1189.2536686154774</DistanceMeters><HeartRateBpm><Value>122</Value></HeartRateBpm><Cadence>24</Cadence><Extensions><ext:TPX><ext:Watts>40.94444444444444</ext:Watts><ext:Torque>20</ext:Torque></ext:TPX></Extensions></Trackpoint><Trackpoint><Time>2025-09-10T13:52:16.275Z</Time><DistanceMeters>1192.7681523852464</DistanceMeters><HeartRateBpm><Value>122</Value></HeartRateBpm><Cadence>23</Cadence><Extensions><ext:TPX><ext:Watts>39.648648648648646</ext:Watts><ext:Torque>20</ext:Torque></ext:TPX></Extensions></Trackpoint><Trackpoint><Time>2025-09-10T13:52:17.535Z</Time><DistanceMeters>1196.2415544315331</DistanceMeters><HeartRateBpm><Value>122</Value></HeartRateBpm><Cadence>24</Cadence><Extensions><ext:TPX><ext:Watts>40.888888888888886</ext:Watts><ext:Torque>20</ext:Torque></ext:TPX></Extensions></Trackpoint><Trackpoint><Time>2025-09-10T13:52:18.835Z</Time><DistanceMeters>1199.756038201302</DistanceMeters><HeartRateBpm><Value>122</Value></HeartRateBpm><Cadence>23</Cadence><Extensions><ext:TPX><ext:Watts>39.648648648648646</ext:Watts><ext:Torque>20</ext:Torque></ext:TPX></Extensions></Trackpoint><Trackpoint><Time>2025-09-10T13:52:20.096Z</Time><DistanceMeters>1203.2247209513305</DistanceMeters><HeartRateBpm><Value>122</Value></HeartRateBpm><Cadence>24</Cadence><Extensions><ext:TPX><ext:Watts>40.833333333333336</ext:Watts><ext:Torque>20</ext:Torque></ext:TPX></Extensions></Trackpoint><Trackpoint><Time>2025-09-10T13:52:21.355Z</Time><DistanceMeters>1206.712280886393</DistanceMeters><HeartRateBpm><Value>122</Value></HeartRateBpm><Cadence>24</Cadence><Extensions><ext:TPX><ext:Watts>41.05555555555556</ext:Watts><ext:Torque>20</ext:Torque></ext:TPX></Extensions></Trackpoint><Trackpoint><Time>2025-09-10T13:52:22.621Z</Time><DistanceMeters>1210.1390924334466</DistanceMeters><HeartRateBpm><Value>122</Value></HeartRateBpm><Cadence>24</Cadence><Extensions><ext:TPX><ext:Watts>39.5</ext:Watts><ext:Torque>20</ext:Torque></ext:TPX></Extensions></Trackpoint><Trackpoint><Time>2025-09-10T13:52:23.886Z</Time><DistanceMeters>1213.529756179371</DistanceMeters><HeartRateBpm><Value>122</Value></HeartRateBpm><Cadence>24</Cadence><Extensions><ext:TPX><ext:Watts>39.083333333333336</ext:Watts><ext:Torque>20</ext:Torque></ext:TPX></Extensions></Trackpoint><Trackpoint><Time>2025-09-10T13:52:25.181Z</Time><DistanceMeters>1217.0825710604665</DistanceMeters><HeartRateBpm><Value>123</Value></HeartRateBpm><Cadence>23</Cadence><Extensions><ext:TPX><ext:Watts>40.08108108108108</ext:Watts><ext:Torque>20</ext:Torque></ext:TPX></Extensions></Trackpoint><Trackpoint><Time>2025-09-10T13:52:26.511Z</Time><DistanceMeters>1220.7284509658025</DistanceMeters><HeartRateBpm><Value>123</Value></HeartRateBpm><Cadence>22</Cadence><Extensions><ext:TPX><ext:Watts>40.23684210526316</ext:Watts><ext:Torque>20</ext:Torque></ext:TPX></Extensions></Trackpoint><Trackpoint><Time>2025-09-10T13:52:27.806Z</Time><DistanceMeters>1224.3124098748513</DistanceMeters><HeartRateBpm><Value>123</Value></HeartRateBpm><Cadence>23</Cadence><Extensions><ext:TPX><ext:Watts>40.432432432432435</ext:Watts><ext:Torque>20</ext:Torque></ext:TPX></Extensions></Trackpoint><Trackpoint><Time>2025-09-10T13:52:29.136Z</Time><DistanceMeters>1227.9249069687583</DistanceMeters><HeartRateBpm><Value>123</Value></HeartRateBpm><Cadence>22</Cadence><Extensions><ext:TPX><ext:Watts>39.86842105263158</ext:Watts><ext:Torque>20</ext:Torque></ext:TPX></Extensions></Trackpoint><Trackpoint><Time>2025-09-10T13:52:30.436Z</Time><DistanceMeters>1231.441786432985</DistanceMeters><HeartRateBpm><Value>123</Value></HeartRateBpm><Cadence>23</Cadence><Extensions><ext:TPX><ext:Watts>39.67567567567568</ext:Watts><ext:Torque>20</ext:Torque></ext:TPX></Extensions></Trackpoint><Trackpoint><Time>2025-09-10T13:52:31.766Z</Time><DistanceMeters>1235.0328231481164</DistanceMeters><HeartRateBpm><Value>123</Value></HeartRateBpm><Cadence>22</Cadence><Extensions><ext:TPX><ext:Watts>39.63157894736842</ext:Watts><ext:Torque>20</ext:Torque></ext:TPX></Extensions></Trackpoint><Trackpoint><Time>2025-09-10T13:52:32.501Z</Time><DistanceMeters>1238.5088561609587</DistanceMeters><HeartRateBpm><Value>123</Value></HeartRateBpm><Cadence>41</Cadence><Extensions><ext:TPX><ext:Watts>69.9047619047619</ext:Watts><ext:Torque>21</ext:Torque></ext:TPX></Extensions></Trackpoint><Trackpoint><Time>2025-09-10T13:52:33.131Z</Time><DistanceMeters>1238.5207785936118</DistanceMeters><HeartRateBpm><Value>123</Value></HeartRateBpm><Cadence>48</Cadence><Extensions><ext:TPX><ext:Watts>0.2777777777777778</ext:Watts><ext:Torque>20</ext:Torque></ext:TPX></Extensions></Trackpoint><Trackpoint><Time>2025-09-10T13:52:33.831Z</Time><DistanceMeters>1242.0458953468062</DistanceMeters><HeartRateBpm><Value>123</Value></HeartRateBpm><Cadence>43</Cadence><Extensions><ext:TPX><ext:Watts>74.35</ext:Watts><ext:Torque>21</ext:Torque></ext:TPX></Extensions></Trackpoint><Trackpoint><Time>2025-09-10T13:52:34.461Z</Time><DistanceMeters>1242.0506643198676</DistanceMeters><HeartRateBpm><Value>122</Value></HeartRateBpm><Cadence>48</Cadence><Extensions><ext:TPX><ext:Watts>0.1111111111111111</ext:Watts><ext:Torque>20</ext:Torque></ext:TPX></Extensions></Trackpoint><Trackpoint><Time>2025-09-10T13:52:35.826Z</Time><DistanceMeters>1245.674291796706</DistanceMeters><HeartRateBpm><Value>122</Value></HeartRateBpm><Cadence>22</Cadence><Extensions><ext:TPX><ext:Watts>39.1025641025641</ext:Watts><ext:Torque>20</ext:Torque></ext:TPX></Extensions></Trackpoint><Trackpoint><Time>2025-09-10T13:52:37.156Z</Time><DistanceMeters>1249.222407754286</DistanceMeters><HeartRateBpm><Value>122</Value></HeartRateBpm><Cadence>22</Cadence><Extensions><ext:TPX><ext:Watts>39.1578947368421</ext:Watts><ext:Torque>20</ext:Torque></ext:TPX></Extensions></Trackpoint><Trackpoint><Time>2025-09-10T13:52:38.521Z</Time><DistanceMeters>1252.800888396987</DistanceMeters><HeartRateBpm><Value>121</Value></HeartRateBpm><Cadence>22</Cadence><Extensions><ext:TPX><ext:Watts>38.61538461538461</ext:Watts><ext:Torque>20</ext:Torque></ext:TPX></Extensions></Trackpoint><Trackpoint><Time>2025-09-10T13:52:39.851Z</Time><DistanceMeters>1256.3156215431381</DistanceMeters><HeartRateBpm><Value>121</Value></HeartRateBpm><Cadence>22</Cadence><Extensions><ext:TPX><ext:Watts>38.78947368421053</ext:Watts><ext:Torque>20</ext:Torque></ext:TPX></Extensions></Trackpoint><Trackpoint><Time>2025-09-10T13:52:41.146Z</Time><DistanceMeters>1259.9091632300185</DistanceMeters><HeartRateBpm><Value>121</Value></HeartRateBpm><Cadence>23</Cadence><Extensions><ext:TPX><ext:Watts>40.54054054054054</ext:Watts><ext:Torque>20</ext:Torque></ext:TPX></Extensions></Trackpoint><Trackpoint><Time>2025-09-10T13:52:42.511Z</Time><DistanceMeters>1263.416359397765</DistanceMeters><HeartRateBpm><Value>120</Value></HeartRateBpm><Cadence>22</Cadence><Extensions><ext:TPX><ext:Watts>37.84615384615385</ext:Watts><ext:Torque>20</ext:Torque></ext:TPX></Extensions></Trackpoint><Trackpoint><Time>2025-09-10T13:52:43.841Z</Time><DistanceMeters>1266.9763977879982</DistanceMeters><HeartRateBpm><Value>120</Value></HeartRateBpm><Cadence>22</Cadence><Extensions><ext:TPX><ext:Watts>39.28947368421053</ext:Watts><ext:Torque>20</ext:Torque></ext:TPX></Extensions></Trackpoint><Trackpoint><Time>2025-09-10T13:52:45.171Z</Time><DistanceMeters>1270.5435896378233</DistanceMeters><HeartRateBpm><Value>120</Value></HeartRateBpm><Cadence>22</Cadence><Extensions><ext:TPX><ext:Watts>39.36842105263158</ext:Watts><ext:Torque>20</ext:Torque></ext:TPX></Extensions></Trackpoint><Trackpoint><Time>2025-09-10T13:52:46.466Z</Time><DistanceMeters>1274.0197422962656</DistanceMeters><HeartRateBpm><Value>120</Value></HeartRateBpm><Cadence>23</Cadence><Extensions><ext:TPX><ext:Watts>39.21621621621622</ext:Watts><ext:Torque>20</ext:Torque></ext:TPX></Extensions></Trackpoint><Trackpoint><Time>2025-09-10T13:52:47.761Z</Time><DistanceMeters>1277.491103565792</DistanceMeters><HeartRateBpm><Value>120</Value></HeartRateBpm><Cadence>23</Cadence><Extensions><ext:TPX><ext:Watts>39.16216216216216</ext:Watts><ext:Torque>20</ext:Torque></ext:TPX></Extensions></Trackpoint><Trackpoint><Time>2025-09-10T13:52:49.056Z</Time><DistanceMeters>1281.1062065027936</DistanceMeters><HeartRateBpm><Value>120</Value></HeartRateBpm><Cadence>23</Cadence><Extensions><ext:TPX><ext:Watts>40.78378378378378</ext:Watts><ext:Torque>20</ext:Torque></ext:TPX></Extensions></Trackpoint><Trackpoint><Time>2025-09-10T13:52:50.391Z</Time><DistanceMeters>1284.663860406496</DistanceMeters><HeartRateBpm><Value>120</Value></HeartRateBpm><Cadence>22</Cadence><Extensions><ext:TPX><ext:Watts>39.26315789473684</ext:Watts><ext:Torque>20</ext:Torque></ext:TPX></Extensions></Trackpoint><Trackpoint><Time>2025-09-10T13:52:51.651Z</Time><DistanceMeters>1288.0357975832242</DistanceMeters><HeartRateBpm><Value>120</Value></HeartRateBpm><Cadence>24</Cadence><Extensions><ext:TPX><ext:Watts>39.69444444444444</ext:Watts><ext:Torque>20</ext:Torque></ext:TPX></Extensions></Trackpoint><Trackpoint><Time>2025-09-10T13:52:52.946Z</Time><DistanceMeters>1291.610173714441</DistanceMeters><HeartRateBpm><Value>120</Value></HeartRateBpm><Cadence>23</Cadence><Extensions><ext:TPX><ext:Watts>40.32432432432432</ext:Watts><ext:Torque>20</ext:Torque></ext:TPX></Extensions></Trackpoint><Trackpoint><Time>2025-09-10T13:52:54.206Z</Time><DistanceMeters>1295.1779616858987</DistanceMeters><HeartRateBpm><Value>119</Value></HeartRateBpm><Cadence>24</Cadence><Extensions><ext:TPX><ext:Watts>42.0</ext:Watts><ext:Torque>20</ext:Torque></ext:TPX></Extensions></Trackpoint><Trackpoint><Time>2025-09-10T13:52:55.466Z</Time><DistanceMeters>1298.6702409172196</DistanceMeters><HeartRateBpm><Value>119</Value></HeartRateBpm><Cadence>24</Cadence><Extensions><ext:TPX><ext:Watts>41.111111111111114</ext:Watts><ext:Torque>20</ext:Torque></ext:TPX></Extensions></Trackpoint><Trackpoint><Time>2025-09-10T13:52:56.696Z</Time><DistanceMeters>1302.0772481062902</DistanceMeters><HeartRateBpm><Value>119</Value></HeartRateBpm><Cadence>24</Cadence><Extensions><ext:TPX><ext:Watts>40.94285714285714</ext:Watts><ext:Torque>20</ext:Torque></ext:TPX></Extensions></Trackpoint><Trackpoint><Time>2025-09-10T13:52:57.991Z</Time><DistanceMeters>1305.6132931261805</DistanceMeters><HeartRateBpm><Value>119</Value></HeartRateBpm><Cadence>23</Cadence><Extensions><ext:TPX><ext:Watts>39.891891891891895</ext:Watts><ext:Torque>20</ext:Torque></ext:TPX></Extensions></Trackpoint><Trackpoint><Time>2025-09-10T13:52:59.216Z</Time><DistanceMeters>1308.9751271564287</DistanceMeters><HeartRateBpm><Value>119</Value></HeartRateBpm><Cadence>24</Cadence><Extensions><ext:TPX><ext:Watts>40.4</ext:Watts><ext:Torque>20</ext:Torque></ext:TPX></Extensions></Trackpoint><Trackpoint><Time>2025-09-10T13:53:00.476Z</Time><DistanceMeters>1312.505160757818</DistanceMeters><HeartRateBpm><Value>118</Value></HeartRateBpm><Cadence>24</Cadence><Extensions><ext:TPX><ext:Watts>41.55555555555556</ext:Watts><ext:Torque>20</ext:Torque></ext:TPX></Extensions></Trackpoint><Trackpoint><Time>2025-09-10T13:53:01.737Z</Time><DistanceMeters>1316.0375540073367</DistanceMeters><HeartRateBpm><Value>118</Value></HeartRateBpm><Cadence>24</Cadence><Extensions><ext:TPX><ext:Watts>41.583333333333336</ext:Watts><ext:Torque>20</ext:Torque></ext:TPX></Extensions></Trackpoint><Trackpoint><Time>2025-09-10T13:53:03.001Z</Time><DistanceMeters>1319.6523341202624</DistanceMeters><HeartRateBpm><Value>118</Value></HeartRateBpm><Cadence>24</Cadence><Extensions><ext:TPX><ext:Watts>41.666666666666664</ext:Watts><ext:Torque>20</ext:Torque></ext:TPX></Extensions></Trackpoint><Trackpoint><Time>2025-09-10T13:53:04.261Z</Time><DistanceMeters>1323.1257361665491</DistanceMeters><HeartRateBpm><Value>118</Value></HeartRateBpm><Cadence>24</Cadence><Extensions><ext:TPX><ext:Watts>40.888888888888886</ext:Watts><ext:Torque>20</ext:Torque></ext:TPX></Extensions></Trackpoint><Trackpoint><Time>2025-09-10T13:53:05.486Z</Time><DistanceMeters>1326.644487485338</DistanceMeters><HeartRateBpm><Value>118</Value></HeartRateBpm><Cadence>24</Cadence><Extensions><ext:TPX><ext:Watts>42.285714285714285</ext:Watts><ext:Torque>20</ext:Torque></ext:TPX></Extensions></Trackpoint><Trackpoint><Time>2025-09-10T13:53:06.746Z</Time><DistanceMeters>1330.0966526984614</DistanceMeters><HeartRateBpm><Value>118</Value></HeartRateBpm><Cadence>24</Cadence><Extensions><ext:TPX><ext:Watts>40.638888888888886</ext:Watts><ext:Torque>20</ext:Torque></ext:TPX></Extensions></Trackpoint><Trackpoint><Time>2025-09-10T13:53:08.006Z</Time><DistanceMeters>1333.6219670035923</DistanceMeters><HeartRateBpm><Value>119</Value></HeartRateBpm><Cadence>24</Cadence><Extensions><ext:TPX><ext:Watts>41.5</ext:Watts><ext:Torque>20</ext:Torque></ext:TPX></Extensions></Trackpoint><Trackpoint><Time>2025-09-10T13:53:09.232Z</Time><DistanceMeters>1337.1882690158782</DistanceMeters><HeartRateBpm><Value>119</Value></HeartRateBpm><Cadence>24</Cadence><Extensions><ext:TPX><ext:Watts>42.857142857142854</ext:Watts><ext:Torque>20</ext:Torque></ext:TPX></Extensions></Trackpoint><Trackpoint><Time>2025-09-10T13:53:10.492Z</Time><DistanceMeters>1340.6711096546821</DistanceMeters><HeartRateBpm><Value>119</Value></HeartRateBpm><Cadence>24</Cadence><Extensions><ext:TPX><ext:Watts>41.0</ext:Watts><ext:Torque>20</ext:Torque></ext:TPX></Extensions></Trackpoint><Trackpoint><Time>2025-09-10T13:53:11.716Z</Time><DistanceMeters>1344.123290002575</DistanceMeters><HeartRateBpm><Value>120</Value></HeartRateBpm><Cadence>24</Cadence><Extensions><ext:TPX><ext:Watts>41.48571428571429</ext:Watts><ext:Torque>20</ext:Torque></ext:TPX></Extensions></Trackpoint><Trackpoint><Time>2025-09-10T13:53:12.976Z</Time><DistanceMeters>1347.676920085257</DistanceMeters><HeartRateBpm><Value>120</Value></HeartRateBpm><Cadence>24</Cadence><Extensions><ext:TPX><ext:Watts>41.833333333333336</ext:Watts><ext:Torque>20</ext:Torque></ext:TPX></Extensions></Trackpoint><Trackpoint><Time>2025-09-10T13:53:14.237Z</Time><DistanceMeters>1351.1503221315438</DistanceMeters><HeartRateBpm><Value>120</Value></HeartRateBpm><Cadence>24</Cadence><Extensions><ext:TPX><ext:Watts>40.888888888888886</ext:Watts><ext:Torque>20</ext:Torque></ext:TPX></Extensions></Trackpoint><Trackpoint><Time>2025-09-10T13:53:15.496Z</Time><DistanceMeters>1354.635522418477</DistanceMeters><HeartRateBpm><Value>120</Value></HeartRateBpm><Cadence>24</Cadence><Extensions><ext:TPX><ext:Watts>41.02777777777778</ext:Watts><ext:Torque>20</ext:Torque></ext:TPX></Extensions></Trackpoint><Trackpoint><Time>2025-09-10T13:53:16.757Z</Time><DistanceMeters>1358.118363057281</DistanceMeters><HeartRateBpm><Value>120</Value></HeartRateBpm><Cadence>24</Cadence><Extensions><ext:TPX><ext:Watts>41.0</ext:Watts><ext:Torque>20</ext:Torque></ext:TPX></Extensions></Trackpoint><Trackpoint><Time>2025-09-10T13:53:17.982Z</Time><DistanceMeters>1361.6608897228182</DistanceMeters><HeartRateBpm><Value>120</Value></HeartRateBpm><Cadence>24</Cadence><Extensions><ext:TPX><ext:Watts>42.57142857142857</ext:Watts><ext:Torque>20</ext:Torque></ext:TPX></Extensions></Trackpoint><Trackpoint><Time>2025-09-10T13:53:19.242Z</Time><DistanceMeters>1365.2357566386636</DistanceMeters><HeartRateBpm><Value>121</Value></HeartRateBpm><Cadence>24</Cadence><Extensions><ext:TPX><ext:Watts>42.083333333333336</ext:Watts><ext:Torque>20</ext:Torque></ext:TPX></Extensions></Trackpoint><Trackpoint><Time>2025-09-10T13:53:20.507Z</Time><DistanceMeters>1368.771011589105</DistanceMeters><HeartRateBpm><Value>121</Value></HeartRateBpm><Cadence>24</Cadence><Extensions><ext:TPX><ext:Watts>40.75</ext:Watts><ext:Torque>20</ext:Torque></ext:TPX></Extensions></Trackpoint><Trackpoint><Time>2025-09-10T13:53:21.802Z</Time><DistanceMeters>1372.3885102205645</DistanceMeters><HeartRateBpm><Value>121</Value></HeartRateBpm><Cadence>23</Cadence><Extensions><ext:TPX><ext:Watts>40.810810810810814</ext:Watts><ext:Torque>20</ext:Torque></ext:TPX></Extensions></Trackpoint><Trackpoint><Time>2025-09-10T13:53:23.097Z</Time><DistanceMeters>1375.9197638515388</DistanceMeters><HeartRateBpm><Value>121</Value></HeartRateBpm><Cadence>23</Cadence><Extensions><ext:TPX><ext:Watts>39.83783783783784</ext:Watts><ext:Torque>20</ext:Torque></ext:TPX></Extensions></Trackpoint><Trackpoint><Time>2025-09-10T13:53:24.392Z</Time><DistanceMeters>1379.48934859384</DistanceMeters><HeartRateBpm><Value>122</Value></HeartRateBpm><Cadence>23</Cadence><Extensions><ext:TPX><ext:Watts>40.270270270270274</ext:Watts><ext:Torque>20</ext:Torque></ext:TPX></Extensions></Trackpoint><Trackpoint><Time>2025-09-10T13:53:25.657Z</Time><DistanceMeters>1383.034242957916</DistanceMeters><HeartRateBpm><Value>122</Value></HeartRateBpm><Cadence>24</Cadence><Extensions><ext:TPX><ext:Watts>40.861111111111114</ext:Watts><ext:Torque>20</ext:Torque></ext:TPX></Extensions></Trackpoint><Trackpoint><Time>2025-09-10T13:53:26.952Z</Time><DistanceMeters>1386.6924683951602</DistanceMeters><HeartRateBpm><Value>122</Value></HeartRateBpm><Cadence>23</Cadence><Extensions><ext:TPX><ext:Watts>41.270270270270274</ext:Watts><ext:Torque>20</ext:Torque></ext:TPX></Extensions></Trackpoint><Trackpoint><Time>2025-09-10T13:53:28.212Z</Time><DistanceMeters>1390.2460984778422</DistanceMeters><HeartRateBpm><Value>122</Value></HeartRateBpm><Cadence>24</Cadence><Extensions><ext:TPX><ext:Watts>41.833333333333336</ext:Watts><ext:Torque>20</ext:Torque></ext:TPX></Extensions></Trackpoint><Trackpoint><Time>2025-09-10T13:53:29.542Z</Time><DistanceMeters>1393.8109058411367</DistanceMeters><HeartRateBpm><Value>122</Value></HeartRateBpm><Cadence>22</Cadence><Extensions><ext:TPX><ext:Watts>39.3421052631579</ext:Watts><ext:Torque>20</ext:Torque></ext:TPX></Extensions></Trackpoint><Trackpoint><Time>2025-09-10T13:53:30.837Z</Time><DistanceMeters>1397.315806833074</DistanceMeters><HeartRateBpm><Value>122</Value></HeartRateBpm><Cadence>23</Cadence><Extensions><ext:TPX><ext:Watts>39.54054054054054</ext:Watts><ext:Torque>20</ext:Torque></ext:TPX></Extensions></Trackpoint><Trackpoint><Time>2025-09-10T13:53:32.132Z</Time><DistanceMeters>1400.712901574405</DistanceMeters><HeartRateBpm><Value>122</Value></HeartRateBpm><Cadence>23</Cadence><Extensions><ext:TPX><ext:Watts>38.32432432432432</ext:Watts><ext:Torque>20</ext:Torque></ext:TPX></Extensions></Trackpoint><Trackpoint><Time>2025-09-10T13:53:33.427Z</Time><DistanceMeters>1404.074060898867</DistanceMeters><HeartRateBpm><Value>122</Value></HeartRateBpm><Cadence>23</Cadence><Extensions><ext:TPX><ext:Watts>37.91891891891892</ext:Watts><ext:Torque>20</ext:Torque></ext:TPX></Extensions></Trackpoint><Trackpoint><Time>2025-09-10T13:53:34.127Z</Time><DistanceMeters>1407.570730173219</DistanceMeters><HeartRateBpm><Value>122</Value></HeartRateBpm><Cadence>43</Cadence><Extensions><ext:TPX><ext:Watts>73.75</ext:Watts><ext:Torque>21</ext:Torque></ext:TPX></Extensions></Trackpoint><Trackpoint><Time>2025-09-10T13:53:34.757Z</Time><DistanceMeters>1407.5802681193416</DistanceMeters><HeartRateBpm><Value>122</Value></HeartRateBpm><Cadence>48</Cadence><Extensions><ext:TPX><ext:Watts>0.2222222222222222</ext:Watts><ext:Torque>20</ext:Torque></ext:TPX></Extensions></Trackpoint><Trackpoint><Time>2025-09-10T13:53:36.057Z</Time><DistanceMeters>1411.109126055858</DistanceMeters><HeartRateBpm><Value>122</Value></HeartRateBpm><Cadence>23</Cadence><Extensions><ext:TPX><ext:Watts>39.810810810810814</ext:Watts><ext:Torque>20</ext:Torque></ext:TPX></Extensions></Trackpoint><Trackpoint><Time>2025-09-10T13:53:36.757Z</Time><DistanceMeters>1414.686396520263</DistanceMeters><HeartRateBpm><Value>122</Value></HeartRateBpm><Cadence>43</Cadence><Extensions><ext:TPX><ext:Watts>75.45</ext:Watts><ext:Torque>22</ext:Torque></ext:TPX></Extensions></Trackpoint><Trackpoint><Time>2025-09-10T13:53:37.356Z</Time><DistanceMeters>1414.6911935461071</DistanceMeters><HeartRateBpm><Value>122</Value></HeartRateBpm><Cadence>50</Cadence><Extensions><ext:TPX><ext:Watts>0.11764705882352941</ext:Watts><ext:Torque>20</ext:Torque></ext:TPX></Extensions></Trackpoint><Trackpoint><Time>2025-09-10T13:53:38.057Z</Time><DistanceMeters>1418.2660933872753</DistanceMeters><HeartRateBpm><Value>122</Value></HeartRateBpm><Cadence>43</Cadence><Extensions><ext:TPX><ext:Watts>75.4</ext:Watts><ext:Torque>21</ext:Torque></ext:TPX></Extensions></Trackpoint><Trackpoint><Time>2025-09-10T13:53:38.652Z</Time><DistanceMeters>1418.2684681525445</DistanceMeters><HeartRateBpm><Value>122</Value></HeartRateBpm><Cadence>50</Cadence><Extensions><ext:TPX><ext:Watts>0.058823529411764705</ext:Watts><ext:Torque>20</ext:Torque></ext:TPX></Extensions></Trackpoint><Trackpoint><Time>2025-09-10T13:53:39.317Z</Time><DistanceMeters>1421.7641254064506</DistanceMeters><HeartRateBpm><Value>122</Value></HeartRateBpm><Cadence>45</Cadence><Extensions><ext:TPX><ext:Watts>77.15789473684211</ext:Watts><ext:Torque>22</ext:Torque></ext:TPX></Extensions></Trackpoint><Trackpoint><Time>2025-09-10T13:53:39.947Z</Time><DistanceMeters>1421.7832012986958</DistanceMeters><HeartRateBpm><Value>122</Value></HeartRateBpm><Cadence>48</Cadence><Extensions><ext:TPX><ext:Watts>0.4444444444444444</ext:Watts><ext:Torque>20</ext:Torque></ext:TPX></Extensions></Trackpoint><Trackpoint><Time>2025-09-10T13:53:41.207Z</Time><DistanceMeters>1425.2353665118192</DistanceMeters><HeartRateBpm><Value>121</Value></HeartRateBpm><Cadence>24</Cadence><Extensions><ext:TPX><ext:Watts>40.638888888888886</ext:Watts><ext:Torque>20</ext:Torque></ext:TPX></Extensions></Trackpoint><Trackpoint><Time>2025-09-10T13:53:41.872Z</Time><DistanceMeters>1428.6642581428675</DistanceMeters><HeartRateBpm><Value>121</Value></HeartRateBpm><Cadence>45</Cadence><Extensions><ext:TPX><ext:Watts>75.6842105263158</ext:Watts><ext:Torque>22</ext:Torque></ext:TPX></Extensions></Trackpoint><Trackpoint><Time>2025-09-10T13:53:42.537Z</Time><DistanceMeters>1428.680949548582</DistanceMeters><HeartRateBpm><Value>121</Value></HeartRateBpm><Cadence>45</Cadence><Extensions><ext:TPX><ext:Watts>0.3684210526315789</ext:Watts><ext:Torque>20</ext:Torque></ext:TPX></Extensions></Trackpoint><Trackpoint><Time>2025-09-10T13:53:43.797Z</Time><DistanceMeters>1432.0410884846638</DistanceMeters><HeartRateBpm><Value>120</Value></HeartRateBpm><Cadence>24</Cadence><Extensions><ext:TPX><ext:Watts>39.55555555555556</ext:Watts><ext:Torque>20</ext:Torque></ext:TPX></Extensions></Trackpoint><Trackpoint><Time>2025-09-10T13:53:45.092Z</Time><DistanceMeters>1435.4333918370787</DistanceMeters><HeartRateBpm><Value>120</Value></HeartRateBpm><Cadence>23</Cadence><Extensions><ext:TPX><ext:Watts>38.270270270270274</ext:Watts><ext:Torque>20</ext:Torque></ext:TPX></Extensions></Trackpoint><Trackpoint><Time>2025-09-10T13:53:46.352Z</Time><DistanceMeters>1438.7817325325143</DistanceMeters><HeartRateBpm><Value>120</Value></HeartRateBpm><Cadence>24</Cadence><Extensions><ext:TPX><ext:Watts>39.416666666666664</ext:Watts><ext:Torque>20</ext:Torque></ext:TPX></Extensions></Trackpoint><Trackpoint><Time>2025-09-10T13:53:47.017Z</Time><DistanceMeters>1442.2750052998897</DistanceMeters><HeartRateBpm><Value>120</Value></HeartRateBpm><Cadence>45</Cadence><Extensions><ext:TPX><ext:Watts>77.10526315789474</ext:Watts><ext:Torque>21</ext:Torque></ext:TPX></Extensions></Trackpoint><Trackpoint><Time>2025-09-10T13:53:47.647Z</Time><DistanceMeters>1442.2773897864204</DistanceMeters><HeartRateBpm><Value>120</Value></HeartRateBpm><Cadence>48</Cadence><Extensions><ext:TPX><ext:Watts>0.05555555555555555</ext:Watts><ext:Torque>20</ext:Torque></ext:TPX></Extensions></Trackpoint><Trackpoint><Time>2025-09-10T13:53:48.282Z</Time><DistanceMeters>1445.5451510085052</DistanceMeters><HeartRateBpm><Value>120</Value></HeartRateBpm><Cadence>47</Cadence><Extensions><ext:TPX><ext:Watts>75.33333333333333</ext:Watts><ext:Torque>22</ext:Torque></ext:TPX></Extensions></Trackpoint><Trackpoint><Time>2025-09-10T13:53:50.177Z</Time><DistanceMeters>1448.8250619081919</DistanceMeters><HeartRateBpm><Value>120</Value></HeartRateBpm><Cadence>24</Cadence><Extensions><ext:TPX><ext:Watts>38.611111111111114</ext:Watts><ext:Torque>20</ext:Torque></ext:TPX></Extensions></Trackpoint><Trackpoint><Time>2025-09-10T13:53:51.472Z</Time><DistanceMeters>1452.1526815102432</DistanceMeters><HeartRateBpm><Value>120</Value></HeartRateBpm><Cadence>23</Cadence><Extensions><ext:TPX><ext:Watts>37.54054054054054</ext:Watts><ext:Torque>20</ext:Torque></ext:TPX></Extensions></Trackpoint><Trackpoint><Time>2025-09-10T13:53:52.697Z</Time><DistanceMeters>1455.3837511333743</DistanceMeters><HeartRateBpm><Value>120</Value></HeartRateBpm><Cadence>24</Cadence><Extensions><ext:TPX><ext:Watts>38.82857142857143</ext:Watts><ext:Torque>20</ext:Torque></ext:TPX></Extensions></Trackpoint><Trackpoint><Time>2025-09-10T13:53:53.293Z</Time><DistanceMeters>1458.694173918772</DistanceMeters><HeartRateBpm><Value>120</Value></HeartRateBpm><Cadence>50</Cadence><Extensions><ext:TPX><ext:Watts>82.0</ext:Watts><ext:Torque>22</ext:Torque></ext:TPX></Extensions></Trackpoint><Trackpoint><Time>2025-09-10T13:53:53.962Z</Time><DistanceMeters>1458.7108653244866</DistanceMeters><HeartRateBpm><Value>120</Value></HeartRateBpm><Cadence>45</Cadence><Extensions><ext:TPX><ext:Watts>0.3684210526315789</ext:Watts><ext:Torque>20</ext:Torque></ext:TPX></Extensions></Trackpoint><Trackpoint><Time>2025-09-10T13:53:55.222Z</Time><DistanceMeters>1461.9907762241733</DistanceMeters><HeartRateBpm><Value>120</Value></HeartRateBpm><Cadence>24</Cadence><Extensions><ext:TPX><ext:Watts>38.611111111111114</ext:Watts><ext:Torque>20</ext:Torque></ext:TPX></Extensions></Trackpoint><Trackpoint><Time>2025-09-10T13:53:56.447Z</Time><DistanceMeters>1465.2123357086048</DistanceMeters><HeartRateBpm><Value>120</Value></HeartRateBpm><Cadence>24</Cadence><Extensions><ext:TPX><ext:Watts>38.714285714285715</ext:Watts><ext:Torque>20</ext:Torque></ext:TPX></Extensions></Trackpoint><Trackpoint><Time>2025-09-10T13:53:57.744Z</Time><DistanceMeters>1468.5902648942722</DistanceMeters><HeartRateBpm><Value>121</Value></HeartRateBpm><Cadence>23</Cadence><Extensions><ext:TPX><ext:Watts>38.108108108108105</ext:Watts><ext:Torque>20</ext:Torque></ext:TPX></Extensions></Trackpoint><Trackpoint><Time>2025-09-10T13:53:59.073Z</Time><DistanceMeters>1472.0310789579737</DistanceMeters><HeartRateBpm><Value>121</Value></HeartRateBpm><Cadence>22</Cadence><Extensions><ext:TPX><ext:Watts>37.973684210526315</ext:Watts><ext:Torque>20</ext:Torque></ext:TPX></Extensions></Trackpoint><Trackpoint><Time>2025-09-10T13:54:00.367Z</Time><DistanceMeters>1475.442547866052</DistanceMeters><HeartRateBpm><Value>121</Value></HeartRateBpm><Cadence>23</Cadence><Extensions><ext:TPX><ext:Watts>38.486486486486484</ext:Watts><ext:Torque>20</ext:Torque></ext:TPX></Extensions></Trackpoint><Trackpoint><Time>2025-09-10T13:54:01.703Z</Time><DistanceMeters>1478.7236013322013</DistanceMeters><HeartRateBpm><Value>121</Value></HeartRateBpm><Cadence>22</Cadence><Extensions><ext:TPX><ext:Watts>36.21052631578947</ext:Watts><ext:Torque>20</ext:Torque></ext:TPX></Extensions></Trackpoint><Trackpoint><Time>2025-09-10T13:54:03.037Z</Time><DistanceMeters>1481.930735715901</DistanceMeters><HeartRateBpm><Value>121</Value></HeartRateBpm><Cadence>22</Cadence><Extensions><ext:TPX><ext:Watts>35.39473684210526</ext:Watts><ext:Torque>20</ext:Torque></ext:TPX></Extensions></Trackpoint><Trackpoint><Time>2025-09-10T13:54:04.407Z</Time><DistanceMeters>1485.3310051712162</DistanceMeters><HeartRateBpm><Value>121</Value></HeartRateBpm><Cadence>22</Cadence><Extensions><ext:TPX><ext:Watts>36.69230769230769</ext:Watts><ext:Torque>20</ext:Torque></ext:TPX></Extensions></Trackpoint><Trackpoint><Time>2025-09-10T13:54:05.703Z</Time><DistanceMeters>1488.7424740792947</DistanceMeters><HeartRateBpm><Value>121</Value></HeartRateBpm><Cadence>23</Cadence><Extensions><ext:TPX><ext:Watts>38.486486486486484</ext:Watts><ext:Torque>20</ext:Torque></ext:TPX></Extensions></Trackpoint><Trackpoint><Time>2025-09-10T13:54:07.033Z</Time><DistanceMeters>1492.0855241952404</DistanceMeters><HeartRateBpm><Value>120</Value></HeartRateBpm><Cadence>22</Cadence><Extensions><ext:TPX><ext:Watts>36.89473684210526</ext:Watts><ext:Torque>20</ext:Torque></ext:TPX></Extensions></Trackpoint><Trackpoint><Time>2025-09-10T13:54:08.328Z</Time><DistanceMeters>1495.4706404642816</DistanceMeters><HeartRateBpm><Value>120</Value></HeartRateBpm><Cadence>23</Cadence><Extensions><ext:TPX><ext:Watts>38.189189189189186</ext:Watts><ext:Torque>20</ext:Torque></ext:TPX></Extensions></Trackpoint><Trackpoint><Time>2025-09-10T13:54:09.623Z</Time><DistanceMeters>1498.8605481222387</DistanceMeters><HeartRateBpm><Value>120</Value></HeartRateBpm><Cadence>23</Cadence><Extensions><ext:TPX><ext:Watts>38.24324324324324</ext:Watts><ext:Torque>20</ext:Torque></ext:TPX></Extensions></Trackpoint><Trackpoint><Time>2025-09-10T13:54:10.917Z</Time><DistanceMeters>1502.2815998081487</DistanceMeters><HeartRateBpm><Value>120</Value></HeartRateBpm><Cadence>23</Cadence><Extensions><ext:TPX><ext:Watts>38.5945945945946</ext:Watts><ext:Torque>20</ext:Torque></ext:TPX></Extensions></Trackpoint><Trackpoint><Time>2025-09-10T13:54:12.248Z</Time><DistanceMeters>1505.8058709004224</DistanceMeters><HeartRateBpm><Value>119</Value></HeartRateBpm><Cadence>22</Cadence><Extensions><ext:TPX><ext:Watts>38.89473684210526</ext:Watts><ext:Torque>20</ext:Torque></ext:TPX></Extensions></Trackpoint><Trackpoint><Time>2025-09-10T13:54:13.543Z</Time><DistanceMeters>1509.4329523097135</DistanceMeters><HeartRateBpm><Value>119</Value></HeartRateBpm><Cadence>23</Cadence><Extensions><ext:TPX><ext:Watts>40.91891891891892</ext:Watts><ext:Torque>20</ext:Torque></ext:TPX></Extensions></Trackpoint><Trackpoint><Time>2025-09-10T13:54:14.837Z</Time><DistanceMeters>1512.8659824679132</DistanceMeters><HeartRateBpm><Value>119</Value></HeartRateBpm><Cadence>23</Cadence><Extensions><ext:TPX><ext:Watts>38.729729729729726</ext:Watts><ext:Torque>20</ext:Torque></ext:TPX></Extensions></Trackpoint><Trackpoint><Time>2025-09-10T13:54:16.103Z</Time><DistanceMeters>1516.3385812297306</DistanceMeters><HeartRateBpm><Value>119</Value></HeartRateBpm><Cadence>24</Cadence><Extensions><ext:TPX><ext:Watts>40.02777777777778</ext:Watts><ext:Torque>20</ext:Torque></ext:TPX></Extensions></Trackpoint><Trackpoint><Time>2025-09-10T13:54:17.398Z</Time><DistanceMeters>1519.8315037493783</DistanceMeters><HeartRateBpm><Value>119</Value></HeartRateBpm><Cadence>23</Cadence><Extensions><ext:TPX><ext:Watts>39.4054054054054</ext:Watts><ext:Torque>20</ext:Torque></ext:TPX></Extensions></Trackpoint><Trackpoint><Time>2025-09-10T13:54:18.693Z</Time><DistanceMeters>1523.4010884916795</DistanceMeters><HeartRateBpm><Value>119</Value></HeartRateBpm><Cadence>23</Cadence><Extensions><ext:TPX><ext:Watts>40.270270270270274</ext:Watts><ext:Torque>20</ext:Torque></ext:TPX></Extensions></Trackpoint><Trackpoint><Time>2025-09-10T13:54:19.958Z</Time><DistanceMeters>1527.0905740602723</DistanceMeters><HeartRateBpm><Value>119</Value></HeartRateBpm><Cadence>24</Cadence><Extensions><ext:TPX><ext:Watts>42.52777777777778</ext:Watts><ext:Torque>20</ext:Torque></ext:TPX></Extensions></Trackpoint><Trackpoint><Time>2025-09-10T13:54:21.288Z</Time><DistanceMeters>1530.6720728292812</DistanceMeters><HeartRateBpm><Value>120</Value></HeartRateBpm><Cadence>22</Cadence><Extensions><ext:TPX><ext:Watts>39.526315789473685</ext:Watts><ext:Torque>20</ext:Torque></ext:TPX></Extensions></Trackpoint><Trackpoint><Time>2025-09-10T13:54:22.513Z</Time><DistanceMeters>1534.2811704657145</DistanceMeters><HeartRateBpm><Value>120</Value></HeartRateBpm><Cadence>24</Cadence><Extensions><ext:TPX><ext:Watts>43.371428571428574</ext:Watts><ext:Torque>20</ext:Torque></ext:TPX></Extensions></Trackpoint><Trackpoint><Time>2025-09-10T13:54:23.738Z</Time><DistanceMeters>1537.7642587643804</DistanceMeters><HeartRateBpm><Value>120</Value></HeartRateBpm><Cadence>24</Cadence><Extensions><ext:TPX><ext:Watts>41.857142857142854</ext:Watts><ext:Torque>20</ext:Torque></ext:TPX></Extensions></Trackpoint><Trackpoint><Time>2025-09-10T13:54:24.964Z</Time><DistanceMeters>1541.404264351587</DistanceMeters><HeartRateBpm><Value>120</Value></HeartRateBpm><Cadence>24</Cadence><Extensions><ext:TPX><ext:Watts>43.74285714285714</ext:Watts><ext:Torque>20</ext:Torque></ext:TPX></Extensions></Trackpoint><Trackpoint><Time>2025-09-10T13:54:26.153Z</Time><DistanceMeters>1544.9564619890518</DistanceMeters><HeartRateBpm><Value>120</Value></HeartRateBpm><Cadence>25</Cadence><Extensions><ext:TPX><ext:Watts>43.55882352941177</ext:Watts><ext:Torque>20</ext:Torque></ext:TPX></Extensions></Trackpoint><Trackpoint><Time>2025-09-10T13:54:27.378Z</Time><DistanceMeters>1548.7058341713018</DistanceMeters><HeartRateBpm><Value>120</Value></HeartRateBpm><Cadence>24</Cadence><Extensions><ext:TPX><ext:Watts>45.05714285714286</ext:Watts><ext:Torque>20</ext:Torque></ext:TPX></Extensions></Trackpoint><Trackpoint><Time>2025-09-10T13:54:28.603Z</Time><DistanceMeters>1552.4361860761528</DistanceMeters><HeartRateBpm><Value>121</Value></HeartRateBpm><Cadence>24</Cadence><Extensions><ext:TPX><ext:Watts>44.82857142857143</ext:Watts><ext:Torque>20</ext:Torque></ext:TPX></Extensions></Trackpoint><Trackpoint><Time>2025-09-10T13:54:29.863Z</Time><DistanceMeters>1556.2706142862182</DistanceMeters><HeartRateBpm><Value>121</Value></HeartRateBpm><Cadence>24</Cadence><Extensions><ext:TPX><ext:Watts>45.138888888888886</ext:Watts><ext:Torque>20</ext:Torque></ext:TPX></Extensions></Trackpoint><Trackpoint><Time>2025-09-10T13:54:31.059Z</Time><DistanceMeters>1560.1370171164635</DistanceMeters><HeartRateBpm><Value>121</Value></HeartRateBpm><Cadence>25</Cadence><Extensions><ext:TPX><ext:Watts>47.411764705882355</ext:Watts><ext:Torque>20</ext:Torque></ext:TPX></Extensions></Trackpoint><Trackpoint><Time>2025-09-10T13:54:32.283Z</Time><DistanceMeters>1563.9482052002597</DistanceMeters><HeartRateBpm><Value>122</Value></HeartRateBpm><Cadence>24</Cadence><Extensions><ext:TPX><ext:Watts>45.8</ext:Watts><ext:Torque>20</ext:Torque></ext:TPX></Extensions></Trackpoint><Trackpoint><Time>2025-09-10T13:54:33.473Z</Time><DistanceMeters>1567.7426526428453</DistanceMeters><HeartRateBpm><Value>122</Value></HeartRateBpm><Cadence>25</Cadence><Extensions><ext:TPX><ext:Watts>46.529411764705884</ext:Watts><ext:Torque>20</ext:Torque></ext:TPX></Extensions></Trackpoint><Trackpoint><Time>2025-09-10T13:54:34.698Z</Time><DistanceMeters>1571.6085240241632</DistanceMeters><HeartRateBpm><Value>122</Value></HeartRateBpm><Cadence>24</Cadence><Extensions><ext:TPX><ext:Watts>46.457142857142856</ext:Watts><ext:Torque>20</ext:Torque></ext:TPX></Extensions></Trackpoint><Trackpoint><Time>2025-09-10T13:54:35.928Z</Time><DistanceMeters>1575.4387323853582</DistanceMeters><HeartRateBpm><Value>122</Value></HeartRateBpm><Cadence>24</Cadence><Extensions><ext:TPX><ext:Watts>46.02857142857143</ext:Watts><ext:Torque>20</ext:Torque></ext:TPX></Extensions></Trackpoint><Trackpoint><Time>2025-09-10T13:54:37.153Z</Time><DistanceMeters>1579.3640421335476</DistanceMeters><HeartRateBpm><Value>123</Value></HeartRateBpm><Cadence>24</Cadence><Extensions><ext:TPX><ext:Watts>47.17142857142857</ext:Watts><ext:Torque>20</ext:Torque></ext:TPX></Extensions></Trackpoint><Trackpoint><Time>2025-09-10T13:54:38.378Z</Time><DistanceMeters>1583.3963409421056</DistanceMeters><HeartRateBpm><Value>123</Value></HeartRateBpm><Cadence>24</Cadence><Extensions><ext:TPX><ext:Watts>48.457142857142856</ext:Watts><ext:Torque>20</ext:Torque></ext:TPX></Extensions></Trackpoint><Trackpoint><Time>2025-09-10T13:54:39.603Z</Time><DistanceMeters>1587.4738129094858</DistanceMeters><HeartRateBpm><Value>123</Value></HeartRateBpm><Cadence>24</Cadence><Extensions><ext:TPX><ext:Watts>49.0</ext:Watts><ext:Torque>20</ext:Torque></ext:TPX></Extensions></Trackpoint><Trackpoint><Time>2025-09-10T13:54:40.863Z</Time><DistanceMeters>1591.4663375442124</DistanceMeters><HeartRateBpm><Value>123</Value></HeartRateBpm><Cadence>24</Cadence><Extensions><ext:TPX><ext:Watts>47.0</ext:Watts><ext:Torque>20</ext:Torque></ext:TPX></Extensions></Trackpoint><Trackpoint><Time>2025-09-10T13:54:42.088Z</Time><DistanceMeters>1595.4962588180954</DistanceMeters><HeartRateBpm><Value>123</Value></HeartRateBpm><Cadence>24</Cadence><Extensions><ext:TPX><ext:Watts>48.42857142857143</ext:Watts><ext:Torque>20</ext:Torque></ext:TPX></Extensions></Trackpoint><Trackpoint><Time>2025-09-10T13:54:43.348Z</Time><DistanceMeters>1599.620923748061</DistanceMeters><HeartRateBpm><Value>123</Value></HeartRateBpm><Cadence>24</Cadence><Extensions><ext:TPX><ext:Watts>48.55555555555556</ext:Watts><ext:Torque>20</ext:Torque></ext:TPX></Extensions></Trackpoint><Trackpoint><Time>2025-09-10T13:54:44.578Z</Time><DistanceMeters>1603.7126609234904</DistanceMeters><HeartRateBpm><Value>123</Value></HeartRateBpm><Cadence>24</Cadence><Extensions><ext:TPX><ext:Watts>49.17142857142857</ext:Watts><ext:Torque>20</ext:Torque></ext:TPX></Extensions></Trackpoint><Trackpoint><Time>2025-09-10T13:54:45.803Z</Time><DistanceMeters>1607.832928515018</DistanceMeters><HeartRateBpm><Value>123</Value></HeartRateBpm><Cadence>24</Cadence><Extensions><ext:TPX><ext:Watts>49.51428571428571</ext:Watts><ext:Torque>20</ext:Torque></ext:TPX></Extensions></Trackpoint><Trackpoint><Time>2025-09-10T13:54:47.063Z</Time><DistanceMeters>1611.9198390749152</DistanceMeters><HeartRateBpm><Value>123</Value></HeartRateBpm><Cadence>24</Cadence><Extensions><ext:TPX><ext:Watts>48.111111111111114</ext:Watts><ext:Torque>20</ext:Torque></ext:TPX></Extensions></Trackpoint><Trackpoint><Time>2025-09-10T13:54:48.323Z</Time><DistanceMeters>1615.9194426540296</DistanceMeters><HeartRateBpm><Value>124</Value></HeartRateBpm><Cadence>24</Cadence><Extensions><ext:TPX><ext:Watts>47.083333333333336</ext:Watts><ext:Torque>20</ext:Torque></ext:TPX></Extensions></Trackpoint><Trackpoint><Time>2025-09-10T13:54:49.548Z</Time><DistanceMeters>1620.0563529882813</DistanceMeters><HeartRateBpm><Value>124</Value></HeartRateBpm><Cadence>24</Cadence><Extensions><ext:TPX><ext:Watts>49.714285714285715</ext:Watts><ext:Torque>20</ext:Torque></ext:TPX></Extensions></Trackpoint><Trackpoint><Time>2025-09-10T13:54:50.808Z</Time><DistanceMeters>1624.155061788825</DistanceMeters><HeartRateBpm><Value>124</Value></HeartRateBpm><Cadence>24</Cadence><Extensions><ext:TPX><ext:Watts>48.25</ext:Watts><ext:Torque>20</ext:Torque></ext:TPX></Extensions></Trackpoint><Trackpoint><Time>2025-09-10T13:54:52.068Z</Time><DistanceMeters>1628.2278144599466</DistanceMeters><HeartRateBpm><Value>124</Value></HeartRateBpm><Cadence>24</Cadence><Extensions><ext:TPX><ext:Watts>47.94444444444444</ext:Watts><ext:Torque>20</ext:Torque></ext:TPX></Extensions></Trackpoint><Trackpoint><Time>2025-09-10T13:54:53.294Z</Time><DistanceMeters>1632.3219291700507</DistanceMeters><HeartRateBpm><Value>124</Value></HeartRateBpm><Cadence>24</Cadence><Extensions><ext:TPX><ext:Watts>49.2</ext:Watts><ext:Torque>20</ext:Torque></ext:TPX></Extensions></Trackpoint><Trackpoint><Time>2025-09-10T13:54:54.554Z</Time><DistanceMeters>1636.3238923972942</DistanceMeters><HeartRateBpm><Value>124</Value></HeartRateBpm><Cadence>24</Cadence><Extensions><ext:TPX><ext:Watts>47.111111111111114</ext:Watts><ext:Torque>20</ext:Torque></ext:TPX></Extensions></Trackpoint><Trackpoint><Time>2025-09-10T13:54:55.848Z</Time><DistanceMeters>1640.5858328379343</DistanceMeters><HeartRateBpm><Value>124</Value></HeartRateBpm><Cadence>23</Cadence><Extensions><ext:TPX><ext:Watts>48.08108108108108</ext:Watts><ext:Torque>20</ext:Torque></ext:TPX></Extensions></Trackpoint><Trackpoint><Time>2025-09-10T13:54:57.108Z</Time><DistanceMeters>1644.703418823512</DistanceMeters><HeartRateBpm><Value>124</Value></HeartRateBpm><Cadence>24</Cadence><Extensions><ext:TPX><ext:Watts>48.47222222222222</ext:Watts><ext:Torque>20</ext:Torque></ext:TPX></Extensions></Trackpoint><Trackpoint><Time>2025-09-10T13:54:58.374Z</Time><DistanceMeters>1648.9519903829041</DistanceMeters><HeartRateBpm><Value>124</Value></HeartRateBpm><Cadence>24</Cadence><Extensions><ext:TPX><ext:Watts>48.97222222222222</ext:Watts><ext:Torque>20</ext:Torque></ext:TPX></Extensions></Trackpoint><Trackpoint><Time>2025-09-10T13:54:59.634Z</Time><DistanceMeters>1653.1120500348088</DistanceMeters><HeartRateBpm><Value>124</Value></HeartRateBpm><Cadence>24</Cadence><Extensions><ext:TPX><ext:Watts>48.97222222222222</ext:Watts><ext:Torque>20</ext:Torque></ext:TPX></Extensions></Trackpoint><Trackpoint><Time>2025-09-10T13:55:00.893Z</Time><DistanceMeters>1657.3075044086527</DistanceMeters><HeartRateBpm><Value>124</Value></HeartRateBpm><Cadence>24</Cadence><Extensions><ext:TPX><ext:Watts>49.388888888888886</ext:Watts><ext:Torque>20</ext:Torque></ext:TPX></Extensions></Trackpoint><Trackpoint><Time>2025-09-10T13:55:02.188Z</Time><DistanceMeters>1661.5215309601344</DistanceMeters><HeartRateBpm><Value>124</Value></HeartRateBpm><Cadence>23</Cadence><Extensions><ext:TPX><ext:Watts>47.54054054054054</ext:Watts><ext:Torque>20</ext:Torque></ext:TPX></Extensions></Trackpoint><Trackpoint><Time>2025-09-10T13:55:03.448Z</Time><DistanceMeters>1665.6155204644197</DistanceMeters><HeartRateBpm><Value>124</Value></HeartRateBpm><Cadence>24</Cadence><Extensions><ext:TPX><ext:Watts>48.19444444444444</ext:Watts><ext:Torque>20</ext:Torque></ext:TPX></Extensions></Trackpoint><Trackpoint><Time>2025-09-10T13:55:04.748Z</Time><DistanceMeters>1669.7720503489113</DistanceMeters><HeartRateBpm><Value>124</Value></HeartRateBpm><Cadence>23</Cadence><Extensions><ext:TPX><ext:Watts>46.891891891891895</ext:Watts><ext:Torque>20</ext:Torque></ext:TPX></Extensions></Trackpoint><Trackpoint><Time>2025-09-10T13:55:06.044Z</Time><DistanceMeters>1674.0603434285886</DistanceMeters><HeartRateBpm><Value>124</Value></HeartRateBpm><Cadence>23</Cadence><Extensions><ext:TPX><ext:Watts>48.37837837837838</ext:Watts><ext:Torque>20</ext:Torque></ext:TPX></Extensions></Trackpoint><Trackpoint><Time>2025-09-10T13:55:07.339Z</Time><DistanceMeters>1678.4181116475454</DistanceMeters><HeartRateBpm><Value>124</Value></HeartRateBpm><Cadence>23</Cadence><Extensions><ext:TPX><ext:Watts>49.16216216216216</ext:Watts><ext:Torque>20</ext:Torque></ext:TPX></Extensions></Trackpoint><Trackpoint><Time>2025-09-10T13:55:08.634Z</Time><DistanceMeters>1682.8309808390345</DistanceMeters><HeartRateBpm><Value>124</Value></HeartRateBpm><Cadence>23</Cadence><Extensions><ext:TPX><ext:Watts>49.78378378378378</ext:Watts><ext:Torque>20</ext:Torque></ext:TPX></Extensions></Trackpoint><Trackpoint><Time>2025-09-10T13:55:09.929Z</Time><DistanceMeters>1687.1863533635335</DistanceMeters><HeartRateBpm><Value>124</Value></HeartRateBpm><Cadence>23</Cadence><Extensions><ext:TPX><ext:Watts>49.13513513513514</ext:Watts><ext:Torque>20</ext:Torque></ext:TPX></Extensions></Trackpoint><Trackpoint><Time>2025-09-10T13:55:11.224Z</Time><DistanceMeters>1691.5417258880325</DistanceMeters><HeartRateBpm><Value>125</Value></HeartRateBpm><Cadence>23</Cadence><Extensions><ext:TPX><ext:Watts>49.13513513513514</ext:Watts><ext:Torque>20</ext:Torque></ext:TPX></Extensions></Trackpoint><Trackpoint><Time>2025-09-10T13:55:12.484Z</Time><DistanceMeters>1695.8504433720814</DistanceMeters><HeartRateBpm><Value>125</Value></HeartRateBpm><Cadence>24</Cadence><Extensions><ext:TPX><ext:Watts>50.72222222222222</ext:Watts><ext:Torque>20</ext:Torque></ext:TPX></Extensions></Trackpoint><Trackpoint><Time>2025-09-10T13:55:13.779Z</Time><DistanceMeters>1700.2537297857386</DistanceMeters><HeartRateBpm><Value>125</Value></HeartRateBpm><Cadence>23</Cadence><Extensions><ext:TPX><ext:Watts>49.67567567567568</ext:Watts><ext:Torque>20</ext:Torque></ext:TPX></Extensions></Trackpoint><Trackpoint><Time>2025-09-10T13:55:15.039Z</Time><DistanceMeters>1704.4421052151947</DistanceMeters><HeartRateBpm><Value>125</Value></HeartRateBpm><Cadence>24</Cadence><Extensions><ext:TPX><ext:Watts>49.30555555555556</ext:Watts><ext:Torque>20</ext:Torque></ext:TPX></Extensions></Trackpoint><Trackpoint><Time>2025-09-10T13:55:16.299Z</Time><DistanceMeters>1708.7177876254336</DistanceMeters><HeartRateBpm><Value>125</Value></HeartRateBpm><Cadence>24</Cadence><Extensions><ext:TPX><ext:Watts>50.333333333333336</ext:Watts><ext:Torque>20</ext:Torque></ext:TPX></Extensions></Trackpoint><Trackpoint><Time>2025-09-10T13:55:17.559Z</Time><DistanceMeters>1712.93683848057</DistanceMeters><HeartRateBpm><Value>126</Value></HeartRateBpm><Cadence>24</Cadence><Extensions><ext:TPX><ext:Watts>49.666666666666664</ext:Watts><ext:Torque>20</ext:Torque></ext:TPX></Extensions></Trackpoint><Trackpoint><Time>2025-09-10T13:55:18.854Z</Time><DistanceMeters>1717.352103366517</DistanceMeters><HeartRateBpm><Value>126</Value></HeartRateBpm><Cadence>23</Cadence><Extensions><ext:TPX><ext:Watts>49.810810810810814</ext:Watts><ext:Torque>20</ext:Torque></ext:TPX></Extensions></Trackpoint><Trackpoint><Time>2025-09-10T13:55:20.114Z</Time><DistanceMeters>1721.637224369273</DistanceMeters><HeartRateBpm><Value>126</Value></HeartRateBpm><Cadence>24</Cadence><Extensions><ext:TPX><ext:Watts>50.44444444444444</ext:Watts><ext:Torque>20</ext:Torque></ext:TPX></Extensions></Trackpoint><Trackpoint><Time>2025-09-10T13:55:21.374Z</Time><DistanceMeters>1725.9199857238998</DistanceMeters><HeartRateBpm><Value>126</Value></HeartRateBpm><Cadence>24</Cadence><Extensions><ext:TPX><ext:Watts>50.416666666666664</ext:Watts><ext:Torque>20</ext:Torque></ext:TPX></Extensions></Trackpoint><Trackpoint><Time>2025-09-10T13:55:22.639Z</Time><DistanceMeters>1730.021556225366</DistanceMeters><HeartRateBpm><Value>126</Value></HeartRateBpm><Cadence>24</Cadence><Extensions><ext:TPX><ext:Watts>47.27777777777778</ext:Watts><ext:Torque>20</ext:Torque></ext:TPX></Extensions></Trackpoint><Trackpoint><Time>2025-09-10T13:55:23.899Z</Time><DistanceMeters>1734.2854403949586</DistanceMeters><HeartRateBpm><Value>126</Value></HeartRateBpm><Cadence>24</Cadence><Extensions><ext:TPX><ext:Watts>50.19444444444444</ext:Watts><ext:Torque>20</ext:Torque></ext:TPX></Extensions></Trackpoint><Trackpoint><Time>2025-09-10T13:55:25.159Z</Time><DistanceMeters>1738.5705613977148</DistanceMeters><HeartRateBpm><Value>126</Value></HeartRateBpm><Cadence>24</Cadence><Extensions><ext:TPX><ext:Watts>50.44444444444444</ext:Watts><ext:Torque>20</ext:Torque></ext:TPX></Extensions></Trackpoint><Trackpoint><Time>2025-09-10T13:55:26.419Z</Time><DistanceMeters>1742.6952263276803</DistanceMeters><HeartRateBpm><Value>127</Value></HeartRateBpm><Cadence>24</Cadence><Extensions><ext:TPX><ext:Watts>48.55555555555556</ext:Watts><ext:Torque>20</ext:Torque></ext:TPX></Extensions></Trackpoint><Trackpoint><Time>2025-09-10T13:55:27.679Z</Time><DistanceMeters>1746.907198238429</DistanceMeters><HeartRateBpm><Value>127</Value></HeartRateBpm><Cadence>24</Cadence><Extensions><ext:TPX><ext:Watts>49.583333333333336</ext:Watts><ext:Torque>20</ext:Torque></ext:TPX></Extensions></Trackpoint><Trackpoint><Time>2025-09-10T13:55:28.939Z</Time><DistanceMeters>1751.218275370607</DistanceMeters><HeartRateBpm><Value>127</Value></HeartRateBpm><Cadence>24</Cadence><Extensions><ext:TPX><ext:Watts>50.75</ext:Watts><ext:Torque>20</ext:Torque></ext:TPX></Extensions></Trackpoint><Trackpoint><Time>2025-09-10T13:55:30.199Z</Time><DistanceMeters>1755.4774402439411</DistanceMeters><HeartRateBpm><Value>127</Value></HeartRateBpm><Cadence>24</Cadence><Extensions><ext:TPX><ext:Watts>50.138888888888886</ext:Watts><ext:Torque>20</ext:Torque></ext:TPX></Extensions></Trackpoint><Trackpoint><Time>2025-09-10T13:55:31.429Z</Time><DistanceMeters>1759.8972772045008</DistanceMeters><HeartRateBpm><Value>127</Value></HeartRateBpm><Cadence>24</Cadence><Extensions><ext:TPX><ext:Watts>53.114285714285714</ext:Watts><ext:Torque>20</ext:Torque></ext:TPX></Extensions></Trackpoint><Trackpoint><Time>2025-09-10T13:55:32.694Z</Time><DistanceMeters>1764.295259675227</DistanceMeters><HeartRateBpm><Value>128</Value></HeartRateBpm><Cadence>24</Cadence><Extensions><ext:TPX><ext:Watts>50.69444444444444</ext:Watts><ext:Torque>20</ext:Torque></ext:TPX></Extensions></Trackpoint><Trackpoint><Time>2025-09-10T13:55:33.919Z</Time><DistanceMeters>1768.7864226760325</DistanceMeters><HeartRateBpm><Value>128</Value></HeartRateBpm><Cadence>24</Cadence><Extensions><ext:TPX><ext:Watts>53.97142857142857</ext:Watts><ext:Torque>20</ext:Torque></ext:TPX></Extensions></Trackpoint><Trackpoint><Time>2025-09-10T13:55:35.179Z</Time><DistanceMeters>1773.1541313633131</DistanceMeters><HeartRateBpm><Value>128</Value></HeartRateBpm><Cadence>24</Cadence><Extensions><ext:TPX><ext:Watts>51.416666666666664</ext:Watts><ext:Torque>20</ext:Torque></ext:TPX></Extensions></Trackpoint><Trackpoint><Time>2025-09-10T13:55:36.439Z</Time><DistanceMeters>1777.3118313670886</DistanceMeters><HeartRateBpm><Value>129</Value></HeartRateBpm><Cadence>24</Cadence><Extensions><ext:TPX><ext:Watts>48.94444444444444</ext:Watts><ext:Torque>20</ext:Torque></ext:TPX></Extensions></Trackpoint><Trackpoint><Time>2025-09-10T13:55:37.734Z</Time><DistanceMeters>1781.6959522250827</DistanceMeters><HeartRateBpm><Value>129</Value></HeartRateBpm><Cadence>23</Cadence><Extensions><ext:TPX><ext:Watts>49.45945945945946</ext:Watts><ext:Torque>20</ext:Torque></ext:TPX></Extensions></Trackpoint><Trackpoint><Time>2025-09-10T13:55:38.995Z</Time><DistanceMeters>1786.0943363380438</DistanceMeters><HeartRateBpm><Value>129</Value></HeartRateBpm><Cadence>24</Cadence><Extensions><ext:TPX><ext:Watts>51.77777777777778</ext:Watts><ext:Torque>20</ext:Torque></ext:TPX></Extensions></Trackpoint><Trackpoint><Time>2025-09-10T13:55:40.254Z</Time><DistanceMeters>1790.353501211378</DistanceMeters><HeartRateBpm><Value>129</Value></HeartRateBpm><Cadence>24</Cadence><Extensions><ext:TPX><ext:Watts>50.138888888888886</ext:Watts><ext:Torque>20</ext:Torque></ext:TPX></Extensions></Trackpoint><Trackpoint><Time>2025-09-10T13:55:41.549Z</Time><DistanceMeters>1794.7831402640725</DistanceMeters><HeartRateBpm><Value>129</Value></HeartRateBpm><Cadence>23</Cadence><Extensions><ext:TPX><ext:Watts>49.972972972972975</ext:Watts><ext:Torque>20</ext:Torque></ext:TPX></Extensions></Trackpoint><Trackpoint><Time>2025-09-10T13:55:42.845Z</Time><DistanceMeters>1799.1313257051977</DistanceMeters><HeartRateBpm><Value>129</Value></HeartRateBpm><Cadence>23</Cadence><Extensions><ext:TPX><ext:Watts>49.054054054054056</ext:Watts><ext:Torque>20</ext:Torque></ext:TPX></Extensions></Trackpoint><Trackpoint><Time>2025-09-10T13:55:44.106Z</Time><DistanceMeters>1803.2937450052316</DistanceMeters><HeartRateBpm><Value>130</Value></HeartRateBpm><Cadence>24</Cadence><Extensions><ext:TPX><ext:Watts>49.0</ext:Watts><ext:Torque>20</ext:Torque></ext:TPX></Extensions></Trackpoint><Trackpoint><Time>2025-09-10T13:55:45.399Z</Time><DistanceMeters>1807.6515132241884</DistanceMeters><HeartRateBpm><Value>130</Value></HeartRateBpm><Cadence>23</Cadence><Extensions><ext:TPX><ext:Watts>49.16216216216216</ext:Watts><ext:Torque>20</ext:Torque></ext:TPX></Extensions></Trackpoint><Trackpoint><Time>2025-09-10T13:55:46.694Z</Time><DistanceMeters>1812.05000824893</DistanceMeters><HeartRateBpm><Value>130</Value></HeartRateBpm><Cadence>23</Cadence><Extensions><ext:TPX><ext:Watts>49.62162162162162</ext:Watts><ext:Torque>20</ext:Torque></ext:TPX></Extensions></Trackpoint><Trackpoint><Time>2025-09-10T13:55:47.989Z</Time><DistanceMeters>1816.4149635512606</DistanceMeters><HeartRateBpm><Value>130</Value></HeartRateBpm><Cadence>23</Cadence><Extensions><ext:TPX><ext:Watts>49.24324324324324</ext:Watts><ext:Torque>20</ext:Torque></ext:TPX></Extensions></Trackpoint><Trackpoint><Time>2025-09-10T13:55:49.289Z</Time><DistanceMeters>1820.7032566309379</DistanceMeters><HeartRateBpm><Value>130</Value></HeartRateBpm><Cadence>23</Cadence><Extensions><ext:TPX><ext:Watts>48.37837837837838</ext:Watts><ext:Torque>20</ext:Torque></ext:TPX></Extensions></Trackpoint><Trackpoint><Time>2025-09-10T13:55:50.584Z</Time><DistanceMeters>1824.9077004045878</DistanceMeters><HeartRateBpm><Value>131</Value></HeartRateBpm><Cadence>23</Cadence><Extensions><ext:TPX><ext:Watts>47.432432432432435</ext:Watts><ext:Torque>20</ext:Torque></ext:TPX></Extensions></Trackpoint><Trackpoint><Time>2025-09-10T13:55:51.845Z</Time><DistanceMeters>1829.1456284447584</DistanceMeters><HeartRateBpm><Value>131</Value></HeartRateBpm><Cadence>24</Cadence><Extensions><ext:TPX><ext:Watts>49.888888888888886</ext:Watts><ext:Torque>20</ext:Torque></ext:TPX></Extensions></Trackpoint><Trackpoint><Time>2025-09-10T13:55:53.139Z</Time><DistanceMeters>1833.4746483302201</DistanceMeters><HeartRateBpm><Value>130</Value></HeartRateBpm><Cadence>23</Cadence><Extensions><ext:TPX><ext:Watts>48.83783783783784</ext:Watts><ext:Torque>20</ext:Torque></ext:TPX></Extensions></Trackpoint><Trackpoint><Time>2025-09-10T13:55:54.399Z</Time><DistanceMeters>1837.724374611037</DistanceMeters><HeartRateBpm><Value>130</Value></HeartRateBpm><Cadence>24</Cadence><Extensions><ext:TPX><ext:Watts>50.02777777777778</ext:Watts><ext:Torque>20</ext:Torque></ext:TPX></Extensions></Trackpoint><Trackpoint><Time>2025-09-10T13:55:55.695Z</Time><DistanceMeters>1842.0629772743307</DistanceMeters><HeartRateBpm><Value>130</Value></HeartRateBpm><Cadence>23</Cadence><Extensions><ext:TPX><ext:Watts>48.945945945945944</ext:Watts><ext:Torque>20</ext:Torque></ext:TPX></Extensions></Trackpoint><Trackpoint><Time>2025-09-10T13:55:56.989Z</Time><DistanceMeters>1846.444702437867</DistanceMeters><HeartRateBpm><Value>130</Value></HeartRateBpm><Cadence>23</Cadence><Extensions><ext:TPX><ext:Watts>49.432432432432435</ext:Watts><ext:Torque>20</ext:Torque></ext:TPX></Extensions></Trackpoint><Trackpoint><Time>2025-09-10T13:55:58.249Z</Time><DistanceMeters>1850.5811656084788</DistanceMeters><HeartRateBpm><Value>130</Value></HeartRateBpm><Cadence>24</Cadence><Extensions><ext:TPX><ext:Watts>48.69444444444444</ext:Watts><ext:Torque>20</ext:Torque></ext:TPX></Extensions></Trackpoint><Trackpoint><Time>2025-09-10T13:55:59.545Z</Time><DistanceMeters>1854.840710354661</DistanceMeters><HeartRateBpm><Value>130</Value></HeartRateBpm><Cadence>23</Cadence><Extensions><ext:TPX><ext:Watts>48.054054054054056</ext:Watts><ext:Torque>20</ext:Torque></ext:TPX></Extensions></Trackpoint><Trackpoint><Time>2025-09-10T13:56:00.839Z</Time><DistanceMeters>1859.016405794816</DistanceMeters><HeartRateBpm><Value>130</Value></HeartRateBpm><Cadence>23</Cadence><Extensions><ext:TPX><ext:Watts>47.108108108108105</ext:Watts><ext:Torque>20</ext:Torque></ext:TPX></Extensions></Trackpoint><Trackpoint><Time>2025-09-10T13:56:02.099Z</Time><DistanceMeters>1863.162307557945</DistanceMeters><HeartRateBpm><Value>130</Value></HeartRateBpm><Cadence>24</Cadence><Extensions><ext:TPX><ext:Watts>48.80555555555556</ext:Watts><ext:Torque>20</ext:Torque></ext:TPX></Extensions></Trackpoint><Trackpoint><Time>2025-09-10T13:56:03.395Z</Time><DistanceMeters>1867.4865360544911</DistanceMeters><HeartRateBpm><Value>130</Value></HeartRateBpm><Cadence>23</Cadence><Extensions><ext:TPX><ext:Watts>48.78378378378378</ext:Watts><ext:Torque>20</ext:Torque></ext:TPX></Extensions></Trackpoint><Trackpoint><Time>2025-09-10T13:56:04.655Z</Time><DistanceMeters>1871.5994027438105</DistanceMeters><HeartRateBpm><Value>130</Value></HeartRateBpm><Cadence>24</Cadence><Extensions><ext:TPX><ext:Watts>48.416666666666664</ext:Watts><ext:Torque>20</ext:Torque></ext:TPX></Extensions></Trackpoint><Trackpoint><Time>2025-09-10T13:56:05.950Z</Time><DistanceMeters>1876.0434159632525</DistanceMeters><HeartRateBpm><Value>130</Value></HeartRateBpm><Cadence>23</Cadence><Extensions><ext:TPX><ext:Watts>50.13513513513514</ext:Watts><ext:Torque>20</ext:Torque></ext:TPX></Extensions></Trackpoint><Trackpoint><Time>2025-09-10T13:56:07.210Z</Time><DistanceMeters>1880.3285369660086</DistanceMeters><HeartRateBpm><Value>129</Value></HeartRateBpm><Cadence>24</Cadence><Extensions><ext:TPX><ext:Watts>50.44444444444444</ext:Watts><ext:Torque>20</ext:Torque></ext:TPX></Extensions></Trackpoint><Trackpoint><Time>2025-09-10T13:56:08.505Z</Time><DistanceMeters>1884.789320046656</DistanceMeters><HeartRateBpm><Value>129</Value></HeartRateBpm><Cadence>23</Cadence><Extensions><ext:TPX><ext:Watts>50.32432432432432</ext:Watts><ext:Torque>20</ext:Torque></ext:TPX></Extensions></Trackpoint><Trackpoint><Time>2025-09-10T13:56:09.765Z</Time><DistanceMeters>1889.0508445681194</DistanceMeters><HeartRateBpm><Value>129</Value></HeartRateBpm><Cadence>24</Cadence><Extensions><ext:TPX><ext:Watts>50.166666666666664</ext:Watts><ext:Torque>20</ext:Torque></ext:TPX></Extensions></Trackpoint><Trackpoint><Time>2025-09-10T13:56:11.059Z</Time><DistanceMeters>1893.3151807032173</DistanceMeters><HeartRateBpm><Value>129</Value></HeartRateBpm><Cadence>23</Cadence><Extensions><ext:TPX><ext:Watts>48.108108108108105</ext:Watts><ext:Torque>20</ext:Torque></ext:TPX></Extensions></Trackpoint><Trackpoint><Time>2025-09-10T13:56:12.355Z</Time><DistanceMeters>1897.7280498947064</DistanceMeters><HeartRateBpm><Value>130</Value></HeartRateBpm><Cadence>23</Cadence><Extensions><ext:TPX><ext:Watts>49.78378378378378</ext:Watts><ext:Torque>20</ext:Torque></ext:TPX></Extensions></Trackpoint><Trackpoint><Time>2025-09-10T13:56:13.650Z</Time><DistanceMeters>1902.0211343632993</DistanceMeters><HeartRateBpm><Value>130</Value></HeartRateBpm><Cadence>23</Cadence><Extensions><ext:TPX><ext:Watts>48.432432432432435</ext:Watts><ext:Torque>20</ext:Torque></ext:TPX></Extensions></Trackpoint><Trackpoint><Time>2025-09-10T13:56:14.910Z</Time><DistanceMeters>1906.1410799970065</DistanceMeters><HeartRateBpm><Value>130</Value></HeartRateBpm><Cadence>24</Cadence><Extensions><ext:TPX><ext:Watts>48.5</ext:Watts><ext:Torque>20</ext:Torque></ext:TPX></Extensions></Trackpoint><Trackpoint><Time>2025-09-10T13:56:16.210Z</Time><DistanceMeters>1910.2856314092085</DistanceMeters><HeartRateBpm><Value>130</Value></HeartRateBpm><Cadence>23</Cadence><Extensions><ext:TPX><ext:Watts>46.75675675675676</ext:Watts><ext:Torque>20</ext:Torque></ext:TPX></Extensions></Trackpoint><Trackpoint><Time>2025-09-10T13:56:17.505Z</Time><DistanceMeters>1914.655378100455</DistanceMeters><HeartRateBpm><Value>130</Value></HeartRateBpm><Cadence>23</Cadence><Extensions><ext:TPX><ext:Watts>49.2972972972973</ext:Watts><ext:Torque>20</ext:Torque></ext:TPX></Extensions></Trackpoint><Trackpoint><Time>2025-09-10T13:56:18.770Z</Time><DistanceMeters>1918.9497368746108</DistanceMeters><HeartRateBpm><Value>130</Value></HeartRateBpm><Cadence>24</Cadence><Extensions><ext:TPX><ext:Watts>49.5</ext:Watts><ext:Torque>20</ext:Torque></ext:TPX></Extensions></Trackpoint><Trackpoint><Time>2025-09-10T13:56:20.100Z</Time><DistanceMeters>1923.0486692207667</DistanceMeters><HeartRateBpm><Value>131</Value></HeartRateBpm><Cadence>22</Cadence><Extensions><ext:TPX><ext:Watts>45.23684210526316</ext:Watts><ext:Torque>20</ext:Torque></ext:TPX></Extensions></Trackpoint><Trackpoint><Time>2025-09-10T13:56:21.360Z</Time><DistanceMeters>1927.1638955582152</DistanceMeters><HeartRateBpm><Value>131</Value></HeartRateBpm><Cadence>24</Cadence><Extensions><ext:TPX><ext:Watts>48.44444444444444</ext:Watts><ext:Torque>20</ext:Torque></ext:TPX></Extensions></Trackpoint><Trackpoint><Time>2025-09-10T13:56:22.655Z</Time><DistanceMeters>1931.5528078051252</DistanceMeters><HeartRateBpm><Value>131</Value></HeartRateBpm><Cadence>23</Cadence><Extensions><ext:TPX><ext:Watts>49.513513513513516</ext:Watts><ext:Torque>20</ext:Torque></ext:TPX></Extensions></Trackpoint><Trackpoint><Time>2025-09-10T13:56:23.920Z</Time><DistanceMeters>1935.7435428827105</DistanceMeters><HeartRateBpm><Value>131</Value></HeartRateBpm><Cadence>24</Cadence><Extensions><ext:TPX><ext:Watts>48.30555555555556</ext:Watts><ext:Torque>20</ext:Torque></ext:TPX></Extensions></Trackpoint><Trackpoint><Time>2025-09-10T13:56:25.215Z</Time><DistanceMeters>1940.0174617956402</DistanceMeters><HeartRateBpm><Value>130</Value></HeartRateBpm><Cadence>23</Cadence><Extensions><ext:TPX><ext:Watts>48.21621621621622</ext:Watts><ext:Torque>20</ext:Torque></ext:TPX></Extensions></Trackpoint><Trackpoint><Time>2025-09-10T13:56:26.475Z</Time><DistanceMeters>1944.1138109480546</DistanceMeters><HeartRateBpm><Value>130</Value></HeartRateBpm><Cadence>24</Cadence><Extensions><ext:TPX><ext:Watts>48.22222222222222</ext:Watts><ext:Torque>20</ext:Torque></ext:TPX></Extensions></Trackpoint><Trackpoint><Time>2025-09-10T13:56:27.770Z</Time><DistanceMeters>1948.4763705559274</DistanceMeters><HeartRateBpm><Value>130</Value></HeartRateBpm><Cadence>23</Cadence><Extensions><ext:TPX><ext:Watts>49.21621621621622</ext:Watts><ext:Torque>20</ext:Torque></ext:TPX></Extensions></Trackpoint><Trackpoint><Time>2025-09-10T13:56:29.066Z</Time><DistanceMeters>1952.661648773914</DistanceMeters><HeartRateBpm><Value>129</Value></HeartRateBpm><Cadence>23</Cadence><Extensions><ext:TPX><ext:Watts>47.21621621621622</ext:Watts><ext:Torque>20</ext:Torque></ext:TPX></Extensions></Trackpoint><Trackpoint><Time>2025-09-10T13:56:30.360Z</Time><DistanceMeters>1956.7726604637053</DistanceMeters><HeartRateBpm><Value>129</Value></HeartRateBpm><Cadence>23</Cadence><Extensions><ext:TPX><ext:Watts>46.37837837837838</ext:Watts><ext:Torque>20</ext:Torque></ext:TPX></Extensions></Trackpoint><Trackpoint><Time>2025-09-10T13:56:31.655Z</Time><DistanceMeters>1961.072932015672</DistanceMeters><HeartRateBpm><Value>129</Value></HeartRateBpm><Cadence>23</Cadence><Extensions><ext:TPX><ext:Watts>48.513513513513516</ext:Watts><ext:Torque>20</ext:Torque></ext:TPX></Extensions></Trackpoint><Trackpoint><Time>2025-09-10T13:56:32.950Z</Time><DistanceMeters>1965.4115346789656</DistanceMeters><HeartRateBpm><Value>129</Value></HeartRateBpm><Cadence>23</Cadence><Extensions><ext:TPX><ext:Watts>48.945945945945944</ext:Watts><ext:Torque>20</ext:Torque></ext:TPX></Extensions></Trackpoint><Trackpoint><Time>2025-09-10T13:56:34.245Z</Time><DistanceMeters>1969.663892341774</DistanceMeters><HeartRateBpm><Value>129</Value></HeartRateBpm><Cadence>23</Cadence><Extensions><ext:TPX><ext:Watts>47.972972972972975</ext:Watts><ext:Torque>20</ext:Torque></ext:TPX></Extensions></Trackpoint><Trackpoint><Time>2025-09-10T13:56:35.540Z</Time><DistanceMeters>1974.0072863939833</DistanceMeters><HeartRateBpm><Value>128</Value></HeartRateBpm><Cadence>23</Cadence><Extensions><ext:TPX><ext:Watts>49.0</ext:Watts><ext:Torque>20</ext:Torque></ext:TPX></Extensions></Trackpoint><Trackpoint><Time>2025-09-10T13:56:36.846Z</Time><DistanceMeters>1978.4536953078832</DistanceMeters><HeartRateBpm><Value>128</Value></HeartRateBpm><Cadence>23</Cadence><Extensions><ext:TPX><ext:Watts>50.16216216216216</ext:Watts><ext:Torque>20</ext:Torque></ext:TPX></Extensions></Trackpoint><Trackpoint><Time>2025-09-10T13:56:38.105Z</Time><DistanceMeters>1982.6373514410807</DistanceMeters><HeartRateBpm><Value>128</Value></HeartRateBpm><Cadence>24</Cadence><Extensions><ext:TPX><ext:Watts>49.25</ext:Watts><ext:Torque>20</ext:Torque></ext:TPX></Extensions></Trackpoint><Trackpoint><Time>2025-09-10T13:56:39.435Z</Time><DistanceMeters>1987.1058791994844</DistanceMeters><HeartRateBpm><Value>128</Value></HeartRateBpm><Cadence>22</Cadence><Extensions><ext:TPX><ext:Watts>49.31578947368421</ext:Watts><ext:Torque>20</ext:Torque></ext:TPX></Extensions></Trackpoint><Trackpoint><Time>2025-09-10T13:56:40.695Z</Time><DistanceMeters>1991.3107721658453</DistanceMeters><HeartRateBpm><Value>128</Value></HeartRateBpm><Cadence>24</Cadence><Extensions><ext:TPX><ext:Watts>49.5</ext:Watts><ext:Torque>20</ext:Torque></ext:TPX></Extensions></Trackpoint><Trackpoint><Time>2025-09-10T13:56:41.955Z</Time><DistanceMeters>1995.626568594282</DistanceMeters><HeartRateBpm><Value>128</Value></HeartRateBpm><Cadence>24</Cadence><Extensions><ext:TPX><ext:Watts>50.80555555555556</ext:Watts><ext:Torque>20</ext:Torque></ext:TPX></Extensions></Trackpoint><Trackpoint><Time>2025-09-10T13:56:43.250Z</Time><DistanceMeters>2000.0035023689022</DistanceMeters><HeartRateBpm><Value>128</Value></HeartRateBpm><Cadence>23</Cadence><Extensions><ext:TPX><ext:Watts>49.37837837837838</ext:Watts><ext:Torque>20</ext:Torque></ext:TPX></Extensions></Trackpoint><Trackpoint><Time>2025-09-10T13:56:44.510Z</Time><DistanceMeters>2004.198956742746</DistanceMeters><HeartRateBpm><Value>128</Value></HeartRateBpm><Cadence>24</Cadence><Extensions><ext:TPX><ext:Watts>49.388888888888886</ext:Watts><ext:Torque>20</ext:Torque></ext:TPX></Extensions></Trackpoint><Trackpoint><Time>2025-09-10T13:56:45.770Z</Time><DistanceMeters>2008.49115668989</DistanceMeters><HeartRateBpm><Value>129</Value></HeartRateBpm><Cadence>24</Cadence><Extensions><ext:TPX><ext:Watts>50.52777777777778</ext:Watts><ext:Torque>20</ext:Torque></ext:TPX></Extensions></Trackpoint><Trackpoint><Time>2025-09-10T13:56:47.030Z</Time><DistanceMeters>2012.8093127664558</DistanceMeters><HeartRateBpm><Value>129</Value></HeartRateBpm><Cadence>24</Cadence><Extensions><ext:TPX><ext:Watts>50.833333333333336</ext:Watts><ext:Torque>20</ext:Torque></ext:TPX></Extensions></Trackpoint><Trackpoint><Time>2025-09-10T13:56:48.305Z</Time><DistanceMeters>2017.183196703096</DistanceMeters><HeartRateBpm><Value>129</Value></HeartRateBpm><Cadence>24</Cadence><Extensions><ext:TPX><ext:Watts>50.416666666666664</ext:Watts><ext:Torque>20</ext:Torque></ext:TPX></Extensions></Trackpoint><Trackpoint><Time>2025-09-10T13:56:49.571Z</Time><DistanceMeters>2021.5378018124673</DistanceMeters><HeartRateBpm><Value>129</Value></HeartRateBpm><Cadence>24</Cadence><Extensions><ext:TPX><ext:Watts>50.19444444444444</ext:Watts><ext:Torque>20</ext:Torque></ext:TPX></Extensions></Trackpoint><Trackpoint><Time>2025-09-10T13:56:50.830Z</Time><DistanceMeters>2025.9007912034892</DistanceMeters><HeartRateBpm><Value>129</Value></HeartRateBpm><Cadence>24</Cadence><Extensions><ext:TPX><ext:Watts>51.361111111111114</ext:Watts><ext:Torque>20</ext:Torque></ext:TPX></Extensions></Trackpoint><Trackpoint><Time>2025-09-10T13:56:52.126Z</Time><DistanceMeters>2030.3735527564263</DistanceMeters><HeartRateBpm><Value>129</Value></HeartRateBpm><Cadence>23</Cadence><Extensions><ext:TPX><ext:Watts>50.45945945945946</ext:Watts><ext:Torque>20</ext:Torque></ext:TPX></Extensions></Trackpoint><Trackpoint><Time>2025-09-10T13:56:53.386Z</Time><DistanceMeters>2034.6586737591824</DistanceMeters><HeartRateBpm><Value>129</Value></HeartRateBpm><Cadence>24</Cadence><Extensions><ext:TPX><ext:Watts>50.44444444444444</ext:Watts><ext:Torque>20</ext:Torque></ext:TPX></Extensions></Trackpoint><Trackpoint><Time>2025-09-10T13:56:54.680Z</Time><DistanceMeters>2039.174557812362</DistanceMeters><HeartRateBpm><Value>129</Value></HeartRateBpm><Cadence>23</Cadence><Extensions><ext:TPX><ext:Watts>50.945945945945944</ext:Watts><ext:Torque>20</ext:Torque></ext:TPX></Extensions></Trackpoint><Trackpoint><Time>2025-09-10T13:56:55.976Z</Time><DistanceMeters>2043.6473193652992</DistanceMeters><HeartRateBpm><Value>129</Value></HeartRateBpm><Cadence>23</Cadence><Extensions><ext:TPX><ext:Watts>50.45945945945946</ext:Watts><ext:Torque>20</ext:Torque></ext:TPX></Extensions></Trackpoint><Trackpoint><Time>2025-09-10T13:56:57.236Z</Time><DistanceMeters>2047.9631157937358</DistanceMeters><HeartRateBpm><Value>129</Value></HeartRateBpm><Cadence>24</Cadence><Extensions><ext:TPX><ext:Watts>50.80555555555556</ext:Watts><ext:Torque>20</ext:Torque></ext:TPX></Extensions></Trackpoint><Trackpoint><Time>2025-09-10T13:56:58.531Z</Time><DistanceMeters>2052.3520280406456</DistanceMeters><HeartRateBpm><Value>129</Value></HeartRateBpm><Cadence>23</Cadence><Extensions><ext:TPX><ext:Watts>49.513513513513516</ext:Watts><ext:Torque>20</ext:Torque></ext:TPX></Extensions></Trackpoint><Trackpoint><Time>2025-09-10T13:56:59.790Z</Time><DistanceMeters>2056.693780598504</DistanceMeters><HeartRateBpm><Value>129</Value></HeartRateBpm><Cadence>24</Cadence><Extensions><ext:TPX><ext:Watts>51.111111111111114</ext:Watts><ext:Torque>20</ext:Torque></ext:TPX></Extensions></Trackpoint><Trackpoint><Time>2025-09-10T13:57:01.051Z</Time><DistanceMeters>2060.8278841209867</DistanceMeters><HeartRateBpm><Value>129</Value></HeartRateBpm><Cadence>24</Cadence><Extensions><ext:TPX><ext:Watts>48.666666666666664</ext:Watts><ext:Torque>20</ext:Torque></ext:TPX></Extensions></Trackpoint><Trackpoint><Time>2025-09-10T13:57:02.321Z</Time><DistanceMeters>2065.3174410212405</DistanceMeters><HeartRateBpm><Value>129</Value></HeartRateBpm><Cadence>24</Cadence><Extensions><ext:TPX><ext:Watts>51.75</ext:Watts><ext:Torque>20</ext:Torque></ext:TPX></Extensions></Trackpoint><Trackpoint><Time>2025-09-10T13:57:03.581Z</Time><DistanceMeters>2069.616719912772</DistanceMeters><HeartRateBpm><Value>129</Value></HeartRateBpm><Cadence>24</Cadence><Extensions><ext:TPX><ext:Watts>50.611111111111114</ext:Watts><ext:Torque>20</ext:Torque></ext:TPX></Extensions></Trackpoint><Trackpoint><Time>2025-09-10T13:57:04.841Z</Time><DistanceMeters>2074.161402209748</DistanceMeters><HeartRateBpm><Value>129</Value></HeartRateBpm><Cadence>24</Cadence><Extensions><ext:TPX><ext:Watts>53.5</ext:Watts><ext:Torque>20</ext:Torque></ext:TPX></Extensions></Trackpoint><Trackpoint><Time>2025-09-10T13:57:06.101Z</Time><DistanceMeters>2078.422926731211</DistanceMeters><HeartRateBpm><Value>129</Value></HeartRateBpm><Cadence>24</Cadence><Extensions><ext:TPX><ext:Watts>50.166666666666664</ext:Watts><ext:Torque>20</ext:Torque></ext:TPX></Extensions></Trackpoint><Trackpoint><Time>2025-09-10T13:57:07.326Z</Time><DistanceMeters>2082.7809477902247</DistanceMeters><HeartRateBpm><Value>129</Value></HeartRateBpm><Cadence>24</Cadence><Extensions><ext:TPX><ext:Watts>52.371428571428574</ext:Watts><ext:Torque>20</ext:Torque></ext:TPX></Extensions></Trackpoint><Trackpoint><Time>2025-09-10T13:57:08.551Z</Time><DistanceMeters>2087.3957425941226</DistanceMeters><HeartRateBpm><Value>129</Value></HeartRateBpm><Cadence>24</Cadence><Extensions><ext:TPX><ext:Watts>55.457142857142856</ext:Watts><ext:Torque>20</ext:Torque></ext:TPX></Extensions></Trackpoint><Trackpoint><Time>2025-09-10T13:57:09.781Z</Time><DistanceMeters>2091.84886504013</DistanceMeters><HeartRateBpm><Value>129</Value></HeartRateBpm><Cadence>24</Cadence><Extensions><ext:TPX><ext:Watts>53.51428571428571</ext:Watts><ext:Torque>20</ext:Torque></ext:TPX></Extensions></Trackpoint><Trackpoint><Time>2025-09-10T13:57:11.041Z</Time><DistanceMeters>2096.4171438183985</DistanceMeters><HeartRateBpm><Value>129</Value></HeartRateBpm><Cadence>24</Cadence><Extensions><ext:TPX><ext:Watts>53.77777777777778</ext:Watts><ext:Torque>20</ext:Torque></ext:TPX></Extensions></Trackpoint><Trackpoint><Time>2025-09-10T13:57:12.266Z</Time><DistanceMeters>2101.169835633438</DistanceMeters><HeartRateBpm><Value>129</Value></HeartRateBpm><Cadence>24</Cadence><Extensions><ext:TPX><ext:Watts>57.114285714285714</ext:Watts><ext:Torque>20</ext:Torque></ext:TPX></Extensions></Trackpoint><Trackpoint><Time>2025-09-10T13:57:13.491Z</Time><DistanceMeters>2105.7774978333114</DistanceMeters><HeartRateBpm><Value>129</Value></HeartRateBpm><Cadence>24</Cadence><Extensions><ext:TPX><ext:Watts>55.371428571428574</ext:Watts><ext:Torque>20</ext:Torque></ext:TPX></Extensions></Trackpoint><Trackpoint><Time>2025-09-10T13:57:14.681Z</Time><DistanceMeters>2110.5649296256</DistanceMeters><HeartRateBpm><Value>129</Value></HeartRateBpm><Cadence>25</Cadence><Extensions><ext:TPX><ext:Watts>58.705882352941174</ext:Watts><ext:Torque>20</ext:Torque></ext:TPX></Extensions></Trackpoint><Trackpoint><Time>2025-09-10T13:57:15.941Z</Time><DistanceMeters>2115.7419976212204</DistanceMeters><HeartRateBpm><Value>129</Value></HeartRateBpm><Cadence>24</Cadence><Extensions><ext:TPX><ext:Watts>60.94444444444444</ext:Watts><ext:Torque>20</ext:Torque></ext:TPX></Extensions></Trackpoint><Trackpoint><Time>2025-09-10T13:57:17.166Z</Time><DistanceMeters>2120.879850053587</DistanceMeters><HeartRateBpm><Value>130</Value></HeartRateBpm><Cadence>24</Cadence><Extensions><ext:TPX><ext:Watts>61.74285714285714</ext:Watts><ext:Torque>20</ext:Torque></ext:TPX></Extensions></Trackpoint><Trackpoint><Time>2025-09-10T13:57:18.391Z</Time><DistanceMeters>2125.7466635330197</DistanceMeters><HeartRateBpm><Value>130</Value></HeartRateBpm><Cadence>24</Cadence><Extensions><ext:TPX><ext:Watts>58.48571428571429</ext:Watts><ext:Torque>20</ext:Torque></ext:TPX></Extensions></Trackpoint><Trackpoint><Time>2025-09-10T13:57:19.617Z</Time><DistanceMeters>2130.720466072821</DistanceMeters><HeartRateBpm><Value>131</Value></HeartRateBpm><Cadence>24</Cadence><Extensions><ext:TPX><ext:Watts>59.77142857142857</ext:Watts><ext:Torque>20</ext:Torque></ext:TPX></Extensions></Trackpoint><Trackpoint><Time>2025-09-10T13:57:20.806Z</Time><DistanceMeters>2135.6446131016633</DistanceMeters><HeartRateBpm><Value>131</Value></HeartRateBpm><Cadence>25</Cadence><Extensions><ext:TPX><ext:Watts>60.38235294117647</ext:Watts><ext:Torque>20</ext:Torque></ext:TPX></Extensions></Trackpoint><Trackpoint><Time>2025-09-10T13:57:21.996Z</Time><DistanceMeters>2140.571158643427</DistanceMeters><HeartRateBpm><Value>132</Value></HeartRateBpm><Cadence>25</Cadence><Extensions><ext:TPX><ext:Watts>60.411764705882355</ext:Watts><ext:Torque>20</ext:Torque></ext:TPX></Extensions></Trackpoint><Trackpoint><Time>2025-09-10T13:57:23.186Z</Time><DistanceMeters>2145.560065521163</DistanceMeters><HeartRateBpm><Value>133</Value></HeartRateBpm><Cadence>25</Cadence><Extensions><ext:TPX><ext:Watts>61.1764705882353</ext:Watts><ext:Torque>20</ext:Torque></ext:TPX></Extensions></Trackpoint><Trackpoint><Time>2025-09-10T13:57:24.446Z</Time><DistanceMeters>2150.4681336300464</DistanceMeters><HeartRateBpm><Value>134</Value></HeartRateBpm><Cadence>24</Cadence><Extensions><ext:TPX><ext:Watts>57.77777777777778</ext:Watts><ext:Torque>20</ext:Torque></ext:TPX></Extensions></Trackpoint><Trackpoint><Time>2025-09-10T13:57:25.641Z</Time><DistanceMeters>2155.3994761976546</DistanceMeters><HeartRateBpm><Value>135</Value></HeartRateBpm><Cadence>25</Cadence><Extensions><ext:TPX><ext:Watts>60.470588235294116</ext:Watts><ext:Torque>20</ext:Torque></ext:TPX></Extensions></Trackpoint><Trackpoint><Time>2025-09-10T13:57:26.901Z</Time><DistanceMeters>2160.3995705835796</DistanceMeters><HeartRateBpm><Value>136</Value></HeartRateBpm><Cadence>24</Cadence><Extensions><ext:TPX><ext:Watts>58.861111111111114</ext:Watts><ext:Torque>20</ext:Torque></ext:TPX></Extensions></Trackpoint><Trackpoint><Time>2025-09-10T13:57:28.161Z</Time><DistanceMeters>2165.184936989741</DistanceMeters><HeartRateBpm><Value>137</Value></HeartRateBpm><Cadence>24</Cadence><Extensions><ext:TPX><ext:Watts>56.333333333333336</ext:Watts><ext:Torque>20</ext:Torque></ext:TPX></Extensions></Trackpoint><Trackpoint><Time>2025-09-10T13:57:29.421Z</Time><DistanceMeters>2169.9443472664802</DistanceMeters><HeartRateBpm><Value>138</Value></HeartRateBpm><Cadence>24</Cadence><Extensions><ext:TPX><ext:Watts>56.02777777777778</ext:Watts><ext:Torque>20</ext:Torque></ext:TPX></Extensions></Trackpoint><Trackpoint><Time>2025-09-10T13:57:30.681Z</Time><DistanceMeters>2174.7438715614176</DistanceMeters><HeartRateBpm><Value>138</Value></HeartRateBpm><Cadence>24</Cadence><Extensions><ext:TPX><ext:Watts>56.5</ext:Watts><ext:Torque>20</ext:Torque></ext:TPX></Extensions></Trackpoint><Trackpoint><Time>2025-09-10T13:57:31.941Z</Time><DistanceMeters>2179.6708168553355</DistanceMeters><HeartRateBpm><Value>139</Value></HeartRateBpm><Cadence>24</Cadence><Extensions><ext:TPX><ext:Watts>58.0</ext:Watts><ext:Torque>20</ext:Torque></ext:TPX></Extensions></Trackpoint><Trackpoint><Time>2025-09-10T13:57:33.236Z</Time><DistanceMeters>2184.64188285552</DistanceMeters><HeartRateBpm><Value>140</Value></HeartRateBpm><Cadence>23</Cadence><Extensions><ext:TPX><ext:Watts>56.08108108108108</ext:Watts><ext:Torque>20</ext:Torque></ext:TPX></Extensions></Trackpoint><Trackpoint><Time>2025-09-10T13:57:34.531Z</Time><DistanceMeters>2189.2368248258113</DistanceMeters><HeartRateBpm><Value>140</Value></HeartRateBpm><Cadence>23</Cadence><Extensions><ext:TPX><ext:Watts>51.83783783783784</ext:Watts><ext:Torque>20</ext:Torque></ext:TPX></Extensions></Trackpoint><Trackpoint><Time>2025-09-10T13:57:35.791Z</Time><DistanceMeters>2193.3473318670012</DistanceMeters><HeartRateBpm><Value>140</Value></HeartRateBpm><Cadence>24</Cadence><Extensions><ext:TPX><ext:Watts>48.388888888888886</ext:Watts><ext:Torque>20</ext:Torque></ext:TPX></Extensions></Trackpoint><Trackpoint><Time>2025-09-10T13:57:37.086Z</Time><DistanceMeters>2197.5972938353516</DistanceMeters><HeartRateBpm><Value>140</Value></HeartRateBpm><Cadence>23</Cadence><Extensions><ext:TPX><ext:Watts>47.945945945945944</ext:Watts><ext:Torque>20</ext:Torque></ext:TPX></Extensions></Trackpoint><Trackpoint><Time>2025-09-10T13:57:38.381Z</Time><DistanceMeters>2201.7466366364692</DistanceMeters><HeartRateBpm><Value>141</Value></HeartRateBpm><Cadence>23</Cadence><Extensions><ext:TPX><ext:Watts>46.810810810810814</ext:Watts><ext:Torque>20</ext:Torque></ext:TPX></Extensions></Trackpoint><Trackpoint><Time>2025-09-10T13:57:39.676Z</Time><DistanceMeters>2205.862439715176</DistanceMeters><HeartRateBpm><Value>142</Value></HeartRateBpm><Cadence>23</Cadence><Extensions><ext:TPX><ext:Watts>46.432432432432435</ext:Watts><ext:Torque>20</ext:Torque></ext:TPX></Extensions></Trackpoint><Trackpoint><Time>2025-09-10T13:57:40.936Z</Time><DistanceMeters>2209.7888942022832</DistanceMeters><HeartRateBpm><Value>143</Value></HeartRateBpm><Cadence>24</Cadence><Extensions><ext:TPX><ext:Watts>46.22222222222222</ext:Watts><ext:Torque>20</ext:Torque></ext:TPX></Extensions></Trackpoint><Trackpoint><Time>2025-09-10T13:57:42.231Z</Time><DistanceMeters>2213.940632697859</DistanceMeters><HeartRateBpm><Value>144</Value></HeartRateBpm><Cadence>23</Cadence><Extensions><ext:TPX><ext:Watts>46.83783783783784</ext:Watts><ext:Torque>20</ext:Torque></ext:TPX></Extensions></Trackpoint><Trackpoint><Time>2025-09-10T13:57:43.491Z</Time><DistanceMeters>2218.0063064245933</DistanceMeters><HeartRateBpm><Value>145</Value></HeartRateBpm><Cadence>24</Cadence><Extensions><ext:TPX><ext:Watts>47.861111111111114</ext:Watts><ext:Torque>20</ext:Torque></ext:TPX></Extensions></Trackpoint><Trackpoint><Time>2025-09-10T13:57:44.786Z</Time><DistanceMeters>2222.2011674204114</DistanceMeters><HeartRateBpm><Value>145</Value></HeartRateBpm><Cadence>23</Cadence><Extensions><ext:TPX><ext:Watts>47.32432432432432</ext:Watts><ext:Torque>20</ext:Torque></ext:TPX></Extensions></Trackpoint><Trackpoint><Time>2025-09-10T13:57:46.081Z</Time><DistanceMeters>2226.2738479988757</DistanceMeters><HeartRateBpm><Value>145</Value></HeartRateBpm><Cadence>23</Cadence><Extensions><ext:TPX><ext:Watts>45.945945945945944</ext:Watts><ext:Torque>20</ext:Torque></ext:TPX></Extensions></Trackpoint><Trackpoint><Time>2025-09-10T13:57:47.411Z</Time><DistanceMeters>2230.3751648315624</DistanceMeters><HeartRateBpm><Value>145</Value></HeartRateBpm><Cadence>22</Cadence><Extensions><ext:TPX><ext:Watts>45.26315789473684</ext:Watts><ext:Torque>20</ext:Torque></ext:TPX></Extensions></Trackpoint><Trackpoint><Time>2025-09-10T13:57:48.707Z</Time><DistanceMeters>2234.4885722158115</DistanceMeters><HeartRateBpm><Value>145</Value></HeartRateBpm><Cadence>23</Cadence><Extensions><ext:TPX><ext:Watts>46.4054054054054</ext:Watts><ext:Torque>20</ext:Torque></ext:TPX></Extensions></Trackpoint><Trackpoint><Time>2025-09-10T13:57:50.002Z</Time><DistanceMeters>2238.647497794761</DistanceMeters><HeartRateBpm><Value>144</Value></HeartRateBpm><Cadence>23</Cadence><Extensions><ext:TPX><ext:Watts>46.91891891891892</ext:Watts><ext:Torque>20</ext:Torque></ext:TPX></Extensions></Trackpoint><Trackpoint><Time>2025-09-10T13:57:51.331Z</Time><DistanceMeters>2242.705893869896</DistanceMeters><HeartRateBpm><Value>144</Value></HeartRateBpm><Cadence>22</Cadence><Extensions><ext:TPX><ext:Watts>44.78947368421053</ext:Watts><ext:Torque>20</ext:Torque></ext:TPX></Extensions></Trackpoint><Trackpoint><Time>2025-09-10T13:57:52.627Z</Time><DistanceMeters>2246.886380698967</DistanceMeters><HeartRateBpm><Value>144</Value></HeartRateBpm><Cadence>23</Cadence><Extensions><ext:TPX><ext:Watts>47.16216216216216</ext:Watts><ext:Torque>20</ext:Torque></ext:TPX></Extensions></Trackpoint><Trackpoint><Time>2025-09-10T13:57:53.957Z</Time><DistanceMeters>2250.9757750990007</DistanceMeters><HeartRateBpm><Value>144</Value></HeartRateBpm><Cadence>22</Cadence><Extensions><ext:TPX><ext:Watts>45.13157894736842</ext:Watts><ext:Torque>20</ext:Torque></ext:TPX></Extensions></Trackpoint><Trackpoint><Time>2025-09-10T13:57:55.252Z</Time><DistanceMeters>2255.225737067351</DistanceMeters><HeartRateBpm><Value>144</Value></HeartRateBpm><Cadence>23</Cadence><Extensions><ext:TPX><ext:Watts>47.945945945945944</ext:Watts><ext:Torque>20</ext:Torque></ext:TPX></Extensions></Trackpoint><Trackpoint><Time>2025-09-10T13:57:56.547Z</Time><DistanceMeters>2259.3822669518427</DistanceMeters><HeartRateBpm><Value>144</Value></HeartRateBpm><Cadence>23</Cadence><Extensions><ext:TPX><ext:Watts>46.891891891891895</ext:Watts><ext:Torque>20</ext:Torque></ext:TPX></Extensions></Trackpoint><Trackpoint><Time>2025-09-10T13:57:57.882Z</Time><DistanceMeters>2263.5074286498357</DistanceMeters><HeartRateBpm><Value>144</Value></HeartRateBpm><Cadence>22</Cadence><Extensions><ext:TPX><ext:Watts>45.526315789473685</ext:Watts><ext:Torque>20</ext:Torque></ext:TPX></Extensions></Trackpoint><Trackpoint><Time>2025-09-10T13:57:59.177Z</Time><DistanceMeters>2267.8029088128865</DistanceMeters><HeartRateBpm><Value>144</Value></HeartRateBpm><Cadence>23</Cadence><Extensions><ext:TPX><ext:Watts>48.45945945945946</ext:Watts><ext:Torque>20</ext:Torque></ext:TPX></Extensions></Trackpoint><Trackpoint><Time>2025-09-10T13:58:00.477Z</Time><DistanceMeters>2271.961834391836</DistanceMeters><HeartRateBpm><Value>144</Value></HeartRateBpm><Cadence>23</Cadence><Extensions><ext:TPX><ext:Watts>46.91891891891892</ext:Watts><ext:Torque>20</ext:Torque></ext:TPX></Extensions></Trackpoint><Trackpoint><Time>2025-09-10T13:58:01.807Z</Time><DistanceMeters>2276.201451443299</DistanceMeters><HeartRateBpm><Value>144</Value></HeartRateBpm><Cadence>22</Cadence><Extensions><ext:TPX><ext:Watts>46.78947368421053</ext:Watts><ext:Torque>20</ext:Torque></ext:TPX></Extensions></Trackpoint><Trackpoint><Time>2025-09-10T13:58:03.172Z</Time><DistanceMeters>2280.4832722388815</DistanceMeters><HeartRateBpm><Value>144</Value></HeartRateBpm><Cadence>22</Cadence><Extensions><ext:TPX><ext:Watts>46.205128205128204</ext:Watts><ext:Torque>20</ext:Torque></ext:TPX></Extensions></Trackpoint><Trackpoint><Time>2025-09-10T13:58:04.467Z</Time><DistanceMeters>2284.795522263138</DistanceMeters><HeartRateBpm><Value>143</Value></HeartRateBpm><Cadence>23</Cadence><Extensions><ext:TPX><ext:Watts>48.648648648648646</ext:Watts><ext:Torque>20</ext:Torque></ext:TPX></Extensions></Trackpoint><Trackpoint><Time>2025-09-10T13:58:05.797Z</Time><DistanceMeters>2289.025601368479</DistanceMeters><HeartRateBpm><Value>143</Value></HeartRateBpm><Cadence>22</Cadence><Extensions><ext:TPX><ext:Watts>46.68421052631579</ext:Watts><ext:Torque>20</ext:Torque></ext:TPX></Extensions></Trackpoint><Trackpoint><Time>2025-09-10T13:58:07.127Z</Time><DistanceMeters>2293.0816129570835</DistanceMeters><HeartRateBpm><Value>143</Value></HeartRateBpm><Cadence>22</Cadence><Extensions><ext:TPX><ext:Watts>44.76315789473684</ext:Watts><ext:Torque>20</ext:Torque></ext:TPX></Extensions></Trackpoint><Trackpoint><Time>2025-09-10T13:58:08.422Z</Time><DistanceMeters>2297.357927564471</DistanceMeters><HeartRateBpm><Value>143</Value></HeartRateBpm><Cadence>23</Cadence><Extensions><ext:TPX><ext:Watts>48.24324324324324</ext:Watts><ext:Torque>20</ext:Torque></ext:TPX></Extensions></Trackpoint><Trackpoint><Time>2025-09-10T13:58:09.722Z</Time><DistanceMeters>2301.588723977158</DistanceMeters><HeartRateBpm><Value>143</Value></HeartRateBpm><Cadence>23</Cadence><Extensions><ext:TPX><ext:Watts>47.729729729729726</ext:Watts><ext:Torque>20</ext:Torque></ext:TPX></Extensions></Trackpoint><Trackpoint><Time>2025-09-10T13:58:11.017Z</Time><DistanceMeters>2305.714109833697</DistanceMeters><HeartRateBpm><Value>142</Value></HeartRateBpm><Cadence>23</Cadence><Extensions><ext:TPX><ext:Watts>46.54054054054054</ext:Watts><ext:Torque>20</ext:Torque></ext:TPX></Extensions></Trackpoint><Trackpoint><Time>2025-09-10T13:58:12.347Z</Time><DistanceMeters>2309.9918786696503</DistanceMeters><HeartRateBpm><Value>142</Value></HeartRateBpm><Cadence>22</Cadence><Extensions><ext:TPX><ext:Watts>47.21052631578947</ext:Watts><ext:Torque>20</ext:Torque></ext:TPX></Extensions></Trackpoint><Trackpoint><Time>2025-09-10T13:58:13.642Z</Time><DistanceMeters>2314.1292429984787</DistanceMeters><HeartRateBpm><Value>142</Value></HeartRateBpm><Cadence>23</Cadence><Extensions><ext:TPX><ext:Watts>46.67567567567568</ext:Watts><ext:Torque>20</ext:Torque></ext:TPX></Extensions></Trackpoint><Trackpoint><Time>2025-09-10T13:58:14.972Z</Time><DistanceMeters>2318.354553130758</DistanceMeters><HeartRateBpm><Value>142</Value></HeartRateBpm><Cadence>22</Cadence><Extensions><ext:TPX><ext:Watts>46.63157894736842</ext:Watts><ext:Torque>20</ext:Torque></ext:TPX></Extensions></Trackpoint><Trackpoint><Time>2025-09-10T13:58:16.302Z</Time><DistanceMeters>2322.668089264671</DistanceMeters><HeartRateBpm><Value>141</Value></HeartRateBpm><Cadence>22</Cadence><Extensions><ext:TPX><ext:Watts>47.60526315789474</ext:Watts><ext:Torque>20</ext:Torque></ext:TPX></Extensions></Trackpoint><Trackpoint><Time>2025-09-10T13:58:17.667Z</Time><DistanceMeters>2326.978423850235</DistanceMeters><HeartRateBpm><Value>141</Value></HeartRateBpm><Cadence>22</Cadence><Extensions><ext:TPX><ext:Watts>46.51282051282051</ext:Watts><ext:Torque>20</ext:Torque></ext:TPX></Extensions></Trackpoint><Trackpoint><Time>2025-09-10T13:58:18.962Z</Time><DistanceMeters>2331.146932207016</DistanceMeters><HeartRateBpm><Value>141</Value></HeartRateBpm><Cadence>23</Cadence><Extensions><ext:TPX><ext:Watts>47.027027027027025</ext:Watts><ext:Torque>20</ext:Torque></ext:TPX></Extensions></Trackpoint><Trackpoint><Time>2025-09-10T13:58:20.292Z</Time><DistanceMeters>2335.5606167752153</DistanceMeters><HeartRateBpm><Value>141</Value></HeartRateBpm><Cadence>22</Cadence><Extensions><ext:TPX><ext:Watts>48.71052631578947</ext:Watts><ext:Torque>20</ext:Torque></ext:TPX></Extensions></Trackpoint><Trackpoint><Time>2025-09-10T13:58:21.624Z</Time><DistanceMeters>2340.010068641374</DistanceMeters><HeartRateBpm><Value>141</Value></HeartRateBpm><Cadence>22</Cadence><Extensions><ext:TPX><ext:Watts>49.10526315789474</ext:Watts><ext:Torque>20</ext:Torque></ext:TPX></Extensions></Trackpoint><Trackpoint><Time>2025-09-10T13:58:22.922Z</Time><DistanceMeters>2344.4325206106946</DistanceMeters><HeartRateBpm><Value>141</Value></HeartRateBpm><Cadence>23</Cadence><Extensions><ext:TPX><ext:Watts>49.891891891891895</ext:Watts><ext:Torque>20</ext:Torque></ext:TPX></Extensions></Trackpoint><Trackpoint><Time>2025-09-10T13:58:24.252Z</Time><DistanceMeters>2348.83189825971</DistanceMeters><HeartRateBpm><Value>140</Value></HeartRateBpm><Cadence>22</Cadence><Extensions><ext:TPX><ext:Watts>48.55263157894737</ext:Watts><ext:Torque>20</ext:Torque></ext:TPX></Extensions></Trackpoint><Trackpoint><Time>2025-09-10T13:58:25.587Z</Time><DistanceMeters>2353.2503518009707</DistanceMeters><HeartRateBpm><Value>140</Value></HeartRateBpm><Cadence>22</Cadence><Extensions><ext:TPX><ext:Watts>48.76315789473684</ext:Watts><ext:Torque>20</ext:Torque></ext:TPX></Extensions></Trackpoint><Trackpoint><Time>2025-09-10T13:58:26.887Z</Time><DistanceMeters>2357.392507518715</DistanceMeters><HeartRateBpm><Value>140</Value></HeartRateBpm><Cadence>23</Cadence><Extensions><ext:TPX><ext:Watts>46.729729729729726</ext:Watts><ext:Torque>20</ext:Torque></ext:TPX></Extensions></Trackpoint><Trackpoint><Time>2025-09-10T13:58:28.187Z</Time><DistanceMeters>2361.745484348756</DistanceMeters><HeartRateBpm><Value>138</Value></HeartRateBpm><Cadence>23</Cadence><Extensions><ext:TPX><ext:Watts>49.108108108108105</ext:Watts><ext:Torque>20</ext:Torque></ext:TPX></Extensions></Trackpoint><Trackpoint><Time>2025-09-10T13:58:29.517Z</Time><DistanceMeters>2366.1162481594038</DistanceMeters><HeartRateBpm><Value>137</Value></HeartRateBpm><Cadence>22</Cadence><Extensions><ext:TPX><ext:Watts>48.23684210526316</ext:Watts><ext:Torque>20</ext:Torque></ext:TPX></Extensions></Trackpoint><Trackpoint><Time>2025-09-10T13:58:30.817Z</Time><DistanceMeters>2370.402145544623</DistanceMeters><HeartRateBpm><Value>136</Value></HeartRateBpm><Cadence>23</Cadence><Extensions><ext:TPX><ext:Watts>48.351351351351354</ext:Watts><ext:Torque>20</ext:Torque></ext:TPX></Extensions></Trackpoint><Trackpoint><Time>2025-09-10T13:58:32.078Z</Time><DistanceMeters>2374.682547251121</DistanceMeters><HeartRateBpm><Value>135</Value></HeartRateBpm><Cadence>24</Cadence><Extensions><ext:TPX><ext:Watts>50.388888888888886</ext:Watts><ext:Torque>20</ext:Torque></ext:TPX></Extensions></Trackpoint><Trackpoint><Time>2025-09-10T13:58:33.407Z</Time><DistanceMeters>2379.174919874831</DistanceMeters><HeartRateBpm><Value>134</Value></HeartRateBpm><Cadence>22</Cadence><Extensions><ext:TPX><ext:Watts>49.578947368421055</ext:Watts><ext:Torque>20</ext:Torque></ext:TPX></Extensions></Trackpoint><Trackpoint><Time>2025-09-10T13:58:34.672Z</Time><DistanceMeters>2383.7753300318814</DistanceMeters><HeartRateBpm><Value>134</Value></HeartRateBpm><Cadence>24</Cadence><Extensions><ext:TPX><ext:Watts>53.02777777777778</ext:Watts><ext:Torque>20</ext:Torque></ext:TPX></Extensions></Trackpoint><Trackpoint><Time>2025-09-10T13:58:35.972Z</Time><DistanceMeters>2388.291214085061</DistanceMeters><HeartRateBpm><Value>134</Value></HeartRateBpm><Cadence>23</Cadence><Extensions><ext:TPX><ext:Watts>50.945945945945944</ext:Watts><ext:Torque>20</ext:Torque></ext:TPX></Extensions></Trackpoint><Trackpoint><Time>2025-09-10T13:58:37.267Z</Time><DistanceMeters>2392.637003831728</DistanceMeters><HeartRateBpm><Value>133</Value></HeartRateBpm><Cadence>23</Cadence><Extensions><ext:TPX><ext:Watts>49.027027027027025</ext:Watts><ext:Torque>20</ext:Torque></ext:TPX></Extensions></Trackpoint><Trackpoint><Time>2025-09-10T13:58:38.562Z</Time><DistanceMeters>2397.0834127456283</DistanceMeters><HeartRateBpm><Value>133</Value></HeartRateBpm><Cadence>23</Cadence><Extensions><ext:TPX><ext:Watts>50.16216216216216</ext:Watts><ext:Torque>20</ext:Torque></ext:TPX></Extensions></Trackpoint><Trackpoint><Time>2025-09-10T13:58:39.857Z</Time><DistanceMeters>2401.455555131333</DistanceMeters><HeartRateBpm><Value>133</Value></HeartRateBpm><Cadence>23</Cadence><Extensions><ext:TPX><ext:Watts>49.32432432432432</ext:Watts><ext:Torque>20</ext:Torque></ext:TPX></Extensions></Trackpoint><Trackpoint><Time>2025-09-10T13:58:41.188Z</Time><DistanceMeters>2405.74763088647</DistanceMeters><HeartRateBpm><Value>134</Value></HeartRateBpm><Cadence>22</Cadence><Extensions><ext:TPX><ext:Watts>47.36842105263158</ext:Watts><ext:Torque>20</ext:Torque></ext:TPX></Extensions></Trackpoint><Trackpoint><Time>2025-09-10T13:58:42.482Z</Time><DistanceMeters>2410.1197732721744</DistanceMeters><HeartRateBpm><Value>134</Value></HeartRateBpm><Cadence>23</Cadence><Extensions><ext:TPX><ext:Watts>49.32432432432432</ext:Watts><ext:Torque>20</ext:Torque></ext:TPX></Extensions></Trackpoint><Trackpoint><Time>2025-09-10T13:58:43.817Z</Time><DistanceMeters>2414.2950091873104</DistanceMeters><HeartRateBpm><Value>134</Value></HeartRateBpm><Cadence>22</Cadence><Extensions><ext:TPX><ext:Watts>46.078947368421055</ext:Watts><ext:Torque>20</ext:Torque></ext:TPX></Extensions></Trackpoint><Trackpoint><Time>2025-09-10T13:58:45.112Z</Time><DistanceMeters>2418.686317128678</DistanceMeters><HeartRateBpm><Value>134</Value></HeartRateBpm><Cadence>23</Cadence><Extensions><ext:TPX><ext:Watts>49.54054054054054</ext:Watts><ext:Torque>20</ext:Torque></ext:TPX></Extensions></Trackpoint><Trackpoint><Time>2025-09-10T13:58:46.448Z</Time><DistanceMeters>2422.9569325050397</DistanceMeters><HeartRateBpm><Value>134</Value></HeartRateBpm><Cadence>22</Cadence><Extensions><ext:TPX><ext:Watts>47.13157894736842</ext:Watts><ext:Torque>20</ext:Torque></ext:TPX></Extensions></Trackpoint><Trackpoint><Time>2025-09-10T13:58:47.742Z</Time><DistanceMeters>2427.2404341958013</DistanceMeters><HeartRateBpm><Value>134</Value></HeartRateBpm><Cadence>23</Cadence><Extensions><ext:TPX><ext:Watts>48.32432432432432</ext:Watts><ext:Torque>20</ext:Torque></ext:TPX></Extensions></Trackpoint><Trackpoint><Time>2025-09-10T13:58:49.038Z</Time><DistanceMeters>2431.6221593593373</DistanceMeters><HeartRateBpm><Value>133</Value></HeartRateBpm><Cadence>23</Cadence><Extensions><ext:TPX><ext:Watts>49.432432432432435</ext:Watts><ext:Torque>20</ext:Torque></ext:TPX></Extensions></Trackpoint><Trackpoint><Time>2025-09-10T13:58:50.333Z</Time><DistanceMeters>2435.9966974394997</DistanceMeters><HeartRateBpm><Value>133</Value></HeartRateBpm><Cadence>23</Cadence><Extensions><ext:TPX><ext:Watts>49.351351351351354</ext:Watts><ext:Torque>20</ext:Torque></ext:TPX></Extensions></Trackpoint><Trackpoint><Time>2025-09-10T13:58:51.593Z</Time><DistanceMeters>2440.310134219807</DistanceMeters><HeartRateBpm><Value>133</Value></HeartRateBpm><Cadence>24</Cadence><Extensions><ext:TPX><ext:Watts>50.77777777777778</ext:Watts><ext:Torque>20</ext:Torque></ext:TPX></Extensions></Trackpoint><Trackpoint><Time>2025-09-10T13:58:52.923Z</Time><DistanceMeters>2444.47344770229</DistanceMeters><HeartRateBpm><Value>133</Value></HeartRateBpm><Cadence>22</Cadence><Extensions><ext:TPX><ext:Watts>45.94736842105263</ext:Watts><ext:Torque>20</ext:Torque></ext:TPX></Extensions></Trackpoint><Trackpoint><Time>2025-09-10T13:58:54.188Z</Time><DistanceMeters>2448.7846754503057</DistanceMeters><HeartRateBpm><Value>132</Value></HeartRateBpm><Cadence>24</Cadence><Extensions><ext:TPX><ext:Watts>49.69444444444444</ext:Watts><ext:Torque>20</ext:Torque></ext:TPX></Extensions></Trackpoint><Trackpoint><Time>2025-09-10T13:58:55.518Z</Time><DistanceMeters>2453.0648287727895</DistanceMeters><HeartRateBpm><Value>132</Value></HeartRateBpm><Cadence>22</Cadence><Extensions><ext:TPX><ext:Watts>47.23684210526316</ext:Watts><ext:Torque>20</ext:Torque></ext:TPX></Extensions></Trackpoint><Trackpoint><Time>2025-09-10T13:58:56.813Z</Time><DistanceMeters>2457.3866615748775</DistanceMeters><HeartRateBpm><Value>132</Value></HeartRateBpm><Cadence>23</Cadence><Extensions><ext:TPX><ext:Watts>48.75675675675676</ext:Watts><ext:Torque>20</ext:Torque></ext:TPX></Extensions></Trackpoint><Trackpoint><Time>2025-09-10T13:58:58.073Z</Time><DistanceMeters>2461.560879115558</DistanceMeters><HeartRateBpm><Value>131</Value></HeartRateBpm><Cadence>24</Cadence><Extensions><ext:TPX><ext:Watts>49.138888888888886</ext:Watts><ext:Torque>20</ext:Torque></ext:TPX></Extensions></Trackpoint><Trackpoint><Time>2025-09-10T13:58:59.368Z</Time><DistanceMeters>2466.036036362953</DistanceMeters><HeartRateBpm><Value>131</Value></HeartRateBpm><Cadence>23</Cadence><Extensions><ext:TPX><ext:Watts>50.486486486486484</ext:Watts><ext:Torque>20</ext:Torque></ext:TPX></Extensions></Trackpoint><Trackpoint><Time>2025-09-10T13:59:00.663Z</Time><DistanceMeters>2470.39380458191</DistanceMeters><HeartRateBpm><Value>131</Value></HeartRateBpm><Cadence>23</Cadence><Extensions><ext:TPX><ext:Watts>49.16216216216216</ext:Watts><ext:Torque>20</ext:Torque></ext:TPX></Extensions></Trackpoint><Trackpoint><Time>2025-09-10T13:59:01.958Z</Time><DistanceMeters>2474.7084503006245</DistanceMeters><HeartRateBpm><Value>131</Value></HeartRateBpm><Cadence>23</Cadence><Extensions><ext:TPX><ext:Watts>48.67567567567568</ext:Watts><ext:Torque>20</ext:Torque></ext:TPX></Extensions></Trackpoint><Trackpoint><Time>2025-09-10T13:59:03.253Z</Time><DistanceMeters>2479.0063261581336</DistanceMeters><HeartRateBpm><Value>130</Value></HeartRateBpm><Cadence>23</Cadence><Extensions><ext:TPX><ext:Watts>48.486486486486484</ext:Watts><ext:Torque>20</ext:Torque></ext:TPX></Extensions></Trackpoint><Trackpoint><Time>2025-09-10T13:59:04.513Z</Time><DistanceMeters>2483.38819273419</DistanceMeters><HeartRateBpm><Value>130</Value></HeartRateBpm><Cadence>24</Cadence><Extensions><ext:TPX><ext:Watts>51.583333333333336</ext:Watts><ext:Torque>20</ext:Torque></ext:TPX></Extensions></Trackpoint><Trackpoint><Time>2025-09-10T13:59:05.808Z</Time><DistanceMeters>2487.868141370501</DistanceMeters><HeartRateBpm><Value>130</Value></HeartRateBpm><Cadence>23</Cadence><Extensions><ext:TPX><ext:Watts>50.54054054054054</ext:Watts><ext:Torque>20</ext:Torque></ext:TPX></Extensions></Trackpoint><Trackpoint><Time>2025-09-10T13:59:07.103Z</Time><DistanceMeters>2492.158830144636</DistanceMeters><HeartRateBpm><Value>130</Value></HeartRateBpm><Cadence>23</Cadence><Extensions><ext:TPX><ext:Watts>48.4054054054054</ext:Watts><ext:Torque>20</ext:Torque></ext:TPX></Extensions></Trackpoint><Trackpoint><Time>2025-09-10T13:59:08.398Z</Time><DistanceMeters>2496.411187807444</DistanceMeters><HeartRateBpm><Value>130</Value></HeartRateBpm><Cadence>23</Cadence><Extensions><ext:TPX><ext:Watts>47.972972972972975</ext:Watts><ext:Torque>20</ext:Torque></ext:TPX></Extensions></Trackpoint><Trackpoint><Time>2025-09-10T13:59:09.693Z</Time><DistanceMeters>2500.6371928312155</DistanceMeters><HeartRateBpm><Value>130</Value></HeartRateBpm><Cadence>23</Cadence><Extensions><ext:TPX><ext:Watts>47.67567567567568</ext:Watts><ext:Torque>20</ext:Torque></ext:TPX></Extensions></Trackpoint><Trackpoint><Time>2025-09-10T13:59:10.953Z</Time><DistanceMeters>2504.6887086691736</DistanceMeters><HeartRateBpm><Value>130</Value></HeartRateBpm><Cadence>24</Cadence><Extensions><ext:TPX><ext:Watts>47.69444444444444</ext:Watts><ext:Torque>20</ext:Torque></ext:TPX></Extensions></Trackpoint><Trackpoint><Time>2025-09-10T13:59:12.213Z</Time><DistanceMeters>2508.872364802371</DistanceMeters><HeartRateBpm><Value>131</Value></HeartRateBpm><Cadence>24</Cadence><Extensions><ext:TPX><ext:Watts>49.25</ext:Watts><ext:Torque>20</ext:Torque></ext:TPX></Extensions></Trackpoint><Trackpoint><Time>2025-09-10T13:59:13.473Z</Time><DistanceMeters>2513.006468324854</DistanceMeters><HeartRateBpm><Value>131</Value></HeartRateBpm><Cadence>24</Cadence><Extensions><ext:TPX><ext:Watts>48.666666666666664</ext:Watts><ext:Torque>20</ext:Torque></ext:TPX></Extensions></Trackpoint><Trackpoint><Time>2025-09-10T13:59:14.768Z</Time><DistanceMeters>2517.335488210316</DistanceMeters><HeartRateBpm><Value>131</Value></HeartRateBpm><Cadence>23</Cadence><Extensions><ext:TPX><ext:Watts>48.83783783783784</ext:Watts><ext:Torque>20</ext:Torque></ext:TPX></Extensions></Trackpoint><Trackpoint><Time>2025-09-10T13:59:16.028Z</Time><DistanceMeters>2521.4979075103497</DistanceMeters><HeartRateBpm><Value>130</Value></HeartRateBpm><Cadence>24</Cadence><Extensions><ext:TPX><ext:Watts>49.0</ext:Watts><ext:Torque>20</ext:Torque></ext:TPX></Extensions></Trackpoint><Trackpoint><Time>2025-09-10T13:59:17.288Z</Time><DistanceMeters>2525.5730198296005</DistanceMeters><HeartRateBpm><Value>130</Value></HeartRateBpm><Cadence>24</Cadence><Extensions><ext:TPX><ext:Watts>47.97222222222222</ext:Watts><ext:Torque>20</ext:Torque></ext:TPX></Extensions></Trackpoint><Trackpoint><Time>2025-09-10T13:59:18.583Z</Time><DistanceMeters>2529.6984056861393</DistanceMeters><HeartRateBpm><Value>130</Value></HeartRateBpm><Cadence>23</Cadence><Extensions><ext:TPX><ext:Watts>46.54054054054054</ext:Watts><ext:Torque>20</ext:Torque></ext:TPX></Extensions></Trackpoint><Trackpoint><Time>2025-09-10T13:59:19.878Z</Time><DistanceMeters>2533.8884752930417</DistanceMeters><HeartRateBpm><Value>130</Value></HeartRateBpm><Cadence>23</Cadence><Extensions><ext:TPX><ext:Watts>47.270270270270274</ext:Watts><ext:Torque>20</ext:Torque></ext:TPX></Extensions></Trackpoint><Trackpoint><Time>2025-09-10T13:59:21.173Z</Time><DistanceMeters>2538.1863511505508</DistanceMeters><HeartRateBpm><Value>130</Value></HeartRateBpm><Cadence>23</Cadence><Extensions><ext:TPX><ext:Watts>48.486486486486484</ext:Watts><ext:Torque>20</ext:Torque></ext:TPX></Extensions></Trackpoint><Trackpoint><Time>2025-09-10T13:59:22.433Z</Time><DistanceMeters>2542.419559894463</DistanceMeters><HeartRateBpm><Value>130</Value></HeartRateBpm><Cadence>24</Cadence><Extensions><ext:TPX><ext:Watts>49.833333333333336</ext:Watts><ext:Torque>20</ext:Torque></ext:TPX></Extensions></Trackpoint><Trackpoint><Time>2025-09-10T13:59:23.693Z</Time><DistanceMeters>2546.63625110147</DistanceMeters><HeartRateBpm><Value>129</Value></HeartRateBpm><Cadence>24</Cadence><Extensions><ext:TPX><ext:Watts>49.638888888888886</ext:Watts><ext:Torque>20</ext:Torque></ext:TPX></Extensions></Trackpoint><Trackpoint><Time>2025-09-10T13:59:24.993Z</Time><DistanceMeters>2550.876630291989</DistanceMeters><HeartRateBpm><Value>129</Value></HeartRateBpm><Cadence>23</Cadence><Extensions><ext:TPX><ext:Watts>47.83783783783784</ext:Watts><ext:Torque>20</ext:Torque></ext:TPX></Extensions></Trackpoint><Trackpoint><Time>2025-09-10T13:59:26.328Z</Time><DistanceMeters>2555.1663215605954</DistanceMeters><HeartRateBpm><Value>129</Value></HeartRateBpm><Cadence>22</Cadence><Extensions><ext:TPX><ext:Watts>47.3421052631579</ext:Watts><ext:Torque>20</ext:Torque></ext:TPX></Extensions></Trackpoint><Trackpoint><Time>2025-09-10T13:59:27.593Z</Time><DistanceMeters>2559.489598575655</DistanceMeters><HeartRateBpm><Value>128</Value></HeartRateBpm><Cadence>24</Cadence><Extensions><ext:TPX><ext:Watts>49.833333333333336</ext:Watts><ext:Torque>20</ext:Torque></ext:TPX></Extensions></Trackpoint><Trackpoint><Time>2025-09-10T13:59:28.893Z</Time><DistanceMeters>2563.799452905453</DistanceMeters><HeartRateBpm><Value>128</Value></HeartRateBpm><Cadence>23</Cadence><Extensions><ext:TPX><ext:Watts>48.62162162162162</ext:Watts><ext:Torque>20</ext:Torque></ext:TPX></Extensions></Trackpoint><Trackpoint><Time>2025-09-10T13:59:30.188Z</Time><DistanceMeters>2568.1117029297097</DistanceMeters><HeartRateBpm><Value>128</Value></HeartRateBpm><Cadence>23</Cadence><Extensions><ext:TPX><ext:Watts>48.648648648648646</ext:Watts><ext:Torque>20</ext:Torque></ext:TPX></Extensions></Trackpoint><Trackpoint><Time>2025-09-10T13:59:31.483Z</Time><DistanceMeters>2572.3496864257704</DistanceMeters><HeartRateBpm><Value>128</Value></HeartRateBpm><Cadence>23</Cadence><Extensions><ext:TPX><ext:Watts>47.810810810810814</ext:Watts><ext:Torque>20</ext:Torque></ext:TPX></Extensions></Trackpoint><Trackpoint><Time>2025-09-10T13:59:32.813Z</Time><DistanceMeters>2576.477232610294</DistanceMeters><HeartRateBpm><Value>128</Value></HeartRateBpm><Cadence>22</Cadence><Extensions><ext:TPX><ext:Watts>45.55263157894737</ext:Watts><ext:Torque>20</ext:Torque></ext:TPX></Extensions></Trackpoint><Trackpoint><Time>2025-09-10T13:59:34.143Z</Time><DistanceMeters>2580.588087389103</DistanceMeters><HeartRateBpm><Value>128</Value></HeartRateBpm><Cadence>22</Cadence><Extensions><ext:TPX><ext:Watts>45.36842105263158</ext:Watts><ext:Torque>20</ext:Torque></ext:TPX></Extensions></Trackpoint><Trackpoint><Time>2025-09-10T13:59:35.438Z</Time><DistanceMeters>2584.7446172735945</DistanceMeters><HeartRateBpm><Value>128</Value></HeartRateBpm><Cadence>23</Cadence><Extensions><ext:TPX><ext:Watts>46.891891891891895</ext:Watts><ext:Torque>20</ext:Torque></ext:TPX></Extensions></Trackpoint><Trackpoint><Time>2025-09-10T13:59:36.803Z</Time><DistanceMeters>2588.959905892553</DistanceMeters><HeartRateBpm><Value>128</Value></HeartRateBpm><Cadence>22</Cadence><Extensions><ext:TPX><ext:Watts>45.48717948717949</ext:Watts><ext:Torque>20</ext:Torque></ext:TPX></Extensions></Trackpoint><Trackpoint><Time>2025-09-10T13:59:38.099Z</Time><DistanceMeters>2592.9295716093266</DistanceMeters><HeartRateBpm><Value>128</Value></HeartRateBpm><Cadence>23</Cadence><Extensions><ext:TPX><ext:Watts>44.78378378378378</ext:Watts><ext:Torque>20</ext:Torque></ext:TPX></Extensions></Trackpoint><Trackpoint><Time>2025-09-10T13:59:39.393Z</Time><DistanceMeters>2596.875280381521</DistanceMeters><HeartRateBpm><Value>128</Value></HeartRateBpm><Cadence>23</Cadence><Extensions><ext:TPX><ext:Watts>44.513513513513516</ext:Watts><ext:Torque>20</ext:Torque></ext:TPX></Extensions></Trackpoint><Trackpoint><Time>2025-09-10T13:59:40.688Z</Time><DistanceMeters>2600.9671265156485</DistanceMeters><HeartRateBpm><Value>128</Value></HeartRateBpm><Cadence>23</Cadence><Extensions><ext:TPX><ext:Watts>46.16216216216216</ext:Watts><ext:Torque>20</ext:Torque></ext:TPX></Extensions></Trackpoint><Trackpoint><Time>2025-09-10T13:59:41.984Z</Time><DistanceMeters>2605.2266712618307</DistanceMeters><HeartRateBpm><Value>128</Value></HeartRateBpm><Cadence>23</Cadence><Extensions><ext:TPX><ext:Watts>48.054054054054056</ext:Watts><ext:Torque>20</ext:Torque></ext:TPX></Extensions></Trackpoint><Trackpoint><Time>2025-09-10T13:59:43.243Z</Time><DistanceMeters>2609.2498713222376</DistanceMeters><HeartRateBpm><Value>128</Value></HeartRateBpm><Cadence>24</Cadence><Extensions><ext:TPX><ext:Watts>47.361111111111114</ext:Watts><ext:Torque>20</ext:Torque></ext:TPX></Extensions></Trackpoint><Trackpoint><Time>2025-09-10T13:59:44.539Z</Time><DistanceMeters>2613.4854591238404</DistanceMeters><HeartRateBpm><Value>128</Value></HeartRateBpm><Cadence>23</Cadence><Extensions><ext:TPX><ext:Watts>47.78378378378378</ext:Watts><ext:Torque>20</ext:Torque></ext:TPX></Extensions></Trackpoint><Trackpoint><Time>2025-09-10T13:59:45.799Z</Time><DistanceMeters>2617.7446239971746</DistanceMeters><HeartRateBpm><Value>128</Value></HeartRateBpm><Cadence>24</Cadence><Extensions><ext:TPX><ext:Watts>50.138888888888886</ext:Watts><ext:Torque>20</ext:Torque></ext:TPX></Extensions></Trackpoint><Trackpoint><Time>2025-09-10T13:59:47.094Z</Time><DistanceMeters>2621.9490677708245</DistanceMeters><HeartRateBpm><Value>128</Value></HeartRateBpm><Cadence>23</Cadence><Extensions><ext:TPX><ext:Watts>47.432432432432435</ext:Watts><ext:Torque>20</ext:Torque></ext:TPX></Extensions></Trackpoint><Trackpoint><Time>2025-09-10T13:59:48.359Z</Time><DistanceMeters>2626.262705372249</DistanceMeters><HeartRateBpm><Value>128</Value></HeartRateBpm><Cadence>24</Cadence><Extensions><ext:TPX><ext:Watts>49.72222222222222</ext:Watts><ext:Torque>20</ext:Torque></ext:TPX></Extensions></Trackpoint><Trackpoint><Time>2025-09-10T13:59:49.624Z</Time><DistanceMeters>2630.6414090157064</DistanceMeters><HeartRateBpm><Value>128</Value></HeartRateBpm><Cadence>24</Cadence><Extensions><ext:TPX><ext:Watts>50.47222222222222</ext:Watts><ext:Torque>20</ext:Torque></ext:TPX></Extensions></Trackpoint><Trackpoint><Time>2025-09-10T13:59:50.884Z</Time><DistanceMeters>2634.801468667611</DistanceMeters><HeartRateBpm><Value>128</Value></HeartRateBpm><Cadence>24</Cadence><Extensions><ext:TPX><ext:Watts>48.97222222222222</ext:Watts><ext:Torque>20</ext:Torque></ext:TPX></Extensions></Trackpoint><Trackpoint><Time>2025-09-10T13:59:52.144Z</Time><DistanceMeters>2638.9497300788694</DistanceMeters><HeartRateBpm><Value>129</Value></HeartRateBpm><Cadence>24</Cadence><Extensions><ext:TPX><ext:Watts>48.833333333333336</ext:Watts><ext:Torque>20</ext:Torque></ext:TPX></Extensions></Trackpoint><Trackpoint><Time>2025-09-10T13:59:53.404Z</Time><DistanceMeters>2643.0602371200594</DistanceMeters><HeartRateBpm><Value>129</Value></HeartRateBpm><Cadence>24</Cadence><Extensions><ext:TPX><ext:Watts>48.388888888888886</ext:Watts><ext:Torque>20</ext:Torque></ext:TPX></Extensions></Trackpoint><Trackpoint><Time>2025-09-10T13:59:54.664Z</Time><DistanceMeters>2647.20141958693</DistanceMeters><HeartRateBpm><Value>129</Value></HeartRateBpm><Cadence>24</Cadence><Extensions><ext:TPX><ext:Watts>48.75</ext:Watts><ext:Torque>20</ext:Torque></ext:TPX></Extensions></Trackpoint><Trackpoint><Time>2025-09-10T13:59:55.929Z</Time><DistanceMeters>2651.546385282667</DistanceMeters><HeartRateBpm><Value>129</Value></HeartRateBpm><Cadence>24</Cadence><Extensions><ext:TPX><ext:Watts>50.083333333333336</ext:Watts><ext:Torque>20</ext:Torque></ext:TPX></Extensions></Trackpoint><Trackpoint><Time>2025-09-10T13:59:57.189Z</Time><DistanceMeters>2655.7819536747083</DistanceMeters><HeartRateBpm><Value>130</Value></HeartRateBpm><Cadence>24</Cadence><Extensions><ext:TPX><ext:Watts>49.861111111111114</ext:Watts><ext:Torque>20</ext:Torque></ext:TPX></Extensions></Trackpoint><Trackpoint><Time>2025-09-10T13:59:58.449Z</Time><DistanceMeters>2660.088311510628</DistanceMeters><HeartRateBpm><Value>130</Value></HeartRateBpm><Cadence>24</Cadence><Extensions><ext:TPX><ext:Watts>50.69444444444444</ext:Watts><ext:Torque>20</ext:Torque></ext:TPX></Extensions></Trackpoint><Trackpoint><Time>2025-09-10T13:59:59.709Z</Time><DistanceMeters>2664.229493977499</DistanceMeters><HeartRateBpm><Value>130</Value></HeartRateBpm><Cadence>24</Cadence><Extensions><ext:TPX><ext:Watts>48.75</ext:Watts><ext:Torque>20</ext:Torque></ext:TPX></Extensions></Trackpoint><Trackpoint><Time>2025-09-10T14:00:00.969Z</Time><DistanceMeters>2668.4131501106963</DistanceMeters><HeartRateBpm><Value>130</Value></HeartRateBpm><Cadence>24</Cadence><Extensions><ext:TPX><ext:Watts>49.25</ext:Watts><ext:Torque>20</ext:Torque></ext:TPX></Extensions></Trackpoint><Trackpoint><Time>2025-09-10T14:00:02.229Z</Time><DistanceMeters>2672.405674745423</DistanceMeters><HeartRateBpm><Value>130</Value></HeartRateBpm><Cadence>24</Cadence><Extensions><ext:TPX><ext:Watts>47.0</ext:Watts><ext:Torque>20</ext:Torque></ext:TPX></Extensions></Trackpoint><Trackpoint><Time>2025-09-10T14:00:03.489Z</Time><DistanceMeters>2676.6247256005595</DistanceMeters><HeartRateBpm><Value>130</Value></HeartRateBpm><Cadence>24</Cadence><Extensions><ext:TPX><ext:Watts>49.666666666666664</ext:Watts><ext:Torque>20</ext:Torque></ext:TPX></Extensions></Trackpoint><Trackpoint><Time>2025-09-10T14:00:04.756Z</Time><DistanceMeters>2680.8371493588224</DistanceMeters><HeartRateBpm><Value>131</Value></HeartRateBpm><Cadence>24</Cadence><Extensions><ext:TPX><ext:Watts>48.55555555555556</ext:Watts><ext:Torque>20</ext:Torque></ext:TPX></Extensions></Trackpoint><Trackpoint><Time>2025-09-10T14:00:06.016Z</Time><DistanceMeters>2685.004287955115</DistanceMeters><HeartRateBpm><Value>131</Value></HeartRateBpm><Cadence>24</Cadence><Extensions><ext:TPX><ext:Watts>49.05555555555556</ext:Watts><ext:Torque>20</ext:Torque></ext:TPX></Extensions></Trackpoint><Trackpoint><Time>2025-09-10T14:00:07.309Z</Time><DistanceMeters>2689.333307840577</DistanceMeters><HeartRateBpm><Value>131</Value></HeartRateBpm><Cadence>23</Cadence><Extensions><ext:TPX><ext:Watts>48.83783783783784</ext:Watts><ext:Torque>20</ext:Torque></ext:TPX></Extensions></Trackpoint><Trackpoint><Time>2025-09-10T14:00:08.609Z</Time><DistanceMeters>2693.691076059534</DistanceMeters><HeartRateBpm><Value>131</Value></HeartRateBpm><Cadence>23</Cadence><Extensions><ext:TPX><ext:Watts>49.16216216216216</ext:Watts><ext:Torque>20</ext:Torque></ext:TPX></Extensions></Trackpoint><Trackpoint><Time>2025-09-10T14:00:09.869Z</Time><DistanceMeters>2697.8652936002145</DistanceMeters><HeartRateBpm><Value>131</Value></HeartRateBpm><Cadence>24</Cadence><Extensions><ext:TPX><ext:Watts>49.138888888888886</ext:Watts><ext:Torque>20</ext:Torque></ext:TPX></Extensions></Trackpoint><Trackpoint><Time>2025-09-10T14:00:11.164Z</Time><DistanceMeters>2702.2494144582083</DistanceMeters><HeartRateBpm><Value>131</Value></HeartRateBpm><Cadence>23</Cadence><Extensions><ext:TPX><ext:Watts>49.45945945945946</ext:Watts><ext:Torque>20</ext:Torque></ext:TPX></Extensions></Trackpoint><Trackpoint><Time>2025-09-10T14:00:12.424Z</Time><DistanceMeters>2706.331605721847</DistanceMeters><HeartRateBpm><Value>131</Value></HeartRateBpm><Cadence>24</Cadence><Extensions><ext:TPX><ext:Watts>48.05555555555556</ext:Watts><ext:Torque>20</ext:Torque></ext:TPX></Extensions></Trackpoint><Trackpoint><Time>2025-09-10T14:00:13.719Z</Time><DistanceMeters>2710.5264667176652</DistanceMeters><HeartRateBpm><Value>131</Value></HeartRateBpm><Cadence>23</Cadence><Extensions><ext:TPX><ext:Watts>47.32432432432432</ext:Watts><ext:Torque>20</ext:Torque></ext:TPX></Extensions></Trackpoint><Trackpoint><Time>2025-09-10T14:00:14.979Z</Time><DistanceMeters>2714.7030439064747</DistanceMeters><HeartRateBpm><Value>131</Value></HeartRateBpm><Cadence>24</Cadence><Extensions><ext:TPX><ext:Watts>49.166666666666664</ext:Watts><ext:Torque>20</ext:Torque></ext:TPX></Extensions></Trackpoint><Trackpoint><Time>2025-09-10T14:00:16.204Z</Time><DistanceMeters>2718.806668755278</DistanceMeters><HeartRateBpm><Value>131</Value></HeartRateBpm><Cadence>24</Cadence><Extensions><ext:TPX><ext:Watts>49.31428571428572</ext:Watts><ext:Torque>20</ext:Torque></ext:TPX></Extensions></Trackpoint><Trackpoint><Time>2025-09-10T14:00:17.500Z</Time><DistanceMeters>2722.89372350049</DistanceMeters><HeartRateBpm><Value>131</Value></HeartRateBpm><Cadence>23</Cadence><Extensions><ext:TPX><ext:Watts>46.108108108108105</ext:Watts><ext:Torque>20</ext:Torque></ext:TPX></Extensions></Trackpoint><Trackpoint><Time>2025-09-10T14:00:18.759Z</Time><DistanceMeters>2727.098616466851</DistanceMeters><HeartRateBpm><Value>131</Value></HeartRateBpm><Cadence>24</Cadence><Extensions><ext:TPX><ext:Watts>49.5</ext:Watts><ext:Torque>20</ext:Torque></ext:TPX></Extensions></Trackpoint><Trackpoint><Time>2025-09-10T14:00:20.024Z</Time><DistanceMeters>2731.4074343614584</DistanceMeters><HeartRateBpm><Value>131</Value></HeartRateBpm><Cadence>24</Cadence><Extensions><ext:TPX><ext:Watts>49.666666666666664</ext:Watts><ext:Torque>20</ext:Torque></ext:TPX></Extensions></Trackpoint><Trackpoint><Time>2025-09-10T14:00:21.284Z</Time><DistanceMeters>2735.619406272207</DistanceMeters><HeartRateBpm><Value>131</Value></HeartRateBpm><Cadence>24</Cadence><Extensions><ext:TPX><ext:Watts>49.583333333333336</ext:Watts><ext:Torque>20</ext:Torque></ext:TPX></Extensions></Trackpoint><Trackpoint><Time>2025-09-10T14:00:22.544Z</Time><DistanceMeters>2739.845536071731</DistanceMeters><HeartRateBpm><Value>131</Value></HeartRateBpm><Cadence>24</Cadence><Extensions><ext:TPX><ext:Watts>49.75</ext:Watts><ext:Torque>20</ext:Torque></ext:TPX></Extensions></Trackpoint><Trackpoint><Time>2025-09-10T14:00:23.841Z</Time><DistanceMeters>2744.0931023456237</DistanceMeters><HeartRateBpm><Value>130</Value></HeartRateBpm><Cadence>23</Cadence><Extensions><ext:TPX><ext:Watts>47.91891891891892</ext:Watts><ext:Torque>20</ext:Torque></ext:TPX></Extensions></Trackpoint><Trackpoint><Time>2025-09-10T14:00:25.104Z</Time><DistanceMeters>2748.0620304990575</DistanceMeters><HeartRateBpm><Value>130</Value></HeartRateBpm><Cadence>24</Cadence><Extensions><ext:TPX><ext:Watts>46.72222222222222</ext:Watts><ext:Torque>20</ext:Torque></ext:TPX></Extensions></Trackpoint><Trackpoint><Time>2025-09-10T14:00:26.369Z</Time><DistanceMeters>2752.2624049902774</DistanceMeters><HeartRateBpm><Value>130</Value></HeartRateBpm><Cadence>24</Cadence><Extensions><ext:TPX><ext:Watts>48.416666666666664</ext:Watts><ext:Torque>20</ext:Torque></ext:TPX></Extensions></Trackpoint><Trackpoint><Time>2025-09-10T14:00:27.629Z</Time><DistanceMeters>2756.3304383651407</DistanceMeters><HeartRateBpm><Value>130</Value></HeartRateBpm><Cadence>24</Cadence><Extensions><ext:TPX><ext:Watts>47.888888888888886</ext:Watts><ext:Torque>20</ext:Torque></ext:TPX></Extensions></Trackpoint><Trackpoint><Time>2025-09-10T14:00:28.924Z</Time><DistanceMeters>2760.3312481098674</DistanceMeters><HeartRateBpm><Value>130</Value></HeartRateBpm><Cadence>23</Cadence><Extensions><ext:TPX><ext:Watts>45.13513513513514</ext:Watts><ext:Torque>20</ext:Torque></ext:TPX></Extensions></Trackpoint><Trackpoint><Time>2025-09-10T14:00:30.220Z</Time><DistanceMeters>2764.4638210497797</DistanceMeters><HeartRateBpm><Value>129</Value></HeartRateBpm><Cadence>23</Cadence><Extensions><ext:TPX><ext:Watts>46.62162162162162</ext:Watts><ext:Torque>20</ext:Torque></ext:TPX></Extensions></Trackpoint><Trackpoint><Time>2025-09-10T14:00:31.479Z</Time><DistanceMeters>2768.4964597027038</DistanceMeters><HeartRateBpm><Value>129</Value></HeartRateBpm><Cadence>24</Cadence><Extensions><ext:TPX><ext:Watts>47.47222222222222</ext:Watts><ext:Torque>20</ext:Torque></ext:TPX></Extensions></Trackpoint><Trackpoint><Time>2025-09-10T14:00:32.739Z</Time><DistanceMeters>2772.5007825780767</DistanceMeters><HeartRateBpm><Value>129</Value></HeartRateBpm><Cadence>24</Cadence><Extensions><ext:TPX><ext:Watts>47.138888888888886</ext:Watts><ext:Torque>20</ext:Torque></ext:TPX></Extensions></Trackpoint><Trackpoint><Time>2025-09-10T14:00:33.964Z</Time><DistanceMeters>2776.540213990659</DistanceMeters><HeartRateBpm><Value>129</Value></HeartRateBpm><Cadence>24</Cadence><Extensions><ext:TPX><ext:Watts>48.542857142857144</ext:Watts><ext:Torque>20</ext:Torque></ext:TPX></Extensions></Trackpoint><Trackpoint><Time>2025-09-10T14:00:35.190Z</Time><DistanceMeters>2780.4821664815727</DistanceMeters><HeartRateBpm><Value>129</Value></HeartRateBpm><Cadence>24</Cadence><Extensions><ext:TPX><ext:Watts>47.371428571428574</ext:Watts><ext:Torque>20</ext:Torque></ext:TPX></Extensions></Trackpoint><Trackpoint><Time>2025-09-10T14:00:36.450Z</Time><DistanceMeters>2784.491208653204</DistanceMeters><HeartRateBpm><Value>130</Value></HeartRateBpm><Cadence>24</Cadence><Extensions><ext:TPX><ext:Watts>47.19444444444444</ext:Watts><ext:Torque>20</ext:Torque></ext:TPX></Extensions></Trackpoint><Trackpoint><Time>2025-09-10T14:00:37.674Z</Time><DistanceMeters>2788.5877008979833</DistanceMeters><HeartRateBpm><Value>130</Value></HeartRateBpm><Cadence>24</Cadence><Extensions><ext:TPX><ext:Watts>49.22857142857143</ext:Watts><ext:Torque>20</ext:Torque></ext:TPX></Extensions></Trackpoint><Trackpoint><Time>2025-09-10T14:00:38.900Z</Time><DistanceMeters>2792.719856162885</DistanceMeters><HeartRateBpm><Value>130</Value></HeartRateBpm><Cadence>24</Cadence><Extensions><ext:TPX><ext:Watts>49.65714285714286</ext:Watts><ext:Torque>20</ext:Torque></ext:TPX></Extensions></Trackpoint><Trackpoint><Time>2025-09-10T14:00:40.160Z</Time><DistanceMeters>2796.802047426524</DistanceMeters><HeartRateBpm><Value>130</Value></HeartRateBpm><Cadence>24</Cadence><Extensions><ext:TPX><ext:Watts>48.05555555555556</ext:Watts><ext:Torque>20</ext:Torque></ext:TPX></Extensions></Trackpoint><Trackpoint><Time>2025-09-10T14:00:41.384Z</Time><DistanceMeters>2800.8747643245547</DistanceMeters><HeartRateBpm><Value>130</Value></HeartRateBpm><Cadence>24</Cadence><Extensions><ext:TPX><ext:Watts>48.94285714285714</ext:Watts><ext:Torque>20</ext:Torque></ext:TPX></Extensions></Trackpoint><Trackpoint><Time>2025-09-10T14:00:42.680Z</Time><DistanceMeters>2805.0217114312145</DistanceMeters><HeartRateBpm><Value>130</Value></HeartRateBpm><Cadence>23</Cadence><Extensions><ext:TPX><ext:Watts>46.78378378378378</ext:Watts><ext:Torque>20</ext:Torque></ext:TPX></Extensions></Trackpoint><Trackpoint><Time>2025-09-10T14:00:43.904Z</Time><DistanceMeters>2809.0730305171714</DistanceMeters><HeartRateBpm><Value>130</Value></HeartRateBpm><Cadence>24</Cadence><Extensions><ext:TPX><ext:Watts>48.68571428571428</ext:Watts><ext:Torque>20</ext:Torque></ext:TPX></Extensions></Trackpoint><Trackpoint><Time>2025-09-10T14:00:45.200Z</Time><DistanceMeters>2813.1505024845515</DistanceMeters><HeartRateBpm><Value>130</Value></HeartRateBpm><Cadence>23</Cadence><Extensions><ext:TPX><ext:Watts>46.0</ext:Watts><ext:Torque>20</ext:Torque></ext:TPX></Extensions></Trackpoint><Trackpoint><Time>2025-09-10T14:00:46.460Z</Time><DistanceMeters>2817.275167414517</DistanceMeters><HeartRateBpm><Value>131</Value></HeartRateBpm><Cadence>24</Cadence><Extensions><ext:TPX><ext:Watts>48.55555555555556</ext:Watts><ext:Torque>20</ext:Torque></ext:TPX></Extensions></Trackpoint><Trackpoint><Time>2025-09-10T14:00:47.720Z</Time><DistanceMeters>2821.3030867711827</DistanceMeters><HeartRateBpm><Value>131</Value></HeartRateBpm><Cadence>24</Cadence><Extensions><ext:TPX><ext:Watts>47.416666666666664</ext:Watts><ext:Torque>20</ext:Torque></ext:TPX></Extensions></Trackpoint><Trackpoint><Time>2025-09-10T14:00:48.945Z</Time><DistanceMeters>2825.4471297094587</DistanceMeters><HeartRateBpm><Value>131</Value></HeartRateBpm><Cadence>24</Cadence><Extensions><ext:TPX><ext:Watts>49.8</ext:Watts><ext:Torque>20</ext:Torque></ext:TPX></Extensions></Trackpoint><Trackpoint><Time>2025-09-10T14:00:50.205Z</Time><DistanceMeters>2829.4514525848317</DistanceMeters><HeartRateBpm><Value>132</Value></HeartRateBpm><Cadence>24</Cadence><Extensions><ext:TPX><ext:Watts>47.138888888888886</ext:Watts><ext:Torque>20</ext:Torque></ext:TPX></Extensions></Trackpoint><Trackpoint><Time>2025-09-10T14:00:51.465Z</Time><DistanceMeters>2833.512407015307</DistanceMeters><HeartRateBpm><Value>132</Value></HeartRateBpm><Cadence>24</Cadence><Extensions><ext:TPX><ext:Watts>47.80555555555556</ext:Watts><ext:Torque>20</ext:Torque></ext:TPX></Extensions></Trackpoint><Trackpoint><Time>2025-09-10T14:00:52.725Z</Time><DistanceMeters>2837.594598278946</DistanceMeters><HeartRateBpm><Value>132</Value></HeartRateBpm><Cadence>24</Cadence><Extensions><ext:TPX><ext:Watts>48.05555555555556</ext:Watts><ext:Torque>20</ext:Torque></ext:TPX></Extensions></Trackpoint><Trackpoint><Time>2025-09-10T14:00:53.985Z</Time><DistanceMeters>2841.6177983393527</DistanceMeters><HeartRateBpm><Value>132</Value></HeartRateBpm><Cadence>24</Cadence><Extensions><ext:TPX><ext:Watts>47.361111111111114</ext:Watts><ext:Torque>20</ext:Torque></ext:TPX></Extensions></Trackpoint><Trackpoint><Time>2025-09-10T14:00:55.245Z</Time><DistanceMeters>2845.789656231904</DistanceMeters><HeartRateBpm><Value>133</Value></HeartRateBpm><Cadence>24</Cadence><Extensions><ext:TPX><ext:Watts>49.111111111111114</ext:Watts><ext:Torque>20</ext:Torque></ext:TPX></Extensions></Trackpoint><Trackpoint><Time>2025-09-10T14:00:56.510Z</Time><DistanceMeters>2849.9466533617683</DistanceMeters><HeartRateBpm><Value>133</Value></HeartRateBpm><Cadence>24</Cadence><Extensions><ext:TPX><ext:Watts>47.916666666666664</ext:Watts><ext:Torque>20</ext:Torque></ext:TPX></Extensions></Trackpoint><Trackpoint><Time>2025-09-10T14:00:57.741Z</Time><DistanceMeters>2853.969442031627</DistanceMeters><HeartRateBpm><Value>133</Value></HeartRateBpm><Cadence>24</Cadence><Extensions><ext:TPX><ext:Watts>48.34285714285714</ext:Watts><ext:Torque>20</ext:Torque></ext:TPX></Extensions></Trackpoint><Trackpoint><Time>2025-09-10T14:00:59.005Z</Time><DistanceMeters>2858.18186578989</DistanceMeters><HeartRateBpm><Value>133</Value></HeartRateBpm><Cadence>24</Cadence><Extensions><ext:TPX><ext:Watts>48.55555555555556</ext:Watts><ext:Torque>20</ext:Torque></ext:TPX></Extensions></Trackpoint><Trackpoint><Time>2025-09-10T14:01:00.265Z</Time><DistanceMeters>2862.275855294175</DistanceMeters><HeartRateBpm><Value>134</Value></HeartRateBpm><Cadence>24</Cadence><Extensions><ext:TPX><ext:Watts>48.19444444444444</ext:Watts><ext:Torque>20</ext:Torque></ext:TPX></Extensions></Trackpoint><Trackpoint><Time>2025-09-10T14:01:01.525Z</Time><DistanceMeters>2866.3297307802627</DistanceMeters><HeartRateBpm><Value>134</Value></HeartRateBpm><Cadence>24</Cadence><Extensions><ext:TPX><ext:Watts>47.72222222222222</ext:Watts><ext:Torque>20</ext:Torque></ext:TPX></Extensions></Trackpoint><Trackpoint><Time>2025-09-10T14:01:02.785Z</Time><DistanceMeters>2870.442597469582</DistanceMeters><HeartRateBpm><Value>134</Value></HeartRateBpm><Cadence>24</Cadence><Extensions><ext:TPX><ext:Watts>48.416666666666664</ext:Watts><ext:Torque>20</ext:Torque></ext:TPX></Extensions></Trackpoint><Trackpoint><Time>2025-09-10T14:01:04.010Z</Time><DistanceMeters>2874.6294360320057</DistanceMeters><HeartRateBpm><Value>135</Value></HeartRateBpm><Cadence>24</Cadence><Extensions><ext:TPX><ext:Watts>50.31428571428572</ext:Watts><ext:Torque>20</ext:Torque></ext:TPX></Extensions></Trackpoint><Trackpoint><Time>2025-09-10T14:01:05.270Z</Time><DistanceMeters>2878.768258850747</DistanceMeters><HeartRateBpm><Value>135</Value></HeartRateBpm><Cadence>24</Cadence><Extensions><ext:TPX><ext:Watts>48.72222222222222</ext:Watts><ext:Torque>20</ext:Torque></ext:TPX></Extensions></Trackpoint><Trackpoint><Time>2025-09-10T14:01:06.495Z</Time><DistanceMeters>2882.831465610078</DistanceMeters><HeartRateBpm><Value>135</Value></HeartRateBpm><Cadence>24</Cadence><Extensions><ext:TPX><ext:Watts>48.82857142857143</ext:Watts><ext:Torque>20</ext:Torque></ext:TPX></Extensions></Trackpoint><Trackpoint><Time>2025-09-10T14:01:07.720Z</Time><DistanceMeters>2886.977886083029</DistanceMeters><HeartRateBpm><Value>136</Value></HeartRateBpm><Cadence>24</Cadence><Extensions><ext:TPX><ext:Watts>49.82857142857143</ext:Watts><ext:Torque>20</ext:Torque></ext:TPX></Extensions></Trackpoint><Trackpoint><Time>2025-09-10T14:01:08.981Z</Time><DistanceMeters>2890.9822089584018</DistanceMeters><HeartRateBpm><Value>136</Value></HeartRateBpm><Cadence>24</Cadence><Extensions><ext:TPX><ext:Watts>47.138888888888886</ext:Watts><ext:Torque>20</ext:Torque></ext:TPX></Extensions></Trackpoint><Trackpoint><Time>2025-09-10T14:01:10.240Z</Time><DistanceMeters>2895.03372479636</DistanceMeters><HeartRateBpm><Value>136</Value></HeartRateBpm><Cadence>24</Cadence><Extensions><ext:TPX><ext:Watts>47.69444444444444</ext:Watts><ext:Torque>20</ext:Torque></ext:TPX></Extensions></Trackpoint><Trackpoint><Time>2025-09-10T14:01:11.470Z</Time><DistanceMeters>2899.215808289434</DistanceMeters><HeartRateBpm><Value>136</Value></HeartRateBpm><Cadence>24</Cadence><Extensions><ext:TPX><ext:Watts>50.25714285714286</ext:Watts><ext:Torque>20</ext:Torque></ext:TPX></Extensions></Trackpoint><Trackpoint><Time>2025-09-10T14:01:12.730Z</Time><DistanceMeters>2903.222490812936</DistanceMeters><HeartRateBpm><Value>136</Value></HeartRateBpm><Cadence>24</Cadence><Extensions><ext:TPX><ext:Watts>47.166666666666664</ext:Watts><ext:Torque>20</ext:Torque></ext:TPX></Extensions></Trackpoint><Trackpoint><Time>2025-09-10T14:01:13.965Z</Time><DistanceMeters>2907.4140844447093</DistanceMeters><HeartRateBpm><Value>136</Value></HeartRateBpm><Cadence>24</Cadence><Extensions><ext:TPX><ext:Watts>50.371428571428574</ext:Watts><ext:Torque>20</ext:Torque></ext:TPX></Extensions></Trackpoint><Trackpoint><Time>2025-09-10T14:01:15.190Z</Time><DistanceMeters>2911.6413410966056</DistanceMeters><HeartRateBpm><Value>136</Value></HeartRateBpm><Cadence>24</Cadence><Extensions><ext:TPX><ext:Watts>50.8</ext:Watts><ext:Torque>20</ext:Torque></ext:TPX></Extensions></Trackpoint><Trackpoint><Time>2025-09-10T14:01:16.450Z</Time><DistanceMeters>2915.7801639153467</DistanceMeters><HeartRateBpm><Value>137</Value></HeartRateBpm><Cadence>24</Cadence><Extensions><ext:TPX><ext:Watts>48.72222222222222</ext:Watts><ext:Torque>20</ext:Torque></ext:TPX></Extensions></Trackpoint><Trackpoint><Time>2025-09-10T14:01:17.710Z</Time><DistanceMeters>2919.9142674378295</DistanceMeters><HeartRateBpm><Value>137</Value></HeartRateBpm><Cadence>24</Cadence><Extensions><ext:TPX><ext:Watts>48.666666666666664</ext:Watts><ext:Torque>20</ext:Torque></ext:TPX></Extensions></Trackpoint><Trackpoint><Time>2025-09-10T14:01:18.935Z</Time><DistanceMeters>2923.9941169398844</DistanceMeters><HeartRateBpm><Value>137</Value></HeartRateBpm><Cadence>24</Cadence><Extensions><ext:TPX><ext:Watts>49.02857142857143</ext:Watts><ext:Torque>20</ext:Torque></ext:TPX></Extensions></Trackpoint><Trackpoint><Time>2025-09-10T14:01:20.195Z</Time><DistanceMeters>2928.125860814238</DistanceMeters><HeartRateBpm><Value>137</Value></HeartRateBpm><Cadence>24</Cadence><Extensions><ext:TPX><ext:Watts>48.638888888888886</ext:Watts><ext:Torque>20</ext:Torque></ext:TPX></Extensions></Trackpoint><Trackpoint><Time>2025-09-10T14:01:21.421Z</Time><DistanceMeters>2932.33647472341</DistanceMeters><HeartRateBpm><Value>137</Value></HeartRateBpm><Cadence>24</Cadence><Extensions><ext:TPX><ext:Watts>50.6</ext:Watts><ext:Torque>20</ext:Torque></ext:TPX></Extensions></Trackpoint><Trackpoint><Time>2025-09-10T14:01:22.645Z</Time><DistanceMeters>2936.3449981852195</DistanceMeters><HeartRateBpm><Value>137</Value></HeartRateBpm><Cadence>24</Cadence><Extensions><ext:TPX><ext:Watts>48.17142857142857</ext:Watts><ext:Torque>20</ext:Torque></ext:TPX></Extensions></Trackpoint><Trackpoint><Time>2025-09-10T14:01:23.875Z</Time><DistanceMeters>2940.498551262195</DistanceMeters><HeartRateBpm><Value>137</Value></HeartRateBpm><Cadence>24</Cadence><Extensions><ext:TPX><ext:Watts>49.91428571428571</ext:Watts><ext:Torque>20</ext:Torque></ext:TPX></Extensions></Trackpoint><Trackpoint><Time>2025-09-10T14:01:25.111Z</Time><DistanceMeters>2944.6758796859194</DistanceMeters><HeartRateBpm><Value>138</Value></HeartRateBpm><Cadence>24</Cadence><Extensions><ext:TPX><ext:Watts>50.2</ext:Watts><ext:Torque>20</ext:Torque></ext:TPX></Extensions></Trackpoint><Trackpoint><Time>2025-09-10T14:01:26.336Z</Time><DistanceMeters>2948.829432762895</DistanceMeters><HeartRateBpm><Value>138</Value></HeartRateBpm><Cadence>24</Cadence><Extensions><ext:TPX><ext:Watts>49.91428571428571</ext:Watts><ext:Torque>20</ext:Torque></ext:TPX></Extensions></Trackpoint><Trackpoint><Time>2025-09-10T14:01:27.561Z</Time><DistanceMeters>2953.011516255969</DistanceMeters><HeartRateBpm><Value>138</Value></HeartRateBpm><Cadence>24</Cadence><Extensions><ext:TPX><ext:Watts>50.25714285714286</ext:Watts><ext:Torque>20</ext:Torque></ext:TPX></Extensions></Trackpoint><Trackpoint><Time>2025-09-10T14:01:28.785Z</Time><DistanceMeters>2957.193599749043</DistanceMeters><HeartRateBpm><Value>138</Value></HeartRateBpm><Cadence>24</Cadence><Extensions><ext:TPX><ext:Watts>50.25714285714286</ext:Watts><ext:Torque>20</ext:Torque></ext:TPX></Extensions></Trackpoint><Trackpoint><Time>2025-09-10T14:01:30.016Z</Time><DistanceMeters>2961.399458588866</DistanceMeters><HeartRateBpm><Value>138</Value></HeartRateBpm><Cadence>24</Cadence><Extensions><ext:TPX><ext:Watts>50.542857142857144</ext:Watts><ext:Torque>20</ext:Torque></ext:TPX></Extensions></Trackpoint><Trackpoint><Time>2025-09-10T14:01:31.275Z</Time><DistanceMeters>2965.6137901477437</DistanceMeters><HeartRateBpm><Value>138</Value></HeartRateBpm><Cadence>24</Cadence><Extensions><ext:TPX><ext:Watts>49.611111111111114</ext:Watts><ext:Torque>20</ext:Torque></ext:TPX></Extensions></Trackpoint><Trackpoint><Time>2025-09-10T14:01:32.501Z</Time><DistanceMeters>2969.7483229473205</DistanceMeters><HeartRateBpm><Value>139</Value></HeartRateBpm><Cadence>24</Cadence><Extensions><ext:TPX><ext:Watts>49.68571428571428</ext:Watts><ext:Torque>20</ext:Torque></ext:TPX></Extensions></Trackpoint><Trackpoint><Time>2025-09-10T14:01:33.761Z</Time><DistanceMeters>2973.9131018954836</DistanceMeters><HeartRateBpm><Value>139</Value></HeartRateBpm><Cadence>24</Cadence><Extensions><ext:TPX><ext:Watts>49.02777777777778</ext:Watts><ext:Torque>20</ext:Torque></ext:TPX></Extensions></Trackpoint><Trackpoint><Time>2025-09-10T14:01:34.951Z</Time><DistanceMeters>2978.100905457275</DistanceMeters><HeartRateBpm><Value>139</Value></HeartRateBpm><Cadence>25</Cadence><Extensions><ext:TPX><ext:Watts>51.35294117647059</ext:Watts><ext:Torque>20</ext:Torque></ext:TPX></Extensions></Trackpoint><Trackpoint><Time>2025-09-10T14:01:36.176Z</Time><DistanceMeters>2982.2687237422997</DistanceMeters><HeartRateBpm><Value>139</Value></HeartRateBpm><Cadence>24</Cadence><Extensions><ext:TPX><ext:Watts>50.08571428571429</ext:Watts><ext:Torque>20</ext:Torque></ext:TPX></Extensions></Trackpoint><Trackpoint><Time>2025-09-10T14:01:37.401Z</Time><DistanceMeters>2986.291512412158</DistanceMeters><HeartRateBpm><Value>139</Value></HeartRateBpm><Cadence>24</Cadence><Extensions><ext:TPX><ext:Watts>48.34285714285714</ext:Watts><ext:Torque>20</ext:Torque></ext:TPX></Extensions></Trackpoint><Trackpoint><Time>2025-09-10T14:01:38.626Z</Time><DistanceMeters>2990.459330697183</DistanceMeters><HeartRateBpm><Value>139</Value></HeartRateBpm><Cadence>24</Cadence><Extensions><ext:TPX><ext:Watts>50.08571428571429</ext:Watts><ext:Torque>20</ext:Torque></ext:TPX></Extensions></Trackpoint><Trackpoint><Time>2025-09-10T14:01:39.855Z</Time><DistanceMeters>2994.517782387164</DistanceMeters><HeartRateBpm><Value>139</Value></HeartRateBpm><Cadence>24</Cadence><Extensions><ext:TPX><ext:Watts>48.77142857142857</ext:Watts><ext:Torque>20</ext:Torque></ext:TPX></Extensions></Trackpoint><Trackpoint><Time>2025-09-10T14:01:41.081Z</Time><DistanceMeters>2998.6261623053174</DistanceMeters><HeartRateBpm><Value>139</Value></HeartRateBpm><Cadence>24</Cadence><Extensions><ext:TPX><ext:Watts>49.371428571428574</ext:Watts><ext:Torque>20</ext:Torque></ext:TPX></Extensions></Trackpoint><Trackpoint><Time>2025-09-10T14:01:42.305Z</Time><DistanceMeters>3002.6774813912743</DistanceMeters><HeartRateBpm><Value>139</Value></HeartRateBpm><Cadence>24</Cadence><Extensions><ext:TPX><ext:Watts>48.68571428571428</ext:Watts><ext:Torque>20</ext:Torque></ext:TPX></Extensions></Trackpoint><Trackpoint><Time>2025-09-10T14:01:43.531Z</Time><DistanceMeters>3006.75257582398</DistanceMeters><HeartRateBpm><Value>139</Value></HeartRateBpm><Cadence>24</Cadence><Extensions><ext:TPX><ext:Watts>48.97142857142857</ext:Watts><ext:Torque>20</ext:Torque></ext:TPX></Extensions></Trackpoint><Trackpoint><Time>2025-09-10T14:01:44.761Z</Time><DistanceMeters>3010.879976019532</DistanceMeters><HeartRateBpm><Value>139</Value></HeartRateBpm><Cadence>24</Cadence><Extensions><ext:TPX><ext:Watts>49.6</ext:Watts><ext:Torque>20</ext:Torque></ext:TPX></Extensions></Trackpoint><Trackpoint><Time>2025-09-10T14:01:45.986Z</Time><DistanceMeters>3014.9241625014643</DistanceMeters><HeartRateBpm><Value>139</Value></HeartRateBpm><Cadence>24</Cadence><Extensions><ext:TPX><ext:Watts>48.6</ext:Watts><ext:Torque>20</ext:Torque></ext:TPX></Extensions></Trackpoint><Trackpoint><Time>2025-09-10T14:01:47.251Z</Time><DistanceMeters>3019.049831537017</DistanceMeters><HeartRateBpm><Value>139</Value></HeartRateBpm><Cadence>24</Cadence><Extensions><ext:TPX><ext:Watts>47.55555555555556</ext:Watts><ext:Torque>20</ext:Torque></ext:TPX></Extensions></Trackpoint><Trackpoint><Time>2025-09-10T14:01:48.476Z</Time><DistanceMeters>3023.2200273567164</DistanceMeters><HeartRateBpm><Value>139</Value></HeartRateBpm><Cadence>24</Cadence><Extensions><ext:TPX><ext:Watts>50.114285714285714</ext:Watts><ext:Torque>20</ext:Torque></ext:TPX></Extensions></Trackpoint><Trackpoint><Time>2025-09-10T14:01:49.702Z</Time><DistanceMeters>3027.169112451654</DistanceMeters><HeartRateBpm><Value>139</Value></HeartRateBpm><Cadence>24</Cadence><Extensions><ext:TPX><ext:Watts>47.457142857142856</ext:Watts><ext:Torque>20</ext:Torque></ext:TPX></Extensions></Trackpoint><Trackpoint><Time>2025-09-10T14:01:50.961Z</Time><DistanceMeters>3031.2347861783883</DistanceMeters><HeartRateBpm><Value>139</Value></HeartRateBpm><Cadence>24</Cadence><Extensions><ext:TPX><ext:Watts>47.861111111111114</ext:Watts><ext:Torque>20</ext:Torque></ext:TPX></Extensions></Trackpoint><Trackpoint><Time>2025-09-10T14:01:52.186Z</Time><DistanceMeters>3035.4144921367874</DistanceMeters><HeartRateBpm><Value>139</Value></HeartRateBpm><Cadence>24</Cadence><Extensions><ext:TPX><ext:Watts>50.22857142857143</ext:Watts><ext:Torque>20</ext:Torque></ext:TPX></Extensions></Trackpoint><Trackpoint><Time>2025-09-10T14:01:53.411Z</Time><DistanceMeters>3039.304138864854</DistanceMeters><HeartRateBpm><Value>139</Value></HeartRateBpm><Cadence>24</Cadence><Extensions><ext:TPX><ext:Watts>46.74285714285714</ext:Watts><ext:Torque>20</ext:Torque></ext:TPX></Extensions></Trackpoint><Trackpoint><Time>2025-09-10T14:01:54.706Z</Time><DistanceMeters>3043.475042916093</DistanceMeters><HeartRateBpm><Value>139</Value></HeartRateBpm><Cadence>23</Cadence><Extensions><ext:TPX><ext:Watts>47.054054054054056</ext:Watts><ext:Torque>20</ext:Torque></ext:TPX></Extensions></Trackpoint><Trackpoint><Time>2025-09-10T14:01:55.932Z</Time><DistanceMeters>3047.493076516602</DistanceMeters><HeartRateBpm><Value>139</Value></HeartRateBpm><Cadence>24</Cadence><Extensions><ext:TPX><ext:Watts>48.285714285714285</ext:Watts><ext:Torque>20</ext:Torque></ext:TPX></Extensions></Trackpoint><Trackpoint><Time>2025-09-10T14:01:57.156Z</Time><DistanceMeters>3051.5087325824356</DistanceMeters><HeartRateBpm><Value>139</Value></HeartRateBpm><Cadence>24</Cadence><Extensions><ext:TPX><ext:Watts>48.25714285714286</ext:Watts><ext:Torque>20</ext:Torque></ext:TPX></Extensions></Trackpoint><Trackpoint><Time>2025-09-10T14:01:58.416Z</Time><DistanceMeters>3055.4517046064475</DistanceMeters><HeartRateBpm><Value>139</Value></HeartRateBpm><Cadence>24</Cadence><Extensions><ext:TPX><ext:Watts>46.416666666666664</ext:Watts><ext:Torque>20</ext:Torque></ext:TPX></Extensions></Trackpoint><Trackpoint><Time>2025-09-10T14:01:59.681Z</Time><DistanceMeters>3059.5291765738275</DistanceMeters><HeartRateBpm><Value>139</Value></HeartRateBpm><Cadence>24</Cadence><Extensions><ext:TPX><ext:Watts>47.0</ext:Watts><ext:Torque>20</ext:Torque></ext:TPX></Extensions></Trackpoint><Trackpoint><Time>2025-09-10T14:02:00.941Z</Time><DistanceMeters>3063.5570959304932</DistanceMeters><HeartRateBpm><Value>139</Value></HeartRateBpm><Cadence>24</Cadence><Extensions><ext:TPX><ext:Watts>47.416666666666664</ext:Watts><ext:Torque>20</ext:Torque></ext:TPX></Extensions></Trackpoint><Trackpoint><Time>2025-09-10T14:02:02.236Z</Time><DistanceMeters>3067.6010281754625</DistanceMeters><HeartRateBpm><Value>139</Value></HeartRateBpm><Cadence>23</Cadence><Extensions><ext:TPX><ext:Watts>45.62162162162162</ext:Watts><ext:Torque>20</ext:Torque></ext:TPX></Extensions></Trackpoint><Trackpoint><Time>2025-09-10T14:02:03.531Z</Time><DistanceMeters>3071.632981948142</DistanceMeters><HeartRateBpm><Value>139</Value></HeartRateBpm><Cadence>23</Cadence><Extensions><ext:TPX><ext:Watts>45.486486486486484</ext:Watts><ext:Torque>20</ext:Torque></ext:TPX></Extensions></Trackpoint><Trackpoint><Time>2025-09-10T14:02:04.826Z</Time><DistanceMeters>3075.7607634991386</DistanceMeters><HeartRateBpm><Value>139</Value></HeartRateBpm><Cadence>23</Cadence><Extensions><ext:TPX><ext:Watts>46.567567567567565</ext:Watts><ext:Torque>20</ext:Torque></ext:TPX></Extensions></Trackpoint><Trackpoint><Time>2025-09-10T14:02:06.156Z</Time><DistanceMeters>3079.91930800856</DistanceMeters><HeartRateBpm><Value>139</Value></HeartRateBpm><Cadence>22</Cadence><Extensions><ext:TPX><ext:Watts>45.89473684210526</ext:Watts><ext:Torque>20</ext:Torque></ext:TPX></Extensions></Trackpoint><Trackpoint><Time>2025-09-10T14:02:07.451Z</Time><DistanceMeters>3083.99677997594</DistanceMeters><HeartRateBpm><Value>139</Value></HeartRateBpm><Cadence>23</Cadence><Extensions><ext:TPX><ext:Watts>46.0</ext:Watts><ext:Torque>20</ext:Torque></ext:TPX></Extensions></Trackpoint><Trackpoint><Time>2025-09-10T14:02:08.781Z</Time><DistanceMeters>3088.0909433490347</DistanceMeters><HeartRateBpm><Value>139</Value></HeartRateBpm><Cadence>22</Cadence><Extensions><ext:TPX><ext:Watts>45.18421052631579</ext:Watts><ext:Torque>20</ext:Torque></ext:TPX></Extensions></Trackpoint><Trackpoint><Time>2025-09-10T14:02:10.111Z</Time><DistanceMeters>3092.1398014780475</DistanceMeters><HeartRateBpm><Value>138</Value></HeartRateBpm><Cadence>22</Cadence><Extensions><ext:TPX><ext:Watts>44.68421052631579</ext:Watts><ext:Torque>20</ext:Torque></ext:TPX></Extensions></Trackpoint><Trackpoint><Time>2025-09-10T14:02:11.441Z</Time><DistanceMeters>3096.293577014408</DistanceMeters><HeartRateBpm><Value>138</Value></HeartRateBpm><Cadence>22</Cadence><Extensions><ext:TPX><ext:Watts>45.8421052631579</ext:Watts><ext:Torque>20</ext:Torque></ext:TPX></Extensions></Trackpoint><Trackpoint><Time>2025-09-10T14:02:12.771Z</Time><DistanceMeters>3100.5832682830146</DistanceMeters><HeartRateBpm><Value>138</Value></HeartRateBpm><Cadence>22</Cadence><Extensions><ext:TPX><ext:Watts>47.3421052631579</ext:Watts><ext:Torque>20</ext:Torque></ext:TPX></Extensions></Trackpoint><Trackpoint><Time>2025-09-10T14:02:14.101Z</Time><DistanceMeters>3104.7990404691714</DistanceMeters><HeartRateBpm><Value>139</Value></HeartRateBpm><Cadence>22</Cadence><Extensions><ext:TPX><ext:Watts>46.526315789473685</ext:Watts><ext:Torque>20</ext:Torque></ext:TPX></Extensions></Trackpoint><Trackpoint><Time>2025-09-10T14:02:15.396Z</Time><DistanceMeters>3109.015462715111</DistanceMeters><HeartRateBpm><Value>139</Value></HeartRateBpm><Cadence>23</Cadence><Extensions><ext:TPX><ext:Watts>47.567567567567565</ext:Watts><ext:Torque>20</ext:Torque></ext:TPX></Extensions></Trackpoint><Trackpoint><Time>2025-09-10T14:02:16.731Z</Time><DistanceMeters>3113.0833967363687</DistanceMeters><HeartRateBpm><Value>140</Value></HeartRateBpm><Cadence>22</Cadence><Extensions><ext:TPX><ext:Watts>44.89473684210526</ext:Watts><ext:Torque>20</ext:Torque></ext:TPX></Extensions></Trackpoint><Trackpoint><Time>2025-09-10T14:02:18.026Z</Time><DistanceMeters>3117.1991998150756</DistanceMeters><HeartRateBpm><Value>139</Value></HeartRateBpm><Cadence>23</Cadence><Extensions><ext:TPX><ext:Watts>46.432432432432435</ext:Watts><ext:Torque>20</ext:Torque></ext:TPX></Extensions></Trackpoint><Trackpoint><Time>2025-09-10T14:02:19.391Z</Time><DistanceMeters>3121.4097361357035</DistanceMeters><HeartRateBpm><Value>138</Value></HeartRateBpm><Cadence>22</Cadence><Extensions><ext:TPX><ext:Watts>45.43589743589744</ext:Watts><ext:Torque>20</ext:Torque></ext:TPX></Extensions></Trackpoint><Trackpoint><Time>2025-09-10T14:02:20.687Z</Time><DistanceMeters>3125.635741159475</DistanceMeters><HeartRateBpm><Value>138</Value></HeartRateBpm><Cadence>23</Cadence><Extensions><ext:TPX><ext:Watts>47.67567567567568</ext:Watts><ext:Torque>20</ext:Torque></ext:TPX></Extensions></Trackpoint><Trackpoint><Time>2025-09-10T14:02:22.052Z</Time><DistanceMeters>3129.9104335075617</DistanceMeters><HeartRateBpm><Value>136</Value></HeartRateBpm><Cadence>22</Cadence><Extensions><ext:TPX><ext:Watts>46.12820512820513</ext:Watts><ext:Torque>20</ext:Torque></ext:TPX></Extensions></Trackpoint><Trackpoint><Time>2025-09-10T14:02:23.382Z</Time><DistanceMeters>3134.0165193133093</DistanceMeters><HeartRateBpm><Value>136</Value></HeartRateBpm><Cadence>22</Cadence><Extensions><ext:TPX><ext:Watts>45.31578947368421</ext:Watts><ext:Torque>20</ext:Torque></ext:TPX></Extensions></Trackpoint><Trackpoint><Time>2025-09-10T14:02:24.747Z</Time><DistanceMeters>3138.3624961363503</DistanceMeters><HeartRateBpm><Value>135</Value></HeartRateBpm><Cadence>22</Cadence><Extensions><ext:TPX><ext:Watts>46.8974358974359</ext:Watts><ext:Torque>20</ext:Torque></ext:TPX></Extensions></Trackpoint><Trackpoint><Time>2025-09-10T14:02:25.516Z</Time><DistanceMeters>3142.6609499760884</DistanceMeters><HeartRateBpm><Value>135</Value></HeartRateBpm><Cadence>39</Cadence><Extensions><ext:TPX><ext:Watts>82.22727272727273</ext:Watts><ext:Torque>24</ext:Torque></ext:TPX></Extensions></Trackpoint><Trackpoint><Time>2025-09-10T14:02:26.846Z</Time><DistanceMeters>3146.840240349158</DistanceMeters><HeartRateBpm><Value>134</Value></HeartRateBpm><Cadence>41</Cadence><Extensions><ext:TPX><ext:Watts>84.04761904761905</ext:Watts><ext:Torque>25</ext:Torque></ext:TPX></Extensions></Trackpoint><Trackpoint><Time>2025-09-10T14:02:28.182Z</Time><DistanceMeters>3150.965654373768</DistanceMeters><HeartRateBpm><Value>134</Value></HeartRateBpm><Cadence>40</Cadence><Extensions><ext:TPX><ext:Watts>81.95238095238095</ext:Watts><ext:Torque>24</ext:Torque></ext:TPX></Extensions></Trackpoint><Trackpoint><Time>2025-09-10T14:02:29.476Z</Time><DistanceMeters>3155.1474337635696</DistanceMeters><HeartRateBpm><Value>134</Value></HeartRateBpm><Cadence>43</Cadence><Extensions><ext:TPX><ext:Watts>88.2</ext:Watts><ext:Torque>23</ext:Torque></ext:TPX></Extensions></Trackpoint><Trackpoint><Time>2025-09-10T14:02:30.106Z</Time><DistanceMeters>3155.161740682753</DistanceMeters><HeartRateBpm><Value>134</Value></HeartRateBpm><Cadence>48</Cadence><Extensions><ext:TPX><ext:Watts>0.3333333333333333</ext:Watts><ext:Torque>20</ext:Torque></ext:TPX></Extensions></Trackpoint><Trackpoint><Time>2025-09-10T14:02:31.367Z</Time><DistanceMeters>3159.1471863730917</DistanceMeters><HeartRateBpm><Value>135</Value></HeartRateBpm><Cadence>24</Cadence><Extensions><ext:TPX><ext:Watts>46.916666666666664</ext:Watts><ext:Torque>20</ext:Torque></ext:TPX></Extensions></Trackpoint><Trackpoint><Time>2025-09-10T14:02:32.626Z</Time><DistanceMeters>3163.1397110078183</DistanceMeters><HeartRateBpm><Value>135</Value></HeartRateBpm><Cadence>24</Cadence><Extensions><ext:TPX><ext:Watts>47.0</ext:Watts><ext:Torque>20</ext:Torque></ext:TPX></Extensions></Trackpoint><Trackpoint><Time>2025-09-10T14:02:33.926Z</Time><DistanceMeters>3167.16926908604</DistanceMeters><HeartRateBpm><Value>135</Value></HeartRateBpm><Cadence>23</Cadence><Extensions><ext:TPX><ext:Watts>45.45945945945946</ext:Watts><ext:Torque>20</ext:Torque></ext:TPX></Extensions></Trackpoint><Trackpoint><Time>2025-09-10T14:02:35.154Z</Time><DistanceMeters>3171.0755585568304</DistanceMeters><HeartRateBpm><Value>136</Value></HeartRateBpm><Cadence>24</Cadence><Extensions><ext:TPX><ext:Watts>46.94285714285714</ext:Watts><ext:Torque>20</ext:Torque></ext:TPX></Extensions></Trackpoint><Trackpoint><Time>2025-09-10T14:02:36.412Z</Time><DistanceMeters>3175.0020130439375</DistanceMeters><HeartRateBpm><Value>135</Value></HeartRateBpm><Cadence>24</Cadence><Extensions><ext:TPX><ext:Watts>46.22222222222222</ext:Watts><ext:Torque>20</ext:Torque></ext:TPX></Extensions></Trackpoint><Trackpoint><Time>2025-09-10T14:02:37.642Z</Time><DistanceMeters>3178.7513852261873</DistanceMeters><HeartRateBpm><Value>134</Value></HeartRateBpm><Cadence>24</Cadence><Extensions><ext:TPX><ext:Watts>45.05714285714286</ext:Watts><ext:Torque>20</ext:Torque></ext:TPX></Extensions></Trackpoint><Trackpoint><Time>2025-09-10T14:02:38.867Z</Time><DistanceMeters>3182.693337717101</DistanceMeters><HeartRateBpm><Value>134</Value></HeartRateBpm><Cadence>24</Cadence><Extensions><ext:TPX><ext:Watts>47.371428571428574</ext:Watts><ext:Torque>20</ext:Torque></ext:TPX></Extensions></Trackpoint><Trackpoint><Time>2025-09-10T14:02:40.127Z</Time><DistanceMeters>3186.641029037371</DistanceMeters><HeartRateBpm><Value>135</Value></HeartRateBpm><Cadence>24</Cadence><Extensions><ext:TPX><ext:Watts>46.47222222222222</ext:Watts><ext:Torque>20</ext:Torque></ext:TPX></Extensions></Trackpoint><Trackpoint><Time>2025-09-10T14:02:41.352Z</Time><DistanceMeters>3190.5306757654375</DistanceMeters><HeartRateBpm><Value>135</Value></HeartRateBpm><Cadence>24</Cadence><Extensions><ext:TPX><ext:Watts>46.74285714285714</ext:Watts><ext:Torque>20</ext:Torque></ext:TPX></Extensions></Trackpoint><Trackpoint><Time>2025-09-10T14:02:42.547Z</Time><DistanceMeters>3194.4474473670443</DistanceMeters><HeartRateBpm><Value>135</Value></HeartRateBpm><Cadence>25</Cadence><Extensions><ext:TPX><ext:Watts>48.029411764705884</ext:Watts><ext:Torque>20</ext:Torque></ext:TPX></Extensions></Trackpoint><Trackpoint><Time>2025-09-10T14:02:43.772Z</Time><DistanceMeters>3198.484501244952</DistanceMeters><HeartRateBpm><Value>135</Value></HeartRateBpm><Cadence>24</Cadence><Extensions><ext:TPX><ext:Watts>48.51428571428571</ext:Watts><ext:Torque>20</ext:Torque></ext:TPX></Extensions></Trackpoint><Trackpoint><Time>2025-09-10T14:02:44.997Z</Time><DistanceMeters>3202.5049123801355</DistanceMeters><HeartRateBpm><Value>135</Value></HeartRateBpm><Cadence>24</Cadence><Extensions><ext:TPX><ext:Watts>48.31428571428572</ext:Watts><ext:Torque>20</ext:Torque></ext:TPX></Extensions></Trackpoint><Trackpoint><Time>2025-09-10T14:02:46.222Z</Time><DistanceMeters>3206.3184779986063</DistanceMeters><HeartRateBpm><Value>136</Value></HeartRateBpm><Cadence>24</Cadence><Extensions><ext:TPX><ext:Watts>45.82857142857143</ext:Watts><ext:Torque>20</ext:Torque></ext:TPX></Extensions></Trackpoint><Trackpoint><Time>2025-09-10T14:02:47.447Z</Time><DistanceMeters>3210.407837639361</DistanceMeters><HeartRateBpm><Value>136</Value></HeartRateBpm><Cadence>24</Cadence><Extensions><ext:TPX><ext:Watts>49.142857142857146</ext:Watts><ext:Torque>20</ext:Torque></ext:TPX></Extensions></Trackpoint><Trackpoint><Time>2025-09-10T14:02:48.712Z</Time><DistanceMeters>3214.598572716946</DistanceMeters><HeartRateBpm><Value>136</Value></HeartRateBpm><Cadence>24</Cadence><Extensions><ext:TPX><ext:Watts>48.30555555555556</ext:Watts><ext:Torque>20</ext:Torque></ext:TPX></Extensions></Trackpoint><Trackpoint><Time>2025-09-10T14:02:49.937Z</Time><DistanceMeters>3218.5999635747307</DistanceMeters><HeartRateBpm><Value>136</Value></HeartRateBpm><Cadence>24</Cadence><Extensions><ext:TPX><ext:Watts>48.08571428571429</ext:Watts><ext:Torque>20</ext:Torque></ext:TPX></Extensions></Trackpoint><Trackpoint><Time>2025-09-10T14:02:51.197Z</Time><DistanceMeters>3222.387198822211</DistanceMeters><HeartRateBpm><Value>137</Value></HeartRateBpm><Cadence>24</Cadence><Extensions><ext:TPX><ext:Watts>44.583333333333336</ext:Watts><ext:Torque>20</ext:Torque></ext:TPX></Extensions></Trackpoint><Trackpoint><Time>2025-09-10T14:02:52.422Z</Time><DistanceMeters>3226.3362839171486</DistanceMeters><HeartRateBpm><Value>137</Value></HeartRateBpm><Cadence>24</Cadence><Extensions><ext:TPX><ext:Watts>47.457142857142856</ext:Watts><ext:Torque>20</ext:Torque></ext:TPX></Extensions></Trackpoint><Trackpoint><Time>2025-09-10T14:02:53.652Z</Time><DistanceMeters>3230.0642582873247</DistanceMeters><HeartRateBpm><Value>137</Value></HeartRateBpm><Cadence>24</Cadence><Extensions><ext:TPX><ext:Watts>44.8</ext:Watts><ext:Torque>20</ext:Torque></ext:TPX></Extensions></Trackpoint><Trackpoint><Time>2025-09-10T14:02:54.912Z</Time><DistanceMeters>3233.9458794599755</DistanceMeters><HeartRateBpm><Value>137</Value></HeartRateBpm><Cadence>24</Cadence><Extensions><ext:TPX><ext:Watts>45.69444444444444</ext:Watts><ext:Torque>20</ext:Torque></ext:TPX></Extensions></Trackpoint><Trackpoint><Time>2025-09-10T14:02:56.172Z</Time><DistanceMeters>3237.7496322443603</DistanceMeters><HeartRateBpm><Value>138</Value></HeartRateBpm><Cadence>24</Cadence><Extensions><ext:TPX><ext:Watts>44.77777777777778</ext:Watts><ext:Torque>20</ext:Torque></ext:TPX></Extensions></Trackpoint><Trackpoint><Time>2025-09-10T14:02:57.397Z</Time><DistanceMeters>3241.6059934869786</DistanceMeters><HeartRateBpm><Value>138</Value></HeartRateBpm><Cadence>24</Cadence><Extensions><ext:TPX><ext:Watts>46.34285714285714</ext:Watts><ext:Torque>20</ext:Torque></ext:TPX></Extensions></Trackpoint><Trackpoint><Time>2025-09-10T14:02:58.657Z</Time><DistanceMeters>3245.4097462713635</DistanceMeters><HeartRateBpm><Value>138</Value></HeartRateBpm><Cadence>24</Cadence><Extensions><ext:TPX><ext:Watts>44.77777777777778</ext:Watts><ext:Torque>20</ext:Torque></ext:TPX></Extensions></Trackpoint><Trackpoint><Time>2025-09-10T14:02:59.917Z</Time><DistanceMeters>3249.350358647246</DistanceMeters><HeartRateBpm><Value>138</Value></HeartRateBpm><Cadence>24</Cadence><Extensions><ext:TPX><ext:Watts>46.388888888888886</ext:Watts><ext:Torque>20</ext:Torque></ext:TPX></Extensions></Trackpoint><Trackpoint><Time>2025-09-10T14:03:01.182Z</Time><DistanceMeters>3253.2639605828404</DistanceMeters><HeartRateBpm><Value>137</Value></HeartRateBpm><Cadence>24</Cadence><Extensions><ext:TPX><ext:Watts>45.111111111111114</ext:Watts><ext:Torque>20</ext:Torque></ext:TPX></Extensions></Trackpoint><Trackpoint><Time>2025-09-10T14:03:02.442Z</Time><DistanceMeters>3257.1904150699474</DistanceMeters><HeartRateBpm><Value>137</Value></HeartRateBpm><Cadence>24</Cadence><Extensions><ext:TPX><ext:Watts>46.22222222222222</ext:Watts><ext:Torque>20</ext:Torque></ext:TPX></Extensions></Trackpoint><Trackpoint><Time>2025-09-10T14:03:03.737Z</Time><DistanceMeters>3261.378088982392</DistanceMeters><HeartRateBpm><Value>137</Value></HeartRateBpm><Cadence>23</Cadence><Extensions><ext:TPX><ext:Watts>47.24324324324324</ext:Watts><ext:Torque>20</ext:Torque></ext:TPX></Extensions></Trackpoint><Trackpoint><Time>2025-09-10T14:03:05.032Z</Time><DistanceMeters>3265.4795178943514</DistanceMeters><HeartRateBpm><Value>137</Value></HeartRateBpm><Cadence>23</Cadence><Extensions><ext:TPX><ext:Watts>46.270270270270274</ext:Watts><ext:Torque>20</ext:Torque></ext:TPX></Extensions></Trackpoint><Trackpoint><Time>2025-09-10T14:03:06.363Z</Time><DistanceMeters>3269.2350841800962</DistanceMeters><HeartRateBpm><Value>137</Value></HeartRateBpm><Cadence>22</Cadence><Extensions><ext:TPX><ext:Watts>41.44736842105263</ext:Watts><ext:Torque>20</ext:Torque></ext:TPX></Extensions></Trackpoint><Trackpoint><Time>2025-09-10T14:03:07.622Z</Time><DistanceMeters>3273.2063719816592</DistanceMeters><HeartRateBpm><Value>137</Value></HeartRateBpm><Cadence>24</Cadence><Extensions><ext:TPX><ext:Watts>46.75</ext:Watts><ext:Torque>20</ext:Torque></ext:TPX></Extensions></Trackpoint><Trackpoint><Time>2025-09-10T14:03:08.917Z</Time><DistanceMeters>3277.243117143255</DistanceMeters><HeartRateBpm><Value>136</Value></HeartRateBpm><Cadence>23</Cadence><Extensions><ext:TPX><ext:Watts>45.54054054054054</ext:Watts><ext:Torque>20</ext:Torque></ext:TPX></Extensions></Trackpoint><Trackpoint><Time>2025-09-10T14:03:10.213Z</Time><DistanceMeters>3281.378085777625</DistanceMeters><HeartRateBpm><Value>136</Value></HeartRateBpm><Cadence>23</Cadence><Extensions><ext:TPX><ext:Watts>46.648648648648646</ext:Watts><ext:Torque>20</ext:Torque></ext:TPX></Extensions></Trackpoint><Trackpoint><Time>2025-09-10T14:03:11.507Z</Time><DistanceMeters>3285.4986802452477</DistanceMeters><HeartRateBpm><Value>135</Value></HeartRateBpm><Cadence>23</Cadence><Extensions><ext:TPX><ext:Watts>46.486486486486484</ext:Watts><ext:Torque>20</ext:Torque></ext:TPX></Extensions></Trackpoint><Trackpoint><Time>2025-09-10T14:03:12.773Z</Time><DistanceMeters>3289.5038566103694</DistanceMeters><HeartRateBpm><Value>135</Value></HeartRateBpm><Cadence>24</Cadence><Extensions><ext:TPX><ext:Watts>46.166666666666664</ext:Watts><ext:Torque>20</ext:Torque></ext:TPX></Extensions></Trackpoint><Trackpoint><Time>2025-09-10T14:03:14.067Z</Time><DistanceMeters>3293.5310189941333</DistanceMeters><HeartRateBpm><Value>135</Value></HeartRateBpm><Cadence>23</Cadence><Extensions><ext:TPX><ext:Watts>45.432432432432435</ext:Watts><ext:Torque>20</ext:Torque></ext:TPX></Extensions></Trackpoint><Trackpoint><Time>2025-09-10T14:03:15.362Z</Time><DistanceMeters>3297.706714434288</DistanceMeters><HeartRateBpm><Value>135</Value></HeartRateBpm><Cadence>23</Cadence><Extensions><ext:TPX><ext:Watts>47.108108108108105</ext:Watts><ext:Torque>20</ext:Torque></ext:TPX></Extensions></Trackpoint><Trackpoint><Time>2025-09-10T14:03:16.623Z</Time><DistanceMeters>3301.652046106429</DistanceMeters><HeartRateBpm><Value>134</Value></HeartRateBpm><Cadence>24</Cadence><Extensions><ext:TPX><ext:Watts>46.44444444444444</ext:Watts><ext:Torque>20</ext:Torque></ext:TPX></Extensions></Trackpoint><Trackpoint><Time>2025-09-10T14:03:17.923Z</Time><DistanceMeters>3305.719935295978</DistanceMeters><HeartRateBpm><Value>134</Value></HeartRateBpm><Cadence>23</Cadence><Extensions><ext:TPX><ext:Watts>45.891891891891895</ext:Watts><ext:Torque>20</ext:Torque></ext:TPX></Extensions></Trackpoint><Trackpoint><Time>2025-09-10T14:03:19.183Z</Time><DistanceMeters>3309.615714357404</DistanceMeters><HeartRateBpm><Value>134</Value></HeartRateBpm><Cadence>24</Cadence><Extensions><ext:TPX><ext:Watts>45.861111111111114</ext:Watts><ext:Torque>20</ext:Torque></ext:TPX></Extensions></Trackpoint><Trackpoint><Time>2025-09-10T14:03:20.478Z</Time><DistanceMeters>3313.721934658279</DistanceMeters><HeartRateBpm><Value>134</Value></HeartRateBpm><Cadence>23</Cadence><Extensions><ext:TPX><ext:Watts>46.32432432432432</ext:Watts><ext:Torque>20</ext:Torque></ext:TPX></Extensions></Trackpoint><Trackpoint><Time>2025-09-10T14:03:21.738Z</Time><DistanceMeters>3317.605915479059</DistanceMeters><HeartRateBpm><Value>134</Value></HeartRateBpm><Cadence>24</Cadence><Extensions><ext:TPX><ext:Watts>45.72222222222222</ext:Watts><ext:Torque>20</ext:Torque></ext:TPX></Extensions></Trackpoint><Trackpoint><Time>2025-09-10T14:03:23.003Z</Time><DistanceMeters>3321.688207153257</DistanceMeters><HeartRateBpm><Value>134</Value></HeartRateBpm><Cadence>24</Cadence><Extensions><ext:TPX><ext:Watts>47.05555555555556</ext:Watts><ext:Torque>20</ext:Torque></ext:TPX></Extensions></Trackpoint><Trackpoint><Time>2025-09-10T14:03:24.298Z</Time><DistanceMeters>3325.7369307871422</DistanceMeters><HeartRateBpm><Value>134</Value></HeartRateBpm><Cadence>23</Cadence><Extensions><ext:TPX><ext:Watts>45.67567567567568</ext:Watts><ext:Torque>20</ext:Torque></ext:TPX></Extensions></Trackpoint><Trackpoint><Time>2025-09-10T14:03:25.558Z</Time><DistanceMeters>3329.6327098485685</DistanceMeters><HeartRateBpm><Value>134</Value></HeartRateBpm><Cadence>24</Cadence><Extensions><ext:TPX><ext:Watts>45.861111111111114</ext:Watts><ext:Torque>20</ext:Torque></ext:TPX></Extensions></Trackpoint><Trackpoint><Time>2025-09-10T14:03:26.853Z</Time><DistanceMeters>3333.7197645937804</DistanceMeters><HeartRateBpm><Value>135</Value></HeartRateBpm><Cadence>23</Cadence><Extensions><ext:TPX><ext:Watts>46.108108108108105</ext:Watts><ext:Torque>20</ext:Torque></ext:TPX></Extensions></Trackpoint><Trackpoint><Time>2025-09-10T14:03:28.148Z</Time><DistanceMeters>3337.7349485052546</DistanceMeters><HeartRateBpm><Value>135</Value></HeartRateBpm><Cadence>23</Cadence><Extensions><ext:TPX><ext:Watts>45.2972972972973</ext:Watts><ext:Torque>20</ext:Torque></ext:TPX></Extensions></Trackpoint><Trackpoint><Time>2025-09-10T14:03:29.408Z</Time><DistanceMeters>3341.562297770932</DistanceMeters><HeartRateBpm><Value>135</Value></HeartRateBpm><Cadence>24</Cadence><Extensions><ext:TPX><ext:Watts>45.05555555555556</ext:Watts><ext:Torque>20</ext:Torque></ext:TPX></Extensions></Trackpoint><Trackpoint><Time>2025-09-10T14:03:30.738Z</Time><DistanceMeters>3345.8066837954566</DistanceMeters><HeartRateBpm><Value>135</Value></HeartRateBpm><Cadence>22</Cadence><Extensions><ext:TPX><ext:Watts>46.8421052631579</ext:Watts><ext:Torque>20</ext:Torque></ext:TPX></Extensions></Trackpoint><Trackpoint><Time>2025-09-10T14:03:31.998Z</Time><DistanceMeters>3350.039892539369</DistanceMeters><HeartRateBpm><Value>135</Value></HeartRateBpm><Cadence>24</Cadence><Extensions><ext:TPX><ext:Watts>49.833333333333336</ext:Watts><ext:Torque>20</ext:Torque></ext:TPX></Extensions></Trackpoint><Trackpoint><Time>2025-09-10T14:03:33.293Z</Time><DistanceMeters>3354.273084646514</DistanceMeters><HeartRateBpm><Value>135</Value></HeartRateBpm><Cadence>23</Cadence><Extensions><ext:TPX><ext:Watts>47.75675675675676</ext:Watts><ext:Torque>20</ext:Torque></ext:TPX></Extensions></Trackpoint><Trackpoint><Time>2025-09-10T14:03:34.553Z</Time><DistanceMeters>3358.482696909133</DistanceMeters><HeartRateBpm><Value>135</Value></HeartRateBpm><Cadence>24</Cadence><Extensions><ext:TPX><ext:Watts>49.55555555555556</ext:Watts><ext:Torque>20</ext:Torque></ext:TPX></Extensions></Trackpoint><Trackpoint><Time>2025-09-10T14:03:35.848Z</Time><DistanceMeters>3362.7614072109786</DistanceMeters><HeartRateBpm><Value>135</Value></HeartRateBpm><Cadence>23</Cadence><Extensions><ext:TPX><ext:Watts>48.270270270270274</ext:Watts><ext:Torque>20</ext:Torque></ext:TPX></Extensions></Trackpoint><Trackpoint><Time>2025-09-10T14:03:37.113Z</Time><DistanceMeters>3367.0364871578654</DistanceMeters><HeartRateBpm><Value>135</Value></HeartRateBpm><Cadence>24</Cadence><Extensions><ext:TPX><ext:Watts>49.27777777777778</ext:Watts><ext:Torque>20</ext:Torque></ext:TPX></Extensions></Trackpoint><Trackpoint><Time>2025-09-10T14:03:38.374Z</Time><DistanceMeters>3371.300371327458</DistanceMeters><HeartRateBpm><Value>135</Value></HeartRateBpm><Cadence>24</Cadence><Extensions><ext:TPX><ext:Watts>50.19444444444444</ext:Watts><ext:Torque>20</ext:Torque></ext:TPX></Extensions></Trackpoint><Trackpoint><Time>2025-09-10T14:03:39.633Z</Time><DistanceMeters>3375.446273090587</DistanceMeters><HeartRateBpm><Value>135</Value></HeartRateBpm><Cadence>24</Cadence><Extensions><ext:TPX><ext:Watts>48.80555555555556</ext:Watts><ext:Torque>20</ext:Torque></ext:TPX></Extensions></Trackpoint><Trackpoint><Time>2025-09-10T14:03:40.928Z</Time><DistanceMeters>3379.748940337012</DistanceMeters><HeartRateBpm><Value>135</Value></HeartRateBpm><Cadence>23</Cadence><Extensions><ext:TPX><ext:Watts>48.54054054054054</ext:Watts><ext:Torque>20</ext:Torque></ext:TPX></Extensions></Trackpoint><Trackpoint><Time>2025-09-10T14:03:42.193Z</Time><DistanceMeters>3383.9469049748227</DistanceMeters><HeartRateBpm><Value>135</Value></HeartRateBpm><Cadence>24</Cadence><Extensions><ext:TPX><ext:Watts>48.388888888888886</ext:Watts><ext:Torque>20</ext:Torque></ext:TPX></Extensions></Trackpoint><Trackpoint><Time>2025-09-10T14:03:43.453Z</Time><DistanceMeters>3388.069210256659</DistanceMeters><HeartRateBpm><Value>136</Value></HeartRateBpm><Cadence>24</Cadence><Extensions><ext:TPX><ext:Watts>48.52777777777778</ext:Watts><ext:Torque>20</ext:Torque></ext:TPX></Extensions></Trackpoint><Trackpoint><Time>2025-09-10T14:03:44.723Z</Time><DistanceMeters>3392.2985029887823</DistanceMeters><HeartRateBpm><Value>136</Value></HeartRateBpm><Cadence>24</Cadence><Extensions><ext:TPX><ext:Watts>48.75</ext:Watts><ext:Torque>20</ext:Torque></ext:TPX></Extensions></Trackpoint><Trackpoint><Time>2025-09-10T14:03:46.018Z</Time><DistanceMeters>3396.582004679544</DistanceMeters><HeartRateBpm><Value>136</Value></HeartRateBpm><Cadence>23</Cadence><Extensions><ext:TPX><ext:Watts>48.32432432432432</ext:Watts><ext:Torque>20</ext:Torque></ext:TPX></Extensions></Trackpoint><Trackpoint><Time>2025-09-10T14:03:47.313Z</Time><DistanceMeters>3400.683433591503</DistanceMeters><HeartRateBpm><Value>136</Value></HeartRateBpm><Cadence>23</Cadence><Extensions><ext:TPX><ext:Watts>46.270270270270274</ext:Watts><ext:Torque>20</ext:Torque></ext:TPX></Extensions></Trackpoint><Trackpoint><Time>2025-09-10T14:03:48.538Z</Time><DistanceMeters>3404.768038162908</DistanceMeters><HeartRateBpm><Value>136</Value></HeartRateBpm><Cadence>24</Cadence><Extensions><ext:TPX><ext:Watts>49.08571428571429</ext:Watts><ext:Torque>20</ext:Torque></ext:TPX></Extensions></Trackpoint><Trackpoint><Time>2025-09-10T14:03:49.763Z</Time><DistanceMeters>3408.6624399603243</DistanceMeters><HeartRateBpm><Value>136</Value></HeartRateBpm><Cadence>24</Cadence><Extensions><ext:TPX><ext:Watts>46.8</ext:Watts><ext:Torque>20</ext:Torque></ext:TPX></Extensions></Trackpoint><Trackpoint><Time>2025-09-10T14:03:51.058Z</Time><DistanceMeters>3412.809387066984</DistanceMeters><HeartRateBpm><Value>136</Value></HeartRateBpm><Cadence>23</Cadence><Extensions><ext:TPX><ext:Watts>46.78378378378378</ext:Watts><ext:Torque>20</ext:Torque></ext:TPX></Extensions></Trackpoint><Trackpoint><Time>2025-09-10T14:03:52.318Z</Time><DistanceMeters>3416.860902904942</DistanceMeters><HeartRateBpm><Value>136</Value></HeartRateBpm><Cadence>24</Cadence><Extensions><ext:TPX><ext:Watts>47.69444444444444</ext:Watts><ext:Torque>20</ext:Torque></ext:TPX></Extensions></Trackpoint><Trackpoint><Time>2025-09-10T14:03:53.543Z</Time><DistanceMeters>3420.8932017135003</DistanceMeters><HeartRateBpm><Value>136</Value></HeartRateBpm><Cadence>24</Cadence><Extensions><ext:TPX><ext:Watts>48.457142857142856</ext:Watts><ext:Torque>20</ext:Torque></ext:TPX></Extensions></Trackpoint><Trackpoint><Time>2025-09-10T14:03:54.803Z</Time><DistanceMeters>3424.8692088113216</DistanceMeters><HeartRateBpm><Value>137</Value></HeartRateBpm><Cadence>24</Cadence><Extensions><ext:TPX><ext:Watts>46.80555555555556</ext:Watts><ext:Torque>20</ext:Torque></ext:TPX></Extensions></Trackpoint><Trackpoint><Time>2025-09-10T14:03:56.068Z</Time><DistanceMeters>3428.8816147366692</DistanceMeters><HeartRateBpm><Value>137</Value></HeartRateBpm><Cadence>24</Cadence><Extensions><ext:TPX><ext:Watts>46.25</ext:Watts><ext:Torque>20</ext:Torque></ext:TPX></Extensions></Trackpoint><Trackpoint><Time>2025-09-10T14:03:57.328Z</Time><DistanceMeters>3432.8316657050686</DistanceMeters><HeartRateBpm><Value>137</Value></HeartRateBpm><Cadence>24</Cadence><Extensions><ext:TPX><ext:Watts>46.5</ext:Watts><ext:Torque>20</ext:Torque></ext:TPX></Extensions></Trackpoint><Trackpoint><Time>2025-09-10T14:03:58.553Z</Time><DistanceMeters>3436.8259239588288</DistanceMeters><HeartRateBpm><Value>137</Value></HeartRateBpm><Cadence>24</Cadence><Extensions><ext:TPX><ext:Watts>48.0</ext:Watts><ext:Torque>20</ext:Torque></ext:TPX></Extensions></Trackpoint><Trackpoint><Time>2025-09-10T14:03:59.848Z</Time><DistanceMeters>3441.085468705011</DistanceMeters><HeartRateBpm><Value>137</Value></HeartRateBpm><Cadence>23</Cadence><Extensions><ext:TPX><ext:Watts>48.054054054054056</ext:Watts><ext:Torque>20</ext:Torque></ext:TPX></Extensions></Trackpoint><Trackpoint><Time>2025-09-10T14:04:01.073Z</Time><DistanceMeters>3445.117767513569</DistanceMeters><HeartRateBpm><Value>137</Value></HeartRateBpm><Cadence>24</Cadence><Extensions><ext:TPX><ext:Watts>48.457142857142856</ext:Watts><ext:Torque>20</ext:Torque></ext:TPX></Extensions></Trackpoint><Trackpoint><Time>2025-09-10T14:04:02.303Z</Time><DistanceMeters>3449.1928619462747</DistanceMeters><HeartRateBpm><Value>137</Value></HeartRateBpm><Cadence>24</Cadence><Extensions><ext:TPX><ext:Watts>48.97142857142857</ext:Watts><ext:Torque>20</ext:Torque></ext:TPX></Extensions></Trackpoint><Trackpoint><Time>2025-09-10T14:04:03.564Z</Time><DistanceMeters>3453.338763709404</DistanceMeters><HeartRateBpm><Value>137</Value></HeartRateBpm><Cadence>24</Cadence><Extensions><ext:TPX><ext:Watts>48.80555555555556</ext:Watts><ext:Torque>20</ext:Torque></ext:TPX></Extensions></Trackpoint><Trackpoint><Time>2025-09-10T14:04:04.823Z</Time><DistanceMeters>3457.423314621172</DistanceMeters><HeartRateBpm><Value>137</Value></HeartRateBpm><Cadence>24</Cadence><Extensions><ext:TPX><ext:Watts>48.083333333333336</ext:Watts><ext:Torque>20</ext:Torque></ext:TPX></Extensions></Trackpoint><Trackpoint><Time>2025-09-10T14:04:06.084Z</Time><DistanceMeters>3461.562137439913</DistanceMeters><HeartRateBpm><Value>138</Value></HeartRateBpm><Cadence>24</Cadence><Extensions><ext:TPX><ext:Watts>48.72222222222222</ext:Watts><ext:Torque>20</ext:Torque></ext:TPX></Extensions></Trackpoint><Trackpoint><Time>2025-09-10T14:04:07.314Z</Time><DistanceMeters>3465.6705173580663</DistanceMeters><HeartRateBpm><Value>138</Value></HeartRateBpm><Cadence>24</Cadence><Extensions><ext:TPX><ext:Watts>49.371428571428574</ext:Watts><ext:Torque>20</ext:Torque></ext:TPX></Extensions></Trackpoint><Trackpoint><Time>2025-09-10T14:04:08.574Z</Time><DistanceMeters>3469.693717418473</DistanceMeters><HeartRateBpm><Value>138</Value></HeartRateBpm><Cadence>24</Cadence><Extensions><ext:TPX><ext:Watts>47.361111111111114</ext:Watts><ext:Torque>20</ext:Torque></ext:TPX></Extensions></Trackpoint><Trackpoint><Time>2025-09-10T14:04:09.833Z</Time><DistanceMeters>3473.698040293846</DistanceMeters><HeartRateBpm><Value>138</Value></HeartRateBpm><Cadence>24</Cadence><Extensions><ext:TPX><ext:Watts>47.138888888888886</ext:Watts><ext:Torque>20</ext:Torque></ext:TPX></Extensions></Trackpoint><Trackpoint><Time>2025-09-10T14:04:11.058Z</Time><DistanceMeters>3477.685165943582</DistanceMeters><HeartRateBpm><Value>138</Value></HeartRateBpm><Cadence>24</Cadence><Extensions><ext:TPX><ext:Watts>47.91428571428571</ext:Watts><ext:Torque>20</ext:Torque></ext:TPX></Extensions></Trackpoint><Trackpoint><Time>2025-09-10T14:04:12.318Z</Time><DistanceMeters>3481.8782606692967</DistanceMeters><HeartRateBpm><Value>138</Value></HeartRateBpm><Cadence>24</Cadence><Extensions><ext:TPX><ext:Watts>49.361111111111114</ext:Watts><ext:Torque>20</ext:Torque></ext:TPX></Extensions></Trackpoint><Trackpoint><Time>2025-09-10T14:04:13.544Z</Time><DistanceMeters>3486.0650992317205</DistanceMeters><HeartRateBpm><Value>138</Value></HeartRateBpm><Cadence>24</Cadence><Extensions><ext:TPX><ext:Watts>50.31428571428572</ext:Watts><ext:Torque>20</ext:Torque></ext:TPX></Extensions></Trackpoint><Trackpoint><Time>2025-09-10T14:04:14.804Z</Time><DistanceMeters>3490.189764161686</DistanceMeters><HeartRateBpm><Value>138</Value></HeartRateBpm><Cadence>24</Cadence><Extensions><ext:TPX><ext:Watts>48.55555555555556</ext:Watts><ext:Torque>20</ext:Torque></ext:TPX></Extensions></Trackpoint><Trackpoint><Time>2025-09-10T14:04:16.029Z</Time><DistanceMeters>3494.421775882932</DistanceMeters><HeartRateBpm><Value>139</Value></HeartRateBpm><Cadence>24</Cadence><Extensions><ext:TPX><ext:Watts>50.857142857142854</ext:Watts><ext:Torque>20</ext:Torque></ext:TPX></Extensions></Trackpoint><Trackpoint><Time>2025-09-10T14:04:17.324Z</Time><DistanceMeters>3498.6262196565817</DistanceMeters><HeartRateBpm><Value>139</Value></HeartRateBpm><Cadence>23</Cadence><Extensions><ext:TPX><ext:Watts>47.432432432432435</ext:Watts><ext:Torque>20</ext:Torque></ext:TPX></Extensions></Trackpoint><Trackpoint><Time>2025-09-10T14:04:18.549Z</Time><DistanceMeters>3502.920047279374</DistanceMeters><HeartRateBpm><Value>139</Value></HeartRateBpm><Cadence>24</Cadence><Extensions><ext:TPX><ext:Watts>51.6</ext:Watts><ext:Torque>20</ext:Torque></ext:TPX></Extensions></Trackpoint><Trackpoint><Time>2025-09-10T14:04:19.809Z</Time><DistanceMeters>3507.082466579408</DistanceMeters><HeartRateBpm><Value>139</Value></HeartRateBpm><Cadence>24</Cadence><Extensions><ext:TPX><ext:Watts>49.0</ext:Watts><ext:Torque>20</ext:Torque></ext:TPX></Extensions></Trackpoint><Trackpoint><Time>2025-09-10T14:04:21.069Z</Time><DistanceMeters>3511.443096322301</DistanceMeters><HeartRateBpm><Value>140</Value></HeartRateBpm><Cadence>24</Cadence><Extensions><ext:TPX><ext:Watts>51.333333333333336</ext:Watts><ext:Torque>20</ext:Torque></ext:TPX></Extensions></Trackpoint><Trackpoint><Time>2025-09-10T14:04:22.334Z</Time><DistanceMeters>3515.966391170275</DistanceMeters><HeartRateBpm><Value>140</Value></HeartRateBpm><Cadence>24</Cadence><Extensions><ext:TPX><ext:Watts>52.138888888888886</ext:Watts><ext:Torque>20</ext:Torque></ext:TPX></Extensions></Trackpoint><Trackpoint><Time>2025-09-10T14:04:23.594Z</Time><DistanceMeters>3520.2585911174187</DistanceMeters><HeartRateBpm><Value>140</Value></HeartRateBpm><Cadence>24</Cadence><Extensions><ext:TPX><ext:Watts>50.52777777777778</ext:Watts><ext:Torque>20</ext:Torque></ext:TPX></Extensions></Trackpoint><Trackpoint><Time>2025-09-10T14:04:24.854Z</Time><DistanceMeters>3524.7230453779994</DistanceMeters><HeartRateBpm><Value>140</Value></HeartRateBpm><Cadence>24</Cadence><Extensions><ext:TPX><ext:Watts>52.55555555555556</ext:Watts><ext:Torque>20</ext:Torque></ext:TPX></Extensions></Trackpoint><Trackpoint><Time>2025-09-10T14:04:26.114Z</Time><DistanceMeters>3529.135587379736</DistanceMeters><HeartRateBpm><Value>140</Value></HeartRateBpm><Cadence>24</Cadence><Extensions><ext:TPX><ext:Watts>51.94444444444444</ext:Watts><ext:Torque>20</ext:Torque></ext:TPX></Extensions></Trackpoint><Trackpoint><Time>2025-09-10T14:04:27.339Z</Time><DistanceMeters>3533.4745881613508</DistanceMeters><HeartRateBpm><Value>140</Value></HeartRateBpm><Cadence>24</Cadence><Extensions><ext:TPX><ext:Watts>52.142857142857146</ext:Watts><ext:Torque>20</ext:Torque></ext:TPX></Extensions></Trackpoint><Trackpoint><Time>2025-09-10T14:04:28.564Z</Time><DistanceMeters>3538.1084032426475</DistanceMeters><HeartRateBpm><Value>140</Value></HeartRateBpm><Cadence>24</Cadence><Extensions><ext:TPX><ext:Watts>55.68571428571428</ext:Watts><ext:Torque>20</ext:Torque></ext:TPX></Extensions></Trackpoint><Trackpoint><Time>2025-09-10T14:04:29.789Z</Time><DistanceMeters>3542.5543930846306</DistanceMeters><HeartRateBpm><Value>140</Value></HeartRateBpm><Cadence>24</Cadence><Extensions><ext:TPX><ext:Watts>53.42857142857143</ext:Watts><ext:Torque>20</ext:Torque></ext:TPX></Extensions></Trackpoint><Trackpoint><Time>2025-09-10T14:04:31.049Z</Time><DistanceMeters>3547.181663066131</DistanceMeters><HeartRateBpm><Value>140</Value></HeartRateBpm><Cadence>24</Cadence><Extensions><ext:TPX><ext:Watts>54.47222222222222</ext:Watts><ext:Torque>20</ext:Torque></ext:TPX></Extensions></Trackpoint><Trackpoint><Time>2025-09-10T14:04:32.274Z</Time><DistanceMeters>3551.732264433808</DistanceMeters><HeartRateBpm><Value>139</Value></HeartRateBpm><Cadence>24</Cadence><Extensions><ext:TPX><ext:Watts>54.68571428571428</ext:Watts><ext:Torque>20</ext:Torque></ext:TPX></Extensions></Trackpoint><Trackpoint><Time>2025-09-10T14:04:33.534Z</Time><DistanceMeters>3556.3949291372473</DistanceMeters><HeartRateBpm><Value>139</Value></HeartRateBpm><Cadence>24</Cadence><Extensions><ext:TPX><ext:Watts>54.888888888888886</ext:Watts><ext:Torque>20</ext:Torque></ext:TPX></Extensions></Trackpoint><Trackpoint><Time>2025-09-10T14:04:34.759Z</Time><DistanceMeters>3561.0097239411452</DistanceMeters><HeartRateBpm><Value>140</Value></HeartRateBpm><Cadence>24</Cadence><Extensions><ext:TPX><ext:Watts>55.457142857142856</ext:Watts><ext:Torque>20</ext:Torque></ext:TPX></Extensions></Trackpoint><Trackpoint><Time>2025-09-10T14:04:35.984Z</Time><DistanceMeters>3565.5531927047973</DistanceMeters><HeartRateBpm><Value>140</Value></HeartRateBpm><Cadence>24</Cadence><Extensions><ext:TPX><ext:Watts>54.6</ext:Watts><ext:Torque>20</ext:Torque></ext:TPX></Extensions></Trackpoint><Trackpoint><Time>2025-09-10T14:04:37.209Z</Time><DistanceMeters>3569.9801622693817</DistanceMeters><HeartRateBpm><Value>140</Value></HeartRateBpm><Cadence>24</Cadence><Extensions><ext:TPX><ext:Watts>53.2</ext:Watts><ext:Torque>20</ext:Torque></ext:TPX></Extensions></Trackpoint><Trackpoint><Time>2025-09-10T14:04:38.469Z</Time><DistanceMeters>3574.7301339536043</DistanceMeters><HeartRateBpm><Value>140</Value></HeartRateBpm><Cadence>24</Cadence><Extensions><ext:TPX><ext:Watts>55.916666666666664</ext:Watts><ext:Torque>20</ext:Torque></ext:TPX></Extensions></Trackpoint><Trackpoint><Time>2025-09-10T14:04:39.694Z</Time><DistanceMeters>3579.558906878239</DistanceMeters><HeartRateBpm><Value>140</Value></HeartRateBpm><Cadence>24</Cadence><Extensions><ext:TPX><ext:Watts>58.02857142857143</ext:Watts><ext:Torque>20</ext:Torque></ext:TPX></Extensions></Trackpoint><Trackpoint><Time>2025-09-10T14:04:40.954Z</Time><DistanceMeters>3584.337194340013</DistanceMeters><HeartRateBpm><Value>140</Value></HeartRateBpm><Cadence>24</Cadence><Extensions><ext:TPX><ext:Watts>56.25</ext:Watts><ext:Torque>20</ext:Torque></ext:TPX></Extensions></Trackpoint><Trackpoint><Time>2025-09-10T14:04:42.179Z</Time><DistanceMeters>3589.270578790342</DistanceMeters><HeartRateBpm><Value>140</Value></HeartRateBpm><Cadence>24</Cadence><Extensions><ext:TPX><ext:Watts>59.285714285714285</ext:Watts><ext:Torque>20</ext:Torque></ext:TPX></Extensions></Trackpoint><Trackpoint><Time>2025-09-10T14:04:43.404Z</Time><DistanceMeters>3594.05180102148</DistanceMeters><HeartRateBpm><Value>141</Value></HeartRateBpm><Cadence>24</Cadence><Extensions><ext:TPX><ext:Watts>57.457142857142856</ext:Watts><ext:Torque>20</ext:Torque></ext:TPX></Extensions></Trackpoint><Trackpoint><Time>2025-09-10T14:04:44.629Z</Time><DistanceMeters>3598.785472559121</DistanceMeters><HeartRateBpm><Value>141</Value></HeartRateBpm><Cadence>24</Cadence><Extensions><ext:TPX><ext:Watts>56.885714285714286</ext:Watts><ext:Torque>20</ext:Torque></ext:TPX></Extensions></Trackpoint><Trackpoint><Time>2025-09-10T14:04:45.859Z</Time><DistanceMeters>3603.5548071168846</DistanceMeters><HeartRateBpm><Value>141</Value></HeartRateBpm><Cadence>24</Cadence><Extensions><ext:TPX><ext:Watts>57.31428571428572</ext:Watts><ext:Torque>20</ext:Torque></ext:TPX></Extensions></Trackpoint><Trackpoint><Time>2025-09-10T14:04:47.085Z</Time><DistanceMeters>3608.214775079605</DistanceMeters><HeartRateBpm><Value>141</Value></HeartRateBpm><Cadence>24</Cadence><Extensions><ext:TPX><ext:Watts>56.0</ext:Watts><ext:Torque>20</ext:Torque></ext:TPX></Extensions></Trackpoint><Trackpoint><Time>2025-09-10T14:04:48.309Z</Time><DistanceMeters>3612.860477834276</DistanceMeters><HeartRateBpm><Value>141</Value></HeartRateBpm><Cadence>24</Cadence><Extensions><ext:TPX><ext:Watts>55.82857142857143</ext:Watts><ext:Torque>20</ext:Torque></ext:TPX></Extensions></Trackpoint><Trackpoint><Time>2025-09-10T14:04:49.569Z</Time><DistanceMeters>3617.6529231848253</DistanceMeters><HeartRateBpm><Value>141</Value></HeartRateBpm><Cadence>24</Cadence><Extensions><ext:TPX><ext:Watts>56.416666666666664</ext:Watts><ext:Torque>20</ext:Torque></ext:TPX></Extensions></Trackpoint><Trackpoint><Time>2025-09-10T14:04:50.804Z</Time><DistanceMeters>3622.405614999865</DistanceMeters><HeartRateBpm><Value>141</Value></HeartRateBpm><Cadence>24</Cadence><Extensions><ext:TPX><ext:Watts>57.114285714285714</ext:Watts><ext:Torque>20</ext:Torque></ext:TPX></Extensions></Trackpoint><Trackpoint><Time>2025-09-10T14:04:52.029Z</Time><DistanceMeters>3627.336621915519</DistanceMeters><HeartRateBpm><Value>141</Value></HeartRateBpm><Cadence>24</Cadence><Extensions><ext:TPX><ext:Watts>59.25714285714286</ext:Watts><ext:Torque>20</ext:Torque></ext:TPX></Extensions></Trackpoint><Trackpoint><Time>2025-09-10T14:04:53.225Z</Time><DistanceMeters>3632.344716896631</DistanceMeters><HeartRateBpm><Value>141</Value></HeartRateBpm><Cadence>25</Cadence><Extensions><ext:TPX><ext:Watts>61.411764705882355</ext:Watts><ext:Torque>20</ext:Torque></ext:TPX></Extensions></Trackpoint><Trackpoint><Time>2025-09-10T14:04:54.449Z</Time><DistanceMeters>3637.085521038296</DistanceMeters><HeartRateBpm><Value>142</Value></HeartRateBpm><Cadence>24</Cadence><Extensions><ext:TPX><ext:Watts>56.97142857142857</ext:Watts><ext:Torque>20</ext:Torque></ext:TPX></Extensions></Trackpoint><Trackpoint><Time>2025-09-10T14:04:55.640Z</Time><DistanceMeters>3641.777012313705</DistanceMeters><HeartRateBpm><Value>142</Value></HeartRateBpm><Cadence>25</Cadence><Extensions><ext:TPX><ext:Watts>57.529411764705884</ext:Watts><ext:Torque>20</ext:Torque></ext:TPX></Extensions></Trackpoint><Trackpoint><Time>2025-09-10T14:04:56.899Z</Time><DistanceMeters>3646.5128261091522</DistanceMeters><HeartRateBpm><Value>142</Value></HeartRateBpm><Cadence>24</Cadence><Extensions><ext:TPX><ext:Watts>55.75</ext:Watts><ext:Torque>20</ext:Torque></ext:TPX></Extensions></Trackpoint><Trackpoint><Time>2025-09-10T14:04:58.125Z</Time><DistanceMeters>3651.401037400659</DistanceMeters><HeartRateBpm><Value>142</Value></HeartRateBpm><Cadence>24</Cadence><Extensions><ext:TPX><ext:Watts>58.74285714285714</ext:Watts><ext:Torque>20</ext:Torque></ext:TPX></Extensions></Trackpoint><Trackpoint><Time>2025-09-10T14:04:59.349Z</Time><DistanceMeters>3656.1513516810237</DistanceMeters><HeartRateBpm><Value>142</Value></HeartRateBpm><Cadence>24</Cadence><Extensions><ext:TPX><ext:Watts>57.08571428571429</ext:Watts><ext:Torque>20</ext:Torque></ext:TPX></Extensions></Trackpoint><Trackpoint><Time>2025-09-10T14:05:00.575Z</Time><DistanceMeters>3660.7851667623204</DistanceMeters><HeartRateBpm><Value>142</Value></HeartRateBpm><Cadence>24</Cadence><Extensions><ext:TPX><ext:Watts>55.68571428571428</ext:Watts><ext:Torque>20</ext:Torque></ext:TPX></Extensions></Trackpoint><Trackpoint><Time>2025-09-10T14:05:01.835Z</Time><DistanceMeters>3665.615366482938</DistanceMeters><HeartRateBpm><Value>143</Value></HeartRateBpm><Cadence>24</Cadence><Extensions><ext:TPX><ext:Watts>56.861111111111114</ext:Watts><ext:Torque>20</ext:Torque></ext:TPX></Extensions></Trackpoint><Trackpoint><Time>2025-09-10T14:05:03.059Z</Time><DistanceMeters>3670.49169010107</DistanceMeters><HeartRateBpm><Value>143</Value></HeartRateBpm><Cadence>24</Cadence><Extensions><ext:TPX><ext:Watts>58.6</ext:Watts><ext:Torque>20</ext:Torque></ext:TPX></Extensions></Trackpoint><Trackpoint><Time>2025-09-10T14:05:04.285Z</Time><DistanceMeters>3675.1683008065143</DistanceMeters><HeartRateBpm><Value>143</Value></HeartRateBpm><Cadence>24</Cadence><Extensions><ext:TPX><ext:Watts>56.2</ext:Watts><ext:Torque>20</ext:Torque></ext:TPX></Extensions></Trackpoint><Trackpoint><Time>2025-09-10T14:05:05.509Z</Time><DistanceMeters>3679.8639317893576</DistanceMeters><HeartRateBpm><Value>143</Value></HeartRateBpm><Cadence>24</Cadence><Extensions><ext:TPX><ext:Watts>56.42857142857143</ext:Watts><ext:Torque>20</ext:Torque></ext:TPX></Extensions></Trackpoint><Trackpoint><Time>2025-09-10T14:05:06.775Z</Time><DistanceMeters>3684.613752857742</DistanceMeters><HeartRateBpm><Value>143</Value></HeartRateBpm><Cadence>24</Cadence><Extensions><ext:TPX><ext:Watts>54.75</ext:Watts><ext:Torque>20</ext:Torque></ext:TPX></Extensions></Trackpoint><Trackpoint><Time>2025-09-10T14:05:07.999Z</Time><DistanceMeters>3689.359312068757</DistanceMeters><HeartRateBpm><Value>143</Value></HeartRateBpm><Cadence>24</Cadence><Extensions><ext:TPX><ext:Watts>57.02857142857143</ext:Watts><ext:Torque>20</ext:Torque></ext:TPX></Extensions></Trackpoint><Trackpoint><Time>2025-09-10T14:05:09.190Z</Time><DistanceMeters>3694.1467438610457</DistanceMeters><HeartRateBpm><Value>143</Value></HeartRateBpm><Cadence>25</Cadence><Extensions><ext:TPX><ext:Watts>58.705882352941174</ext:Watts><ext:Torque>20</ext:Torque></ext:TPX></Extensions></Trackpoint><Trackpoint><Time>2025-09-10T14:05:10.450Z</Time><DistanceMeters>3698.8377243420364</DistanceMeters><HeartRateBpm><Value>144</Value></HeartRateBpm><Cadence>24</Cadence><Extensions><ext:TPX><ext:Watts>55.22222222222222</ext:Watts><ext:Torque>20</ext:Torque></ext:TPX></Extensions></Trackpoint><Trackpoint><Time>2025-09-10T14:05:11.675Z</Time><DistanceMeters>3703.6664972666713</DistanceMeters><HeartRateBpm><Value>145</Value></HeartRateBpm><Cadence>24</Cadence><Extensions><ext:TPX><ext:Watts>58.02857142857143</ext:Watts><ext:Torque>20</ext:Torque></ext:TPX></Extensions></Trackpoint><Trackpoint><Time>2025-09-10T14:05:12.935Z</Time><DistanceMeters>3708.409390006506</DistanceMeters><HeartRateBpm><Value>145</Value></HeartRateBpm><Cadence>24</Cadence><Extensions><ext:TPX><ext:Watts>55.833333333333336</ext:Watts><ext:Torque>20</ext:Torque></ext:TPX></Extensions></Trackpoint><Trackpoint><Time>2025-09-10T14:05:14.125Z</Time><DistanceMeters>3713.1056783077593</DistanceMeters><HeartRateBpm><Value>146</Value></HeartRateBpm><Cadence>25</Cadence><Extensions><ext:TPX><ext:Watts>57.588235294117645</ext:Watts><ext:Torque>20</ext:Torque></ext:TPX></Extensions></Trackpoint><Trackpoint><Time>2025-09-10T14:05:15.349Z</Time><DistanceMeters>3717.858370122799</DistanceMeters><HeartRateBpm><Value>146</Value></HeartRateBpm><Cadence>24</Cadence><Extensions><ext:TPX><ext:Watts>57.114285714285714</ext:Watts><ext:Torque>20</ext:Torque></ext:TPX></Extensions></Trackpoint><Trackpoint><Time>2025-09-10T14:05:16.610Z</Time><DistanceMeters>3722.476201511782</DistanceMeters><HeartRateBpm><Value>146</Value></HeartRateBpm><Cadence>24</Cadence><Extensions><ext:TPX><ext:Watts>54.361111111111114</ext:Watts><ext:Torque>20</ext:Torque></ext:TPX></Extensions></Trackpoint><Trackpoint><Time>2025-09-10T14:05:17.870Z</Time><DistanceMeters>3726.784918995831</DistanceMeters><HeartRateBpm><Value>147</Value></HeartRateBpm><Cadence>24</Cadence><Extensions><ext:TPX><ext:Watts>50.72222222222222</ext:Watts><ext:Torque>20</ext:Torque></ext:TPX></Extensions></Trackpoint><Trackpoint><Time>2025-09-10T14:05:19.130Z</Time><DistanceMeters>3731.4121889773314</DistanceMeters><HeartRateBpm><Value>148</Value></HeartRateBpm><Cadence>24</Cadence><Extensions><ext:TPX><ext:Watts>54.47222222222222</ext:Watts><ext:Torque>20</ext:Torque></ext:TPX></Extensions></Trackpoint><Trackpoint><Time>2025-09-10T14:05:20.460Z</Time><DistanceMeters>3736.1787775520643</DistanceMeters><HeartRateBpm><Value>148</Value></HeartRateBpm><Cadence>22</Cadence><Extensions><ext:TPX><ext:Watts>52.60526315789474</ext:Watts><ext:Torque>20</ext:Torque></ext:TPX></Extensions></Trackpoint><Trackpoint><Time>2025-09-10T14:05:21.790Z</Time><DistanceMeters>3740.8309107733267</DistanceMeters><HeartRateBpm><Value>149</Value></HeartRateBpm><Cadence>22</Cadence><Extensions><ext:TPX><ext:Watts>51.3421052631579</ext:Watts><ext:Torque>20</ext:Torque></ext:TPX></Extensions></Trackpoint><Trackpoint><Time>2025-09-10T14:05:23.120Z</Time><DistanceMeters>3745.554578590508</DistanceMeters><HeartRateBpm><Value>149</Value></HeartRateBpm><Cadence>22</Cadence><Extensions><ext:TPX><ext:Watts>52.13157894736842</ext:Watts><ext:Torque>20</ext:Torque></ext:TPX></Extensions></Trackpoint><Trackpoint><Time>2025-09-10T14:05:24.485Z</Time><DistanceMeters>3750.4185559315492</DistanceMeters><HeartRateBpm><Value>149</Value></HeartRateBpm><Cadence>22</Cadence><Extensions><ext:TPX><ext:Watts>52.48717948717949</ext:Watts><ext:Torque>20</ext:Torque></ext:TPX></Extensions></Trackpoint><Trackpoint><Time>2025-09-10T14:05:25.815Z</Time><DistanceMeters>3755.094534018118</DistanceMeters><HeartRateBpm><Value>149</Value></HeartRateBpm><Cadence>22</Cadence><Extensions><ext:TPX><ext:Watts>51.60526315789474</ext:Watts><ext:Torque>20</ext:Torque></ext:TPX></Extensions></Trackpoint><Trackpoint><Time>2025-09-10T14:05:27.145Z</Time><DistanceMeters>3759.765743131625</DistanceMeters><HeartRateBpm><Value>148</Value></HeartRateBpm><Cadence>22</Cadence><Extensions><ext:TPX><ext:Watts>51.55263157894737</ext:Watts><ext:Torque>20</ext:Torque></ext:TPX></Extensions></Trackpoint><Trackpoint><Time>2025-09-10T14:05:28.440Z</Time><DistanceMeters>3764.521196630597</DistanceMeters><HeartRateBpm><Value>148</Value></HeartRateBpm><Cadence>23</Cadence><Extensions><ext:TPX><ext:Watts>53.648648648648646</ext:Watts><ext:Torque>20</ext:Torque></ext:TPX></Extensions></Trackpoint><Trackpoint><Time>2025-09-10T14:05:29.740Z</Time><DistanceMeters>3769.3173769353534</DistanceMeters><HeartRateBpm><Value>148</Value></HeartRateBpm><Cadence>23</Cadence><Extensions><ext:TPX><ext:Watts>54.108108108108105</ext:Watts><ext:Torque>20</ext:Torque></ext:TPX></Extensions></Trackpoint><Trackpoint><Time>2025-09-10T14:05:31.035Z</Time><DistanceMeters>3774.2381333519215</DistanceMeters><HeartRateBpm><Value>147</Value></HeartRateBpm><Cadence>23</Cadence><Extensions><ext:TPX><ext:Watts>55.513513513513516</ext:Watts><ext:Torque>20</ext:Torque></ext:TPX></Extensions></Trackpoint><Trackpoint><Time>2025-09-10T14:05:32.335Z</Time><DistanceMeters>3779.1325371294524</DistanceMeters><HeartRateBpm><Value>147</Value></HeartRateBpm><Cadence>23</Cadence><Extensions><ext:TPX><ext:Watts>55.21621621621622</ext:Watts><ext:Torque>20</ext:Torque></ext:TPX></Extensions></Trackpoint><Trackpoint><Time>2025-09-10T14:05:33.635Z</Time><DistanceMeters>3783.981422712283</DistanceMeters><HeartRateBpm><Value>147</Value></HeartRateBpm><Cadence>23</Cadence><Extensions><ext:TPX><ext:Watts>54.7027027027027</ext:Watts><ext:Torque>20</ext:Torque></ext:TPX></Extensions></Trackpoint><Trackpoint><Time>2025-09-10T14:05:34.895Z</Time><DistanceMeters>3788.8139820810297</DistanceMeters><HeartRateBpm><Value>147</Value></HeartRateBpm><Cadence>24</Cadence><Extensions><ext:TPX><ext:Watts>56.888888888888886</ext:Watts><ext:Torque>20</ext:Torque></ext:TPX></Extensions></Trackpoint><Trackpoint><Time>2025-09-10T14:05:36.190Z</Time><DistanceMeters>3793.583809746749</DistanceMeters><HeartRateBpm><Value>146</Value></HeartRateBpm><Cadence>23</Cadence><Extensions><ext:TPX><ext:Watts>53.810810810810814</ext:Watts><ext:Torque>20</ext:Torque></ext:TPX></Extensions></Trackpoint><Trackpoint><Time>2025-09-10T14:05:37.450Z</Time><DistanceMeters>3798.5201936331837</DistanceMeters><HeartRateBpm><Value>146</Value></HeartRateBpm><Cadence>24</Cadence><Extensions><ext:TPX><ext:Watts>58.111111111111114</ext:Watts><ext:Torque>20</ext:Torque></ext:TPX></Extensions></Trackpoint><Trackpoint><Time>2025-09-10T14:05:38.675Z</Time><DistanceMeters>3803.3394564191194</DistanceMeters><HeartRateBpm><Value>146</Value></HeartRateBpm><Cadence>24</Cadence><Extensions><ext:TPX><ext:Watts>57.91428571428571</ext:Watts><ext:Torque>20</ext:Torque></ext:TPX></Extensions></Trackpoint><Trackpoint><Time>2025-09-10T14:05:39.970Z</Time><DistanceMeters>3808.0422046400167</DistanceMeters><HeartRateBpm><Value>146</Value></HeartRateBpm><Cadence>23</Cadence><Extensions><ext:TPX><ext:Watts>53.054054054054056</ext:Watts><ext:Torque>20</ext:Torque></ext:TPX></Extensions></Trackpoint><Trackpoint><Time>2025-09-10T14:05:41.265Z</Time><DistanceMeters>3812.900673000679</DistanceMeters><HeartRateBpm><Value>145</Value></HeartRateBpm><Cadence>23</Cadence><Extensions><ext:TPX><ext:Watts>54.810810810810814</ext:Watts><ext:Torque>20</ext:Torque></ext:TPX></Extensions></Trackpoint><Trackpoint><Time>2025-09-10T14:05:42.595Z</Time><DistanceMeters>3817.7912548750046</DistanceMeters><HeartRateBpm><Value>146</Value></HeartRateBpm><Cadence>22</Cadence><Extensions><ext:TPX><ext:Watts>53.973684210526315</ext:Watts><ext:Torque>20</ext:Torque></ext:TPX></Extensions></Trackpoint><Trackpoint><Time>2025-09-10T14:05:43.891Z</Time><DistanceMeters>3822.589830874219</DistanceMeters><HeartRateBpm><Value>146</Value></HeartRateBpm><Cadence>23</Cadence><Extensions><ext:TPX><ext:Watts>54.13513513513514</ext:Watts><ext:Torque>20</ext:Torque></ext:TPX></Extensions></Trackpoint><Trackpoint><Time>2025-09-10T14:05:45.185Z</Time><DistanceMeters>3827.5057959018714</DistanceMeters><HeartRateBpm><Value>146</Value></HeartRateBpm><Cadence>23</Cadence><Extensions><ext:TPX><ext:Watts>55.45945945945946</ext:Watts><ext:Torque>20</ext:Torque></ext:TPX></Extensions></Trackpoint><Trackpoint><Time>2025-09-10T14:05:46.520Z</Time><DistanceMeters>3832.0816255541536</DistanceMeters><HeartRateBpm><Value>146</Value></HeartRateBpm><Cadence>22</Cadence><Extensions><ext:TPX><ext:Watts>50.5</ext:Watts><ext:Torque>20</ext:Torque></ext:TPX></Extensions></Trackpoint><Trackpoint><Time>2025-09-10T14:05:47.815Z</Time><DistanceMeters>3836.6765675244446</DistanceMeters><HeartRateBpm><Value>146</Value></HeartRateBpm><Cadence>23</Cadence><Extensions><ext:TPX><ext:Watts>51.83783783783784</ext:Watts><ext:Torque>20</ext:Torque></ext:TPX></Extensions></Trackpoint><Trackpoint><Time>2025-09-10T14:05:49.110Z</Time><DistanceMeters>3841.472747829201</DistanceMeters><HeartRateBpm><Value>146</Value></HeartRateBpm><Cadence>23</Cadence><Extensions><ext:TPX><ext:Watts>54.108108108108105</ext:Watts><ext:Torque>20</ext:Torque></ext:TPX></Extensions></Trackpoint><Trackpoint><Time>2025-09-10T14:05:50.405Z</Time><DistanceMeters>3846.2018486891357</DistanceMeters><HeartRateBpm><Value>146</Value></HeartRateBpm><Cadence>23</Cadence><Extensions><ext:TPX><ext:Watts>53.351351351351354</ext:Watts><ext:Torque>20</ext:Torque></ext:TPX></Extensions></Trackpoint><Trackpoint><Time>2025-09-10T14:05:51.700Z</Time><DistanceMeters>3850.794394964969</DistanceMeters><HeartRateBpm><Value>145</Value></HeartRateBpm><Cadence>23</Cadence><Extensions><ext:TPX><ext:Watts>51.810810810810814</ext:Watts><ext:Torque>20</ext:Torque></ext:TPX></Extensions></Trackpoint><Trackpoint><Time>2025-09-10T14:05:53.030Z</Time><DistanceMeters>3855.5919818646</DistanceMeters><HeartRateBpm><Value>145</Value></HeartRateBpm><Cadence>22</Cadence><Extensions><ext:TPX><ext:Watts>52.94736842105263</ext:Watts><ext:Torque>20</ext:Torque></ext:TPX></Extensions></Trackpoint><Trackpoint><Time>2025-09-10T14:05:54.326Z</Time><DistanceMeters>3860.361809530319</DistanceMeters><HeartRateBpm><Value>145</Value></HeartRateBpm><Cadence>23</Cadence><Extensions><ext:TPX><ext:Watts>53.810810810810814</ext:Watts><ext:Torque>20</ext:Torque></ext:TPX></Extensions></Trackpoint><Trackpoint><Time>2025-09-10T14:05:55.620Z</Time><DistanceMeters>3865.177155390739</DistanceMeters><HeartRateBpm><Value>145</Value></HeartRateBpm><Cadence>23</Cadence><Extensions><ext:TPX><ext:Watts>54.32432432432432</ext:Watts><ext:Torque>20</ext:Torque></ext:TPX></Extensions></Trackpoint><Trackpoint><Time>2025-09-10T14:05:56.950Z</Time><DistanceMeters>3869.8745938560833</DistanceMeters><HeartRateBpm><Value>145</Value></HeartRateBpm><Cadence>22</Cadence><Extensions><ext:TPX><ext:Watts>51.8421052631579</ext:Watts><ext:Torque>20</ext:Torque></ext:TPX></Extensions></Trackpoint><Trackpoint><Time>2025-09-10T14:05:58.246Z</Time><DistanceMeters>3874.625255966139</DistanceMeters><HeartRateBpm><Value>145</Value></HeartRateBpm><Cadence>23</Cadence><Extensions><ext:TPX><ext:Watts>53.5945945945946</ext:Watts><ext:Torque>20</ext:Torque></ext:TPX></Extensions></Trackpoint><Trackpoint><Time>2025-09-10T14:05:59.611Z</Time><DistanceMeters>3879.263499136492</DistanceMeters><HeartRateBpm><Value>145</Value></HeartRateBpm><Cadence>22</Cadence><Extensions><ext:TPX><ext:Watts>50.05128205128205</ext:Watts><ext:Torque>20</ext:Torque></ext:TPX></Extensions></Trackpoint><Trackpoint><Time>2025-09-10T14:06:00.940Z</Time><DistanceMeters>3884.0920843610215</DistanceMeters><HeartRateBpm><Value>145</Value></HeartRateBpm><Cadence>22</Cadence><Extensions><ext:TPX><ext:Watts>53.28947368421053</ext:Watts><ext:Torque>20</ext:Torque></ext:TPX></Extensions></Trackpoint><Trackpoint><Time>2025-09-10T14:06:02.236Z</Time><DistanceMeters>3888.7852498040875</DistanceMeters><HeartRateBpm><Value>146</Value></HeartRateBpm><Cadence>23</Cadence><Extensions><ext:TPX><ext:Watts>52.945945945945944</ext:Watts><ext:Torque>20</ext:Torque></ext:TPX></Extensions></Trackpoint><Trackpoint><Time>2025-09-10T14:06:03.566Z</Time><DistanceMeters>3893.4683813502484</DistanceMeters><HeartRateBpm><Value>146</Value></HeartRateBpm><Cadence>22</Cadence><Extensions><ext:TPX><ext:Watts>51.68421052631579</ext:Watts><ext:Torque>20</ext:Torque></ext:TPX></Extensions></Trackpoint><Trackpoint><Time>2025-09-10T14:06:04.861Z</Time><DistanceMeters>3898.2621659605466</DistanceMeters><HeartRateBpm><Value>146</Value></HeartRateBpm><Cadence>23</Cadence><Extensions><ext:TPX><ext:Watts>54.08108108108108</ext:Watts><ext:Torque>20</ext:Torque></ext:TPX></Extensions></Trackpoint><Trackpoint><Time>2025-09-10T14:06:06.191Z</Time><DistanceMeters>3903.0096786430345</DistanceMeters><HeartRateBpm><Value>146</Value></HeartRateBpm><Cadence>22</Cadence><Extensions><ext:TPX><ext:Watts>52.39473684210526</ext:Watts><ext:Torque>20</ext:Torque></ext:TPX></Extensions></Trackpoint><Trackpoint><Time>2025-09-10T14:06:07.486Z</Time><DistanceMeters>3907.8202331145385</DistanceMeters><HeartRateBpm><Value>146</Value></HeartRateBpm><Cadence>23</Cadence><Extensions><ext:TPX><ext:Watts>54.270270270270274</ext:Watts><ext:Torque>20</ext:Torque></ext:TPX></Extensions></Trackpoint><Trackpoint><Time>2025-09-10T14:06:08.786Z</Time><DistanceMeters>3912.6044349470053</DistanceMeters><HeartRateBpm><Value>146</Value></HeartRateBpm><Cadence>23</Cadence><Extensions><ext:TPX><ext:Watts>53.972972972972975</ext:Watts><ext:Torque>20</ext:Torque></ext:TPX></Extensions></Trackpoint><Trackpoint><Time>2025-09-10T14:06:10.116Z</Time><DistanceMeters>3917.282797520105</DistanceMeters><HeartRateBpm><Value>146</Value></HeartRateBpm><Cadence>22</Cadence><Extensions><ext:TPX><ext:Watts>51.63157894736842</ext:Watts><ext:Torque>20</ext:Torque></ext:TPX></Extensions></Trackpoint><Trackpoint><Time>2025-09-10T14:06:11.411Z</Time><DistanceMeters>3921.9496103241336</DistanceMeters><HeartRateBpm><Value>146</Value></HeartRateBpm><Cadence>23</Cadence><Extensions><ext:TPX><ext:Watts>52.648648648648646</ext:Watts><ext:Torque>20</ext:Torque></ext:TPX></Extensions></Trackpoint><Trackpoint><Time>2025-09-10T14:06:12.741Z</Time><DistanceMeters>3926.742428250703</DistanceMeters><HeartRateBpm><Value>146</Value></HeartRateBpm><Cadence>22</Cadence><Extensions><ext:TPX><ext:Watts>52.89473684210526</ext:Watts><ext:Torque>20</ext:Torque></ext:TPX></Extensions></Trackpoint><Trackpoint><Time>2025-09-10T14:06:14.001Z</Time><DistanceMeters>3931.2564351219985</DistanceMeters><HeartRateBpm><Value>146</Value></HeartRateBpm><Cadence>24</Cadence><Extensions><ext:TPX><ext:Watts>53.138888888888886</ext:Watts><ext:Torque>20</ext:Torque></ext:TPX></Extensions></Trackpoint><Trackpoint><Time>2025-09-10T14:06:15.296Z</Time><DistanceMeters>3935.748362230599</DistanceMeters><HeartRateBpm><Value>146</Value></HeartRateBpm><Cadence>23</Cadence><Extensions><ext:TPX><ext:Watts>50.67567567567568</ext:Watts><ext:Torque>20</ext:Torque></ext:TPX></Extensions></Trackpoint><Trackpoint><Time>2025-09-10T14:06:16.591Z</Time><DistanceMeters>3940.316951561853</DistanceMeters><HeartRateBpm><Value>146</Value></HeartRateBpm><Cadence>23</Cadence><Extensions><ext:TPX><ext:Watts>51.54054054054054</ext:Watts><ext:Torque>20</ext:Torque></ext:TPX></Extensions></Trackpoint><Trackpoint><Time>2025-09-10T14:06:17.851Z</Time><DistanceMeters>3944.6587041197113</DistanceMeters><HeartRateBpm><Value>146</Value></HeartRateBpm><Cadence>24</Cadence><Extensions><ext:TPX><ext:Watts>51.111111111111114</ext:Watts><ext:Torque>20</ext:Torque></ext:TPX></Extensions></Trackpoint><Trackpoint><Time>2025-09-10T14:06:19.151Z</Time><DistanceMeters>3949.287185812413</DistanceMeters><HeartRateBpm><Value>146</Value></HeartRateBpm><Cadence>23</Cadence><Extensions><ext:TPX><ext:Watts>52.21621621621622</ext:Watts><ext:Torque>20</ext:Torque></ext:TPX></Extensions></Trackpoint><Trackpoint><Time>2025-09-10T14:06:20.411Z</Time><DistanceMeters>3953.9050172013963</DistanceMeters><HeartRateBpm><Value>146</Value></HeartRateBpm><Cadence>24</Cadence><Extensions><ext:TPX><ext:Watts>54.361111111111114</ext:Watts><ext:Torque>20</ext:Torque></ext:TPX></Extensions></Trackpoint><Trackpoint><Time>2025-09-10T14:06:21.706Z</Time><DistanceMeters>3958.655679311452</DistanceMeters><HeartRateBpm><Value>145</Value></HeartRateBpm><Cadence>23</Cadence><Extensions><ext:TPX><ext:Watts>53.5945945945946</ext:Watts><ext:Torque>20</ext:Torque></ext:TPX></Extensions></Trackpoint><Trackpoint><Time>2025-09-10T14:06:22.966Z</Time><DistanceMeters>3963.3395808480545</DistanceMeters><HeartRateBpm><Value>145</Value></HeartRateBpm><Cadence>24</Cadence><Extensions><ext:TPX><ext:Watts>55.138888888888886</ext:Watts><ext:Torque>20</ext:Torque></ext:TPX></Extensions></Trackpoint><Trackpoint><Time>2025-09-10T14:06:24.261Z</Time><DistanceMeters>3967.948896985093</DistanceMeters><HeartRateBpm><Value>145</Value></HeartRateBpm><Cadence>23</Cadence><Extensions><ext:TPX><ext:Watts>52.0</ext:Watts><ext:Torque>20</ext:Torque></ext:TPX></Extensions></Trackpoint><Trackpoint><Time>2025-09-10T14:06:25.556Z</Time><DistanceMeters>3972.7426815953913</DistanceMeters><HeartRateBpm><Value>145</Value></HeartRateBpm><Cadence>23</Cadence><Extensions><ext:TPX><ext:Watts>54.08108108108108</ext:Watts><ext:Torque>20</ext:Torque></ext:TPX></Extensions></Trackpoint><Trackpoint><Time>2025-09-10T14:06:26.816Z</Time><DistanceMeters>3977.2236533928767</DistanceMeters><HeartRateBpm><Value>145</Value></HeartRateBpm><Cadence>24</Cadence><Extensions><ext:TPX><ext:Watts>52.75</ext:Watts><ext:Torque>20</ext:Torque></ext:TPX></Extensions></Trackpoint><Trackpoint><Time>2025-09-10T14:06:28.146Z</Time><DistanceMeters>3981.7303329357705</DistanceMeters><HeartRateBpm><Value>145</Value></HeartRateBpm><Cadence>22</Cadence><Extensions><ext:TPX><ext:Watts>49.73684210526316</ext:Watts><ext:Torque>20</ext:Torque></ext:TPX></Extensions></Trackpoint><Trackpoint><Time>2025-09-10T14:06:29.406Z</Time><DistanceMeters>3986.138155641249</DistanceMeters><HeartRateBpm><Value>146</Value></HeartRateBpm><Cadence>24</Cadence><Extensions><ext:TPX><ext:Watts>51.888888888888886</ext:Watts><ext:Torque>20</ext:Torque></ext:TPX></Extensions></Trackpoint><Trackpoint><Time>2025-09-10T14:06:30.531Z</Time><DistanceMeters>3990.398344512828</DistanceMeters><HeartRateBpm><Value>146</Value></HeartRateBpm><Cadence>26</Cadence><Extensions><ext:TPX><ext:Watts>55.375</ext:Watts><ext:Torque>52</ext:Torque></ext:TPX></Extensions></Trackpoint><Trackpoint><Time>2025-09-10T14:06:34.556Z</Time><DistanceMeters>3994.821927472788</DistanceMeters><HeartRateBpm><Value>146</Value></HeartRateBpm><Cadence>22</Cadence><Extensions><ext:TPX><ext:Watts>46.65</ext:Watts><ext:Torque>20</ext:Torque></ext:TPX></Extensions></Trackpoint><Trackpoint><Time>2025-09-10T14:06:35.826Z</Time><DistanceMeters>3999.83683241612</DistanceMeters><HeartRateBpm><Value>147</Value></HeartRateBpm><Cadence>24</Cadence><Extensions><ext:TPX><ext:Watts>57.80555555555556</ext:Watts><ext:Torque>20</ext:Torque></ext:TPX></Extensions></Trackpoint><Trackpoint><Time>2025-09-10T14:06:37.051Z</Time><DistanceMeters>4004.708400964903</DistanceMeters><HeartRateBpm><Value>147</Value></HeartRateBpm><Cadence>24</Cadence><Extensions><ext:TPX><ext:Watts>58.542857142857144</ext:Watts><ext:Torque>20</ext:Torque></ext:TPX></Extensions></Trackpoint><Trackpoint><Time>2025-09-10T14:06:38.311Z</Time><DistanceMeters>4009.5197235004866</DistanceMeters><HeartRateBpm><Value>147</Value></HeartRateBpm><Cadence>24</Cadence><Extensions><ext:TPX><ext:Watts>56.638888888888886</ext:Watts><ext:Torque>20</ext:Torque></ext:TPX></Extensions></Trackpoint><Trackpoint><Time>2025-09-10T14:06:39.606Z</Time><DistanceMeters>4014.282364082832</DistanceMeters><HeartRateBpm><Value>147</Value></HeartRateBpm><Cadence>23</Cadence><Extensions><ext:TPX><ext:Watts>53.729729729729726</ext:Watts><ext:Torque>20</ext:Torque></ext:TPX></Extensions></Trackpoint><Trackpoint><Time>2025-09-10T14:06:40.901Z</Time><DistanceMeters>4019.064170220841</DistanceMeters><HeartRateBpm><Value>147</Value></HeartRateBpm><Cadence>23</Cadence><Extensions><ext:TPX><ext:Watts>53.945945945945944</ext:Watts><ext:Torque>20</ext:Torque></ext:TPX></Extensions></Trackpoint><Trackpoint><Time>2025-09-10T14:06:42.196Z</Time><DistanceMeters>4023.8723289978866</DistanceMeters><HeartRateBpm><Value>146</Value></HeartRateBpm><Cadence>23</Cadence><Extensions><ext:TPX><ext:Watts>54.24324324324324</ext:Watts><ext:Torque>20</ext:Torque></ext:TPX></Extensions></Trackpoint><Trackpoint><Time>2025-09-10T14:06:43.491Z</Time><DistanceMeters>4028.5894513855314</DistanceMeters><HeartRateBpm><Value>145</Value></HeartRateBpm><Cadence>23</Cadence><Extensions><ext:TPX><ext:Watts>53.21621621621622</ext:Watts><ext:Torque>20</ext:Torque></ext:TPX></Extensions></Trackpoint><Trackpoint><Time>2025-09-10T14:06:44.787Z</Time><DistanceMeters>4033.3544876623346</DistanceMeters><HeartRateBpm><Value>145</Value></HeartRateBpm><Cadence>23</Cadence><Extensions><ext:TPX><ext:Watts>53.75675675675676</ext:Watts><ext:Torque>20</ext:Torque></ext:TPX></Extensions></Trackpoint><Trackpoint><Time>2025-09-10T14:06:46.117Z</Time><DistanceMeters>4037.9517776933926</DistanceMeters><HeartRateBpm><Value>145</Value></HeartRateBpm><Cadence>22</Cadence><Extensions><ext:TPX><ext:Watts>50.73684210526316</ext:Watts><ext:Torque>20</ext:Torque></ext:TPX></Extensions></Trackpoint><Trackpoint><Time>2025-09-10T14:06:47.446Z</Time><DistanceMeters>4042.670676537513</DistanceMeters><HeartRateBpm><Value>145</Value></HeartRateBpm><Cadence>22</Cadence><Extensions><ext:TPX><ext:Watts>52.078947368421055</ext:Watts><ext:Torque>20</ext:Torque></ext:TPX></Extensions></Trackpoint><Trackpoint><Time>2025-09-10T14:06:48.777Z</Time><DistanceMeters>4047.3728839759187</DistanceMeters><HeartRateBpm><Value>145</Value></HeartRateBpm><Cadence>22</Cadence><Extensions><ext:TPX><ext:Watts>51.89473684210526</ext:Watts><ext:Torque>20</ext:Torque></ext:TPX></Extensions></Trackpoint><Trackpoint><Time>2025-09-10T14:06:50.071Z</Time><DistanceMeters>4052.200208308628</DistanceMeters><HeartRateBpm><Value>144</Value></HeartRateBpm><Cadence>23</Cadence><Extensions><ext:TPX><ext:Watts>54.45945945945946</ext:Watts><ext:Torque>20</ext:Torque></ext:TPX></Extensions></Trackpoint><Trackpoint><Time>2025-09-10T14:06:51.401Z</Time><DistanceMeters>4056.9954107217286</DistanceMeters><HeartRateBpm><Value>144</Value></HeartRateBpm><Cadence>22</Cadence><Extensions><ext:TPX><ext:Watts>52.921052631578945</ext:Watts><ext:Torque>20</ext:Torque></ext:TPX></Extensions></Trackpoint><Trackpoint><Time>2025-09-10T14:06:52.731Z</Time><DistanceMeters>4061.8049200540127</DistanceMeters><HeartRateBpm><Value>144</Value></HeartRateBpm><Cadence>22</Cadence><Extensions><ext:TPX><ext:Watts>53.078947368421055</ext:Watts><ext:Torque>20</ext:Torque></ext:TPX></Extensions></Trackpoint><Trackpoint><Time>2025-09-10T14:06:54.026Z</Time><DistanceMeters>4066.356739524061</DistanceMeters><HeartRateBpm><Value>144</Value></HeartRateBpm><Cadence>23</Cadence><Extensions><ext:TPX><ext:Watts>51.351351351351354</ext:Watts><ext:Torque>20</ext:Torque></ext:TPX></Extensions></Trackpoint><Trackpoint><Time>2025-09-10T14:06:55.357Z</Time><DistanceMeters>4071.271166263693</DistanceMeters><HeartRateBpm><Value>143</Value></HeartRateBpm><Cadence>22</Cadence><Extensions><ext:TPX><ext:Watts>54.23684210526316</ext:Watts><ext:Torque>20</ext:Torque></ext:TPX></Extensions></Trackpoint><Trackpoint><Time>2025-09-10T14:06:56.687Z</Time><DistanceMeters>4075.920914998425</DistanceMeters><HeartRateBpm><Value>143</Value></HeartRateBpm><Cadence>22</Cadence><Extensions><ext:TPX><ext:Watts>51.31578947368421</ext:Watts><ext:Torque>20</ext:Torque></ext:TPX></Extensions></Trackpoint><Trackpoint><Time>2025-09-10T14:06:57.987Z</Time><DistanceMeters>4080.774591970171</DistanceMeters><HeartRateBpm><Value>144</Value></HeartRateBpm><Cadence>23</Cadence><Extensions><ext:TPX><ext:Watts>54.75675675675676</ext:Watts><ext:Torque>20</ext:Torque></ext:TPX></Extensions></Trackpoint><Trackpoint><Time>2025-09-10T14:06:59.317Z</Time><DistanceMeters>4085.7057101155174</DistanceMeters><HeartRateBpm><Value>144</Value></HeartRateBpm><Cadence>22</Cadence><Extensions><ext:TPX><ext:Watts>54.421052631578945</ext:Watts><ext:Torque>20</ext:Torque></ext:TPX></Extensions></Trackpoint><Trackpoint><Time>2025-09-10T14:07:00.647Z</Time><DistanceMeters>4090.5939075033125</DistanceMeters><HeartRateBpm><Value>144</Value></HeartRateBpm><Cadence>22</Cadence><Extensions><ext:TPX><ext:Watts>53.94736842105263</ext:Watts><ext:Torque>20</ext:Torque></ext:TPX></Extensions></Trackpoint><Trackpoint><Time>2025-09-10T14:07:01.942Z</Time><DistanceMeters>4095.4763328085537</DistanceMeters><HeartRateBpm><Value>144</Value></HeartRateBpm><Cadence>23</Cadence><Extensions><ext:TPX><ext:Watts>55.08108108108108</ext:Watts><ext:Torque>20</ext:Torque></ext:TPX></Extensions></Trackpoint><Trackpoint><Time>2025-09-10T14:07:03.307Z</Time><DistanceMeters>4100.658714137724</DistanceMeters><HeartRateBpm><Value>144</Value></HeartRateBpm><Cadence>22</Cadence><Extensions><ext:TPX><ext:Watts>55.92307692307692</ext:Watts><ext:Torque>20</ext:Torque></ext:TPX></Extensions></Trackpoint><Trackpoint><Time>2025-09-10T14:07:04.637Z</Time><DistanceMeters>4105.654213419398</DistanceMeters><HeartRateBpm><Value>144</Value></HeartRateBpm><Cadence>22</Cadence><Extensions><ext:TPX><ext:Watts>55.13157894736842</ext:Watts><ext:Torque>20</ext:Torque></ext:TPX></Extensions></Trackpoint><Trackpoint><Time>2025-09-10T14:07:05.967Z</Time><DistanceMeters>4110.802319839032</DistanceMeters><HeartRateBpm><Value>144</Value></HeartRateBpm><Cadence>22</Cadence><Extensions><ext:TPX><ext:Watts>56.81578947368421</ext:Watts><ext:Torque>20</ext:Torque></ext:TPX></Extensions></Trackpoint><Trackpoint><Time>2025-09-10T14:07:07.297Z</Time><DistanceMeters>4116.033883287238</DistanceMeters><HeartRateBpm><Value>144</Value></HeartRateBpm><Cadence>22</Cadence><Extensions><ext:TPX><ext:Watts>57.73684210526316</ext:Watts><ext:Torque>20</ext:Torque></ext:TPX></Extensions></Trackpoint><Trackpoint><Time>2025-09-10T14:07:08.662Z</Time><DistanceMeters>4121.109337903977</DistanceMeters><HeartRateBpm><Value>144</Value></HeartRateBpm><Cadence>22</Cadence><Extensions><ext:TPX><ext:Watts>54.76923076923077</ext:Watts><ext:Torque>20</ext:Torque></ext:TPX></Extensions></Trackpoint><Trackpoint><Time>2025-09-10T14:07:10.027Z</Time><DistanceMeters>4126.267957741496</DistanceMeters><HeartRateBpm><Value>144</Value></HeartRateBpm><Cadence>22</Cadence><Extensions><ext:TPX><ext:Watts>55.666666666666664</ext:Watts><ext:Torque>20</ext:Torque></ext:TPX></Extensions></Trackpoint><Trackpoint><Time>2025-09-10T14:07:11.392Z</Time><DistanceMeters>4131.3719261482165</DistanceMeters><HeartRateBpm><Value>144</Value></HeartRateBpm><Cadence>22</Cadence><Extensions><ext:TPX><ext:Watts>55.07692307692308</ext:Watts><ext:Torque>20</ext:Torque></ext:TPX></Extensions></Trackpoint><Trackpoint><Time>2025-09-10T14:07:12.722Z</Time><DistanceMeters>4136.403192727849</DistanceMeters><HeartRateBpm><Value>144</Value></HeartRateBpm><Cadence>22</Cadence><Extensions><ext:TPX><ext:Watts>55.526315789473685</ext:Watts><ext:Torque>20</ext:Torque></ext:TPX></Extensions></Trackpoint><Trackpoint><Time>2025-09-10T14:07:14.087Z</Time><DistanceMeters>4141.528546477056</DistanceMeters><HeartRateBpm><Value>144</Value></HeartRateBpm><Cadence>22</Cadence><Extensions><ext:TPX><ext:Watts>55.30769230769231</ext:Watts><ext:Torque>20</ext:Torque></ext:TPX></Extensions></Trackpoint><Trackpoint><Time>2025-09-10T14:07:15.422Z</Time><DistanceMeters>4146.590811381587</DistanceMeters><HeartRateBpm><Value>144</Value></HeartRateBpm><Cadence>22</Cadence><Extensions><ext:TPX><ext:Watts>55.86842105263158</ext:Watts><ext:Torque>20</ext:Torque></ext:TPX></Extensions></Trackpoint><Trackpoint><Time>2025-09-10T14:07:16.752Z</Time><DistanceMeters>4151.793760991425</DistanceMeters><HeartRateBpm><Value>144</Value></HeartRateBpm><Cadence>22</Cadence><Extensions><ext:TPX><ext:Watts>57.421052631578945</ext:Watts><ext:Torque>20</ext:Torque></ext:TPX></Extensions></Trackpoint><Trackpoint><Time>2025-09-10T14:07:18.082Z</Time><DistanceMeters>4157.213698875551</DistanceMeters><HeartRateBpm><Value>144</Value></HeartRateBpm><Cadence>22</Cadence><Extensions><ext:TPX><ext:Watts>59.81578947368421</ext:Watts><ext:Torque>20</ext:Torque></ext:TPX></Extensions></Trackpoint><Trackpoint><Time>2025-09-10T14:07:19.412Z</Time><DistanceMeters>4162.295039672327</DistanceMeters><HeartRateBpm><Value>144</Value></HeartRateBpm><Cadence>22</Cadence><Extensions><ext:TPX><ext:Watts>56.078947368421055</ext:Watts><ext:Torque>20</ext:Torque></ext:TPX></Extensions></Trackpoint><Trackpoint><Time>2025-09-10T14:07:20.742Z</Time><DistanceMeters>4167.631520527881</DistanceMeters><HeartRateBpm><Value>144</Value></HeartRateBpm><Cadence>22</Cadence><Extensions><ext:TPX><ext:Watts>58.89473684210526</ext:Watts><ext:Torque>20</ext:Torque></ext:TPX></Extensions></Trackpoint><Trackpoint><Time>2025-09-10T14:07:22.108Z</Time><DistanceMeters>4172.930333166143</DistanceMeters><HeartRateBpm><Value>144</Value></HeartRateBpm><Cadence>22</Cadence><Extensions><ext:TPX><ext:Watts>57.17948717948718</ext:Watts><ext:Torque>20</ext:Torque></ext:TPX></Extensions></Trackpoint><Trackpoint><Time>2025-09-10T14:07:23.437Z</Time><DistanceMeters>4178.002136016797</DistanceMeters><HeartRateBpm><Value>144</Value></HeartRateBpm><Cadence>22</Cadence><Extensions><ext:TPX><ext:Watts>55.973684210526315</ext:Watts><ext:Torque>20</ext:Torque></ext:TPX></Extensions></Trackpoint><Trackpoint><Time>2025-09-10T14:07:24.767Z</Time><DistanceMeters>4183.228930491941</DistanceMeters><HeartRateBpm><Value>144</Value></HeartRateBpm><Cadence>22</Cadence><Extensions><ext:TPX><ext:Watts>57.68421052631579</ext:Watts><ext:Torque>20</ext:Torque></ext:TPX></Extensions></Trackpoint><Trackpoint><Time>2025-09-10T14:07:26.132Z</Time><DistanceMeters>4188.354284241148</DistanceMeters><HeartRateBpm><Value>144</Value></HeartRateBpm><Cadence>22</Cadence><Extensions><ext:TPX><ext:Watts>55.30769230769231</ext:Watts><ext:Torque>20</ext:Torque></ext:TPX></Extensions></Trackpoint><Trackpoint><Time>2025-09-10T14:07:27.427Z</Time><DistanceMeters>4193.248688018679</DistanceMeters><HeartRateBpm><Value>144</Value></HeartRateBpm><Cadence>23</Cadence><Extensions><ext:TPX><ext:Watts>55.21621621621622</ext:Watts><ext:Torque>20</ext:Torque></ext:TPX></Extensions></Trackpoint><Trackpoint><Time>2025-09-10T14:07:28.722Z</Time><DistanceMeters>4198.418596658871</DistanceMeters><HeartRateBpm><Value>144</Value></HeartRateBpm><Cadence>23</Cadence><Extensions><ext:TPX><ext:Watts>58.32432432432432</ext:Watts><ext:Torque>20</ext:Torque></ext:TPX></Extensions></Trackpoint><Trackpoint><Time>2025-09-10T14:07:30.052Z</Time><DistanceMeters>4203.781306866262</DistanceMeters><HeartRateBpm><Value>144</Value></HeartRateBpm><Cadence>22</Cadence><Extensions><ext:TPX><ext:Watts>59.18421052631579</ext:Watts><ext:Torque>20</ext:Torque></ext:TPX></Extensions></Trackpoint><Trackpoint><Time>2025-09-10T14:07:31.347Z</Time><DistanceMeters>4208.97756814549</DistanceMeters><HeartRateBpm><Value>144</Value></HeartRateBpm><Cadence>23</Cadence><Extensions><ext:TPX><ext:Watts>58.62162162162162</ext:Watts><ext:Torque>20</ext:Torque></ext:TPX></Extensions></Trackpoint><Trackpoint><Time>2025-09-10T14:07:32.642Z</Time><DistanceMeters>4214.111541368813</DistanceMeters><HeartRateBpm><Value>144</Value></HeartRateBpm><Cadence>23</Cadence><Extensions><ext:TPX><ext:Watts>57.91891891891892</ext:Watts><ext:Torque>20</ext:Torque></ext:TPX></Extensions></Trackpoint><Trackpoint><Time>2025-09-10T14:07:33.937Z</Time><DistanceMeters>4219.329363898163</DistanceMeters><HeartRateBpm><Value>144</Value></HeartRateBpm><Cadence>23</Cadence><Extensions><ext:TPX><ext:Watts>58.86486486486486</ext:Watts><ext:Torque>20</ext:Torque></ext:TPX></Extensions></Trackpoint><Trackpoint><Time>2025-09-10T14:07:35.232Z</Time><DistanceMeters>4224.372300732085</DistanceMeters><HeartRateBpm><Value>145</Value></HeartRateBpm><Cadence>23</Cadence><Extensions><ext:TPX><ext:Watts>56.891891891891895</ext:Watts><ext:Torque>20</ext:Torque></ext:TPX></Extensions></Trackpoint><Trackpoint><Time>2025-09-10T14:07:36.492Z</Time><DistanceMeters>4229.615438875325</DistanceMeters><HeartRateBpm><Value>145</Value></HeartRateBpm><Cadence>24</Cadence><Extensions><ext:TPX><ext:Watts>61.72222222222222</ext:Watts><ext:Torque>20</ext:Torque></ext:TPX></Extensions></Trackpoint><Trackpoint><Time>2025-09-10T14:07:37.788Z</Time><DistanceMeters>4234.8236786268435</DistanceMeters><HeartRateBpm><Value>145</Value></HeartRateBpm><Cadence>23</Cadence><Extensions><ext:TPX><ext:Watts>58.75675675675676</ext:Watts><ext:Torque>20</ext:Torque></ext:TPX></Extensions></Trackpoint><Trackpoint><Time>2025-09-10T14:07:39.082Z</Time><DistanceMeters>4239.869011155223</DistanceMeters><HeartRateBpm><Value>145</Value></HeartRateBpm><Cadence>23</Cadence><Extensions><ext:TPX><ext:Watts>56.91891891891892</ext:Watts><ext:Torque>20</ext:Torque></ext:TPX></Extensions></Trackpoint><Trackpoint><Time>2025-09-10T14:07:40.382Z</Time><DistanceMeters>4245.108394934695</DistanceMeters><HeartRateBpm><Value>145</Value></HeartRateBpm><Cadence>23</Cadence><Extensions><ext:TPX><ext:Watts>59.108108108108105</ext:Watts><ext:Torque>20</ext:Torque></ext:TPX></Extensions></Trackpoint><Trackpoint><Time>2025-09-10T14:07:41.678Z</Time><DistanceMeters>4250.331008852961</DistanceMeters><HeartRateBpm><Value>145</Value></HeartRateBpm><Cadence>23</Cadence><Extensions><ext:TPX><ext:Watts>58.91891891891892</ext:Watts><ext:Torque>20</ext:Torque></ext:TPX></Extensions></Trackpoint><Trackpoint><Time>2025-09-10T14:07:42.972Z</Time><DistanceMeters>4255.635076382796</DistanceMeters><HeartRateBpm><Value>145</Value></HeartRateBpm><Cadence>23</Cadence><Extensions><ext:TPX><ext:Watts>59.83783783783784</ext:Watts><ext:Torque>20</ext:Torque></ext:TPX></Extensions></Trackpoint><Trackpoint><Time>2025-09-10T14:07:44.268Z</Time><DistanceMeters>4260.912791273594</DistanceMeters><HeartRateBpm><Value>146</Value></HeartRateBpm><Cadence>23</Cadence><Extensions><ext:TPX><ext:Watts>59.54054054054054</ext:Watts><ext:Torque>20</ext:Torque></ext:TPX></Extensions></Trackpoint><Trackpoint><Time>2025-09-10T14:07:45.562Z</Time><DistanceMeters>4266.19290185885</DistanceMeters><HeartRateBpm><Value>146</Value></HeartRateBpm><Cadence>23</Cadence><Extensions><ext:TPX><ext:Watts>59.567567567567565</ext:Watts><ext:Torque>20</ext:Torque></ext:TPX></Extensions></Trackpoint><Trackpoint><Time>2025-09-10T14:07:46.898Z</Time><DistanceMeters>4271.419696333995</DistanceMeters><HeartRateBpm><Value>146</Value></HeartRateBpm><Cadence>22</Cadence><Extensions><ext:TPX><ext:Watts>57.68421052631579</ext:Watts><ext:Torque>20</ext:Torque></ext:TPX></Extensions></Trackpoint><Trackpoint><Time>2025-09-10T14:07:48.162Z</Time><DistanceMeters>4276.677996471597</DistanceMeters><HeartRateBpm><Value>146</Value></HeartRateBpm><Cadence>24</Cadence><Extensions><ext:TPX><ext:Watts>60.611111111111114</ext:Watts><ext:Torque>20</ext:Torque></ext:TPX></Extensions></Trackpoint><Trackpoint><Time>2025-09-10T14:07:49.458Z</Time><DistanceMeters>4281.962898445769</DistanceMeters><HeartRateBpm><Value>146</Value></HeartRateBpm><Cadence>23</Cadence><Extensions><ext:TPX><ext:Watts>59.62162162162162</ext:Watts><ext:Torque>20</ext:Torque></ext:TPX></Extensions></Trackpoint><Trackpoint><Time>2025-09-10T14:07:50.718Z</Time><DistanceMeters>4287.272106736628</DistanceMeters><HeartRateBpm><Value>146</Value></HeartRateBpm><Cadence>24</Cadence><Extensions><ext:TPX><ext:Watts>62.5</ext:Watts><ext:Torque>20</ext:Torque></ext:TPX></Extensions></Trackpoint><Trackpoint><Time>2025-09-10T14:07:52.012Z</Time><DistanceMeters>4292.38451870983</DistanceMeters><HeartRateBpm><Value>146</Value></HeartRateBpm><Cadence>23</Cadence><Extensions><ext:TPX><ext:Watts>57.67567567567568</ext:Watts><ext:Torque>20</ext:Torque></ext:TPX></Extensions></Trackpoint><Trackpoint><Time>2025-09-10T14:07:53.273Z</Time><DistanceMeters>4297.516753390994</DistanceMeters><HeartRateBpm><Value>145</Value></HeartRateBpm><Cadence>24</Cadence><Extensions><ext:TPX><ext:Watts>60.416666666666664</ext:Watts><ext:Torque>20</ext:Torque></ext:TPX></Extensions></Trackpoint><Trackpoint><Time>2025-09-10T14:07:54.568Z</Time><DistanceMeters>4302.669892169981</DistanceMeters><HeartRateBpm><Value>146</Value></HeartRateBpm><Cadence>23</Cadence><Extensions><ext:TPX><ext:Watts>58.13513513513514</ext:Watts><ext:Torque>20</ext:Torque></ext:TPX></Extensions></Trackpoint><Trackpoint><Time>2025-09-10T14:07:55.898Z</Time><DistanceMeters>4307.825152049207</DistanceMeters><HeartRateBpm><Value>146</Value></HeartRateBpm><Cadence>22</Cadence><Extensions><ext:TPX><ext:Watts>56.89473684210526</ext:Watts><ext:Torque>20</ext:Torque></ext:TPX></Extensions></Trackpoint><Trackpoint><Time>2025-09-10T14:07:57.158Z</Time><DistanceMeters>4312.787492065064</DistanceMeters><HeartRateBpm><Value>146</Value></HeartRateBpm><Cadence>24</Cadence><Extensions><ext:TPX><ext:Watts>58.416666666666664</ext:Watts><ext:Torque>20</ext:Torque></ext:TPX></Extensions></Trackpoint><Trackpoint><Time>2025-09-10T14:07:58.488Z</Time><DistanceMeters>4317.697149831634</DistanceMeters><HeartRateBpm><Value>146</Value></HeartRateBpm><Cadence>22</Cadence><Extensions><ext:TPX><ext:Watts>54.18421052631579</ext:Watts><ext:Torque>20</ext:Torque></ext:TPX></Extensions></Trackpoint><Trackpoint><Time>2025-09-10T14:07:59.783Z</Time><DistanceMeters>4322.725712498809</DistanceMeters><HeartRateBpm><Value>146</Value></HeartRateBpm><Cadence>23</Cadence><Extensions><ext:TPX><ext:Watts>56.729729729729726</ext:Watts><ext:Torque>20</ext:Torque></ext:TPX></Extensions></Trackpoint><Trackpoint><Time>2025-09-10T14:08:01.078Z</Time><DistanceMeters>4327.768649332731</DistanceMeters><HeartRateBpm><Value>146</Value></HeartRateBpm><Cadence>23</Cadence><Extensions><ext:TPX><ext:Watts>56.891891891891895</ext:Watts><ext:Torque>20</ext:Torque></ext:TPX></Extensions></Trackpoint><Trackpoint><Time>2025-09-10T14:08:02.373Z</Time><DistanceMeters>4332.8762699170165</DistanceMeters><HeartRateBpm><Value>146</Value></HeartRateBpm><Cadence>23</Cadence><Extensions><ext:TPX><ext:Watts>57.62162162162162</ext:Watts><ext:Torque>20</ext:Torque></ext:TPX></Extensions></Trackpoint><Trackpoint><Time>2025-09-10T14:08:03.668Z</Time><DistanceMeters>4337.787443555753</DistanceMeters><HeartRateBpm><Value>146</Value></HeartRateBpm><Cadence>23</Cadence><Extensions><ext:TPX><ext:Watts>55.4054054054054</ext:Watts><ext:Torque>20</ext:Torque></ext:TPX></Extensions></Trackpoint><Trackpoint><Time>2025-09-10T14:08:04.963Z</Time><DistanceMeters>4342.804027750638</DistanceMeters><HeartRateBpm><Value>147</Value></HeartRateBpm><Cadence>23</Cadence><Extensions><ext:TPX><ext:Watts>56.5945945945946</ext:Watts><ext:Torque>20</ext:Torque></ext:TPX></Extensions></Trackpoint><Trackpoint><Time>2025-09-10T14:08:06.229Z</Time><DistanceMeters>4347.833391814422</DistanceMeters><HeartRateBpm><Value>147</Value></HeartRateBpm><Cadence>24</Cadence><Extensions><ext:TPX><ext:Watts>57.97222222222222</ext:Watts><ext:Torque>20</ext:Torque></ext:TPX></Extensions></Trackpoint><Trackpoint><Time>2025-09-10T14:08:07.523Z</Time><DistanceMeters>4352.739774064243</DistanceMeters><HeartRateBpm><Value>147</Value></HeartRateBpm><Cadence>23</Cadence><Extensions><ext:TPX><ext:Watts>55.351351351351354</ext:Watts><ext:Torque>20</ext:Torque></ext:TPX></Extensions></Trackpoint><Trackpoint><Time>2025-09-10T14:08:08.818Z</Time><DistanceMeters>4357.81145923166</DistanceMeters><HeartRateBpm><Value>147</Value></HeartRateBpm><Cadence>23</Cadence><Extensions><ext:TPX><ext:Watts>57.21621621621622</ext:Watts><ext:Torque>20</ext:Torque></ext:TPX></Extensions></Trackpoint><Trackpoint><Time>2025-09-10T14:08:10.118Z</Time><DistanceMeters>4362.7801295373865</DistanceMeters><HeartRateBpm><Value>147</Value></HeartRateBpm><Cadence>23</Cadence><Extensions><ext:TPX><ext:Watts>56.054054054054056</ext:Watts><ext:Torque>20</ext:Torque></ext:TPX></Extensions></Trackpoint><Trackpoint><Time>2025-09-10T14:08:11.378Z</Time><DistanceMeters>4367.652802924331</DistanceMeters><HeartRateBpm><Value>147</Value></HeartRateBpm><Cadence>24</Cadence><Extensions><ext:TPX><ext:Watts>57.361111111111114</ext:Watts><ext:Torque>20</ext:Torque></ext:TPX></Extensions></Trackpoint><Trackpoint><Time>2025-09-10T14:08:12.673Z</Time><DistanceMeters>4372.496897118245</DistanceMeters><HeartRateBpm><Value>147</Value></HeartRateBpm><Cadence>23</Cadence><Extensions><ext:TPX><ext:Watts>54.648648648648646</ext:Watts><ext:Torque>20</ext:Torque></ext:TPX></Extensions></Trackpoint><Trackpoint><Time>2025-09-10T14:08:13.933Z</Time><DistanceMeters>4377.447438893456</DistanceMeters><HeartRateBpm><Value>147</Value></HeartRateBpm><Cadence>24</Cadence><Extensions><ext:TPX><ext:Watts>58.27777777777778</ext:Watts><ext:Torque>20</ext:Torque></ext:TPX></Extensions></Trackpoint><Trackpoint><Time>2025-09-10T14:08:15.233Z</Time><DistanceMeters>4382.432879060388</DistanceMeters><HeartRateBpm><Value>147</Value></HeartRateBpm><Cadence>23</Cadence><Extensions><ext:TPX><ext:Watts>56.24324324324324</ext:Watts><ext:Torque>20</ext:Torque></ext:TPX></Extensions></Trackpoint><Trackpoint><Time>2025-09-10T14:08:16.493Z</Time><DistanceMeters>4387.425894501925</DistanceMeters><HeartRateBpm><Value>147</Value></HeartRateBpm><Cadence>24</Cadence><Extensions><ext:TPX><ext:Watts>58.77777777777778</ext:Watts><ext:Torque>20</ext:Torque></ext:TPX></Extensions></Trackpoint><Trackpoint><Time>2025-09-10T14:08:17.788Z</Time><DistanceMeters>4392.413730363314</DistanceMeters><HeartRateBpm><Value>147</Value></HeartRateBpm><Cadence>23</Cadence><Extensions><ext:TPX><ext:Watts>56.270270270270274</ext:Watts><ext:Torque>20</ext:Torque></ext:TPX></Extensions></Trackpoint><Trackpoint><Time>2025-09-10T14:08:19.048Z</Time><DistanceMeters>4397.418544045498</DistanceMeters><HeartRateBpm><Value>147</Value></HeartRateBpm><Cadence>24</Cadence><Extensions><ext:TPX><ext:Watts>58.916666666666664</ext:Watts><ext:Torque>20</ext:Torque></ext:TPX></Extensions></Trackpoint><Trackpoint><Time>2025-09-10T14:08:20.343Z</Time><DistanceMeters>4402.523768935325</DistanceMeters><HeartRateBpm><Value>148</Value></HeartRateBpm><Cadence>23</Cadence><Extensions><ext:TPX><ext:Watts>57.5945945945946</ext:Watts><ext:Torque>20</ext:Torque></ext:TPX></Extensions></Trackpoint><Trackpoint><Time>2025-09-10T14:08:21.603Z</Time><DistanceMeters>4407.424758099821</DistanceMeters><HeartRateBpm><Value>148</Value></HeartRateBpm><Cadence>24</Cadence><Extensions><ext:TPX><ext:Watts>57.69444444444444</ext:Watts><ext:Torque>20</ext:Torque></ext:TPX></Extensions></Trackpoint><Trackpoint><Time>2025-09-10T14:08:22.898Z</Time><DistanceMeters>4412.49404757278</DistanceMeters><HeartRateBpm><Value>148</Value></HeartRateBpm><Cadence>23</Cadence><Extensions><ext:TPX><ext:Watts>57.189189189189186</ext:Watts><ext:Torque>20</ext:Torque></ext:TPX></Extensions></Trackpoint><Trackpoint><Time>2025-09-10T14:08:24.158Z</Time><DistanceMeters>4417.390317441017</DistanceMeters><HeartRateBpm><Value>148</Value></HeartRateBpm><Cadence>24</Cadence><Extensions><ext:TPX><ext:Watts>57.638888888888886</ext:Watts><ext:Torque>20</ext:Torque></ext:TPX></Extensions></Trackpoint><Trackpoint><Time>2025-09-10T14:08:25.453Z</Time><DistanceMeters>4422.370966219033</DistanceMeters><HeartRateBpm><Value>148</Value></HeartRateBpm><Cadence>23</Cadence><Extensions><ext:TPX><ext:Watts>56.189189189189186</ext:Watts><ext:Torque>20</ext:Torque></ext:TPX></Extensions></Trackpoint><Trackpoint><Time>2025-09-10T14:08:26.723Z</Time><DistanceMeters>4427.417199256677</DistanceMeters><HeartRateBpm><Value>148</Value></HeartRateBpm><Cadence>24</Cadence><Extensions><ext:TPX><ext:Watts>58.166666666666664</ext:Watts><ext:Torque>20</ext:Torque></ext:TPX></Extensions></Trackpoint><Trackpoint><Time>2025-09-10T14:08:28.018Z</Time><DistanceMeters>4432.433783451562</DistanceMeters><HeartRateBpm><Value>148</Value></HeartRateBpm><Cadence>23</Cadence><Extensions><ext:TPX><ext:Watts>56.5945945945946</ext:Watts><ext:Torque>20</ext:Torque></ext:TPX></Extensions></Trackpoint><Trackpoint><Time>2025-09-10T14:08:29.313Z</Time><DistanceMeters>4437.421619312951</DistanceMeters><HeartRateBpm><Value>148</Value></HeartRateBpm><Cadence>23</Cadence><Extensions><ext:TPX><ext:Watts>56.270270270270274</ext:Watts><ext:Torque>20</ext:Torque></ext:TPX></Extensions></Trackpoint><Trackpoint><Time>2025-09-10T14:08:30.643Z</Time><DistanceMeters>4442.20728377993</DistanceMeters><HeartRateBpm><Value>148</Value></HeartRateBpm><Cadence>22</Cadence><Extensions><ext:TPX><ext:Watts>52.81578947368421</ext:Watts><ext:Torque>20</ext:Torque></ext:TPX></Extensions></Trackpoint><Trackpoint><Time>2025-09-10T14:08:31.938Z</Time><DistanceMeters>4447.1615799189085</DistanceMeters><HeartRateBpm><Value>148</Value></HeartRateBpm><Cadence>23</Cadence><Extensions><ext:TPX><ext:Watts>55.891891891891895</ext:Watts><ext:Torque>20</ext:Torque></ext:TPX></Extensions></Trackpoint><Trackpoint><Time>2025-09-10T14:08:33.233Z</Time><DistanceMeters>4452.1278545301775</DistanceMeters><HeartRateBpm><Value>148</Value></HeartRateBpm><Cadence>23</Cadence><Extensions><ext:TPX><ext:Watts>56.027027027027025</ext:Watts><ext:Torque>20</ext:Torque></ext:TPX></Extensions></Trackpoint><Trackpoint><Time>2025-09-10T14:08:34.563Z</Time><DistanceMeters>4457.109046892667</DistanceMeters><HeartRateBpm><Value>148</Value></HeartRateBpm><Cadence>22</Cadence><Extensions><ext:TPX><ext:Watts>54.973684210526315</ext:Watts><ext:Torque>20</ext:Torque></ext:TPX></Extensions></Trackpoint><Trackpoint><Time>2025-09-10T14:08:35.859Z</Time><DistanceMeters>4462.048968864899</DistanceMeters><HeartRateBpm><Value>147</Value></HeartRateBpm><Cadence>23</Cadence><Extensions><ext:TPX><ext:Watts>55.729729729729726</ext:Watts><ext:Torque>20</ext:Torque></ext:TPX></Extensions></Trackpoint><Trackpoint><Time>2025-09-10T14:08:37.153Z</Time><DistanceMeters>4466.964933892551</DistanceMeters><HeartRateBpm><Value>147</Value></HeartRateBpm><Cadence>23</Cadence><Extensions><ext:TPX><ext:Watts>55.45945945945946</ext:Watts><ext:Torque>20</ext:Torque></ext:TPX></Extensions></Trackpoint><Trackpoint><Time>2025-09-10T14:08:38.449Z</Time><DistanceMeters>4471.991100865268</DistanceMeters><HeartRateBpm><Value>147</Value></HeartRateBpm><Cadence>23</Cadence><Extensions><ext:TPX><ext:Watts>56.7027027027027</ext:Watts><ext:Torque>20</ext:Torque></ext:TPX></Extensions></Trackpoint><Trackpoint><Time>2025-09-10T14:08:39.743Z</Time><DistanceMeters>4477.041224782563</DistanceMeters><HeartRateBpm><Value>147</Value></HeartRateBpm><Cadence>23</Cadence><Extensions><ext:TPX><ext:Watts>56.972972972972975</ext:Watts><ext:Torque>20</ext:Torque></ext:TPX></Extensions></Trackpoint><Trackpoint><Time>2025-09-10T14:08:41.038Z</Time><DistanceMeters>4482.105722866607</DistanceMeters><HeartRateBpm><Value>146</Value></HeartRateBpm><Cadence>23</Cadence><Extensions><ext:TPX><ext:Watts>57.13513513513514</ext:Watts><ext:Torque>20</ext:Torque></ext:TPX></Extensions></Trackpoint><Trackpoint><Time>2025-09-10T14:08:42.299Z</Time><DistanceMeters>4487.1223347894365</DistanceMeters><HeartRateBpm><Value>146</Value></HeartRateBpm><Cadence>24</Cadence><Extensions><ext:TPX><ext:Watts>59.05555555555556</ext:Watts><ext:Torque>20</ext:Torque></ext:TPX></Extensions></Trackpoint><Trackpoint><Time>2025-09-10T14:08:43.629Z</Time><DistanceMeters>4492.19413764009</DistanceMeters><HeartRateBpm><Value>146</Value></HeartRateBpm><Cadence>22</Cadence><Extensions><ext:TPX><ext:Watts>55.973684210526315</ext:Watts><ext:Torque>20</ext:Torque></ext:TPX></Extensions></Trackpoint><Trackpoint><Time>2025-09-10T14:08:44.923Z</Time><DistanceMeters>4497.337693641245</DistanceMeters><HeartRateBpm><Value>146</Value></HeartRateBpm><Cadence>23</Cadence><Extensions><ext:TPX><ext:Watts>58.027027027027025</ext:Watts><ext:Torque>20</ext:Torque></ext:TPX></Extensions></Trackpoint><Trackpoint><Time>2025-09-10T14:08:46.219Z</Time><DistanceMeters>4502.29678116914</DistanceMeters><HeartRateBpm><Value>146</Value></HeartRateBpm><Cadence>23</Cadence><Extensions><ext:TPX><ext:Watts>55.945945945945944</ext:Watts><ext:Torque>20</ext:Torque></ext:TPX></Extensions></Trackpoint><Trackpoint><Time>2025-09-10T14:08:47.513Z</Time><DistanceMeters>4507.306178280651</DistanceMeters><HeartRateBpm><Value>146</Value></HeartRateBpm><Cadence>23</Cadence><Extensions><ext:TPX><ext:Watts>56.513513513513516</ext:Watts><ext:Torque>20</ext:Torque></ext:TPX></Extensions></Trackpoint><Trackpoint><Time>2025-09-10T14:08:48.844Z</Time><DistanceMeters>4512.327906914161</DistanceMeters><HeartRateBpm><Value>145</Value></HeartRateBpm><Cadence>22</Cadence><Extensions><ext:TPX><ext:Watts>55.421052631578945</ext:Watts><ext:Torque>20</ext:Torque></ext:TPX></Extensions></Trackpoint><Trackpoint><Time>2025-09-10T14:08:50.144Z</Time><DistanceMeters>4517.33969972013</DistanceMeters><HeartRateBpm><Value>145</Value></HeartRateBpm><Cadence>23</Cadence><Extensions><ext:TPX><ext:Watts>56.54054054054054</ext:Watts><ext:Torque>20</ext:Torque></ext:TPX></Extensions></Trackpoint><Trackpoint><Time>2025-09-10T14:08:51.443Z</Time><DistanceMeters>4522.363470998389</DistanceMeters><HeartRateBpm><Value>145</Value></HeartRateBpm><Cadence>23</Cadence><Extensions><ext:TPX><ext:Watts>56.67567567567568</ext:Watts><ext:Torque>20</ext:Torque></ext:TPX></Extensions></Trackpoint><Trackpoint><Time>2025-09-10T14:08:52.774Z</Time><DistanceMeters>4527.54019125639</DistanceMeters><HeartRateBpm><Value>145</Value></HeartRateBpm><Cadence>22</Cadence><Extensions><ext:TPX><ext:Watts>57.13157894736842</ext:Watts><ext:Torque>20</ext:Torque></ext:TPX></Extensions></Trackpoint><Trackpoint><Time>2025-09-10T14:08:54.069Z</Time><DistanceMeters>4532.59750225706</DistanceMeters><HeartRateBpm><Value>145</Value></HeartRateBpm><Cadence>23</Cadence><Extensions><ext:TPX><ext:Watts>57.054054054054056</ext:Watts><ext:Torque>20</ext:Torque></ext:TPX></Extensions></Trackpoint><Trackpoint><Time>2025-09-10T14:08:55.364Z</Time><DistanceMeters>4537.743453952673</DistanceMeters><HeartRateBpm><Value>145</Value></HeartRateBpm><Cadence>23</Cadence><Extensions><ext:TPX><ext:Watts>58.054054054054056</ext:Watts><ext:Torque>20</ext:Torque></ext:TPX></Extensions></Trackpoint><Trackpoint><Time>2025-09-10T14:08:56.694Z</Time><DistanceMeters>4542.874868966593</DistanceMeters><HeartRateBpm><Value>145</Value></HeartRateBpm><Cadence>22</Cadence><Extensions><ext:TPX><ext:Watts>56.63157894736842</ext:Watts><ext:Torque>20</ext:Torque></ext:TPX></Extensions></Trackpoint><Trackpoint><Time>2025-09-10T14:08:57.994Z</Time><DistanceMeters>4547.944158439552</DistanceMeters><HeartRateBpm><Value>146</Value></HeartRateBpm><Cadence>23</Cadence><Extensions><ext:TPX><ext:Watts>57.189189189189186</ext:Watts><ext:Torque>20</ext:Torque></ext:TPX></Extensions></Trackpoint><Trackpoint><Time>2025-09-10T14:08:59.324Z</Time><DistanceMeters>4552.949195667347</DistanceMeters><HeartRateBpm><Value>146</Value></HeartRateBpm><Cadence>22</Cadence><Extensions><ext:TPX><ext:Watts>55.23684210526316</ext:Watts><ext:Torque>20</ext:Torque></ext:TPX></Extensions></Trackpoint><Trackpoint><Time>2025-09-10T14:09:00.624Z</Time><DistanceMeters>4558.016089445849</DistanceMeters><HeartRateBpm><Value>146</Value></HeartRateBpm><Cadence>23</Cadence><Extensions><ext:TPX><ext:Watts>57.16216216216216</ext:Watts><ext:Torque>20</ext:Torque></ext:TPX></Extensions></Trackpoint><Trackpoint><Time>2025-09-10T14:09:01.924Z</Time><DistanceMeters>4563.044652113023</DistanceMeters><HeartRateBpm><Value>146</Value></HeartRateBpm><Cadence>23</Cadence><Extensions><ext:TPX><ext:Watts>56.729729729729726</ext:Watts><ext:Torque>20</ext:Torque></ext:TPX></Extensions></Trackpoint><Trackpoint><Time>2025-09-10T14:09:03.259Z</Time><DistanceMeters>4568.044920367758</DistanceMeters><HeartRateBpm><Value>146</Value></HeartRateBpm><Cadence>22</Cadence><Extensions><ext:TPX><ext:Watts>55.18421052631579</ext:Watts><ext:Torque>20</ext:Torque></ext:TPX></Extensions></Trackpoint><Trackpoint><Time>2025-09-10T14:09:04.554Z</Time><DistanceMeters>4572.963281089868</DistanceMeters><HeartRateBpm><Value>146</Value></HeartRateBpm><Cadence>23</Cadence><Extensions><ext:TPX><ext:Watts>55.486486486486484</ext:Watts><ext:Torque>20</ext:Torque></ext:TPX></Extensions></Trackpoint><Trackpoint><Time>2025-09-10T14:09:05.814Z</Time><DistanceMeters>4577.847752717459</DistanceMeters><HeartRateBpm><Value>146</Value></HeartRateBpm><Cadence>24</Cadence><Extensions><ext:TPX><ext:Watts>57.5</ext:Watts><ext:Torque>20</ext:Torque></ext:TPX></Extensions></Trackpoint><Trackpoint><Time>2025-09-10T14:09:07.114Z</Time><DistanceMeters>4582.940999134998</DistanceMeters><HeartRateBpm><Value>146</Value></HeartRateBpm><Cadence>23</Cadence><Extensions><ext:TPX><ext:Watts>57.45945945945946</ext:Watts><ext:Torque>20</ext:Torque></ext:TPX></Extensions></Trackpoint><Trackpoint><Time>2025-09-10T14:09:08.409Z</Time><DistanceMeters>4587.948000552051</DistanceMeters><HeartRateBpm><Value>146</Value></HeartRateBpm><Cadence>23</Cadence><Extensions><ext:TPX><ext:Watts>56.486486486486484</ext:Watts><ext:Torque>20</ext:Torque></ext:TPX></Extensions></Trackpoint><Trackpoint><Time>2025-09-10T14:09:09.704Z</Time><DistanceMeters>4592.976563219226</DistanceMeters><HeartRateBpm><Value>146</Value></HeartRateBpm><Cadence>23</Cadence><Extensions><ext:TPX><ext:Watts>56.729729729729726</ext:Watts><ext:Torque>20</ext:Torque></ext:TPX></Extensions></Trackpoint><Trackpoint><Time>2025-09-10T14:09:10.999Z</Time><DistanceMeters>4597.983564636279</DistanceMeters><HeartRateBpm><Value>146</Value></HeartRateBpm><Cadence>23</Cadence><Extensions><ext:TPX><ext:Watts>56.486486486486484</ext:Watts><ext:Torque>20</ext:Torque></ext:TPX></Extensions></Trackpoint><Trackpoint><Time>2025-09-10T14:09:12.299Z</Time><DistanceMeters>4603.05045841478</DistanceMeters><HeartRateBpm><Value>146</Value></HeartRateBpm><Cadence>23</Cadence><Extensions><ext:TPX><ext:Watts>57.16216216216216</ext:Watts><ext:Torque>20</ext:Torque></ext:TPX></Extensions></Trackpoint><Trackpoint><Time>2025-09-10T14:09:13.594Z</Time><DistanceMeters>4607.987984692554</DistanceMeters><HeartRateBpm><Value>146</Value></HeartRateBpm><Cadence>23</Cadence><Extensions><ext:TPX><ext:Watts>55.7027027027027</ext:Watts><ext:Torque>20</ext:Torque></ext:TPX></Extensions></Trackpoint><Trackpoint><Time>2025-09-10T14:09:14.889Z</Time><DistanceMeters>4612.978216248402</DistanceMeters><HeartRateBpm><Value>146</Value></HeartRateBpm><Cadence>23</Cadence><Extensions><ext:TPX><ext:Watts>56.2972972972973</ext:Watts><ext:Torque>20</ext:Torque></ext:TPX></Extensions></Trackpoint><Trackpoint><Time>2025-09-10T14:09:16.184Z</Time><DistanceMeters>4617.908555442801</DistanceMeters><HeartRateBpm><Value>147</Value></HeartRateBpm><Cadence>23</Cadence><Extensions><ext:TPX><ext:Watts>55.62162162162162</ext:Watts><ext:Torque>20</ext:Torque></ext:TPX></Extensions></Trackpoint><Trackpoint><Time>2025-09-10T14:09:17.479Z</Time><DistanceMeters>4622.98982338805</DistanceMeters><HeartRateBpm><Value>147</Value></HeartRateBpm><Cadence>23</Cadence><Extensions><ext:TPX><ext:Watts>57.32432432432432</ext:Watts><ext:Torque>20</ext:Torque></ext:TPX></Extensions></Trackpoint><Trackpoint><Time>2025-09-10T14:09:18.809Z</Time><DistanceMeters>4628.083086617479</DistanceMeters><HeartRateBpm><Value>147</Value></HeartRateBpm><Cadence>22</Cadence><Extensions><ext:TPX><ext:Watts>56.21052631578947</ext:Watts><ext:Torque>20</ext:Torque></ext:TPX></Extensions></Trackpoint><Trackpoint><Time>2025-09-10T14:09:20.109Z</Time><DistanceMeters>4633.145189007065</DistanceMeters><HeartRateBpm><Value>147</Value></HeartRateBpm><Cadence>23</Cadence><Extensions><ext:TPX><ext:Watts>57.108108108108105</ext:Watts><ext:Torque>20</ext:Torque></ext:TPX></Extensions></Trackpoint><Trackpoint><Time>2025-09-10T14:09:21.444Z</Time><DistanceMeters>4638.238452236494</DistanceMeters><HeartRateBpm><Value>147</Value></HeartRateBpm><Cadence>22</Cadence><Extensions><ext:TPX><ext:Watts>56.21052631578947</ext:Watts><ext:Torque>20</ext:Torque></ext:TPX></Extensions></Trackpoint><Trackpoint><Time>2025-09-10T14:09:22.739Z</Time><DistanceMeters>4643.216705320052</DistanceMeters><HeartRateBpm><Value>147</Value></HeartRateBpm><Cadence>23</Cadence><Extensions><ext:TPX><ext:Watts>56.16216216216216</ext:Watts><ext:Torque>20</ext:Torque></ext:TPX></Extensions></Trackpoint><Trackpoint><Time>2025-09-10T14:09:24.034Z</Time><DistanceMeters>4648.108713403125</DistanceMeters><HeartRateBpm><Value>148</Value></HeartRateBpm><Cadence>23</Cadence><Extensions><ext:TPX><ext:Watts>55.189189189189186</ext:Watts><ext:Torque>20</ext:Torque></ext:TPX></Extensions></Trackpoint><Trackpoint><Time>2025-09-10T14:09:25.329Z</Time><DistanceMeters>4652.938433430292</DistanceMeters><HeartRateBpm><Value>148</Value></HeartRateBpm><Cadence>23</Cadence><Extensions><ext:TPX><ext:Watts>54.486486486486484</ext:Watts><ext:Torque>20</ext:Torque></ext:TPX></Extensions></Trackpoint><Trackpoint><Time>2025-09-10T14:09:26.624Z</Time><DistanceMeters>4657.813671652159</DistanceMeters><HeartRateBpm><Value>148</Value></HeartRateBpm><Cadence>23</Cadence><Extensions><ext:TPX><ext:Watts>55.0</ext:Watts><ext:Torque>20</ext:Torque></ext:TPX></Extensions></Trackpoint><Trackpoint><Time>2025-09-10T14:09:27.920Z</Time><DistanceMeters>4662.83504723596</DistanceMeters><HeartRateBpm><Value>148</Value></HeartRateBpm><Cadence>23</Cadence><Extensions><ext:TPX><ext:Watts>56.648648648648646</ext:Watts><ext:Torque>20</ext:Torque></ext:TPX></Extensions></Trackpoint><Trackpoint><Time>2025-09-10T14:09:29.249Z</Time><DistanceMeters>4667.811470625388</DistanceMeters><HeartRateBpm><Value>148</Value></HeartRateBpm><Cadence>22</Cadence><Extensions><ext:TPX><ext:Watts>54.921052631578945</ext:Watts><ext:Torque>20</ext:Torque></ext:TPX></Extensions></Trackpoint><Trackpoint><Time>2025-09-10T14:09:30.545Z</Time><DistanceMeters>4672.914299820758</DistanceMeters><HeartRateBpm><Value>148</Value></HeartRateBpm><Cadence>23</Cadence><Extensions><ext:TPX><ext:Watts>57.567567567567565</ext:Watts><ext:Torque>20</ext:Torque></ext:TPX></Extensions></Trackpoint><Trackpoint><Time>2025-09-10T14:09:31.844Z</Time><DistanceMeters>4677.827869153953</DistanceMeters><HeartRateBpm><Value>148</Value></HeartRateBpm><Cadence>23</Cadence><Extensions><ext:TPX><ext:Watts>55.432432432432435</ext:Watts><ext:Torque>20</ext:Torque></ext:TPX></Extensions></Trackpoint><Trackpoint><Time>2025-09-10T14:09:33.139Z</Time><DistanceMeters>4682.710294459194</DistanceMeters><HeartRateBpm><Value>148</Value></HeartRateBpm><Cadence>23</Cadence><Extensions><ext:TPX><ext:Watts>55.08108108108108</ext:Watts><ext:Torque>20</ext:Torque></ext:TPX></Extensions></Trackpoint><Trackpoint><Time>2025-09-10T14:09:34.434Z</Time><DistanceMeters>4687.8083322656485</DistanceMeters><HeartRateBpm><Value>148</Value></HeartRateBpm><Cadence>23</Cadence><Extensions><ext:TPX><ext:Watts>57.513513513513516</ext:Watts><ext:Torque>20</ext:Torque></ext:TPX></Extensions></Trackpoint><Trackpoint><Time>2025-09-10T14:09:35.764Z</Time><DistanceMeters>4692.8300608991585</DistanceMeters><HeartRateBpm><Value>148</Value></HeartRateBpm><Cadence>22</Cadence><Extensions><ext:TPX><ext:Watts>55.421052631578945</ext:Watts><ext:Torque>20</ext:Torque></ext:TPX></Extensions></Trackpoint><Trackpoint><Time>2025-09-10T14:09:37.060Z</Time><DistanceMeters>4697.892163288744</DistanceMeters><HeartRateBpm><Value>148</Value></HeartRateBpm><Cadence>23</Cadence><Extensions><ext:TPX><ext:Watts>57.108108108108105</ext:Watts><ext:Torque>20</ext:Torque></ext:TPX></Extensions></Trackpoint><Trackpoint><Time>2025-09-10T14:09:38.424Z</Time><DistanceMeters>4702.977122502144</DistanceMeters><HeartRateBpm><Value>148</Value></HeartRateBpm><Cadence>22</Cadence><Extensions><ext:TPX><ext:Watts>54.87179487179487</ext:Watts><ext:Torque>20</ext:Torque></ext:TPX></Extensions></Trackpoint><Trackpoint><Time>2025-09-10T14:09:39.754Z</Time><DistanceMeters>4708.001235622185</DistanceMeters><HeartRateBpm><Value>148</Value></HeartRateBpm><Cadence>22</Cadence><Extensions><ext:TPX><ext:Watts>55.44736842105263</ext:Watts><ext:Torque>20</ext:Torque></ext:TPX></Extensions></Trackpoint><Trackpoint><Time>2025-09-10T14:09:41.084Z</Time><DistanceMeters>4712.915662361817</DistanceMeters><HeartRateBpm><Value>148</Value></HeartRateBpm><Cadence>22</Cadence><Extensions><ext:TPX><ext:Watts>54.23684210526316</ext:Watts><ext:Torque>20</ext:Torque></ext:TPX></Extensions></Trackpoint><Trackpoint><Time>2025-09-10T14:09:42.415Z</Time><DistanceMeters>4717.8038597496125</DistanceMeters><HeartRateBpm><Value>148</Value></HeartRateBpm><Cadence>22</Cadence><Extensions><ext:TPX><ext:Watts>53.94736842105263</ext:Watts><ext:Torque>20</ext:Torque></ext:TPX></Extensions></Trackpoint><Trackpoint><Time>2025-09-10T14:09:43.745Z</Time><DistanceMeters>4722.8589711945515</DistanceMeters><HeartRateBpm><Value>148</Value></HeartRateBpm><Cadence>22</Cadence><Extensions><ext:TPX><ext:Watts>55.78947368421053</ext:Watts><ext:Torque>20</ext:Torque></ext:TPX></Extensions></Trackpoint><Trackpoint><Time>2025-09-10T14:09:45.114Z</Time><DistanceMeters>4727.981948794593</DistanceMeters><HeartRateBpm><Value>148</Value></HeartRateBpm><Cadence>22</Cadence><Extensions><ext:TPX><ext:Watts>55.282051282051285</ext:Watts><ext:Torque>20</ext:Torque></ext:TPX></Extensions></Trackpoint><Trackpoint><Time>2025-09-10T14:09:46.445Z</Time><DistanceMeters>4733.02752229341</DistanceMeters><HeartRateBpm><Value>148</Value></HeartRateBpm><Cadence>22</Cadence><Extensions><ext:TPX><ext:Watts>55.68421052631579</ext:Watts><ext:Torque>20</ext:Torque></ext:TPX></Extensions></Trackpoint><Trackpoint><Time>2025-09-10T14:09:47.810Z</Time><DistanceMeters>4738.029316286029</DistanceMeters><HeartRateBpm><Value>148</Value></HeartRateBpm><Cadence>22</Cadence><Extensions><ext:TPX><ext:Watts>53.97435897435897</ext:Watts><ext:Torque>20</ext:Torque></ext:TPX></Extensions></Trackpoint><Trackpoint><Time>2025-09-10T14:09:49.140Z</Time><DistanceMeters>4743.043891459947</DistanceMeters><HeartRateBpm><Value>147</Value></HeartRateBpm><Cadence>22</Cadence><Extensions><ext:TPX><ext:Watts>55.3421052631579</ext:Watts><ext:Torque>20</ext:Torque></ext:TPX></Extensions></Trackpoint><Trackpoint><Time>2025-09-10T14:09:50.470Z</Time><DistanceMeters>4747.972625118763</DistanceMeters><HeartRateBpm><Value>147</Value></HeartRateBpm><Cadence>22</Cadence><Extensions><ext:TPX><ext:Watts>54.39473684210526</ext:Watts><ext:Torque>20</ext:Torque></ext:TPX></Extensions></Trackpoint><Trackpoint><Time>2025-09-10T14:09:51.800Z</Time><DistanceMeters>4752.884667371864</DistanceMeters><HeartRateBpm><Value>147</Value></HeartRateBpm><Cadence>22</Cadence><Extensions><ext:TPX><ext:Watts>54.21052631578947</ext:Watts><ext:Torque>20</ext:Torque></ext:TPX></Extensions></Trackpoint><Trackpoint><Time>2025-09-10T14:09:53.130Z</Time><DistanceMeters>4757.694176704149</DistanceMeters><HeartRateBpm><Value>147</Value></HeartRateBpm><Cadence>22</Cadence><Extensions><ext:TPX><ext:Watts>53.078947368421055</ext:Watts><ext:Torque>20</ext:Torque></ext:TPX></Extensions></Trackpoint><Trackpoint><Time>2025-09-10T14:09:54.495Z</Time><DistanceMeters>4762.581915536842</DistanceMeters><HeartRateBpm><Value>147</Value></HeartRateBpm><Cadence>22</Cadence><Extensions><ext:TPX><ext:Watts>52.743589743589745</ext:Watts><ext:Torque>20</ext:Torque></ext:TPX></Extensions></Trackpoint><Trackpoint><Time>2025-09-10T14:09:55.825Z</Time><DistanceMeters>4767.474881897698</DistanceMeters><HeartRateBpm><Value>147</Value></HeartRateBpm><Cadence>22</Cadence><Extensions><ext:TPX><ext:Watts>54.0</ext:Watts><ext:Torque>20</ext:Torque></ext:TPX></Extensions></Trackpoint><Trackpoint><Time>2025-09-10T14:09:57.190Z</Time><DistanceMeters>4772.443409802006</DistanceMeters><HeartRateBpm><Value>147</Value></HeartRateBpm><Cadence>22</Cadence><Extensions><ext:TPX><ext:Watts>53.61538461538461</ext:Watts><ext:Torque>20</ext:Torque></ext:TPX></Extensions></Trackpoint><Trackpoint><Time>2025-09-10T14:09:58.520Z</Time><DistanceMeters>4777.393603839597</DistanceMeters><HeartRateBpm><Value>147</Value></HeartRateBpm><Cadence>22</Cadence><Extensions><ext:TPX><ext:Watts>54.63157894736842</ext:Watts><ext:Torque>20</ext:Torque></ext:TPX></Extensions></Trackpoint><Trackpoint><Time>2025-09-10T14:09:59.885Z</Time><DistanceMeters>4782.45717771051</DistanceMeters><HeartRateBpm><Value>147</Value></HeartRateBpm><Cadence>22</Cadence><Extensions><ext:TPX><ext:Watts>54.64102564102564</ext:Watts><ext:Torque>20</ext:Torque></ext:TPX></Extensions></Trackpoint><Trackpoint><Time>2025-09-10T14:10:01.250Z</Time><DistanceMeters>4787.480357045616</DistanceMeters><HeartRateBpm><Value>146</Value></HeartRateBpm><Cadence>22</Cadence><Extensions><ext:TPX><ext:Watts>54.205128205128204</ext:Watts><ext:Torque>20</ext:Torque></ext:TPX></Extensions></Trackpoint><Trackpoint><Time>2025-09-10T14:10:02.615Z</Time><DistanceMeters>4792.486903336566</DistanceMeters><HeartRateBpm><Value>146</Value></HeartRateBpm><Cadence>22</Cadence><Extensions><ext:TPX><ext:Watts>54.02564102564103</ext:Watts><ext:Torque>20</ext:Torque></ext:TPX></Extensions></Trackpoint><Trackpoint><Time>2025-09-10T14:10:03.980Z</Time><DistanceMeters>4797.476816583359</DistanceMeters><HeartRateBpm><Value>146</Value></HeartRateBpm><Cadence>22</Cadence><Extensions><ext:TPX><ext:Watts>53.84615384615385</ext:Watts><ext:Torque>20</ext:Torque></ext:TPX></Extensions></Trackpoint><Trackpoint><Time>2025-09-10T14:10:05.345Z</Time><DistanceMeters>4802.4334637418415</DistanceMeters><HeartRateBpm><Value>146</Value></HeartRateBpm><Cadence>22</Cadence><Extensions><ext:TPX><ext:Watts>53.48717948717949</ext:Watts><ext:Torque>20</ext:Torque></ext:TPX></Extensions></Trackpoint><Trackpoint><Time>2025-09-10T14:10:06.675Z</Time><DistanceMeters>4807.357428427596</DistanceMeters><HeartRateBpm><Value>146</Value></HeartRateBpm><Cadence>22</Cadence><Extensions><ext:TPX><ext:Watts>54.3421052631579</ext:Watts><ext:Torque>20</ext:Torque></ext:TPX></Extensions></Trackpoint><Trackpoint><Time>2025-09-10T14:10:08.075Z</Time><DistanceMeters>4812.297807253189</DistanceMeters><HeartRateBpm><Value>146</Value></HeartRateBpm><Cadence>22</Cadence><Extensions><ext:TPX><ext:Watts>52.1</ext:Watts><ext:Torque>20</ext:Torque></ext:TPX></Extensions></Trackpoint><Trackpoint><Time>2025-09-10T14:10:09.475Z</Time><DistanceMeters>4817.150473019018</DistanceMeters><HeartRateBpm><Value>145</Value></HeartRateBpm><Cadence>22</Cadence><Extensions><ext:TPX><ext:Watts>51.175</ext:Watts><ext:Torque>20</ext:Torque></ext:TPX></Extensions></Trackpoint><Trackpoint><Time>2025-09-10T14:10:10.841Z</Time><DistanceMeters>4822.218799188262</DistanceMeters><HeartRateBpm><Value>145</Value></HeartRateBpm><Cadence>22</Cadence><Extensions><ext:TPX><ext:Watts>54.69230769230769</ext:Watts><ext:Torque>20</ext:Torque></ext:TPX></Extensions></Trackpoint><Trackpoint><Time>2025-09-10T14:10:12.170Z</Time><DistanceMeters>4827.276295119732</DistanceMeters><HeartRateBpm><Value>145</Value></HeartRateBpm><Cadence>22</Cadence><Extensions><ext:TPX><ext:Watts>55.81578947368421</ext:Watts><ext:Torque>20</ext:Torque></ext:TPX></Extensions></Trackpoint><Trackpoint><Time>2025-09-10T14:10:13.540Z</Time><DistanceMeters>4832.287593709012</DistanceMeters><HeartRateBpm><Value>145</Value></HeartRateBpm><Cadence>22</Cadence><Extensions><ext:TPX><ext:Watts>54.07692307692308</ext:Watts><ext:Torque>20</ext:Torque></ext:TPX></Extensions></Trackpoint><Trackpoint><Time>2025-09-10T14:10:14.840Z</Time><DistanceMeters>4837.5293731829415</DistanceMeters><HeartRateBpm><Value>145</Value></HeartRateBpm><Cadence>23</Cadence><Extensions><ext:TPX><ext:Watts>59.13513513513514</ext:Watts><ext:Torque>20</ext:Torque></ext:TPX></Extensions></Trackpoint><Trackpoint><Time>2025-09-10T14:10:16.205Z</Time><DistanceMeters>4842.759277495415</DistanceMeters><HeartRateBpm><Value>144</Value></HeartRateBpm><Cadence>22</Cadence><Extensions><ext:TPX><ext:Watts>56.43589743589744</ext:Watts><ext:Torque>20</ext:Torque></ext:TPX></Extensions></Trackpoint><Trackpoint><Time>2025-09-10T14:10:17.501Z</Time><DistanceMeters>4848.001056969344</DistanceMeters><HeartRateBpm><Value>144</Value></HeartRateBpm><Cadence>23</Cadence><Extensions><ext:TPX><ext:Watts>59.13513513513514</ext:Watts><ext:Torque>20</ext:Torque></ext:TPX></Extensions></Trackpoint><Trackpoint><Time>2025-09-10T14:10:18.830Z</Time><DistanceMeters>4853.063321873875</DistanceMeters><HeartRateBpm><Value>144</Value></HeartRateBpm><Cadence>22</Cadence><Extensions><ext:TPX><ext:Watts>55.86842105263158</ext:Watts><ext:Torque>20</ext:Torque></ext:TPX></Extensions></Trackpoint><Trackpoint><Time>2025-09-10T14:10:20.125Z</Time><DistanceMeters>4858.372180792626</DistanceMeters><HeartRateBpm><Value>144</Value></HeartRateBpm><Cadence>23</Cadence><Extensions><ext:TPX><ext:Watts>59.891891891891895</ext:Watts><ext:Torque>20</ext:Torque></ext:TPX></Extensions></Trackpoint><Trackpoint><Time>2025-09-10T14:10:21.425Z</Time><DistanceMeters>4863.4486573489585</DistanceMeters><HeartRateBpm><Value>144</Value></HeartRateBpm><Cadence>23</Cadence><Extensions><ext:TPX><ext:Watts>57.270270270270274</ext:Watts><ext:Torque>20</ext:Torque></ext:TPX></Extensions></Trackpoint><Trackpoint><Time>2025-09-10T14:10:22.755Z</Time><DistanceMeters>4868.429849711448</DistanceMeters><HeartRateBpm><Value>145</Value></HeartRateBpm><Cadence>22</Cadence><Extensions><ext:TPX><ext:Watts>54.973684210526315</ext:Watts><ext:Torque>20</ext:Torque></ext:TPX></Extensions></Trackpoint><Trackpoint><Time>2025-09-10T14:10:24.051Z</Time><DistanceMeters>4873.261965433073</DistanceMeters><HeartRateBpm><Value>145</Value></HeartRateBpm><Cadence>23</Cadence><Extensions><ext:TPX><ext:Watts>54.513513513513516</ext:Watts><ext:Torque>20</ext:Torque></ext:TPX></Extensions></Trackpoint><Trackpoint><Time>2025-09-10T14:10:25.345Z</Time><DistanceMeters>4878.254592683378</DistanceMeters><HeartRateBpm><Value>145</Value></HeartRateBpm><Cadence>23</Cadence><Extensions><ext:TPX><ext:Watts>56.32432432432432</ext:Watts><ext:Torque>20</ext:Torque></ext:TPX></Extensions></Trackpoint><Trackpoint><Time>2025-09-10T14:10:26.641Z</Time><DistanceMeters>4883.328673545253</DistanceMeters><HeartRateBpm><Value>145</Value></HeartRateBpm><Cadence>23</Cadence><Extensions><ext:TPX><ext:Watts>57.24324324324324</ext:Watts><ext:Torque>20</ext:Torque></ext:TPX></Extensions></Trackpoint><Trackpoint><Time>2025-09-10T14:10:27.971Z</Time><DistanceMeters>4888.390938449784</DistanceMeters><HeartRateBpm><Value>145</Value></HeartRateBpm><Cadence>22</Cadence><Extensions><ext:TPX><ext:Watts>55.86842105263158</ext:Watts><ext:Torque>20</ext:Torque></ext:TPX></Extensions></Trackpoint><Trackpoint><Time>2025-09-10T14:10:29.301Z</Time><DistanceMeters>4893.348285946967</DistanceMeters><HeartRateBpm><Value>146</Value></HeartRateBpm><Cadence>22</Cadence><Extensions><ext:TPX><ext:Watts>54.71052631578947</ext:Watts><ext:Torque>20</ext:Torque></ext:TPX></Extensions></Trackpoint><Trackpoint><Time>2025-09-10T14:10:30.595Z</Time><DistanceMeters>4898.314560558236</DistanceMeters><HeartRateBpm><Value>146</Value></HeartRateBpm><Cadence>23</Cadence><Extensions><ext:TPX><ext:Watts>56.027027027027025</ext:Watts><ext:Torque>20</ext:Torque></ext:TPX></Extensions></Trackpoint><Trackpoint><Time>2025-09-10T14:10:31.926Z</Time><DistanceMeters>4903.224218324806</DistanceMeters><HeartRateBpm><Value>146</Value></HeartRateBpm><Cadence>22</Cadence><Extensions><ext:TPX><ext:Watts>54.18421052631579</ext:Watts><ext:Torque>20</ext:Torque></ext:TPX></Extensions></Trackpoint><Trackpoint><Time>2025-09-10T14:10:33.255Z</Time><DistanceMeters>4908.014651764845</DistanceMeters><HeartRateBpm><Value>147</Value></HeartRateBpm><Cadence>22</Cadence><Extensions><ext:TPX><ext:Watts>52.86842105263158</ext:Watts><ext:Torque>20</ext:Torque></ext:TPX></Extensions></Trackpoint><Trackpoint><Time>2025-09-10T14:10:34.551Z</Time><DistanceMeters>4912.9497823481615</DistanceMeters><HeartRateBpm><Value>147</Value></HeartRateBpm><Cadence>23</Cadence><Extensions><ext:TPX><ext:Watts>55.67567567567568</ext:Watts><ext:Torque>20</ext:Torque></ext:TPX></Extensions></Trackpoint><Trackpoint><Time>2025-09-10T14:10:35.881Z</Time><DistanceMeters>4917.8427487090175</DistanceMeters><HeartRateBpm><Value>147</Value></HeartRateBpm><Cadence>22</Cadence><Extensions><ext:TPX><ext:Watts>54.0</ext:Watts><ext:Torque>20</ext:Torque></ext:TPX></Extensions></Trackpoint><Trackpoint><Time>2025-09-10T14:10:37.175Z</Time><DistanceMeters>4922.768296514501</DistanceMeters><HeartRateBpm><Value>148</Value></HeartRateBpm><Cadence>23</Cadence><Extensions><ext:TPX><ext:Watts>55.567567567567565</ext:Watts><ext:Torque>20</ext:Torque></ext:TPX></Extensions></Trackpoint><Trackpoint><Time>2025-09-10T14:10:38.506Z</Time><DistanceMeters>4927.723259525154</DistanceMeters><HeartRateBpm><Value>148</Value></HeartRateBpm><Cadence>22</Cadence><Extensions><ext:TPX><ext:Watts>54.68421052631579</ext:Watts><ext:Torque>20</ext:Torque></ext:TPX></Extensions></Trackpoint><Trackpoint><Time>2025-09-10T14:10:39.801Z</Time><DistanceMeters>4932.567353719069</DistanceMeters><HeartRateBpm><Value>148</Value></HeartRateBpm><Cadence>23</Cadence><Extensions><ext:TPX><ext:Watts>54.648648648648646</ext:Watts><ext:Torque>20</ext:Torque></ext:TPX></Extensions></Trackpoint><Trackpoint><Time>2025-09-10T14:10:41.131Z</Time><DistanceMeters>4937.4674735395165</DistanceMeters><HeartRateBpm><Value>148</Value></HeartRateBpm><Cadence>22</Cadence><Extensions><ext:TPX><ext:Watts>54.078947368421055</ext:Watts><ext:Torque>20</ext:Torque></ext:TPX></Extensions></Trackpoint><Trackpoint><Time>2025-09-10T14:10:42.461Z</Time><DistanceMeters>4942.365208873434</DistanceMeters><HeartRateBpm><Value>148</Value></HeartRateBpm><Cadence>22</Cadence><Extensions><ext:TPX><ext:Watts>54.05263157894737</ext:Watts><ext:Torque>20</ext:Torque></ext:TPX></Extensions></Trackpoint><Trackpoint><Time>2025-09-10T14:10:43.756Z</Time><DistanceMeters>4947.125453761322</DistanceMeters><HeartRateBpm><Value>148</Value></HeartRateBpm><Cadence>23</Cadence><Extensions><ext:TPX><ext:Watts>53.7027027027027</ext:Watts><ext:Torque>20</ext:Torque></ext:TPX></Extensions></Trackpoint><Trackpoint><Time>2025-09-10T14:10:45.086Z</Time><DistanceMeters>4951.985037310749</DistanceMeters><HeartRateBpm><Value>148</Value></HeartRateBpm><Cadence>22</Cadence><Extensions><ext:TPX><ext:Watts>53.63157894736842</ext:Watts><ext:Torque>20</ext:Torque></ext:TPX></Extensions></Trackpoint><Trackpoint><Time>2025-09-10T14:10:46.416Z</Time><DistanceMeters>4956.849389833238</DistanceMeters><HeartRateBpm><Value>148</Value></HeartRateBpm><Cadence>22</Cadence><Extensions><ext:TPX><ext:Watts>53.68421052631579</ext:Watts><ext:Torque>20</ext:Torque></ext:TPX></Extensions></Trackpoint><Trackpoint><Time>2025-09-10T14:10:47.751Z</Time><DistanceMeters>4961.785276951646</DistanceMeters><HeartRateBpm><Value>148</Value></HeartRateBpm><Cadence>22</Cadence><Extensions><ext:TPX><ext:Watts>54.473684210526315</ext:Watts><ext:Torque>20</ext:Torque></ext:TPX></Extensions></Trackpoint><Trackpoint><Time>2025-09-10T14:10:49.081Z</Time><DistanceMeters>4966.730702016176</DistanceMeters><HeartRateBpm><Value>148</Value></HeartRateBpm><Cadence>22</Cadence><Extensions><ext:TPX><ext:Watts>54.578947368421055</ext:Watts><ext:Torque>20</ext:Torque></ext:TPX></Extensions></Trackpoint><Trackpoint><Time>2025-09-10T14:10:50.411Z</Time><DistanceMeters>4971.604592484788</DistanceMeters><HeartRateBpm><Value>148</Value></HeartRateBpm><Cadence>22</Cadence><Extensions><ext:TPX><ext:Watts>53.78947368421053</ext:Watts><ext:Torque>20</ext:Torque></ext:TPX></Extensions></Trackpoint><Trackpoint><Time>2025-09-10T14:10:51.776Z</Time><DistanceMeters>4976.513716659967</DistanceMeters><HeartRateBpm><Value>148</Value></HeartRateBpm><Cadence>22</Cadence><Extensions><ext:TPX><ext:Watts>52.97435897435897</ext:Watts><ext:Torque>20</ext:Torque></ext:TPX></Extensions></Trackpoint><Trackpoint><Time>2025-09-10T14:10:53.106Z</Time><DistanceMeters>4981.1944637195975</DistanceMeters><HeartRateBpm><Value>147</Value></HeartRateBpm><Cadence>22</Cadence><Extensions><ext:TPX><ext:Watts>51.6578947368421</ext:Watts><ext:Torque>20</ext:Torque></ext:TPX></Extensions></Trackpoint><Trackpoint><Time>2025-09-10T14:10:54.441Z</Time><DistanceMeters>4986.268651056782</DistanceMeters><HeartRateBpm><Value>147</Value></HeartRateBpm><Cadence>22</Cadence><Extensions><ext:TPX><ext:Watts>56.0</ext:Watts><ext:Torque>20</ext:Torque></ext:TPX></Extensions></Trackpoint><Trackpoint><Time>2025-09-10T14:10:55.771Z</Time><DistanceMeters>4991.311840069068</DistanceMeters><HeartRateBpm><Value>147</Value></HeartRateBpm><Cadence>22</Cadence><Extensions><ext:TPX><ext:Watts>55.6578947368421</ext:Watts><ext:Torque>20</ext:Torque></ext:TPX></Extensions></Trackpoint><Trackpoint><Time>2025-09-10T14:10:57.101Z</Time><DistanceMeters>4996.3597980544155</DistanceMeters><HeartRateBpm><Value>147</Value></HeartRateBpm><Cadence>22</Cadence><Extensions><ext:TPX><ext:Watts>55.71052631578947</ext:Watts><ext:Torque>20</ext:Torque></ext:TPX></Extensions></Trackpoint><Trackpoint><Time>2025-09-10T14:10:58.466Z</Time><DistanceMeters>5001.335454406219</DistanceMeters><HeartRateBpm><Value>147</Value></HeartRateBpm><Cadence>22</Cadence><Extensions><ext:TPX><ext:Watts>53.69230769230769</ext:Watts><ext:Torque>20</ext:Torque></ext:TPX></Extensions></Trackpoint><Trackpoint><Time>2025-09-10T14:10:59.761Z</Time><DistanceMeters>5006.364017073393</DistanceMeters><HeartRateBpm><Value>146</Value></HeartRateBpm><Cadence>23</Cadence><Extensions><ext:TPX><ext:Watts>56.729729729729726</ext:Watts><ext:Torque>20</ext:Torque></ext:TPX></Extensions></Trackpoint><Trackpoint><Time>2025-09-10T14:11:01.091Z</Time><DistanceMeters>5011.483509654659</DistanceMeters><HeartRateBpm><Value>146</Value></HeartRateBpm><Cadence>22</Cadence><Extensions><ext:TPX><ext:Watts>56.5</ext:Watts><ext:Torque>20</ext:Torque></ext:TPX></Extensions></Trackpoint><Trackpoint><Time>2025-09-10T14:11:02.386Z</Time><DistanceMeters>5016.492906766171</DistanceMeters><HeartRateBpm><Value>146</Value></HeartRateBpm><Cadence>23</Cadence><Extensions><ext:TPX><ext:Watts>56.513513513513516</ext:Watts><ext:Torque>20</ext:Torque></ext:TPX></Extensions></Trackpoint><Trackpoint><Time>2025-09-10T14:11:03.716Z</Time><DistanceMeters>5021.724470214376</DistanceMeters><HeartRateBpm><Value>146</Value></HeartRateBpm><Cadence>22</Cadence><Extensions><ext:TPX><ext:Watts>57.73684210526316</ext:Watts><ext:Torque>20</ext:Torque></ext:TPX></Extensions></Trackpoint><Trackpoint><Time>2025-09-10T14:11:05.011Z</Time><DistanceMeters>5026.841673576494</DistanceMeters><HeartRateBpm><Value>146</Value></HeartRateBpm><Cadence>23</Cadence><Extensions><ext:TPX><ext:Watts>57.729729729729726</ext:Watts><ext:Torque>20</ext:Torque></ext:TPX></Extensions></Trackpoint><Trackpoint><Time>2025-09-10T14:11:06.306Z</Time><DistanceMeters>5032.066683189218</DistanceMeters><HeartRateBpm><Value>146</Value></HeartRateBpm><Cadence>23</Cadence><Extensions><ext:TPX><ext:Watts>58.945945945945944</ext:Watts><ext:Torque>20</ext:Torque></ext:TPX></Extensions></Trackpoint><Trackpoint><Time>2025-09-10T14:11:07.636Z</Time><DistanceMeters>5037.314938043138</DistanceMeters><HeartRateBpm><Value>146</Value></HeartRateBpm><Cadence>22</Cadence><Extensions><ext:TPX><ext:Watts>57.921052631578945</ext:Watts><ext:Torque>20</ext:Torque></ext:TPX></Extensions></Trackpoint><Trackpoint><Time>2025-09-10T14:11:08.966Z</Time><DistanceMeters>5042.498811760731</DistanceMeters><HeartRateBpm><Value>146</Value></HeartRateBpm><Cadence>22</Cadence><Extensions><ext:TPX><ext:Watts>57.21052631578947</ext:Watts><ext:Torque>20</ext:Torque></ext:TPX></Extensions></Trackpoint><Trackpoint><Time>2025-09-10T14:11:10.261Z</Time><DistanceMeters>5047.735799845745</DistanceMeters><HeartRateBpm><Value>146</Value></HeartRateBpm><Cadence>23</Cadence><Extensions><ext:TPX><ext:Watts>59.08108108108108</ext:Watts><ext:Torque>20</ext:Torque></ext:TPX></Extensions></Trackpoint><Trackpoint><Time>2025-09-10T14:11:11.591Z</Time><DistanceMeters>5053.0412823764</DistanceMeters><HeartRateBpm><Value>146</Value></HeartRateBpm><Cadence>22</Cadence><Extensions><ext:TPX><ext:Watts>58.55263157894737</ext:Watts><ext:Torque>20</ext:Torque></ext:TPX></Extensions></Trackpoint><Trackpoint><Time>2025-09-10T14:11:12.922Z</Time><DistanceMeters>5058.28953723032</DistanceMeters><HeartRateBpm><Value>146</Value></HeartRateBpm><Cadence>22</Cadence><Extensions><ext:TPX><ext:Watts>57.921052631578945</ext:Watts><ext:Torque>20</ext:Torque></ext:TPX></Extensions></Trackpoint><Trackpoint><Time>2025-09-10T14:11:14.251Z</Time><DistanceMeters>5063.301727917708</DistanceMeters><HeartRateBpm><Value>146</Value></HeartRateBpm><Cadence>22</Cadence><Extensions><ext:TPX><ext:Watts>55.31578947368421</ext:Watts><ext:Torque>20</ext:Torque></ext:TPX></Extensions></Trackpoint><Trackpoint><Time>2025-09-10T14:11:15.546Z</Time><DistanceMeters>5068.3997657241625</DistanceMeters><HeartRateBpm><Value>146</Value></HeartRateBpm><Cadence>23</Cadence><Extensions><ext:TPX><ext:Watts>57.513513513513516</ext:Watts><ext:Torque>20</ext:Torque></ext:TPX></Extensions></Trackpoint><Trackpoint><Time>2025-09-10T14:11:16.876Z</Time><DistanceMeters>5073.459646142163</DistanceMeters><HeartRateBpm><Value>146</Value></HeartRateBpm><Cadence>22</Cadence><Extensions><ext:TPX><ext:Watts>55.8421052631579</ext:Watts><ext:Torque>20</ext:Torque></ext:TPX></Extensions></Trackpoint><Trackpoint><Time>2025-09-10T14:11:18.206Z</Time><DistanceMeters>5078.557678344654</DistanceMeters><HeartRateBpm><Value>146</Value></HeartRateBpm><Cadence>22</Cadence><Extensions><ext:TPX><ext:Watts>56.26315789473684</ext:Watts><ext:Torque>20</ext:Torque></ext:TPX></Extensions></Trackpoint><Trackpoint><Time>2025-09-10T14:11:19.536Z</Time><DistanceMeters>5083.572253518572</DistanceMeters><HeartRateBpm><Value>146</Value></HeartRateBpm><Cadence>22</Cadence><Extensions><ext:TPX><ext:Watts>55.3421052631579</ext:Watts><ext:Torque>20</ext:Torque></ext:TPX></Extensions></Trackpoint><Trackpoint><Time>2025-09-10T14:11:20.866Z</Time><DistanceMeters>5088.6869771267775</DistanceMeters><HeartRateBpm><Value>146</Value></HeartRateBpm><Cadence>22</Cadence><Extensions><ext:TPX><ext:Watts>56.44736842105263</ext:Watts><ext:Torque>20</ext:Torque></ext:TPX></Extensions></Trackpoint><Trackpoint><Time>2025-09-10T14:11:22.162Z</Time><DistanceMeters>5093.895216878296</DistanceMeters><HeartRateBpm><Value>146</Value></HeartRateBpm><Cadence>23</Cadence><Extensions><ext:TPX><ext:Watts>58.75675675675676</ext:Watts><ext:Torque>20</ext:Torque></ext:TPX></Extensions></Trackpoint><Trackpoint><Time>2025-09-10T14:11:23.492Z</Time><DistanceMeters>5099.112473407318</DistanceMeters><HeartRateBpm><Value>146</Value></HeartRateBpm><Cadence>22</Cadence><Extensions><ext:TPX><ext:Watts>57.578947368421055</ext:Watts><ext:Torque>20</ext:Torque></ext:TPX></Extensions></Trackpoint><Trackpoint><Time>2025-09-10T14:11:24.822Z</Time><DistanceMeters>5104.332114422871</DistanceMeters><HeartRateBpm><Value>146</Value></HeartRateBpm><Cadence>22</Cadence><Extensions><ext:TPX><ext:Watts>57.60526315789474</ext:Watts><ext:Torque>20</ext:Torque></ext:TPX></Extensions></Trackpoint><Trackpoint><Time>2025-09-10T14:11:26.152Z</Time><DistanceMeters>5109.511219167403</DistanceMeters><HeartRateBpm><Value>146</Value></HeartRateBpm><Cadence>22</Cadence><Extensions><ext:TPX><ext:Watts>57.1578947368421</ext:Watts><ext:Torque>20</ext:Torque></ext:TPX></Extensions></Trackpoint><Trackpoint><Time>2025-09-10T14:11:27.482Z</Time><DistanceMeters>5114.680785965813</DistanceMeters><HeartRateBpm><Value>146</Value></HeartRateBpm><Cadence>22</Cadence><Extensions><ext:TPX><ext:Watts>57.05263157894737</ext:Watts><ext:Torque>20</ext:Torque></ext:TPX></Extensions></Trackpoint><Trackpoint><Time>2025-09-10T14:11:28.846Z</Time><DistanceMeters>5119.875048040809</DistanceMeters><HeartRateBpm><Value>146</Value></HeartRateBpm><Cadence>22</Cadence><Extensions><ext:TPX><ext:Watts>56.05128205128205</ext:Watts><ext:Torque>20</ext:Torque></ext:TPX></Extensions></Trackpoint><Trackpoint><Time>2025-09-10T14:11:30.146Z</Time><DistanceMeters>5124.927567652563</DistanceMeters><HeartRateBpm><Value>146</Value></HeartRateBpm><Cadence>23</Cadence><Extensions><ext:TPX><ext:Watts>57.0</ext:Watts><ext:Torque>20</ext:Torque></ext:TPX></Extensions></Trackpoint><Trackpoint><Time>2025-09-10T14:11:31.477Z</Time><DistanceMeters>5130.08521201832</DistanceMeters><HeartRateBpm><Value>146</Value></HeartRateBpm><Cadence>22</Cadence><Extensions><ext:TPX><ext:Watts>56.921052631578945</ext:Watts><ext:Torque>20</ext:Torque></ext:TPX></Extensions></Trackpoint><Trackpoint><Time>2025-09-10T14:11:32.842Z</Time><DistanceMeters>5135.113143651756</DistanceMeters><HeartRateBpm><Value>146</Value></HeartRateBpm><Cadence>22</Cadence><Extensions><ext:TPX><ext:Watts>54.256410256410255</ext:Watts><ext:Torque>20</ext:Torque></ext:TPX></Extensions></Trackpoint><Trackpoint><Time>2025-09-10T14:11:34.176Z</Time><DistanceMeters>5140.089567041185</DistanceMeters><HeartRateBpm><Value>146</Value></HeartRateBpm><Cadence>22</Cadence><Extensions><ext:TPX><ext:Watts>54.921052631578945</ext:Watts><ext:Torque>20</ext:Torque></ext:TPX></Extensions></Trackpoint><Trackpoint><Time>2025-09-10T14:11:35.512Z</Time><DistanceMeters>5145.273440758778</DistanceMeters><HeartRateBpm><Value>146</Value></HeartRateBpm><Cadence>22</Cadence><Extensions><ext:TPX><ext:Watts>57.21052631578947</ext:Watts><ext:Torque>20</ext:Torque></ext:TPX></Extensions></Trackpoint><Trackpoint><Time>2025-09-10T14:11:36.877Z</Time><DistanceMeters>5150.298996243049</DistanceMeters><HeartRateBpm><Value>146</Value></HeartRateBpm><Cadence>22</Cadence><Extensions><ext:TPX><ext:Watts>54.23076923076923</ext:Watts><ext:Torque>20</ext:Torque></ext:TPX></Extensions></Trackpoint><Trackpoint><Time>2025-09-10T14:11:38.207Z</Time><DistanceMeters>5155.401797418601</DistanceMeters><HeartRateBpm><Value>146</Value></HeartRateBpm><Cadence>22</Cadence><Extensions><ext:TPX><ext:Watts>56.31578947368421</ext:Watts><ext:Torque>20</ext:Torque></ext:TPX></Extensions></Trackpoint><Trackpoint><Time>2025-09-10T14:11:39.572Z</Time><DistanceMeters>5160.455866692853</DistanceMeters><HeartRateBpm><Value>146</Value></HeartRateBpm><Cadence>22</Cadence><Extensions><ext:TPX><ext:Watts>54.53846153846154</ext:Watts><ext:Torque>20</ext:Torque></ext:TPX></Extensions></Trackpoint><Trackpoint><Time>2025-09-10T14:11:40.902Z</Time><DistanceMeters>5165.561052354936</DistanceMeters><HeartRateBpm><Value>146</Value></HeartRateBpm><Cadence>22</Cadence><Extensions><ext:TPX><ext:Watts>56.3421052631579</ext:Watts><ext:Torque>20</ext:Torque></ext:TPX></Extensions></Trackpoint><Trackpoint><Time>2025-09-10T14:11:42.267Z</Time><DistanceMeters>5170.5675986458855</DistanceMeters><HeartRateBpm><Value>146</Value></HeartRateBpm><Cadence>22</Cadence><Extensions><ext:TPX><ext:Watts>54.02564102564103</ext:Watts><ext:Torque>20</ext:Torque></ext:TPX></Extensions></Trackpoint><Trackpoint><Time>2025-09-10T14:11:43.562Z</Time><DistanceMeters>5175.792608258609</DistanceMeters><HeartRateBpm><Value>146</Value></HeartRateBpm><Cadence>23</Cadence><Extensions><ext:TPX><ext:Watts>58.945945945945944</ext:Watts><ext:Torque>20</ext:Torque></ext:TPX></Extensions></Trackpoint><Trackpoint><Time>2025-09-10T14:11:44.897Z</Time><DistanceMeters>5180.96932851661</DistanceMeters><HeartRateBpm><Value>146</Value></HeartRateBpm><Cadence>22</Cadence><Extensions><ext:TPX><ext:Watts>57.13157894736842</ext:Watts><ext:Torque>20</ext:Torque></ext:TPX></Extensions></Trackpoint><Trackpoint><Time>2025-09-10T14:11:46.227Z</Time><DistanceMeters>5186.0530537999175</DistanceMeters><HeartRateBpm><Value>146</Value></HeartRateBpm><Cadence>22</Cadence><Extensions><ext:TPX><ext:Watts>56.10526315789474</ext:Watts><ext:Torque>20</ext:Torque></ext:TPX></Extensions></Trackpoint><Trackpoint><Time>2025-09-10T14:11:47.557Z</Time><DistanceMeters>5191.2726948154705</DistanceMeters><HeartRateBpm><Value>146</Value></HeartRateBpm><Cadence>22</Cadence><Extensions><ext:TPX><ext:Watts>57.60526315789474</ext:Watts><ext:Torque>20</ext:Torque></ext:TPX></Extensions></Trackpoint><Trackpoint><Time>2025-09-10T14:11:48.887Z</Time><DistanceMeters>5196.451799560003</DistanceMeters><HeartRateBpm><Value>146</Value></HeartRateBpm><Cadence>22</Cadence><Extensions><ext:TPX><ext:Watts>57.1578947368421</ext:Watts><ext:Torque>20</ext:Torque></ext:TPX></Extensions></Trackpoint><Trackpoint><Time>2025-09-10T14:11:50.217Z</Time><DistanceMeters>5201.635673277596</DistanceMeters><HeartRateBpm><Value>146</Value></HeartRateBpm><Cadence>22</Cadence><Extensions><ext:TPX><ext:Watts>57.21052631578947</ext:Watts><ext:Torque>20</ext:Torque></ext:TPX></Extensions></Trackpoint><Trackpoint><Time>2025-09-10T14:11:51.552Z</Time><DistanceMeters>5206.883928131516</DistanceMeters><HeartRateBpm><Value>146</Value></HeartRateBpm><Cadence>22</Cadence><Extensions><ext:TPX><ext:Watts>57.921052631578945</ext:Watts><ext:Torque>20</ext:Torque></ext:TPX></Extensions></Trackpoint><Trackpoint><Time>2025-09-10T14:11:52.917Z</Time><DistanceMeters>5212.196997664769</DistanceMeters><HeartRateBpm><Value>146</Value></HeartRateBpm><Cadence>22</Cadence><Extensions><ext:TPX><ext:Watts>57.333333333333336</ext:Watts><ext:Torque>20</ext:Torque></ext:TPX></Extensions></Trackpoint><Trackpoint><Time>2025-09-10T14:11:54.212Z</Time><DistanceMeters>5217.290244082307</DistanceMeters><HeartRateBpm><Value>146</Value></HeartRateBpm><Cadence>23</Cadence><Extensions><ext:TPX><ext:Watts>57.45945945945946</ext:Watts><ext:Torque>20</ext:Torque></ext:TPX></Extensions></Trackpoint><Trackpoint><Time>2025-09-10T14:11:55.542Z</Time><DistanceMeters>5222.514654070921</DistanceMeters><HeartRateBpm><Value>146</Value></HeartRateBpm><Cadence>22</Cadence><Extensions><ext:TPX><ext:Watts>57.6578947368421</ext:Watts><ext:Torque>20</ext:Torque></ext:TPX></Extensions></Trackpoint><Trackpoint><Time>2025-09-10T14:11:56.872Z</Time><DistanceMeters>5227.762908924841</DistanceMeters><HeartRateBpm><Value>147</Value></HeartRateBpm><Cadence>22</Cadence><Extensions><ext:TPX><ext:Watts>57.921052631578945</ext:Watts><ext:Torque>20</ext:Torque></ext:TPX></Extensions></Trackpoint><Trackpoint><Time>2025-09-10T14:11:58.167Z</Time><DistanceMeters>5232.863342425753</DistanceMeters><HeartRateBpm><Value>147</Value></HeartRateBpm><Cadence>23</Cadence><Extensions><ext:TPX><ext:Watts>57.54054054054054</ext:Watts><ext:Torque>20</ext:Torque></ext:TPX></Extensions></Trackpoint><Trackpoint><Time>2025-09-10T14:11:59.462Z</Time><DistanceMeters>5238.1218917608885</DistanceMeters><HeartRateBpm><Value>147</Value></HeartRateBpm><Cadence>23</Cadence><Extensions><ext:TPX><ext:Watts>59.32432432432432</ext:Watts><ext:Torque>20</ext:Torque></ext:TPX></Extensions></Trackpoint><Trackpoint><Time>2025-09-10T14:12:00.757Z</Time><DistanceMeters>5243.344505679154</DistanceMeters><HeartRateBpm><Value>147</Value></HeartRateBpm><Cadence>23</Cadence><Extensions><ext:TPX><ext:Watts>58.91891891891892</ext:Watts><ext:Torque>20</ext:Torque></ext:TPX></Extensions></Trackpoint><Trackpoint><Time>2025-09-10T14:12:02.017Z</Time><DistanceMeters>5248.500336841611</DistanceMeters><HeartRateBpm><Value>147</Value></HeartRateBpm><Cadence>24</Cadence><Extensions><ext:TPX><ext:Watts>60.69444444444444</ext:Watts><ext:Torque>20</ext:Torque></ext:TPX></Extensions></Trackpoint><Trackpoint><Time>2025-09-10T14:12:03.313Z</Time><DistanceMeters>5253.773260343493</DistanceMeters><HeartRateBpm><Value>147</Value></HeartRateBpm><Cadence>23</Cadence><Extensions><ext:TPX><ext:Watts>59.486486486486484</ext:Watts><ext:Torque>20</ext:Torque></ext:TPX></Extensions></Trackpoint><Trackpoint><Time>2025-09-10T14:12:04.572Z</Time><DistanceMeters>5258.874819598977</DistanceMeters><HeartRateBpm><Value>147</Value></HeartRateBpm><Cadence>24</Cadence><Extensions><ext:TPX><ext:Watts>60.05555555555556</ext:Watts><ext:Torque>20</ext:Torque></ext:TPX></Extensions></Trackpoint><Trackpoint><Time>2025-09-10T14:12:05.832Z</Time><DistanceMeters>5264.035370057693</DistanceMeters><HeartRateBpm><Value>147</Value></HeartRateBpm><Cadence>24</Cadence><Extensions><ext:TPX><ext:Watts>60.75</ext:Watts><ext:Torque>20</ext:Torque></ext:TPX></Extensions></Trackpoint><Trackpoint><Time>2025-09-10T14:12:07.092Z</Time><DistanceMeters>5269.103894239367</DistanceMeters><HeartRateBpm><Value>147</Value></HeartRateBpm><Cadence>24</Cadence><Extensions><ext:TPX><ext:Watts>59.666666666666664</ext:Watts><ext:Torque>20</ext:Torque></ext:TPX></Extensions></Trackpoint><Trackpoint><Time>2025-09-10T14:12:08.387Z</Time><DistanceMeters>5274.29536412968</DistanceMeters><HeartRateBpm><Value>147</Value></HeartRateBpm><Cadence>23</Cadence><Extensions><ext:TPX><ext:Watts>58.567567567567565</ext:Watts><ext:Torque>20</ext:Torque></ext:TPX></Extensions></Trackpoint><Trackpoint><Time>2025-09-10T14:12:09.653Z</Time><DistanceMeters>5279.623550016133</DistanceMeters><HeartRateBpm><Value>147</Value></HeartRateBpm><Cadence>24</Cadence><Extensions><ext:TPX><ext:Watts>61.416666666666664</ext:Watts><ext:Torque>20</ext:Torque></ext:TPX></Extensions></Trackpoint><Trackpoint><Time>2025-09-10T14:12:10.947Z</Time><DistanceMeters>5284.807832823072</DistanceMeters><HeartRateBpm><Value>148</Value></HeartRateBpm><Cadence>23</Cadence><Extensions><ext:TPX><ext:Watts>58.486486486486484</ext:Watts><ext:Torque>20</ext:Torque></ext:TPX></Extensions></Trackpoint><Trackpoint><Time>2025-09-10T14:12:12.207Z</Time><DistanceMeters>5289.942427152366</DistanceMeters><HeartRateBpm><Value>148</Value></HeartRateBpm><Cadence>24</Cadence><Extensions><ext:TPX><ext:Watts>60.44444444444444</ext:Watts><ext:Torque>20</ext:Torque></ext:TPX></Extensions></Trackpoint><Trackpoint><Time>2025-09-10T14:12:13.467Z</Time><DistanceMeters>5295.022749574686</DistanceMeters><HeartRateBpm><Value>148</Value></HeartRateBpm><Cadence>24</Cadence><Extensions><ext:TPX><ext:Watts>59.80555555555556</ext:Watts><ext:Torque>20</ext:Torque></ext:TPX></Extensions></Trackpoint><Trackpoint><Time>2025-09-10T14:12:14.727Z</Time><DistanceMeters>5299.985089590543</DistanceMeters><HeartRateBpm><Value>148</Value></HeartRateBpm><Cadence>24</Cadence><Extensions><ext:TPX><ext:Watts>58.416666666666664</ext:Watts><ext:Torque>20</ext:Torque></ext:TPX></Extensions></Trackpoint><Trackpoint><Time>2025-09-10T14:12:15.952Z</Time><DistanceMeters>5305.111054349535</DistanceMeters><HeartRateBpm><Value>148</Value></HeartRateBpm><Cadence>24</Cadence><Extensions><ext:TPX><ext:Watts>61.6</ext:Watts><ext:Torque>20</ext:Torque></ext:TPX></Extensions></Trackpoint><Trackpoint><Time>2025-09-10T14:12:17.177Z</Time><DistanceMeters>5310.3297429608465</DistanceMeters><HeartRateBpm><Value>149</Value></HeartRateBpm><Cadence>24</Cadence><Extensions><ext:TPX><ext:Watts>62.714285714285715</ext:Watts><ext:Torque>20</ext:Torque></ext:TPX></Extensions></Trackpoint><Trackpoint><Time>2025-09-10T14:12:18.437Z</Time><DistanceMeters>5315.365232068711</DistanceMeters><HeartRateBpm><Value>149</Value></HeartRateBpm><Cadence>24</Cadence><Extensions><ext:TPX><ext:Watts>59.27777777777778</ext:Watts><ext:Torque>20</ext:Torque></ext:TPX></Extensions></Trackpoint><Trackpoint><Time>2025-09-10T14:12:19.698Z</Time><DistanceMeters>5320.464431676065</DistanceMeters><HeartRateBpm><Value>149</Value></HeartRateBpm><Cadence>24</Cadence><Extensions><ext:TPX><ext:Watts>60.02777777777778</ext:Watts><ext:Torque>20</ext:Torque></ext:TPX></Extensions></Trackpoint><Trackpoint><Time>2025-09-10T14:12:20.957Z</Time><DistanceMeters>5325.436210284439</DistanceMeters><HeartRateBpm><Value>149</Value></HeartRateBpm><Cadence>24</Cadence><Extensions><ext:TPX><ext:Watts>58.52777777777778</ext:Watts><ext:Torque>20</ext:Torque></ext:TPX></Extensions></Trackpoint><Trackpoint><Time>2025-09-10T14:12:22.217Z</Time><DistanceMeters>5330.35135733771</DistanceMeters><HeartRateBpm><Value>150</Value></HeartRateBpm><Cadence>24</Cadence><Extensions><ext:TPX><ext:Watts>57.861111111111114</ext:Watts><ext:Torque>20</ext:Torque></ext:TPX></Extensions></Trackpoint><Trackpoint><Time>2025-09-10T14:12:23.477Z</Time><DistanceMeters>5335.311337705438</DistanceMeters><HeartRateBpm><Value>150</Value></HeartRateBpm><Cadence>24</Cadence><Extensions><ext:TPX><ext:Watts>58.388888888888886</ext:Watts><ext:Torque>20</ext:Torque></ext:TPX></Extensions></Trackpoint><Trackpoint><Time>2025-09-10T14:12:24.738Z</Time><DistanceMeters>5340.217046166192</DistanceMeters><HeartRateBpm><Value>150</Value></HeartRateBpm><Cadence>24</Cadence><Extensions><ext:TPX><ext:Watts>57.75</ext:Watts><ext:Torque>20</ext:Torque></ext:TPX></Extensions></Trackpoint><Trackpoint><Time>2025-09-10T14:12:25.998Z</Time><DistanceMeters>5345.200623015212</DistanceMeters><HeartRateBpm><Value>150</Value></HeartRateBpm><Cadence>24</Cadence><Extensions><ext:TPX><ext:Watts>58.666666666666664</ext:Watts><ext:Torque>20</ext:Torque></ext:TPX></Extensions></Trackpoint><Trackpoint><Time>2025-09-10T14:12:27.293Z</Time><DistanceMeters>5350.1740847098545</DistanceMeters><HeartRateBpm><Value>150</Value></HeartRateBpm><Cadence>23</Cadence><Extensions><ext:TPX><ext:Watts>56.108108108108105</ext:Watts><ext:Torque>20</ext:Torque></ext:TPX></Extensions></Trackpoint><Trackpoint><Time>2025-09-10T14:12:28.553Z</Time><DistanceMeters>5355.119907188807</DistanceMeters><HeartRateBpm><Value>150</Value></HeartRateBpm><Cadence>24</Cadence><Extensions><ext:TPX><ext:Watts>58.22222222222222</ext:Watts><ext:Torque>20</ext:Torque></ext:TPX></Extensions></Trackpoint><Trackpoint><Time>2025-09-10T14:12:29.813Z</Time><DistanceMeters>5360.174273481705</DistanceMeters><HeartRateBpm><Value>150</Value></HeartRateBpm><Cadence>24</Cadence><Extensions><ext:TPX><ext:Watts>59.5</ext:Watts><ext:Torque>20</ext:Torque></ext:TPX></Extensions></Trackpoint><Trackpoint><Time>2025-09-10T14:12:31.073Z</Time><DistanceMeters>5365.136613497562</DistanceMeters><HeartRateBpm><Value>150</Value></HeartRateBpm><Cadence>24</Cadence><Extensions><ext:TPX><ext:Watts>58.416666666666664</ext:Watts><ext:Torque>20</ext:Torque></ext:TPX></Extensions></Trackpoint><Trackpoint><Time>2025-09-10T14:12:32.368Z</Time><DistanceMeters>5370.167571859195</DistanceMeters><HeartRateBpm><Value>150</Value></HeartRateBpm><Cadence>23</Cadence><Extensions><ext:TPX><ext:Watts>56.75675675675676</ext:Watts><ext:Torque>20</ext:Torque></ext:TPX></Extensions></Trackpoint><Trackpoint><Time>2025-09-10T14:12:33.668Z</Time><DistanceMeters>5375.256026887818</DistanceMeters><HeartRateBpm><Value>150</Value></HeartRateBpm><Cadence>23</Cadence><Extensions><ext:TPX><ext:Watts>57.4054054054054</ext:Watts><ext:Torque>20</ext:Torque></ext:TPX></Extensions></Trackpoint><Trackpoint><Time>2025-09-10T14:12:34.933Z</Time><DistanceMeters>5380.49745805156</DistanceMeters><HeartRateBpm><Value>150</Value></HeartRateBpm><Cadence>24</Cadence><Extensions><ext:TPX><ext:Watts>60.416666666666664</ext:Watts><ext:Torque>20</ext:Torque></ext:TPX></Extensions></Trackpoint><Trackpoint><Time>2025-09-10T14:12:36.198Z</Time><DistanceMeters>5385.693102000539</DistanceMeters><HeartRateBpm><Value>150</Value></HeartRateBpm><Cadence>24</Cadence><Extensions><ext:TPX><ext:Watts>59.888888888888886</ext:Watts><ext:Torque>20</ext:Torque></ext:TPX></Extensions></Trackpoint><Trackpoint><Time>2025-09-10T14:12:37.458Z</Time><DistanceMeters>5390.730950756532</DistanceMeters><HeartRateBpm><Value>150</Value></HeartRateBpm><Cadence>24</Cadence><Extensions><ext:TPX><ext:Watts>59.30555555555556</ext:Watts><ext:Torque>20</ext:Torque></ext:TPX></Extensions></Trackpoint><Trackpoint><Time>2025-09-10T14:12:38.718Z</Time><DistanceMeters>5395.841948604533</DistanceMeters><HeartRateBpm><Value>150</Value></HeartRateBpm><Cadence>24</Cadence><Extensions><ext:TPX><ext:Watts>60.166666666666664</ext:Watts><ext:Torque>20</ext:Torque></ext:TPX></Extensions></Trackpoint><Trackpoint><Time>2025-09-10T14:12:39.978Z</Time><DistanceMeters>5400.764174602193</DistanceMeters><HeartRateBpm><Value>150</Value></HeartRateBpm><Cadence>24</Cadence><Extensions><ext:TPX><ext:Watts>57.94444444444444</ext:Watts><ext:Torque>20</ext:Torque></ext:TPX></Extensions></Trackpoint><Trackpoint><Time>2025-09-10T14:12:41.238Z</Time><DistanceMeters>5405.839777728254</DistanceMeters><HeartRateBpm><Value>150</Value></HeartRateBpm><Cadence>24</Cadence><Extensions><ext:TPX><ext:Watts>59.75</ext:Watts><ext:Torque>20</ext:Torque></ext:TPX></Extensions></Trackpoint><Trackpoint><Time>2025-09-10T14:12:42.498Z</Time><DistanceMeters>5410.830433521663</DistanceMeters><HeartRateBpm><Value>151</Value></HeartRateBpm><Cadence>24</Cadence><Extensions><ext:TPX><ext:Watts>58.75</ext:Watts><ext:Torque>20</ext:Torque></ext:TPX></Extensions></Trackpoint><Trackpoint><Time>2025-09-10T14:12:43.758Z</Time><DistanceMeters>5415.842326148234</DistanceMeters><HeartRateBpm><Value>151</Value></HeartRateBpm><Cadence>24</Cadence><Extensions><ext:TPX><ext:Watts>59.0</ext:Watts><ext:Torque>20</ext:Torque></ext:TPX></Extensions></Trackpoint><Trackpoint><Time>2025-09-10T14:12:44.988Z</Time><DistanceMeters>5420.911230075029</DistanceMeters><HeartRateBpm><Value>151</Value></HeartRateBpm><Cadence>24</Cadence><Extensions><ext:TPX><ext:Watts>60.91428571428571</ext:Watts><ext:Torque>20</ext:Torque></ext:TPX></Extensions></Trackpoint><Trackpoint><Time>2025-09-10T14:12:46.248Z</Time><DistanceMeters>5426.041105108065</DistanceMeters><HeartRateBpm><Value>151</Value></HeartRateBpm><Cadence>24</Cadence><Extensions><ext:TPX><ext:Watts>60.388888888888886</ext:Watts><ext:Torque>20</ext:Torque></ext:TPX></Extensions></Trackpoint><Trackpoint><Time>2025-09-10T14:12:47.483Z</Time><DistanceMeters>5430.934071468921</DistanceMeters><HeartRateBpm><Value>151</Value></HeartRateBpm><Cadence>24</Cadence><Extensions><ext:TPX><ext:Watts>58.8</ext:Watts><ext:Torque>20</ext:Torque></ext:TPX></Extensions></Trackpoint><Trackpoint><Time>2025-09-10T14:12:48.743Z</Time><DistanceMeters>5435.931806206717</DistanceMeters><HeartRateBpm><Value>151</Value></HeartRateBpm><Cadence>24</Cadence><Extensions><ext:TPX><ext:Watts>58.833333333333336</ext:Watts><ext:Torque>20</ext:Torque></ext:TPX></Extensions></Trackpoint><Trackpoint><Time>2025-09-10T14:12:50.008Z</Time><DistanceMeters>5441.158778250007</DistanceMeters><HeartRateBpm><Value>151</Value></HeartRateBpm><Cadence>24</Cadence><Extensions><ext:TPX><ext:Watts>60.25</ext:Watts><ext:Torque>20</ext:Torque></ext:TPX></Extensions></Trackpoint><Trackpoint><Time>2025-09-10T14:12:51.198Z</Time><DistanceMeters>5446.198053899105</DistanceMeters><HeartRateBpm><Value>152</Value></HeartRateBpm><Cadence>25</Cadence><Extensions><ext:TPX><ext:Watts>61.794117647058826</ext:Watts><ext:Torque>20</ext:Torque></ext:TPX></Extensions></Trackpoint><Trackpoint><Time>2025-09-10T14:12:52.423Z</Time><DistanceMeters>5451.392967163668</DistanceMeters><HeartRateBpm><Value>152</Value></HeartRateBpm><Cadence>24</Cadence><Extensions><ext:TPX><ext:Watts>62.42857142857143</ext:Watts><ext:Torque>20</ext:Torque></ext:TPX></Extensions></Trackpoint><Trackpoint><Time>2025-09-10T14:12:53.648Z</Time><DistanceMeters>5456.6306760523785</DistanceMeters><HeartRateBpm><Value>152</Value></HeartRateBpm><Cadence>24</Cadence><Extensions><ext:TPX><ext:Watts>62.94285714285714</ext:Watts><ext:Torque>20</ext:Torque></ext:TPX></Extensions></Trackpoint><Trackpoint><Time>2025-09-10T14:12:54.908Z</Time><DistanceMeters>5461.602454660752</DistanceMeters><HeartRateBpm><Value>152</Value></HeartRateBpm><Cadence>24</Cadence><Extensions><ext:TPX><ext:Watts>58.52777777777778</ext:Watts><ext:Torque>20</ext:Torque></ext:TPX></Extensions></Trackpoint><Trackpoint><Time>2025-09-10T14:12:56.168Z</Time><DistanceMeters>5466.555356084092</DistanceMeters><HeartRateBpm><Value>152</Value></HeartRateBpm><Cadence>24</Cadence><Extensions><ext:TPX><ext:Watts>58.30555555555556</ext:Watts><ext:Torque>20</ext:Torque></ext:TPX></Extensions></Trackpoint><Trackpoint><Time>2025-09-10T14:12:57.428Z</Time><DistanceMeters>5471.638038154541</DistanceMeters><HeartRateBpm><Value>152</Value></HeartRateBpm><Cadence>24</Cadence><Extensions><ext:TPX><ext:Watts>59.833333333333336</ext:Watts><ext:Torque>20</ext:Torque></ext:TPX></Extensions></Trackpoint><Trackpoint><Time>2025-09-10T14:12:58.654Z</Time><DistanceMeters>5476.588065347594</DistanceMeters><HeartRateBpm><Value>152</Value></HeartRateBpm><Cadence>24</Cadence><Extensions><ext:TPX><ext:Watts>59.48571428571429</ext:Watts><ext:Torque>20</ext:Torque></ext:TPX></Extensions></Trackpoint><Trackpoint><Time>2025-09-10T14:12:59.948Z</Time><DistanceMeters>5481.781930932365</DistanceMeters><HeartRateBpm><Value>152</Value></HeartRateBpm><Cadence>23</Cadence><Extensions><ext:TPX><ext:Watts>58.5945945945946</ext:Watts><ext:Torque>20</ext:Torque></ext:TPX></Extensions></Trackpoint><Trackpoint><Time>2025-09-10T14:13:01.208Z</Time><DistanceMeters>5486.869332299073</DistanceMeters><HeartRateBpm><Value>152</Value></HeartRateBpm><Cadence>24</Cadence><Extensions><ext:TPX><ext:Watts>59.888888888888886</ext:Watts><ext:Torque>20</ext:Torque></ext:TPX></Extensions></Trackpoint><Trackpoint><Time>2025-09-10T14:13:02.504Z</Time><DistanceMeters>5492.149442884329</DistanceMeters><HeartRateBpm><Value>152</Value></HeartRateBpm><Cadence>23</Cadence><Extensions><ext:TPX><ext:Watts>59.567567567567565</ext:Watts><ext:Torque>20</ext:Torque></ext:TPX></Extensions></Trackpoint><Trackpoint><Time>2025-09-10T14:13:03.728Z</Time><DistanceMeters>5497.242122157873</DistanceMeters><HeartRateBpm><Value>152</Value></HeartRateBpm><Cadence>24</Cadence><Extensions><ext:TPX><ext:Watts>61.2</ext:Watts><ext:Torque>20</ext:Torque></ext:TPX></Extensions></Trackpoint><Trackpoint><Time>2025-09-10T14:13:05.023Z</Time><DistanceMeters>5502.3401599643275</DistanceMeters><HeartRateBpm><Value>152</Value></HeartRateBpm><Cadence>23</Cadence><Extensions><ext:TPX><ext:Watts>57.513513513513516</ext:Watts><ext:Torque>20</ext:Torque></ext:TPX></Extensions></Trackpoint><Trackpoint><Time>2025-09-10T14:13:06.318Z</Time><DistanceMeters>5507.447780548613</DistanceMeters><HeartRateBpm><Value>152</Value></HeartRateBpm><Cadence>23</Cadence><Extensions><ext:TPX><ext:Watts>57.62162162162162</ext:Watts><ext:Torque>20</ext:Torque></ext:TPX></Extensions></Trackpoint><Trackpoint><Time>2025-09-10T14:13:07.578Z</Time><DistanceMeters>5512.605971359199</DistanceMeters><HeartRateBpm><Value>152</Value></HeartRateBpm><Cadence>24</Cadence><Extensions><ext:TPX><ext:Watts>60.72222222222222</ext:Watts><ext:Torque>20</ext:Torque></ext:TPX></Extensions></Trackpoint><Trackpoint><Time>2025-09-10T14:13:08.843Z</Time><DistanceMeters>5517.611236888897</DistanceMeters><HeartRateBpm><Value>152</Value></HeartRateBpm><Cadence>24</Cadence><Extensions><ext:TPX><ext:Watts>57.69444444444444</ext:Watts><ext:Torque>20</ext:Torque></ext:TPX></Extensions></Trackpoint><Trackpoint><Time>2025-09-10T14:13:10.074Z</Time><DistanceMeters>5522.777619737362</DistanceMeters><HeartRateBpm><Value>152</Value></HeartRateBpm><Cadence>24</Cadence><Extensions><ext:TPX><ext:Watts>62.08571428571429</ext:Watts><ext:Torque>20</ext:Torque></ext:TPX></Extensions></Trackpoint><Trackpoint><Time>2025-09-10T14:13:11.298Z</Time><DistanceMeters>5528.041481507496</DistanceMeters><HeartRateBpm><Value>153</Value></HeartRateBpm><Cadence>24</Cadence><Extensions><ext:TPX><ext:Watts>63.25714285714286</ext:Watts><ext:Torque>20</ext:Torque></ext:TPX></Extensions></Trackpoint><Trackpoint><Time>2025-09-10T14:13:12.454Z</Time><DistanceMeters>5533.138321466722</DistanceMeters><HeartRateBpm><Value>153</Value></HeartRateBpm><Cadence>26</Cadence><Extensions><ext:TPX><ext:Watts>65.0</ext:Watts><ext:Torque>20</ext:Torque></ext:TPX></Extensions></Trackpoint><Trackpoint><Time>2025-09-10T14:13:13.644Z</Time><DistanceMeters>5538.429440972628</DistanceMeters><HeartRateBpm><Value>153</Value></HeartRateBpm><Cadence>25</Cadence><Extensions><ext:TPX><ext:Watts>64.88235294117646</ext:Watts><ext:Torque>20</ext:Torque></ext:TPX></Extensions></Trackpoint><Trackpoint><Time>2025-09-10T14:13:14.798Z</Time><DistanceMeters>5543.5476662743395</DistanceMeters><HeartRateBpm><Value>153</Value></HeartRateBpm><Cadence>26</Cadence><Extensions><ext:TPX><ext:Watts>65.27272727272727</ext:Watts><ext:Torque>20</ext:Torque></ext:TPX></Extensions></Trackpoint><Trackpoint><Time>2025-09-10T14:13:15.992Z</Time><DistanceMeters>5548.714063108302</DistanceMeters><HeartRateBpm><Value>153</Value></HeartRateBpm><Cadence>25</Cadence><Extensions><ext:TPX><ext:Watts>63.35294117647059</ext:Watts><ext:Torque>20</ext:Torque></ext:TPX></Extensions></Trackpoint><Trackpoint><Time>2025-09-10T14:13:17.214Z</Time><DistanceMeters>5553.887578560792</DistanceMeters><HeartRateBpm><Value>153</Value></HeartRateBpm><Cadence>24</Cadence><Extensions><ext:TPX><ext:Watts>62.17142857142857</ext:Watts><ext:Torque>20</ext:Torque></ext:TPX></Extensions></Trackpoint><Trackpoint><Time>2025-09-10T14:13:18.404Z</Time><DistanceMeters>5559.113938217804</DistanceMeters><HeartRateBpm><Value>154</Value></HeartRateBpm><Cadence>25</Cadence><Extensions><ext:TPX><ext:Watts>64.08823529411765</ext:Watts><ext:Torque>20</ext:Torque></ext:TPX></Extensions></Trackpoint><Trackpoint><Time>2025-09-10T14:13:19.593Z</Time><DistanceMeters>5564.16280791859</DistanceMeters><HeartRateBpm><Value>154</Value></HeartRateBpm><Cadence>25</Cadence><Extensions><ext:TPX><ext:Watts>61.911764705882355</ext:Watts><ext:Torque>20</ext:Torque></ext:TPX></Extensions></Trackpoint><Trackpoint><Time>2025-09-10T14:13:20.819Z</Time><DistanceMeters>5569.179406082539</DistanceMeters><HeartRateBpm><Value>154</Value></HeartRateBpm><Cadence>24</Cadence><Extensions><ext:TPX><ext:Watts>60.285714285714285</ext:Watts><ext:Torque>20</ext:Torque></ext:TPX></Extensions></Trackpoint><Trackpoint><Time>2025-09-10T14:13:22.079Z</Time><DistanceMeters>5574.219614486661</DistanceMeters><HeartRateBpm><Value>155</Value></HeartRateBpm><Cadence>24</Cadence><Extensions><ext:TPX><ext:Watts>59.333333333333336</ext:Watts><ext:Torque>20</ext:Torque></ext:TPX></Extensions></Trackpoint><Trackpoint><Time>2025-09-10T14:13:23.339Z</Time><DistanceMeters>5579.255103594525</DistanceMeters><HeartRateBpm><Value>155</Value></HeartRateBpm><Cadence>24</Cadence><Extensions><ext:TPX><ext:Watts>59.27777777777778</ext:Watts><ext:Torque>20</ext:Torque></ext:TPX></Extensions></Trackpoint><Trackpoint><Time>2025-09-10T14:13:24.704Z</Time><DistanceMeters>5584.404218835383</DistanceMeters><HeartRateBpm><Value>156</Value></HeartRateBpm><Cadence>22</Cadence><Extensions><ext:TPX><ext:Watts>55.56410256410256</ext:Watts><ext:Torque>20</ext:Torque></ext:TPX></Extensions></Trackpoint><Trackpoint><Time>2025-09-10T14:13:26.034Z</Time><DistanceMeters>5589.604783958691</DistanceMeters><HeartRateBpm><Value>156</Value></HeartRateBpm><Cadence>22</Cadence><Extensions><ext:TPX><ext:Watts>57.39473684210526</ext:Watts><ext:Torque>20</ext:Torque></ext:TPX></Extensions></Trackpoint><Trackpoint><Time>2025-09-10T14:13:27.364Z</Time><DistanceMeters>5594.662279890161</DistanceMeters><HeartRateBpm><Value>156</Value></HeartRateBpm><Cadence>22</Cadence><Extensions><ext:TPX><ext:Watts>55.81578947368421</ext:Watts><ext:Torque>20</ext:Torque></ext:TPX></Extensions></Trackpoint><Trackpoint><Time>2025-09-10T14:13:28.694Z</Time><DistanceMeters>5599.784156957958</DistanceMeters><HeartRateBpm><Value>156</Value></HeartRateBpm><Cadence>22</Cadence><Extensions><ext:TPX><ext:Watts>56.526315789473685</ext:Watts><ext:Torque>20</ext:Torque></ext:TPX></Extensions></Trackpoint><Trackpoint><Time>2025-09-10T14:13:30.024Z</Time><DistanceMeters>5604.846421862489</DistanceMeters><HeartRateBpm><Value>156</Value></HeartRateBpm><Cadence>22</Cadence><Extensions><ext:TPX><ext:Watts>55.86842105263158</ext:Watts><ext:Torque>20</ext:Torque></ext:TPX></Extensions></Trackpoint><Trackpoint><Time>2025-09-10T14:13:31.354Z</Time><DistanceMeters>5609.710774384977</DistanceMeters><HeartRateBpm><Value>155</Value></HeartRateBpm><Cadence>22</Cadence><Extensions><ext:TPX><ext:Watts>53.68421052631579</ext:Watts><ext:Torque>20</ext:Torque></ext:TPX></Extensions></Trackpoint><Trackpoint><Time>2025-09-10T14:13:32.684Z</Time><DistanceMeters>5614.546513069098</DistanceMeters><HeartRateBpm><Value>155</Value></HeartRateBpm><Cadence>22</Cadence><Extensions><ext:TPX><ext:Watts>53.36842105263158</ext:Watts><ext:Torque>20</ext:Torque></ext:TPX></Extensions></Trackpoint><Trackpoint><Time>2025-09-10T14:13:34.014Z</Time><DistanceMeters>5619.332177536076</DistanceMeters><HeartRateBpm><Value>155</Value></HeartRateBpm><Cadence>22</Cadence><Extensions><ext:TPX><ext:Watts>52.81578947368421</ext:Watts><ext:Torque>20</ext:Torque></ext:TPX></Extensions></Trackpoint><Trackpoint><Time>2025-09-10T14:13:35.309Z</Time><DistanceMeters>5624.296056452888</DistanceMeters><HeartRateBpm><Value>155</Value></HeartRateBpm><Cadence>23</Cadence><Extensions><ext:TPX><ext:Watts>56.0</ext:Watts><ext:Torque>20</ext:Torque></ext:TPX></Extensions></Trackpoint><Trackpoint><Time>2025-09-10T14:13:36.569Z</Time><DistanceMeters>5629.180528080478</DistanceMeters><HeartRateBpm><Value>155</Value></HeartRateBpm><Cadence>24</Cadence><Extensions><ext:TPX><ext:Watts>57.5</ext:Watts><ext:Torque>20</ext:Torque></ext:TPX></Extensions></Trackpoint><Trackpoint><Time>2025-09-10T14:13:37.794Z</Time><DistanceMeters>5634.304115304796</DistanceMeters><HeartRateBpm><Value>155</Value></HeartRateBpm><Cadence>24</Cadence><Extensions><ext:TPX><ext:Watts>61.57142857142857</ext:Watts><ext:Torque>20</ext:Torque></ext:TPX></Extensions></Trackpoint><Trackpoint><Time>2025-09-10T14:13:39.054Z</Time><DistanceMeters>5639.306569338851</DistanceMeters><HeartRateBpm><Value>155</Value></HeartRateBpm><Cadence>24</Cadence><Extensions><ext:TPX><ext:Watts>58.888888888888886</ext:Watts><ext:Torque>20</ext:Torque></ext:TPX></Extensions></Trackpoint><Trackpoint><Time>2025-09-10T14:13:40.314Z</Time><DistanceMeters>5644.1981199108295</DistanceMeters><HeartRateBpm><Value>155</Value></HeartRateBpm><Cadence>24</Cadence><Extensions><ext:TPX><ext:Watts>57.583333333333336</ext:Watts><ext:Torque>20</ext:Torque></ext:TPX></Extensions></Trackpoint><Trackpoint><Time>2025-09-10T14:13:41.644Z</Time><DistanceMeters>5649.265153788422</DistanceMeters><HeartRateBpm><Value>155</Value></HeartRateBpm><Cadence>22</Cadence><Extensions><ext:TPX><ext:Watts>55.921052631578945</ext:Watts><ext:Torque>20</ext:Torque></ext:TPX></Extensions></Trackpoint><Trackpoint><Time>2025-09-10T14:13:42.939Z</Time><DistanceMeters>5654.171536038243</DistanceMeters><HeartRateBpm><Value>155</Value></HeartRateBpm><Cadence>23</Cadence><Extensions><ext:TPX><ext:Watts>55.351351351351354</ext:Watts><ext:Torque>20</ext:Torque></ext:TPX></Extensions></Trackpoint><Trackpoint><Time>2025-09-10T14:13:44.234Z</Time><DistanceMeters>5659.307904956024</DistanceMeters><HeartRateBpm><Value>155</Value></HeartRateBpm><Cadence>23</Cadence><Extensions><ext:TPX><ext:Watts>57.945945945945944</ext:Watts><ext:Torque>20</ext:Torque></ext:TPX></Extensions></Trackpoint><Trackpoint><Time>2025-09-10T14:13:45.534Z</Time><DistanceMeters>5664.389172901273</DistanceMeters><HeartRateBpm><Value>155</Value></HeartRateBpm><Cadence>23</Cadence><Extensions><ext:TPX><ext:Watts>57.32432432432432</ext:Watts><ext:Torque>20</ext:Torque></ext:TPX></Extensions></Trackpoint><Trackpoint><Time>2025-09-10T14:13:46.829Z</Time><DistanceMeters>5669.429714040737</DistanceMeters><HeartRateBpm><Value>155</Value></HeartRateBpm><Cadence>23</Cadence><Extensions><ext:TPX><ext:Watts>56.86486486486486</ext:Watts><ext:Torque>20</ext:Torque></ext:TPX></Extensions></Trackpoint><Trackpoint><Time>2025-09-10T14:13:48.124Z</Time><DistanceMeters>5674.247455595615</DistanceMeters><HeartRateBpm><Value>155</Value></HeartRateBpm><Cadence>23</Cadence><Extensions><ext:TPX><ext:Watts>54.351351351351354</ext:Watts><ext:Torque>20</ext:Torque></ext:TPX></Extensions></Trackpoint><Trackpoint><Time>2025-09-10T14:13:49.455Z</Time><DistanceMeters>5679.32402741933</DistanceMeters><HeartRateBpm><Value>155</Value></HeartRateBpm><Cadence>22</Cadence><Extensions><ext:TPX><ext:Watts>56.026315789473685</ext:Watts><ext:Torque>20</ext:Torque></ext:TPX></Extensions></Trackpoint><Trackpoint><Time>2025-09-10T14:13:50.784Z</Time><DistanceMeters>5684.464980379373</DistanceMeters><HeartRateBpm><Value>155</Value></HeartRateBpm><Cadence>22</Cadence><Extensions><ext:TPX><ext:Watts>56.73684210526316</ext:Watts><ext:Torque>20</ext:Torque></ext:TPX></Extensions></Trackpoint><Trackpoint><Time>2025-09-10T14:13:52.079Z</Time><DistanceMeters>5689.474377490884</DistanceMeters><HeartRateBpm><Value>155</Value></HeartRateBpm><Cadence>23</Cadence><Extensions><ext:TPX><ext:Watts>56.513513513513516</ext:Watts><ext:Torque>20</ext:Torque></ext:TPX></Extensions></Trackpoint><Trackpoint><Time>2025-09-10T14:13:53.379Z</Time><DistanceMeters>5694.706574186982</DistanceMeters><HeartRateBpm><Value>155</Value></HeartRateBpm><Cadence>23</Cadence><Extensions><ext:TPX><ext:Watts>59.027027027027025</ext:Watts><ext:Torque>20</ext:Torque></ext:TPX></Extensions></Trackpoint><Trackpoint><Time>2025-09-10T14:13:54.674Z</Time><DistanceMeters>5699.7686765765675</DistanceMeters><HeartRateBpm><Value>155</Value></HeartRateBpm><Cadence>23</Cadence><Extensions><ext:TPX><ext:Watts>57.108108108108105</ext:Watts><ext:Torque>20</ext:Torque></ext:TPX></Extensions></Trackpoint><Trackpoint><Time>2025-09-10T14:13:55.969Z</Time><DistanceMeters>5704.888275633143</DistanceMeters><HeartRateBpm><Value>155</Value></HeartRateBpm><Cadence>23</Cadence><Extensions><ext:TPX><ext:Watts>57.75675675675676</ext:Watts><ext:Torque>20</ext:Torque></ext:TPX></Extensions></Trackpoint><Trackpoint><Time>2025-09-10T14:13:57.264Z</Time><DistanceMeters>5710.185156079605</DistanceMeters><HeartRateBpm><Value>155</Value></HeartRateBpm><Cadence>23</Cadence><Extensions><ext:TPX><ext:Watts>59.75675675675676</ext:Watts><ext:Torque>20</ext:Torque></ext:TPX></Extensions></Trackpoint><Trackpoint><Time>2025-09-10T14:13:58.559Z</Time><DistanceMeters>5715.285589580517</DistanceMeters><HeartRateBpm><Value>155</Value></HeartRateBpm><Cadence>23</Cadence><Extensions><ext:TPX><ext:Watts>57.54054054054054</ext:Watts><ext:Torque>20</ext:Torque></ext:TPX></Extensions></Trackpoint><Trackpoint><Time>2025-09-10T14:13:59.819Z</Time><DistanceMeters>5720.509850538723</DistanceMeters><HeartRateBpm><Value>155</Value></HeartRateBpm><Cadence>24</Cadence><Extensions><ext:TPX><ext:Watts>61.5</ext:Watts><ext:Torque>20</ext:Torque></ext:TPX></Extensions></Trackpoint><Trackpoint><Time>2025-09-10T14:14:01.116Z</Time><DistanceMeters>5725.674967789999</DistanceMeters><HeartRateBpm><Value>155</Value></HeartRateBpm><Cadence>23</Cadence><Extensions><ext:TPX><ext:Watts>58.270270270270274</ext:Watts><ext:Torque>20</ext:Torque></ext:TPX></Extensions></Trackpoint><Trackpoint><Time>2025-09-10T14:14:02.339Z</Time><DistanceMeters>5730.888901331961</DistanceMeters><HeartRateBpm><Value>155</Value></HeartRateBpm><Cadence>24</Cadence><Extensions><ext:TPX><ext:Watts>62.65714285714286</ext:Watts><ext:Torque>20</ext:Torque></ext:TPX></Extensions></Trackpoint><Trackpoint><Time>2025-09-10T14:14:03.599Z</Time><DistanceMeters>5736.141478067719</DistanceMeters><HeartRateBpm><Value>155</Value></HeartRateBpm><Cadence>24</Cadence><Extensions><ext:TPX><ext:Watts>61.833333333333336</ext:Watts><ext:Torque>20</ext:Torque></ext:TPX></Extensions></Trackpoint><Trackpoint><Time>2025-09-10T14:14:04.824Z</Time><DistanceMeters>5741.498063690172</DistanceMeters><HeartRateBpm><Value>155</Value></HeartRateBpm><Cadence>24</Cadence><Extensions><ext:TPX><ext:Watts>64.37142857142857</ext:Watts><ext:Torque>20</ext:Torque></ext:TPX></Extensions></Trackpoint><Trackpoint><Time>2025-09-10T14:14:05.985Z</Time><DistanceMeters>5746.763610240122</DistanceMeters><HeartRateBpm><Value>155</Value></HeartRateBpm><Cadence>26</Cadence><Extensions><ext:TPX><ext:Watts>67.15151515151516</ext:Watts><ext:Torque>20</ext:Torque></ext:TPX></Extensions></Trackpoint><Trackpoint><Time>2025-09-10T14:14:07.179Z</Time><DistanceMeters>5752.109895543234</DistanceMeters><HeartRateBpm><Value>154</Value></HeartRateBpm><Cadence>25</Cadence><Extensions><ext:TPX><ext:Watts>65.55882352941177</ext:Watts><ext:Torque>20</ext:Torque></ext:TPX></Extensions></Trackpoint><Trackpoint><Time>2025-09-10T14:14:08.335Z</Time><DistanceMeters>5757.180597861643</DistanceMeters><HeartRateBpm><Value>154</Value></HeartRateBpm><Cadence>26</Cadence><Extensions><ext:TPX><ext:Watts>64.66666666666667</ext:Watts><ext:Torque>20</ext:Torque></ext:TPX></Extensions></Trackpoint><Trackpoint><Time>2025-09-10T14:14:09.489Z</Time><DistanceMeters>5762.612474853153</DistanceMeters><HeartRateBpm><Value>154</Value></HeartRateBpm><Cadence>26</Cadence><Extensions><ext:TPX><ext:Watts>69.27272727272727</ext:Watts><ext:Torque>20</ext:Torque></ext:TPX></Extensions></Trackpoint><Trackpoint><Time>2025-09-10T14:14:10.645Z</Time><DistanceMeters>5767.773470839837</DistanceMeters><HeartRateBpm><Value>154</Value></HeartRateBpm><Cadence>26</Cadence><Extensions><ext:TPX><ext:Watts>65.81818181818181</ext:Watts><ext:Torque>20</ext:Torque></ext:TPX></Extensions></Trackpoint><Trackpoint><Time>2025-09-10T14:14:11.765Z</Time><DistanceMeters>5772.90806516913</DistanceMeters><HeartRateBpm><Value>154</Value></HeartRateBpm><Cadence>27</Cadence><Extensions><ext:TPX><ext:Watts>68.0</ext:Watts><ext:Torque>20</ext:Torque></ext:TPX></Extensions></Trackpoint><Trackpoint><Time>2025-09-10T14:14:12.919Z</Time><DistanceMeters>5778.047675813328</DistanceMeters><HeartRateBpm><Value>154</Value></HeartRateBpm><Cadence>26</Cadence><Extensions><ext:TPX><ext:Watts>65.54545454545455</ext:Watts><ext:Torque>20</ext:Torque></ext:TPX></Extensions></Trackpoint><Trackpoint><Time>2025-09-10T14:14:14.079Z</Time><DistanceMeters>5783.455791313187</DistanceMeters><HeartRateBpm><Value>155</Value></HeartRateBpm><Cadence>26</Cadence><Extensions><ext:TPX><ext:Watts>68.96969696969697</ext:Watts><ext:Torque>20</ext:Torque></ext:TPX></Extensions></Trackpoint><Trackpoint><Time>2025-09-10T14:14:15.199Z</Time><DistanceMeters>5788.840508344183</DistanceMeters><HeartRateBpm><Value>155</Value></HeartRateBpm><Cadence>27</Cadence><Extensions><ext:TPX><ext:Watts>71.3125</ext:Watts><ext:Torque>20</ext:Torque></ext:TPX></Extensions></Trackpoint><Trackpoint><Time>2025-09-10T14:14:16.320Z</Time><DistanceMeters>5794.055330709872</DistanceMeters><HeartRateBpm><Value>156</Value></HeartRateBpm><Cadence>27</Cadence><Extensions><ext:TPX><ext:Watts>69.0625</ext:Watts><ext:Torque>20</ext:Torque></ext:TPX></Extensions></Trackpoint><Trackpoint><Time>2025-09-10T14:14:17.439Z</Time><DistanceMeters>5799.517916129134</DistanceMeters><HeartRateBpm><Value>157</Value></HeartRateBpm><Cadence>27</Cadence><Extensions><ext:TPX><ext:Watts>72.34375</ext:Watts><ext:Torque>20</ext:Torque></ext:TPX></Extensions></Trackpoint><Trackpoint><Time>2025-09-10T14:14:18.595Z</Time><DistanceMeters>5805.004444551442</DistanceMeters><HeartRateBpm><Value>156</Value></HeartRateBpm><Cadence>26</Cadence><Extensions><ext:TPX><ext:Watts>69.96969696969697</ext:Watts><ext:Torque>20</ext:Torque></ext:TPX></Extensions></Trackpoint><Trackpoint><Time>2025-09-10T14:14:19.720Z</Time><DistanceMeters>5810.433059941975</DistanceMeters><HeartRateBpm><Value>155</Value></HeartRateBpm><Cadence>26</Cadence><Extensions><ext:TPX><ext:Watts>70.5625</ext:Watts><ext:Torque>20</ext:Torque></ext:TPX></Extensions></Trackpoint><Trackpoint><Time>2025-09-10T14:14:20.840Z</Time><DistanceMeters>5815.6667594926985</DistanceMeters><HeartRateBpm><Value>154</Value></HeartRateBpm><Cadence>27</Cadence><Extensions><ext:TPX><ext:Watts>69.3125</ext:Watts><ext:Torque>20</ext:Torque></ext:TPX></Extensions></Trackpoint><Trackpoint><Time>2025-09-10T14:14:21.960Z</Time><DistanceMeters>5821.060915116212</DistanceMeters><HeartRateBpm><Value>154</Value></HeartRateBpm><Cadence>27</Cadence><Extensions><ext:TPX><ext:Watts>71.4375</ext:Watts><ext:Torque>20</ext:Torque></ext:TPX></Extensions></Trackpoint><Trackpoint><Time>2025-09-10T14:14:23.045Z</Time><DistanceMeters>5826.271948205315</DistanceMeters><HeartRateBpm><Value>154</Value></HeartRateBpm><Cadence>28</Cadence><Extensions><ext:TPX><ext:Watts>70.29032258064517</ext:Watts><ext:Torque>20</ext:Torque></ext:TPX></Extensions></Trackpoint><Trackpoint><Time>2025-09-10T14:14:24.165Z</Time><DistanceMeters>5831.512726700426</DistanceMeters><HeartRateBpm><Value>154</Value></HeartRateBpm><Cadence>27</Cadence><Extensions><ext:TPX><ext:Watts>69.40625</ext:Watts><ext:Torque>20</ext:Torque></ext:TPX></Extensions></Trackpoint><Trackpoint><Time>2025-09-10T14:14:25.250Z</Time><DistanceMeters>5836.764414935245</DistanceMeters><HeartRateBpm><Value>154</Value></HeartRateBpm><Cadence>28</Cadence><Extensions><ext:TPX><ext:Watts>70.83870967741936</ext:Watts><ext:Torque>20</ext:Torque></ext:TPX></Extensions></Trackpoint><Trackpoint><Time>2025-09-10T14:14:26.300Z</Time><DistanceMeters>5842.267809847944</DistanceMeters><HeartRateBpm><Value>155</Value></HeartRateBpm><Cadence>28</Cadence><Extensions><ext:TPX><ext:Watts>76.93333333333334</ext:Watts><ext:Torque>20</ext:Torque></ext:TPX></Extensions></Trackpoint><Trackpoint><Time>2025-09-10T14:14:27.420Z</Time><DistanceMeters>5847.499149750537</DistanceMeters><HeartRateBpm><Value>155</Value></HeartRateBpm><Cadence>27</Cadence><Extensions><ext:TPX><ext:Watts>69.28125</ext:Watts><ext:Torque>20</ext:Torque></ext:TPX></Extensions></Trackpoint><Trackpoint><Time>2025-09-10T14:14:28.505Z</Time><DistanceMeters>5853.10238542184</DistanceMeters><HeartRateBpm><Value>155</Value></HeartRateBpm><Cadence>28</Cadence><Extensions><ext:TPX><ext:Watts>75.58064516129032</ext:Watts><ext:Torque>20</ext:Torque></ext:TPX></Extensions></Trackpoint><Trackpoint><Time>2025-09-10T14:14:29.555Z</Time><DistanceMeters>5858.751234012907</DistanceMeters><HeartRateBpm><Value>156</Value></HeartRateBpm><Cadence>28</Cadence><Extensions><ext:TPX><ext:Watts>78.96666666666667</ext:Watts><ext:Torque>20</ext:Torque></ext:TPX></Extensions></Trackpoint><Trackpoint><Time>2025-09-10T14:14:30.605Z</Time><DistanceMeters>5864.12348216642</DistanceMeters><HeartRateBpm><Value>156</Value></HeartRateBpm><Cadence>28</Cadence><Extensions><ext:TPX><ext:Watts>75.1</ext:Watts><ext:Torque>20</ext:Torque></ext:TPX></Extensions></Trackpoint><Trackpoint><Time>2025-09-10T14:14:31.620Z</Time><DistanceMeters>5869.471142654323</DistanceMeters><HeartRateBpm><Value>157</Value></HeartRateBpm><Cadence>30</Cadence><Extensions><ext:TPX><ext:Watts>77.37931034482759</ext:Watts><ext:Torque>20</ext:Torque></ext:TPX></Extensions></Trackpoint><Trackpoint><Time>2025-09-10T14:14:32.670Z</Time><DistanceMeters>5874.903002971102</DistanceMeters><HeartRateBpm><Value>157</Value></HeartRateBpm><Cadence>28</Cadence><Extensions><ext:TPX><ext:Watts>75.93333333333334</ext:Watts><ext:Torque>20</ext:Torque></ext:TPX></Extensions></Trackpoint><Trackpoint><Time>2025-09-10T14:14:33.685Z</Time><DistanceMeters>5880.141041185188</DistanceMeters><HeartRateBpm><Value>157</Value></HeartRateBpm><Cadence>30</Cadence><Extensions><ext:TPX><ext:Watts>75.79310344827586</ext:Watts><ext:Torque>20</ext:Torque></ext:TPX></Extensions></Trackpoint><Trackpoint><Time>2025-09-10T14:14:34.770Z</Time><DistanceMeters>5885.784932002208</DistanceMeters><HeartRateBpm><Value>158</Value></HeartRateBpm><Cadence>28</Cadence><Extensions><ext:TPX><ext:Watts>76.12903225806451</ext:Watts><ext:Torque>20</ext:Torque></ext:TPX></Extensions></Trackpoint><Trackpoint><Time>2025-09-10T14:14:35.820Z</Time><DistanceMeters>5891.37893740307</DistanceMeters><HeartRateBpm><Value>158</Value></HeartRateBpm><Cadence>28</Cadence><Extensions><ext:TPX><ext:Watts>78.2</ext:Watts><ext:Torque>20</ext:Torque></ext:TPX></Extensions></Trackpoint><Trackpoint><Time>2025-09-10T14:14:36.870Z</Time><DistanceMeters>5896.744032096992</DistanceMeters><HeartRateBpm><Value>159</Value></HeartRateBpm><Cadence>28</Cadence><Extensions><ext:TPX><ext:Watts>75.0</ext:Watts><ext:Torque>20</ext:Torque></ext:TPX></Extensions></Trackpoint><Trackpoint><Time>2025-09-10T14:14:37.955Z</Time><DistanceMeters>5902.304221143419</DistanceMeters><HeartRateBpm><Value>159</Value></HeartRateBpm><Cadence>28</Cadence><Extensions><ext:TPX><ext:Watts>75.0</ext:Watts><ext:Torque>20</ext:Torque></ext:TPX></Extensions></Trackpoint><Trackpoint><Time>2025-09-10T14:14:39.007Z</Time><DistanceMeters>5907.798078109995</DistanceMeters><HeartRateBpm><Value>159</Value></HeartRateBpm><Cadence>28</Cadence><Extensions><ext:TPX><ext:Watts>76.8</ext:Watts><ext:Torque>20</ext:Torque></ext:TPX></Extensions></Trackpoint><Trackpoint><Time>2025-09-10T14:14:40.090Z</Time><DistanceMeters>5913.260216510873</DistanceMeters><HeartRateBpm><Value>160</Value></HeartRateBpm><Cadence>28</Cadence><Extensions><ext:TPX><ext:Watts>73.6774193548387</ext:Watts><ext:Torque>20</ext:Torque></ext:TPX></Extensions></Trackpoint><Trackpoint><Time>2025-09-10T14:14:41.175Z</Time><DistanceMeters>5918.698440120153</DistanceMeters><HeartRateBpm><Value>160</Value></HeartRateBpm><Cadence>28</Cadence><Extensions><ext:TPX><ext:Watts>73.35483870967742</ext:Watts><ext:Torque>20</ext:Torque></ext:TPX></Extensions></Trackpoint><Trackpoint><Time>2025-09-10T14:14:42.225Z</Time><DistanceMeters>5924.0158450834615</DistanceMeters><HeartRateBpm><Value>161</Value></HeartRateBpm><Cadence>28</Cadence><Extensions><ext:TPX><ext:Watts>74.33333333333333</ext:Watts><ext:Torque>20</ext:Torque></ext:TPX></Extensions></Trackpoint><Trackpoint><Time>2025-09-10T14:14:43.275Z</Time><DistanceMeters>5929.662309187997</DistanceMeters><HeartRateBpm><Value>161</Value></HeartRateBpm><Cadence>28</Cadence><Extensions><ext:TPX><ext:Watts>78.93333333333334</ext:Watts><ext:Torque>20</ext:Torque></ext:TPX></Extensions></Trackpoint><Trackpoint><Time>2025-09-10T14:14:44.360Z</Time><DistanceMeters>5935.143579422153</DistanceMeters><HeartRateBpm><Value>161</Value></HeartRateBpm><Cadence>28</Cadence><Extensions><ext:TPX><ext:Watts>73.93548387096774</ext:Watts><ext:Torque>20</ext:Torque></ext:TPX></Extensions></Trackpoint><Trackpoint><Time>2025-09-10T14:14:45.380Z</Time><DistanceMeters>5940.8034250811415</DistanceMeters><HeartRateBpm><Value>161</Value></HeartRateBpm><Cadence>30</Cadence><Extensions><ext:TPX><ext:Watts>81.89655172413794</ext:Watts><ext:Torque>20</ext:Torque></ext:TPX></Extensions></Trackpoint><Trackpoint><Time>2025-09-10T14:14:46.430Z</Time><DistanceMeters>5946.397430482004</DistanceMeters><HeartRateBpm><Value>161</Value></HeartRateBpm><Cadence>28</Cadence><Extensions><ext:TPX><ext:Watts>78.2</ext:Watts><ext:Torque>20</ext:Torque></ext:TPX></Extensions></Trackpoint><Trackpoint><Time>2025-09-10T14:14:47.480Z</Time><DistanceMeters>5951.810214906538</DistanceMeters><HeartRateBpm><Value>161</Value></HeartRateBpm><Cadence>28</Cadence><Extensions><ext:TPX><ext:Watts>75.66666666666667</ext:Watts><ext:Torque>20</ext:Torque></ext:TPX></Extensions></Trackpoint><Trackpoint><Time>2025-09-10T14:14:48.495Z</Time><DistanceMeters>5957.453378915163</DistanceMeters><HeartRateBpm><Value>161</Value></HeartRateBpm><Cadence>30</Cadence><Extensions><ext:TPX><ext:Watts>81.65517241379311</ext:Watts><ext:Torque>20</ext:Torque></ext:TPX></Extensions></Trackpoint><Trackpoint><Time>2025-09-10T14:14:49.545Z</Time><DistanceMeters>5963.052153289086</DistanceMeters><HeartRateBpm><Value>161</Value></HeartRateBpm><Cadence>28</Cadence><Extensions><ext:TPX><ext:Watts>78.26666666666667</ext:Watts><ext:Torque>20</ext:Torque></ext:TPX></Extensions></Trackpoint><Trackpoint><Time>2025-09-10T14:14:50.560Z</Time><DistanceMeters>5968.228231087537</DistanceMeters><HeartRateBpm><Value>162</Value></HeartRateBpm><Cadence>30</Cadence><Extensions><ext:TPX><ext:Watts>74.89655172413794</ext:Watts><ext:Torque>20</ext:Torque></ext:TPX></Extensions></Trackpoint><Trackpoint><Time>2025-09-10T14:14:51.610Z</Time><DistanceMeters>5973.605248214111</DistanceMeters><HeartRateBpm><Value>162</Value></HeartRateBpm><Cadence>28</Cadence><Extensions><ext:TPX><ext:Watts>75.16666666666667</ext:Watts><ext:Torque>20</ext:Torque></ext:TPX></Extensions></Trackpoint><Trackpoint><Time>2025-09-10T14:14:52.630Z</Time><DistanceMeters>5979.0363169538305</DistanceMeters><HeartRateBpm><Value>162</Value></HeartRateBpm><Cadence>30</Cadence><Extensions><ext:TPX><ext:Watts>78.58620689655173</ext:Watts><ext:Torque>20</ext:Torque></ext:TPX></Extensions></Trackpoint><Trackpoint><Time>2025-09-10T14:14:53.680Z</Time><DistanceMeters>5984.360875376731</DistanceMeters><HeartRateBpm><Value>162</Value></HeartRateBpm><Cadence>28</Cadence><Extensions><ext:TPX><ext:Watts>74.43333333333334</ext:Watts><ext:Torque>20</ext:Torque></ext:TPX></Extensions></Trackpoint><Trackpoint><Time>2025-09-10T14:14:54.765Z</Time><DistanceMeters>5989.9952002771115</DistanceMeters><HeartRateBpm><Value>162</Value></HeartRateBpm><Cadence>28</Cadence><Extensions><ext:TPX><ext:Watts>76.0</ext:Watts><ext:Torque>20</ext:Torque></ext:TPX></Extensions></Trackpoint><Trackpoint><Time>2025-09-10T14:14:55.920Z</Time><DistanceMeters>5995.441334163613</DistanceMeters><HeartRateBpm><Value>162</Value></HeartRateBpm><Cadence>26</Cadence><Extensions><ext:TPX><ext:Watts>69.45454545454545</ext:Watts><ext:Torque>20</ext:Torque></ext:TPX></Extensions></Trackpoint><Trackpoint><Time>2025-09-10T14:14:57.076Z</Time><DistanceMeters>6000.877963453453</DistanceMeters><HeartRateBpm><Value>163</Value></HeartRateBpm><Cadence>26</Cadence><Extensions><ext:TPX><ext:Watts>69.33333333333333</ext:Watts><ext:Torque>20</ext:Torque></ext:TPX></Extensions></Trackpoint><Trackpoint><Time>2025-09-10T14:14:58.300Z</Time><DistanceMeters>6006.198886055784</DistanceMeters><HeartRateBpm><Value>163</Value></HeartRateBpm><Cadence>24</Cadence><Extensions><ext:TPX><ext:Watts>63.94285714285714</ext:Watts><ext:Torque>20</ext:Torque></ext:TPX></Extensions></Trackpoint><Trackpoint><Time>2025-09-10T14:14:59.525Z</Time><DistanceMeters>6011.415197132421</DistanceMeters><HeartRateBpm><Value>163</Value></HeartRateBpm><Cadence>24</Cadence><Extensions><ext:TPX><ext:Watts>62.68571428571428</ext:Watts><ext:Torque>20</ext:Torque></ext:TPX></Extensions></Trackpoint><Trackpoint><Time>2025-09-10T14:15:00.715Z</Time><DistanceMeters>6016.389712932625</DistanceMeters><HeartRateBpm><Value>163</Value></HeartRateBpm><Cadence>25</Cadence><Extensions><ext:TPX><ext:Watts>61.0</ext:Watts><ext:Torque>20</ext:Torque></ext:TPX></Extensions></Trackpoint><Trackpoint><Time>2025-09-10T14:15:01.940Z</Time><DistanceMeters>6021.475259602144</DistanceMeters><HeartRateBpm><Value>163</Value></HeartRateBpm><Cadence>24</Cadence><Extensions><ext:TPX><ext:Watts>61.114285714285714</ext:Watts><ext:Torque>20</ext:Torque></ext:TPX></Extensions></Trackpoint><Trackpoint><Time>2025-09-10T14:15:03.165Z</Time><DistanceMeters>6026.441929537921</DistanceMeters><HeartRateBpm><Value>163</Value></HeartRateBpm><Cadence>24</Cadence><Extensions><ext:TPX><ext:Watts>59.68571428571428</ext:Watts><ext:Torque>20</ext:Torque></ext:TPX></Extensions></Trackpoint><Trackpoint><Time>2025-09-10T14:15:04.425Z</Time><DistanceMeters>6031.602479996637</DistanceMeters><HeartRateBpm><Value>163</Value></HeartRateBpm><Cadence>24</Cadence><Extensions><ext:TPX><ext:Watts>60.75</ext:Watts><ext:Torque>20</ext:Torque></ext:TPX></Extensions></Trackpoint><Trackpoint><Time>2025-09-10T14:15:05.686Z</Time><DistanceMeters>6036.791346232904</DistanceMeters><HeartRateBpm><Value>164</Value></HeartRateBpm><Cadence>24</Cadence><Extensions><ext:TPX><ext:Watts>61.083333333333336</ext:Watts><ext:Torque>20</ext:Torque></ext:TPX></Extensions></Trackpoint><Trackpoint><Time>2025-09-10T14:15:06.980Z</Time><DistanceMeters>6042.116975012861</DistanceMeters><HeartRateBpm><Value>164</Value></HeartRateBpm><Cadence>23</Cadence><Extensions><ext:TPX><ext:Watts>60.08108108108108</ext:Watts><ext:Torque>20</ext:Torque></ext:TPX></Extensions></Trackpoint><Trackpoint><Time>2025-09-10T14:15:08.276Z</Time><DistanceMeters>6047.298862125343</DistanceMeters><HeartRateBpm><Value>164</Value></HeartRateBpm><Cadence>23</Cadence><Extensions><ext:TPX><ext:Watts>58.45945945945946</ext:Watts><ext:Torque>20</ext:Torque></ext:TPX></Extensions></Trackpoint><Trackpoint><Time>2025-09-10T14:15:09.500Z</Time><DistanceMeters>6052.391541398887</DistanceMeters><HeartRateBpm><Value>164</Value></HeartRateBpm><Cadence>24</Cadence><Extensions><ext:TPX><ext:Watts>61.2</ext:Watts><ext:Torque>20</ext:Torque></ext:TPX></Extensions></Trackpoint><Trackpoint><Time>2025-09-10T14:15:10.760Z</Time><DistanceMeters>6057.474223469337</DistanceMeters><HeartRateBpm><Value>164</Value></HeartRateBpm><Cadence>24</Cadence><Extensions><ext:TPX><ext:Watts>59.833333333333336</ext:Watts><ext:Torque>20</ext:Torque></ext:TPX></Extensions></Trackpoint><Trackpoint><Time>2025-09-10T14:15:12.021Z</Time><DistanceMeters>6062.710282668189</DistanceMeters><HeartRateBpm><Value>165</Value></HeartRateBpm><Cadence>24</Cadence><Extensions><ext:TPX><ext:Watts>61.638888888888886</ext:Watts><ext:Torque>20</ext:Torque></ext:TPX></Extensions></Trackpoint><Trackpoint><Time>2025-09-10T14:15:13.316Z</Time><DistanceMeters>6068.117365059716</DistanceMeters><HeartRateBpm><Value>165</Value></HeartRateBpm><Cadence>23</Cadence><Extensions><ext:TPX><ext:Watts>61.0</ext:Watts><ext:Torque>20</ext:Torque></ext:TPX></Extensions></Trackpoint><Trackpoint><Time>2025-09-10T14:15:14.611Z</Time><DistanceMeters>6073.407058422804</DistanceMeters><HeartRateBpm><Value>165</Value></HeartRateBpm><Cadence>23</Cadence><Extensions><ext:TPX><ext:Watts>59.67567567567568</ext:Watts><ext:Torque>20</ext:Torque></ext:TPX></Extensions></Trackpoint><Trackpoint><Time>2025-09-10T14:15:15.871Z</Time><DistanceMeters>6078.659635158561</DistanceMeters><HeartRateBpm><Value>165</Value></HeartRateBpm><Cadence>24</Cadence><Extensions><ext:TPX><ext:Watts>61.833333333333336</ext:Watts><ext:Torque>20</ext:Torque></ext:TPX></Extensions></Trackpoint><Trackpoint><Time>2025-09-10T14:15:17.131Z</Time><DistanceMeters>6084.0089574676185</DistanceMeters><HeartRateBpm><Value>165</Value></HeartRateBpm><Cadence>24</Cadence><Extensions><ext:TPX><ext:Watts>62.97222222222222</ext:Watts><ext:Torque>20</ext:Torque></ext:TPX></Extensions></Trackpoint><Trackpoint><Time>2025-09-10T14:15:18.391Z</Time><DistanceMeters>6089.495139368173</DistanceMeters><HeartRateBpm><Value>165</Value></HeartRateBpm><Cadence>24</Cadence><Extensions><ext:TPX><ext:Watts>64.58333333333333</ext:Watts><ext:Torque>20</ext:Torque></ext:TPX></Extensions></Trackpoint><Trackpoint><Time>2025-09-10T14:15:19.686Z</Time><DistanceMeters>6095.024402177053</DistanceMeters><HeartRateBpm><Value>165</Value></HeartRateBpm><Cadence>23</Cadence><Extensions><ext:TPX><ext:Watts>62.37837837837838</ext:Watts><ext:Torque>20</ext:Torque></ext:TPX></Extensions></Trackpoint><Trackpoint><Time>2025-09-10T14:15:20.981Z</Time><DistanceMeters>6100.702198042324</DistanceMeters><HeartRateBpm><Value>165</Value></HeartRateBpm><Cadence>23</Cadence><Extensions><ext:TPX><ext:Watts>64.05405405405405</ext:Watts><ext:Torque>20</ext:Torque></ext:TPX></Extensions></Trackpoint><Trackpoint><Time>2025-09-10T14:15:22.276Z</Time><DistanceMeters>6106.317705851689</DistanceMeters><HeartRateBpm><Value>164</Value></HeartRateBpm><Cadence>23</Cadence><Extensions><ext:TPX><ext:Watts>63.351351351351354</ext:Watts><ext:Torque>20</ext:Torque></ext:TPX></Extensions></Trackpoint><Trackpoint><Time>2025-09-10T14:15:23.571Z</Time><DistanceMeters>6111.820616021532</DistanceMeters><HeartRateBpm><Value>164</Value></HeartRateBpm><Cadence>23</Cadence><Extensions><ext:TPX><ext:Watts>62.08108108108108</ext:Watts><ext:Torque>20</ext:Torque></ext:TPX></Extensions></Trackpoint><Trackpoint><Time>2025-09-10T14:15:24.901Z</Time><DistanceMeters>6117.383623097496</DistanceMeters><HeartRateBpm><Value>164</Value></HeartRateBpm><Cadence>22</Cadence><Extensions><ext:TPX><ext:Watts>61.39473684210526</ext:Watts><ext:Torque>20</ext:Torque></ext:TPX></Extensions></Trackpoint><Trackpoint><Time>2025-09-10T14:15:26.236Z</Time><DistanceMeters>6122.894171469786</DistanceMeters><HeartRateBpm><Value>164</Value></HeartRateBpm><Cadence>22</Cadence><Extensions><ext:TPX><ext:Watts>60.81578947368421</ext:Watts><ext:Torque>20</ext:Torque></ext:TPX></Extensions></Trackpoint><Trackpoint><Time>2025-09-10T14:15:27.602Z</Time><DistanceMeters>6128.330800759626</DistanceMeters><HeartRateBpm><Value>164</Value></HeartRateBpm><Cadence>22</Cadence><Extensions><ext:TPX><ext:Watts>58.666666666666664</ext:Watts><ext:Torque>20</ext:Torque></ext:TPX></Extensions></Trackpoint><Trackpoint><Time>2025-09-10T14:15:28.966Z</Time><DistanceMeters>6133.800696137779</DistanceMeters><HeartRateBpm><Value>163</Value></HeartRateBpm><Cadence>22</Cadence><Extensions><ext:TPX><ext:Watts>59.02564102564103</ext:Watts><ext:Torque>20</ext:Torque></ext:TPX></Extensions></Trackpoint><Trackpoint><Time>2025-09-10T14:15:30.296Z</Time><DistanceMeters>6139.237325427619</DistanceMeters><HeartRateBpm><Value>163</Value></HeartRateBpm><Cadence>22</Cadence><Extensions><ext:TPX><ext:Watts>60.0</ext:Watts><ext:Torque>20</ext:Torque></ext:TPX></Extensions></Trackpoint><Trackpoint><Time>2025-09-10T14:15:31.591Z</Time><DistanceMeters>6144.639616430229</DistanceMeters><HeartRateBpm><Value>163</Value></HeartRateBpm><Cadence>23</Cadence><Extensions><ext:TPX><ext:Watts>60.945945945945944</ext:Watts><ext:Torque>20</ext:Torque></ext:TPX></Extensions></Trackpoint><Trackpoint><Time>2025-09-10T14:15:32.921Z</Time><DistanceMeters>6150.047631881702</DistanceMeters><HeartRateBpm><Value>163</Value></HeartRateBpm><Cadence>22</Cadence><Extensions><ext:TPX><ext:Watts>59.68421052631579</ext:Watts><ext:Torque>20</ext:Torque></ext:TPX></Extensions></Trackpoint><Trackpoint><Time>2025-09-10T14:15:34.286Z</Time><DistanceMeters>6155.448618934065</DistanceMeters><HeartRateBpm><Value>162</Value></HeartRateBpm><Cadence>22</Cadence><Extensions><ext:TPX><ext:Watts>58.282051282051285</ext:Watts><ext:Torque>20</ext:Torque></ext:TPX></Extensions></Trackpoint><Trackpoint><Time>2025-09-10T14:15:35.616Z</Time><DistanceMeters>6160.7827153030885</DistanceMeters><HeartRateBpm><Value>162</Value></HeartRateBpm><Cadence>22</Cadence><Extensions><ext:TPX><ext:Watts>58.86842105263158</ext:Watts><ext:Torque>20</ext:Torque></ext:TPX></Extensions></Trackpoint><Trackpoint><Time>2025-09-10T14:15:36.911Z</Time><DistanceMeters>6166.053243110513</DistanceMeters><HeartRateBpm><Value>162</Value></HeartRateBpm><Cadence>23</Cadence><Extensions><ext:TPX><ext:Watts>59.45945945945946</ext:Watts><ext:Torque>20</ext:Torque></ext:TPX></Extensions></Trackpoint><Trackpoint><Time>2025-09-10T14:15:38.246Z</Time><DistanceMeters>6171.32772731627</DistanceMeters><HeartRateBpm><Value>162</Value></HeartRateBpm><Cadence>22</Cadence><Extensions><ext:TPX><ext:Watts>58.21052631578947</ext:Watts><ext:Torque>20</ext:Torque></ext:TPX></Extensions></Trackpoint><Trackpoint><Time>2025-09-10T14:15:39.581Z</Time><DistanceMeters>6176.578366656721</DistanceMeters><HeartRateBpm><Value>162</Value></HeartRateBpm><Cadence>22</Cadence><Extensions><ext:TPX><ext:Watts>57.94736842105263</ext:Watts><ext:Torque>20</ext:Torque></ext:TPX></Extensions></Trackpoint><Trackpoint><Time>2025-09-10T14:15:40.876Z</Time><DistanceMeters>6181.858477241977</DistanceMeters><HeartRateBpm><Value>162</Value></HeartRateBpm><Cadence>23</Cadence><Extensions><ext:TPX><ext:Watts>59.567567567567565</ext:Watts><ext:Torque>20</ext:Torque></ext:TPX></Extensions></Trackpoint><Trackpoint><Time>2025-09-10T14:15:42.171Z</Time><DistanceMeters>6187.212854355429</DistanceMeters><HeartRateBpm><Value>161</Value></HeartRateBpm><Cadence>23</Cadence><Extensions><ext:TPX><ext:Watts>60.4054054054054</ext:Watts><ext:Torque>20</ext:Torque></ext:TPX></Extensions></Trackpoint><Trackpoint><Time>2025-09-10T14:15:43.506Z</Time><DistanceMeters>6192.685250943229</DistanceMeters><HeartRateBpm><Value>161</Value></HeartRateBpm><Cadence>22</Cadence><Extensions><ext:TPX><ext:Watts>60.39473684210526</ext:Watts><ext:Torque>20</ext:Torque></ext:TPX></Extensions></Trackpoint><Trackpoint><Time>2025-09-10T14:15:44.836Z</Time><DistanceMeters>6198.067037042865</DistanceMeters><HeartRateBpm><Value>161</Value></HeartRateBpm><Cadence>22</Cadence><Extensions><ext:TPX><ext:Watts>59.39473684210526</ext:Watts><ext:Torque>20</ext:Torque></ext:TPX></Extensions></Trackpoint><Trackpoint><Time>2025-09-10T14:15:46.166Z</Time><DistanceMeters>6203.546587090257</DistanceMeters><HeartRateBpm><Value>161</Value></HeartRateBpm><Cadence>22</Cadence><Extensions><ext:TPX><ext:Watts>60.473684210526315</ext:Watts><ext:Torque>20</ext:Torque></ext:TPX></Extensions></Trackpoint><Trackpoint><Time>2025-09-10T14:15:47.496Z</Time><DistanceMeters>6209.071442381731</DistanceMeters><HeartRateBpm><Value>161</Value></HeartRateBpm><Cadence>22</Cadence><Extensions><ext:TPX><ext:Watts>60.973684210526315</ext:Watts><ext:Torque>20</ext:Torque></ext:TPX></Extensions></Trackpoint><Trackpoint><Time>2025-09-10T14:15:48.826Z</Time><DistanceMeters>6214.329235181774</DistanceMeters><HeartRateBpm><Value>161</Value></HeartRateBpm><Cadence>22</Cadence><Extensions><ext:TPX><ext:Watts>58.026315789473685</ext:Watts><ext:Torque>20</ext:Torque></ext:TPX></Extensions></Trackpoint><Trackpoint><Time>2025-09-10T14:15:50.156Z</Time><DistanceMeters>6219.52503133202</DistanceMeters><HeartRateBpm><Value>161</Value></HeartRateBpm><Cadence>22</Cadence><Extensions><ext:TPX><ext:Watts>57.3421052631579</ext:Watts><ext:Torque>20</ext:Torque></ext:TPX></Extensions></Trackpoint><Trackpoint><Time>2025-09-10T14:15:51.451Z</Time><DistanceMeters>6224.572759554858</DistanceMeters><HeartRateBpm><Value>161</Value></HeartRateBpm><Cadence>23</Cadence><Extensions><ext:TPX><ext:Watts>56.945945945945944</ext:Watts><ext:Torque>20</ext:Torque></ext:TPX></Extensions></Trackpoint><Trackpoint><Time>2025-09-10T14:15:52.781Z</Time><DistanceMeters>6230.047540629188</DistanceMeters><HeartRateBpm><Value>161</Value></HeartRateBpm><Cadence>22</Cadence><Extensions><ext:TPX><ext:Watts>60.421052631578945</ext:Watts><ext:Torque>20</ext:Torque></ext:TPX></Extensions></Trackpoint><Trackpoint><Time>2025-09-10T14:15:54.111Z</Time><DistanceMeters>6235.286257536985</DistanceMeters><HeartRateBpm><Value>160</Value></HeartRateBpm><Cadence>22</Cadence><Extensions><ext:TPX><ext:Watts>57.81578947368421</ext:Watts><ext:Torque>20</ext:Torque></ext:TPX></Extensions></Trackpoint><Trackpoint><Time>2025-09-10T14:15:55.441Z</Time><DistanceMeters>6240.6656591500905</DistanceMeters><HeartRateBpm><Value>160</Value></HeartRateBpm><Cadence>22</Cadence><Extensions><ext:TPX><ext:Watts>59.36842105263158</ext:Watts><ext:Torque>20</ext:Torque></ext:TPX></Extensions></Trackpoint><Trackpoint><Time>2025-09-10T14:15:56.776Z</Time><DistanceMeters>6245.928220923195</DistanceMeters><HeartRateBpm><Value>160</Value></HeartRateBpm><Cadence>22</Cadence><Extensions><ext:TPX><ext:Watts>58.078947368421055</ext:Watts><ext:Torque>20</ext:Torque></ext:TPX></Extensions></Trackpoint><Trackpoint><Time>2025-09-10T14:15:58.106Z</Time><DistanceMeters>6251.252779346096</DistanceMeters><HeartRateBpm><Value>160</Value></HeartRateBpm><Cadence>22</Cadence><Extensions><ext:TPX><ext:Watts>58.76315789473684</ext:Watts><ext:Torque>20</ext:Torque></ext:TPX></Extensions></Trackpoint><Trackpoint><Time>2025-09-10T14:15:59.401Z</Time><DistanceMeters>6256.336442985803</DistanceMeters><HeartRateBpm><Value>160</Value></HeartRateBpm><Cadence>23</Cadence><Extensions><ext:TPX><ext:Watts>57.351351351351354</ext:Watts><ext:Torque>20</ext:Torque></ext:TPX></Extensions></Trackpoint><Trackpoint><Time>2025-09-10T14:16:00.697Z</Time><DistanceMeters>6261.939972322878</DistanceMeters><HeartRateBpm><Value>160</Value></HeartRateBpm><Cadence>23</Cadence><Extensions><ext:TPX><ext:Watts>63.21621621621622</ext:Watts><ext:Torque>20</ext:Torque></ext:TPX></Extensions></Trackpoint><Trackpoint><Time>2025-09-10T14:16:02.027Z</Time><DistanceMeters>6267.512517344964</DistanceMeters><HeartRateBpm><Value>159</Value></HeartRateBpm><Cadence>22</Cadence><Extensions><ext:TPX><ext:Watts>61.5</ext:Watts><ext:Torque>20</ext:Torque></ext:TPX></Extensions></Trackpoint><Trackpoint><Time>2025-09-10T14:16:03.356Z</Time><DistanceMeters>6272.784617064191</DistanceMeters><HeartRateBpm><Value>159</Value></HeartRateBpm><Cadence>22</Cadence><Extensions><ext:TPX><ext:Watts>58.18421052631579</ext:Watts><ext:Torque>20</ext:Torque></ext:TPX></Extensions></Trackpoint><Trackpoint><Time>2025-09-10T14:16:04.617Z</Time><DistanceMeters>6278.3486673530115</DistanceMeters><HeartRateBpm><Value>158</Value></HeartRateBpm><Cadence>24</Cadence><Extensions><ext:TPX><ext:Watts>65.5</ext:Watts><ext:Torque>20</ext:Torque></ext:TPX></Extensions></Trackpoint><Trackpoint><Time>2025-09-10T14:16:05.982Z</Time><DistanceMeters>6283.92311329443</DistanceMeters><HeartRateBpm><Value>158</Value></HeartRateBpm><Cadence>22</Cadence><Extensions><ext:TPX><ext:Watts>60.15384615384615</ext:Watts><ext:Torque>20</ext:Torque></ext:TPX></Extensions></Trackpoint><Trackpoint><Time>2025-09-10T14:16:07.311Z</Time><DistanceMeters>6289.69833967162</DistanceMeters><HeartRateBpm><Value>158</Value></HeartRateBpm><Cadence>22</Cadence><Extensions><ext:TPX><ext:Watts>63.73684210526316</ext:Watts><ext:Torque>20</ext:Torque></ext:TPX></Extensions></Trackpoint><Trackpoint><Time>2025-09-10T14:16:08.641Z</Time><DistanceMeters>6295.318574424318</DistanceMeters><HeartRateBpm><Value>158</Value></HeartRateBpm><Cadence>22</Cadence><Extensions><ext:TPX><ext:Watts>62.026315789473685</ext:Watts><ext:Torque>20</ext:Torque></ext:TPX></Extensions></Trackpoint><Trackpoint><Time>2025-09-10T14:16:09.941Z</Time><DistanceMeters>6301.058658345495</DistanceMeters><HeartRateBpm><Value>157</Value></HeartRateBpm><Cadence>23</Cadence><Extensions><ext:TPX><ext:Watts>64.75675675675676</ext:Watts><ext:Torque>20</ext:Torque></ext:TPX></Extensions></Trackpoint><Trackpoint><Time>2025-09-10T14:16:11.237Z</Time><DistanceMeters>6306.7771810165505</DistanceMeters><HeartRateBpm><Value>157</Value></HeartRateBpm><Cadence>23</Cadence><Extensions><ext:TPX><ext:Watts>64.51351351351352</ext:Watts><ext:Torque>20</ext:Torque></ext:TPX></Extensions></Trackpoint><Trackpoint><Time>2025-09-10T14:16:12.502Z</Time><DistanceMeters>6312.2403186938855</DistanceMeters><HeartRateBpm><Value>157</Value></HeartRateBpm><Cadence>24</Cadence><Extensions><ext:TPX><ext:Watts>62.97222222222222</ext:Watts><ext:Torque>20</ext:Torque></ext:TPX></Extensions></Trackpoint><Trackpoint><Time>2025-09-10T14:16:13.797Z</Time><DistanceMeters>6317.906136086866</DistanceMeters><HeartRateBpm><Value>157</Value></HeartRateBpm><Cadence>23</Cadence><Extensions><ext:TPX><ext:Watts>63.91891891891892</ext:Watts><ext:Torque>20</ext:Torque></ext:TPX></Extensions></Trackpoint><Trackpoint><Time>2025-09-10T14:16:15.127Z</Time><DistanceMeters>6323.547831218341</DistanceMeters><HeartRateBpm><Value>157</Value></HeartRateBpm><Cadence>22</Cadence><Extensions><ext:TPX><ext:Watts>62.26315789473684</ext:Watts><ext:Torque>20</ext:Torque></ext:TPX></Extensions></Trackpoint><Trackpoint><Time>2025-09-10T14:16:16.387Z</Time><DistanceMeters>6329.15199552536</DistanceMeters><HeartRateBpm><Value>157</Value></HeartRateBpm><Cadence>24</Cadence><Extensions><ext:TPX><ext:Watts>65.97222222222223</ext:Watts><ext:Torque>20</ext:Torque></ext:TPX></Extensions></Trackpoint><Trackpoint><Time>2025-09-10T14:16:17.717Z</Time><DistanceMeters>6334.724540547446</DistanceMeters><HeartRateBpm><Value>157</Value></HeartRateBpm><Cadence>22</Cadence><Extensions><ext:TPX><ext:Watts>61.5</ext:Watts><ext:Torque>20</ext:Torque></ext:TPX></Extensions></Trackpoint><Trackpoint><Time>2025-09-10T14:16:19.012Z</Time><DistanceMeters>6340.299321551026</DistanceMeters><HeartRateBpm><Value>157</Value></HeartRateBpm><Cadence>23</Cadence><Extensions><ext:TPX><ext:Watts>62.891891891891895</ext:Watts><ext:Torque>20</ext:Torque></ext:TPX></Extensions></Trackpoint><Trackpoint><Time>2025-09-10T14:16:20.307Z</Time><DistanceMeters>6345.991491583044</DistanceMeters><HeartRateBpm><Value>157</Value></HeartRateBpm><Cadence>23</Cadence><Extensions><ext:TPX><ext:Watts>64.21621621621621</ext:Watts><ext:Torque>20</ext:Torque></ext:TPX></Extensions></Trackpoint><Trackpoint><Time>2025-09-10T14:16:21.637Z</Time><DistanceMeters>6351.494886495742</DistanceMeters><HeartRateBpm><Value>157</Value></HeartRateBpm><Cadence>22</Cadence><Extensions><ext:TPX><ext:Watts>60.73684210526316</ext:Watts><ext:Torque>20</ext:Torque></ext:TPX></Extensions></Trackpoint><Trackpoint><Time>2025-09-10T14:16:22.932Z</Time><DistanceMeters>6357.158308194265</DistanceMeters><HeartRateBpm><Value>157</Value></HeartRateBpm><Cadence>23</Cadence><Extensions><ext:TPX><ext:Watts>63.891891891891895</ext:Watts><ext:Torque>20</ext:Torque></ext:TPX></Extensions></Trackpoint><Trackpoint><Time>2025-09-10T14:16:24.302Z</Time><DistanceMeters>6362.761267925665</DistanceMeters><HeartRateBpm><Value>157</Value></HeartRateBpm><Cadence>22</Cadence><Extensions><ext:TPX><ext:Watts>60.46153846153846</ext:Watts><ext:Torque>20</ext:Torque></ext:TPX></Extensions></Trackpoint><Trackpoint><Time>2025-09-10T14:16:25.597Z</Time><DistanceMeters>6368.209077122976</DistanceMeters><HeartRateBpm><Value>157</Value></HeartRateBpm><Cadence>23</Cadence><Extensions><ext:TPX><ext:Watts>61.45945945945946</ext:Watts><ext:Torque>20</ext:Torque></ext:TPX></Extensions></Trackpoint><Trackpoint><Time>2025-09-10T14:16:26.927Z</Time><DistanceMeters>6373.764930739348</DistanceMeters><HeartRateBpm><Value>157</Value></HeartRateBpm><Cadence>22</Cadence><Extensions><ext:TPX><ext:Watts>61.31578947368421</ext:Watts><ext:Torque>20</ext:Torque></ext:TPX></Extensions></Trackpoint><Trackpoint><Time>2025-09-10T14:16:28.292Z</Time><DistanceMeters>6379.080376421766</DistanceMeters><HeartRateBpm><Value>157</Value></HeartRateBpm><Cadence>22</Cadence><Extensions><ext:TPX><ext:Watts>57.35897435897436</ext:Watts><ext:Torque>20</ext:Torque></ext:TPX></Extensions></Trackpoint><Trackpoint><Time>2025-09-10T14:16:29.592Z</Time><DistanceMeters>6384.626409091851</DistanceMeters><HeartRateBpm><Value>157</Value></HeartRateBpm><Cadence>23</Cadence><Extensions><ext:TPX><ext:Watts>62.567567567567565</ext:Watts><ext:Torque>20</ext:Torque></ext:TPX></Extensions></Trackpoint><Trackpoint><Time>2025-09-10T14:16:30.922Z</Time><DistanceMeters>6389.826974215159</DistanceMeters><HeartRateBpm><Value>157</Value></HeartRateBpm><Cadence>22</Cadence><Extensions><ext:TPX><ext:Watts>57.39473684210526</ext:Watts><ext:Torque>20</ext:Torque></ext:TPX></Extensions></Trackpoint><Trackpoint><Time>2025-09-10T14:16:32.287Z</Time><DistanceMeters>6395.01886014099</DistanceMeters><HeartRateBpm><Value>157</Value></HeartRateBpm><Cadence>22</Cadence><Extensions><ext:TPX><ext:Watts>56.02564102564103</ext:Watts><ext:Torque>20</ext:Torque></ext:TPX></Extensions></Trackpoint><Trackpoint><Time>2025-09-10T14:16:33.687Z</Time><DistanceMeters>6400.115700100216</DistanceMeters><HeartRateBpm><Value>157</Value></HeartRateBpm><Cadence>22</Cadence><Extensions><ext:TPX><ext:Watts>53.75</ext:Watts><ext:Torque>20</ext:Torque></ext:TPX></Extensions></Trackpoint><Trackpoint><Time>2025-09-10T14:16:35.017Z</Time><DistanceMeters>6405.421182630871</DistanceMeters><HeartRateBpm><Value>156</Value></HeartRateBpm><Cadence>22</Cadence><Extensions><ext:TPX><ext:Watts>58.55263157894737</ext:Watts><ext:Torque>20</ext:Torque></ext:TPX></Extensions></Trackpoint><Trackpoint><Time>2025-09-10T14:16:36.312Z</Time><DistanceMeters>6410.660566410343</DistanceMeters><HeartRateBpm><Value>156</Value></HeartRateBpm><Cadence>23</Cadence><Extensions><ext:TPX><ext:Watts>59.108108108108105</ext:Watts><ext:Torque>20</ext:Torque></ext:TPX></Extensions></Trackpoint><Trackpoint><Time>2025-09-10T14:16:37.607Z</Time><DistanceMeters>6415.816100883787</DistanceMeters><HeartRateBpm><Value>156</Value></HeartRateBpm><Cadence>23</Cadence><Extensions><ext:TPX><ext:Watts>58.16216216216216</ext:Watts><ext:Torque>20</ext:Torque></ext:TPX></Extensions></Trackpoint><Trackpoint><Time>2025-09-10T14:16:38.902Z</Time><DistanceMeters>6421.129751191454</DistanceMeters><HeartRateBpm><Value>156</Value></HeartRateBpm><Cadence>23</Cadence><Extensions><ext:TPX><ext:Watts>59.945945945945944</ext:Watts><ext:Torque>20</ext:Torque></ext:TPX></Extensions></Trackpoint><Trackpoint><Time>2025-09-10T14:16:40.197Z</Time><DistanceMeters>6426.551207749727</DistanceMeters><HeartRateBpm><Value>156</Value></HeartRateBpm><Cadence>23</Cadence><Extensions><ext:TPX><ext:Watts>61.16216216216216</ext:Watts><ext:Torque>20</ext:Torque></ext:TPX></Extensions></Trackpoint><Trackpoint><Time>2025-09-10T14:16:41.527Z</Time><DistanceMeters>6431.768464278749</DistanceMeters><HeartRateBpm><Value>155</Value></HeartRateBpm><Cadence>22</Cadence><Extensions><ext:TPX><ext:Watts>57.578947368421055</ext:Watts><ext:Torque>20</ext:Torque></ext:TPX></Extensions></Trackpoint><Trackpoint><Time>2025-09-10T14:16:42.787Z</Time><DistanceMeters>6436.9478919224985</DistanceMeters><HeartRateBpm><Value>155</Value></HeartRateBpm><Cadence>24</Cadence><Extensions><ext:TPX><ext:Watts>60.97222222222222</ext:Watts><ext:Torque>20</ext:Torque></ext:TPX></Extensions></Trackpoint><Trackpoint><Time>2025-09-10T14:16:44.088Z</Time><DistanceMeters>6442.194462785344</DistanceMeters><HeartRateBpm><Value>155</Value></HeartRateBpm><Cadence>23</Cadence><Extensions><ext:TPX><ext:Watts>59.189189189189186</ext:Watts><ext:Torque>20</ext:Torque></ext:TPX></Extensions></Trackpoint><Trackpoint><Time>2025-09-10T14:16:45.417Z</Time><DistanceMeters>6447.399796881713</DistanceMeters><HeartRateBpm><Value>155</Value></HeartRateBpm><Cadence>22</Cadence><Extensions><ext:TPX><ext:Watts>57.44736842105263</ext:Watts><ext:Torque>20</ext:Torque></ext:TPX></Extensions></Trackpoint><Trackpoint><Time>2025-09-10T14:16:46.712Z</Time><DistanceMeters>6452.675116078053</DistanceMeters><HeartRateBpm><Value>155</Value></HeartRateBpm><Cadence>23</Cadence><Extensions><ext:TPX><ext:Watts>59.513513513513516</ext:Watts><ext:Torque>20</ext:Torque></ext:TPX></Extensions></Trackpoint><Trackpoint><Time>2025-09-10T14:16:48.008Z</Time><DistanceMeters>6457.991162080179</DistanceMeters><HeartRateBpm><Value>155</Value></HeartRateBpm><Cadence>23</Cadence><Extensions><ext:TPX><ext:Watts>59.972972972972975</ext:Watts><ext:Torque>20</ext:Torque></ext:TPX></Extensions></Trackpoint><Trackpoint><Time>2025-09-10T14:16:49.302Z</Time><DistanceMeters>6463.340747804715</DistanceMeters><HeartRateBpm><Value>155</Value></HeartRateBpm><Cadence>23</Cadence><Extensions><ext:TPX><ext:Watts>60.351351351351354</ext:Watts><ext:Torque>20</ext:Torque></ext:TPX></Extensions></Trackpoint><Trackpoint><Time>2025-09-10T14:16:50.633Z</Time><DistanceMeters>6468.562773306799</DistanceMeters><HeartRateBpm><Value>155</Value></HeartRateBpm><Cadence>22</Cadence><Extensions><ext:TPX><ext:Watts>57.63157894736842</ext:Watts><ext:Torque>20</ext:Torque></ext:TPX></Extensions></Trackpoint><Trackpoint><Time>2025-09-10T14:16:51.928Z</Time><DistanceMeters>6473.82611403085</DistanceMeters><HeartRateBpm><Value>155</Value></HeartRateBpm><Cadence>23</Cadence><Extensions><ext:TPX><ext:Watts>59.37837837837838</ext:Watts><ext:Torque>20</ext:Torque></ext:TPX></Extensions></Trackpoint><Trackpoint><Time>2025-09-10T14:16:53.257Z</Time><DistanceMeters>6479.246051914975</DistanceMeters><HeartRateBpm><Value>155</Value></HeartRateBpm><Cadence>22</Cadence><Extensions><ext:TPX><ext:Watts>59.81578947368421</ext:Watts><ext:Torque>20</ext:Torque></ext:TPX></Extensions></Trackpoint><Trackpoint><Time>2025-09-10T14:16:54.592Z</Time><DistanceMeters>6484.747062341143</DistanceMeters><HeartRateBpm><Value>155</Value></HeartRateBpm><Cadence>22</Cadence><Extensions><ext:TPX><ext:Watts>60.71052631578947</ext:Watts><ext:Torque>20</ext:Torque></ext:TPX></Extensions></Trackpoint><Trackpoint><Time>2025-09-10T14:16:55.888Z</Time><DistanceMeters>6490.149353343752</DistanceMeters><HeartRateBpm><Value>155</Value></HeartRateBpm><Cadence>23</Cadence><Extensions><ext:TPX><ext:Watts>60.945945945945944</ext:Watts><ext:Torque>20</ext:Torque></ext:TPX></Extensions></Trackpoint><Trackpoint><Time>2025-09-10T14:16:57.217Z</Time><DistanceMeters>6495.605058525838</DistanceMeters><HeartRateBpm><Value>156</Value></HeartRateBpm><Cadence>22</Cadence><Extensions><ext:TPX><ext:Watts>60.21052631578947</ext:Watts><ext:Torque>20</ext:Torque></ext:TPX></Extensions></Trackpoint><Trackpoint><Time>2025-09-10T14:16:58.548Z</Time><DistanceMeters>6500.958230787106</DistanceMeters><HeartRateBpm><Value>156</Value></HeartRateBpm><Cadence>22</Cadence><Extensions><ext:TPX><ext:Watts>59.078947368421055</ext:Watts><ext:Torque>20</ext:Torque></ext:TPX></Extensions></Trackpoint><Trackpoint><Time>2025-09-10T14:16:59.880Z</Time><DistanceMeters>6506.165949370005</DistanceMeters><HeartRateBpm><Value>156</Value></HeartRateBpm><Cadence>22</Cadence><Extensions><ext:TPX><ext:Watts>57.473684210526315</ext:Watts><ext:Torque>20</ext:Torque></ext:TPX></Extensions></Trackpoint><Trackpoint><Time>2025-09-10T14:17:01.208Z</Time><DistanceMeters>6511.426126656579</DistanceMeters><HeartRateBpm><Value>156</Value></HeartRateBpm><Cadence>22</Cadence><Extensions><ext:TPX><ext:Watts>58.05263157894737</ext:Watts><ext:Torque>20</ext:Torque></ext:TPX></Extensions></Trackpoint><Trackpoint><Time>2025-09-10T14:17:02.542Z</Time><DistanceMeters>6516.791221350501</DistanceMeters><HeartRateBpm><Value>156</Value></HeartRateBpm><Cadence>22</Cadence><Extensions><ext:TPX><ext:Watts>59.21052631578947</ext:Watts><ext:Torque>20</ext:Torque></ext:TPX></Extensions></Trackpoint><Trackpoint><Time>2025-09-10T14:17:03.873Z</Time><DistanceMeters>6522.266002424831</DistanceMeters><HeartRateBpm><Value>156</Value></HeartRateBpm><Cadence>22</Cadence><Extensions><ext:TPX><ext:Watts>60.421052631578945</ext:Watts><ext:Torque>20</ext:Torque></ext:TPX></Extensions></Trackpoint><Trackpoint><Time>2025-09-10T14:17:05.173Z</Time><DistanceMeters>6527.615588149367</DistanceMeters><HeartRateBpm><Value>156</Value></HeartRateBpm><Cadence>23</Cadence><Extensions><ext:TPX><ext:Watts>60.351351351351354</ext:Watts><ext:Torque>20</ext:Torque></ext:TPX></Extensions></Trackpoint><Trackpoint><Time>2025-09-10T14:17:06.468Z</Time><DistanceMeters>6532.960382484987</DistanceMeters><HeartRateBpm><Value>156</Value></HeartRateBpm><Cadence>23</Cadence><Extensions><ext:TPX><ext:Watts>60.2972972972973</ext:Watts><ext:Torque>20</ext:Torque></ext:TPX></Extensions></Trackpoint><Trackpoint><Time>2025-09-10T14:17:07.762Z</Time><DistanceMeters>6538.269241403738</DistanceMeters><HeartRateBpm><Value>156</Value></HeartRateBpm><Cadence>23</Cadence><Extensions><ext:TPX><ext:Watts>59.891891891891895</ext:Watts><ext:Torque>20</ext:Torque></ext:TPX></Extensions></Trackpoint><Trackpoint><Time>2025-09-10T14:17:09.058Z</Time><DistanceMeters>6543.55414337791</DistanceMeters><HeartRateBpm><Value>155</Value></HeartRateBpm><Cadence>23</Cadence><Extensions><ext:TPX><ext:Watts>59.62162162162162</ext:Watts><ext:Torque>20</ext:Torque></ext:TPX></Extensions></Trackpoint><Trackpoint><Time>2025-09-10T14:17:10.318Z</Time><DistanceMeters>6548.967176186457</DistanceMeters><HeartRateBpm><Value>155</Value></HeartRateBpm><Cadence>24</Cadence><Extensions><ext:TPX><ext:Watts>63.72222222222222</ext:Watts><ext:Torque>20</ext:Torque></ext:TPX></Extensions></Trackpoint><Trackpoint><Time>2025-09-10T14:17:11.613Z</Time><DistanceMeters>6554.431755244974</DistanceMeters><HeartRateBpm><Value>155</Value></HeartRateBpm><Cadence>23</Cadence><Extensions><ext:TPX><ext:Watts>61.648648648648646</ext:Watts><ext:Torque>20</ext:Torque></ext:TPX></Extensions></Trackpoint><Trackpoint><Time>2025-09-10T14:17:12.908Z</Time><DistanceMeters>6559.89633430349</DistanceMeters><HeartRateBpm><Value>155</Value></HeartRateBpm><Cadence>23</Cadence><Extensions><ext:TPX><ext:Watts>61.648648648648646</ext:Watts><ext:Torque>20</ext:Torque></ext:TPX></Extensions></Trackpoint><Trackpoint><Time>2025-09-10T14:17:14.203Z</Time><DistanceMeters>6565.490280862734</DistanceMeters><HeartRateBpm><Value>155</Value></HeartRateBpm><Cadence>23</Cadence><Extensions><ext:TPX><ext:Watts>63.108108108108105</ext:Watts><ext:Torque>20</ext:Torque></ext:TPX></Extensions></Trackpoint><Trackpoint><Time>2025-09-10T14:17:15.533Z</Time><DistanceMeters>6570.972215396656</DistanceMeters><HeartRateBpm><Value>155</Value></HeartRateBpm><Cadence>22</Cadence><Extensions><ext:TPX><ext:Watts>60.5</ext:Watts><ext:Torque>20</ext:Torque></ext:TPX></Extensions></Trackpoint><Trackpoint><Time>2025-09-10T14:17:16.828Z</Time><DistanceMeters>6576.525435150115</DistanceMeters><HeartRateBpm><Value>154</Value></HeartRateBpm><Cadence>23</Cadence><Extensions><ext:TPX><ext:Watts>62.648648648648646</ext:Watts><ext:Torque>20</ext:Torque></ext:TPX></Extensions></Trackpoint><Trackpoint><Time>2025-09-10T14:17:18.123Z</Time><DistanceMeters>6582.018762542127</DistanceMeters><HeartRateBpm><Value>154</Value></HeartRateBpm><Cadence>23</Cadence><Extensions><ext:TPX><ext:Watts>61.972972972972975</ext:Watts><ext:Torque>20</ext:Torque></ext:TPX></Extensions></Trackpoint><Trackpoint><Time>2025-09-10T14:17:19.458Z</Time><DistanceMeters>6587.517388481763</DistanceMeters><HeartRateBpm><Value>154</Value></HeartRateBpm><Cadence>22</Cadence><Extensions><ext:TPX><ext:Watts>60.68421052631579</ext:Watts><ext:Torque>20</ext:Torque></ext:TPX></Extensions></Trackpoint><Trackpoint><Time>2025-09-10T14:17:20.753Z</Time><DistanceMeters>6593.01550726269</DistanceMeters><HeartRateBpm><Value>154</Value></HeartRateBpm><Cadence>23</Cadence><Extensions><ext:TPX><ext:Watts>62.027027027027025</ext:Watts><ext:Torque>20</ext:Torque></ext:TPX></Extensions></Trackpoint><Trackpoint><Time>2025-09-10T14:17:22.083Z</Time><DistanceMeters>6598.1659981688545</DistanceMeters><HeartRateBpm><Value>154</Value></HeartRateBpm><Cadence>22</Cadence><Extensions><ext:TPX><ext:Watts>56.8421052631579</ext:Watts><ext:Torque>20</ext:Torque></ext:TPX></Extensions></Trackpoint><Trackpoint><Time>2025-09-10T14:17:23.413Z</Time><DistanceMeters>6603.275952803998</DistanceMeters><HeartRateBpm><Value>154</Value></HeartRateBpm><Cadence>22</Cadence><Extensions><ext:TPX><ext:Watts>56.39473684210526</ext:Watts><ext:Torque>20</ext:Torque></ext:TPX></Extensions></Trackpoint><Trackpoint><Time>2025-09-10T14:17:24.709Z</Time><DistanceMeters>6608.84833811312</DistanceMeters><HeartRateBpm><Value>154</Value></HeartRateBpm><Cadence>23</Cadence><Extensions><ext:TPX><ext:Watts>62.86486486486486</ext:Watts><ext:Torque>20</ext:Torque></ext:TPX></Extensions></Trackpoint><Trackpoint><Time>2025-09-10T14:17:26.038Z</Time><DistanceMeters>6614.2778139433685</DistanceMeters><HeartRateBpm><Value>154</Value></HeartRateBpm><Cadence>22</Cadence><Extensions><ext:TPX><ext:Watts>59.921052631578945</ext:Watts><ext:Torque>20</ext:Torque></ext:TPX></Extensions></Trackpoint><Trackpoint><Time>2025-09-10T14:17:27.333Z</Time><DistanceMeters>6619.627399667905</DistanceMeters><HeartRateBpm><Value>154</Value></HeartRateBpm><Cadence>23</Cadence><Extensions><ext:TPX><ext:Watts>60.351351351351354</ext:Watts><ext:Torque>20</ext:Torque></ext:TPX></Extensions></Trackpoint><Trackpoint><Time>2025-09-10T14:17:28.663Z</Time><DistanceMeters>6624.81842684509</DistanceMeters><HeartRateBpm><Value>154</Value></HeartRateBpm><Cadence>22</Cadence><Extensions><ext:TPX><ext:Watts>57.28947368421053</ext:Watts><ext:Torque>20</ext:Torque></ext:TPX></Extensions></Trackpoint><Trackpoint><Time>2025-09-10T14:17:29.958Z</Time><DistanceMeters>6630.086558958056</DistanceMeters><HeartRateBpm><Value>155</Value></HeartRateBpm><Cadence>23</Cadence><Extensions><ext:TPX><ext:Watts>59.432432432432435</ext:Watts><ext:Torque>20</ext:Torque></ext:TPX></Extensions></Trackpoint><Trackpoint><Time>2025-09-10T14:17:31.253Z</Time><DistanceMeters>6635.36906523777</DistanceMeters><HeartRateBpm><Value>155</Value></HeartRateBpm><Cadence>23</Cadence><Extensions><ext:TPX><ext:Watts>59.5945945945946</ext:Watts><ext:Torque>20</ext:Torque></ext:TPX></Extensions></Trackpoint><Trackpoint><Time>2025-09-10T14:17:32.513Z</Time><DistanceMeters>6640.624001621656</DistanceMeters><HeartRateBpm><Value>155</Value></HeartRateBpm><Cadence>24</Cadence><Extensions><ext:TPX><ext:Watts>61.861111111111114</ext:Watts><ext:Torque>20</ext:Torque></ext:TPX></Extensions></Trackpoint><Trackpoint><Time>2025-09-10T14:17:33.773Z</Time><DistanceMeters>6645.864780116767</DistanceMeters><HeartRateBpm><Value>155</Value></HeartRateBpm><Cadence>24</Cadence><Extensions><ext:TPX><ext:Watts>61.69444444444444</ext:Watts><ext:Torque>20</ext:Torque></ext:TPX></Extensions></Trackpoint><Trackpoint><Time>2025-09-10T14:17:35.073Z</Time><DistanceMeters>6651.322172091909</DistanceMeters><HeartRateBpm><Value>155</Value></HeartRateBpm><Cadence>23</Cadence><Extensions><ext:TPX><ext:Watts>61.567567567567565</ext:Watts><ext:Torque>20</ext:Torque></ext:TPX></Extensions></Trackpoint><Trackpoint><Time>2025-09-10T14:17:36.333Z</Time><DistanceMeters>6656.612503197734</DistanceMeters><HeartRateBpm><Value>155</Value></HeartRateBpm><Cadence>24</Cadence><Extensions><ext:TPX><ext:Watts>62.27777777777778</ext:Watts><ext:Torque>20</ext:Torque></ext:TPX></Extensions></Trackpoint><Trackpoint><Time>2025-09-10T14:17:37.663Z</Time><DistanceMeters>6662.208893085127</DistanceMeters><HeartRateBpm><Value>155</Value></HeartRateBpm><Cadence>22</Cadence><Extensions><ext:TPX><ext:Watts>61.76315789473684</ext:Watts><ext:Torque>20</ext:Torque></ext:TPX></Extensions></Trackpoint><Trackpoint><Time>2025-09-10T14:17:38.958Z</Time><DistanceMeters>6667.668680754727</DistanceMeters><HeartRateBpm><Value>155</Value></HeartRateBpm><Cadence>23</Cadence><Extensions><ext:TPX><ext:Watts>61.5945945945946</ext:Watts><ext:Torque>20</ext:Torque></ext:TPX></Extensions></Trackpoint><Trackpoint><Time>2025-09-10T14:17:40.253Z</Time><DistanceMeters>6673.090137313</DistanceMeters><HeartRateBpm><Value>155</Value></HeartRateBpm><Cadence>23</Cadence><Extensions><ext:TPX><ext:Watts>61.16216216216216</ext:Watts><ext:Torque>20</ext:Torque></ext:TPX></Extensions></Trackpoint><Trackpoint><Time>2025-09-10T14:17:41.583Z</Time><DistanceMeters>6678.524382116309</DistanceMeters><HeartRateBpm><Value>155</Value></HeartRateBpm><Cadence>22</Cadence><Extensions><ext:TPX><ext:Watts>59.973684210526315</ext:Watts><ext:Torque>20</ext:Torque></ext:TPX></Extensions></Trackpoint><Trackpoint><Time>2025-09-10T14:17:42.878Z</Time><DistanceMeters>6683.864385063013</DistanceMeters><HeartRateBpm><Value>155</Value></HeartRateBpm><Cadence>23</Cadence><Extensions><ext:TPX><ext:Watts>60.24324324324324</ext:Watts><ext:Torque>20</ext:Torque></ext:TPX></Extensions></Trackpoint><Trackpoint><Time>2025-09-10T14:17:44.208Z</Time><DistanceMeters>6689.17463656673</DistanceMeters><HeartRateBpm><Value>155</Value></HeartRateBpm><Cadence>22</Cadence><Extensions><ext:TPX><ext:Watts>58.60526315789474</ext:Watts><ext:Torque>20</ext:Torque></ext:TPX></Extensions></Trackpoint><Trackpoint><Time>2025-09-10T14:17:45.503Z</Time><DistanceMeters>6694.584114652715</DistanceMeters><HeartRateBpm><Value>155</Value></HeartRateBpm><Cadence>23</Cadence><Extensions><ext:TPX><ext:Watts>61.027027027027025</ext:Watts><ext:Torque>20</ext:Torque></ext:TPX></Extensions></Trackpoint><Trackpoint><Time>2025-09-10T14:17:46.833Z</Time><DistanceMeters>6700.135199296025</DistanceMeters><HeartRateBpm><Value>155</Value></HeartRateBpm><Cadence>22</Cadence><Extensions><ext:TPX><ext:Watts>61.26315789473684</ext:Watts><ext:Torque>20</ext:Torque></ext:TPX></Extensions></Trackpoint><Trackpoint><Time>2025-09-10T14:17:48.128Z</Time><DistanceMeters>6705.664462104905</DistanceMeters><HeartRateBpm><Value>154</Value></HeartRateBpm><Cadence>23</Cadence><Extensions><ext:TPX><ext:Watts>62.37837837837838</ext:Watts><ext:Torque>20</ext:Torque></ext:TPX></Extensions></Trackpoint><Trackpoint><Time>2025-09-10T14:17:49.423Z</Time><DistanceMeters>6711.200911997159</DistanceMeters><HeartRateBpm><Value>154</Value></HeartRateBpm><Cadence>23</Cadence><Extensions><ext:TPX><ext:Watts>62.45945945945946</ext:Watts><ext:Torque>20</ext:Torque></ext:TPX></Extensions></Trackpoint><Trackpoint><Time>2025-09-10T14:17:50.723Z</Time><DistanceMeters>6716.2198918865015</DistanceMeters><HeartRateBpm><Value>154</Value></HeartRateBpm><Cadence>23</Cadence><Extensions><ext:TPX><ext:Watts>56.62162162162162</ext:Watts><ext:Torque>20</ext:Torque></ext:TPX></Extensions></Trackpoint><Trackpoint><Time>2025-09-10T14:17:51.983Z</Time><DistanceMeters>6721.4465124928365</DistanceMeters><HeartRateBpm><Value>154</Value></HeartRateBpm><Cadence>24</Cadence><Extensions><ext:TPX><ext:Watts>61.52777777777778</ext:Watts><ext:Torque>20</ext:Torque></ext:TPX></Extensions></Trackpoint><Trackpoint><Time>2025-09-10T14:17:53.279Z</Time><DistanceMeters>6726.6068383551965</DistanceMeters><HeartRateBpm><Value>154</Value></HeartRateBpm><Cadence>23</Cadence><Extensions><ext:TPX><ext:Watts>58.21621621621622</ext:Watts><ext:Torque>20</ext:Torque></ext:TPX></Extensions></Trackpoint><Trackpoint><Time>2025-09-10T14:17:54.540Z</Time><DistanceMeters>6731.892450164763</DistanceMeters><HeartRateBpm><Value>154</Value></HeartRateBpm><Cadence>24</Cadence><Extensions><ext:TPX><ext:Watts>62.22222222222222</ext:Watts><ext:Torque>20</ext:Torque></ext:TPX></Extensions></Trackpoint><Trackpoint><Time>2025-09-10T14:17:55.799Z</Time><DistanceMeters>6737.296044380794</DistanceMeters><HeartRateBpm><Value>153</Value></HeartRateBpm><Cadence>24</Cadence><Extensions><ext:TPX><ext:Watts>63.611111111111114</ext:Watts><ext:Torque>20</ext:Torque></ext:TPX></Extensions></Trackpoint><Trackpoint><Time>2025-09-10T14:17:57.063Z</Time><DistanceMeters>6742.4507208218265</DistanceMeters><HeartRateBpm><Value>153</Value></HeartRateBpm><Cadence>24</Cadence><Extensions><ext:TPX><ext:Watts>59.416666666666664</ext:Watts><ext:Torque>20</ext:Torque></ext:TPX></Extensions></Trackpoint><Trackpoint><Time>2025-09-10T14:17:58.323Z</Time><DistanceMeters>6747.641946706222</DistanceMeters><HeartRateBpm><Value>153</Value></HeartRateBpm><Cadence>24</Cadence><Extensions><ext:TPX><ext:Watts>61.111111111111114</ext:Watts><ext:Torque>20</ext:Torque></ext:TPX></Extensions></Trackpoint><Trackpoint><Time>2025-09-10T14:17:59.583Z</Time><DistanceMeters>6752.8095761093255</DistanceMeters><HeartRateBpm><Value>153</Value></HeartRateBpm><Cadence>24</Cadence><Extensions><ext:TPX><ext:Watts>60.833333333333336</ext:Watts><ext:Torque>20</ext:Torque></ext:TPX></Extensions></Trackpoint><Trackpoint><Time>2025-09-10T14:18:00.844Z</Time><DistanceMeters>6757.8969774760335</DistanceMeters><HeartRateBpm><Value>153</Value></HeartRateBpm><Cadence>24</Cadence><Extensions><ext:TPX><ext:Watts>59.888888888888886</ext:Watts><ext:Torque>20</ext:Torque></ext:TPX></Extensions></Trackpoint><Trackpoint><Time>2025-09-10T14:18:02.209Z</Time><DistanceMeters>6763.198166263461</DistanceMeters><HeartRateBpm><Value>153</Value></HeartRateBpm><Cadence>22</Cadence><Extensions><ext:TPX><ext:Watts>57.205128205128204</ext:Watts><ext:Torque>20</ext:Torque></ext:TPX></Extensions></Trackpoint><Trackpoint><Time>2025-09-10T14:18:03.469Z</Time><DistanceMeters>6768.139269446154</DistanceMeters><HeartRateBpm><Value>153</Value></HeartRateBpm><Cadence>24</Cadence><Extensions><ext:TPX><ext:Watts>58.166666666666664</ext:Watts><ext:Torque>20</ext:Torque></ext:TPX></Extensions></Trackpoint><Trackpoint><Time>2025-09-10T14:18:04.734Z</Time><DistanceMeters>6773.2361094053795</DistanceMeters><HeartRateBpm><Value>153</Value></HeartRateBpm><Cadence>24</Cadence><Extensions><ext:TPX><ext:Watts>58.75</ext:Watts><ext:Torque>20</ext:Torque></ext:TPX></Extensions></Trackpoint><Trackpoint><Time>2025-09-10T14:18:06.029Z</Time><DistanceMeters>6778.5737166576255</DistanceMeters><HeartRateBpm><Value>153</Value></HeartRateBpm><Cadence>23</Cadence><Extensions><ext:TPX><ext:Watts>60.21621621621622</ext:Watts><ext:Torque>20</ext:Torque></ext:TPX></Extensions></Trackpoint><Trackpoint><Time>2025-09-10T14:18:07.294Z</Time><DistanceMeters>6783.945279905433</DistanceMeters><HeartRateBpm><Value>154</Value></HeartRateBpm><Cadence>24</Cadence><Extensions><ext:TPX><ext:Watts>61.916666666666664</ext:Watts><ext:Torque>20</ext:Torque></ext:TPX></Extensions></Trackpoint><Trackpoint><Time>2025-09-10T14:18:08.624Z</Time><DistanceMeters>6789.245993463028</DistanceMeters><HeartRateBpm><Value>154</Value></HeartRateBpm><Cadence>22</Cadence><Extensions><ext:TPX><ext:Watts>58.5</ext:Watts><ext:Torque>20</ext:Torque></ext:TPX></Extensions></Trackpoint><Trackpoint><Time>2025-09-10T14:18:09.884Z</Time><DistanceMeters>6794.411263218002</DistanceMeters><HeartRateBpm><Value>154</Value></HeartRateBpm><Cadence>24</Cadence><Extensions><ext:TPX><ext:Watts>60.80555555555556</ext:Watts><ext:Torque>20</ext:Torque></ext:TPX></Extensions></Trackpoint><Trackpoint><Time>2025-09-10T14:18:11.179Z</Time><DistanceMeters>6799.796784359407</DistanceMeters><HeartRateBpm><Value>154</Value></HeartRateBpm><Cadence>23</Cadence><Extensions><ext:TPX><ext:Watts>60.75675675675676</ext:Watts><ext:Torque>20</ext:Torque></ext:TPX></Extensions></Trackpoint><Trackpoint><Time>2025-09-10T14:18:12.474Z</Time><DistanceMeters>6804.854095360077</DistanceMeters><HeartRateBpm><Value>155</Value></HeartRateBpm><Cadence>23</Cadence><Extensions><ext:TPX><ext:Watts>57.054054054054056</ext:Watts><ext:Torque>20</ext:Torque></ext:TPX></Extensions></Trackpoint><Trackpoint><Time>2025-09-10T14:18:13.769Z</Time><DistanceMeters>6810.301904557387</DistanceMeters><HeartRateBpm><Value>155</Value></HeartRateBpm><Cadence>23</Cadence><Extensions><ext:TPX><ext:Watts>61.45945945945946</ext:Watts><ext:Torque>20</ext:Torque></ext:TPX></Extensions></Trackpoint><Trackpoint><Time>2025-09-10T14:18:15.029Z</Time><DistanceMeters>6815.646507570186</DistanceMeters><HeartRateBpm><Value>155</Value></HeartRateBpm><Cadence>24</Cadence><Extensions><ext:TPX><ext:Watts>62.916666666666664</ext:Watts><ext:Torque>20</ext:Torque></ext:TPX></Extensions></Trackpoint><Trackpoint><Time>2025-09-10T14:18:16.289Z</Time><DistanceMeters>6821.278987654756</DistanceMeters><HeartRateBpm><Value>155</Value></HeartRateBpm><Cadence>24</Cadence><Extensions><ext:TPX><ext:Watts>66.30555555555556</ext:Watts><ext:Torque>20</ext:Torque></ext:TPX></Extensions></Trackpoint><Trackpoint><Time>2025-09-10T14:18:17.519Z</Time><DistanceMeters>6826.778225357701</DistanceMeters><HeartRateBpm><Value>155</Value></HeartRateBpm><Cadence>24</Cadence><Extensions><ext:TPX><ext:Watts>66.08571428571429</ext:Watts><ext:Torque>20</ext:Torque></ext:TPX></Extensions></Trackpoint><Trackpoint><Time>2025-09-10T14:18:18.744Z</Time><DistanceMeters>6832.353544170241</DistanceMeters><HeartRateBpm><Value>155</Value></HeartRateBpm><Cadence>24</Cadence><Extensions><ext:TPX><ext:Watts>67.0</ext:Watts><ext:Torque>20</ext:Torque></ext:TPX></Extensions></Trackpoint><Trackpoint><Time>2025-09-10T14:18:19.934Z</Time><DistanceMeters>6838.078794515027</DistanceMeters><HeartRateBpm><Value>155</Value></HeartRateBpm><Cadence>25</Cadence><Extensions><ext:TPX><ext:Watts>70.20588235294117</ext:Watts><ext:Torque>20</ext:Torque></ext:TPX></Extensions></Trackpoint><Trackpoint><Time>2025-09-10T14:18:21.124Z</Time><DistanceMeters>6843.657735571572</DistanceMeters><HeartRateBpm><Value>155</Value></HeartRateBpm><Cadence>25</Cadence><Extensions><ext:TPX><ext:Watts>68.41176470588235</ext:Watts><ext:Torque>20</ext:Torque></ext:TPX></Extensions></Trackpoint><Trackpoint><Time>2025-09-10T14:18:22.319Z</Time><DistanceMeters>6849.102359904486</DistanceMeters><HeartRateBpm><Value>155</Value></HeartRateBpm><Cadence>25</Cadence><Extensions><ext:TPX><ext:Watts>66.76470588235294</ext:Watts><ext:Torque>20</ext:Torque></ext:TPX></Extensions></Trackpoint><Trackpoint><Time>2025-09-10T14:18:23.474Z</Time><DistanceMeters>6854.591264475959</DistanceMeters><HeartRateBpm><Value>155</Value></HeartRateBpm><Cadence>26</Cadence><Extensions><ext:TPX><ext:Watts>70.0</ext:Watts><ext:Torque>20</ext:Torque></ext:TPX></Extensions></Trackpoint><Trackpoint><Time>2025-09-10T14:18:24.594Z</Time><DistanceMeters>6860.098683209678</DistanceMeters><HeartRateBpm><Value>155</Value></HeartRateBpm><Cadence>27</Cadence><Extensions><ext:TPX><ext:Watts>72.9375</ext:Watts><ext:Torque>20</ext:Torque></ext:TPX></Extensions></Trackpoint><Trackpoint><Time>2025-09-10T14:18:25.749Z</Time><DistanceMeters>6865.426009637922</DistanceMeters><HeartRateBpm><Value>155</Value></HeartRateBpm><Cadence>26</Cadence><Extensions><ext:TPX><ext:Watts>67.93939393939394</ext:Watts><ext:Torque>20</ext:Torque></ext:TPX></Extensions></Trackpoint><Trackpoint><Time>2025-09-10T14:18:26.874Z</Time><DistanceMeters>6870.9580043295155</DistanceMeters><HeartRateBpm><Value>155</Value></HeartRateBpm><Cadence>26</Cadence><Extensions><ext:TPX><ext:Watts>71.90625</ext:Watts><ext:Torque>20</ext:Torque></ext:TPX></Extensions></Trackpoint><Trackpoint><Time>2025-09-10T14:18:28.029Z</Time><DistanceMeters>6876.380376724365</DistanceMeters><HeartRateBpm><Value>155</Value></HeartRateBpm><Cadence>26</Cadence><Extensions><ext:TPX><ext:Watts>69.15151515151516</ext:Watts><ext:Torque>20</ext:Torque></ext:TPX></Extensions></Trackpoint><Trackpoint><Time>2025-09-10T14:18:29.149Z</Time><DistanceMeters>6881.6565499414155</DistanceMeters><HeartRateBpm><Value>156</Value></HeartRateBpm><Cadence>27</Cadence><Extensions><ext:TPX><ext:Watts>69.875</ext:Watts><ext:Torque>20</ext:Torque></ext:TPX></Extensions></Trackpoint><Trackpoint><Time>2025-09-10T14:18:30.304Z</Time><DistanceMeters>6887.126445319568</DistanceMeters><HeartRateBpm><Value>156</Value></HeartRateBpm><Cadence>26</Cadence><Extensions><ext:TPX><ext:Watts>69.75757575757575</ext:Watts><ext:Torque>20</ext:Torque></ext:TPX></Extensions></Trackpoint><Trackpoint><Time>2025-09-10T14:18:31.424Z</Time><DistanceMeters>6892.485206221142</DistanceMeters><HeartRateBpm><Value>157</Value></HeartRateBpm><Cadence>27</Cadence><Extensions><ext:TPX><ext:Watts>70.96875</ext:Watts><ext:Torque>20</ext:Torque></ext:TPX></Extensions></Trackpoint><Trackpoint><Time>2025-09-10T14:18:32.544Z</Time><DistanceMeters>6897.902958325948</DistanceMeters><HeartRateBpm><Value>157</Value></HeartRateBpm><Cadence>27</Cadence><Extensions><ext:TPX><ext:Watts>71.75</ext:Watts><ext:Torque>20</ext:Torque></ext:TPX></Extensions></Trackpoint><Trackpoint><Time>2025-09-10T14:18:33.664Z</Time><DistanceMeters>6903.183850839257</DistanceMeters><HeartRateBpm><Value>158</Value></HeartRateBpm><Cadence>27</Cadence><Extensions><ext:TPX><ext:Watts>69.9375</ext:Watts><ext:Torque>20</ext:Torque></ext:TPX></Extensions></Trackpoint><Trackpoint><Time>2025-09-10T14:18:34.819Z</Time><DistanceMeters>6908.546819504978</DistanceMeters><HeartRateBpm><Value>157</Value></HeartRateBpm><Cadence>26</Cadence><Extensions><ext:TPX><ext:Watts>68.39393939393939</ext:Watts><ext:Torque>20</ext:Torque></ext:TPX></Extensions></Trackpoint><Trackpoint><Time>2025-09-10T14:18:35.974Z</Time><DistanceMeters>6913.548613497597</DistanceMeters><HeartRateBpm><Value>156</Value></HeartRateBpm><Cadence>26</Cadence><Extensions><ext:TPX><ext:Watts>63.78787878787879</ext:Watts><ext:Torque>20</ext:Torque></ext:TPX></Extensions></Trackpoint><Trackpoint><Time>2025-09-10T14:18:37.129Z</Time><DistanceMeters>6919.051774964061</DistanceMeters><HeartRateBpm><Value>155</Value></HeartRateBpm><Cadence>26</Cadence><Extensions><ext:TPX><ext:Watts>70.18181818181819</ext:Watts><ext:Torque>20</ext:Torque></ext:TPX></Extensions></Trackpoint><Trackpoint><Time>2025-09-10T14:18:38.249Z</Time><DistanceMeters>6924.141535978899</DistanceMeters><HeartRateBpm><Value>155</Value></HeartRateBpm><Cadence>27</Cadence><Extensions><ext:TPX><ext:Watts>67.40625</ext:Watts><ext:Torque>20</ext:Torque></ext:TPX></Extensions></Trackpoint><Trackpoint><Time>2025-09-10T14:18:39.299Z</Time><DistanceMeters>6929.540013484249</DistanceMeters><HeartRateBpm><Value>155</Value></HeartRateBpm><Cadence>28</Cadence><Extensions><ext:TPX><ext:Watts>75.46666666666667</ext:Watts><ext:Torque>20</ext:Torque></ext:TPX></Extensions></Trackpoint><Trackpoint><Time>2025-09-10T14:18:40.349Z</Time><DistanceMeters>6935.174555156132</DistanceMeters><HeartRateBpm><Value>155</Value></HeartRateBpm><Cadence>28</Cadence><Extensions><ext:TPX><ext:Watts>78.76666666666667</ext:Watts><ext:Torque>20</ext:Torque></ext:TPX></Extensions></Trackpoint><Trackpoint><Time>2025-09-10T14:18:41.399Z</Time><DistanceMeters>6940.873477964342</DistanceMeters><HeartRateBpm><Value>155</Value></HeartRateBpm><Cadence>28</Cadence><Extensions><ext:TPX><ext:Watts>79.66666666666667</ext:Watts><ext:Torque>20</ext:Torque></ext:TPX></Extensions></Trackpoint><Trackpoint><Time>2025-09-10T14:18:42.414Z</Time><DistanceMeters>6946.304546704061</DistanceMeters><HeartRateBpm><Value>155</Value></HeartRateBpm><Cadence>30</Cadence><Extensions><ext:TPX><ext:Watts>78.58620689655173</ext:Watts><ext:Torque>20</ext:Torque></ext:TPX></Extensions></Trackpoint><Trackpoint><Time>2025-09-10T14:18:43.394Z</Time><DistanceMeters>6951.933749806569</DistanceMeters><HeartRateBpm><Value>155</Value></HeartRateBpm><Cadence>30</Cadence><Extensions><ext:TPX><ext:Watts>84.21428571428571</ext:Watts><ext:Torque>20</ext:Torque></ext:TPX></Extensions></Trackpoint><Trackpoint><Time>2025-09-10T14:18:44.454Z</Time><DistanceMeters>6957.642210560901</DistanceMeters><HeartRateBpm><Value>155</Value></HeartRateBpm><Cadence>28</Cadence><Extensions><ext:TPX><ext:Watts>79.8</ext:Watts><ext:Torque>20</ext:Torque></ext:TPX></Extensions></Trackpoint><Trackpoint><Time>2025-09-10T14:18:45.504Z</Time><DistanceMeters>6963.2600608270695</DistanceMeters><HeartRateBpm><Value>155</Value></HeartRateBpm><Cadence>28</Cadence><Extensions><ext:TPX><ext:Watts>78.53333333333333</ext:Watts><ext:Torque>20</ext:Torque></ext:TPX></Extensions></Trackpoint><Trackpoint><Time>2025-09-10T14:18:46.485Z</Time><DistanceMeters>6968.934622224296</DistanceMeters><HeartRateBpm><Value>155</Value></HeartRateBpm><Cadence>30</Cadence><Extensions><ext:TPX><ext:Watts>84.89285714285714</ext:Watts><ext:Torque>20</ext:Torque></ext:TPX></Extensions></Trackpoint><Trackpoint><Time>2025-09-10T14:18:47.501Z</Time><DistanceMeters>6974.6468959272825</DistanceMeters><HeartRateBpm><Value>155</Value></HeartRateBpm><Cadence>30</Cadence><Extensions><ext:TPX><ext:Watts>82.65517241379311</ext:Watts><ext:Torque>20</ext:Torque></ext:TPX></Extensions></Trackpoint><Trackpoint><Time>2025-09-10T14:18:48.514Z</Time><DistanceMeters>6980.237631891908</DistanceMeters><HeartRateBpm><Value>155</Value></HeartRateBpm><Cadence>30</Cadence><Extensions><ext:TPX><ext:Watts>80.89655172413794</ext:Watts><ext:Torque>20</ext:Torque></ext:TPX></Extensions></Trackpoint><Trackpoint><Time>2025-09-10T14:18:49.499Z</Time><DistanceMeters>6985.802378470341</DistanceMeters><HeartRateBpm><Value>156</Value></HeartRateBpm><Cadence>30</Cadence><Extensions><ext:TPX><ext:Watts>83.25</ext:Watts><ext:Torque>20</ext:Torque></ext:TPX></Extensions></Trackpoint><Trackpoint><Time>2025-09-10T14:18:50.514Z</Time><DistanceMeters>6991.331154019331</DistanceMeters><HeartRateBpm><Value>156</Value></HeartRateBpm><Cadence>30</Cadence><Extensions><ext:TPX><ext:Watts>80.0</ext:Watts><ext:Torque>20</ext:Torque></ext:TPX></Extensions></Trackpoint><Trackpoint><Time>2025-09-10T14:18:51.499Z</Time><DistanceMeters>6996.860091417722</DistanceMeters><HeartRateBpm><Value>157</Value></HeartRateBpm><Cadence>30</Cadence><Extensions><ext:TPX><ext:Watts>82.71428571428571</ext:Watts><ext:Torque>20</ext:Torque></ext:TPX></Extensions></Trackpoint><Trackpoint><Time>2025-09-10T14:18:52.550Z</Time><DistanceMeters>7002.194187786746</DistanceMeters><HeartRateBpm><Value>158</Value></HeartRateBpm><Cadence>28</Cadence><Extensions><ext:TPX><ext:Watts>74.56666666666666</ext:Watts><ext:Torque>20</ext:Torque></ext:TPX></Extensions></Trackpoint><Trackpoint><Time>2025-09-10T14:18:53.530Z</Time><DistanceMeters>7007.75177252917</DistanceMeters><HeartRateBpm><Value>159</Value></HeartRateBpm><Cadence>30</Cadence><Extensions><ext:TPX><ext:Watts>83.14285714285714</ext:Watts><ext:Torque>20</ext:Torque></ext:TPX></Extensions></Trackpoint><Trackpoint><Time>2025-09-10T14:18:54.580Z</Time><DistanceMeters>7013.135943115336</DistanceMeters><HeartRateBpm><Value>159</Value></HeartRateBpm><Cadence>28</Cadence><Extensions><ext:TPX><ext:Watts>75.26666666666667</ext:Watts><ext:Torque>20</ext:Torque></ext:TPX></Extensions></Trackpoint><Trackpoint><Time>2025-09-10T14:18:55.664Z</Time><DistanceMeters>7018.009777642914</DistanceMeters><HeartRateBpm><Value>160</Value></HeartRateBpm><Cadence>28</Cadence><Extensions><ext:TPX><ext:Watts>65.74193548387096</ext:Watts><ext:Torque>20</ext:Torque></ext:TPX></Extensions></Trackpoint><Trackpoint><Time>2025-09-10T14:18:56.854Z</Time><DistanceMeters>7023.142595295969</DistanceMeters><HeartRateBpm><Value>160</Value></HeartRateBpm><Cadence>25</Cadence><Extensions><ext:TPX><ext:Watts>62.94117647058823</ext:Watts><ext:Torque>20</ext:Torque></ext:TPX></Extensions></Trackpoint><Trackpoint><Time>2025-09-10T14:18:58.045Z</Time><DistanceMeters>7028.476888034471</DistanceMeters><HeartRateBpm><Value>161</Value></HeartRateBpm><Cadence>25</Cadence><Extensions><ext:TPX><ext:Watts>65.41176470588235</ext:Watts><ext:Torque>20</ext:Torque></ext:TPX></Extensions></Trackpoint><Trackpoint><Time>2025-09-10T14:18:59.241Z</Time><DistanceMeters>7033.580923532462</DistanceMeters><HeartRateBpm><Value>161</Value></HeartRateBpm><Cadence>25</Cadence><Extensions><ext:TPX><ext:Watts>62.588235294117645</ext:Watts><ext:Torque>20</ext:Torque></ext:TPX></Extensions></Trackpoint><Trackpoint><Time>2025-09-10T14:19:00.464Z</Time><DistanceMeters>7038.578501419012</DistanceMeters><HeartRateBpm><Value>161</Value></HeartRateBpm><Cadence>24</Cadence><Extensions><ext:TPX><ext:Watts>60.05714285714286</ext:Watts><ext:Torque>20</ext:Torque></ext:TPX></Extensions></Trackpoint><Trackpoint><Time>2025-09-10T14:19:01.655Z</Time><DistanceMeters>7043.493054396166</DistanceMeters><HeartRateBpm><Value>162</Value></HeartRateBpm><Cadence>25</Cadence><Extensions><ext:TPX><ext:Watts>60.26470588235294</ext:Watts><ext:Torque>20</ext:Torque></ext:TPX></Extensions></Trackpoint><Trackpoint><Time>2025-09-10T14:19:02.880Z</Time><DistanceMeters>7048.540560510888</DistanceMeters><HeartRateBpm><Value>162</Value></HeartRateBpm><Cadence>24</Cadence><Extensions><ext:TPX><ext:Watts>60.65714285714286</ext:Watts><ext:Torque>20</ext:Torque></ext:TPX></Extensions></Trackpoint><Trackpoint><Time>2025-09-10T14:19:04.105Z</Time><DistanceMeters>7053.428771802394</DistanceMeters><HeartRateBpm><Value>162</Value></HeartRateBpm><Cadence>24</Cadence><Extensions><ext:TPX><ext:Watts>58.74285714285714</ext:Watts><ext:Torque>20</ext:Torque></ext:TPX></Extensions></Trackpoint><Trackpoint><Time>2025-09-10T14:19:05.365Z</Time><DistanceMeters>7058.376953929475</DistanceMeters><HeartRateBpm><Value>162</Value></HeartRateBpm><Cadence>24</Cadence><Extensions><ext:TPX><ext:Watts>58.25</ext:Watts><ext:Torque>20</ext:Torque></ext:TPX></Extensions></Trackpoint><Trackpoint><Time>2025-09-10T14:19:06.590Z</Time><DistanceMeters>7063.162931229963</DistanceMeters><HeartRateBpm><Value>163</Value></HeartRateBpm><Cadence>24</Cadence><Extensions><ext:TPX><ext:Watts>57.51428571428571</ext:Watts><ext:Torque>20</ext:Torque></ext:TPX></Extensions></Trackpoint><Trackpoint><Time>2025-09-10T14:19:07.820Z</Time><DistanceMeters>7067.80150138061</DistanceMeters><HeartRateBpm><Value>163</Value></HeartRateBpm><Cadence>24</Cadence><Extensions><ext:TPX><ext:Watts>55.74285714285714</ext:Watts><ext:Torque>20</ext:Torque></ext:TPX></Extensions></Trackpoint><Trackpoint><Time>2025-09-10T14:19:09.080Z</Time><DistanceMeters>7072.726087026398</DistanceMeters><HeartRateBpm><Value>163</Value></HeartRateBpm><Cadence>24</Cadence><Extensions><ext:TPX><ext:Watts>57.97222222222222</ext:Watts><ext:Torque>20</ext:Torque></ext:TPX></Extensions></Trackpoint><Trackpoint><Time>2025-09-10T14:19:10.305Z</Time><DistanceMeters>7077.35276950367</DistanceMeters><HeartRateBpm><Value>163</Value></HeartRateBpm><Cadence>24</Cadence><Extensions><ext:TPX><ext:Watts>55.6</ext:Watts><ext:Torque>20</ext:Torque></ext:TPX></Extensions></Trackpoint><Trackpoint><Time>2025-09-10T14:19:11.565Z</Time><DistanceMeters>7081.9823991333</DistanceMeters><HeartRateBpm><Value>163</Value></HeartRateBpm><Cadence>24</Cadence><Extensions><ext:TPX><ext:Watts>54.5</ext:Watts><ext:Torque>20</ext:Torque></ext:TPX></Extensions></Trackpoint><Trackpoint><Time>2025-09-10T14:19:12.825Z</Time><DistanceMeters>7086.883388297795</DistanceMeters><HeartRateBpm><Value>163</Value></HeartRateBpm><Cadence>24</Cadence><Extensions><ext:TPX><ext:Watts>57.69444444444444</ext:Watts><ext:Torque>20</ext:Torque></ext:TPX></Extensions></Trackpoint><Trackpoint><Time>2025-09-10T14:19:14.120Z</Time><DistanceMeters>7091.705921241589</DistanceMeters><HeartRateBpm><Value>163</Value></HeartRateBpm><Cadence>23</Cadence><Extensions><ext:TPX><ext:Watts>54.4054054054054</ext:Watts><ext:Torque>20</ext:Torque></ext:TPX></Extensions></Trackpoint><Trackpoint><Time>2025-09-10T14:19:15.380Z</Time><DistanceMeters>7096.512524480914</DistanceMeters><HeartRateBpm><Value>163</Value></HeartRateBpm><Cadence>24</Cadence><Extensions><ext:TPX><ext:Watts>56.583333333333336</ext:Watts><ext:Torque>20</ext:Torque></ext:TPX></Extensions></Trackpoint><Trackpoint><Time>2025-09-10T14:19:16.675Z</Time><DistanceMeters>7101.423698119651</DistanceMeters><HeartRateBpm><Value>163</Value></HeartRateBpm><Cadence>23</Cadence><Extensions><ext:TPX><ext:Watts>55.4054054054054</ext:Watts><ext:Torque>20</ext:Torque></ext:TPX></Extensions></Trackpoint><Trackpoint><Time>2025-09-10T14:19:17.970Z</Time><DistanceMeters>7106.406742592125</DistanceMeters><HeartRateBpm><Value>163</Value></HeartRateBpm><Cadence>23</Cadence><Extensions><ext:TPX><ext:Watts>56.21621621621622</ext:Watts><ext:Torque>20</ext:Torque></ext:TPX></Extensions></Trackpoint><Trackpoint><Time>2025-09-10T14:19:19.265Z</Time><DistanceMeters>7111.303542064114</DistanceMeters><HeartRateBpm><Value>163</Value></HeartRateBpm><Cadence>23</Cadence><Extensions><ext:TPX><ext:Watts>55.24324324324324</ext:Watts><ext:Torque>20</ext:Torque></ext:TPX></Extensions></Trackpoint><Trackpoint><Time>2025-09-10T14:19:20.525Z</Time><DistanceMeters>7116.242285598678</DistanceMeters><HeartRateBpm><Value>163</Value></HeartRateBpm><Cadence>24</Cadence><Extensions><ext:TPX><ext:Watts>58.138888888888886</ext:Watts><ext:Torque>20</ext:Torque></ext:TPX></Extensions></Trackpoint><Trackpoint><Time>2025-09-10T14:19:21.820Z</Time><DistanceMeters>7121.2301214600675</DistanceMeters><HeartRateBpm><Value>162</Value></HeartRateBpm><Cadence>23</Cadence><Extensions><ext:TPX><ext:Watts>56.270270270270274</ext:Watts><ext:Torque>20</ext:Torque></ext:TPX></Extensions></Trackpoint><Trackpoint><Time>2025-09-10T14:19:23.115Z</Time><DistanceMeters>7126.129316626514</DistanceMeters><HeartRateBpm><Value>162</Value></HeartRateBpm><Cadence>23</Cadence><Extensions><ext:TPX><ext:Watts>55.270270270270274</ext:Watts><ext:Torque>20</ext:Torque></ext:TPX></Extensions></Trackpoint><Trackpoint><Time>2025-09-10T14:19:24.445Z</Time><DistanceMeters>7131.062819258391</DistanceMeters><HeartRateBpm><Value>162</Value></HeartRateBpm><Cadence>22</Cadence><Extensions><ext:TPX><ext:Watts>54.44736842105263</ext:Watts><ext:Torque>20</ext:Torque></ext:TPX></Extensions></Trackpoint><Trackpoint><Time>2025-09-10T14:19:25.745Z</Time><DistanceMeters>7136.009928313996</DistanceMeters><HeartRateBpm><Value>162</Value></HeartRateBpm><Cadence>23</Cadence><Extensions><ext:TPX><ext:Watts>55.810810810810814</ext:Watts><ext:Torque>20</ext:Torque></ext:TPX></Extensions></Trackpoint><Trackpoint><Time>2025-09-10T14:19:27.080Z</Time><DistanceMeters>7140.838513538525</DistanceMeters><HeartRateBpm><Value>161</Value></HeartRateBpm><Cadence>22</Cadence><Extensions><ext:TPX><ext:Watts>53.28947368421053</ext:Watts><ext:Torque>20</ext:Torque></ext:TPX></Extensions></Trackpoint><Trackpoint><Time>2025-09-10T14:19:28.375Z</Time><DistanceMeters>7145.958112595101</DistanceMeters><HeartRateBpm><Value>161</Value></HeartRateBpm><Cadence>23</Cadence><Extensions><ext:TPX><ext:Watts>57.75675675675676</ext:Watts><ext:Torque>20</ext:Torque></ext:TPX></Extensions></Trackpoint><Trackpoint><Time>2025-09-10T14:19:29.705Z</Time><DistanceMeters>7151.077605176367</DistanceMeters><HeartRateBpm><Value>161</Value></HeartRateBpm><Cadence>22</Cadence><Extensions><ext:TPX><ext:Watts>56.5</ext:Watts><ext:Torque>20</ext:Torque></ext:TPX></Extensions></Trackpoint><Trackpoint><Time>2025-09-10T14:19:31.070Z</Time><DistanceMeters>7156.046133080675</DistanceMeters><HeartRateBpm><Value>160</Value></HeartRateBpm><Cadence>22</Cadence><Extensions><ext:TPX><ext:Watts>53.61538461538461</ext:Watts><ext:Torque>20</ext:Torque></ext:TPX></Extensions></Trackpoint><Trackpoint><Time>2025-09-10T14:19:32.365Z</Time><DistanceMeters>7161.09625699797</DistanceMeters><HeartRateBpm><Value>160</Value></HeartRateBpm><Cadence>23</Cadence><Extensions><ext:TPX><ext:Watts>56.972972972972975</ext:Watts><ext:Torque>20</ext:Torque></ext:TPX></Extensions></Trackpoint><Trackpoint><Time>2025-09-10T14:19:33.695Z</Time><DistanceMeters>7166.163290875563</DistanceMeters><HeartRateBpm><Value>160</Value></HeartRateBpm><Cadence>22</Cadence><Extensions><ext:TPX><ext:Watts>55.921052631578945</ext:Watts><ext:Torque>20</ext:Torque></ext:TPX></Extensions></Trackpoint><Trackpoint><Time>2025-09-10T14:19:35.025Z</Time><DistanceMeters>7171.366240485401</DistanceMeters><HeartRateBpm><Value>160</Value></HeartRateBpm><Cadence>22</Cadence><Extensions><ext:TPX><ext:Watts>57.421052631578945</ext:Watts><ext:Torque>20</ext:Torque></ext:TPX></Extensions></Trackpoint><Trackpoint><Time>2025-09-10T14:19:36.320Z</Time><DistanceMeters>7176.552918986798</DistanceMeters><HeartRateBpm><Value>160</Value></HeartRateBpm><Cadence>23</Cadence><Extensions><ext:TPX><ext:Watts>58.513513513513516</ext:Watts><ext:Torque>20</ext:Torque></ext:TPX></Extensions></Trackpoint><Trackpoint><Time>2025-09-10T14:19:37.650Z</Time><DistanceMeters>7181.686718487248</DistanceMeters><HeartRateBpm><Value>159</Value></HeartRateBpm><Cadence>22</Cadence><Extensions><ext:TPX><ext:Watts>56.6578947368421</ext:Watts><ext:Torque>20</ext:Torque></ext:TPX></Extensions></Trackpoint><Trackpoint><Time>2025-09-10T14:19:38.945Z</Time><DistanceMeters>7186.767986432497</DistanceMeters><HeartRateBpm><Value>159</Value></HeartRateBpm><Cadence>23</Cadence><Extensions><ext:TPX><ext:Watts>57.32432432432432</ext:Watts><ext:Torque>20</ext:Torque></ext:TPX></Extensions></Trackpoint><Trackpoint><Time>2025-09-10T14:19:40.210Z</Time><DistanceMeters>7192.0214668632825</DistanceMeters><HeartRateBpm><Value>159</Value></HeartRateBpm><Cadence>24</Cadence><Extensions><ext:TPX><ext:Watts>60.55555555555556</ext:Watts><ext:Torque>20</ext:Torque></ext:TPX></Extensions></Trackpoint><Trackpoint><Time>2025-09-10T14:19:41.475Z</Time><DistanceMeters>7197.303865534971</DistanceMeters><HeartRateBpm><Value>159</Value></HeartRateBpm><Cadence>24</Cadence><Extensions><ext:TPX><ext:Watts>60.888888888888886</ext:Watts><ext:Torque>20</ext:Torque></ext:TPX></Extensions></Trackpoint><Trackpoint><Time>2025-09-10T14:19:42.776Z</Time><DistanceMeters>7202.7971929269825</DistanceMeters><HeartRateBpm><Value>158</Value></HeartRateBpm><Cadence>23</Cadence><Extensions><ext:TPX><ext:Watts>61.972972972972975</ext:Watts><ext:Torque>20</ext:Torque></ext:TPX></Extensions></Trackpoint><Trackpoint><Time>2025-09-10T14:19:44.040Z</Time><DistanceMeters>7208.019345263456</DistanceMeters><HeartRateBpm><Value>158</Value></HeartRateBpm><Cadence>24</Cadence><Extensions><ext:TPX><ext:Watts>60.19444444444444</ext:Watts><ext:Torque>20</ext:Torque></ext:TPX></Extensions></Trackpoint><Trackpoint><Time>2025-09-10T14:19:45.301Z</Time><DistanceMeters>7213.366307924383</DistanceMeters><HeartRateBpm><Value>158</Value></HeartRateBpm><Cadence>24</Cadence><Extensions><ext:TPX><ext:Watts>62.94444444444444</ext:Watts><ext:Torque>20</ext:Torque></ext:TPX></Extensions></Trackpoint><Trackpoint><Time>2025-09-10T14:19:46.561Z</Time><DistanceMeters>7218.635402197046</DistanceMeters><HeartRateBpm><Value>158</Value></HeartRateBpm><Cadence>24</Cadence><Extensions><ext:TPX><ext:Watts>62.02777777777778</ext:Watts><ext:Torque>20</ext:Torque></ext:TPX></Extensions></Trackpoint><Trackpoint><Time>2025-09-10T14:19:47.821Z</Time><DistanceMeters>7223.899777173449</DistanceMeters><HeartRateBpm><Value>157</Value></HeartRateBpm><Cadence>24</Cadence><Extensions><ext:TPX><ext:Watts>61.97222222222222</ext:Watts><ext:Torque>20</ext:Torque></ext:TPX></Extensions></Trackpoint><Trackpoint><Time>2025-09-10T14:19:49.081Z</Time><DistanceMeters>7228.951783818218</DistanceMeters><HeartRateBpm><Value>157</Value></HeartRateBpm><Cadence>24</Cadence><Extensions><ext:TPX><ext:Watts>59.47222222222222</ext:Watts><ext:Torque>20</ext:Torque></ext:TPX></Extensions></Trackpoint><Trackpoint><Time>2025-09-10T14:19:50.375Z</Time><DistanceMeters>7234.042634541299</DistanceMeters><HeartRateBpm><Value>157</Value></HeartRateBpm><Cadence>23</Cadence><Extensions><ext:TPX><ext:Watts>57.432432432432435</ext:Watts><ext:Torque>20</ext:Torque></ext:TPX></Extensions></Trackpoint><Trackpoint><Time>2025-09-10T14:19:51.671Z</Time><DistanceMeters>7239.155046514501</DistanceMeters><HeartRateBpm><Value>157</Value></HeartRateBpm><Cadence>23</Cadence><Extensions><ext:TPX><ext:Watts>57.67567567567568</ext:Watts><ext:Torque>20</ext:Torque></ext:TPX></Extensions></Trackpoint><Trackpoint><Time>2025-09-10T14:19:52.966Z</Time><DistanceMeters>7244.516610711326</DistanceMeters><HeartRateBpm><Value>157</Value></HeartRateBpm><Cadence>23</Cadence><Extensions><ext:TPX><ext:Watts>60.486486486486484</ext:Watts><ext:Torque>20</ext:Torque></ext:TPX></Extensions></Trackpoint><Trackpoint><Time>2025-09-10T14:19:54.261Z</Time><DistanceMeters>7249.693706434892</DistanceMeters><HeartRateBpm><Value>157</Value></HeartRateBpm><Cadence>23</Cadence><Extensions><ext:TPX><ext:Watts>58.4054054054054</ext:Watts><ext:Torque>20</ext:Torque></ext:TPX></Extensions></Trackpoint><Trackpoint><Time>2025-09-10T14:19:55.555Z</Time><DistanceMeters>7254.779765769057</DistanceMeters><HeartRateBpm><Value>157</Value></HeartRateBpm><Cadence>23</Cadence><Extensions><ext:TPX><ext:Watts>57.37837837837838</ext:Watts><ext:Torque>20</ext:Torque></ext:TPX></Extensions></Trackpoint><Trackpoint><Time>2025-09-10T14:19:56.816Z</Time><DistanceMeters>7259.640640915355</DistanceMeters><HeartRateBpm><Value>157</Value></HeartRateBpm><Cadence>24</Cadence><Extensions><ext:TPX><ext:Watts>57.22222222222222</ext:Watts><ext:Torque>20</ext:Torque></ext:TPX></Extensions></Trackpoint><Trackpoint><Time>2025-09-10T14:19:58.146Z</Time><DistanceMeters>7264.884126796214</DistanceMeters><HeartRateBpm><Value>157</Value></HeartRateBpm><Cadence>22</Cadence><Extensions><ext:TPX><ext:Watts>57.86842105263158</ext:Watts><ext:Torque>20</ext:Torque></ext:TPX></Extensions></Trackpoint><Trackpoint><Time>2025-09-10T14:19:59.405Z</Time><DistanceMeters>7270.129624587584</DistanceMeters><HeartRateBpm><Value>157</Value></HeartRateBpm><Cadence>24</Cadence><Extensions><ext:TPX><ext:Watts>61.75</ext:Watts><ext:Torque>20</ext:Torque></ext:TPX></Extensions></Trackpoint><Trackpoint><Time>2025-09-10T14:20:00.701Z</Time><DistanceMeters>7275.337864339102</DistanceMeters><HeartRateBpm><Value>156</Value></HeartRateBpm><Cadence>23</Cadence><Extensions><ext:TPX><ext:Watts>58.75675675675676</ext:Watts><ext:Torque>20</ext:Torque></ext:TPX></Extensions></Trackpoint><Trackpoint><Time>2025-09-10T14:20:01.961Z</Time><DistanceMeters>7280.616397204281</DistanceMeters><HeartRateBpm><Value>156</Value></HeartRateBpm><Cadence>24</Cadence><Extensions><ext:TPX><ext:Watts>62.138888888888886</ext:Watts><ext:Torque>20</ext:Torque></ext:TPX></Extensions></Trackpoint><Trackpoint><Time>2025-09-10T14:20:03.261Z</Time><DistanceMeters>7286.073789179423</DistanceMeters><HeartRateBpm><Value>156</Value></HeartRateBpm><Cadence>23</Cadence><Extensions><ext:TPX><ext:Watts>61.567567567567565</ext:Watts><ext:Torque>20</ext:Torque></ext:TPX></Extensions></Trackpoint><Trackpoint><Time>2025-09-10T14:20:04.556Z</Time><DistanceMeters>7291.2604676808205</DistanceMeters><HeartRateBpm><Value>156</Value></HeartRateBpm><Cadence>23</Cadence><Extensions><ext:TPX><ext:Watts>58.513513513513516</ext:Watts><ext:Torque>20</ext:Torque></ext:TPX></Extensions></Trackpoint><Trackpoint><Time>2025-09-10T14:20:05.851Z</Time><DistanceMeters>7296.5094342381235</DistanceMeters><HeartRateBpm><Value>156</Value></HeartRateBpm><Cadence>23</Cadence><Extensions><ext:TPX><ext:Watts>59.21621621621622</ext:Watts><ext:Torque>20</ext:Torque></ext:TPX></Extensions></Trackpoint><Trackpoint><Time>2025-09-10T14:20:07.146Z</Time><DistanceMeters>7301.89255968507</DistanceMeters><HeartRateBpm><Value>155</Value></HeartRateBpm><Cadence>23</Cadence><Extensions><ext:TPX><ext:Watts>60.729729729729726</ext:Watts><ext:Torque>20</ext:Torque></ext:TPX></Extensions></Trackpoint><Trackpoint><Time>2025-09-10T14:20:08.441Z</Time><DistanceMeters>7306.969036241403</DistanceMeters><HeartRateBpm><Value>155</Value></HeartRateBpm><Cadence>23</Cadence><Extensions><ext:TPX><ext:Watts>57.270270270270274</ext:Watts><ext:Torque>20</ext:Torque></ext:TPX></Extensions></Trackpoint><Trackpoint><Time>2025-09-10T14:20:09.736Z</Time><DistanceMeters>7312.004785991951</DistanceMeters><HeartRateBpm><Value>155</Value></HeartRateBpm><Cadence>23</Cadence><Extensions><ext:TPX><ext:Watts>56.810810810810814</ext:Watts><ext:Torque>20</ext:Torque></ext:TPX></Extensions></Trackpoint><Trackpoint><Time>2025-09-10T14:20:11.101Z</Time><DistanceMeters>7317.310727077709</DistanceMeters><HeartRateBpm><Value>155</Value></HeartRateBpm><Cadence>22</Cadence><Extensions><ext:TPX><ext:Watts>57.256410256410255</ext:Watts><ext:Torque>20</ext:Torque></ext:TPX></Extensions></Trackpoint><Trackpoint><Time>2025-09-10T14:20:12.431Z</Time><DistanceMeters>7322.468371443466</DistanceMeters><HeartRateBpm><Value>155</Value></HeartRateBpm><Cadence>22</Cadence><Extensions><ext:TPX><ext:Watts>56.921052631578945</ext:Watts><ext:Torque>20</ext:Torque></ext:TPX></Extensions></Trackpoint><Trackpoint><Time>2025-09-10T14:20:13.726Z</Time><DistanceMeters>7327.86587105716</DistanceMeters><HeartRateBpm><Value>155</Value></HeartRateBpm><Cadence>23</Cadence><Extensions><ext:TPX><ext:Watts>60.891891891891895</ext:Watts><ext:Torque>20</ext:Torque></ext:TPX></Extensions></Trackpoint><Trackpoint><Time>2025-09-10T14:20:15.056Z</Time><DistanceMeters>7333.135586289856</DistanceMeters><HeartRateBpm><Value>154</Value></HeartRateBpm><Cadence>22</Cadence><Extensions><ext:TPX><ext:Watts>58.1578947368421</ext:Watts><ext:Torque>20</ext:Torque></ext:TPX></Extensions></Trackpoint><Trackpoint><Time>2025-09-10T14:20:16.351Z</Time><DistanceMeters>7338.509128958971</DistanceMeters><HeartRateBpm><Value>154</Value></HeartRateBpm><Cadence>23</Cadence><Extensions><ext:TPX><ext:Watts>60.62162162162162</ext:Watts><ext:Torque>20</ext:Torque></ext:TPX></Extensions></Trackpoint><Trackpoint><Time>2025-09-10T14:20:17.686Z</Time><DistanceMeters>7343.812227003096</DistanceMeters><HeartRateBpm><Value>154</Value></HeartRateBpm><Cadence>22</Cadence><Extensions><ext:TPX><ext:Watts>58.526315789473685</ext:Watts><ext:Torque>20</ext:Torque></ext:TPX></Extensions></Trackpoint><Trackpoint><Time>2025-09-10T14:20:19.051Z</Time><DistanceMeters>7349.153810326331</DistanceMeters><HeartRateBpm><Value>154</Value></HeartRateBpm><Cadence>22</Cadence><Extensions><ext:TPX><ext:Watts>57.64102564102564</ext:Watts><ext:Torque>20</ext:Torque></ext:TPX></Extensions></Trackpoint><Trackpoint><Time>2025-09-10T14:20:20.346Z</Time><DistanceMeters>7354.510583134241</DistanceMeters><HeartRateBpm><Value>154</Value></HeartRateBpm><Cadence>23</Cadence><Extensions><ext:TPX><ext:Watts>60.432432432432435</ext:Watts><ext:Torque>20</ext:Torque></ext:TPX></Extensions></Trackpoint><Trackpoint><Time>2025-09-10T14:20:21.676Z</Time><DistanceMeters>7359.699225824896</DistanceMeters><HeartRateBpm><Value>153</Value></HeartRateBpm><Cadence>22</Cadence><Extensions><ext:TPX><ext:Watts>57.26315789473684</ext:Watts><ext:Torque>20</ext:Torque></ext:TPX></Extensions></Trackpoint><Trackpoint><Time>2025-09-10T14:20:22.971Z</Time><DistanceMeters>7365.055998632805</DistanceMeters><HeartRateBpm><Value>153</Value></HeartRateBpm><Cadence>23</Cadence><Extensions><ext:TPX><ext:Watts>60.432432432432435</ext:Watts><ext:Torque>20</ext:Torque></ext:TPX></Extensions></Trackpoint><Trackpoint><Time>2025-09-10T14:20:24.301Z</Time><DistanceMeters>7370.28279310795</DistanceMeters><HeartRateBpm><Value>153</Value></HeartRateBpm><Cadence>22</Cadence><Extensions><ext:TPX><ext:Watts>57.68421052631579</ext:Watts><ext:Torque>20</ext:Torque></ext:TPX></Extensions></Trackpoint><Trackpoint><Time>2025-09-10T14:20:25.601Z</Time><DistanceMeters>7375.632378832486</DistanceMeters><HeartRateBpm><Value>153</Value></HeartRateBpm><Cadence>23</Cadence><Extensions><ext:TPX><ext:Watts>60.351351351351354</ext:Watts><ext:Torque>20</ext:Torque></ext:TPX></Extensions></Trackpoint><Trackpoint><Time>2025-09-10T14:20:26.931Z</Time><DistanceMeters>7380.792407684773</DistanceMeters><HeartRateBpm><Value>153</Value></HeartRateBpm><Cadence>22</Cadence><Extensions><ext:TPX><ext:Watts>56.94736842105263</ext:Watts><ext:Torque>20</ext:Torque></ext:TPX></Extensions></Trackpoint><Trackpoint><Time>2025-09-10T14:20:28.261Z</Time><DistanceMeters>7385.978665888897</DistanceMeters><HeartRateBpm><Value>152</Value></HeartRateBpm><Cadence>22</Cadence><Extensions><ext:TPX><ext:Watts>57.23684210526316</ext:Watts><ext:Torque>20</ext:Torque></ext:TPX></Extensions></Trackpoint><Trackpoint><Time>2025-09-10T14:20:29.556Z</Time><DistanceMeters>7391.273150640901</DistanceMeters><HeartRateBpm><Value>152</Value></HeartRateBpm><Cadence>23</Cadence><Extensions><ext:TPX><ext:Watts>59.729729729729726</ext:Watts><ext:Torque>20</ext:Torque></ext:TPX></Extensions></Trackpoint><Trackpoint><Time>2025-09-10T14:20:30.891Z</Time><DistanceMeters>7396.542865873597</DistanceMeters><HeartRateBpm><Value>152</Value></HeartRateBpm><Cadence>22</Cadence><Extensions><ext:TPX><ext:Watts>58.1578947368421</ext:Watts><ext:Torque>20</ext:Torque></ext:TPX></Extensions></Trackpoint><Trackpoint><Time>2025-09-10T14:20:32.191Z</Time><DistanceMeters>7401.863703264638</DistanceMeters><HeartRateBpm><Value>152</Value></HeartRateBpm><Cadence>23</Cadence><Extensions><ext:TPX><ext:Watts>60.027027027027025</ext:Watts><ext:Torque>20</ext:Torque></ext:TPX></Extensions></Trackpoint><Trackpoint><Time>2025-09-10T14:20:33.522Z</Time><DistanceMeters>7407.061883901416</DistanceMeters><HeartRateBpm><Value>152</Value></HeartRateBpm><Cadence>22</Cadence><Extensions><ext:TPX><ext:Watts>57.36842105263158</ext:Watts><ext:Torque>20</ext:Torque></ext:TPX></Extensions></Trackpoint><Trackpoint><Time>2025-09-10T14:20:34.816Z</Time><DistanceMeters>7412.284497819682</DistanceMeters><HeartRateBpm><Value>152</Value></HeartRateBpm><Cadence>23</Cadence><Extensions><ext:TPX><ext:Watts>58.91891891891892</ext:Watts><ext:Torque>20</ext:Torque></ext:TPX></Extensions></Trackpoint><Trackpoint><Time>2025-09-10T14:20:36.146Z</Time><DistanceMeters>7417.67582186544</DistanceMeters><HeartRateBpm><Value>152</Value></HeartRateBpm><Cadence>22</Cadence><Extensions><ext:TPX><ext:Watts>59.5</ext:Watts><ext:Torque>20</ext:Torque></ext:TPX></Extensions></Trackpoint><Trackpoint><Time>2025-09-10T14:20:37.441Z</Time><DistanceMeters>7422.857708977922</DistanceMeters><HeartRateBpm><Value>152</Value></HeartRateBpm><Cadence>23</Cadence><Extensions><ext:TPX><ext:Watts>58.45945945945946</ext:Watts><ext:Torque>20</ext:Torque></ext:TPX></Extensions></Trackpoint><Trackpoint><Time>2025-09-10T14:20:38.742Z</Time><DistanceMeters>7428.001264979077</DistanceMeters><HeartRateBpm><Value>152</Value></HeartRateBpm><Cadence>23</Cadence><Extensions><ext:TPX><ext:Watts>58.027027027027025</ext:Watts><ext:Torque>20</ext:Torque></ext:TPX></Extensions></Trackpoint><Trackpoint><Time>2025-09-10T14:20:40.071Z</Time><DistanceMeters>7433.10883512769</DistanceMeters><HeartRateBpm><Value>152</Value></HeartRateBpm><Cadence>22</Cadence><Extensions><ext:TPX><ext:Watts>56.36842105263158</ext:Watts><ext:Torque>20</ext:Torque></ext:TPX></Extensions></Trackpoint><Trackpoint><Time>2025-09-10T14:20:41.331Z</Time><DistanceMeters>7438.521867936238</DistanceMeters><HeartRateBpm><Value>152</Value></HeartRateBpm><Cadence>24</Cadence><Extensions><ext:TPX><ext:Watts>63.72222222222222</ext:Watts><ext:Torque>20</ext:Torque></ext:TPX></Extensions></Trackpoint><Trackpoint><Time>2025-09-10T14:20:42.556Z</Time><DistanceMeters>7443.799994914421</DistanceMeters><HeartRateBpm><Value>152</Value></HeartRateBpm><Cadence>24</Cadence><Extensions><ext:TPX><ext:Watts>63.42857142857143</ext:Watts><ext:Torque>20</ext:Torque></ext:TPX></Extensions></Trackpoint><Trackpoint><Time>2025-09-10T14:20:43.852Z</Time><DistanceMeters>7449.30769647318</DistanceMeters><HeartRateBpm><Value>151</Value></HeartRateBpm><Cadence>23</Cadence><Extensions><ext:TPX><ext:Watts>62.13513513513514</ext:Watts><ext:Torque>20</ext:Torque></ext:TPX></Extensions></Trackpoint><Trackpoint><Time>2025-09-10T14:20:45.111Z</Time><DistanceMeters>7454.465887283766</DistanceMeters><HeartRateBpm><Value>151</Value></HeartRateBpm><Cadence>24</Cadence><Extensions><ext:TPX><ext:Watts>60.72222222222222</ext:Watts><ext:Torque>20</ext:Torque></ext:TPX></Extensions></Trackpoint><Trackpoint><Time>2025-09-10T14:20:46.372Z</Time><DistanceMeters>7459.576885131767</DistanceMeters><HeartRateBpm><Value>151</Value></HeartRateBpm><Cadence>24</Cadence><Extensions><ext:TPX><ext:Watts>60.166666666666664</ext:Watts><ext:Torque>20</ext:Torque></ext:TPX></Extensions></Trackpoint><Trackpoint><Time>2025-09-10T14:20:47.602Z</Time><DistanceMeters>7464.807461416453</DistanceMeters><HeartRateBpm><Value>151</Value></HeartRateBpm><Cadence>24</Cadence><Extensions><ext:TPX><ext:Watts>62.857142857142854</ext:Watts><ext:Torque>20</ext:Torque></ext:TPX></Extensions></Trackpoint><Trackpoint><Time>2025-09-10T14:20:48.826Z</Time><DistanceMeters>7470.159291969557</DistanceMeters><HeartRateBpm><Value>151</Value></HeartRateBpm><Cadence>24</Cadence><Extensions><ext:TPX><ext:Watts>64.31428571428572</ext:Watts><ext:Torque>20</ext:Torque></ext:TPX></Extensions></Trackpoint><Trackpoint><Time>2025-09-10T14:20:50.052Z</Time><DistanceMeters>7475.116451766634</DistanceMeters><HeartRateBpm><Value>151</Value></HeartRateBpm><Cadence>24</Cadence><Extensions><ext:TPX><ext:Watts>59.57142857142857</ext:Watts><ext:Torque>20</ext:Torque></ext:TPX></Extensions></Trackpoint><Trackpoint><Time>2025-09-10T14:20:51.242Z</Time><DistanceMeters>7480.258863471377</DistanceMeters><HeartRateBpm><Value>151</Value></HeartRateBpm><Cadence>25</Cadence><Extensions><ext:TPX><ext:Watts>63.05882352941177</ext:Watts><ext:Torque>20</ext:Torque></ext:TPX></Extensions></Trackpoint><Trackpoint><Time>2025-09-10T14:20:52.476Z</Time><DistanceMeters>7485.551255657609</DistanceMeters><HeartRateBpm><Value>151</Value></HeartRateBpm><Cadence>24</Cadence><Extensions><ext:TPX><ext:Watts>63.6</ext:Watts><ext:Torque>20</ext:Torque></ext:TPX></Extensions></Trackpoint><Trackpoint><Time>2025-09-10T14:20:53.666Z</Time><DistanceMeters>7490.621711974692</DistanceMeters><HeartRateBpm><Value>151</Value></HeartRateBpm><Cadence>25</Cadence><Extensions><ext:TPX><ext:Watts>62.1764705882353</ext:Watts><ext:Torque>20</ext:Torque></ext:TPX></Extensions></Trackpoint><Trackpoint><Time>2025-09-10T14:20:54.927Z</Time><DistanceMeters>7495.945078154327</DistanceMeters><HeartRateBpm><Value>151</Value></HeartRateBpm><Cadence>24</Cadence><Extensions><ext:TPX><ext:Watts>62.666666666666664</ext:Watts><ext:Torque>20</ext:Torque></ext:TPX></Extensions></Trackpoint><Trackpoint><Time>2025-09-10T14:20:56.152Z</Time><DistanceMeters>7500.945033575552</DistanceMeters><HeartRateBpm><Value>151</Value></HeartRateBpm><Cadence>24</Cadence><Extensions><ext:TPX><ext:Watts>60.08571428571429</ext:Watts><ext:Torque>20</ext:Torque></ext:TPX></Extensions></Trackpoint><Trackpoint><Time>2025-09-10T14:20:57.376Z</Time><DistanceMeters>7506.092396146618</DistanceMeters><HeartRateBpm><Value>151</Value></HeartRateBpm><Cadence>24</Cadence><Extensions><ext:TPX><ext:Watts>61.857142857142854</ext:Watts><ext:Torque>20</ext:Torque></ext:TPX></Extensions></Trackpoint><Trackpoint><Time>2025-09-10T14:20:58.602Z</Time><DistanceMeters>7511.327727500654</DistanceMeters><HeartRateBpm><Value>152</Value></HeartRateBpm><Cadence>24</Cadence><Extensions><ext:TPX><ext:Watts>62.91428571428571</ext:Watts><ext:Torque>20</ext:Torque></ext:TPX></Extensions></Trackpoint><Trackpoint><Time>2025-09-10T14:20:59.827Z</Time><DistanceMeters>7516.510753091843</DistanceMeters><HeartRateBpm><Value>152</Value></HeartRateBpm><Cadence>24</Cadence><Extensions><ext:TPX><ext:Watts>62.285714285714285</ext:Watts><ext:Torque>20</ext:Torque></ext:TPX></Extensions></Trackpoint><Trackpoint><Time>2025-09-10T14:21:01.057Z</Time><DistanceMeters>7521.791257604701</DistanceMeters><HeartRateBpm><Value>152</Value></HeartRateBpm><Cadence>24</Cadence><Extensions><ext:TPX><ext:Watts>63.457142857142856</ext:Watts><ext:Torque>20</ext:Torque></ext:TPX></Extensions></Trackpoint><Trackpoint><Time>2025-09-10T14:21:02.282Z</Time><DistanceMeters>7527.178751177928</DistanceMeters><HeartRateBpm><Value>152</Value></HeartRateBpm><Cadence>24</Cadence><Extensions><ext:TPX><ext:Watts>64.74285714285715</ext:Watts><ext:Torque>20</ext:Torque></ext:TPX></Extensions></Trackpoint><Trackpoint><Time>2025-09-10T14:21:03.507Z</Time><DistanceMeters>7532.421215135988</DistanceMeters><HeartRateBpm><Value>152</Value></HeartRateBpm><Cadence>24</Cadence><Extensions><ext:TPX><ext:Watts>63.0</ext:Watts><ext:Torque>20</ext:Torque></ext:TPX></Extensions></Trackpoint><Trackpoint><Time>2025-09-10T14:21:04.697Z</Time><DistanceMeters>7537.582814944107</DistanceMeters><HeartRateBpm><Value>152</Value></HeartRateBpm><Cadence>25</Cadence><Extensions><ext:TPX><ext:Watts>63.294117647058826</ext:Watts><ext:Torque>20</ext:Torque></ext:TPX></Extensions></Trackpoint><Trackpoint><Time>2025-09-10T14:21:05.887Z</Time><DistanceMeters>7542.871535937091</DistanceMeters><HeartRateBpm><Value>152</Value></HeartRateBpm><Cadence>25</Cadence><Extensions><ext:TPX><ext:Watts>64.8529411764706</ext:Watts><ext:Torque>20</ext:Torque></ext:TPX></Extensions></Trackpoint><Trackpoint><Time>2025-09-10T14:21:07.077Z</Time><DistanceMeters>7548.421694838572</DistanceMeters><HeartRateBpm><Value>152</Value></HeartRateBpm><Cadence>25</Cadence><Extensions><ext:TPX><ext:Watts>68.05882352941177</ext:Watts><ext:Torque>20</ext:Torque></ext:TPX></Extensions></Trackpoint><Trackpoint><Time>2025-09-10T14:21:08.232Z</Time><DistanceMeters>7553.870204874238</DistanceMeters><HeartRateBpm><Value>153</Value></HeartRateBpm><Cadence>26</Cadence><Extensions><ext:TPX><ext:Watts>69.48484848484848</ext:Watts><ext:Torque>20</ext:Torque></ext:TPX></Extensions></Trackpoint><Trackpoint><Time>2025-09-10T14:21:09.422Z</Time><DistanceMeters>7559.307633668385</DistanceMeters><HeartRateBpm><Value>153</Value></HeartRateBpm><Cadence>25</Cadence><Extensions><ext:TPX><ext:Watts>66.67647058823529</ext:Watts><ext:Torque>20</ext:Torque></ext:TPX></Extensions></Trackpoint><Trackpoint><Time>2025-09-10T14:21:10.542Z</Time><DistanceMeters>7564.843368179655</DistanceMeters><HeartRateBpm><Value>153</Value></HeartRateBpm><Cadence>27</Cadence><Extensions><ext:TPX><ext:Watts>73.3125</ext:Watts><ext:Torque>20</ext:Torque></ext:TPX></Extensions></Trackpoint><Trackpoint><Time>2025-09-10T14:21:11.662Z</Time><DistanceMeters>7570.343707968986</DistanceMeters><HeartRateBpm><Value>153</Value></HeartRateBpm><Cadence>27</Cadence><Extensions><ext:TPX><ext:Watts>72.84375</ext:Watts><ext:Torque>20</ext:Torque></ext:TPX></Extensions></Trackpoint><Trackpoint><Time>2025-09-10T14:21:12.782Z</Time><DistanceMeters>7575.990345942331</DistanceMeters><HeartRateBpm><Value>153</Value></HeartRateBpm><Cadence>27</Cadence><Extensions><ext:TPX><ext:Watts>74.78125</ext:Watts><ext:Torque>20</ext:Torque></ext:TPX></Extensions></Trackpoint><Trackpoint><Time>2025-09-10T14:21:13.902Z</Time><DistanceMeters>7581.613387434384</DistanceMeters><HeartRateBpm><Value>153</Value></HeartRateBpm><Cadence>27</Cadence><Extensions><ext:TPX><ext:Watts>74.46875</ext:Watts><ext:Torque>20</ext:Torque></ext:TPX></Extensions></Trackpoint><Trackpoint><Time>2025-09-10T14:21:15.022Z</Time><DistanceMeters>7587.26002540773</DistanceMeters><HeartRateBpm><Value>154</Value></HeartRateBpm><Cadence>27</Cadence><Extensions><ext:TPX><ext:Watts>74.78125</ext:Watts><ext:Torque>20</ext:Torque></ext:TPX></Extensions></Trackpoint><Trackpoint><Time>2025-09-10T14:21:16.142Z</Time><DistanceMeters>7592.779242382095</DistanceMeters><HeartRateBpm><Value>153</Value></HeartRateBpm><Cadence>27</Cadence><Extensions><ext:TPX><ext:Watts>73.09375</ext:Watts><ext:Torque>20</ext:Torque></ext:TPX></Extensions></Trackpoint><Trackpoint><Time>2025-09-10T14:21:17.227Z</Time><DistanceMeters>7598.413567282475</DistanceMeters><HeartRateBpm><Value>152</Value></HeartRateBpm><Cadence>28</Cadence><Extensions><ext:TPX><ext:Watts>76.0</ext:Watts><ext:Torque>20</ext:Torque></ext:TPX></Extensions></Trackpoint><Trackpoint><Time>2025-09-10T14:21:18.277Z</Time><DistanceMeters>7603.874041437622</DistanceMeters><HeartRateBpm><Value>152</Value></HeartRateBpm><Cadence>28</Cadence><Extensions><ext:TPX><ext:Watts>76.33333333333333</ext:Watts><ext:Torque>20</ext:Torque></ext:TPX></Extensions></Trackpoint><Trackpoint><Time>2025-09-10T14:21:19.397Z</Time><DistanceMeters>7609.530118003484</DistanceMeters><HeartRateBpm><Value>152</Value></HeartRateBpm><Cadence>27</Cadence><Extensions><ext:TPX><ext:Watts>74.90625</ext:Watts><ext:Torque>20</ext:Torque></ext:TPX></Extensions></Trackpoint><Trackpoint><Time>2025-09-10T14:21:20.482Z</Time><DistanceMeters>7615.200315091261</DistanceMeters><HeartRateBpm><Value>152</Value></HeartRateBpm><Cadence>28</Cadence><Extensions><ext:TPX><ext:Watts>76.48387096774194</ext:Watts><ext:Torque>20</ext:Torque></ext:TPX></Extensions></Trackpoint><Trackpoint><Time>2025-09-10T14:21:21.573Z</Time><DistanceMeters>7620.734197866931</DistanceMeters><HeartRateBpm><Value>153</Value></HeartRateBpm><Cadence>28</Cadence><Extensions><ext:TPX><ext:Watts>74.64516129032258</ext:Watts><ext:Torque>20</ext:Torque></ext:TPX></Extensions></Trackpoint><Trackpoint><Time>2025-09-10T14:21:22.657Z</Time><DistanceMeters>7626.299169871678</DistanceMeters><HeartRateBpm><Value>153</Value></HeartRateBpm><Cadence>28</Cadence><Extensions><ext:TPX><ext:Watts>75.06451612903226</ext:Watts><ext:Torque>20</ext:Torque></ext:TPX></Extensions></Trackpoint><Trackpoint><Time>2025-09-10T14:21:23.742Z</Time><DistanceMeters>7631.689563897763</DistanceMeters><HeartRateBpm><Value>153</Value></HeartRateBpm><Cadence>28</Cadence><Extensions><ext:TPX><ext:Watts>72.70967741935483</ext:Watts><ext:Torque>20</ext:Torque></ext:TPX></Extensions></Trackpoint><Trackpoint><Time>2025-09-10T14:21:24.827Z</Time><DistanceMeters>7637.395633172936</DistanceMeters><HeartRateBpm><Value>154</Value></HeartRateBpm><Cadence>28</Cadence><Extensions><ext:TPX><ext:Watts>76.96774193548387</ext:Watts><ext:Torque>20</ext:Torque></ext:TPX></Extensions></Trackpoint><Trackpoint><Time>2025-09-10T14:21:25.947Z</Time><DistanceMeters>7642.75439407451</DistanceMeters><HeartRateBpm><Value>154</Value></HeartRateBpm><Cadence>27</Cadence><Extensions><ext:TPX><ext:Watts>70.96875</ext:Watts><ext:Torque>20</ext:Torque></ext:TPX></Extensions></Trackpoint><Trackpoint><Time>2025-09-10T14:21:27.032Z</Time><DistanceMeters>7648.2930598084995</DistanceMeters><HeartRateBpm><Value>155</Value></HeartRateBpm><Cadence>28</Cadence><Extensions><ext:TPX><ext:Watts>74.70967741935483</ext:Watts><ext:Torque>20</ext:Torque></ext:TPX></Extensions></Trackpoint><Trackpoint><Time>2025-09-10T14:21:28.257Z</Time><DistanceMeters>7653.68768598575</DistanceMeters><HeartRateBpm><Value>155</Value></HeartRateBpm><Cadence>24</Cadence><Extensions><ext:TPX><ext:Watts>64.82857142857142</ext:Watts><ext:Torque>20</ext:Torque></ext:TPX></Extensions></Trackpoint><Trackpoint><Time>2025-09-10T14:21:29.552Z</Time><DistanceMeters>7658.867177403774</DistanceMeters><HeartRateBpm><Value>155</Value></HeartRateBpm><Cadence>23</Cadence><Extensions><ext:TPX><ext:Watts>58.432432432432435</ext:Watts><ext:Torque>20</ext:Torque></ext:TPX></Extensions></Trackpoint><Trackpoint><Time>2025-09-10T14:21:30.852Z</Time><DistanceMeters>7664.326965073374</DistanceMeters><HeartRateBpm><Value>156</Value></HeartRateBpm><Cadence>23</Cadence><Extensions><ext:TPX><ext:Watts>61.5945945945946</ext:Watts><ext:Torque>20</ext:Torque></ext:TPX></Extensions></Trackpoint><Trackpoint><Time>2025-09-10T14:21:32.077Z</Time><DistanceMeters>7669.429154485618</DistanceMeters><HeartRateBpm><Value>156</Value></HeartRateBpm><Cadence>24</Cadence><Extensions><ext:TPX><ext:Watts>61.31428571428572</ext:Watts><ext:Torque>20</ext:Torque></ext:TPX></Extensions></Trackpoint><Trackpoint><Time>2025-09-10T14:21:33.337Z</Time><DistanceMeters>7674.396213797733</DistanceMeters><HeartRateBpm><Value>156</Value></HeartRateBpm><Cadence>24</Cadence><Extensions><ext:TPX><ext:Watts>58.47222222222222</ext:Watts><ext:Torque>20</ext:Torque></ext:TPX></Extensions></Trackpoint><Trackpoint><Time>2025-09-10T14:21:34.562Z</Time><DistanceMeters>7679.022896275005</DistanceMeters><HeartRateBpm><Value>157</Value></HeartRateBpm><Cadence>24</Cadence><Extensions><ext:TPX><ext:Watts>55.6</ext:Watts><ext:Torque>20</ext:Torque></ext:TPX></Extensions></Trackpoint><Trackpoint><Time>2025-09-10T14:21:35.787Z</Time><DistanceMeters>7683.961035794684</DistanceMeters><HeartRateBpm><Value>157</Value></HeartRateBpm><Cadence>24</Cadence><Extensions><ext:TPX><ext:Watts>59.34285714285714</ext:Watts><ext:Torque>20</ext:Torque></ext:TPX></Extensions></Trackpoint><Trackpoint><Time>2025-09-10T14:21:37.013Z</Time><DistanceMeters>7688.739880491147</DistanceMeters><HeartRateBpm><Value>157</Value></HeartRateBpm><Cadence>24</Cadence><Extensions><ext:TPX><ext:Watts>57.42857142857143</ext:Watts><ext:Torque>20</ext:Torque></ext:TPX></Extensions></Trackpoint><Trackpoint><Time>2025-09-10T14:21:38.237Z</Time><DistanceMeters>7693.566275881108</DistanceMeters><HeartRateBpm><Value>157</Value></HeartRateBpm><Cadence>24</Cadence><Extensions><ext:TPX><ext:Watts>58.0</ext:Watts><ext:Torque>20</ext:Torque></ext:TPX></Extensions></Trackpoint><Trackpoint><Time>2025-09-10T14:21:39.462Z</Time><DistanceMeters>7698.392671271068</DistanceMeters><HeartRateBpm><Value>158</Value></HeartRateBpm><Cadence>24</Cadence><Extensions><ext:TPX><ext:Watts>58.0</ext:Watts><ext:Torque>20</ext:Torque></ext:TPX></Extensions></Trackpoint><Trackpoint><Time>2025-09-10T14:21:40.727Z</Time><DistanceMeters>7703.123213512184</DistanceMeters><HeartRateBpm><Value>158</Value></HeartRateBpm><Cadence>24</Cadence><Extensions><ext:TPX><ext:Watts>54.52777777777778</ext:Watts><ext:Torque>20</ext:Torque></ext:TPX></Extensions></Trackpoint><Trackpoint><Time>2025-09-10T14:21:41.993Z</Time><DistanceMeters>7707.738082789686</DistanceMeters><HeartRateBpm><Value>158</Value></HeartRateBpm><Cadence>24</Cadence><Extensions><ext:TPX><ext:Watts>53.19444444444444</ext:Watts><ext:Torque>20</ext:Torque></ext:TPX></Extensions></Trackpoint><Trackpoint><Time>2025-09-10T14:21:43.288Z</Time><DistanceMeters>7712.517493233237</DistanceMeters><HeartRateBpm><Value>158</Value></HeartRateBpm><Cadence>23</Cadence><Extensions><ext:TPX><ext:Watts>53.91891891891892</ext:Watts><ext:Torque>20</ext:Torque></ext:TPX></Extensions></Trackpoint><Trackpoint><Time>2025-09-10T14:21:44.547Z</Time><DistanceMeters>7717.229710547391</DistanceMeters><HeartRateBpm><Value>158</Value></HeartRateBpm><Cadence>24</Cadence><Extensions><ext:TPX><ext:Watts>55.47222222222222</ext:Watts><ext:Torque>20</ext:Torque></ext:TPX></Extensions></Trackpoint><Trackpoint><Time>2025-09-10T14:21:45.843Z</Time><DistanceMeters>7722.095365991427</DistanceMeters><HeartRateBpm><Value>158</Value></HeartRateBpm><Cadence>23</Cadence><Extensions><ext:TPX><ext:Watts>54.891891891891895</ext:Watts><ext:Torque>20</ext:Torque></ext:TPX></Extensions></Trackpoint><Trackpoint><Time>2025-09-10T14:21:47.103Z</Time><DistanceMeters>7727.00579374844</DistanceMeters><HeartRateBpm><Value>158</Value></HeartRateBpm><Cadence>24</Cadence><Extensions><ext:TPX><ext:Watts>57.80555555555556</ext:Watts><ext:Torque>20</ext:Torque></ext:TPX></Extensions></Trackpoint><Trackpoint><Time>2025-09-10T14:21:48.437Z</Time><DistanceMeters>7731.750921944397</DistanceMeters><HeartRateBpm><Value>159</Value></HeartRateBpm><Cadence>22</Cadence><Extensions><ext:TPX><ext:Watts>52.36842105263158</ext:Watts><ext:Torque>20</ext:Torque></ext:TPX></Extensions></Trackpoint><Trackpoint><Time>2025-09-10T14:21:49.733Z</Time><DistanceMeters>7736.65490849976</DistanceMeters><HeartRateBpm><Value>159</Value></HeartRateBpm><Cadence>23</Cadence><Extensions><ext:TPX><ext:Watts>55.32432432432432</ext:Watts><ext:Torque>20</ext:Torque></ext:TPX></Extensions></Trackpoint><Trackpoint><Time>2025-09-10T14:21:50.993Z</Time><DistanceMeters>7741.503985405411</DistanceMeters><HeartRateBpm><Value>159</Value></HeartRateBpm><Cadence>24</Cadence><Extensions><ext:TPX><ext:Watts>57.083333333333336</ext:Watts><ext:Torque>20</ext:Torque></ext:TPX></Extensions></Trackpoint><Trackpoint><Time>2025-09-10T14:21:52.323Z</Time><DistanceMeters>7746.609171067494</DistanceMeters><HeartRateBpm><Value>159</Value></HeartRateBpm><Cadence>22</Cadence><Extensions><ext:TPX><ext:Watts>56.3421052631579</ext:Watts><ext:Torque>20</ext:Torque></ext:TPX></Extensions></Trackpoint><Trackpoint><Time>2025-09-10T14:21:53.618Z</Time><DistanceMeters>7751.695230401659</DistanceMeters><HeartRateBpm><Value>159</Value></HeartRateBpm><Cadence>23</Cadence><Extensions><ext:TPX><ext:Watts>57.37837837837838</ext:Watts><ext:Torque>20</ext:Torque></ext:TPX></Extensions></Trackpoint><Trackpoint><Time>2025-09-10T14:21:54.913Z</Time><DistanceMeters>7756.726188763291</DistanceMeters><HeartRateBpm><Value>159</Value></HeartRateBpm><Cadence>23</Cadence><Extensions><ext:TPX><ext:Watts>56.75675675675676</ext:Watts><ext:Torque>20</ext:Torque></ext:TPX></Extensions></Trackpoint><Trackpoint><Time>2025-09-10T14:21:56.208Z</Time><DistanceMeters>7761.829017958661</DistanceMeters><HeartRateBpm><Value>159</Value></HeartRateBpm><Cadence>23</Cadence><Extensions><ext:TPX><ext:Watts>57.567567567567565</ext:Watts><ext:Torque>20</ext:Torque></ext:TPX></Extensions></Trackpoint><Trackpoint><Time>2025-09-10T14:21:57.468Z</Time><DistanceMeters>7767.069796453772</DistanceMeters><HeartRateBpm><Value>159</Value></HeartRateBpm><Cadence>24</Cadence><Extensions><ext:TPX><ext:Watts>61.69444444444444</ext:Watts><ext:Torque>20</ext:Torque></ext:TPX></Extensions></Trackpoint><Trackpoint><Time>2025-09-10T14:21:58.763Z</Time><DistanceMeters>7772.201373982637</DistanceMeters><HeartRateBpm><Value>159</Value></HeartRateBpm><Cadence>23</Cadence><Extensions><ext:TPX><ext:Watts>57.891891891891895</ext:Watts><ext:Torque>20</ext:Torque></ext:TPX></Extensions></Trackpoint><Trackpoint><Time>2025-09-10T14:22:00.058Z</Time><DistanceMeters>7777.5317941515095</DistanceMeters><HeartRateBpm><Value>159</Value></HeartRateBpm><Cadence>23</Cadence><Extensions><ext:TPX><ext:Watts>60.13513513513514</ext:Watts><ext:Torque>20</ext:Torque></ext:TPX></Extensions></Trackpoint><Trackpoint><Time>2025-09-10T14:22:01.318Z</Time><DistanceMeters>7782.784370887267</DistanceMeters><HeartRateBpm><Value>159</Value></HeartRateBpm><Cadence>24</Cadence><Extensions><ext:TPX><ext:Watts>61.833333333333336</ext:Watts><ext:Torque>20</ext:Torque></ext:TPX></Extensions></Trackpoint><Trackpoint><Time>2025-09-10T14:22:02.578Z</Time><DistanceMeters>7788.074701993092</DistanceMeters><HeartRateBpm><Value>159</Value></HeartRateBpm><Cadence>24</Cadence><Extensions><ext:TPX><ext:Watts>62.27777777777778</ext:Watts><ext:Torque>20</ext:Torque></ext:TPX></Extensions></Trackpoint><Trackpoint><Time>2025-09-10T14:22:03.803Z</Time><DistanceMeters>7793.191156613385</DistanceMeters><HeartRateBpm><Value>159</Value></HeartRateBpm><Cadence>24</Cadence><Extensions><ext:TPX><ext:Watts>61.48571428571429</ext:Watts><ext:Torque>20</ext:Torque></ext:TPX></Extensions></Trackpoint><Trackpoint><Time>2025-09-10T14:22:05.028Z</Time><DistanceMeters>7798.538232097139</DistanceMeters><HeartRateBpm><Value>159</Value></HeartRateBpm><Cadence>24</Cadence><Extensions><ext:TPX><ext:Watts>64.25714285714285</ext:Watts><ext:Torque>20</ext:Torque></ext:TPX></Extensions></Trackpoint><Trackpoint><Time>2025-09-10T14:22:06.253Z</Time><DistanceMeters>7803.904327858292</DistanceMeters><HeartRateBpm><Value>158</Value></HeartRateBpm><Cadence>24</Cadence><Extensions><ext:TPX><ext:Watts>64.48571428571428</ext:Watts><ext:Torque>20</ext:Torque></ext:TPX></Extensions></Trackpoint><Trackpoint><Time>2025-09-10T14:22:07.478Z</Time><DistanceMeters>7809.367902541114</DistanceMeters><HeartRateBpm><Value>158</Value></HeartRateBpm><Cadence>24</Cadence><Extensions><ext:TPX><ext:Watts>65.65714285714286</ext:Watts><ext:Torque>20</ext:Torque></ext:TPX></Extensions></Trackpoint><Trackpoint><Time>2025-09-10T14:22:08.703Z</Time><DistanceMeters>7814.59372375645</DistanceMeters><HeartRateBpm><Value>158</Value></HeartRateBpm><Cadence>24</Cadence><Extensions><ext:TPX><ext:Watts>62.8</ext:Watts><ext:Torque>20</ext:Torque></ext:TPX></Extensions></Trackpoint><Trackpoint><Time>2025-09-10T14:22:09.858Z</Time><DistanceMeters>7819.940059378016</DistanceMeters><HeartRateBpm><Value>158</Value></HeartRateBpm><Cadence>26</Cadence><Extensions><ext:TPX><ext:Watts>68.18181818181819</ext:Watts><ext:Torque>20</ext:Torque></ext:TPX></Extensions></Trackpoint><Trackpoint><Time>2025-09-10T14:22:11.083Z</Time><DistanceMeters>7825.313287743193</DistanceMeters><HeartRateBpm><Value>158</Value></HeartRateBpm><Cadence>24</Cadence><Extensions><ext:TPX><ext:Watts>64.57142857142857</ext:Watts><ext:Torque>20</ext:Torque></ext:TPX></Extensions></Trackpoint><Trackpoint><Time>2025-09-10T14:22:12.273Z</Time><DistanceMeters>7830.669167097993</DistanceMeters><HeartRateBpm><Value>158</Value></HeartRateBpm><Cadence>25</Cadence><Extensions><ext:TPX><ext:Watts>65.67647058823529</ext:Watts><ext:Torque>20</ext:Torque></ext:TPX></Extensions></Trackpoint><Trackpoint><Time>2025-09-10T14:22:13.428Z</Time><DistanceMeters>7835.9917412279065</DistanceMeters><HeartRateBpm><Value>158</Value></HeartRateBpm><Cadence>26</Cadence><Extensions><ext:TPX><ext:Watts>67.87878787878788</ext:Watts><ext:Torque>20</ext:Torque></ext:TPX></Extensions></Trackpoint><Trackpoint><Time>2025-09-10T14:22:14.618Z</Time><DistanceMeters>7841.421974483288</DistanceMeters><HeartRateBpm><Value>158</Value></HeartRateBpm><Cadence>25</Cadence><Extensions><ext:TPX><ext:Watts>66.58823529411765</ext:Watts><ext:Torque>20</ext:Torque></ext:TPX></Extensions></Trackpoint><Trackpoint><Time>2025-09-10T14:22:15.813Z</Time><DistanceMeters>7846.892982458344</DistanceMeters><HeartRateBpm><Value>158</Value></HeartRateBpm><Cadence>25</Cadence><Extensions><ext:TPX><ext:Watts>67.08823529411765</ext:Watts><ext:Torque>20</ext:Torque></ext:TPX></Extensions></Trackpoint><Trackpoint><Time>2025-09-10T14:22:17.003Z</Time><DistanceMeters>7852.061777805228</DistanceMeters><HeartRateBpm><Value>158</Value></HeartRateBpm><Cadence>25</Cadence><Extensions><ext:TPX><ext:Watts>63.38235294117647</ext:Watts><ext:Torque>20</ext:Torque></ext:TPX></Extensions></Trackpoint><Trackpoint><Time>2025-09-10T14:22:18.228Z</Time><DistanceMeters>7857.297109159264</DistanceMeters><HeartRateBpm><Value>158</Value></HeartRateBpm><Cadence>24</Cadence><Extensions><ext:TPX><ext:Watts>62.91428571428571</ext:Watts><ext:Torque>20</ext:Torque></ext:TPX></Extensions></Trackpoint><Trackpoint><Time>2025-09-10T14:22:19.488Z</Time><DistanceMeters>7862.434063136688</DistanceMeters><HeartRateBpm><Value>158</Value></HeartRateBpm><Cadence>24</Cadence><Extensions><ext:TPX><ext:Watts>60.47222222222222</ext:Watts><ext:Torque>20</ext:Torque></ext:TPX></Extensions></Trackpoint><Trackpoint><Time>2025-09-10T14:22:20.853Z</Time><DistanceMeters>7867.690105089977</DistanceMeters><HeartRateBpm><Value>158</Value></HeartRateBpm><Cadence>22</Cadence><Extensions><ext:TPX><ext:Watts>56.717948717948715</ext:Watts><ext:Torque>20</ext:Torque></ext:TPX></Extensions></Trackpoint><Trackpoint><Time>2025-09-10T14:22:22.218Z</Time><DistanceMeters>7872.718036723413</DistanceMeters><HeartRateBpm><Value>158</Value></HeartRateBpm><Cadence>22</Cadence><Extensions><ext:TPX><ext:Watts>54.256410256410255</ext:Watts><ext:Torque>20</ext:Torque></ext:TPX></Extensions></Trackpoint><Trackpoint><Time>2025-09-10T14:22:23.586Z</Time><DistanceMeters>7877.9265556934</DistanceMeters><HeartRateBpm><Value>158</Value></HeartRateBpm><Cadence>22</Cadence><Extensions><ext:TPX><ext:Watts>56.205128205128204</ext:Watts><ext:Torque>20</ext:Torque></ext:TPX></Extensions></Trackpoint><Trackpoint><Time>2025-09-10T14:22:24.918Z</Time><DistanceMeters>7883.162888114667</DistanceMeters><HeartRateBpm><Value>158</Value></HeartRateBpm><Cadence>22</Cadence><Extensions><ext:TPX><ext:Watts>57.78947368421053</ext:Watts><ext:Torque>20</ext:Torque></ext:TPX></Extensions></Trackpoint><Trackpoint><Time>2025-09-10T14:22:26.318Z</Time><DistanceMeters>7888.060595721997</DistanceMeters><HeartRateBpm><Value>158</Value></HeartRateBpm><Cadence>22</Cadence><Extensions><ext:TPX><ext:Watts>51.65</ext:Watts><ext:Torque>20</ext:Torque></ext:TPX></Extensions></Trackpoint><Trackpoint><Time>2025-09-10T14:22:27.718Z</Time><DistanceMeters>7893.211960015669</DistanceMeters><HeartRateBpm><Value>158</Value></HeartRateBpm><Cadence>22</Cadence><Extensions><ext:TPX><ext:Watts>54.325</ext:Watts><ext:Torque>20</ext:Torque></ext:TPX></Extensions></Trackpoint><Trackpoint><Time>2025-09-10T14:22:29.118Z</Time><DistanceMeters>7898.344359323447</DistanceMeters><HeartRateBpm><Value>158</Value></HeartRateBpm><Cadence>22</Cadence><Extensions><ext:TPX><ext:Watts>54.125</ext:Watts><ext:Torque>20</ext:Torque></ext:TPX></Extensions></Trackpoint><Trackpoint><Time>2025-09-10T14:22:30.448Z</Time><DistanceMeters>7903.580691744714</DistanceMeters><HeartRateBpm><Value>158</Value></HeartRateBpm><Cadence>22</Cadence><Extensions><ext:TPX><ext:Watts>57.78947368421053</ext:Watts><ext:Torque>20</ext:Torque></ext:TPX></Extensions></Trackpoint><Trackpoint><Time>2025-09-10T14:22:31.848Z</Time><DistanceMeters>7908.822139721387</DistanceMeters><HeartRateBpm><Value>158</Value></HeartRateBpm><Cadence>22</Cadence><Extensions><ext:TPX><ext:Watts>55.275</ext:Watts><ext:Torque>20</ext:Torque></ext:TPX></Extensions></Trackpoint><Trackpoint><Time>2025-09-10T14:22:33.213Z</Time><DistanceMeters>7914.025906393044</DistanceMeters><HeartRateBpm><Value>158</Value></HeartRateBpm><Cadence>22</Cadence><Extensions><ext:TPX><ext:Watts>56.15384615384615</ext:Watts><ext:Torque>20</ext:Torque></ext:TPX></Extensions></Trackpoint><Trackpoint><Time>2025-09-10T14:22:34.584Z</Time><DistanceMeters>7919.0372049823245</DistanceMeters><HeartRateBpm><Value>158</Value></HeartRateBpm><Cadence>22</Cadence><Extensions><ext:TPX><ext:Watts>54.07692307692308</ext:Watts><ext:Torque>20</ext:Torque></ext:TPX></Extensions></Trackpoint><Trackpoint><Time>2025-09-10T14:22:35.918Z</Time><DistanceMeters>7923.989783506447</DistanceMeters><HeartRateBpm><Value>157</Value></HeartRateBpm><Cadence>22</Cadence><Extensions><ext:TPX><ext:Watts>54.6578947368421</ext:Watts><ext:Torque>20</ext:Torque></ext:TPX></Extensions></Trackpoint><Trackpoint><Time>2025-09-10T14:22:37.248Z</Time><DistanceMeters>7928.589458024036</DistanceMeters><HeartRateBpm><Value>157</Value></HeartRateBpm><Cadence>22</Cadence><Extensions><ext:TPX><ext:Watts>50.76315789473684</ext:Watts><ext:Torque>20</ext:Torque></ext:TPX></Extensions></Trackpoint><Trackpoint><Time>2025-09-10T14:22:38.614Z</Time><DistanceMeters>7933.805105441518</DistanceMeters><HeartRateBpm><Value>157</Value></HeartRateBpm><Cadence>22</Cadence><Extensions><ext:TPX><ext:Watts>56.282051282051285</ext:Watts><ext:Torque>20</ext:Torque></ext:TPX></Extensions></Trackpoint><Trackpoint><Time>2025-09-10T14:22:39.944Z</Time><DistanceMeters>7938.540695691353</DistanceMeters><HeartRateBpm><Value>157</Value></HeartRateBpm><Cadence>22</Cadence><Extensions><ext:TPX><ext:Watts>52.26315789473684</ext:Watts><ext:Torque>20</ext:Torque></ext:TPX></Extensions></Trackpoint><Trackpoint><Time>2025-09-10T14:22:41.274Z</Time><DistanceMeters>7943.493274215475</DistanceMeters><HeartRateBpm><Value>157</Value></HeartRateBpm><Cadence>22</Cadence><Extensions><ext:TPX><ext:Watts>54.6578947368421</ext:Watts><ext:Torque>20</ext:Torque></ext:TPX></Extensions></Trackpoint><Trackpoint><Time>2025-09-10T14:22:42.568Z</Time><DistanceMeters>7948.629643133256</DistanceMeters><HeartRateBpm><Value>157</Value></HeartRateBpm><Cadence>23</Cadence><Extensions><ext:TPX><ext:Watts>57.945945945945944</ext:Watts><ext:Torque>20</ext:Torque></ext:TPX></Extensions></Trackpoint><Trackpoint><Time>2025-09-10T14:22:43.898Z</Time><DistanceMeters>7953.77774955289</DistanceMeters><HeartRateBpm><Value>157</Value></HeartRateBpm><Cadence>22</Cadence><Extensions><ext:TPX><ext:Watts>56.81578947368421</ext:Watts><ext:Torque>20</ext:Torque></ext:TPX></Extensions></Trackpoint><Trackpoint><Time>2025-09-10T14:22:45.229Z</Time><DistanceMeters>7958.973545703137</DistanceMeters><HeartRateBpm><Value>157</Value></HeartRateBpm><Cadence>22</Cadence><Extensions><ext:TPX><ext:Watts>57.3421052631579</ext:Watts><ext:Torque>20</ext:Torque></ext:TPX></Extensions></Trackpoint><Trackpoint><Time>2025-09-10T14:22:46.558Z</Time><DistanceMeters>7964.038195094198</DistanceMeters><HeartRateBpm><Value>157</Value></HeartRateBpm><Cadence>22</Cadence><Extensions><ext:TPX><ext:Watts>55.89473684210526</ext:Watts><ext:Torque>20</ext:Torque></ext:TPX></Extensions></Trackpoint><Trackpoint><Time>2025-09-10T14:22:47.854Z</Time><DistanceMeters>7969.174564011979</DistanceMeters><HeartRateBpm><Value>157</Value></HeartRateBpm><Cadence>23</Cadence><Extensions><ext:TPX><ext:Watts>57.945945945945944</ext:Watts><ext:Torque>20</ext:Torque></ext:TPX></Extensions></Trackpoint><Trackpoint><Time>2025-09-10T14:22:49.184Z</Time><DistanceMeters>7974.2439823761015</DistanceMeters><HeartRateBpm><Value>156</Value></HeartRateBpm><Cadence>22</Cadence><Extensions><ext:TPX><ext:Watts>55.94736842105263</ext:Watts><ext:Torque>20</ext:Torque></ext:TPX></Extensions></Trackpoint><Trackpoint><Time>2025-09-10T14:22:50.478Z</Time><DistanceMeters>7979.552841294852</DistanceMeters><HeartRateBpm><Value>156</Value></HeartRateBpm><Cadence>23</Cadence><Extensions><ext:TPX><ext:Watts>59.891891891891895</ext:Watts><ext:Torque>20</ext:Torque></ext:TPX></Extensions></Trackpoint><Trackpoint><Time>2025-09-10T14:22:51.739Z</Time><DistanceMeters>7984.824295215643</DistanceMeters><HeartRateBpm><Value>156</Value></HeartRateBpm><Cadence>24</Cadence><Extensions><ext:TPX><ext:Watts>62.05555555555556</ext:Watts><ext:Torque>20</ext:Torque></ext:TPX></Extensions></Trackpoint><Trackpoint><Time>2025-09-10T14:22:52.999Z</Time><DistanceMeters>7989.477521326566</DistanceMeters><HeartRateBpm><Value>156</Value></HeartRateBpm><Cadence>24</Cadence><Extensions><ext:TPX><ext:Watts>54.77777777777778</ext:Watts><ext:Torque>20</ext:Torque></ext:TPX></Extensions></Trackpoint><Trackpoint><Time>2025-09-10T14:22:54.259Z</Time><DistanceMeters>7994.168501807557</DistanceMeters><HeartRateBpm><Value>156</Value></HeartRateBpm><Cadence>24</Cadence><Extensions><ext:TPX><ext:Watts>55.22222222222222</ext:Watts><ext:Torque>20</ext:Torque></ext:TPX></Extensions></Trackpoint><Trackpoint><Time>2025-09-10T14:22:55.589Z</Time><DistanceMeters>7999.340453092497</DistanceMeters><HeartRateBpm><Value>156</Value></HeartRateBpm><Cadence>22</Cadence><Extensions><ext:TPX><ext:Watts>57.078947368421055</ext:Watts><ext:Torque>20</ext:Torque></ext:TPX></Extensions></Trackpoint><Trackpoint><Time>2025-09-10T14:22:56.919Z</Time><DistanceMeters>8004.4170249162125</DistanceMeters><HeartRateBpm><Value>156</Value></HeartRateBpm><Cadence>22</Cadence><Extensions><ext:TPX><ext:Watts>56.026315789473685</ext:Watts><ext:Torque>20</ext:Torque></ext:TPX></Extensions></Trackpoint><Trackpoint><Time>2025-09-10T14:22:58.179Z</Time><DistanceMeters>8008.978224750093</DistanceMeters><HeartRateBpm><Value>155</Value></HeartRateBpm><Cadence>24</Cadence><Extensions><ext:TPX><ext:Watts>53.69444444444444</ext:Watts><ext:Torque>20</ext:Torque></ext:TPX></Extensions></Trackpoint><Trackpoint><Time>2025-09-10T14:22:59.439Z</Time><DistanceMeters>8013.87685426646</DistanceMeters><HeartRateBpm><Value>155</Value></HeartRateBpm><Cadence>24</Cadence><Extensions><ext:TPX><ext:Watts>57.666666666666664</ext:Watts><ext:Torque>20</ext:Torque></ext:TPX></Extensions></Trackpoint><Trackpoint><Time>2025-09-10T14:23:00.699Z</Time><DistanceMeters>8018.841553930446</DistanceMeters><HeartRateBpm><Value>155</Value></HeartRateBpm><Cadence>24</Cadence><Extensions><ext:TPX><ext:Watts>58.44444444444444</ext:Watts><ext:Torque>20</ext:Torque></ext:TPX></Extensions></Trackpoint><Trackpoint><Time>2025-09-10T14:23:01.964Z</Time><DistanceMeters>8023.94080374308</DistanceMeters><HeartRateBpm><Value>155</Value></HeartRateBpm><Cadence>24</Cadence><Extensions><ext:TPX><ext:Watts>58.77777777777778</ext:Watts><ext:Torque>20</ext:Torque></ext:TPX></Extensions></Trackpoint><Trackpoint><Time>2025-09-10T14:23:03.229Z</Time><DistanceMeters>8029.119578718199</DistanceMeters><HeartRateBpm><Value>155</Value></HeartRateBpm><Cadence>24</Cadence><Extensions><ext:TPX><ext:Watts>59.69444444444444</ext:Watts><ext:Torque>20</ext:Torque></ext:TPX></Extensions></Trackpoint><Trackpoint><Time>2025-09-10T14:23:04.524Z</Time><DistanceMeters>8034.198450968989</DistanceMeters><HeartRateBpm><Value>155</Value></HeartRateBpm><Cadence>23</Cadence><Extensions><ext:TPX><ext:Watts>57.2972972972973</ext:Watts><ext:Torque>20</ext:Torque></ext:TPX></Extensions></Trackpoint><Trackpoint><Time>2025-09-10T14:23:05.784Z</Time><DistanceMeters>8039.2457383175</DistanceMeters><HeartRateBpm><Value>155</Value></HeartRateBpm><Cadence>24</Cadence><Extensions><ext:TPX><ext:Watts>59.416666666666664</ext:Watts><ext:Torque>20</ext:Torque></ext:TPX></Extensions></Trackpoint><Trackpoint><Time>2025-09-10T14:23:07.079Z</Time><DistanceMeters>8044.40606417986</DistanceMeters><HeartRateBpm><Value>155</Value></HeartRateBpm><Cadence>23</Cadence><Extensions><ext:TPX><ext:Watts>58.21621621621622</ext:Watts><ext:Torque>20</ext:Torque></ext:TPX></Extensions></Trackpoint><Trackpoint><Time>2025-09-10T14:23:08.339Z</Time><DistanceMeters>8049.399079621397</DistanceMeters><HeartRateBpm><Value>155</Value></HeartRateBpm><Cadence>24</Cadence><Extensions><ext:TPX><ext:Watts>58.77777777777778</ext:Watts><ext:Torque>20</ext:Torque></ext:TPX></Extensions></Trackpoint><Trackpoint><Time>2025-09-10T14:23:09.599Z</Time><DistanceMeters>8054.583226561405</DistanceMeters><HeartRateBpm><Value>155</Value></HeartRateBpm><Cadence>24</Cadence><Extensions><ext:TPX><ext:Watts>61.02777777777778</ext:Watts><ext:Torque>20</ext:Torque></ext:TPX></Extensions></Trackpoint><Trackpoint><Time>2025-09-10T14:23:10.929Z</Time><DistanceMeters>8060.236844125533</DistanceMeters><HeartRateBpm><Value>155</Value></HeartRateBpm><Cadence>22</Cadence><Extensions><ext:TPX><ext:Watts>62.39473684210526</ext:Watts><ext:Torque>20</ext:Torque></ext:TPX></Extensions></Trackpoint><Trackpoint><Time>2025-09-10T14:23:12.224Z</Time><DistanceMeters>8065.78048110116</DistanceMeters><HeartRateBpm><Value>156</Value></HeartRateBpm><Cadence>23</Cadence><Extensions><ext:TPX><ext:Watts>62.54054054054054</ext:Watts><ext:Torque>20</ext:Torque></ext:TPX></Extensions></Trackpoint><Trackpoint><Time>2025-09-10T14:23:13.519Z</Time><DistanceMeters>8071.132462520154</DistanceMeters><HeartRateBpm><Value>156</Value></HeartRateBpm><Cadence>23</Cadence><Extensions><ext:TPX><ext:Watts>60.37837837837838</ext:Watts><ext:Torque>20</ext:Torque></ext:TPX></Extensions></Trackpoint><Trackpoint><Time>2025-09-10T14:23:14.849Z</Time><DistanceMeters>8076.70500754224</DistanceMeters><HeartRateBpm><Value>156</Value></HeartRateBpm><Cadence>22</Cadence><Extensions><ext:TPX><ext:Watts>61.5</ext:Watts><ext:Torque>20</ext:Torque></ext:TPX></Extensions></Trackpoint><Trackpoint><Time>2025-09-10T14:23:16.179Z</Time><DistanceMeters>8082.208402454939</DistanceMeters><HeartRateBpm><Value>156</Value></HeartRateBpm><Cadence>22</Cadence><Extensions><ext:TPX><ext:Watts>60.73684210526316</ext:Watts><ext:Torque>20</ext:Torque></ext:TPX></Extensions></Trackpoint><Trackpoint><Time>2025-09-10T14:23:17.474Z</Time><DistanceMeters>8087.946090681658</DistanceMeters><HeartRateBpm><Value>156</Value></HeartRateBpm><Cadence>23</Cadence><Extensions><ext:TPX><ext:Watts>64.72972972972973</ext:Watts><ext:Torque>20</ext:Torque></ext:TPX></Extensions></Trackpoint><Trackpoint><Time>2025-09-10T14:23:18.809Z</Time><DistanceMeters>8093.444716621294</DistanceMeters><HeartRateBpm><Value>156</Value></HeartRateBpm><Cadence>22</Cadence><Extensions><ext:TPX><ext:Watts>60.68421052631579</ext:Watts><ext:Torque>20</ext:Torque></ext:TPX></Extensions></Trackpoint><Trackpoint><Time>2025-09-10T14:23:20.139Z</Time><DistanceMeters>8099.019646129911</DistanceMeters><HeartRateBpm><Value>156</Value></HeartRateBpm><Cadence>22</Cadence><Extensions><ext:TPX><ext:Watts>61.526315789473685</ext:Watts><ext:Torque>20</ext:Torque></ext:TPX></Extensions></Trackpoint><Trackpoint><Time>2025-09-10T14:23:21.469Z</Time><DistanceMeters>8104.5158875830175</DistanceMeters><HeartRateBpm><Value>156</Value></HeartRateBpm><Cadence>22</Cadence><Extensions><ext:TPX><ext:Watts>60.6578947368421</ext:Watts><ext:Torque>20</ext:Torque></ext:TPX></Extensions></Trackpoint><Trackpoint><Time>2025-09-10T14:23:22.764Z</Time><DistanceMeters>8110.306281087811</DistanceMeters><HeartRateBpm><Value>156</Value></HeartRateBpm><Cadence>23</Cadence><Extensions><ext:TPX><ext:Watts>65.32432432432432</ext:Watts><ext:Torque>20</ext:Torque></ext:TPX></Extensions></Trackpoint><Trackpoint><Time>2025-09-10T14:23:24.099Z</Time><DistanceMeters>8116.043355680511</DistanceMeters><HeartRateBpm><Value>156</Value></HeartRateBpm><Cadence>22</Cadence><Extensions><ext:TPX><ext:Watts>63.31578947368421</ext:Watts><ext:Torque>20</ext:Torque></ext:TPX></Extensions></Trackpoint><Trackpoint><Time>2025-09-10T14:23:25.429Z</Time><DistanceMeters>8121.882963194028</DistanceMeters><HeartRateBpm><Value>156</Value></HeartRateBpm><Cadence>22</Cadence><Extensions><ext:TPX><ext:Watts>64.44736842105263</ext:Watts><ext:Torque>20</ext:Torque></ext:TPX></Extensions></Trackpoint><Trackpoint><Time>2025-09-10T14:23:26.725Z</Time><DistanceMeters>8127.601485865083</DistanceMeters><HeartRateBpm><Value>156</Value></HeartRateBpm><Cadence>23</Cadence><Extensions><ext:TPX><ext:Watts>64.51351351351352</ext:Watts><ext:Torque>20</ext:Torque></ext:TPX></Extensions></Trackpoint><Trackpoint><Time>2025-09-10T14:23:28.054Z</Time><DistanceMeters>8133.462553757376</DistanceMeters><HeartRateBpm><Value>156</Value></HeartRateBpm><Cadence>22</Cadence><Extensions><ext:TPX><ext:Watts>64.6842105263158</ext:Watts><ext:Torque>20</ext:Torque></ext:TPX></Extensions></Trackpoint><Trackpoint><Time>2025-09-10T14:23:29.385Z</Time><DistanceMeters>8139.2067818096675</DistanceMeters><HeartRateBpm><Value>156</Value></HeartRateBpm><Cadence>22</Cadence><Extensions><ext:TPX><ext:Watts>63.39473684210526</ext:Watts><ext:Torque>20</ext:Torque></ext:TPX></Extensions></Trackpoint><Trackpoint><Time>2025-09-10T14:23:30.679Z</Time><DistanceMeters>8144.925304480723</DistanceMeters><HeartRateBpm><Value>156</Value></HeartRateBpm><Cadence>23</Cadence><Extensions><ext:TPX><ext:Watts>64.51351351351352</ext:Watts><ext:Torque>20</ext:Torque></ext:TPX></Extensions></Trackpoint><Trackpoint><Time>2025-09-10T14:23:31.975Z</Time><DistanceMeters>8150.591121873704</DistanceMeters><HeartRateBpm><Value>156</Value></HeartRateBpm><Cadence>23</Cadence><Extensions><ext:TPX><ext:Watts>63.91891891891892</ext:Watts><ext:Torque>20</ext:Torque></ext:TPX></Extensions></Trackpoint><Trackpoint><Time>2025-09-10T14:23:33.269Z</Time><DistanceMeters>8156.434220656572</DistanceMeters><HeartRateBpm><Value>155</Value></HeartRateBpm><Cadence>23</Cadence><Extensions><ext:TPX><ext:Watts>65.91891891891892</ext:Watts><ext:Torque>20</ext:Torque></ext:TPX></Extensions></Trackpoint><Trackpoint><Time>2025-09-10T14:23:34.599Z</Time><DistanceMeters>8162.259521250905</DistanceMeters><HeartRateBpm><Value>155</Value></HeartRateBpm><Cadence>22</Cadence><Extensions><ext:TPX><ext:Watts>64.28947368421052</ext:Watts><ext:Torque>20</ext:Torque></ext:TPX></Extensions></Trackpoint><Trackpoint><Time>2025-09-10T14:23:35.929Z</Time><DistanceMeters>8168.094359791361</DistanceMeters><HeartRateBpm><Value>155</Value></HeartRateBpm><Cadence>22</Cadence><Extensions><ext:TPX><ext:Watts>64.39473684210526</ext:Watts><ext:Torque>20</ext:Torque></ext:TPX></Extensions></Trackpoint><Trackpoint><Time>2025-09-10T14:23:37.260Z</Time><DistanceMeters>8173.962581143246</DistanceMeters><HeartRateBpm><Value>155</Value></HeartRateBpm><Cadence>22</Cadence><Extensions><ext:TPX><ext:Watts>64.76315789473684</ext:Watts><ext:Torque>20</ext:Torque></ext:TPX></Extensions></Trackpoint><Trackpoint><Time>2025-09-10T14:23:38.590Z</Time><DistanceMeters>8179.542279624924</DistanceMeters><HeartRateBpm><Value>155</Value></HeartRateBpm><Cadence>22</Cadence><Extensions><ext:TPX><ext:Watts>61.578947368421055</ext:Watts><ext:Torque>20</ext:Torque></ext:TPX></Extensions></Trackpoint><Trackpoint><Time>2025-09-10T14:23:39.885Z</Time><DistanceMeters>8185.05237687814</DistanceMeters><HeartRateBpm><Value>155</Value></HeartRateBpm><Cadence>23</Cadence><Extensions><ext:TPX><ext:Watts>62.16216216216216</ext:Watts><ext:Torque>20</ext:Torque></ext:TPX></Extensions></Trackpoint><Trackpoint><Time>2025-09-10T14:23:41.215Z</Time><DistanceMeters>8190.291093785938</DistanceMeters><HeartRateBpm><Value>155</Value></HeartRateBpm><Cadence>22</Cadence><Extensions><ext:TPX><ext:Watts>57.81578947368421</ext:Watts><ext:Torque>20</ext:Torque></ext:TPX></Extensions></Trackpoint><Trackpoint><Time>2025-09-10T14:23:42.509Z</Time><DistanceMeters>8195.372361731186</DistanceMeters><HeartRateBpm><Value>155</Value></HeartRateBpm><Cadence>23</Cadence><Extensions><ext:TPX><ext:Watts>57.32432432432432</ext:Watts><ext:Torque>20</ext:Torque></ext:TPX></Extensions></Trackpoint><Trackpoint><Time>2025-09-10T14:23:43.840Z</Time><DistanceMeters>8200.432242149187</DistanceMeters><HeartRateBpm><Value>155</Value></HeartRateBpm><Cadence>22</Cadence><Extensions><ext:TPX><ext:Watts>55.8421052631579</ext:Watts><ext:Torque>20</ext:Torque></ext:TPX></Extensions></Trackpoint><Trackpoint><Time>2025-09-10T14:23:45.170Z</Time><DistanceMeters>8205.563657163106</DistanceMeters><HeartRateBpm><Value>155</Value></HeartRateBpm><Cadence>22</Cadence><Extensions><ext:TPX><ext:Watts>56.63157894736842</ext:Watts><ext:Torque>20</ext:Torque></ext:TPX></Extensions></Trackpoint><Trackpoint><Time>2025-09-10T14:23:46.505Z</Time><DistanceMeters>8210.778529205598</DistanceMeters><HeartRateBpm><Value>155</Value></HeartRateBpm><Cadence>22</Cadence><Extensions><ext:TPX><ext:Watts>57.55263157894737</ext:Watts><ext:Torque>20</ext:Torque></ext:TPX></Extensions></Trackpoint><Trackpoint><Time>2025-09-10T14:23:47.800Z</Time><DistanceMeters>8216.001143123864</DistanceMeters><HeartRateBpm><Value>155</Value></HeartRateBpm><Cadence>23</Cadence><Extensions><ext:TPX><ext:Watts>58.91891891891892</ext:Watts><ext:Torque>20</ext:Torque></ext:TPX></Extensions></Trackpoint><Trackpoint><Time>2025-09-10T14:23:49.130Z</Time><DistanceMeters>8221.27085835656</DistanceMeters><HeartRateBpm><Value>155</Value></HeartRateBpm><Cadence>22</Cadence><Extensions><ext:TPX><ext:Watts>58.1578947368421</ext:Watts><ext:Torque>20</ext:Torque></ext:TPX></Extensions></Trackpoint><Trackpoint><Time>2025-09-10T14:23:50.460Z</Time><DistanceMeters>8226.645490996603</DistanceMeters><HeartRateBpm><Value>155</Value></HeartRateBpm><Cadence>22</Cadence><Extensions><ext:TPX><ext:Watts>59.31578947368421</ext:Watts><ext:Torque>20</ext:Torque></ext:TPX></Extensions></Trackpoint><Trackpoint><Time>2025-09-10T14:23:51.760Z</Time><DistanceMeters>8231.88008338716</DistanceMeters><HeartRateBpm><Value>155</Value></HeartRateBpm><Cadence>23</Cadence><Extensions><ext:TPX><ext:Watts>59.054054054054056</ext:Watts><ext:Torque>20</ext:Torque></ext:TPX></Extensions></Trackpoint><Trackpoint><Time>2025-09-10T14:23:53.055Z</Time><DistanceMeters>8237.378202168085</DistanceMeters><HeartRateBpm><Value>156</Value></HeartRateBpm><Cadence>23</Cadence><Extensions><ext:TPX><ext:Watts>62.027027027027025</ext:Watts><ext:Torque>20</ext:Torque></ext:TPX></Extensions></Trackpoint><Trackpoint><Time>2025-09-10T14:23:54.355Z</Time><DistanceMeters>8242.71820511479</DistanceMeters><HeartRateBpm><Value>156</Value></HeartRateBpm><Cadence>23</Cadence><Extensions><ext:TPX><ext:Watts>60.24324324324324</ext:Watts><ext:Torque>20</ext:Torque></ext:TPX></Extensions></Trackpoint><Trackpoint><Time>2025-09-10T14:23:55.685Z</Time><DistanceMeters>8248.03799456463</DistanceMeters><HeartRateBpm><Value>156</Value></HeartRateBpm><Cadence>22</Cadence><Extensions><ext:TPX><ext:Watts>58.71052631578947</ext:Watts><ext:Torque>20</ext:Torque></ext:TPX></Extensions></Trackpoint><Trackpoint><Time>2025-09-10T14:23:57.015Z</Time><DistanceMeters>8253.457932448755</DistanceMeters><HeartRateBpm><Value>156</Value></HeartRateBpm><Cadence>22</Cadence><Extensions><ext:TPX><ext:Watts>59.81578947368421</ext:Watts><ext:Torque>20</ext:Torque></ext:TPX></Extensions></Trackpoint><Trackpoint><Time>2025-09-10T14:23:58.346Z</Time><DistanceMeters>8258.622730274103</DistanceMeters><HeartRateBpm><Value>157</Value></HeartRateBpm><Cadence>22</Cadence><Extensions><ext:TPX><ext:Watts>57.0</ext:Watts><ext:Torque>20</ext:Torque></ext:TPX></Extensions></Trackpoint><Trackpoint><Time>2025-09-10T14:23:59.675Z</Time><DistanceMeters>8263.780374639859</DistanceMeters><HeartRateBpm><Value>157</Value></HeartRateBpm><Cadence>22</Cadence><Extensions><ext:TPX><ext:Watts>56.921052631578945</ext:Watts><ext:Torque>20</ext:Torque></ext:TPX></Extensions></Trackpoint><Trackpoint><Time>2025-09-10T14:24:00.970Z</Time><DistanceMeters>8268.679569806305</DistanceMeters><HeartRateBpm><Value>157</Value></HeartRateBpm><Cadence>23</Cadence><Extensions><ext:TPX><ext:Watts>55.270270270270274</ext:Watts><ext:Torque>20</ext:Torque></ext:TPX></Extensions></Trackpoint><Trackpoint><Time>2025-09-10T14:24:02.305Z</Time><DistanceMeters>8273.815753793286</DistanceMeters><HeartRateBpm><Value>157</Value></HeartRateBpm><Cadence>22</Cadence><Extensions><ext:TPX><ext:Watts>56.68421052631579</ext:Watts><ext:Torque>20</ext:Torque></ext:TPX></Extensions></Trackpoint><Trackpoint><Time>2025-09-10T14:24:03.600Z</Time><DistanceMeters>8279.299498407465</DistanceMeters><HeartRateBpm><Value>157</Value></HeartRateBpm><Cadence>23</Cadence><Extensions><ext:TPX><ext:Watts>61.86486486486486</ext:Watts><ext:Torque>20</ext:Torque></ext:TPX></Extensions></Trackpoint><Trackpoint><Time>2025-09-10T14:24:04.935Z</Time><DistanceMeters>8284.779048454857</DistanceMeters><HeartRateBpm><Value>158</Value></HeartRateBpm><Cadence>22</Cadence><Extensions><ext:TPX><ext:Watts>60.473684210526315</ext:Watts><ext:Torque>20</ext:Torque></ext:TPX></Extensions></Trackpoint><Trackpoint><Time>2025-09-10T14:24:06.265Z</Time><DistanceMeters>8290.463664343883</DistanceMeters><HeartRateBpm><Value>158</Value></HeartRateBpm><Cadence>22</Cadence><Extensions><ext:TPX><ext:Watts>62.73684210526316</ext:Watts><ext:Torque>20</ext:Torque></ext:TPX></Extensions></Trackpoint><Trackpoint><Time>2025-09-10T14:24:07.595Z</Time><DistanceMeters>8295.928907472091</DistanceMeters><HeartRateBpm><Value>158</Value></HeartRateBpm><Cadence>22</Cadence><Extensions><ext:TPX><ext:Watts>60.31578947368421</ext:Watts><ext:Torque>20</ext:Torque></ext:TPX></Extensions></Trackpoint><Trackpoint><Time>2025-09-10T14:24:08.925Z</Time><DistanceMeters>8301.520528386422</DistanceMeters><HeartRateBpm><Value>158</Value></HeartRateBpm><Cadence>22</Cadence><Extensions><ext:TPX><ext:Watts>61.71052631578947</ext:Watts><ext:Torque>20</ext:Torque></ext:TPX></Extensions></Trackpoint><Trackpoint><Time>2025-09-10T14:24:10.255Z</Time><DistanceMeters>8307.128840706468</DistanceMeters><HeartRateBpm><Value>158</Value></HeartRateBpm><Cadence>22</Cadence><Extensions><ext:TPX><ext:Watts>61.89473684210526</ext:Watts><ext:Torque>20</ext:Torque></ext:TPX></Extensions></Trackpoint><Trackpoint><Time>2025-09-10T14:24:11.620Z</Time><DistanceMeters>8312.612992979612</DistanceMeters><HeartRateBpm><Value>158</Value></HeartRateBpm><Cadence>22</Cadence><Extensions><ext:TPX><ext:Watts>59.17948717948718</ext:Watts><ext:Torque>20</ext:Torque></ext:TPX></Extensions></Trackpoint><Trackpoint><Time>2025-09-10T14:24:12.915Z</Time><DistanceMeters>8318.072780649212</DistanceMeters><HeartRateBpm><Value>158</Value></HeartRateBpm><Cadence>23</Cadence><Extensions><ext:TPX><ext:Watts>61.5945945945946</ext:Watts><ext:Torque>20</ext:Torque></ext:TPX></Extensions></Trackpoint><Trackpoint><Time>2025-09-10T14:24:14.245Z</Time><DistanceMeters>8323.671555023135</DistanceMeters><HeartRateBpm><Value>158</Value></HeartRateBpm><Cadence>22</Cadence><Extensions><ext:TPX><ext:Watts>61.78947368421053</ext:Watts><ext:Torque>20</ext:Torque></ext:TPX></Extensions></Trackpoint><Trackpoint><Time>2025-09-10T14:24:15.575Z</Time><DistanceMeters>8329.081954961139</DistanceMeters><HeartRateBpm><Value>158</Value></HeartRateBpm><Cadence>22</Cadence><Extensions><ext:TPX><ext:Watts>59.71052631578947</ext:Watts><ext:Torque>20</ext:Torque></ext:TPX></Extensions></Trackpoint><Trackpoint><Time>2025-09-10T14:24:16.906Z</Time><DistanceMeters>8334.604425766081</DistanceMeters><HeartRateBpm><Value>158</Value></HeartRateBpm><Cadence>22</Cadence><Extensions><ext:TPX><ext:Watts>60.94736842105263</ext:Watts><ext:Torque>20</ext:Torque></ext:TPX></Extensions></Trackpoint><Trackpoint><Time>2025-09-10T14:24:18.200Z</Time><DistanceMeters>8340.009112463149</DistanceMeters><HeartRateBpm><Value>157</Value></HeartRateBpm><Cadence>23</Cadence><Extensions><ext:TPX><ext:Watts>60.972972972972975</ext:Watts><ext:Torque>20</ext:Torque></ext:TPX></Extensions></Trackpoint><Trackpoint><Time>2025-09-10T14:24:19.465Z</Time><DistanceMeters>8345.238494359848</DistanceMeters><HeartRateBpm><Value>157</Value></HeartRateBpm><Cadence>24</Cadence><Extensions><ext:TPX><ext:Watts>60.27777777777778</ext:Watts><ext:Torque>20</ext:Torque></ext:TPX></Extensions></Trackpoint><Trackpoint><Time>2025-09-10T14:24:20.760Z</Time><DistanceMeters>8350.463503972573</DistanceMeters><HeartRateBpm><Value>157</Value></HeartRateBpm><Cadence>23</Cadence><Extensions><ext:TPX><ext:Watts>58.945945945945944</ext:Watts><ext:Torque>20</ext:Torque></ext:TPX></Extensions></Trackpoint><Trackpoint><Time>2025-09-10T14:24:21.986Z</Time><DistanceMeters>8355.432551443024</DistanceMeters><HeartRateBpm><Value>157</Value></HeartRateBpm><Cadence>24</Cadence><Extensions><ext:TPX><ext:Watts>59.714285714285715</ext:Watts><ext:Torque>20</ext:Torque></ext:TPX></Extensions></Trackpoint><Trackpoint><Time>2025-09-10T14:24:23.220Z</Time><DistanceMeters>8360.161467911315</DistanceMeters><HeartRateBpm><Value>157</Value></HeartRateBpm><Cadence>24</Cadence><Extensions><ext:TPX><ext:Watts>56.82857142857143</ext:Watts><ext:Torque>20</ext:Torque></ext:TPX></Extensions></Trackpoint><Trackpoint><Time>2025-09-10T14:24:24.410Z</Time><DistanceMeters>8364.608310868682</DistanceMeters><HeartRateBpm><Value>157</Value></HeartRateBpm><Cadence>25</Cadence><Extensions><ext:TPX><ext:Watts>54.529411764705884</ext:Watts><ext:Torque>20</ext:Torque></ext:TPX></Extensions></Trackpoint><Trackpoint><Time>2025-09-10T14:24:25.601Z</Time><DistanceMeters>8369.179876497992</DistanceMeters><HeartRateBpm><Value>157</Value></HeartRateBpm><Cadence>25</Cadence><Extensions><ext:TPX><ext:Watts>56.05882352941177</ext:Watts><ext:Torque>20</ext:Torque></ext:TPX></Extensions></Trackpoint><Trackpoint><Time>2025-09-10T14:24:26.825Z</Time><DistanceMeters>8373.473704120785</DistanceMeters><HeartRateBpm><Value>157</Value></HeartRateBpm><Cadence>24</Cadence><Extensions><ext:TPX><ext:Watts>51.6</ext:Watts><ext:Torque>20</ext:Torque></ext:TPX></Extensions></Trackpoint><Trackpoint><Time>2025-09-10T14:24:27.980Z</Time><DistanceMeters>8377.781662557183</DistanceMeters><HeartRateBpm><Value>157</Value></HeartRateBpm><Cadence>26</Cadence><Extensions><ext:TPX><ext:Watts>54.93939393939394</ext:Watts><ext:Torque>20</ext:Torque></ext:TPX></Extensions></Trackpoint><Trackpoint><Time>2025-09-10T14:24:29.170Z</Time><DistanceMeters>8381.902307757158</DistanceMeters><HeartRateBpm><Value>156</Value></HeartRateBpm><Cadence>25</Cadence><Extensions><ext:TPX><ext:Watts>50.529411764705884</ext:Watts><ext:Torque>20</ext:Torque></ext:TPX></Extensions></Trackpoint><Trackpoint><Time>2025-09-10T14:24:30.361Z</Time><DistanceMeters>8386.145277116155</DistanceMeters><HeartRateBpm><Value>156</Value></HeartRateBpm><Cadence>25</Cadence><Extensions><ext:TPX><ext:Watts>52.029411764705884</ext:Watts><ext:Torque>20</ext:Torque></ext:TPX></Extensions></Trackpoint><Trackpoint><Time>2025-09-10T14:24:31.480Z</Time><DistanceMeters>8390.451634952075</DistanceMeters><HeartRateBpm><Value>156</Value></HeartRateBpm><Cadence>27</Cadence><Extensions><ext:TPX><ext:Watts>57.03125</ext:Watts><ext:Torque>20</ext:Torque></ext:TPX></Extensions></Trackpoint><Trackpoint><Time>2025-09-10T14:24:32.671Z</Time><DistanceMeters>8394.862500215611</DistanceMeters><HeartRateBpm><Value>156</Value></HeartRateBpm><Cadence>25</Cadence><Extensions><ext:TPX><ext:Watts>54.088235294117645</ext:Watts><ext:Torque>20</ext:Torque></ext:TPX></Extensions></Trackpoint><Trackpoint><Time>2025-09-10T14:24:33.791Z</Time><DistanceMeters>8399.003682682482</DistanceMeters><HeartRateBpm><Value>156</Value></HeartRateBpm><Cadence>27</Cadence><Extensions><ext:TPX><ext:Watts>54.84375</ext:Watts><ext:Torque>20</ext:Torque></ext:TPX></Extensions></Trackpoint><Trackpoint><Time>2025-09-10T14:24:34.910Z</Time><DistanceMeters>8403.234531778264</DistanceMeters><HeartRateBpm><Value>156</Value></HeartRateBpm><Cadence>27</Cadence><Extensions><ext:TPX><ext:Watts>56.03125</ext:Watts><ext:Torque>20</ext:Torque></ext:TPX></Extensions></Trackpoint><Trackpoint><Time>2025-09-10T14:24:36.030Z</Time><DistanceMeters>8407.316723041902</DistanceMeters><HeartRateBpm><Value>156</Value></HeartRateBpm><Cadence>27</Cadence><Extensions><ext:TPX><ext:Watts>54.0625</ext:Watts><ext:Torque>20</ext:Torque></ext:TPX></Extensions></Trackpoint><Trackpoint><Time>2025-09-10T14:24:37.186Z</Time><DistanceMeters>8411.455974887576</DistanceMeters><HeartRateBpm><Value>157</Value></HeartRateBpm><Cadence>26</Cadence><Extensions><ext:TPX><ext:Watts>52.78787878787879</ext:Watts><ext:Torque>20</ext:Torque></ext:TPX></Extensions></Trackpoint><Trackpoint><Time>2025-09-10T14:24:38.340Z</Time><DistanceMeters>8415.545327600783</DistanceMeters><HeartRateBpm><Value>157</Value></HeartRateBpm><Cadence>26</Cadence><Extensions><ext:TPX><ext:Watts>52.15151515151515</ext:Watts><ext:Torque>20</ext:Torque></ext:TPX></Extensions></Trackpoint><Trackpoint><Time>2025-09-10T14:24:39.426Z</Time><DistanceMeters>8419.345387985632</DistanceMeters><HeartRateBpm><Value>157</Value></HeartRateBpm><Cadence>28</Cadence><Extensions><ext:TPX><ext:Watts>51.25806451612903</ext:Watts><ext:Torque>20</ext:Torque></ext:TPX></Extensions></Trackpoint><Trackpoint><Time>2025-09-10T14:24:40.546Z</Time><DistanceMeters>8423.186895140085</DistanceMeters><HeartRateBpm><Value>158</Value></HeartRateBpm><Cadence>27</Cadence><Extensions><ext:TPX><ext:Watts>50.875</ext:Watts><ext:Torque>20</ext:Torque></ext:TPX></Extensions></Trackpoint><Trackpoint><Time>2025-09-10T14:24:41.636Z</Time><DistanceMeters>8427.128052795359</DistanceMeters><HeartRateBpm><Value>158</Value></HeartRateBpm><Cadence>28</Cadence><Extensions><ext:TPX><ext:Watts>53.16129032258065</ext:Watts><ext:Torque>20</ext:Torque></ext:TPX></Extensions></Trackpoint><Trackpoint><Time>2025-09-10T14:24:42.756Z</Time><DistanceMeters>8430.974279246071</DistanceMeters><HeartRateBpm><Value>157</Value></HeartRateBpm><Cadence>27</Cadence><Extensions><ext:TPX><ext:Watts>50.9375</ext:Watts><ext:Torque>20</ext:Torque></ext:TPX></Extensions></Trackpoint><Trackpoint><Time>2025-09-10T14:24:43.876Z</Time><DistanceMeters>8434.815786400524</DistanceMeters><HeartRateBpm><Value>157</Value></HeartRateBpm><Cadence>27</Cadence><Extensions><ext:TPX><ext:Watts>50.875</ext:Watts><ext:Torque>20</ext:Torque></ext:TPX></Extensions></Trackpoint><Trackpoint><Time>2025-09-10T14:24:44.960Z</Time><DistanceMeters>8438.733029264202</DistanceMeters><HeartRateBpm><Value>156</Value></HeartRateBpm><Cadence>28</Cadence><Extensions><ext:TPX><ext:Watts>52.83870967741935</ext:Watts><ext:Torque>20</ext:Torque></ext:TPX></Extensions></Trackpoint><Trackpoint><Time>2025-09-10T14:24:46.081Z</Time><DistanceMeters>8442.55801888175</DistanceMeters><HeartRateBpm><Value>156</Value></HeartRateBpm><Cadence>27</Cadence><Extensions><ext:TPX><ext:Watts>50.65625</ext:Watts><ext:Torque>20</ext:Torque></ext:TPX></Extensions></Trackpoint><Trackpoint><Time>2025-09-10T14:24:47.166Z</Time><DistanceMeters>8446.446563995509</DistanceMeters><HeartRateBpm><Value>156</Value></HeartRateBpm><Cadence>28</Cadence><Extensions><ext:TPX><ext:Watts>52.45161290322581</ext:Watts><ext:Torque>20</ext:Torque></ext:TPX></Extensions></Trackpoint><Trackpoint><Time>2025-09-10T14:24:48.251Z</Time><DistanceMeters>8450.210752192961</DistanceMeters><HeartRateBpm><Value>156</Value></HeartRateBpm><Cadence>28</Cadence><Extensions><ext:TPX><ext:Watts>50.774193548387096</ext:Watts><ext:Torque>20</ext:Torque></ext:TPX></Extensions></Trackpoint><Trackpoint><Time>2025-09-10T14:24:49.336Z</Time><DistanceMeters>8454.046684765206</DistanceMeters><HeartRateBpm><Value>156</Value></HeartRateBpm><Cadence>28</Cadence><Extensions><ext:TPX><ext:Watts>51.74193548387097</ext:Watts><ext:Torque>20</ext:Torque></ext:TPX></Extensions></Trackpoint><Trackpoint><Time>2025-09-10T14:24:50.391Z</Time><DistanceMeters>8457.890477052584</DistanceMeters><HeartRateBpm><Value>156</Value></HeartRateBpm><Cadence>28</Cadence><Extensions><ext:TPX><ext:Watts>53.733333333333334</ext:Watts><ext:Torque>20</ext:Torque></ext:TPX></Extensions></Trackpoint><Trackpoint><Time>2025-09-10T14:24:51.476Z</Time><DistanceMeters>8461.712060749871</DistanceMeters><HeartRateBpm><Value>157</Value></HeartRateBpm><Cadence>28</Cadence><Extensions><ext:TPX><ext:Watts>51.54838709677419</ext:Watts><ext:Torque>20</ext:Torque></ext:TPX></Extensions></Trackpoint><Trackpoint><Time>2025-09-10T14:24:52.526Z</Time><DistanceMeters>8465.4819339548</DistanceMeters><HeartRateBpm><Value>157</Value></HeartRateBpm><Cadence>28</Cadence><Extensions><ext:TPX><ext:Watts>52.7</ext:Watts><ext:Torque>20</ext:Torque></ext:TPX></Extensions></Trackpoint><Trackpoint><Time>2025-09-10T14:24:53.616Z</Time><DistanceMeters>8469.401568297635</DistanceMeters><HeartRateBpm><Value>157</Value></HeartRateBpm><Cadence>28</Cadence><Extensions><ext:TPX><ext:Watts>52.87096774193548</ext:Watts><ext:Torque>20</ext:Torque></ext:TPX></Extensions></Trackpoint><Trackpoint><Time>2025-09-10T14:24:54.706Z</Time><DistanceMeters>8473.134667266011</DistanceMeters><HeartRateBpm><Value>157</Value></HeartRateBpm><Cadence>28</Cadence><Extensions><ext:TPX><ext:Watts>50.354838709677416</ext:Watts><ext:Torque>20</ext:Torque></ext:TPX></Extensions></Trackpoint><Trackpoint><Time>2025-09-10T14:24:55.791Z</Time><DistanceMeters>8476.772107067996</DistanceMeters><HeartRateBpm><Value>157</Value></HeartRateBpm><Cadence>28</Cadence><Extensions><ext:TPX><ext:Watts>49.064516129032256</ext:Watts><ext:Torque>20</ext:Torque></ext:TPX></Extensions></Trackpoint><Trackpoint><Time>2025-09-10T14:24:56.882Z</Time><DistanceMeters>8480.493248640572</DistanceMeters><HeartRateBpm><Value>157</Value></HeartRateBpm><Cadence>28</Cadence><Extensions><ext:TPX><ext:Watts>50.193548387096776</ext:Watts><ext:Torque>20</ext:Torque></ext:TPX></Extensions></Trackpoint><Trackpoint><Time>2025-09-10T14:24:57.931Z</Time><DistanceMeters>8484.186818276521</DistanceMeters><HeartRateBpm><Value>157</Value></HeartRateBpm><Cadence>28</Cadence><Extensions><ext:TPX><ext:Watts>51.63333333333333</ext:Watts><ext:Torque>20</ext:Torque></ext:TPX></Extensions></Trackpoint><Trackpoint><Time>2025-09-10T14:24:59.051Z</Time><DistanceMeters>8487.615387008353</DistanceMeters><HeartRateBpm><Value>157</Value></HeartRateBpm><Cadence>27</Cadence><Extensions><ext:TPX><ext:Watts>45.40625</ext:Watts><ext:Torque>20</ext:Torque></ext:TPX></Extensions></Trackpoint><Trackpoint><Time>2025-09-10T14:25:00.101Z</Time><DistanceMeters>8491.108659775728</DistanceMeters><HeartRateBpm><Value>158</Value></HeartRateBpm><Cadence>28</Cadence><Extensions><ext:TPX><ext:Watts>48.833333333333336</ext:Watts><ext:Torque>20</ext:Torque></ext:TPX></Extensions></Trackpoint><Trackpoint><Time>2025-09-10T14:25:01.151Z</Time><DistanceMeters>8494.654391246777</DistanceMeters><HeartRateBpm><Value>158</Value></HeartRateBpm><Cadence>28</Cadence><Extensions><ext:TPX><ext:Watts>49.56666666666667</ext:Watts><ext:Torque>20</ext:Torque></ext:TPX></Extensions></Trackpoint><Trackpoint><Time>2025-09-10T14:25:02.241Z</Time><DistanceMeters>8498.334877673638</DistanceMeters><HeartRateBpm><Value>158</Value></HeartRateBpm><Cadence>28</Cadence><Extensions><ext:TPX><ext:Watts>49.645161290322584</ext:Watts><ext:Torque>20</ext:Torque></ext:TPX></Extensions></Trackpoint><Trackpoint><Time>2025-09-10T14:25:03.291Z</Time><DistanceMeters>8502.07375255367</DistanceMeters><HeartRateBpm><Value>158</Value></HeartRateBpm><Cadence>28</Cadence><Extensions><ext:TPX><ext:Watts>52.266666666666666</ext:Watts><ext:Torque>20</ext:Torque></ext:TPX></Extensions></Trackpoint><Trackpoint><Time>2025-09-10T14:25:04.341Z</Time><DistanceMeters>8505.900853435334</DistanceMeters><HeartRateBpm><Value>158</Value></HeartRateBpm><Cadence>28</Cadence><Extensions><ext:TPX><ext:Watts>53.5</ext:Watts><ext:Torque>20</ext:Torque></ext:TPX></Extensions></Trackpoint><Trackpoint><Time>2025-09-10T14:25:05.391Z</Time><DistanceMeters>8510.064166917817</DistanceMeters><HeartRateBpm><Value>158</Value></HeartRateBpm><Cadence>28</Cadence><Extensions><ext:TPX><ext:Watts>58.2</ext:Watts><ext:Torque>20</ext:Torque></ext:TPX></Extensions></Trackpoint><Trackpoint><Time>2025-09-10T14:25:06.441Z</Time><DistanceMeters>8514.144023371728</DistanceMeters><HeartRateBpm><Value>158</Value></HeartRateBpm><Cadence>28</Cadence><Extensions><ext:TPX><ext:Watts>57.03333333333333</ext:Watts><ext:Torque>20</ext:Torque></ext:TPX></Extensions></Trackpoint><Trackpoint><Time>2025-09-10T14:25:07.526Z</Time><DistanceMeters>8518.171274276752</DistanceMeters><HeartRateBpm><Value>158</Value></HeartRateBpm><Cadence>28</Cadence><Extensions><ext:TPX><ext:Watts>54.32258064516129</ext:Watts><ext:Torque>20</ext:Torque></ext:TPX></Extensions></Trackpoint><Trackpoint><Time>2025-09-10T14:25:08.716Z</Time><DistanceMeters>8522.229558140756</DistanceMeters><HeartRateBpm><Value>158</Value></HeartRateBpm><Cadence>25</Cadence><Extensions><ext:TPX><ext:Watts>49.76470588235294</ext:Watts><ext:Torque>20</ext:Torque></ext:TPX></Extensions></Trackpoint><Trackpoint><Time>2025-09-10T14:25:09.906Z</Time><DistanceMeters>8526.307030108137</DistanceMeters><HeartRateBpm><Value>158</Value></HeartRateBpm><Cadence>25</Cadence><Extensions><ext:TPX><ext:Watts>50.0</ext:Watts><ext:Torque>20</ext:Torque></ext:TPX></Extensions></Trackpoint><Trackpoint><Time>2025-09-10T14:25:11.131Z</Time><DistanceMeters>8530.310798500597</DistanceMeters><HeartRateBpm><Value>158</Value></HeartRateBpm><Cadence>24</Cadence><Extensions><ext:TPX><ext:Watts>48.114285714285714</ext:Watts><ext:Torque>20</ext:Torque></ext:TPX></Extensions></Trackpoint><Trackpoint><Time>2025-09-10T14:25:12.326Z</Time><DistanceMeters>8534.455428829793</DistanceMeters><HeartRateBpm><Value>157</Value></HeartRateBpm><Cadence>25</Cadence><Extensions><ext:TPX><ext:Watts>50.8235294117647</ext:Watts><ext:Torque>20</ext:Torque></ext:TPX></Extensions></Trackpoint><Trackpoint><Time>2025-09-10T14:25:13.516Z</Time><DistanceMeters>8538.52810377133</DistanceMeters><HeartRateBpm><Value>157</Value></HeartRateBpm><Cadence>25</Cadence><Extensions><ext:TPX><ext:Watts>49.94117647058823</ext:Watts><ext:Torque>20</ext:Torque></ext:TPX></Extensions></Trackpoint><Trackpoint><Time>2025-09-10T14:25:14.741Z</Time><DistanceMeters>8542.748227819202</DistanceMeters><HeartRateBpm><Value>157</Value></HeartRateBpm><Cadence>24</Cadence><Extensions><ext:TPX><ext:Watts>50.714285714285715</ext:Watts><ext:Torque>20</ext:Torque></ext:TPX></Extensions></Trackpoint><Trackpoint><Time>2025-09-10T14:25:15.966Z</Time><DistanceMeters>8546.431029030557</DistanceMeters><HeartRateBpm><Value>157</Value></HeartRateBpm><Cadence>24</Cadence><Extensions><ext:TPX><ext:Watts>44.25714285714286</ext:Watts><ext:Torque>20</ext:Torque></ext:TPX></Extensions></Trackpoint><Trackpoint><Time>2025-09-10T14:25:17.226Z</Time><DistanceMeters>8550.395237887731</DistanceMeters><HeartRateBpm><Value>157</Value></HeartRateBpm><Cadence>24</Cadence><Extensions><ext:TPX><ext:Watts>46.666666666666664</ext:Watts><ext:Torque>20</ext:Torque></ext:TPX></Extensions></Trackpoint><Trackpoint><Time>2025-09-10T14:25:18.451Z</Time><DistanceMeters>8554.451312043038</DistanceMeters><HeartRateBpm><Value>157</Value></HeartRateBpm><Cadence>24</Cadence><Extensions><ext:TPX><ext:Watts>48.74285714285714</ext:Watts><ext:Torque>20</ext:Torque></ext:TPX></Extensions></Trackpoint><Trackpoint><Time>2025-09-10T14:25:19.711Z</Time><DistanceMeters>8558.375406882016</DistanceMeters><HeartRateBpm><Value>157</Value></HeartRateBpm><Cadence>24</Cadence><Extensions><ext:TPX><ext:Watts>46.19444444444444</ext:Watts><ext:Torque>20</ext:Torque></ext:TPX></Extensions></Trackpoint><Trackpoint><Time>2025-09-10T14:25:20.971Z</Time><DistanceMeters>8562.37501046113</DistanceMeters><HeartRateBpm><Value>157</Value></HeartRateBpm><Cadence>24</Cadence><Extensions><ext:TPX><ext:Watts>47.083333333333336</ext:Watts><ext:Torque>20</ext:Torque></ext:TPX></Extensions></Trackpoint><Trackpoint><Time>2025-09-10T14:25:22.196Z</Time><DistanceMeters>8566.362136110865</DistanceMeters><HeartRateBpm><Value>156</Value></HeartRateBpm><Cadence>24</Cadence><Extensions><ext:TPX><ext:Watts>47.91428571428571</ext:Watts><ext:Torque>20</ext:Torque></ext:TPX></Extensions></Trackpoint><Trackpoint><Time>2025-09-10T14:25:23.421Z</Time><DistanceMeters>8570.213742284133</DistanceMeters><HeartRateBpm><Value>156</Value></HeartRateBpm><Cadence>24</Cadence><Extensions><ext:TPX><ext:Watts>46.285714285714285</ext:Watts><ext:Torque>20</ext:Torque></ext:TPX></Extensions></Trackpoint><Trackpoint><Time>2025-09-10T14:25:24.681Z</Time><DistanceMeters>8574.192109030084</DistanceMeters><HeartRateBpm><Value>156</Value></HeartRateBpm><Cadence>24</Cadence><Extensions><ext:TPX><ext:Watts>46.833333333333336</ext:Watts><ext:Torque>20</ext:Torque></ext:TPX></Extensions></Trackpoint><Trackpoint><Time>2025-09-10T14:25:25.941Z</Time><DistanceMeters>8578.224747683007</DistanceMeters><HeartRateBpm><Value>155</Value></HeartRateBpm><Cadence>24</Cadence><Extensions><ext:TPX><ext:Watts>47.47222222222222</ext:Watts><ext:Torque>20</ext:Torque></ext:TPX></Extensions></Trackpoint><Trackpoint><Time>2025-09-10T14:25:27.201Z</Time><DistanceMeters>8582.29278105787</DistanceMeters><HeartRateBpm><Value>155</Value></HeartRateBpm><Cadence>24</Cadence><Extensions><ext:TPX><ext:Watts>47.888888888888886</ext:Watts><ext:Torque>20</ext:Torque></ext:TPX></Extensions></Trackpoint><Trackpoint><Time>2025-09-10T14:25:28.461Z</Time><DistanceMeters>8586.36789337712</DistanceMeters><HeartRateBpm><Value>155</Value></HeartRateBpm><Cadence>24</Cadence><Extensions><ext:TPX><ext:Watts>47.97222222222222</ext:Watts><ext:Torque>20</ext:Torque></ext:TPX></Extensions></Trackpoint><Trackpoint><Time>2025-09-10T14:25:29.721Z</Time><DistanceMeters>8590.374575900623</DistanceMeters><HeartRateBpm><Value>155</Value></HeartRateBpm><Cadence>24</Cadence><Extensions><ext:TPX><ext:Watts>47.166666666666664</ext:Watts><ext:Torque>20</ext:Torque></ext:TPX></Extensions></Trackpoint><Trackpoint><Time>2025-09-10T14:25:30.981Z</Time><DistanceMeters>8594.355302294704</DistanceMeters><HeartRateBpm><Value>155</Value></HeartRateBpm><Cadence>24</Cadence><Extensions><ext:TPX><ext:Watts>46.861111111111114</ext:Watts><ext:Torque>20</ext:Torque></ext:TPX></Extensions></Trackpoint><Trackpoint><Time>2025-09-10T14:25:32.277Z</Time><DistanceMeters>8598.35611203943</DistanceMeters><HeartRateBpm><Value>155</Value></HeartRateBpm><Cadence>23</Cadence><Extensions><ext:TPX><ext:Watts>45.13513513513514</ext:Watts><ext:Torque>20</ext:Torque></ext:TPX></Extensions></Trackpoint><Trackpoint><Time>2025-09-10T14:25:33.571Z</Time><DistanceMeters>8602.316194978372</DistanceMeters><HeartRateBpm><Value>155</Value></HeartRateBpm><Cadence>23</Cadence><Extensions><ext:TPX><ext:Watts>44.67567567567568</ext:Watts><ext:Torque>20</ext:Torque></ext:TPX></Extensions></Trackpoint><Trackpoint><Time>2025-09-10T14:25:34.867Z</Time><DistanceMeters>8606.149306111043</DistanceMeters><HeartRateBpm><Value>155</Value></HeartRateBpm><Cadence>23</Cadence><Extensions><ext:TPX><ext:Watts>43.24324324324324</ext:Watts><ext:Torque>20</ext:Torque></ext:TPX></Extensions></Trackpoint><Trackpoint><Time>2025-09-10T14:25:36.128Z</Time><DistanceMeters>8610.082839542538</DistanceMeters><HeartRateBpm><Value>155</Value></HeartRateBpm><Cadence>24</Cadence><Extensions><ext:TPX><ext:Watts>46.30555555555556</ext:Watts><ext:Torque>20</ext:Torque></ext:TPX></Extensions></Trackpoint><Trackpoint><Time>2025-09-10T14:25:37.387Z</Time><DistanceMeters>8613.99041684461</DistanceMeters><HeartRateBpm><Value>155</Value></HeartRateBpm><Cadence>24</Cadence><Extensions><ext:TPX><ext:Watts>46.0</ext:Watts><ext:Torque>20</ext:Torque></ext:TPX></Extensions></Trackpoint><Trackpoint><Time>2025-09-10T14:25:38.682Z</Time><DistanceMeters>8618.015183533917</DistanceMeters><HeartRateBpm><Value>155</Value></HeartRateBpm><Cadence>23</Cadence><Extensions><ext:TPX><ext:Watts>45.4054054054054</ext:Watts><ext:Torque>20</ext:Torque></ext:TPX></Extensions></Trackpoint><Trackpoint><Time>2025-09-10T14:25:39.977Z</Time><DistanceMeters>8621.891417166831</DistanceMeters><HeartRateBpm><Value>156</Value></HeartRateBpm><Cadence>23</Cadence><Extensions><ext:TPX><ext:Watts>43.729729729729726</ext:Watts><ext:Torque>20</ext:Torque></ext:TPX></Extensions></Trackpoint><Trackpoint><Time>2025-09-10T14:25:41.307Z</Time><DistanceMeters>8625.840126861558</DistanceMeters><HeartRateBpm><Value>156</Value></HeartRateBpm><Cadence>22</Cadence><Extensions><ext:TPX><ext:Watts>43.578947368421055</ext:Watts><ext:Torque>20</ext:Torque></ext:TPX></Extensions></Trackpoint><Trackpoint><Time>2025-09-10T14:25:42.602Z</Time><DistanceMeters>8629.606158549408</DistanceMeters><HeartRateBpm><Value>156</Value></HeartRateBpm><Cadence>23</Cadence><Extensions><ext:TPX><ext:Watts>42.486486486486484</ext:Watts><ext:Torque>20</ext:Torque></ext:TPX></Extensions></Trackpoint><Trackpoint><Time>2025-09-10T14:25:43.932Z</Time><DistanceMeters>8633.43087494454</DistanceMeters><HeartRateBpm><Value>156</Value></HeartRateBpm><Cadence>22</Cadence><Extensions><ext:TPX><ext:Watts>42.21052631578947</ext:Watts><ext:Torque>20</ext:Torque></ext:TPX></Extensions></Trackpoint><Trackpoint><Time>2025-09-10T14:25:45.227Z</Time><DistanceMeters>8637.34783538324</DistanceMeters><HeartRateBpm><Value>156</Value></HeartRateBpm><Cadence>23</Cadence><Extensions><ext:TPX><ext:Watts>44.189189189189186</ext:Watts><ext:Torque>20</ext:Torque></ext:TPX></Extensions></Trackpoint><Trackpoint><Time>2025-09-10T14:25:46.522Z</Time><DistanceMeters>8641.149802487958</DistanceMeters><HeartRateBpm><Value>155</Value></HeartRateBpm><Cadence>23</Cadence><Extensions><ext:TPX><ext:Watts>42.891891891891895</ext:Watts><ext:Torque>20</ext:Torque></ext:TPX></Extensions></Trackpoint><Trackpoint><Time>2025-09-10T14:25:47.817Z</Time><DistanceMeters>8645.05238875991</DistanceMeters><HeartRateBpm><Value>155</Value></HeartRateBpm><Cadence>23</Cadence><Extensions><ext:TPX><ext:Watts>44.027027027027025</ext:Watts><ext:Torque>20</ext:Torque></ext:TPX></Extensions></Trackpoint><Trackpoint><Time>2025-09-10T14:25:49.077Z</Time><DistanceMeters>8648.690966175245</DistanceMeters><HeartRateBpm><Value>155</Value></HeartRateBpm><Cadence>24</Cadence><Extensions><ext:TPX><ext:Watts>42.833333333333336</ext:Watts><ext:Torque>20</ext:Torque></ext:TPX></Extensions></Trackpoint><Trackpoint><Time>2025-09-10T14:25:50.302Z</Time><DistanceMeters>8652.635296200833</DistanceMeters><HeartRateBpm><Value>155</Value></HeartRateBpm><Cadence>24</Cadence><Extensions><ext:TPX><ext:Watts>47.4</ext:Watts><ext:Torque>20</ext:Torque></ext:TPX></Extensions></Trackpoint><Trackpoint><Time>2025-09-10T14:25:51.597Z</Time><DistanceMeters>8656.633710251102</DistanceMeters><HeartRateBpm><Value>155</Value></HeartRateBpm><Cadence>23</Cadence><Extensions><ext:TPX><ext:Watts>45.108108108108105</ext:Watts><ext:Torque>20</ext:Torque></ext:TPX></Extensions></Trackpoint><Trackpoint><Time>2025-09-10T14:25:52.857Z</Time><DistanceMeters>8660.656910311509</DistanceMeters><HeartRateBpm><Value>154</Value></HeartRateBpm><Cadence>24</Cadence><Extensions><ext:TPX><ext:Watts>47.361111111111114</ext:Watts><ext:Torque>20</ext:Torque></ext:TPX></Extensions></Trackpoint><Trackpoint><Time>2025-09-10T14:25:54.117Z</Time><DistanceMeters>8664.85944362974</DistanceMeters><HeartRateBpm><Value>154</Value></HeartRateBpm><Cadence>24</Cadence><Extensions><ext:TPX><ext:Watts>49.47222222222222</ext:Watts><ext:Torque>20</ext:Torque></ext:TPX></Extensions></Trackpoint><Trackpoint><Time>2025-09-10T14:25:55.382Z</Time><DistanceMeters>8668.90558750281</DistanceMeters><HeartRateBpm><Value>154</Value></HeartRateBpm><Cadence>24</Cadence><Extensions><ext:TPX><ext:Watts>46.638888888888886</ext:Watts><ext:Torque>20</ext:Torque></ext:TPX></Extensions></Trackpoint><Trackpoint><Time>2025-09-10T14:25:56.712Z</Time><DistanceMeters>8672.952061145292</DistanceMeters><HeartRateBpm><Value>154</Value></HeartRateBpm><Cadence>22</Cadence><Extensions><ext:TPX><ext:Watts>44.6578947368421</ext:Watts><ext:Torque>20</ext:Torque></ext:TPX></Extensions></Trackpoint><Trackpoint><Time>2025-09-10T14:25:58.042Z</Time><DistanceMeters>8676.524021968178</DistanceMeters><HeartRateBpm><Value>153</Value></HeartRateBpm><Cadence>22</Cadence><Extensions><ext:TPX><ext:Watts>39.421052631578945</ext:Watts><ext:Torque>20</ext:Torque></ext:TPX></Extensions></Trackpoint><Trackpoint><Time>2025-09-10T14:25:59.302Z</Time><DistanceMeters>8680.389125603924</DistanceMeters><HeartRateBpm><Value>153</Value></HeartRateBpm><Cadence>24</Cadence><Extensions><ext:TPX><ext:Watts>45.5</ext:Watts><ext:Torque>20</ext:Torque></ext:TPX></Extensions></Trackpoint><Trackpoint><Time>2025-09-10T14:26:00.597Z</Time><DistanceMeters>8684.303690348166</DistanceMeters><HeartRateBpm><Value>153</Value></HeartRateBpm><Cadence>23</Cadence><Extensions><ext:TPX><ext:Watts>44.16216216216216</ext:Watts><ext:Torque>20</ext:Torque></ext:TPX></Extensions></Trackpoint><Trackpoint><Time>2025-09-10T14:26:01.822Z</Time><DistanceMeters>8687.924675657974</DistanceMeters><HeartRateBpm><Value>152</Value></HeartRateBpm><Cadence>24</Cadence><Extensions><ext:TPX><ext:Watts>43.51428571428571</ext:Watts><ext:Torque>20</ext:Torque></ext:TPX></Extensions></Trackpoint><Trackpoint><Time>2025-09-10T14:26:03.092Z</Time><DistanceMeters>8691.79971993903</DistanceMeters><HeartRateBpm><Value>152</Value></HeartRateBpm><Cadence>24</Cadence><Extensions><ext:TPX><ext:Watts>44.666666666666664</ext:Watts><ext:Torque>20</ext:Torque></ext:TPX></Extensions></Trackpoint><Trackpoint><Time>2025-09-10T14:26:04.422Z</Time><DistanceMeters>8695.450368817428</DistanceMeters><HeartRateBpm><Value>152</Value></HeartRateBpm><Cadence>22</Cadence><Extensions><ext:TPX><ext:Watts>40.28947368421053</ext:Watts><ext:Torque>20</ext:Torque></ext:TPX></Extensions></Trackpoint><Trackpoint><Time>2025-09-10T14:26:05.647Z</Time><DistanceMeters>8699.068976592562</DistanceMeters><HeartRateBpm><Value>152</Value></HeartRateBpm><Cadence>24</Cadence><Extensions><ext:TPX><ext:Watts>43.48571428571429</ext:Watts><ext:Torque>20</ext:Torque></ext:TPX></Extensions></Trackpoint><Trackpoint><Time>2025-09-10T14:26:06.872Z</Time><DistanceMeters>8702.666186555622</DistanceMeters><HeartRateBpm><Value>152</Value></HeartRateBpm><Cadence>24</Cadence><Extensions><ext:TPX><ext:Watts>43.22857142857143</ext:Watts><ext:Torque>20</ext:Torque></ext:TPX></Extensions></Trackpoint><Trackpoint><Time>2025-09-10T14:26:08.139Z</Time><DistanceMeters>8706.324344029903</DistanceMeters><HeartRateBpm><Value>151</Value></HeartRateBpm><Cadence>24</Cadence><Extensions><ext:TPX><ext:Watts>42.166666666666664</ext:Watts><ext:Torque>20</ext:Torque></ext:TPX></Extensions></Trackpoint><Trackpoint><Time>2025-09-10T14:26:08.767Z</Time><DistanceMeters>8709.870895168197</DistanceMeters><HeartRateBpm><Value>151</Value></HeartRateBpm><Cadence>48</Cadence><Extensions><ext:TPX><ext:Watts>83.5</ext:Watts><ext:Torque>34</ext:Torque></ext:TPX></Extensions></Trackpoint><Trackpoint><Time>2025-09-10T14:26:09.362Z</Time><DistanceMeters>8709.873269933465</DistanceMeters><HeartRateBpm><Value>151</Value></HeartRateBpm><Cadence>50</Cadence><Extensions><ext:TPX><ext:Watts>0.058823529411764705</ext:Watts><ext:Torque>20</ext:Torque></ext:TPX></Extensions></Trackpoint><Trackpoint><Time>2025-09-10T14:26:10.027Z</Time><DistanceMeters>8713.388003079615</DistanceMeters><HeartRateBpm><Value>151</Value></HeartRateBpm><Cadence>45</Cadence><Extensions><ext:TPX><ext:Watts>77.57894736842105</ext:Watts><ext:Torque>33</ext:Torque></ext:TPX></Extensions></Trackpoint><Trackpoint><Time>2025-09-10T14:26:10.622Z</Time><DistanceMeters>8713.390377844884</DistanceMeters><HeartRateBpm><Value>151</Value></HeartRateBpm><Cadence>50</Cadence><Extensions><ext:TPX><ext:Watts>0.058823529411764705</ext:Watts><ext:Torque>20</ext:Torque></ext:TPX></Extensions></Trackpoint><Trackpoint><Time>2025-09-10T14:26:11.287Z</Time><DistanceMeters>8716.762041799197</DistanceMeters><HeartRateBpm><Value>151</Value></HeartRateBpm><Cadence>45</Cadence><Extensions><ext:TPX><ext:Watts>74.42105263157895</ext:Watts><ext:Torque>32</ext:Torque></ext:TPX></Extensions></Trackpoint><Trackpoint><Time>2025-09-10T14:26:13.182Z</Time><DistanceMeters>8720.432248540521</DistanceMeters><HeartRateBpm><Value>151</Value></HeartRateBpm><Cadence>24</Cadence><Extensions><ext:TPX><ext:Watts>42.30555555555556</ext:Watts><ext:Torque>20</ext:Torque></ext:TPX></Extensions></Trackpoint><Trackpoint><Time>2025-09-10T14:26:14.512Z</Time><DistanceMeters>8724.42864796586</DistanceMeters><HeartRateBpm><Value>151</Value></HeartRateBpm><Cadence>22</Cadence><Extensions><ext:TPX><ext:Watts>44.10526315789474</ext:Watts><ext:Torque>20</ext:Torque></ext:TPX></Extensions></Trackpoint><Trackpoint><Time>2025-09-10T14:26:15.808Z</Time><DistanceMeters>8728.371961043596</DistanceMeters><HeartRateBpm><Value>151</Value></HeartRateBpm><Cadence>23</Cadence><Extensions><ext:TPX><ext:Watts>44.486486486486484</ext:Watts><ext:Torque>20</ext:Torque></ext:TPX></Extensions></Trackpoint><Trackpoint><Time>2025-09-10T14:26:17.068Z</Time><DistanceMeters>8732.133240161655</DistanceMeters><HeartRateBpm><Value>151</Value></HeartRateBpm><Cadence>24</Cadence><Extensions><ext:TPX><ext:Watts>44.27777777777778</ext:Watts><ext:Torque>20</ext:Torque></ext:TPX></Extensions></Trackpoint><Trackpoint><Time>2025-09-10T14:26:18.398Z</Time><DistanceMeters>8736.00087731434</DistanceMeters><HeartRateBpm><Value>151</Value></HeartRateBpm><Cadence>22</Cadence><Extensions><ext:TPX><ext:Watts>42.68421052631579</ext:Watts><ext:Torque>20</ext:Torque></ext:TPX></Extensions></Trackpoint><Trackpoint><Time>2025-09-10T14:26:19.692Z</Time><DistanceMeters>8739.917837753039</DistanceMeters><HeartRateBpm><Value>151</Value></HeartRateBpm><Cadence>23</Cadence><Extensions><ext:TPX><ext:Watts>44.189189189189186</ext:Watts><ext:Torque>20</ext:Torque></ext:TPX></Extensions></Trackpoint><Trackpoint><Time>2025-09-10T14:26:21.022Z</Time><DistanceMeters>8743.914237178378</DistanceMeters><HeartRateBpm><Value>151</Value></HeartRateBpm><Cadence>22</Cadence><Extensions><ext:TPX><ext:Watts>44.10526315789474</ext:Watts><ext:Torque>20</ext:Torque></ext:TPX></Extensions></Trackpoint><Trackpoint><Time>2025-09-10T14:26:22.352Z</Time><DistanceMeters>8747.95832633433</DistanceMeters><HeartRateBpm><Value>151</Value></HeartRateBpm><Cadence>22</Cadence><Extensions><ext:TPX><ext:Watts>44.63157894736842</ext:Watts><ext:Torque>20</ext:Torque></ext:TPX></Extensions></Trackpoint><Trackpoint><Time>2025-09-10T14:26:23.647Z</Time><DistanceMeters>8751.937574828935</DistanceMeters><HeartRateBpm><Value>151</Value></HeartRateBpm><Cadence>23</Cadence><Extensions><ext:TPX><ext:Watts>44.891891891891895</ext:Watts><ext:Torque>20</ext:Torque></ext:TPX></Extensions></Trackpoint><Trackpoint><Time>2025-09-10T14:26:24.952Z</Time><DistanceMeters>8755.921614712457</DistanceMeters><HeartRateBpm><Value>151</Value></HeartRateBpm><Cadence>23</Cadence><Extensions><ext:TPX><ext:Watts>44.945945945945944</ext:Watts><ext:Torque>20</ext:Torque></ext:TPX></Extensions></Trackpoint><Trackpoint><Time>2025-09-10T14:26:26.248Z</Time><DistanceMeters>8760.032626402248</DistanceMeters><HeartRateBpm><Value>150</Value></HeartRateBpm><Cadence>23</Cadence><Extensions><ext:TPX><ext:Watts>46.37837837837838</ext:Watts><ext:Torque>20</ext:Torque></ext:TPX></Extensions></Trackpoint><Trackpoint><Time>2025-09-10T14:26:27.542Z</Time><DistanceMeters>8764.169990731076</DistanceMeters><HeartRateBpm><Value>150</Value></HeartRateBpm><Cadence>23</Cadence><Extensions><ext:TPX><ext:Watts>46.67567567567568</ext:Watts><ext:Torque>20</ext:Torque></ext:TPX></Extensions></Trackpoint><Trackpoint><Time>2025-09-10T14:26:28.838Z</Time><DistanceMeters>8768.225901448335</DistanceMeters><HeartRateBpm><Value>150</Value></HeartRateBpm><Cadence>23</Cadence><Extensions><ext:TPX><ext:Watts>45.75675675675676</ext:Watts><ext:Torque>20</ext:Torque></ext:TPX></Extensions></Trackpoint><Trackpoint><Time>2025-09-10T14:26:30.168Z</Time><DistanceMeters>8772.353447632859</DistanceMeters><HeartRateBpm><Value>150</Value></HeartRateBpm><Cadence>22</Cadence><Extensions><ext:TPX><ext:Watts>45.55263157894737</ext:Watts><ext:Torque>20</ext:Torque></ext:TPX></Extensions></Trackpoint><Trackpoint><Time>2025-09-10T14:26:31.462Z</Time><DistanceMeters>8776.584244045545</DistanceMeters><HeartRateBpm><Value>150</Value></HeartRateBpm><Cadence>23</Cadence><Extensions><ext:TPX><ext:Watts>47.729729729729726</ext:Watts><ext:Torque>20</ext:Torque></ext:TPX></Extensions></Trackpoint><Trackpoint><Time>2025-09-10T14:26:32.798Z</Time><DistanceMeters>8780.513877848027</DistanceMeters><HeartRateBpm><Value>149</Value></HeartRateBpm><Cadence>22</Cadence><Extensions><ext:TPX><ext:Watts>43.36842105263158</ext:Watts><ext:Torque>20</ext:Torque></ext:TPX></Extensions></Trackpoint><Trackpoint><Time>2025-09-10T14:26:34.093Z</Time><DistanceMeters>8784.632076621192</DistanceMeters><HeartRateBpm><Value>149</Value></HeartRateBpm><Cadence>23</Cadence><Extensions><ext:TPX><ext:Watts>46.45945945945946</ext:Watts><ext:Torque>20</ext:Torque></ext:TPX></Extensions></Trackpoint><Trackpoint><Time>2025-09-10T14:26:35.353Z</Time><DistanceMeters>8788.695390699797</DistanceMeters><HeartRateBpm><Value>149</Value></HeartRateBpm><Cadence>24</Cadence><Extensions><ext:TPX><ext:Watts>47.833333333333336</ext:Watts><ext:Torque>20</ext:Torque></ext:TPX></Extensions></Trackpoint><Trackpoint><Time>2025-09-10T14:26:36.648Z</Time><DistanceMeters>8792.832755028625</DistanceMeters><HeartRateBpm><Value>149</Value></HeartRateBpm><Cadence>23</Cadence><Extensions><ext:TPX><ext:Watts>46.67567567567568</ext:Watts><ext:Torque>20</ext:Torque></ext:TPX></Extensions></Trackpoint><Trackpoint><Time>2025-09-10T14:26:37.873Z</Time><DistanceMeters>8796.75568724214</DistanceMeters><HeartRateBpm><Value>149</Value></HeartRateBpm><Cadence>24</Cadence><Extensions><ext:TPX><ext:Watts>47.142857142857146</ext:Watts><ext:Torque>20</ext:Torque></ext:TPX></Extensions></Trackpoint><Trackpoint><Time>2025-09-10T14:26:39.098Z</Time><DistanceMeters>8800.849801952243</DistanceMeters><HeartRateBpm><Value>148</Value></HeartRateBpm><Cadence>24</Cadence><Extensions><ext:TPX><ext:Watts>49.2</ext:Watts><ext:Torque>20</ext:Torque></ext:TPX></Extensions></Trackpoint><Trackpoint><Time>2025-09-10T14:26:40.323Z</Time><DistanceMeters>8804.83217253263</DistanceMeters><HeartRateBpm><Value>148</Value></HeartRateBpm><Cadence>24</Cadence><Extensions><ext:TPX><ext:Watts>47.857142857142854</ext:Watts><ext:Torque>20</ext:Torque></ext:TPX></Extensions></Trackpoint><Trackpoint><Time>2025-09-10T14:26:41.483Z</Time><DistanceMeters>8808.76232325177</DistanceMeters><HeartRateBpm><Value>148</Value></HeartRateBpm><Cadence>26</Cadence><Extensions><ext:TPX><ext:Watts>50.121212121212125</ext:Watts><ext:Torque>20</ext:Torque></ext:TPX></Extensions></Trackpoint><Trackpoint><Time>2025-09-10T14:26:42.643Z</Time><DistanceMeters>8812.694850120077</DistanceMeters><HeartRateBpm><Value>148</Value></HeartRateBpm><Cadence>26</Cadence><Extensions><ext:TPX><ext:Watts>50.15151515151515</ext:Watts><ext:Torque>20</ext:Torque></ext:TPX></Extensions></Trackpoint><Trackpoint><Time>2025-09-10T14:26:43.728Z</Time><DistanceMeters>8816.714926587623</DistanceMeters><HeartRateBpm><Value>148</Value></HeartRateBpm><Cadence>28</Cadence><Extensions><ext:TPX><ext:Watts>54.225806451612904</ext:Watts><ext:Torque>20</ext:Torque></ext:TPX></Extensions></Trackpoint><Trackpoint><Time>2025-09-10T14:26:44.883Z</Time><DistanceMeters>8820.623691964278</DistanceMeters><HeartRateBpm><Value>148</Value></HeartRateBpm><Cadence>26</Cadence><Extensions><ext:TPX><ext:Watts>49.84848484848485</ext:Watts><ext:Torque>20</ext:Torque></ext:TPX></Extensions></Trackpoint><Trackpoint><Time>2025-09-10T14:26:46.003Z</Time><DistanceMeters>8824.476997359377</DistanceMeters><HeartRateBpm><Value>148</Value></HeartRateBpm><Cadence>27</Cadence><Extensions><ext:TPX><ext:Watts>51.03125</ext:Watts><ext:Torque>20</ext:Torque></ext:TPX></Extensions></Trackpoint><Trackpoint><Time>2025-09-10T14:26:47.158Z</Time><DistanceMeters>8828.480808702638</DistanceMeters><HeartRateBpm><Value>149</Value></HeartRateBpm><Cadence>26</Cadence><Extensions><ext:TPX><ext:Watts>51.06060606060606</ext:Watts><ext:Torque>20</ext:Torque></ext:TPX></Extensions></Trackpoint><Trackpoint><Time>2025-09-10T14:26:48.313Z</Time><DistanceMeters>8832.330170350164</DistanceMeters><HeartRateBpm><Value>149</Value></HeartRateBpm><Cadence>26</Cadence><Extensions><ext:TPX><ext:Watts>49.09090909090909</ext:Watts><ext:Torque>20</ext:Torque></ext:TPX></Extensions></Trackpoint><Trackpoint><Time>2025-09-10T14:26:49.468Z</Time><DistanceMeters>8836.488431389158</DistanceMeters><HeartRateBpm><Value>150</Value></HeartRateBpm><Cadence>26</Cadence><Extensions><ext:TPX><ext:Watts>53.03030303030303</ext:Watts><ext:Torque>20</ext:Torque></ext:TPX></Extensions></Trackpoint><Trackpoint><Time>2025-09-10T14:26:50.623Z</Time><DistanceMeters>8840.492242732418</DistanceMeters><HeartRateBpm><Value>150</Value></HeartRateBpm><Cadence>26</Cadence><Extensions><ext:TPX><ext:Watts>51.06060606060606</ext:Watts><ext:Torque>20</ext:Torque></ext:TPX></Extensions></Trackpoint><Trackpoint><Time>2025-09-10T14:26:51.743Z</Time><DistanceMeters>8844.352627071905</DistanceMeters><HeartRateBpm><Value>149</Value></HeartRateBpm><Cadence>27</Cadence><Extensions><ext:TPX><ext:Watts>51.125</ext:Watts><ext:Torque>20</ext:Torque></ext:TPX></Extensions></Trackpoint><Trackpoint><Time>2025-09-10T14:26:52.863Z</Time><DistanceMeters>8848.460774464966</DistanceMeters><HeartRateBpm><Value>150</Value></HeartRateBpm><Cadence>27</Cadence><Extensions><ext:TPX><ext:Watts>54.40625</ext:Watts><ext:Torque>20</ext:Torque></ext:TPX></Extensions></Trackpoint><Trackpoint><Time>2025-09-10T14:26:53.983Z</Time><DistanceMeters>8852.517009599182</DistanceMeters><HeartRateBpm><Value>150</Value></HeartRateBpm><Cadence>27</Cadence><Extensions><ext:TPX><ext:Watts>53.71875</ext:Watts><ext:Torque>20</ext:Torque></ext:TPX></Extensions></Trackpoint><Trackpoint><Time>2025-09-10T14:26:55.103Z</Time><DistanceMeters>8856.419867604996</DistanceMeters><HeartRateBpm><Value>150</Value></HeartRateBpm><Cadence>27</Cadence><Extensions><ext:TPX><ext:Watts>51.6875</ext:Watts><ext:Torque>20</ext:Torque></ext:TPX></Extensions></Trackpoint><Trackpoint><Time>2025-09-10T14:26:56.193Z</Time><DistanceMeters>8860.384940051868</DistanceMeters><HeartRateBpm><Value>150</Value></HeartRateBpm><Cadence>28</Cadence><Extensions><ext:TPX><ext:Watts>53.483870967741936</ext:Watts><ext:Torque>20</ext:Torque></ext:TPX></Extensions></Trackpoint><Trackpoint><Time>2025-09-10T14:26:57.278Z</Time><DistanceMeters>8864.436105748491</DistanceMeters><HeartRateBpm><Value>151</Value></HeartRateBpm><Cadence>28</Cadence><Extensions><ext:TPX><ext:Watts>54.645161290322584</ext:Watts><ext:Torque>20</ext:Torque></ext:TPX></Extensions></Trackpoint><Trackpoint><Time>2025-09-10T14:26:58.363Z</Time><DistanceMeters>8868.32225938309</DistanceMeters><HeartRateBpm><Value>151</Value></HeartRateBpm><Cadence>28</Cadence><Extensions><ext:TPX><ext:Watts>52.41935483870968</ext:Watts><ext:Torque>20</ext:Torque></ext:TPX></Extensions></Trackpoint><Trackpoint><Time>2025-09-10T14:26:59.518Z</Time><DistanceMeters>8872.071822765682</DistanceMeters><HeartRateBpm><Value>151</Value></HeartRateBpm><Cadence>26</Cadence><Extensions><ext:TPX><ext:Watts>47.81818181818182</ext:Watts><ext:Torque>20</ext:Torque></ext:TPX></Extensions></Trackpoint><Trackpoint><Time>2025-09-10T14:27:00.638Z</Time><DistanceMeters>8875.842540476257</DistanceMeters><HeartRateBpm><Value>151</Value></HeartRateBpm><Cadence>27</Cadence><Extensions><ext:TPX><ext:Watts>49.9375</ext:Watts><ext:Torque>20</ext:Torque></ext:TPX></Extensions></Trackpoint><Trackpoint><Time>2025-09-10T14:27:01.793Z</Time><DistanceMeters>8879.63012224549</DistanceMeters><HeartRateBpm><Value>151</Value></HeartRateBpm><Cadence>26</Cadence><Extensions><ext:TPX><ext:Watts>48.303030303030305</ext:Watts><ext:Torque>20</ext:Torque></ext:TPX></Extensions></Trackpoint><Trackpoint><Time>2025-09-10T14:27:02.913Z</Time><DistanceMeters>8883.551857436338</DistanceMeters><HeartRateBpm><Value>151</Value></HeartRateBpm><Cadence>27</Cadence><Extensions><ext:TPX><ext:Watts>51.9375</ext:Watts><ext:Torque>20</ext:Torque></ext:TPX></Extensions></Trackpoint><Trackpoint><Time>2025-09-10T14:27:04.043Z</Time><DistanceMeters>8887.410549952638</DistanceMeters><HeartRateBpm><Value>152</Value></HeartRateBpm><Cadence>26</Cadence><Extensions><ext:TPX><ext:Watts>50.15625</ext:Watts><ext:Torque>20</ext:Torque></ext:TPX></Extensions></Trackpoint><Trackpoint><Time>2025-09-10T14:27:05.163Z</Time><DistanceMeters>8891.197785200118</DistanceMeters><HeartRateBpm><Value>152</Value></HeartRateBpm><Cadence>27</Cadence><Extensions><ext:TPX><ext:Watts>50.15625</ext:Watts><ext:Torque>20</ext:Torque></ext:TPX></Extensions></Trackpoint><Trackpoint><Time>2025-09-10T14:27:06.253Z</Time><DistanceMeters>8894.86631423118</DistanceMeters><HeartRateBpm><Value>152</Value></HeartRateBpm><Cadence>28</Cadence><Extensions><ext:TPX><ext:Watts>49.483870967741936</ext:Watts><ext:Torque>20</ext:Torque></ext:TPX></Extensions></Trackpoint><Trackpoint><Time>2025-09-10T14:27:07.303Z</Time><DistanceMeters>8898.574190786312</DistanceMeters><HeartRateBpm><Value>152</Value></HeartRateBpm><Cadence>28</Cadence><Extensions><ext:TPX><ext:Watts>51.833333333333336</ext:Watts><ext:Torque>20</ext:Torque></ext:TPX></Extensions></Trackpoint><Trackpoint><Time>2025-09-10T14:27:08.389Z</Time><DistanceMeters>8902.498608087468</DistanceMeters><HeartRateBpm><Value>152</Value></HeartRateBpm><Cadence>28</Cadence><Extensions><ext:TPX><ext:Watts>52.935483870967744</ext:Watts><ext:Torque>20</ext:Torque></ext:TPX></Extensions></Trackpoint><Trackpoint><Time>2025-09-10T14:27:09.403Z</Time><DistanceMeters>8906.29725818449</DistanceMeters><HeartRateBpm><Value>152</Value></HeartRateBpm><Cadence>30</Cadence><Extensions><ext:TPX><ext:Watts>54.96551724137931</ext:Watts><ext:Torque>20</ext:Torque></ext:TPX></Extensions></Trackpoint><Trackpoint><Time>2025-09-10T14:27:10.418Z</Time><DistanceMeters>8910.126888489329</DistanceMeters><HeartRateBpm><Value>153</Value></HeartRateBpm><Cadence>30</Cadence><Extensions><ext:TPX><ext:Watts>55.41379310344828</ext:Watts><ext:Torque>20</ext:Torque></ext:TPX></Extensions></Trackpoint><Trackpoint><Time>2025-09-10T14:27:11.433Z</Time><DistanceMeters>8913.894558378533</DistanceMeters><HeartRateBpm><Value>153</Value></HeartRateBpm><Cadence>30</Cadence><Extensions><ext:TPX><ext:Watts>54.51724137931034</ext:Watts><ext:Torque>20</ext:Torque></ext:TPX></Extensions></Trackpoint><Trackpoint><Time>2025-09-10T14:27:12.449Z</Time><DistanceMeters>8917.771850541554</DistanceMeters><HeartRateBpm><Value>153</Value></HeartRateBpm><Cadence>30</Cadence><Extensions><ext:TPX><ext:Watts>56.10344827586207</ext:Watts><ext:Torque>20</ext:Torque></ext:TPX></Extensions></Trackpoint><Trackpoint><Time>2025-09-10T14:27:13.468Z</Time><DistanceMeters>8921.441813621488</DistanceMeters><HeartRateBpm><Value>153</Value></HeartRateBpm><Cadence>30</Cadence><Extensions><ext:TPX><ext:Watts>53.10344827586207</ext:Watts><ext:Torque>20</ext:Torque></ext:TPX></Extensions></Trackpoint><Trackpoint><Time>2025-09-10T14:27:14.423Z</Time><DistanceMeters>8925.104586793832</DistanceMeters><HeartRateBpm><Value>153</Value></HeartRateBpm><Cadence>32</Cadence><Extensions><ext:TPX><ext:Watts>56.592592592592595</ext:Watts><ext:Torque>20</ext:Torque></ext:TPX></Extensions></Trackpoint><Trackpoint><Time>2025-09-10T14:27:15.403Z</Time><DistanceMeters>8928.883648927535</DistanceMeters><HeartRateBpm><Value>153</Value></HeartRateBpm><Cadence>30</Cadence><Extensions><ext:TPX><ext:Watts>56.535714285714285</ext:Watts><ext:Torque>20</ext:Torque></ext:TPX></Extensions></Trackpoint><Trackpoint><Time>2025-09-10T14:27:16.383Z</Time><DistanceMeters>8932.920537157535</DistanceMeters><HeartRateBpm><Value>154</Value></HeartRateBpm><Cadence>30</Cadence><Extensions><ext:TPX><ext:Watts>60.392857142857146</ext:Watts><ext:Torque>20</ext:Torque></ext:TPX></Extensions></Trackpoint><Trackpoint><Time>2025-09-10T14:27:17.363Z</Time><DistanceMeters>8936.711535684584</DistanceMeters><HeartRateBpm><Value>154</Value></HeartRateBpm><Cadence>30</Cadence><Extensions><ext:TPX><ext:Watts>56.714285714285715</ext:Watts><ext:Torque>20</ext:Torque></ext:TPX></Extensions></Trackpoint><Trackpoint><Time>2025-09-10T14:27:18.343Z</Time><DistanceMeters>8940.507308768973</DistanceMeters><HeartRateBpm><Value>154</Value></HeartRateBpm><Cadence>30</Cadence><Extensions><ext:TPX><ext:Watts>56.785714285714285</ext:Watts><ext:Torque>20</ext:Torque></ext:TPX></Extensions></Trackpoint><Trackpoint><Time>2025-09-10T14:27:19.323Z</Time><DistanceMeters>8944.231463493277</DistanceMeters><HeartRateBpm><Value>154</Value></HeartRateBpm><Cadence>30</Cadence><Extensions><ext:TPX><ext:Watts>55.714285714285715</ext:Watts><ext:Torque>20</ext:Torque></ext:TPX></Extensions></Trackpoint><Trackpoint><Time>2025-09-10T14:27:20.303Z</Time><DistanceMeters>8947.857739792136</DistanceMeters><HeartRateBpm><Value>154</Value></HeartRateBpm><Cadence>30</Cadence><Extensions><ext:TPX><ext:Watts>54.25</ext:Watts><ext:Torque>20</ext:Torque></ext:TPX></Extensions></Trackpoint><Trackpoint><Time>2025-09-10T14:27:21.284Z</Time><DistanceMeters>8951.617703696484</DistanceMeters><HeartRateBpm><Value>155</Value></HeartRateBpm><Cadence>30</Cadence><Extensions><ext:TPX><ext:Watts>56.25</ext:Watts><ext:Torque>20</ext:Torque></ext:TPX></Extensions></Trackpoint><Trackpoint><Time>2025-09-10T14:27:22.263Z</Time><DistanceMeters>8955.143714291227</DistanceMeters><HeartRateBpm><Value>155</Value></HeartRateBpm><Cadence>30</Cadence><Extensions><ext:TPX><ext:Watts>52.75</ext:Watts><ext:Torque>20</ext:Torque></ext:TPX></Extensions></Trackpoint><Trackpoint><Time>2025-09-10T14:27:23.243Z</Time><DistanceMeters>8958.772377868756</DistanceMeters><HeartRateBpm><Value>155</Value></HeartRateBpm><Cadence>30</Cadence><Extensions><ext:TPX><ext:Watts>54.285714285714285</ext:Watts><ext:Torque>20</ext:Torque></ext:TPX></Extensions></Trackpoint><Trackpoint><Time>2025-09-10T14:27:24.199Z</Time><DistanceMeters>8962.38720898387</DistanceMeters><HeartRateBpm><Value>156</Value></HeartRateBpm><Cadence>32</Cadence><Extensions><ext:TPX><ext:Watts>55.851851851851855</ext:Watts><ext:Torque>20</ext:Torque></ext:TPX></Extensions></Trackpoint><Trackpoint><Time>2025-09-10T14:27:25.179Z</Time><DistanceMeters>8966.125687380192</DistanceMeters><HeartRateBpm><Value>156</Value></HeartRateBpm><Cadence>30</Cadence><Extensions><ext:TPX><ext:Watts>55.92857142857143</ext:Watts><ext:Torque>20</ext:Torque></ext:TPX></Extensions></Trackpoint><Trackpoint><Time>2025-09-10T14:27:26.124Z</Time><DistanceMeters>8969.527176340634</DistanceMeters><HeartRateBpm><Value>156</Value></HeartRateBpm><Cadence>32</Cadence><Extensions><ext:TPX><ext:Watts>52.55555555555556</ext:Watts><ext:Torque>20</ext:Torque></ext:TPX></Extensions></Trackpoint><Trackpoint><Time>2025-09-10T14:27:27.069Z</Time><DistanceMeters>8973.103653809965</DistanceMeters><HeartRateBpm><Value>156</Value></HeartRateBpm><Cadence>32</Cadence><Extensions><ext:TPX><ext:Watts>55.25925925925926</ext:Watts><ext:Torque>20</ext:Torque></ext:TPX></Extensions></Trackpoint><Trackpoint><Time>2025-09-10T14:27:28.013Z</Time><DistanceMeters>8976.643126003872</DistanceMeters><HeartRateBpm><Value>157</Value></HeartRateBpm><Cadence>32</Cadence><Extensions><ext:TPX><ext:Watts>55.55555555555556</ext:Watts><ext:Torque>20</ext:Torque></ext:TPX></Extensions></Trackpoint><Trackpoint><Time>2025-09-10T14:27:28.959Z</Time><DistanceMeters>8980.188441136002</DistanceMeters><HeartRateBpm><Value>157</Value></HeartRateBpm><Cadence>32</Cadence><Extensions><ext:TPX><ext:Watts>54.77777777777778</ext:Watts><ext:Torque>20</ext:Torque></ext:TPX></Extensions></Trackpoint><Trackpoint><Time>2025-09-10T14:27:29.939Z</Time><DistanceMeters>8983.764584582803</DistanceMeters><HeartRateBpm><Value>157</Value></HeartRateBpm><Cadence>30</Cadence><Extensions><ext:TPX><ext:Watts>53.5</ext:Watts><ext:Torque>20</ext:Torque></ext:TPX></Extensions></Trackpoint><Trackpoint><Time>2025-09-10T14:27:30.849Z</Time><DistanceMeters>8987.217129319752</DistanceMeters><HeartRateBpm><Value>157</Value></HeartRateBpm><Cadence>33</Cadence><Extensions><ext:TPX><ext:Watts>55.88461538461539</ext:Watts><ext:Torque>20</ext:Torque></ext:TPX></Extensions></Trackpoint><Trackpoint><Time>2025-09-10T14:27:31.794Z</Time><DistanceMeters>8990.784018377637</DistanceMeters><HeartRateBpm><Value>158</Value></HeartRateBpm><Cadence>32</Cadence><Extensions><ext:TPX><ext:Watts>55.111111111111114</ext:Watts><ext:Torque>20</ext:Torque></ext:TPX></Extensions></Trackpoint><Trackpoint><Time>2025-09-10T14:27:32.740Z</Time><DistanceMeters>8994.312553789738</DistanceMeters><HeartRateBpm><Value>158</Value></HeartRateBpm><Cadence>32</Cadence><Extensions><ext:TPX><ext:Watts>54.51851851851852</ext:Watts><ext:Torque>20</ext:Torque></ext:TPX></Extensions></Trackpoint><Trackpoint><Time>2025-09-10T14:27:33.683Z</Time><DistanceMeters>8997.696289207111</DistanceMeters><HeartRateBpm><Value>158</Value></HeartRateBpm><Cadence>32</Cadence><Extensions><ext:TPX><ext:Watts>53.111111111111114</ext:Watts><ext:Torque>20</ext:Torque></ext:TPX></Extensions></Trackpoint><Trackpoint><Time>2025-09-10T14:27:34.663Z</Time><DistanceMeters>9001.126808655077</DistanceMeters><HeartRateBpm><Value>158</Value></HeartRateBpm><Cadence>30</Cadence><Extensions><ext:TPX><ext:Watts>51.32142857142857</ext:Watts><ext:Torque>20</ext:Torque></ext:TPX></Extensions></Trackpoint><Trackpoint><Time>2025-09-10T14:27:35.679Z</Time><DistanceMeters>9004.57514409447</DistanceMeters><HeartRateBpm><Value>159</Value></HeartRateBpm><Cadence>30</Cadence><Extensions><ext:TPX><ext:Watts>49.89655172413793</ext:Watts><ext:Torque>20</ext:Torque></ext:TPX></Extensions></Trackpoint><Trackpoint><Time>2025-09-10T14:27:36.834Z</Time><DistanceMeters>9007.873239135684</DistanceMeters><HeartRateBpm><Value>159</Value></HeartRateBpm><Cadence>26</Cadence><Extensions><ext:TPX><ext:Watts>42.06060606060606</ext:Watts><ext:Torque>20</ext:Torque></ext:TPX></Extensions></Trackpoint><Trackpoint><Time>2025-09-10T14:27:37.919Z</Time><DistanceMeters>9011.295445813292</DistanceMeters><HeartRateBpm><Value>159</Value></HeartRateBpm><Cadence>28</Cadence><Extensions><ext:TPX><ext:Watts>46.16129032258065</ext:Watts><ext:Torque>20</ext:Torque></ext:TPX></Extensions></Trackpoint><Trackpoint><Time>2025-09-10T14:27:39.004Z</Time><DistanceMeters>9014.746350240817</DistanceMeters><HeartRateBpm><Value>159</Value></HeartRateBpm><Cadence>28</Cadence><Extensions><ext:TPX><ext:Watts>46.54838709677419</ext:Watts><ext:Torque>20</ext:Torque></ext:TPX></Extensions></Trackpoint><Trackpoint><Time>2025-09-10T14:27:40.089Z</Time><DistanceMeters>9018.087246626994</DistanceMeters><HeartRateBpm><Value>160</Value></HeartRateBpm><Cadence>28</Cadence><Extensions><ext:TPX><ext:Watts>45.064516129032256</ext:Watts><ext:Torque>20</ext:Torque></ext:TPX></Extensions></Trackpoint><Trackpoint><Time>2025-09-10T14:27:41.144Z</Time><DistanceMeters>9021.563827988655</DistanceMeters><HeartRateBpm><Value>160</Value></HeartRateBpm><Cadence>28</Cadence><Extensions><ext:TPX><ext:Watts>48.6</ext:Watts><ext:Torque>20</ext:Torque></ext:TPX></Extensions></Trackpoint><Trackpoint><Time>2025-09-10T14:27:42.194Z</Time><DistanceMeters>9025.0547162695</DistanceMeters><HeartRateBpm><Value>160</Value></HeartRateBpm><Cadence>28</Cadence><Extensions><ext:TPX><ext:Watts>48.8</ext:Watts><ext:Torque>20</ext:Torque></ext:TPX></Extensions></Trackpoint><Trackpoint><Time>2025-09-10T14:27:43.244Z</Time><DistanceMeters>9028.612370173203</DistanceMeters><HeartRateBpm><Value>160</Value></HeartRateBpm><Cadence>28</Cadence><Extensions><ext:TPX><ext:Watts>49.733333333333334</ext:Watts><ext:Torque>20</ext:Torque></ext:TPX></Extensions></Trackpoint><Trackpoint><Time>2025-09-10T14:27:44.294Z</Time><DistanceMeters>9032.389396837723</DistanceMeters><HeartRateBpm><Value>160</Value></HeartRateBpm><Cadence>28</Cadence><Extensions><ext:TPX><ext:Watts>52.8</ext:Watts><ext:Torque>20</ext:Torque></ext:TPX></Extensions></Trackpoint><Trackpoint><Time>2025-09-10T14:27:45.379Z</Time><DistanceMeters>9036.136844681057</DistanceMeters><HeartRateBpm><Value>161</Value></HeartRateBpm><Cadence>28</Cadence><Extensions><ext:TPX><ext:Watts>50.54838709677419</ext:Watts><ext:Torque>20</ext:Torque></ext:TPX></Extensions></Trackpoint><Trackpoint><Time>2025-09-10T14:27:46.429Z</Time><DistanceMeters>9039.534737987207</DistanceMeters><HeartRateBpm><Value>161</Value></HeartRateBpm><Cadence>28</Cadence><Extensions><ext:TPX><ext:Watts>47.5</ext:Watts><ext:Torque>20</ext:Torque></ext:TPX></Extensions></Trackpoint><Trackpoint><Time>2025-09-10T14:27:47.589Z</Time><DistanceMeters>9043.0728240941</DistanceMeters><HeartRateBpm><Value>161</Value></HeartRateBpm><Cadence>26</Cadence><Extensions><ext:TPX><ext:Watts>45.121212121212125</ext:Watts><ext:Torque>20</ext:Torque></ext:TPX></Extensions></Trackpoint><Trackpoint><Time>2025-09-10T14:27:48.814Z</Time><DistanceMeters>9046.955338218142</DistanceMeters><HeartRateBpm><Value>161</Value></HeartRateBpm><Cadence>24</Cadence><Extensions><ext:TPX><ext:Watts>46.65714285714286</ext:Watts><ext:Torque>20</ext:Torque></ext:TPX></Extensions></Trackpoint><Trackpoint><Time>2025-09-10T14:27:50.074Z</Time><DistanceMeters>9050.827520798275</DistanceMeters><HeartRateBpm><Value>161</Value></HeartRateBpm><Cadence>24</Cadence><Extensions><ext:TPX><ext:Watts>45.583333333333336</ext:Watts><ext:Torque>20</ext:Torque></ext:TPX></Extensions></Trackpoint><Trackpoint><Time>2025-09-10T14:27:51.334Z</Time><DistanceMeters>9054.869598043717</DistanceMeters><HeartRateBpm><Value>161</Value></HeartRateBpm><Cadence>24</Cadence><Extensions><ext:TPX><ext:Watts>47.583333333333336</ext:Watts><ext:Torque>20</ext:Torque></ext:TPX></Extensions></Trackpoint><Trackpoint><Time>2025-09-10T14:27:52.594Z</Time><DistanceMeters>9058.699306957524</DistanceMeters><HeartRateBpm><Value>161</Value></HeartRateBpm><Cadence>24</Cadence><Extensions><ext:TPX><ext:Watts>45.083333333333336</ext:Watts><ext:Torque>20</ext:Torque></ext:TPX></Extensions></Trackpoint><Trackpoint><Time>2025-09-10T14:27:53.855Z</Time><DistanceMeters>9062.630480740889</DistanceMeters><HeartRateBpm><Value>161</Value></HeartRateBpm><Cadence>24</Cadence><Extensions><ext:TPX><ext:Watts>46.27777777777778</ext:Watts><ext:Torque>20</ext:Torque></ext:TPX></Extensions></Trackpoint><Trackpoint><Time>2025-09-10T14:27:55.114Z</Time><DistanceMeters>9066.530979098574</DistanceMeters><HeartRateBpm><Value>161</Value></HeartRateBpm><Cadence>24</Cadence><Extensions><ext:TPX><ext:Watts>45.916666666666664</ext:Watts><ext:Torque>20</ext:Torque></ext:TPX></Extensions></Trackpoint><Trackpoint><Time>2025-09-10T14:27:56.339Z</Time><DistanceMeters>9070.256575934076</DistanceMeters><HeartRateBpm><Value>161</Value></HeartRateBpm><Cadence>24</Cadence><Extensions><ext:TPX><ext:Watts>44.77142857142857</ext:Watts><ext:Torque>20</ext:Torque></ext:TPX></Extensions></Trackpoint><Trackpoint><Time>2025-09-10T14:27:57.599Z</Time><DistanceMeters>9073.911670886317</DistanceMeters><HeartRateBpm><Value>161</Value></HeartRateBpm><Cadence>24</Cadence><Extensions><ext:TPX><ext:Watts>43.02777777777778</ext:Watts><ext:Torque>20</ext:Torque></ext:TPX></Extensions></Trackpoint><Trackpoint><Time>2025-09-10T14:27:58.789Z</Time><DistanceMeters>9077.629365915398</DistanceMeters><HeartRateBpm><Value>161</Value></HeartRateBpm><Cadence>25</Cadence><Extensions><ext:TPX><ext:Watts>45.588235294117645</ext:Watts><ext:Torque>20</ext:Torque></ext:TPX></Extensions></Trackpoint><Trackpoint><Time>2025-09-10T14:28:00.014Z</Time><DistanceMeters>9081.42866632582</DistanceMeters><HeartRateBpm><Value>160</Value></HeartRateBpm><Cadence>24</Cadence><Extensions><ext:TPX><ext:Watts>45.65714285714286</ext:Watts><ext:Torque>20</ext:Torque></ext:TPX></Extensions></Trackpoint><Trackpoint><Time>2025-09-10T14:28:01.180Z</Time><DistanceMeters>9085.513406514177</DistanceMeters><HeartRateBpm><Value>160</Value></HeartRateBpm><Cadence>26</Cadence><Extensions><ext:TPX><ext:Watts>51.09090909090909</ext:Watts><ext:Torque>20</ext:Torque></ext:TPX></Extensions></Trackpoint><Trackpoint><Time>2025-09-10T14:28:02.404Z</Time><DistanceMeters>9089.426828588992</DistanceMeters><HeartRateBpm><Value>160</Value></HeartRateBpm><Cadence>24</Cadence><Extensions><ext:TPX><ext:Watts>47.02857142857143</ext:Watts><ext:Torque>20</ext:Torque></ext:TPX></Extensions></Trackpoint><Trackpoint><Time>2025-09-10T14:28:03.664Z</Time><DistanceMeters>9093.591607537155</DistanceMeters><HeartRateBpm><Value>159</Value></HeartRateBpm><Cadence>24</Cadence><Extensions><ext:TPX><ext:Watts>49.02777777777778</ext:Watts><ext:Torque>20</ext:Torque></ext:TPX></Extensions></Trackpoint><Trackpoint><Time>2025-09-10T14:28:04.889Z</Time><DistanceMeters>9097.835506931775</DistanceMeters><HeartRateBpm><Value>159</Value></HeartRateBpm><Cadence>24</Cadence><Extensions><ext:TPX><ext:Watts>51.0</ext:Watts><ext:Torque>20</ext:Torque></ext:TPX></Extensions></Trackpoint><Trackpoint><Time>2025-09-10T14:28:06.079Z</Time><DistanceMeters>9102.044897109865</DistanceMeters><HeartRateBpm><Value>159</Value></HeartRateBpm><Cadence>25</Cadence><Extensions><ext:TPX><ext:Watts>51.61764705882353</ext:Watts><ext:Torque>20</ext:Torque></ext:TPX></Extensions></Trackpoint><Trackpoint><Time>2025-09-10T14:28:07.340Z</Time><DistanceMeters>9106.164842743572</DistanceMeters><HeartRateBpm><Value>159</Value></HeartRateBpm><Cadence>24</Cadence><Extensions><ext:TPX><ext:Watts>48.5</ext:Watts><ext:Torque>20</ext:Torque></ext:TPX></Extensions></Trackpoint><Trackpoint><Time>2025-09-10T14:28:08.564Z</Time><DistanceMeters>9110.358813910021</DistanceMeters><HeartRateBpm><Value>158</Value></HeartRateBpm><Cadence>24</Cadence><Extensions><ext:TPX><ext:Watts>50.4</ext:Watts><ext:Torque>20</ext:Torque></ext:TPX></Extensions></Trackpoint><Trackpoint><Time>2025-09-10T14:28:09.789Z</Time><DistanceMeters>9114.62173358204</DistanceMeters><HeartRateBpm><Value>158</Value></HeartRateBpm><Cadence>24</Cadence><Extensions><ext:TPX><ext:Watts>51.22857142857143</ext:Watts><ext:Torque>20</ext:Torque></ext:TPX></Extensions></Trackpoint><Trackpoint><Time>2025-09-10T14:28:11.014Z</Time><DistanceMeters>9118.858500372637</DistanceMeters><HeartRateBpm><Value>158</Value></HeartRateBpm><Cadence>24</Cadence><Extensions><ext:TPX><ext:Watts>50.91428571428571</ext:Watts><ext:Torque>20</ext:Torque></ext:TPX></Extensions></Trackpoint><Trackpoint><Time>2025-09-10T14:28:12.274Z</Time><DistanceMeters>9123.176656449203</DistanceMeters><HeartRateBpm><Value>158</Value></HeartRateBpm><Cadence>24</Cadence><Extensions><ext:TPX><ext:Watts>50.833333333333336</ext:Watts><ext:Torque>20</ext:Torque></ext:TPX></Extensions></Trackpoint><Trackpoint><Time>2025-09-10T14:28:13.534Z</Time><DistanceMeters>9127.414584489374</DistanceMeters><HeartRateBpm><Value>157</Value></HeartRateBpm><Cadence>24</Cadence><Extensions><ext:TPX><ext:Watts>49.888888888888886</ext:Watts><ext:Torque>20</ext:Torque></ext:TPX></Extensions></Trackpoint><Trackpoint><Time>2025-09-10T14:28:14.760Z</Time><DistanceMeters>9131.54911728895</DistanceMeters><HeartRateBpm><Value>157</Value></HeartRateBpm><Cadence>24</Cadence><Extensions><ext:TPX><ext:Watts>49.68571428571428</ext:Watts><ext:Torque>20</ext:Torque></ext:TPX></Extensions></Trackpoint><Trackpoint><Time>2025-09-10T14:28:15.984Z</Time><DistanceMeters>9135.747843524749</DistanceMeters><HeartRateBpm><Value>157</Value></HeartRateBpm><Cadence>24</Cadence><Extensions><ext:TPX><ext:Watts>50.457142857142856</ext:Watts><ext:Torque>20</ext:Torque></ext:TPX></Extensions></Trackpoint><Trackpoint><Time>2025-09-10T14:28:17.209Z</Time><DistanceMeters>9139.879998789651</DistanceMeters><HeartRateBpm><Value>157</Value></HeartRateBpm><Cadence>24</Cadence><Extensions><ext:TPX><ext:Watts>49.65714285714286</ext:Watts><ext:Torque>20</ext:Torque></ext:TPX></Extensions></Trackpoint><Trackpoint><Time>2025-09-10T14:28:18.474Z</Time><DistanceMeters>9144.049045186559</DistanceMeters><HeartRateBpm><Value>157</Value></HeartRateBpm><Cadence>24</Cadence><Extensions><ext:TPX><ext:Watts>48.05555555555556</ext:Watts><ext:Torque>20</ext:Torque></ext:TPX></Extensions></Trackpoint><Trackpoint><Time>2025-09-10T14:28:19.734Z</Time><DistanceMeters>9148.133596098327</DistanceMeters><HeartRateBpm><Value>156</Value></HeartRateBpm><Cadence>24</Cadence><Extensions><ext:TPX><ext:Watts>48.083333333333336</ext:Watts><ext:Torque>20</ext:Torque></ext:TPX></Extensions></Trackpoint><Trackpoint><Time>2025-09-10T14:28:20.960Z</Time><DistanceMeters>9151.911498696676</DistanceMeters><HeartRateBpm><Value>156</Value></HeartRateBpm><Cadence>24</Cadence><Extensions><ext:TPX><ext:Watts>45.4</ext:Watts><ext:Torque>20</ext:Torque></ext:TPX></Extensions></Trackpoint><Trackpoint><Time>2025-09-10T14:28:22.220Z</Time><DistanceMeters>9155.738847962353</DistanceMeters><HeartRateBpm><Value>156</Value></HeartRateBpm><Cadence>24</Cadence><Extensions><ext:TPX><ext:Watts>45.05555555555556</ext:Watts><ext:Torque>20</ext:Torque></ext:TPX></Extensions></Trackpoint><Trackpoint><Time>2025-09-10T14:28:23.414Z</Time><DistanceMeters>9159.624438895975</DistanceMeters><HeartRateBpm><Value>156</Value></HeartRateBpm><Cadence>25</Cadence><Extensions><ext:TPX><ext:Watts>47.64705882352941</ext:Watts><ext:Torque>20</ext:Torque></ext:TPX></Extensions></Trackpoint><Trackpoint><Time>2025-09-10T14:28:24.604Z</Time><DistanceMeters>9163.416487825638</DistanceMeters><HeartRateBpm><Value>155</Value></HeartRateBpm><Cadence>25</Cadence><Extensions><ext:TPX><ext:Watts>46.5</ext:Watts><ext:Torque>20</ext:Torque></ext:TPX></Extensions></Trackpoint><Trackpoint><Time>2025-09-10T14:28:25.830Z</Time><DistanceMeters>9167.310889623053</DistanceMeters><HeartRateBpm><Value>155</Value></HeartRateBpm><Cadence>24</Cadence><Extensions><ext:TPX><ext:Watts>46.8</ext:Watts><ext:Torque>20</ext:Torque></ext:TPX></Extensions></Trackpoint><Trackpoint><Time>2025-09-10T14:28:27.020Z</Time><DistanceMeters>9171.040577216745</DistanceMeters><HeartRateBpm><Value>155</Value></HeartRateBpm><Cadence>25</Cadence><Extensions><ext:TPX><ext:Watts>45.73529411764706</ext:Watts><ext:Torque>20</ext:Torque></ext:TPX></Extensions></Trackpoint><Trackpoint><Time>2025-09-10T14:28:28.210Z</Time><DistanceMeters>9174.782257375047</DistanceMeters><HeartRateBpm><Value>155</Value></HeartRateBpm><Cadence>25</Cadence><Extensions><ext:TPX><ext:Watts>45.88235294117647</ext:Watts><ext:Torque>20</ext:Torque></ext:TPX></Extensions></Trackpoint><Trackpoint><Time>2025-09-10T14:28:29.400Z</Time><DistanceMeters>9178.557516714256</DistanceMeters><HeartRateBpm><Value>155</Value></HeartRateBpm><Cadence>25</Cadence><Extensions><ext:TPX><ext:Watts>46.294117647058826</ext:Watts><ext:Torque>20</ext:Torque></ext:TPX></Extensions></Trackpoint><Trackpoint><Time>2025-09-10T14:28:30.624Z</Time><DistanceMeters>9182.4019902835</DistanceMeters><HeartRateBpm><Value>155</Value></HeartRateBpm><Cadence>24</Cadence><Extensions><ext:TPX><ext:Watts>46.2</ext:Watts><ext:Torque>20</ext:Torque></ext:TPX></Extensions></Trackpoint><Trackpoint><Time>2025-09-10T14:28:31.815Z</Time><DistanceMeters>9186.172452596866</DistanceMeters><HeartRateBpm><Value>154</Value></HeartRateBpm><Cadence>25</Cadence><Extensions><ext:TPX><ext:Watts>46.23529411764706</ext:Watts><ext:Torque>20</ext:Torque></ext:TPX></Extensions></Trackpoint><Trackpoint><Time>2025-09-10T14:28:33.005Z</Time><DistanceMeters>9189.863763983805</DistanceMeters><HeartRateBpm><Value>155</Value></HeartRateBpm><Cadence>25</Cadence><Extensions><ext:TPX><ext:Watts>45.26470588235294</ext:Watts><ext:Torque>20</ext:Torque></ext:TPX></Extensions></Trackpoint><Trackpoint><Time>2025-09-10T14:28:34.160Z</Time><DistanceMeters>9193.39709779237</DistanceMeters><HeartRateBpm><Value>155</Value></HeartRateBpm><Cadence>26</Cadence><Extensions><ext:TPX><ext:Watts>45.06060606060606</ext:Watts><ext:Torque>20</ext:Torque></ext:TPX></Extensions></Trackpoint><Trackpoint><Time>2025-09-10T14:28:35.360Z</Time><DistanceMeters>9197.074018101777</DistanceMeters><HeartRateBpm><Value>155</Value></HeartRateBpm><Cadence>25</Cadence><Extensions><ext:TPX><ext:Watts>45.088235294117645</ext:Watts><ext:Torque>20</ext:Torque></ext:TPX></Extensions></Trackpoint><Trackpoint><Time>2025-09-10T14:28:36.515Z</Time><DistanceMeters>9200.593095015349</DistanceMeters><HeartRateBpm><Value>155</Value></HeartRateBpm><Cadence>26</Cadence><Extensions><ext:TPX><ext:Watts>44.878787878787875</ext:Watts><ext:Torque>20</ext:Torque></ext:TPX></Extensions></Trackpoint><Trackpoint><Time>2025-09-10T14:28:37.705Z</Time><DistanceMeters>9204.186067372488</DistanceMeters><HeartRateBpm><Value>155</Value></HeartRateBpm><Cadence>25</Cadence><Extensions><ext:TPX><ext:Watts>44.05882352941177</ext:Watts><ext:Torque>20</ext:Torque></ext:TPX></Extensions></Trackpoint><Trackpoint><Time>2025-09-10T14:28:38.930Z</Time><DistanceMeters>9207.880756257216</DistanceMeters><HeartRateBpm><Value>155</Value></HeartRateBpm><Cadence>24</Cadence><Extensions><ext:TPX><ext:Watts>44.4</ext:Watts><ext:Torque>20</ext:Torque></ext:TPX></Extensions></Trackpoint><Trackpoint><Time>2025-09-10T14:28:40.090Z</Time><DistanceMeters>9211.40458546912</DistanceMeters><HeartRateBpm><Value>155</Value></HeartRateBpm><Cadence>26</Cadence><Extensions><ext:TPX><ext:Watts>44.93939393939394</ext:Watts><ext:Torque>20</ext:Torque></ext:TPX></Extensions></Trackpoint><Trackpoint><Time>2025-09-10T14:28:41.280Z</Time><DistanceMeters>9215.139070088655</DistanceMeters><HeartRateBpm><Value>155</Value></HeartRateBpm><Cadence>25</Cadence><Extensions><ext:TPX><ext:Watts>45.794117647058826</ext:Watts><ext:Torque>20</ext:Torque></ext:TPX></Extensions></Trackpoint><Trackpoint><Time>2025-09-10T14:28:42.470Z</Time><DistanceMeters>9218.724846907027</DistanceMeters><HeartRateBpm><Value>155</Value></HeartRateBpm><Cadence>25</Cadence><Extensions><ext:TPX><ext:Watts>43.970588235294116</ext:Watts><ext:Torque>20</ext:Torque></ext:TPX></Extensions></Trackpoint><Trackpoint><Time>2025-09-10T14:28:43.660Z</Time><DistanceMeters>9222.351398445073</DistanceMeters><HeartRateBpm><Value>156</Value></HeartRateBpm><Cadence>25</Cadence><Extensions><ext:TPX><ext:Watts>44.470588235294116</ext:Watts><ext:Torque>20</ext:Torque></ext:TPX></Extensions></Trackpoint><Trackpoint><Time>2025-09-10T14:28:44.815Z</Time><DistanceMeters>9225.903741446957</DistanceMeters><HeartRateBpm><Value>156</Value></HeartRateBpm><Cadence>26</Cadence><Extensions><ext:TPX><ext:Watts>45.303030303030305</ext:Watts><ext:Torque>20</ext:Torque></ext:TPX></Extensions></Trackpoint><Trackpoint><Time>2025-09-10T14:28:45.970Z</Time><DistanceMeters>9229.339653139748</DistanceMeters><HeartRateBpm><Value>156</Value></HeartRateBpm><Cadence>26</Cadence><Extensions><ext:TPX><ext:Watts>43.81818181818182</ext:Watts><ext:Torque>20</ext:Torque></ext:TPX></Extensions></Trackpoint><Trackpoint><Time>2025-09-10T14:28:47.125Z</Time><DistanceMeters>9232.837344710835</DistanceMeters><HeartRateBpm><Value>155</Value></HeartRateBpm><Cadence>26</Cadence><Extensions><ext:TPX><ext:Watts>44.60606060606061</ext:Watts><ext:Torque>20</ext:Torque></ext:TPX></Extensions></Trackpoint><Trackpoint><Time>2025-09-10T14:28:48.280Z</Time><DistanceMeters>9236.525128215133</DistanceMeters><HeartRateBpm><Value>156</Value></HeartRateBpm><Cadence>26</Cadence><Extensions><ext:TPX><ext:Watts>47.03030303030303</ext:Watts><ext:Torque>20</ext:Torque></ext:TPX></Extensions></Trackpoint><Trackpoint><Time>2025-09-10T14:28:49.400Z</Time><DistanceMeters>9240.107074075366</DistanceMeters><HeartRateBpm><Value>156</Value></HeartRateBpm><Cadence>27</Cadence><Extensions><ext:TPX><ext:Watts>47.4375</ext:Watts><ext:Torque>20</ext:Torque></ext:TPX></Extensions></Trackpoint><Trackpoint><Time>2025-09-10T14:28:50.555Z</Time><DistanceMeters>9243.718820806378</DistanceMeters><HeartRateBpm><Value>156</Value></HeartRateBpm><Cadence>26</Cadence><Extensions><ext:TPX><ext:Watts>46.06060606060606</ext:Watts><ext:Torque>20</ext:Torque></ext:TPX></Extensions></Trackpoint><Trackpoint><Time>2025-09-10T14:28:51.640Z</Time><DistanceMeters>9247.380175399961</DistanceMeters><HeartRateBpm><Value>156</Value></HeartRateBpm><Cadence>28</Cadence><Extensions><ext:TPX><ext:Watts>49.38709677419355</ext:Watts><ext:Torque>20</ext:Torque></ext:TPX></Extensions></Trackpoint><Trackpoint><Time>2025-09-10T14:28:52.760Z</Time><DistanceMeters>9250.94560372329</DistanceMeters><HeartRateBpm><Value>156</Value></HeartRateBpm><Cadence>27</Cadence><Extensions><ext:TPX><ext:Watts>47.21875</ext:Watts><ext:Torque>20</ext:Torque></ext:TPX></Extensions></Trackpoint><Trackpoint><Time>2025-09-10T14:28:53.815Z</Time><DistanceMeters>9254.441260977197</DistanceMeters><HeartRateBpm><Value>156</Value></HeartRateBpm><Cadence>28</Cadence><Extensions><ext:TPX><ext:Watts>48.86666666666667</ext:Watts><ext:Torque>20</ext:Torque></ext:TPX></Extensions></Trackpoint><Trackpoint><Time>2025-09-10T14:28:54.865Z</Time><DistanceMeters>9258.108601261309</DistanceMeters><HeartRateBpm><Value>156</Value></HeartRateBpm><Cadence>28</Cadence><Extensions><ext:TPX><ext:Watts>51.266666666666666</ext:Watts><ext:Torque>20</ext:Torque></ext:TPX></Extensions></Trackpoint><Trackpoint><Time>2025-09-10T14:28:55.915Z</Time><DistanceMeters>9261.694869003379</DistanceMeters><HeartRateBpm><Value>155</Value></HeartRateBpm><Cadence>28</Cadence><Extensions><ext:TPX><ext:Watts>50.13333333333333</ext:Watts><ext:Torque>20</ext:Torque></ext:TPX></Extensions></Trackpoint><Trackpoint><Time>2025-09-10T14:28:56.970Z</Time><DistanceMeters>9265.431359396878</DistanceMeters><HeartRateBpm><Value>154</Value></HeartRateBpm><Cadence>28</Cadence><Extensions><ext:TPX><ext:Watts>52.233333333333334</ext:Watts><ext:Torque>20</ext:Torque></ext:TPX></Extensions></Trackpoint><Trackpoint><Time>2025-09-10T14:28:57.986Z</Time><DistanceMeters>9269.058426804448</DistanceMeters><HeartRateBpm><Value>154</Value></HeartRateBpm><Cadence>30</Cadence><Extensions><ext:TPX><ext:Watts>52.48275862068966</ext:Watts><ext:Torque>20</ext:Torque></ext:TPX></Extensions></Trackpoint><Trackpoint><Time>2025-09-10T14:28:59.041Z</Time><DistanceMeters>9272.680461844477</DistanceMeters><HeartRateBpm><Value>153</Value></HeartRateBpm><Cadence>28</Cadence><Extensions><ext:TPX><ext:Watts>50.63333333333333</ext:Watts><ext:Torque>20</ext:Torque></ext:TPX></Extensions></Trackpoint><Trackpoint><Time>2025-09-10T14:29:00.055Z</Time><DistanceMeters>9276.281315230048</DistanceMeters><HeartRateBpm><Value>153</Value></HeartRateBpm><Cadence>30</Cadence><Extensions><ext:TPX><ext:Watts>52.10344827586207</ext:Watts><ext:Torque>20</ext:Torque></ext:TPX></Extensions></Trackpoint><Trackpoint><Time>2025-09-10T14:29:01.105Z</Time><DistanceMeters>9279.91527270273</DistanceMeters><HeartRateBpm><Value>153</Value></HeartRateBpm><Cadence>28</Cadence><Extensions><ext:TPX><ext:Watts>50.8</ext:Watts><ext:Torque>20</ext:Torque></ext:TPX></Extensions></Trackpoint><Trackpoint><Time>2025-09-10T14:29:02.155Z</Time><DistanceMeters>9283.5325387697</DistanceMeters><HeartRateBpm><Value>154</Value></HeartRateBpm><Cadence>28</Cadence><Extensions><ext:TPX><ext:Watts>50.56666666666667</ext:Watts><ext:Torque>20</ext:Torque></ext:TPX></Extensions></Trackpoint><Trackpoint><Time>2025-09-10T14:29:03.171Z</Time><DistanceMeters>9286.985640394909</DistanceMeters><HeartRateBpm><Value>154</Value></HeartRateBpm><Cadence>30</Cadence><Extensions><ext:TPX><ext:Watts>49.96551724137931</ext:Watts><ext:Torque>20</ext:Torque></ext:TPX></Extensions></Trackpoint><Trackpoint><Time>2025-09-10T14:29:04.185Z</Time><DistanceMeters>9290.627006359933</DistanceMeters><HeartRateBpm><Value>154</Value></HeartRateBpm><Cadence>30</Cadence><Extensions><ext:TPX><ext:Watts>52.689655172413794</ext:Watts><ext:Torque>20</ext:Torque></ext:TPX></Extensions></Trackpoint><Trackpoint><Time>2025-09-10T14:29:05.235Z</Time><DistanceMeters>9294.303884590166</DistanceMeters><HeartRateBpm><Value>154</Value></HeartRateBpm><Cadence>28</Cadence><Extensions><ext:TPX><ext:Watts>51.4</ext:Watts><ext:Torque>20</ext:Torque></ext:TPX></Extensions></Trackpoint><Trackpoint><Time>2025-09-10T14:29:06.251Z</Time><DistanceMeters>9298.073937572279</DistanceMeters><HeartRateBpm><Value>154</Value></HeartRateBpm><Cadence>30</Cadence><Extensions><ext:TPX><ext:Watts>54.55172413793103</ext:Watts><ext:Torque>20</ext:Torque></ext:TPX></Extensions></Trackpoint><Trackpoint><Time>2025-09-10T14:29:07.265Z</Time><DistanceMeters>9301.779647045847</DistanceMeters><HeartRateBpm><Value>154</Value></HeartRateBpm><Cadence>30</Cadence><Extensions><ext:TPX><ext:Watts>53.62068965517241</ext:Watts><ext:Torque>20</ext:Torque></ext:TPX></Extensions></Trackpoint><Trackpoint><Time>2025-09-10T14:29:08.315Z</Time><DistanceMeters>9305.687820469553</DistanceMeters><HeartRateBpm><Value>155</Value></HeartRateBpm><Cadence>28</Cadence><Extensions><ext:TPX><ext:Watts>54.63333333333333</ext:Watts><ext:Torque>20</ext:Torque></ext:TPX></Extensions></Trackpoint><Trackpoint><Time>2025-09-10T14:29:09.330Z</Time><DistanceMeters>9309.543664796392</DistanceMeters><HeartRateBpm><Value>155</Value></HeartRateBpm><Cadence>30</Cadence><Extensions><ext:TPX><ext:Watts>55.793103448275865</ext:Watts><ext:Torque>20</ext:Torque></ext:TPX></Extensions></Trackpoint><Trackpoint><Time>2025-09-10T14:29:10.380Z</Time><DistanceMeters>9313.406532976016</DistanceMeters><HeartRateBpm><Value>155</Value></HeartRateBpm><Cadence>28</Cadence><Extensions><ext:TPX><ext:Watts>54.0</ext:Watts><ext:Torque>20</ext:Torque></ext:TPX></Extensions></Trackpoint><Trackpoint><Time>2025-09-10T14:29:11.431Z</Time><DistanceMeters>9317.283708074823</DistanceMeters><HeartRateBpm><Value>155</Value></HeartRateBpm><Cadence>28</Cadence><Extensions><ext:TPX><ext:Watts>54.2</ext:Watts><ext:Torque>20</ext:Torque></ext:TPX></Extensions></Trackpoint><Trackpoint><Time>2025-09-10T14:29:12.445Z</Time><DistanceMeters>9321.177681888206</DistanceMeters><HeartRateBpm><Value>155</Value></HeartRateBpm><Cadence>30</Cadence><Extensions><ext:TPX><ext:Watts>56.3448275862069</ext:Watts><ext:Torque>20</ext:Torque></ext:TPX></Extensions></Trackpoint><Trackpoint><Time>2025-09-10T14:29:13.531Z</Time><DistanceMeters>9325.1236225018</DistanceMeters><HeartRateBpm><Value>155</Value></HeartRateBpm><Cadence>28</Cadence><Extensions><ext:TPX><ext:Watts>53.225806451612904</ext:Watts><ext:Torque>20</ext:Torque></ext:TPX></Extensions></Trackpoint><Trackpoint><Time>2025-09-10T14:29:14.545Z</Time><DistanceMeters>9329.034277965548</DistanceMeters><HeartRateBpm><Value>156</Value></HeartRateBpm><Cadence>30</Cadence><Extensions><ext:TPX><ext:Watts>56.58620689655172</ext:Watts><ext:Torque>20</ext:Torque></ext:TPX></Extensions></Trackpoint><Trackpoint><Time>2025-09-10T14:29:15.595Z</Time><DistanceMeters>9333.035446363947</DistanceMeters><HeartRateBpm><Value>156</Value></HeartRateBpm><Cadence>28</Cadence><Extensions><ext:TPX><ext:Watts>55.93333333333333</ext:Watts><ext:Torque>20</ext:Torque></ext:TPX></Extensions></Trackpoint><Trackpoint><Time>2025-09-10T14:29:16.685Z</Time><DistanceMeters>9336.97421254006</DistanceMeters><HeartRateBpm><Value>156</Value></HeartRateBpm><Cadence>28</Cadence><Extensions><ext:TPX><ext:Watts>53.12903225806452</ext:Watts><ext:Torque>20</ext:Torque></ext:TPX></Extensions></Trackpoint><Trackpoint><Time>2025-09-10T14:29:17.735Z</Time><DistanceMeters>9340.624861418459</DistanceMeters><HeartRateBpm><Value>156</Value></HeartRateBpm><Cadence>28</Cadence><Extensions><ext:TPX><ext:Watts>51.03333333333333</ext:Watts><ext:Torque>20</ext:Torque></ext:TPX></Extensions></Trackpoint><Trackpoint><Time>2025-09-10T14:29:18.785Z</Time><DistanceMeters>9344.459115759715</DistanceMeters><HeartRateBpm><Value>156</Value></HeartRateBpm><Cadence>28</Cadence><Extensions><ext:TPX><ext:Watts>53.6</ext:Watts><ext:Torque>20</ext:Torque></ext:TPX></Extensions></Trackpoint><Trackpoint><Time>2025-09-10T14:29:19.802Z</Time><DistanceMeters>9348.248233485101</DistanceMeters><HeartRateBpm><Value>156</Value></HeartRateBpm><Cadence>30</Cadence><Extensions><ext:TPX><ext:Watts>54.827586206896555</ext:Watts><ext:Torque>20</ext:Torque></ext:TPX></Extensions></Trackpoint><Trackpoint><Time>2025-09-10T14:29:20.885Z</Time><DistanceMeters>9352.093731973986</DistanceMeters><HeartRateBpm><Value>157</Value></HeartRateBpm><Cadence>28</Cadence><Extensions><ext:TPX><ext:Watts>51.87096774193548</ext:Watts><ext:Torque>20</ext:Torque></ext:TPX></Extensions></Trackpoint><Trackpoint><Time>2025-09-10T14:29:22.005Z</Time><DistanceMeters>9355.41375689187</DistanceMeters><HeartRateBpm><Value>157</Value></HeartRateBpm><Cadence>27</Cadence><Extensions><ext:TPX><ext:Watts>43.96875</ext:Watts><ext:Torque>20</ext:Torque></ext:TPX></Extensions></Trackpoint><Trackpoint><Time>2025-09-10T14:29:23.091Z</Time><DistanceMeters>9358.962711964945</DistanceMeters><HeartRateBpm><Value>157</Value></HeartRateBpm><Cadence>28</Cadence><Extensions><ext:TPX><ext:Watts>47.87096774193548</ext:Watts><ext:Torque>20</ext:Torque></ext:TPX></Extensions></Trackpoint><Trackpoint><Time>2025-09-10T14:29:24.141Z</Time><DistanceMeters>9362.246149917624</DistanceMeters><HeartRateBpm><Value>157</Value></HeartRateBpm><Cadence>28</Cadence><Extensions><ext:TPX><ext:Watts>45.9</ext:Watts><ext:Torque>20</ext:Torque></ext:TPX></Extensions></Trackpoint><Trackpoint><Time>2025-09-10T14:29:25.191Z</Time><DistanceMeters>9365.617813871937</DistanceMeters><HeartRateBpm><Value>157</Value></HeartRateBpm><Cadence>28</Cadence><Extensions><ext:TPX><ext:Watts>47.13333333333333</ext:Watts><ext:Torque>20</ext:Torque></ext:TPX></Extensions></Trackpoint><Trackpoint><Time>2025-09-10T14:29:26.276Z</Time><DistanceMeters>9369.090241611899</DistanceMeters><HeartRateBpm><Value>157</Value></HeartRateBpm><Cadence>28</Cadence><Extensions><ext:TPX><ext:Watts>46.83870967741935</ext:Watts><ext:Torque>20</ext:Torque></ext:TPX></Extensions></Trackpoint><Trackpoint><Time>2025-09-10T14:29:27.396Z</Time><DistanceMeters>9372.398468289137</DistanceMeters><HeartRateBpm><Value>157</Value></HeartRateBpm><Cadence>27</Cadence><Extensions><ext:TPX><ext:Watts>43.8125</ext:Watts><ext:Torque>20</ext:Torque></ext:TPX></Extensions></Trackpoint><Trackpoint><Time>2025-09-10T14:29:28.446Z</Time><DistanceMeters>9375.815437487532</DistanceMeters><HeartRateBpm><Value>157</Value></HeartRateBpm><Cadence>28</Cadence><Extensions><ext:TPX><ext:Watts>47.766666666666666</ext:Watts><ext:Torque>20</ext:Torque></ext:TPX></Extensions></Trackpoint><Trackpoint><Time>2025-09-10T14:29:29.531Z</Time><DistanceMeters>9379.33330333153</DistanceMeters><HeartRateBpm><Value>157</Value></HeartRateBpm><Cadence>28</Cadence><Extensions><ext:TPX><ext:Watts>47.45161290322581</ext:Watts><ext:Torque>20</ext:Torque></ext:TPX></Extensions></Trackpoint><Trackpoint><Time>2025-09-10T14:29:30.651Z</Time><DistanceMeters>9382.849179044144</DistanceMeters><HeartRateBpm><Value>157</Value></HeartRateBpm><Cadence>27</Cadence><Extensions><ext:TPX><ext:Watts>46.5625</ext:Watts><ext:Torque>20</ext:Torque></ext:TPX></Extensions></Trackpoint><Trackpoint><Time>2025-09-10T14:29:31.701Z</Time><DistanceMeters>9386.425908840092</DistanceMeters><HeartRateBpm><Value>157</Value></HeartRateBpm><Cadence>28</Cadence><Extensions><ext:TPX><ext:Watts>50.0</ext:Watts><ext:Torque>20</ext:Torque></ext:TPX></Extensions></Trackpoint><Trackpoint><Time>2025-09-10T14:29:32.751Z</Time><DistanceMeters>9390.186244098899</DistanceMeters><HeartRateBpm><Value>157</Value></HeartRateBpm><Cadence>28</Cadence><Extensions><ext:TPX><ext:Watts>52.56666666666667</ext:Watts><ext:Torque>20</ext:Torque></ext:TPX></Extensions></Trackpoint><Trackpoint><Time>2025-09-10T14:29:33.731Z</Time><DistanceMeters>9393.836393184452</DistanceMeters><HeartRateBpm><Value>157</Value></HeartRateBpm><Cadence>30</Cadence><Extensions><ext:TPX><ext:Watts>54.607142857142854</ext:Watts><ext:Torque>20</ext:Torque></ext:TPX></Extensions></Trackpoint><Trackpoint><Time>2025-09-10T14:29:34.816Z</Time><DistanceMeters>9397.66275984006</DistanceMeters><HeartRateBpm><Value>157</Value></HeartRateBpm><Cadence>28</Cadence><Extensions><ext:TPX><ext:Watts>51.61290322580645</ext:Watts><ext:Torque>20</ext:Torque></ext:TPX></Extensions></Trackpoint><Trackpoint><Time>2025-09-10T14:29:35.936Z</Time><DistanceMeters>9401.230547811518</DistanceMeters><HeartRateBpm><Value>157</Value></HeartRateBpm><Cadence>27</Cadence><Extensions><ext:TPX><ext:Watts>47.25</ext:Watts><ext:Torque>20</ext:Torque></ext:TPX></Extensions></Trackpoint><Trackpoint><Time>2025-09-10T14:29:37.096Z</Time><DistanceMeters>9404.794771559227</DistanceMeters><HeartRateBpm><Value>157</Value></HeartRateBpm><Cadence>26</Cadence><Extensions><ext:TPX><ext:Watts>45.45454545454545</ext:Watts><ext:Torque>20</ext:Torque></ext:TPX></Extensions></Trackpoint><Trackpoint><Time>2025-09-10T14:29:38.286Z</Time><DistanceMeters>9408.361360274224</DistanceMeters><HeartRateBpm><Value>157</Value></HeartRateBpm><Cadence>25</Cadence><Extensions><ext:TPX><ext:Watts>43.73529411764706</ext:Watts><ext:Torque>20</ext:Torque></ext:TPX></Extensions></Trackpoint><Trackpoint><Time>2025-09-10T14:29:39.476Z</Time><DistanceMeters>9412.479606961278</DistanceMeters><HeartRateBpm><Value>157</Value></HeartRateBpm><Cadence>25</Cadence><Extensions><ext:TPX><ext:Watts>50.5</ext:Watts><ext:Torque>20</ext:Torque></ext:TPX></Extensions></Trackpoint><Trackpoint><Time>2025-09-10T14:29:40.631Z</Time><DistanceMeters>9416.552326630328</DistanceMeters><HeartRateBpm><Value>157</Value></HeartRateBpm><Cadence>26</Cadence><Extensions><ext:TPX><ext:Watts>51.93939393939394</ext:Watts><ext:Torque>20</ext:Torque></ext:TPX></Extensions></Trackpoint><Trackpoint><Time>2025-09-10T14:29:41.786Z</Time><DistanceMeters>9420.682073879341</DistanceMeters><HeartRateBpm><Value>157</Value></HeartRateBpm><Cadence>26</Cadence><Extensions><ext:TPX><ext:Watts>52.666666666666664</ext:Watts><ext:Torque>20</ext:Torque></ext:TPX></Extensions></Trackpoint><Trackpoint><Time>2025-09-10T14:29:42.976Z</Time><DistanceMeters>9424.689988971984</DistanceMeters><HeartRateBpm><Value>157</Value></HeartRateBpm><Cadence>25</Cadence><Extensions><ext:TPX><ext:Watts>49.14705882352941</ext:Watts><ext:Torque>20</ext:Torque></ext:TPX></Extensions></Trackpoint><Trackpoint><Time>2025-09-10T14:29:44.166Z</Time><DistanceMeters>9428.875394020853</DistanceMeters><HeartRateBpm><Value>158</Value></HeartRateBpm><Cadence>25</Cadence><Extensions><ext:TPX><ext:Watts>51.3235294117647</ext:Watts><ext:Torque>20</ext:Torque></ext:TPX></Extensions></Trackpoint><Trackpoint><Time>2025-09-10T14:29:45.361Z</Time><DistanceMeters>9433.151942560758</DistanceMeters><HeartRateBpm><Value>159</Value></HeartRateBpm><Cadence>25</Cadence><Extensions><ext:TPX><ext:Watts>52.44117647058823</ext:Watts><ext:Torque>20</ext:Torque></ext:TPX></Extensions></Trackpoint><Trackpoint><Time>2025-09-10T14:29:46.586Z</Time><DistanceMeters>9437.398219490053</DistanceMeters><HeartRateBpm><Value>159</Value></HeartRateBpm><Cadence>24</Cadence><Extensions><ext:TPX><ext:Watts>51.02857142857143</ext:Watts><ext:Torque>20</ext:Torque></ext:TPX></Extensions></Trackpoint><Trackpoint><Time>2025-09-10T14:29:47.776Z</Time><DistanceMeters>9441.593218590611</DistanceMeters><HeartRateBpm><Value>159</Value></HeartRateBpm><Cadence>25</Cadence><Extensions><ext:TPX><ext:Watts>51.44117647058823</ext:Watts><ext:Torque>20</ext:Torque></ext:TPX></Extensions></Trackpoint><Trackpoint><Time>2025-09-10T14:29:49.001Z</Time><DistanceMeters>9445.929841837551</DistanceMeters><HeartRateBpm><Value>158</Value></HeartRateBpm><Cadence>24</Cadence><Extensions><ext:TPX><ext:Watts>52.114285714285714</ext:Watts><ext:Torque>20</ext:Torque></ext:TPX></Extensions></Trackpoint><Trackpoint><Time>2025-09-10T14:29:50.226Z</Time><DistanceMeters>9450.411494699658</DistanceMeters><HeartRateBpm><Value>158</Value></HeartRateBpm><Cadence>24</Cadence><Extensions><ext:TPX><ext:Watts>53.857142857142854</ext:Watts><ext:Torque>20</ext:Torque></ext:TPX></Extensions></Trackpoint><Trackpoint><Time>2025-09-10T14:29:51.421Z</Time><DistanceMeters>9454.88951832501</DistanceMeters><HeartRateBpm><Value>158</Value></HeartRateBpm><Cadence>25</Cadence><Extensions><ext:TPX><ext:Watts>54.911764705882355</ext:Watts><ext:Torque>20</ext:Torque></ext:TPX></Extensions></Trackpoint><Trackpoint><Time>2025-09-10T14:29:52.681Z</Time><DistanceMeters>9459.370490122496</DistanceMeters><HeartRateBpm><Value>158</Value></HeartRateBpm><Cadence>24</Cadence><Extensions><ext:TPX><ext:Watts>52.75</ext:Watts><ext:Torque>20</ext:Torque></ext:TPX></Extensions></Trackpoint><Trackpoint><Time>2025-09-10T14:29:53.906Z</Time><DistanceMeters>9463.745153924234</DistanceMeters><HeartRateBpm><Value>158</Value></HeartRateBpm><Cadence>24</Cadence><Extensions><ext:TPX><ext:Watts>52.57142857142857</ext:Watts><ext:Torque>20</ext:Torque></ext:TPX></Extensions></Trackpoint><Trackpoint><Time>2025-09-10T14:29:55.131Z</Time><DistanceMeters>9468.281490083862</DistanceMeters><HeartRateBpm><Value>158</Value></HeartRateBpm><Cadence>24</Cadence><Extensions><ext:TPX><ext:Watts>54.51428571428571</ext:Watts><ext:Torque>20</ext:Torque></ext:TPX></Extensions></Trackpoint><Trackpoint><Time>2025-09-10T14:29:56.356Z</Time><DistanceMeters>9472.867754471661</DistanceMeters><HeartRateBpm><Value>158</Value></HeartRateBpm><Cadence>24</Cadence><Extensions><ext:TPX><ext:Watts>55.114285714285714</ext:Watts><ext:Torque>20</ext:Torque></ext:TPX></Extensions></Trackpoint><Trackpoint><Time>2025-09-10T14:29:57.581Z</Time><DistanceMeters>9477.430243512712</DistanceMeters><HeartRateBpm><Value>157</Value></HeartRateBpm><Cadence>24</Cadence><Extensions><ext:TPX><ext:Watts>54.82857142857143</ext:Watts><ext:Torque>20</ext:Torque></ext:TPX></Extensions></Trackpoint><Trackpoint><Time>2025-09-10T14:29:58.806Z</Time><DistanceMeters>9482.02601803921</DistanceMeters><HeartRateBpm><Value>157</Value></HeartRateBpm><Cadence>24</Cadence><Extensions><ext:TPX><ext:Watts>55.22857142857143</ext:Watts><ext:Torque>20</ext:Torque></ext:TPX></Extensions></Trackpoint><Trackpoint><Time>2025-09-10T14:29:59.996Z</Time><DistanceMeters>9486.46566545781</DistanceMeters><HeartRateBpm><Value>157</Value></HeartRateBpm><Cadence>25</Cadence><Extensions><ext:TPX><ext:Watts>54.44117647058823</ext:Watts><ext:Torque>20</ext:Torque></ext:TPX></Extensions></Trackpoint><Trackpoint><Time>2025-09-10T14:30:01.186Z</Time><DistanceMeters>9490.931696518552</DistanceMeters><HeartRateBpm><Value>157</Value></HeartRateBpm><Cadence>25</Cadence><Extensions><ext:TPX><ext:Watts>54.76470588235294</ext:Watts><ext:Torque>20</ext:Torque></ext:TPX></Extensions></Trackpoint><Trackpoint><Time>2025-09-10T14:30:02.376Z</Time><DistanceMeters>9495.433705273124</DistanceMeters><HeartRateBpm><Value>157</Value></HeartRateBpm><Cadence>25</Cadence><Extensions><ext:TPX><ext:Watts>55.205882352941174</ext:Watts><ext:Torque>20</ext:Torque></ext:TPX></Extensions></Trackpoint><Trackpoint><Time>2025-09-10T14:30:03.602Z</Time><DistanceMeters>9499.829766886936</DistanceMeters><HeartRateBpm><Value>157</Value></HeartRateBpm><Cadence>24</Cadence><Extensions><ext:TPX><ext:Watts>52.82857142857143</ext:Watts><ext:Torque>20</ext:Torque></ext:TPX></Extensions></Trackpoint><Trackpoint><Time>2025-09-10T14:30:04.791Z</Time><DistanceMeters>9504.022367474572</DistanceMeters><HeartRateBpm><Value>157</Value></HeartRateBpm><Cadence>25</Cadence><Extensions><ext:TPX><ext:Watts>51.411764705882355</ext:Watts><ext:Torque>20</ext:Torque></ext:TPX></Extensions></Trackpoint><Trackpoint><Time>2025-09-10T14:30:06.016Z</Time><DistanceMeters>9508.225848779719</DistanceMeters><HeartRateBpm><Value>157</Value></HeartRateBpm><Cadence>24</Cadence><Extensions><ext:TPX><ext:Watts>50.51428571428571</ext:Watts><ext:Torque>20</ext:Torque></ext:TPX></Extensions></Trackpoint><Trackpoint><Time>2025-09-10T14:30:07.206Z</Time><DistanceMeters>9512.375276134759</DistanceMeters><HeartRateBpm><Value>157</Value></HeartRateBpm><Cadence>25</Cadence><Extensions><ext:TPX><ext:Watts>50.88235294117647</ext:Watts><ext:Torque>20</ext:Torque></ext:TPX></Extensions></Trackpoint><Trackpoint><Time>2025-09-10T14:30:08.397Z</Time><DistanceMeters>9516.536696054409</DistanceMeters><HeartRateBpm><Value>157</Value></HeartRateBpm><Cadence>25</Cadence><Extensions><ext:TPX><ext:Watts>51.029411764705884</ext:Watts><ext:Torque>20</ext:Torque></ext:TPX></Extensions></Trackpoint><Trackpoint><Time>2025-09-10T14:30:09.551Z</Time><DistanceMeters>9520.46684677355</DistanceMeters><HeartRateBpm><Value>157</Value></HeartRateBpm><Cadence>26</Cadence><Extensions><ext:TPX><ext:Watts>50.121212121212125</ext:Watts><ext:Torque>20</ext:Torque></ext:TPX></Extensions></Trackpoint><Trackpoint><Time>2025-09-10T14:30:10.742Z</Time><DistanceMeters>9524.477160379114</DistanceMeters><HeartRateBpm><Value>157</Value></HeartRateBpm><Cadence>25</Cadence><Extensions><ext:TPX><ext:Watts>49.1764705882353</ext:Watts><ext:Torque>20</ext:Torque></ext:TPX></Extensions></Trackpoint><Trackpoint><Time>2025-09-10T14:30:11.896Z</Time><DistanceMeters>9528.29800823666</DistanceMeters><HeartRateBpm><Value>157</Value></HeartRateBpm><Cadence>26</Cadence><Extensions><ext:TPX><ext:Watts>48.72727272727273</ext:Watts><ext:Torque>20</ext:Torque></ext:TPX></Extensions></Trackpoint><Trackpoint><Time>2025-09-10T14:30:13.086Z</Time><DistanceMeters>9532.260351583784</DistanceMeters><HeartRateBpm><Value>157</Value></HeartRateBpm><Cadence>25</Cadence><Extensions><ext:TPX><ext:Watts>48.588235294117645</ext:Watts><ext:Torque>20</ext:Torque></ext:TPX></Extensions></Trackpoint><Trackpoint><Time>2025-09-10T14:30:14.241Z</Time><DistanceMeters>9536.071694844668</DistanceMeters><HeartRateBpm><Value>157</Value></HeartRateBpm><Cadence>26</Cadence><Extensions><ext:TPX><ext:Watts>48.60606060606061</ext:Watts><ext:Torque>20</ext:Torque></ext:TPX></Extensions></Trackpoint><Trackpoint><Time>2025-09-10T14:30:15.406Z</Time><DistanceMeters>9539.828386674755</DistanceMeters><HeartRateBpm><Value>157</Value></HeartRateBpm><Cadence>26</Cadence><Extensions><ext:TPX><ext:Watts>47.90909090909091</ext:Watts><ext:Torque>20</ext:Torque></ext:TPX></Extensions></Trackpoint><Trackpoint><Time>2025-09-10T14:30:16.566Z</Time><DistanceMeters>9543.563693162356</DistanceMeters><HeartRateBpm><Value>157</Value></HeartRateBpm><Cadence>26</Cadence><Extensions><ext:TPX><ext:Watts>47.63636363636363</ext:Watts><ext:Torque>20</ext:Torque></ext:TPX></Extensions></Trackpoint><Trackpoint><Time>2025-09-10T14:30:17.722Z</Time><DistanceMeters>9547.234843622497</DistanceMeters><HeartRateBpm><Value>157</Value></HeartRateBpm><Cadence>26</Cadence><Extensions><ext:TPX><ext:Watts>46.81818181818182</ext:Watts><ext:Torque>20</ext:Torque></ext:TPX></Extensions></Trackpoint><Trackpoint><Time>2025-09-10T14:30:18.876Z</Time><DistanceMeters>9551.088957568354</DistanceMeters><HeartRateBpm><Value>157</Value></HeartRateBpm><Cadence>26</Cadence><Extensions><ext:TPX><ext:Watts>49.15151515151515</ext:Watts><ext:Torque>20</ext:Torque></ext:TPX></Extensions></Trackpoint><Trackpoint><Time>2025-09-10T14:30:20.032Z</Time><DistanceMeters>9554.802878713468</DistanceMeters><HeartRateBpm><Value>158</Value></HeartRateBpm><Cadence>26</Cadence><Extensions><ext:TPX><ext:Watts>47.36363636363637</ext:Watts><ext:Torque>20</ext:Torque></ext:TPX></Extensions></Trackpoint><Trackpoint><Time>2025-09-10T14:30:21.256Z</Time><DistanceMeters>9558.433374161976</DistanceMeters><HeartRateBpm><Value>158</Value></HeartRateBpm><Cadence>24</Cadence><Extensions><ext:TPX><ext:Watts>43.628571428571426</ext:Watts><ext:Torque>20</ext:Torque></ext:TPX></Extensions></Trackpoint><Trackpoint><Time>2025-09-10T14:30:22.447Z</Time><DistanceMeters>9561.956789644377</DistanceMeters><HeartRateBpm><Value>158</Value></HeartRateBpm><Cadence>25</Cadence><Extensions><ext:TPX><ext:Watts>43.205882352941174</ext:Watts><ext:Torque>20</ext:Torque></ext:TPX></Extensions></Trackpoint><Trackpoint><Time>2025-09-10T14:30:23.672Z</Time><DistanceMeters>9565.420857665644</DistanceMeters><HeartRateBpm><Value>158</Value></HeartRateBpm><Cadence>24</Cadence><Extensions><ext:TPX><ext:Watts>41.628571428571426</ext:Watts><ext:Torque>20</ext:Torque></ext:TPX></Extensions></Trackpoint><Trackpoint><Time>2025-09-10T14:30:24.897Z</Time><DistanceMeters>9569.015690094027</DistanceMeters><HeartRateBpm><Value>159</Value></HeartRateBpm><Cadence>24</Cadence><Extensions><ext:TPX><ext:Watts>43.2</ext:Watts><ext:Torque>20</ext:Torque></ext:TPX></Extensions></Trackpoint><Trackpoint><Time>2025-09-10T14:30:26.052Z</Time><DistanceMeters>9572.589418438398</DistanceMeters><HeartRateBpm><Value>159</Value></HeartRateBpm><Cadence>26</Cadence><Extensions><ext:TPX><ext:Watts>45.57575757575758</ext:Watts><ext:Torque>20</ext:Torque></ext:TPX></Extensions></Trackpoint><Trackpoint><Time>2025-09-10T14:30:27.207Z</Time><DistanceMeters>9576.41739474344</DistanceMeters><HeartRateBpm><Value>159</Value></HeartRateBpm><Cadence>26</Cadence><Extensions><ext:TPX><ext:Watts>48.81818181818182</ext:Watts><ext:Torque>20</ext:Torque></ext:TPX></Extensions></Trackpoint><Trackpoint><Time>2025-09-10T14:30:28.362Z</Time><DistanceMeters>9580.399820744215</DistanceMeters><HeartRateBpm><Value>159</Value></HeartRateBpm><Cadence>26</Cadence><Extensions><ext:TPX><ext:Watts>50.78787878787879</ext:Watts><ext:Torque>20</ext:Torque></ext:TPX></Extensions></Trackpoint><Trackpoint><Time>2025-09-10T14:30:29.552Z</Time><DistanceMeters>9584.381352194716</DistanceMeters><HeartRateBpm><Value>159</Value></HeartRateBpm><Cadence>25</Cadence><Extensions><ext:TPX><ext:Watts>48.8235294117647</ext:Watts><ext:Torque>20</ext:Torque></ext:TPX></Extensions></Trackpoint><Trackpoint><Time>2025-09-10T14:30:30.707Z</Time><DistanceMeters>9588.313879063022</DistanceMeters><HeartRateBpm><Value>159</Value></HeartRateBpm><Cadence>26</Cadence><Extensions><ext:TPX><ext:Watts>50.15151515151515</ext:Watts><ext:Torque>20</ext:Torque></ext:TPX></Extensions></Trackpoint><Trackpoint><Time>2025-09-10T14:30:31.897Z</Time><DistanceMeters>9592.077145837622</DistanceMeters><HeartRateBpm><Value>158</Value></HeartRateBpm><Cadence>25</Cadence><Extensions><ext:TPX><ext:Watts>46.14705882352941</ext:Watts><ext:Torque>20</ext:Torque></ext:TPX></Extensions></Trackpoint><Trackpoint><Time>2025-09-10T14:30:33.087Z</Time><DistanceMeters>9595.960338258321</DistanceMeters><HeartRateBpm><Value>158</Value></HeartRateBpm><Cadence>25</Cadence><Extensions><ext:TPX><ext:Watts>47.61764705882353</ext:Watts><ext:Torque>20</ext:Torque></ext:TPX></Extensions></Trackpoint><Trackpoint><Time>2025-09-10T14:30:34.277Z</Time><DistanceMeters>9600.148141820113</DistanceMeters><HeartRateBpm><Value>158</Value></HeartRateBpm><Cadence>25</Cadence><Extensions><ext:TPX><ext:Watts>51.35294117647059</ext:Watts><ext:Torque>20</ext:Torque></ext:TPX></Extensions></Trackpoint><Trackpoint><Time>2025-09-10T14:30:35.432Z</Time><DistanceMeters>9604.180466953356</DistanceMeters><HeartRateBpm><Value>158</Value></HeartRateBpm><Cadence>26</Cadence><Extensions><ext:TPX><ext:Watts>51.42424242424242</ext:Watts><ext:Torque>20</ext:Torque></ext:TPX></Extensions></Trackpoint><Trackpoint><Time>2025-09-10T14:30:36.622Z</Time><DistanceMeters>9608.320300256708</DistanceMeters><HeartRateBpm><Value>158</Value></HeartRateBpm><Cadence>25</Cadence><Extensions><ext:TPX><ext:Watts>50.76470588235294</ext:Watts><ext:Torque>20</ext:Torque></ext:TPX></Extensions></Trackpoint><Trackpoint><Time>2025-09-10T14:30:37.817Z</Time><DistanceMeters>9612.548878538173</DistanceMeters><HeartRateBpm><Value>158</Value></HeartRateBpm><Cadence>25</Cadence><Extensions><ext:TPX><ext:Watts>51.85294117647059</ext:Watts><ext:Torque>20</ext:Torque></ext:TPX></Extensions></Trackpoint><Trackpoint><Time>2025-09-10T14:30:38.972Z</Time><DistanceMeters>9616.519423793123</DistanceMeters><HeartRateBpm><Value>158</Value></HeartRateBpm><Cadence>26</Cadence><Extensions><ext:TPX><ext:Watts>50.63636363636363</ext:Watts><ext:Torque>20</ext:Torque></ext:TPX></Extensions></Trackpoint><Trackpoint><Time>2025-09-10T14:30:40.127Z</Time><DistanceMeters>9620.684813279613</DistanceMeters><HeartRateBpm><Value>158</Value></HeartRateBpm><Cadence>26</Cadence><Extensions><ext:TPX><ext:Watts>53.121212121212125</ext:Watts><ext:Torque>20</ext:Torque></ext:TPX></Extensions></Trackpoint><Trackpoint><Time>2025-09-10T14:30:41.317Z</Time><DistanceMeters>9624.901398996468</DistanceMeters><HeartRateBpm><Value>158</Value></HeartRateBpm><Cadence>25</Cadence><Extensions><ext:TPX><ext:Watts>51.705882352941174</ext:Watts><ext:Torque>20</ext:Torque></ext:TPX></Extensions></Trackpoint><Trackpoint><Time>2025-09-10T14:30:42.472Z</Time><DistanceMeters>9629.057283886297</DistanceMeters><HeartRateBpm><Value>157</Value></HeartRateBpm><Cadence>26</Cadence><Extensions><ext:TPX><ext:Watts>53.0</ext:Watts><ext:Torque>20</ext:Torque></ext:TPX></Extensions></Trackpoint><Trackpoint><Time>2025-09-10T14:30:43.697Z</Time><DistanceMeters>9633.10622543758</DistanceMeters><HeartRateBpm><Value>157</Value></HeartRateBpm><Cadence>24</Cadence><Extensions><ext:TPX><ext:Watts>48.65714285714286</ext:Watts><ext:Torque>20</ext:Torque></ext:TPX></Extensions></Trackpoint><Trackpoint><Time>2025-09-10T14:30:44.957Z</Time><DistanceMeters>9637.058636054107</DistanceMeters><HeartRateBpm><Value>157</Value></HeartRateBpm><Cadence>24</Cadence><Extensions><ext:TPX><ext:Watts>46.52777777777778</ext:Watts><ext:Torque>20</ext:Torque></ext:TPX></Extensions></Trackpoint><Trackpoint><Time>2025-09-10T14:30:46.287Z</Time><DistanceMeters>9640.630596876994</DistanceMeters><HeartRateBpm><Value>157</Value></HeartRateBpm><Cadence>22</Cadence><Extensions><ext:TPX><ext:Watts>39.421052631578945</ext:Watts><ext:Torque>20</ext:Torque></ext:TPX></Extensions></Trackpoint><Trackpoint><Time>2025-09-10T14:30:47.477Z</Time><DistanceMeters>9644.194787079068</DistanceMeters><HeartRateBpm><Value>157</Value></HeartRateBpm><Cadence>25</Cadence><Extensions><ext:TPX><ext:Watts>43.705882352941174</ext:Watts><ext:Torque>20</ext:Torque></ext:TPX></Extensions></Trackpoint><Trackpoint><Time>2025-09-10T14:30:48.702Z</Time><DistanceMeters>9647.613681941513</DistanceMeters><HeartRateBpm><Value>157</Value></HeartRateBpm><Cadence>24</Cadence><Extensions><ext:TPX><ext:Watts>41.08571428571429</ext:Watts><ext:Torque>20</ext:Torque></ext:TPX></Extensions></Trackpoint><Trackpoint><Time>2025-09-10T14:30:49.892Z</Time><DistanceMeters>9651.199458759886</DistanceMeters><HeartRateBpm><Value>157</Value></HeartRateBpm><Cadence>25</Cadence><Extensions><ext:TPX><ext:Watts>43.970588235294116</ext:Watts><ext:Torque>20</ext:Torque></ext:TPX></Extensions></Trackpoint><Trackpoint><Time>2025-09-10T14:30:51.047Z</Time><DistanceMeters>9654.811205490898</DistanceMeters><HeartRateBpm><Value>156</Value></HeartRateBpm><Cadence>26</Cadence><Extensions><ext:TPX><ext:Watts>46.06060606060606</ext:Watts><ext:Torque>20</ext:Torque></ext:TPX></Extensions></Trackpoint><Trackpoint><Time>2025-09-10T14:30:52.237Z</Time><DistanceMeters>9658.64882616608</DistanceMeters><HeartRateBpm><Value>156</Value></HeartRateBpm><Cadence>25</Cadence><Extensions><ext:TPX><ext:Watts>47.05882352941177</ext:Watts><ext:Torque>20</ext:Torque></ext:TPX></Extensions></Trackpoint><Trackpoint><Time>2025-09-10T14:30:53.393Z</Time><DistanceMeters>9662.443536382809</DistanceMeters><HeartRateBpm><Value>156</Value></HeartRateBpm><Cadence>26</Cadence><Extensions><ext:TPX><ext:Watts>48.39393939393939</ext:Watts><ext:Torque>20</ext:Torque></ext:TPX></Extensions></Trackpoint><Trackpoint><Time>2025-09-10T14:30:54.547Z</Time><DistanceMeters>9666.330916416979</DistanceMeters><HeartRateBpm><Value>156</Value></HeartRateBpm><Cadence>26</Cadence><Extensions><ext:TPX><ext:Watts>49.57575757575758</ext:Watts><ext:Torque>20</ext:Torque></ext:TPX></Extensions></Trackpoint><Trackpoint><Time>2025-09-10T14:30:55.737Z</Time><DistanceMeters>9670.434772026501</DistanceMeters><HeartRateBpm><Value>156</Value></HeartRateBpm><Cadence>25</Cadence><Extensions><ext:TPX><ext:Watts>50.3235294117647</ext:Watts><ext:Torque>20</ext:Torque></ext:TPX></Extensions></Trackpoint><Trackpoint><Time>2025-09-10T14:30:56.892Z</Time><DistanceMeters>9674.419574176442</DistanceMeters><HeartRateBpm><Value>155</Value></HeartRateBpm><Cadence>26</Cadence><Extensions><ext:TPX><ext:Watts>50.81818181818182</ext:Watts><ext:Torque>20</ext:Torque></ext:TPX></Extensions></Trackpoint><Trackpoint><Time>2025-09-10T14:30:58.087Z</Time><DistanceMeters>9678.73689743602</DistanceMeters><HeartRateBpm><Value>155</Value></HeartRateBpm><Cadence>25</Cadence><Extensions><ext:TPX><ext:Watts>52.94117647058823</ext:Watts><ext:Torque>20</ext:Torque></ext:TPX></Extensions></Trackpoint><Trackpoint><Time>2025-09-10T14:30:59.313Z</Time><DistanceMeters>9683.097296029708</DistanceMeters><HeartRateBpm><Value>155</Value></HeartRateBpm><Cadence>24</Cadence><Extensions><ext:TPX><ext:Watts>52.4</ext:Watts><ext:Torque>20</ext:Torque></ext:TPX></Extensions></Trackpoint><Trackpoint><Time>2025-09-10T14:31:00.537Z</Time><DistanceMeters>9687.71922343763</DistanceMeters><HeartRateBpm><Value>155</Value></HeartRateBpm><Cadence>24</Cadence><Extensions><ext:TPX><ext:Watts>55.542857142857144</ext:Watts><ext:Torque>20</ext:Torque></ext:TPX></Extensions></Trackpoint><Trackpoint><Time>2025-09-10T14:31:01.727Z</Time><DistanceMeters>9692.127690188245</DistanceMeters><HeartRateBpm><Value>156</Value></HeartRateBpm><Cadence>25</Cadence><Extensions><ext:TPX><ext:Watts>54.05882352941177</ext:Watts><ext:Torque>20</ext:Torque></ext:TPX></Extensions></Trackpoint><Trackpoint><Time>2025-09-10T14:31:02.952Z</Time><DistanceMeters>9696.70682197202</DistanceMeters><HeartRateBpm><Value>156</Value></HeartRateBpm><Cadence>24</Cadence><Extensions><ext:TPX><ext:Watts>55.02857142857143</ext:Watts><ext:Torque>20</ext:Torque></ext:TPX></Extensions></Trackpoint><Trackpoint><Time>2025-09-10T14:31:04.183Z</Time><DistanceMeters>9701.340637053318</DistanceMeters><HeartRateBpm><Value>156</Value></HeartRateBpm><Cadence>24</Cadence><Extensions><ext:TPX><ext:Watts>55.68571428571428</ext:Watts><ext:Torque>20</ext:Torque></ext:TPX></Extensions></Trackpoint><Trackpoint><Time>2025-09-10T14:31:05.407Z</Time><DistanceMeters>9705.988717342663</DistanceMeters><HeartRateBpm><Value>156</Value></HeartRateBpm><Cadence>24</Cadence><Extensions><ext:TPX><ext:Watts>55.857142857142854</ext:Watts><ext:Torque>20</ext:Torque></ext:TPX></Extensions></Trackpoint><Trackpoint><Time>2025-09-10T14:31:06.562Z</Time><DistanceMeters>9710.520033800585</DistanceMeters><HeartRateBpm><Value>156</Value></HeartRateBpm><Cadence>26</Cadence><Extensions><ext:TPX><ext:Watts>57.78787878787879</ext:Watts><ext:Torque>20</ext:Torque></ext:TPX></Extensions></Trackpoint><Trackpoint><Time>2025-09-10T14:31:07.687Z</Time><DistanceMeters>9715.08555223576</DistanceMeters><HeartRateBpm><Value>156</Value></HeartRateBpm><Cadence>26</Cadence><Extensions><ext:TPX><ext:Watts>59.34375</ext:Watts><ext:Torque>20</ext:Torque></ext:TPX></Extensions></Trackpoint><Trackpoint><Time>2025-09-10T14:31:08.913Z</Time><DistanceMeters>9719.614755791363</DistanceMeters><HeartRateBpm><Value>155</Value></HeartRateBpm><Cadence>24</Cadence><Extensions><ext:TPX><ext:Watts>54.42857142857143</ext:Watts><ext:Torque>20</ext:Torque></ext:TPX></Extensions></Trackpoint><Trackpoint><Time>2025-09-10T14:31:10.067Z</Time><DistanceMeters>9724.146072249285</DistanceMeters><HeartRateBpm><Value>154</Value></HeartRateBpm><Cadence>26</Cadence><Extensions><ext:TPX><ext:Watts>57.78787878787879</ext:Watts><ext:Torque>20</ext:Torque></ext:TPX></Extensions></Trackpoint><Trackpoint><Time>2025-09-10T14:31:11.293Z</Time><DistanceMeters>9728.741846775783</DistanceMeters><HeartRateBpm><Value>154</Value></HeartRateBpm><Cadence>24</Cadence><Extensions><ext:TPX><ext:Watts>55.22857142857143</ext:Watts><ext:Torque>20</ext:Torque></ext:TPX></Extensions></Trackpoint><Trackpoint><Time>2025-09-10T14:31:12.488Z</Time><DistanceMeters>9733.234261478668</DistanceMeters><HeartRateBpm><Value>154</Value></HeartRateBpm><Cadence>25</Cadence><Extensions><ext:TPX><ext:Watts>55.088235294117645</ext:Watts><ext:Torque>20</ext:Torque></ext:TPX></Extensions></Trackpoint><Trackpoint><Time>2025-09-10T14:31:13.643Z</Time><DistanceMeters>9737.627761285012</DistanceMeters><HeartRateBpm><Value>153</Value></HeartRateBpm><Cadence>26</Cadence><Extensions><ext:TPX><ext:Watts>56.03030303030303</ext:Watts><ext:Torque>20</ext:Torque></ext:TPX></Extensions></Trackpoint><Trackpoint><Time>2025-09-10T14:31:14.797Z</Time><DistanceMeters>9741.807407666493</DistanceMeters><HeartRateBpm><Value>154</Value></HeartRateBpm><Cadence>26</Cadence><Extensions><ext:TPX><ext:Watts>53.303030303030305</ext:Watts><ext:Torque>20</ext:Torque></ext:TPX></Extensions></Trackpoint><Trackpoint><Time>2025-09-10T14:31:15.953Z</Time><DistanceMeters>9746.110613804562</DistanceMeters><HeartRateBpm><Value>154</Value></HeartRateBpm><Cadence>26</Cadence><Extensions><ext:TPX><ext:Watts>54.878787878787875</ext:Watts><ext:Torque>20</ext:Torque></ext:TPX></Extensions></Trackpoint><Trackpoint><Time>2025-09-10T14:31:17.107Z</Time><DistanceMeters>9750.394810749309</DistanceMeters><HeartRateBpm><Value>155</Value></HeartRateBpm><Cadence>26</Cadence><Extensions><ext:TPX><ext:Watts>54.63636363636363</ext:Watts><ext:Torque>20</ext:Torque></ext:TPX></Extensions></Trackpoint><Trackpoint><Time>2025-09-10T14:31:18.263Z</Time><DistanceMeters>9754.755044467342</DistanceMeters><HeartRateBpm><Value>155</Value></HeartRateBpm><Cadence>26</Cadence><Extensions><ext:TPX><ext:Watts>55.60606060606061</ext:Watts><ext:Torque>20</ext:Torque></ext:TPX></Extensions></Trackpoint><Trackpoint><Time>2025-09-10T14:31:19.453Z</Time><DistanceMeters>9759.225872553929</DistanceMeters><HeartRateBpm><Value>155</Value></HeartRateBpm><Cadence>25</Cadence><Extensions><ext:TPX><ext:Watts>54.8235294117647</ext:Watts><ext:Torque>20</ext:Torque></ext:TPX></Extensions></Trackpoint><Trackpoint><Time>2025-09-10T14:31:20.677Z</Time><DistanceMeters>9763.629066771764</DistanceMeters><HeartRateBpm><Value>155</Value></HeartRateBpm><Cadence>24</Cadence><Extensions><ext:TPX><ext:Watts>52.91428571428571</ext:Watts><ext:Torque>20</ext:Torque></ext:TPX></Extensions></Trackpoint><Trackpoint><Time>2025-09-10T14:31:21.943Z</Time><DistanceMeters>9768.031868949307</DistanceMeters><HeartRateBpm><Value>155</Value></HeartRateBpm><Cadence>24</Cadence><Extensions><ext:TPX><ext:Watts>50.75</ext:Watts><ext:Torque>20</ext:Torque></ext:TPX></Extensions></Trackpoint><Trackpoint><Time>2025-09-10T14:31:23.238Z</Time><DistanceMeters>9772.193190222715</DistanceMeters><HeartRateBpm><Value>154</Value></HeartRateBpm><Cadence>23</Cadence><Extensions><ext:TPX><ext:Watts>46.945945945945944</ext:Watts><ext:Torque>20</ext:Torque></ext:TPX></Extensions></Trackpoint><Trackpoint><Time>2025-09-10T14:31:24.428Z</Time><DistanceMeters>9775.754981911869</DistanceMeters><HeartRateBpm><Value>154</Value></HeartRateBpm><Cadence>25</Cadence><Extensions><ext:TPX><ext:Watts>43.6764705882353</ext:Watts><ext:Torque>20</ext:Torque></ext:TPX></Extensions></Trackpoint><Trackpoint><Time>2025-09-10T14:31:25.618Z</Time><DistanceMeters>9779.355149807772</DistanceMeters><HeartRateBpm><Value>153</Value></HeartRateBpm><Cadence>25</Cadence><Extensions><ext:TPX><ext:Watts>44.14705882352941</ext:Watts><ext:Torque>20</ext:Torque></ext:TPX></Extensions></Trackpoint><Trackpoint><Time>2025-09-10T14:31:26.808Z</Time><DistanceMeters>9782.847384622188</DistanceMeters><HeartRateBpm><Value>153</Value></HeartRateBpm><Cadence>25</Cadence><Extensions><ext:TPX><ext:Watts>42.8235294117647</ext:Watts><ext:Torque>20</ext:Torque></ext:TPX></Extensions></Trackpoint><Trackpoint><Time>2025-09-10T14:31:28.033Z</Time><DistanceMeters>9786.404176495775</DistanceMeters><HeartRateBpm><Value>153</Value></HeartRateBpm><Cadence>24</Cadence><Extensions><ext:TPX><ext:Watts>42.74285714285714</ext:Watts><ext:Torque>20</ext:Torque></ext:TPX></Extensions></Trackpoint><Trackpoint><Time>2025-09-10T14:31:29.223Z</Time><DistanceMeters>9789.814861870842</DistanceMeters><HeartRateBpm><Value>153</Value></HeartRateBpm><Cadence>25</Cadence><Extensions><ext:TPX><ext:Watts>41.8235294117647</ext:Watts><ext:Torque>20</ext:Torque></ext:TPX></Extensions></Trackpoint><Trackpoint><Time>2025-09-10T14:31:30.448Z</Time><DistanceMeters>9793.35263346703</DistanceMeters><HeartRateBpm><Value>153</Value></HeartRateBpm><Cadence>24</Cadence><Extensions><ext:TPX><ext:Watts>42.51428571428571</ext:Watts><ext:Torque>20</ext:Torque></ext:TPX></Extensions></Trackpoint><Trackpoint><Time>2025-09-10T14:31:31.638Z</Time><DistanceMeters>9796.82807869099</DistanceMeters><HeartRateBpm><Value>154</Value></HeartRateBpm><Cadence>25</Cadence><Extensions><ext:TPX><ext:Watts>42.61764705882353</ext:Watts><ext:Torque>20</ext:Torque></ext:TPX></Extensions></Trackpoint><Trackpoint><Time>2025-09-10T14:31:32.793Z</Time><DistanceMeters>9800.261614234618</DistanceMeters><HeartRateBpm><Value>154</Value></HeartRateBpm><Cadence>26</Cadence><Extensions><ext:TPX><ext:Watts>43.78787878787879</ext:Watts><ext:Torque>20</ext:Torque></ext:TPX></Extensions></Trackpoint><Trackpoint><Time>2025-09-10T14:31:33.984Z</Time><DistanceMeters>9803.885767259742</DistanceMeters><HeartRateBpm><Value>154</Value></HeartRateBpm><Cadence>25</Cadence><Extensions><ext:TPX><ext:Watts>44.44117647058823</ext:Watts><ext:Torque>20</ext:Torque></ext:TPX></Extensions></Trackpoint><Trackpoint><Time>2025-09-10T14:31:35.173Z</Time><DistanceMeters>9807.605860801747</DistanceMeters><HeartRateBpm><Value>154</Value></HeartRateBpm><Cadence>25</Cadence><Extensions><ext:TPX><ext:Watts>45.61764705882353</ext:Watts><ext:Torque>20</ext:Torque></ext:TPX></Extensions></Trackpoint><Trackpoint><Time>2025-09-10T14:31:36.363Z</Time><DistanceMeters>9811.289976649921</DistanceMeters><HeartRateBpm><Value>154</Value></HeartRateBpm><Cadence>25</Cadence><Extensions><ext:TPX><ext:Watts>45.1764705882353</ext:Watts><ext:Torque>20</ext:Torque></ext:TPX></Extensions></Trackpoint><Trackpoint><Time>2025-09-10T14:31:37.558Z</Time><DistanceMeters>9814.815790645243</DistanceMeters><HeartRateBpm><Value>154</Value></HeartRateBpm><Cadence>25</Cadence><Extensions><ext:TPX><ext:Watts>43.23529411764706</ext:Watts><ext:Torque>20</ext:Torque></ext:TPX></Extensions></Trackpoint><Trackpoint><Time>2025-09-10T14:31:38.716Z</Time><DistanceMeters>9818.270711531357</DistanceMeters><HeartRateBpm><Value>155</Value></HeartRateBpm><Cadence>26</Cadence><Extensions><ext:TPX><ext:Watts>44.06060606060606</ext:Watts><ext:Torque>20</ext:Torque></ext:TPX></Extensions></Trackpoint><Trackpoint><Time>2025-09-10T14:31:39.903Z</Time><DistanceMeters>9821.847317565027</DistanceMeters><HeartRateBpm><Value>155</Value></HeartRateBpm><Cadence>26</Cadence><Extensions><ext:TPX><ext:Watts>44.73529411764706</ext:Watts><ext:Torque>20</ext:Torque></ext:TPX></Extensions></Trackpoint><Trackpoint><Time>2025-09-10T14:31:41.058Z</Time><DistanceMeters>9825.290357705315</DistanceMeters><HeartRateBpm><Value>155</Value></HeartRateBpm><Cadence>26</Cadence><Extensions><ext:TPX><ext:Watts>43.90909090909091</ext:Watts><ext:Torque>20</ext:Torque></ext:TPX></Extensions></Trackpoint><Trackpoint><Time>2025-09-10T14:31:42.248Z</Time><DistanceMeters>9828.737020774211</DistanceMeters><HeartRateBpm><Value>155</Value></HeartRateBpm><Cadence>25</Cadence><Extensions><ext:TPX><ext:Watts>42.26470588235294</ext:Watts><ext:Torque>20</ext:Torque></ext:TPX></Extensions></Trackpoint><Trackpoint><Time>2025-09-10T14:31:43.438Z</Time><DistanceMeters>9832.370767851024</DistanceMeters><HeartRateBpm><Value>156</Value></HeartRateBpm><Cadence>25</Cadence><Extensions><ext:TPX><ext:Watts>44.55882352941177</ext:Watts><ext:Torque>20</ext:Torque></ext:TPX></Extensions></Trackpoint><Trackpoint><Time>2025-09-10T14:31:44.598Z</Time><DistanceMeters>9835.742523516357</DistanceMeters><HeartRateBpm><Value>156</Value></HeartRateBpm><Cadence>26</Cadence><Extensions><ext:TPX><ext:Watts>43.0</ext:Watts><ext:Torque>20</ext:Torque></ext:TPX></Extensions></Trackpoint><Trackpoint><Time>2025-09-10T14:31:45.753Z</Time><DistanceMeters>9839.313875711563</DistanceMeters><HeartRateBpm><Value>156</Value></HeartRateBpm><Cadence>26</Cadence><Extensions><ext:TPX><ext:Watts>45.54545454545455</ext:Watts><ext:Torque>20</ext:Torque></ext:TPX></Extensions></Trackpoint><Trackpoint><Time>2025-09-10T14:31:46.873Z</Time><DistanceMeters>9842.886382979279</DistanceMeters><HeartRateBpm><Value>156</Value></HeartRateBpm><Cadence>27</Cadence><Extensions><ext:TPX><ext:Watts>47.3125</ext:Watts><ext:Torque>20</ext:Torque></ext:TPX></Extensions></Trackpoint><Trackpoint><Time>2025-09-10T14:31:48.028Z</Time><DistanceMeters>9846.37694610287</DistanceMeters><HeartRateBpm><Value>157</Value></HeartRateBpm><Cadence>26</Cadence><Extensions><ext:TPX><ext:Watts>44.515151515151516</ext:Watts><ext:Torque>20</ext:Torque></ext:TPX></Extensions></Trackpoint><Trackpoint><Time>2025-09-10T14:31:49.148Z</Time><DistanceMeters>9850.074514721437</DistanceMeters><HeartRateBpm><Value>157</Value></HeartRateBpm><Cadence>27</Cadence><Extensions><ext:TPX><ext:Watts>48.96875</ext:Watts><ext:Torque>20</ext:Torque></ext:TPX></Extensions></Trackpoint><Trackpoint><Time>2025-09-10T14:31:50.233Z</Time><DistanceMeters>9853.695214169304</DistanceMeters><HeartRateBpm><Value>157</Value></HeartRateBpm><Cadence>28</Cadence><Extensions><ext:TPX><ext:Watts>48.83870967741935</ext:Watts><ext:Torque>20</ext:Torque></ext:TPX></Extensions></Trackpoint><Trackpoint><Time>2025-09-10T14:31:51.318Z</Time><DistanceMeters>9857.081548659515</DistanceMeters><HeartRateBpm><Value>158</Value></HeartRateBpm><Cadence>28</Cadence><Extensions><ext:TPX><ext:Watts>45.67741935483871</ext:Watts><ext:Torque>20</ext:Torque></ext:TPX></Extensions></Trackpoint><Trackpoint><Time>2025-09-10T14:31:52.408Z</Time><DistanceMeters>9860.666375919986</DistanceMeters><HeartRateBpm><Value>158</Value></HeartRateBpm><Cadence>28</Cadence><Extensions><ext:TPX><ext:Watts>48.354838709677416</ext:Watts><ext:Torque>20</ext:Torque></ext:TPX></Extensions></Trackpoint><Trackpoint><Time>2025-09-10T14:31:53.534Z</Time><DistanceMeters>9864.21973887269</DistanceMeters><HeartRateBpm><Value>158</Value></HeartRateBpm><Cadence>26</Cadence><Extensions><ext:TPX><ext:Watts>46.1875</ext:Watts><ext:Torque>20</ext:Torque></ext:TPX></Extensions></Trackpoint><Trackpoint><Time>2025-09-10T14:31:54.618Z</Time><DistanceMeters>9867.780651341563</DistanceMeters><HeartRateBpm><Value>159</Value></HeartRateBpm><Cadence>28</Cadence><Extensions><ext:TPX><ext:Watts>48.03225806451613</ext:Watts><ext:Torque>20</ext:Torque></ext:TPX></Extensions></Trackpoint><Trackpoint><Time>2025-09-10T14:31:55.703Z</Time><DistanceMeters>9871.903561412979</DistanceMeters><HeartRateBpm><Value>159</Value></HeartRateBpm><Cadence>28</Cadence><Extensions><ext:TPX><ext:Watts>55.61290322580645</ext:Watts><ext:Torque>20</ext:Torque></ext:TPX></Extensions></Trackpoint><Trackpoint><Time>2025-09-10T14:31:56.788Z</Time><DistanceMeters>9875.9786419012</DistanceMeters><HeartRateBpm><Value>158</Value></HeartRateBpm><Cadence>28</Cadence><Extensions><ext:TPX><ext:Watts>54.96774193548387</ext:Watts><ext:Torque>20</ext:Torque></ext:TPX></Extensions></Trackpoint><Trackpoint><Time>2025-09-10T14:31:57.914Z</Time><DistanceMeters>9880.106601434214</DistanceMeters><HeartRateBpm><Value>158</Value></HeartRateBpm><Cadence>26</Cadence><Extensions><ext:TPX><ext:Watts>53.65625</ext:Watts><ext:Torque>20</ext:Torque></ext:TPX></Extensions></Trackpoint><Trackpoint><Time>2025-09-10T14:31:59.034Z</Time><DistanceMeters>9884.247783901084</DistanceMeters><HeartRateBpm><Value>157</Value></HeartRateBpm><Cadence>27</Cadence><Extensions><ext:TPX><ext:Watts>54.84375</ext:Watts><ext:Torque>20</ext:Torque></ext:TPX></Extensions></Trackpoint><Trackpoint><Time>2025-09-10T14:32:00.153Z</Time><DistanceMeters>9888.46919440435</DistanceMeters><HeartRateBpm><Value>158</Value></HeartRateBpm><Cadence>27</Cadence><Extensions><ext:TPX><ext:Watts>55.90625</ext:Watts><ext:Torque>20</ext:Torque></ext:TPX></Extensions></Trackpoint><Trackpoint><Time>2025-09-10T14:32:01.308Z</Time><DistanceMeters>9892.60607010086</DistanceMeters><HeartRateBpm><Value>158</Value></HeartRateBpm><Cadence>26</Cadence><Extensions><ext:TPX><ext:Watts>52.75757575757576</ext:Watts><ext:Torque>20</ext:Torque></ext:TPX></Extensions></Trackpoint><Trackpoint><Time>2025-09-10T14:32:02.394Z</Time><DistanceMeters>9896.58788290185</DistanceMeters><HeartRateBpm><Value>158</Value></HeartRateBpm><Cadence>28</Cadence><Extensions><ext:TPX><ext:Watts>53.70967741935484</ext:Watts><ext:Torque>20</ext:Torque></ext:TPX></Extensions></Trackpoint><Trackpoint><Time>2025-09-10T14:32:03.514Z</Time><DistanceMeters>9900.606363665998</DistanceMeters><HeartRateBpm><Value>158</Value></HeartRateBpm><Cadence>27</Cadence><Extensions><ext:TPX><ext:Watts>53.21875</ext:Watts><ext:Torque>20</ext:Torque></ext:TPX></Extensions></Trackpoint><Trackpoint><Time>2025-09-10T14:32:04.633Z</Time><DistanceMeters>9904.252020025722</DistanceMeters><HeartRateBpm><Value>157</Value></HeartRateBpm><Cadence>27</Cadence><Extensions><ext:TPX><ext:Watts>48.28125</ext:Watts><ext:Torque>20</ext:Torque></ext:TPX></Extensions></Trackpoint><Trackpoint><Time>2025-09-10T14:32:05.718Z</Time><DistanceMeters>9908.214700993434</DistanceMeters><HeartRateBpm><Value>157</Value></HeartRateBpm><Cadence>28</Cadence><Extensions><ext:TPX><ext:Watts>53.45161290322581</ext:Watts><ext:Torque>20</ext:Torque></ext:TPX></Extensions></Trackpoint><Trackpoint><Time>2025-09-10T14:32:06.808Z</Time><DistanceMeters>9912.108029065514</DistanceMeters><HeartRateBpm><Value>157</Value></HeartRateBpm><Cadence>28</Cadence><Extensions><ext:TPX><ext:Watts>52.516129032258064</ext:Watts><ext:Torque>20</ext:Torque></ext:TPX></Extensions></Trackpoint><Trackpoint><Time>2025-09-10T14:32:07.928Z</Time><DistanceMeters>9915.84335205415</DistanceMeters><HeartRateBpm><Value>157</Value></HeartRateBpm><Cadence>27</Cadence><Extensions><ext:TPX><ext:Watts>49.46875</ext:Watts><ext:Torque>20</ext:Torque></ext:TPX></Extensions></Trackpoint><Trackpoint><Time>2025-09-10T14:32:09.024Z</Time><DistanceMeters>9919.767769355305</DistanceMeters><HeartRateBpm><Value>157</Value></HeartRateBpm><Cadence>28</Cadence><Extensions><ext:TPX><ext:Watts>52.935483870967744</ext:Watts><ext:Torque>20</ext:Torque></ext:TPX></Extensions></Trackpoint><Trackpoint><Time>2025-09-10T14:32:10.143Z</Time><DistanceMeters>9923.819285193264</DistanceMeters><HeartRateBpm><Value>156</Value></HeartRateBpm><Cadence>27</Cadence><Extensions><ext:TPX><ext:Watts>53.65625</ext:Watts><ext:Torque>20</ext:Torque></ext:TPX></Extensions></Trackpoint><Trackpoint><Time>2025-09-10T14:32:11.228Z</Time><DistanceMeters>9927.703047348703</DistanceMeters><HeartRateBpm><Value>156</Value></HeartRateBpm><Cadence>28</Cadence><Extensions><ext:TPX><ext:Watts>52.38709677419355</ext:Watts><ext:Torque>20</ext:Torque></ext:TPX></Extensions></Trackpoint><Trackpoint><Time>2025-09-10T14:32:12.349Z</Time><DistanceMeters>9931.577589576966</DistanceMeters><HeartRateBpm><Value>156</Value></HeartRateBpm><Cadence>27</Cadence><Extensions><ext:TPX><ext:Watts>51.3125</ext:Watts><ext:Torque>20</ext:Torque></ext:TPX></Extensions></Trackpoint><Trackpoint><Time>2025-09-10T14:32:13.434Z</Time><DistanceMeters>9935.449394336607</DistanceMeters><HeartRateBpm><Value>156</Value></HeartRateBpm><Cadence>28</Cadence><Extensions><ext:TPX><ext:Watts>52.225806451612904</ext:Watts><ext:Torque>20</ext:Torque></ext:TPX></Extensions></Trackpoint><Trackpoint><Time>2025-09-10T14:32:14.554Z</Time><DistanceMeters>9939.349892694292</DistanceMeters><HeartRateBpm><Value>155</Value></HeartRateBpm><Cadence>27</Cadence><Extensions><ext:TPX><ext:Watts>51.65625</ext:Watts><ext:Torque>20</ext:Torque></ext:TPX></Extensions></Trackpoint><Trackpoint><Time>2025-09-10T14:32:15.644Z</Time><DistanceMeters>9943.102123495946</DistanceMeters><HeartRateBpm><Value>155</Value></HeartRateBpm><Cadence>28</Cadence><Extensions><ext:TPX><ext:Watts>50.61290322580645</ext:Watts><ext:Torque>20</ext:Torque></ext:TPX></Extensions></Trackpoint><Trackpoint><Time>2025-09-10T14:32:16.764Z</Time><DistanceMeters>9946.71474478186</DistanceMeters><HeartRateBpm><Value>155</Value></HeartRateBpm><Cadence>27</Cadence><Extensions><ext:TPX><ext:Watts>47.84375</ext:Watts><ext:Torque>20</ext:Torque></ext:TPX></Extensions></Trackpoint><Trackpoint><Time>2025-09-10T14:32:17.884Z</Time><DistanceMeters>9950.711988712847</DistanceMeters><HeartRateBpm><Value>155</Value></HeartRateBpm><Cadence>27</Cadence><Extensions><ext:TPX><ext:Watts>52.9375</ext:Watts><ext:Torque>20</ext:Torque></ext:TPX></Extensions></Trackpoint><Trackpoint><Time>2025-09-10T14:32:18.969Z</Time><DistanceMeters>9954.720107784593</DistanceMeters><HeartRateBpm><Value>155</Value></HeartRateBpm><Cadence>28</Cadence><Extensions><ext:TPX><ext:Watts>54.064516129032256</ext:Watts><ext:Torque>20</ext:Torque></ext:TPX></Extensions></Trackpoint><Trackpoint><Time>2025-09-10T14:32:20.089Z</Time><DistanceMeters>9958.594650012856</DistanceMeters><HeartRateBpm><Value>155</Value></HeartRateBpm><Cadence>27</Cadence><Extensions><ext:TPX><ext:Watts>51.3125</ext:Watts><ext:Torque>20</ext:Torque></ext:TPX></Extensions></Trackpoint><Trackpoint><Time>2025-09-10T14:32:21.175Z</Time><DistanceMeters>9962.480803647455</DistanceMeters><HeartRateBpm><Value>155</Value></HeartRateBpm><Cadence>28</Cadence><Extensions><ext:TPX><ext:Watts>52.41935483870968</ext:Watts><ext:Torque>20</ext:Torque></ext:TPX></Extensions></Trackpoint><Trackpoint><Time>2025-09-10T14:32:22.294Z</Time><DistanceMeters>9966.223205580478</DistanceMeters><HeartRateBpm><Value>155</Value></HeartRateBpm><Cadence>27</Cadence><Extensions><ext:TPX><ext:Watts>49.5625</ext:Watts><ext:Torque>20</ext:Torque></ext:TPX></Extensions></Trackpoint><Trackpoint><Time>2025-09-10T14:32:23.414Z</Time><DistanceMeters>9970.00336188357</DistanceMeters><HeartRateBpm><Value>155</Value></HeartRateBpm><Cadence>27</Cadence><Extensions><ext:TPX><ext:Watts>50.0625</ext:Watts><ext:Torque>20</ext:Torque></ext:TPX></Extensions></Trackpoint><Trackpoint><Time>2025-09-10T14:32:24.499Z</Time><DistanceMeters>9973.69102274791</DistanceMeters><HeartRateBpm><Value>155</Value></HeartRateBpm><Cadence>28</Cadence><Extensions><ext:TPX><ext:Watts>49.74193548387097</ext:Watts><ext:Torque>20</ext:Torque></ext:TPX></Extensions></Trackpoint><Trackpoint><Time>2025-09-10T14:32:25.619Z</Time><DistanceMeters>9977.44286327345</DistanceMeters><HeartRateBpm><Value>155</Value></HeartRateBpm><Cadence>27</Cadence><Extensions><ext:TPX><ext:Watts>49.6875</ext:Watts><ext:Torque>20</ext:Torque></ext:TPX></Extensions></Trackpoint><Trackpoint><Time>2025-09-10T14:32:26.739Z</Time><DistanceMeters>9981.32920374236</DistanceMeters><HeartRateBpm><Value>155</Value></HeartRateBpm><Cadence>27</Cadence><Extensions><ext:TPX><ext:Watts>51.46875</ext:Watts><ext:Torque>20</ext:Torque></ext:TPX></Extensions></Trackpoint><Trackpoint><Time>2025-09-10T14:32:27.859Z</Time><DistanceMeters>9985.11407934171</DistanceMeters><HeartRateBpm><Value>155</Value></HeartRateBpm><Cadence>27</Cadence><Extensions><ext:TPX><ext:Watts>50.125</ext:Watts><ext:Torque>20</ext:Torque></ext:TPX></Extensions></Trackpoint><Trackpoint><Time>2025-09-10T14:32:28.984Z</Time><DistanceMeters>9988.92709263196</DistanceMeters><HeartRateBpm><Value>155</Value></HeartRateBpm><Cadence>26</Cadence><Extensions><ext:TPX><ext:Watts>49.5625</ext:Watts><ext:Torque>20</ext:Torque></ext:TPX></Extensions></Trackpoint><Trackpoint><Time>2025-09-10T14:32:30.104Z</Time><DistanceMeters>9992.728485768215</DistanceMeters><HeartRateBpm><Value>156</Value></HeartRateBpm><Cadence>27</Cadence><Extensions><ext:TPX><ext:Watts>50.34375</ext:Watts><ext:Torque>20</ext:Torque></ext:TPX></Extensions></Trackpoint><Trackpoint><Time>2025-09-10T14:32:31.224Z</Time><DistanceMeters>9996.416615794265</DistanceMeters><HeartRateBpm><Value>156</Value></HeartRateBpm><Cadence>27</Cadence><Extensions><ext:TPX><ext:Watts>48.84375</ext:Watts><ext:Torque>20</ext:Torque></ext:TPX></Extensions></Trackpoint><Trackpoint><Time>2025-09-10T14:32:32.344Z</Time><DistanceMeters>10000.22036857865</DistanceMeters><HeartRateBpm><Value>156</Value></HeartRateBpm><Cadence>27</Cadence><Extensions><ext:TPX><ext:Watts>50.375</ext:Watts><ext:Torque>20</ext:Torque></ext:TPX></Extensions></Trackpoint><Trackpoint><Time>2025-09-10T14:32:33.499Z</Time><DistanceMeters>10003.943794320425</DistanceMeters><HeartRateBpm><Value>156</Value></HeartRateBpm><Cadence>26</Cadence><Extensions><ext:TPX><ext:Watts>47.484848484848484</ext:Watts><ext:Torque>20</ext:Torque></ext:TPX></Extensions></Trackpoint><Trackpoint><Time>2025-09-10T14:32:34.619Z</Time><DistanceMeters>10007.733389216033</DistanceMeters><HeartRateBpm><Value>156</Value></HeartRateBpm><Cadence>27</Cadence><Extensions><ext:TPX><ext:Watts>50.1875</ext:Watts><ext:Torque>20</ext:Torque></ext:TPX></Extensions></Trackpoint><Trackpoint><Time>2025-09-10T14:32:35.744Z</Time><DistanceMeters>10011.517552468778</DistanceMeters><HeartRateBpm><Value>156</Value></HeartRateBpm><Cadence>26</Cadence><Extensions><ext:TPX><ext:Watts>49.1875</ext:Watts><ext:Torque>20</ext:Torque></ext:TPX></Extensions></Trackpoint><Trackpoint><Time>2025-09-10T14:32:36.829Z</Time><DistanceMeters>10015.298481020349</DistanceMeters><HeartRateBpm><Value>156</Value></HeartRateBpm><Cadence>28</Cadence><Extensions><ext:TPX><ext:Watts>51.0</ext:Watts><ext:Torque>20</ext:Torque></ext:TPX></Extensions></Trackpoint><Trackpoint><Time>2025-09-10T14:32:37.954Z</Time><DistanceMeters>10019.027348367876</DistanceMeters><HeartRateBpm><Value>156</Value></HeartRateBpm><Cadence>26</Cadence><Extensions><ext:TPX><ext:Watts>48.46875</ext:Watts><ext:Torque>20</ext:Torque></ext:TPX></Extensions></Trackpoint><Trackpoint><Time>2025-09-10T14:32:39.039Z</Time><DistanceMeters>10022.86806389844</DistanceMeters><HeartRateBpm><Value>156</Value></HeartRateBpm><Cadence>28</Cadence><Extensions><ext:TPX><ext:Watts>51.806451612903224</ext:Watts><ext:Torque>20</ext:Torque></ext:TPX></Extensions></Trackpoint><Trackpoint><Time>2025-09-10T14:32:40.159Z</Time><DistanceMeters>10026.551474628233</DistanceMeters><HeartRateBpm><Value>156</Value></HeartRateBpm><Cadence>27</Cadence><Extensions><ext:TPX><ext:Watts>48.78125</ext:Watts><ext:Torque>20</ext:Torque></ext:TPX></Extensions></Trackpoint><Trackpoint><Time>2025-09-10T14:32:41.244Z</Time><DistanceMeters>10030.263050284171</DistanceMeters><HeartRateBpm><Value>156</Value></HeartRateBpm><Cadence>28</Cadence><Extensions><ext:TPX><ext:Watts>50.064516129032256</ext:Watts><ext:Torque>20</ext:Torque></ext:TPX></Extensions></Trackpoint><Trackpoint><Time>2025-09-10T14:32:42.329Z</Time><DistanceMeters>10033.902881565316</DistanceMeters><HeartRateBpm><Value>156</Value></HeartRateBpm><Cadence>28</Cadence><Extensions><ext:TPX><ext:Watts>49.096774193548384</ext:Watts><ext:Torque>20</ext:Torque></ext:TPX></Extensions></Trackpoint><Trackpoint><Time>2025-09-10T14:32:43.450Z</Time><DistanceMeters>10037.650002794599</DistanceMeters><HeartRateBpm><Value>156</Value></HeartRateBpm><Cadence>27</Cadence><Extensions><ext:TPX><ext:Watts>49.625</ext:Watts><ext:Torque>20</ext:Torque></ext:TPX></Extensions></Trackpoint><Trackpoint><Time>2025-09-10T14:32:44.534Z</Time><DistanceMeters>10041.373535846335</DistanceMeters><HeartRateBpm><Value>156</Value></HeartRateBpm><Cadence>28</Cadence><Extensions><ext:TPX><ext:Watts>50.225806451612904</ext:Watts><ext:Torque>20</ext:Torque></ext:TPX></Extensions></Trackpoint><Trackpoint><Time>2025-09-10T14:32:45.654Z</Time><DistanceMeters>10045.061665872385</DistanceMeters><HeartRateBpm><Value>156</Value></HeartRateBpm><Cadence>27</Cadence><Extensions><ext:TPX><ext:Watts>48.84375</ext:Watts><ext:Torque>20</ext:Torque></ext:TPX></Extensions></Trackpoint><Trackpoint><Time>2025-09-10T14:32:46.774Z</Time><DistanceMeters>10048.806427453537</DistanceMeters><HeartRateBpm><Value>156</Value></HeartRateBpm><Cadence>27</Cadence><Extensions><ext:TPX><ext:Watts>49.59375</ext:Watts><ext:Torque>20</ext:Torque></ext:TPX></Extensions></Trackpoint><Trackpoint><Time>2025-09-10T14:32:47.929Z</Time><DistanceMeters>10052.622523012753</DistanceMeters><HeartRateBpm><Value>157</Value></HeartRateBpm><Cadence>26</Cadence><Extensions><ext:TPX><ext:Watts>48.666666666666664</ext:Watts><ext:Torque>20</ext:Torque></ext:TPX></Extensions></Trackpoint><Trackpoint><Time>2025-09-10T14:32:49.019Z</Time><DistanceMeters>10056.513459605672</DistanceMeters><HeartRateBpm><Value>157</Value></HeartRateBpm><Cadence>28</Cadence><Extensions><ext:TPX><ext:Watts>52.483870967741936</ext:Watts><ext:Torque>20</ext:Torque></ext:TPX></Extensions></Trackpoint><Trackpoint><Time>2025-09-10T14:32:50.174Z</Time><DistanceMeters>10060.355692805704</DistanceMeters><HeartRateBpm><Value>157</Value></HeartRateBpm><Cadence>26</Cadence><Extensions><ext:TPX><ext:Watts>49.0</ext:Watts><ext:Torque>20</ext:Torque></ext:TPX></Extensions></Trackpoint><Trackpoint><Time>2025-09-10T14:32:51.259Z</Time><DistanceMeters>10064.2896760235</DistanceMeters><HeartRateBpm><Value>157</Value></HeartRateBpm><Cadence>28</Cadence><Extensions><ext:TPX><ext:Watts>53.064516129032256</ext:Watts><ext:Torque>20</ext:Torque></ext:TPX></Extensions></Trackpoint><Trackpoint><Time>2025-09-10T14:32:52.419Z</Time><DistanceMeters>10068.319625007578</DistanceMeters><HeartRateBpm><Value>157</Value></HeartRateBpm><Cadence>26</Cadence><Extensions><ext:TPX><ext:Watts>51.39393939393939</ext:Watts><ext:Torque>20</ext:Torque></ext:TPX></Extensions></Trackpoint><Trackpoint><Time>2025-09-10T14:32:53.504Z</Time><DistanceMeters>10072.08859616335</DistanceMeters><HeartRateBpm><Value>157</Value></HeartRateBpm><Cadence>28</Cadence><Extensions><ext:TPX><ext:Watts>50.83870967741935</ext:Watts><ext:Torque>20</ext:Torque></ext:TPX></Extensions></Trackpoint><Trackpoint><Time>2025-09-10T14:32:54.589Z</Time><DistanceMeters>10076.051277131062</DistanceMeters><HeartRateBpm><Value>157</Value></HeartRateBpm><Cadence>28</Cadence><Extensions><ext:TPX><ext:Watts>53.45161290322581</ext:Watts><ext:Torque>20</ext:Torque></ext:TPX></Extensions></Trackpoint><Trackpoint><Time>2025-09-10T14:32:55.745Z</Time><DistanceMeters>10080.119244501782</DistanceMeters><HeartRateBpm><Value>157</Value></HeartRateBpm><Cadence>26</Cadence><Extensions><ext:TPX><ext:Watts>51.878787878787875</ext:Watts><ext:Torque>20</ext:Torque></ext:TPX></Extensions></Trackpoint><Trackpoint><Time>2025-09-10T14:32:56.829Z</Time><DistanceMeters>10083.912130449151</DistanceMeters><HeartRateBpm><Value>157</Value></HeartRateBpm><Cadence>28</Cadence><Extensions><ext:TPX><ext:Watts>51.16129032258065</ext:Watts><ext:Torque>20</ext:Torque></ext:TPX></Extensions></Trackpoint><Trackpoint><Time>2025-09-10T14:32:57.984Z</Time><DistanceMeters>10087.925446389072</DistanceMeters><HeartRateBpm><Value>157</Value></HeartRateBpm><Cadence>26</Cadence><Extensions><ext:TPX><ext:Watts>51.18181818181818</ext:Watts><ext:Torque>20</ext:Torque></ext:TPX></Extensions></Trackpoint><Trackpoint><Time>2025-09-10T14:32:59.109Z</Time><DistanceMeters>10091.964451639778</DistanceMeters><HeartRateBpm><Value>156</Value></HeartRateBpm><Cadence>26</Cadence><Extensions><ext:TPX><ext:Watts>52.5</ext:Watts><ext:Torque>20</ext:Torque></ext:TPX></Extensions></Trackpoint><Trackpoint><Time>2025-09-10T14:33:00.265Z</Time><DistanceMeters>10095.80668483981</DistanceMeters><HeartRateBpm><Value>156</Value></HeartRateBpm><Cadence>26</Cadence><Extensions><ext:TPX><ext:Watts>49.0</ext:Watts><ext:Torque>20</ext:Torque></ext:TPX></Extensions></Trackpoint><Trackpoint><Time>2025-09-10T14:33:01.385Z</Time><DistanceMeters>10099.718981438142</DistanceMeters><HeartRateBpm><Value>156</Value></HeartRateBpm><Cadence>27</Cadence><Extensions><ext:TPX><ext:Watts>51.8125</ext:Watts><ext:Torque>20</ext:Torque></ext:TPX></Extensions></Trackpoint><Trackpoint><Time>2025-09-10T14:33:02.539Z</Time><DistanceMeters>10103.613489919806</DistanceMeters><HeartRateBpm><Value>156</Value></HeartRateBpm><Cadence>26</Cadence><Extensions><ext:TPX><ext:Watts>49.666666666666664</ext:Watts><ext:Torque>20</ext:Torque></ext:TPX></Extensions></Trackpoint><Trackpoint><Time>2025-09-10T14:33:03.695Z</Time><DistanceMeters>10107.59116362225</DistanceMeters><HeartRateBpm><Value>156</Value></HeartRateBpm><Cadence>26</Cadence><Extensions><ext:TPX><ext:Watts>50.72727272727273</ext:Watts><ext:Torque>20</ext:Torque></ext:TPX></Extensions></Trackpoint><Trackpoint><Time>2025-09-10T14:33:04.849Z</Time><DistanceMeters>10111.480919805585</DistanceMeters><HeartRateBpm><Value>155</Value></HeartRateBpm><Cadence>26</Cadence><Extensions><ext:TPX><ext:Watts>49.60606060606061</ext:Watts><ext:Torque>20</ext:Torque></ext:TPX></Extensions></Trackpoint><Trackpoint><Time>2025-09-10T14:33:06.040Z</Time><DistanceMeters>10115.35931520044</DistanceMeters><HeartRateBpm><Value>155</Value></HeartRateBpm><Cadence>25</Cadence><Extensions><ext:TPX><ext:Watts>47.55882352941177</ext:Watts><ext:Torque>20</ext:Torque></ext:TPX></Extensions></Trackpoint><Trackpoint><Time>2025-09-10T14:33:07.229Z</Time><DistanceMeters>10119.206529927309</DistanceMeters><HeartRateBpm><Value>155</Value></HeartRateBpm><Cadence>25</Cadence><Extensions><ext:TPX><ext:Watts>47.1764705882353</ext:Watts><ext:Torque>20</ext:Torque></ext:TPX></Extensions></Trackpoint><Trackpoint><Time>2025-09-10T14:33:08.385Z</Time><DistanceMeters>10122.766001376689</DistanceMeters><HeartRateBpm><Value>154</Value></HeartRateBpm><Cadence>26</Cadence><Extensions><ext:TPX><ext:Watts>45.39393939393939</ext:Watts><ext:Torque>20</ext:Torque></ext:TPX></Extensions></Trackpoint><Trackpoint><Time>2025-09-10T14:33:09.576Z</Time><DistanceMeters>10126.502884509147</DistanceMeters><HeartRateBpm><Value>154</Value></HeartRateBpm><Cadence>25</Cadence><Extensions><ext:TPX><ext:Watts>45.8235294117647</ext:Watts><ext:Torque>20</ext:Torque></ext:TPX></Extensions></Trackpoint><Trackpoint><Time>2025-09-10T14:33:10.765Z</Time><DistanceMeters>10130.266151283748</DistanceMeters><HeartRateBpm><Value>154</Value></HeartRateBpm><Cadence>25</Cadence><Extensions><ext:TPX><ext:Watts>46.14705882352941</ext:Watts><ext:Torque>20</ext:Torque></ext:TPX></Extensions></Trackpoint><Trackpoint><Time>2025-09-10T14:33:11.959Z</Time><DistanceMeters>10134.098974933086</DistanceMeters><HeartRateBpm><Value>154</Value></HeartRateBpm><Cadence>25</Cadence><Extensions><ext:TPX><ext:Watts>47.0</ext:Watts><ext:Torque>20</ext:Torque></ext:TPX></Extensions></Trackpoint><Trackpoint><Time>2025-09-10T14:33:13.219Z</Time><DistanceMeters>10137.947561031926</DistanceMeters><HeartRateBpm><Value>155</Value></HeartRateBpm><Cadence>24</Cadence><Extensions><ext:TPX><ext:Watts>45.30555555555556</ext:Watts><ext:Torque>20</ext:Torque></ext:TPX></Extensions></Trackpoint><Trackpoint><Time>2025-09-10T14:33:14.445Z</Time><DistanceMeters>10141.782524462471</DistanceMeters><HeartRateBpm><Value>155</Value></HeartRateBpm><Cadence>24</Cadence><Extensions><ext:TPX><ext:Watts>46.08571428571429</ext:Watts><ext:Torque>20</ext:Torque></ext:TPX></Extensions></Trackpoint><Trackpoint><Time>2025-09-10T14:33:15.705Z</Time><DistanceMeters>10145.789206985974</DistanceMeters><HeartRateBpm><Value>156</Value></HeartRateBpm><Cadence>24</Cadence><Extensions><ext:TPX><ext:Watts>47.166666666666664</ext:Watts><ext:Torque>20</ext:Torque></ext:TPX></Extensions></Trackpoint><Trackpoint><Time>2025-09-10T14:33:16.965Z</Time><DistanceMeters>10149.666108862366</DistanceMeters><HeartRateBpm><Value>156</Value></HeartRateBpm><Cadence>24</Cadence><Extensions><ext:TPX><ext:Watts>45.638888888888886</ext:Watts><ext:Torque>20</ext:Torque></ext:TPX></Extensions></Trackpoint><Trackpoint><Time>2025-09-10T14:33:18.190Z</Time><DistanceMeters>10153.52960270901</DistanceMeters><HeartRateBpm><Value>156</Value></HeartRateBpm><Cadence>24</Cadence><Extensions><ext:TPX><ext:Watts>46.42857142857143</ext:Watts><ext:Torque>20</ext:Torque></ext:TPX></Extensions></Trackpoint><Trackpoint><Time>2025-09-10T14:33:19.415Z</Time><DistanceMeters>10157.155343088167</DistanceMeters><HeartRateBpm><Value>156</Value></HeartRateBpm><Cadence>24</Cadence><Extensions><ext:TPX><ext:Watts>43.57142857142857</ext:Watts><ext:Torque>20</ext:Torque></ext:TPX></Extensions></Trackpoint><Trackpoint><Time>2025-09-10T14:33:20.640Z</Time><DistanceMeters>10160.911847874442</DistanceMeters><HeartRateBpm><Value>156</Value></HeartRateBpm><Cadence>24</Cadence><Extensions><ext:TPX><ext:Watts>45.142857142857146</ext:Watts><ext:Torque>20</ext:Torque></ext:TPX></Extensions></Trackpoint><Trackpoint><Time>2025-09-10T14:33:21.830Z</Time><DistanceMeters>10164.730280446247</DistanceMeters><HeartRateBpm><Value>155</Value></HeartRateBpm><Cadence>25</Cadence><Extensions><ext:TPX><ext:Watts>46.8235294117647</ext:Watts><ext:Torque>20</ext:Torque></ext:TPX></Extensions></Trackpoint><Trackpoint><Time>2025-09-10T14:33:23.025Z</Time><DistanceMeters>10168.59428476357</DistanceMeters><HeartRateBpm><Value>155</Value></HeartRateBpm><Cadence>25</Cadence><Extensions><ext:TPX><ext:Watts>47.38235294117647</ext:Watts><ext:Torque>20</ext:Torque></ext:TPX></Extensions></Trackpoint><Trackpoint><Time>2025-09-10T14:33:24.215Z</Time><DistanceMeters>10172.35755153817</DistanceMeters><HeartRateBpm><Value>154</Value></HeartRateBpm><Cadence>25</Cadence><Extensions><ext:TPX><ext:Watts>46.14705882352941</ext:Watts><ext:Torque>20</ext:Torque></ext:TPX></Extensions></Trackpoint><Trackpoint><Time>2025-09-10T14:33:25.405Z</Time><DistanceMeters>10176.077645080175</DistanceMeters><HeartRateBpm><Value>154</Value></HeartRateBpm><Cadence>25</Cadence><Extensions><ext:TPX><ext:Watts>45.61764705882353</ext:Watts><ext:Torque>20</ext:Torque></ext:TPX></Extensions></Trackpoint><Trackpoint><Time>2025-09-10T14:33:26.630Z</Time><DistanceMeters>10179.862680282547</DistanceMeters><HeartRateBpm><Value>154</Value></HeartRateBpm><Cadence>24</Cadence><Extensions><ext:TPX><ext:Watts>45.48571428571429</ext:Watts><ext:Torque>20</ext:Torque></ext:TPX></Extensions></Trackpoint><Trackpoint><Time>2025-09-10T14:33:27.820Z</Time><DistanceMeters>10183.482036281828</DistanceMeters><HeartRateBpm><Value>154</Value></HeartRateBpm><Cadence>25</Cadence><Extensions><ext:TPX><ext:Watts>44.38235294117647</ext:Watts><ext:Torque>20</ext:Torque></ext:TPX></Extensions></Trackpoint><Trackpoint><Time>2025-09-10T14:33:29.045Z</Time><DistanceMeters>10187.393080821968</DistanceMeters><HeartRateBpm><Value>154</Value></HeartRateBpm><Cadence>24</Cadence><Extensions><ext:TPX><ext:Watts>47.0</ext:Watts><ext:Torque>20</ext:Torque></ext:TPX></Extensions></Trackpoint><Trackpoint><Time>2025-09-10T14:33:30.235Z</Time><DistanceMeters>10191.197122316242</DistanceMeters><HeartRateBpm><Value>154</Value></HeartRateBpm><Cadence>25</Cadence><Extensions><ext:TPX><ext:Watts>46.64705882352941</ext:Watts><ext:Torque>20</ext:Torque></ext:TPX></Extensions></Trackpoint><Trackpoint><Time>2025-09-10T14:33:31.460Z</Time><DistanceMeters>10194.953627102517</DistanceMeters><HeartRateBpm><Value>154</Value></HeartRateBpm><Cadence>24</Cadence><Extensions><ext:TPX><ext:Watts>45.142857142857146</ext:Watts><ext:Torque>20</ext:Torque></ext:TPX></Extensions></Trackpoint><Trackpoint><Time>2025-09-10T14:33:32.651Z</Time><DistanceMeters>10198.84161654906</DistanceMeters><HeartRateBpm><Value>154</Value></HeartRateBpm><Cadence>25</Cadence><Extensions><ext:TPX><ext:Watts>47.6764705882353</ext:Watts><ext:Torque>20</ext:Torque></ext:TPX></Extensions></Trackpoint><Trackpoint><Time>2025-09-10T14:33:33.845Z</Time><DistanceMeters>10202.54492050061</DistanceMeters><HeartRateBpm><Value>154</Value></HeartRateBpm><Cadence>25</Cadence><Extensions><ext:TPX><ext:Watts>45.411764705882355</ext:Watts><ext:Torque>20</ext:Torque></ext:TPX></Extensions></Trackpoint><Trackpoint><Time>2025-09-10T14:33:35.035Z</Time><DistanceMeters>10206.483278718515</DistanceMeters><HeartRateBpm><Value>154</Value></HeartRateBpm><Cadence>25</Cadence><Extensions><ext:TPX><ext:Watts>48.294117647058826</ext:Watts><ext:Torque>20</ext:Torque></ext:TPX></Extensions></Trackpoint><Trackpoint><Time>2025-09-10T14:33:36.260Z</Time><DistanceMeters>10210.273068990238</DistanceMeters><HeartRateBpm><Value>154</Value></HeartRateBpm><Cadence>24</Cadence><Extensions><ext:TPX><ext:Watts>45.542857142857144</ext:Watts><ext:Torque>20</ext:Torque></ext:TPX></Extensions></Trackpoint><Trackpoint><Time>2025-09-10T14:33:37.450Z</Time><DistanceMeters>10214.2066301823</DistanceMeters><HeartRateBpm><Value>154</Value></HeartRateBpm><Cadence>25</Cadence><Extensions><ext:TPX><ext:Watts>48.23529411764706</ext:Watts><ext:Torque>20</ext:Torque></ext:TPX></Extensions></Trackpoint><Trackpoint><Time>2025-09-10T14:33:38.675Z</Time><DistanceMeters>10218.005930592723</DistanceMeters><HeartRateBpm><Value>154</Value></HeartRateBpm><Cadence>24</Cadence><Extensions><ext:TPX><ext:Watts>45.65714285714286</ext:Watts><ext:Torque>20</ext:Torque></ext:TPX></Extensions></Trackpoint><Trackpoint><Time>2025-09-10T14:33:39.865Z</Time><DistanceMeters>10221.750009263946</DistanceMeters><HeartRateBpm><Value>154</Value></HeartRateBpm><Cadence>25</Cadence><Extensions><ext:TPX><ext:Watts>45.911764705882355</ext:Watts><ext:Torque>20</ext:Torque></ext:TPX></Extensions></Trackpoint><Trackpoint><Time>2025-09-10T14:33:41.055Z</Time><DistanceMeters>10225.611615068347</DistanceMeters><HeartRateBpm><Value>154</Value></HeartRateBpm><Cadence>25</Cadence><Extensions><ext:TPX><ext:Watts>47.35294117647059</ext:Watts><ext:Torque>20</ext:Torque></ext:TPX></Extensions></Trackpoint><Trackpoint><Time>2025-09-10T14:33:42.245Z</Time><DistanceMeters>10229.384475894634</DistanceMeters><HeartRateBpm><Value>154</Value></HeartRateBpm><Cadence>25</Cadence><Extensions><ext:TPX><ext:Watts>46.26470588235294</ext:Watts><ext:Torque>20</ext:Torque></ext:TPX></Extensions></Trackpoint><Trackpoint><Time>2025-09-10T14:33:43.435Z</Time><DistanceMeters>10233.320435599617</DistanceMeters><HeartRateBpm><Value>154</Value></HeartRateBpm><Cadence>25</Cadence><Extensions><ext:TPX><ext:Watts>48.26470588235294</ext:Watts><ext:Torque>20</ext:Torque></ext:TPX></Extensions></Trackpoint><Trackpoint><Time>2025-09-10T14:33:44.660Z</Time><DistanceMeters>10237.181551911584</DistanceMeters><HeartRateBpm><Value>154</Value></HeartRateBpm><Cadence>24</Cadence><Extensions><ext:TPX><ext:Watts>46.4</ext:Watts><ext:Torque>20</ext:Torque></ext:TPX></Extensions></Trackpoint><Trackpoint><Time>2025-09-10T14:33:45.886Z</Time><DistanceMeters>10240.878618330988</DistanceMeters><HeartRateBpm><Value>154</Value></HeartRateBpm><Cadence>24</Cadence><Extensions><ext:TPX><ext:Watts>44.42857142857143</ext:Watts><ext:Torque>20</ext:Torque></ext:TPX></Extensions></Trackpoint><Trackpoint><Time>2025-09-10T14:33:47.076Z</Time><DistanceMeters>10244.855352755645</DistanceMeters><HeartRateBpm><Value>154</Value></HeartRateBpm><Cadence>25</Cadence><Extensions><ext:TPX><ext:Watts>48.76470588235294</ext:Watts><ext:Torque>20</ext:Torque></ext:TPX></Extensions></Trackpoint><Trackpoint><Time>2025-09-10T14:33:48.230Z</Time><DistanceMeters>10248.704714403171</DistanceMeters><HeartRateBpm><Value>154</Value></HeartRateBpm><Cadence>26</Cadence><Extensions><ext:TPX><ext:Watts>49.09090909090909</ext:Watts><ext:Torque>20</ext:Torque></ext:TPX></Extensions></Trackpoint><Trackpoint><Time>2025-09-10T14:33:49.455Z</Time><DistanceMeters>10252.63477922071</DistanceMeters><HeartRateBpm><Value>154</Value></HeartRateBpm><Cadence>24</Cadence><Extensions><ext:TPX><ext:Watts>47.22857142857143</ext:Watts><ext:Torque>20</ext:Torque></ext:TPX></Extensions></Trackpoint><Trackpoint><Time>2025-09-10T14:33:50.646Z</Time><DistanceMeters>10256.357271275636</DistanceMeters><HeartRateBpm><Value>154</Value></HeartRateBpm><Cadence>25</Cadence><Extensions><ext:TPX><ext:Watts>45.64705882352941</ext:Watts><ext:Torque>20</ext:Torque></ext:TPX></Extensions></Trackpoint><Trackpoint><Time>2025-09-10T14:33:51.805Z</Time><DistanceMeters>10259.914366575851</DistanceMeters><HeartRateBpm><Value>154</Value></HeartRateBpm><Cadence>26</Cadence><Extensions><ext:TPX><ext:Watts>45.36363636363637</ext:Watts><ext:Torque>20</ext:Torque></ext:TPX></Extensions></Trackpoint><Trackpoint><Time>2025-09-10T14:33:53.030Z</Time><DistanceMeters>10263.699401778224</DistanceMeters><HeartRateBpm><Value>154</Value></HeartRateBpm><Cadence>24</Cadence><Extensions><ext:TPX><ext:Watts>45.48571428571429</ext:Watts><ext:Torque>20</ext:Torque></ext:TPX></Extensions></Trackpoint><Trackpoint><Time>2025-09-10T14:33:54.221Z</Time><DistanceMeters>10267.429089371915</DistanceMeters><HeartRateBpm><Value>153</Value></HeartRateBpm><Cadence>25</Cadence><Extensions><ext:TPX><ext:Watts>45.73529411764706</ext:Watts><ext:Torque>20</ext:Torque></ext:TPX></Extensions></Trackpoint><Trackpoint><Time>2025-09-10T14:33:55.410Z</Time><DistanceMeters>10271.326672870146</DistanceMeters><HeartRateBpm><Value>152</Value></HeartRateBpm><Cadence>25</Cadence><Extensions><ext:TPX><ext:Watts>47.794117647058826</ext:Watts><ext:Torque>20</ext:Torque></ext:TPX></Extensions></Trackpoint><Trackpoint><Time>2025-09-10T14:33:56.635Z</Time><DistanceMeters>10275.085555191095</DistanceMeters><HeartRateBpm><Value>152</Value></HeartRateBpm><Cadence>24</Cadence><Extensions><ext:TPX><ext:Watts>45.17142857142857</ext:Watts><ext:Torque>20</ext:Torque></ext:TPX></Extensions></Trackpoint><Trackpoint><Time>2025-09-10T14:33:57.830Z</Time><DistanceMeters>10278.822438323554</DistanceMeters><HeartRateBpm><Value>151</Value></HeartRateBpm><Cadence>25</Cadence><Extensions><ext:TPX><ext:Watts>45.8235294117647</ext:Watts><ext:Torque>20</ext:Torque></ext:TPX></Extensions></Trackpoint><Trackpoint><Time>2025-09-10T14:33:59.020Z</Time><DistanceMeters>10282.61928427906</DistanceMeters><HeartRateBpm><Value>150</Value></HeartRateBpm><Cadence>25</Cadence><Extensions><ext:TPX><ext:Watts>46.55882352941177</ext:Watts><ext:Torque>20</ext:Torque></ext:TPX></Extensions></Trackpoint><Trackpoint><Time>2025-09-10T14:34:00.246Z</Time><DistanceMeters>10286.577879512697</DistanceMeters><HeartRateBpm><Value>149</Value></HeartRateBpm><Cadence>24</Cadence><Extensions><ext:TPX><ext:Watts>47.57142857142857</ext:Watts><ext:Torque>20</ext:Torque></ext:TPX></Extensions></Trackpoint><Trackpoint><Time>2025-09-10T14:34:01.436Z</Time><DistanceMeters>10290.343544800218</DistanceMeters><HeartRateBpm><Value>149</Value></HeartRateBpm><Cadence>25</Cadence><Extensions><ext:TPX><ext:Watts>46.1764705882353</ext:Watts><ext:Torque>20</ext:Torque></ext:TPX></Extensions></Trackpoint><Trackpoint><Time>2025-09-10T14:34:02.660Z</Time><DistanceMeters>10294.180885765438</DistanceMeters><HeartRateBpm><Value>148</Value></HeartRateBpm><Cadence>24</Cadence><Extensions><ext:TPX><ext:Watts>46.114285714285714</ext:Watts><ext:Torque>20</ext:Torque></ext:TPX></Extensions></Trackpoint><Trackpoint><Time>2025-09-10T14:34:03.850Z</Time><DistanceMeters>10298.025701979384</DistanceMeters><HeartRateBpm><Value>148</Value></HeartRateBpm><Cadence>25</Cadence><Extensions><ext:TPX><ext:Watts>47.14705882352941</ext:Watts><ext:Torque>20</ext:Torque></ext:TPX></Extensions></Trackpoint><Trackpoint><Time>2025-09-10T14:34:05.076Z</Time><DistanceMeters>10301.558718506223</DistanceMeters><HeartRateBpm><Value>147</Value></HeartRateBpm><Cadence>24</Cadence><Extensions><ext:TPX><ext:Watts>42.457142857142856</ext:Watts><ext:Torque>20</ext:Torque></ext:TPX></Extensions></Trackpoint><Trackpoint><Time>2025-09-10T14:34:06.266Z</Time><DistanceMeters>10305.298000151603</DistanceMeters><HeartRateBpm><Value>147</Value></HeartRateBpm><Cadence>25</Cadence><Extensions><ext:TPX><ext:Watts>45.85294117647059</ext:Watts><ext:Torque>20</ext:Torque></ext:TPX></Extensions></Trackpoint><Trackpoint><Time>2025-09-10T14:34:07.420Z</Time><DistanceMeters>10309.064196578349</DistanceMeters><HeartRateBpm><Value>147</Value></HeartRateBpm><Cadence>26</Cadence><Extensions><ext:TPX><ext:Watts>48.03030303030303</ext:Watts><ext:Torque>20</ext:Torque></ext:TPX></Extensions></Trackpoint><Trackpoint><Time>2025-09-10T14:34:08.576Z</Time><DistanceMeters>10312.81851225927</DistanceMeters><HeartRateBpm><Value>147</Value></HeartRateBpm><Cadence>26</Cadence><Extensions><ext:TPX><ext:Watts>47.878787878787875</ext:Watts><ext:Torque>20</ext:Torque></ext:TPX></Extensions></Trackpoint><Trackpoint><Time>2025-09-10T14:34:09.731Z</Time><DistanceMeters>10316.972020999934</DistanceMeters><HeartRateBpm><Value>147</Value></HeartRateBpm><Cadence>26</Cadence><Extensions><ext:TPX><ext:Watts>52.96969696969697</ext:Watts><ext:Torque>20</ext:Torque></ext:TPX></Extensions></Trackpoint><Trackpoint><Time>2025-09-10T14:34:10.886Z</Time><DistanceMeters>10321.004346133177</DistanceMeters><HeartRateBpm><Value>147</Value></HeartRateBpm><Cadence>26</Cadence><Extensions><ext:TPX><ext:Watts>51.42424242424242</ext:Watts><ext:Torque>20</ext:Torque></ext:TPX></Extensions></Trackpoint><Trackpoint><Time>2025-09-10T14:34:12.006Z</Time><DistanceMeters>10325.10541458185</DistanceMeters><HeartRateBpm><Value>146</Value></HeartRateBpm><Cadence>27</Cadence><Extensions><ext:TPX><ext:Watts>54.3125</ext:Watts><ext:Torque>20</ext:Torque></ext:TPX></Extensions></Trackpoint><Trackpoint><Time>2025-09-10T14:34:13.126Z</Time><DistanceMeters>10329.079062031544</DistanceMeters><HeartRateBpm><Value>146</Value></HeartRateBpm><Cadence>27</Cadence><Extensions><ext:TPX><ext:Watts>52.625</ext:Watts><ext:Torque>20</ext:Torque></ext:TPX></Extensions></Trackpoint><Trackpoint><Time>2025-09-10T14:34:14.246Z</Time><DistanceMeters>10333.083384906917</DistanceMeters><HeartRateBpm><Value>147</Value></HeartRateBpm><Cadence>27</Cadence><Extensions><ext:TPX><ext:Watts>53.03125</ext:Watts><ext:Torque>20</ext:Torque></ext:TPX></Extensions></Trackpoint><Trackpoint><Time>2025-09-10T14:34:15.366Z</Time><DistanceMeters>10337.224567373787</DistanceMeters><HeartRateBpm><Value>147</Value></HeartRateBpm><Cadence>27</Cadence><Extensions><ext:TPX><ext:Watts>54.84375</ext:Watts><ext:Torque>20</ext:Torque></ext:TPX></Extensions></Trackpoint><Trackpoint><Time>2025-09-10T14:34:16.521Z</Time><DistanceMeters>10341.523021213525</DistanceMeters><HeartRateBpm><Value>147</Value></HeartRateBpm><Cadence>26</Cadence><Extensions><ext:TPX><ext:Watts>54.81818181818182</ext:Watts><ext:Torque>20</ext:Torque></ext:TPX></Extensions></Trackpoint><Trackpoint><Time>2025-09-10T14:34:17.646Z</Time><DistanceMeters>10346.05488127161</DistanceMeters><HeartRateBpm><Value>148</Value></HeartRateBpm><Cadence>26</Cadence><Extensions><ext:TPX><ext:Watts>58.90625</ext:Watts><ext:Torque>20</ext:Torque></ext:TPX></Extensions></Trackpoint><Trackpoint><Time>2025-09-10T14:34:18.766Z</Time><DistanceMeters>10350.675072308723</DistanceMeters><HeartRateBpm><Value>148</Value></HeartRateBpm><Cadence>27</Cadence><Extensions><ext:TPX><ext:Watts>61.1875</ext:Watts><ext:Torque>20</ext:Torque></ext:TPX></Extensions></Trackpoint><Trackpoint><Time>2025-09-10T14:34:19.886Z</Time><DistanceMeters>10355.219754605698</DistanceMeters><HeartRateBpm><Value>149</Value></HeartRateBpm><Cadence>27</Cadence><Extensions><ext:TPX><ext:Watts>60.1875</ext:Watts><ext:Torque>20</ext:Torque></ext:TPX></Extensions></Trackpoint><Trackpoint><Time>2025-09-10T14:34:21.006Z</Time><DistanceMeters>10359.809270217129</DistanceMeters><HeartRateBpm><Value>150</Value></HeartRateBpm><Cadence>27</Cadence><Extensions><ext:TPX><ext:Watts>60.78125</ext:Watts><ext:Torque>20</ext:Torque></ext:TPX></Extensions></Trackpoint><Trackpoint><Time>2025-09-10T14:34:22.126Z</Time><DistanceMeters>10364.429461254242</DistanceMeters><HeartRateBpm><Value>150</Value></HeartRateBpm><Cadence>27</Cadence><Extensions><ext:TPX><ext:Watts>61.1875</ext:Watts><ext:Torque>20</ext:Torque></ext:TPX></Extensions></Trackpoint><Trackpoint><Time>2025-09-10T14:34:23.251Z</Time><DistanceMeters>10368.934875444613</DistanceMeters><HeartRateBpm><Value>150</Value></HeartRateBpm><Cadence>26</Cadence><Extensions><ext:TPX><ext:Watts>58.5625</ext:Watts><ext:Torque>20</ext:Torque></ext:TPX></Extensions></Trackpoint><Trackpoint><Time>2025-09-10T14:34:24.406Z</Time><DistanceMeters>10373.4685680517</DistanceMeters><HeartRateBpm><Value>150</Value></HeartRateBpm><Cadence>26</Cadence><Extensions><ext:TPX><ext:Watts>57.81818181818182</ext:Watts><ext:Torque>20</ext:Torque></ext:TPX></Extensions></Trackpoint><Trackpoint><Time>2025-09-10T14:34:25.561Z</Time><DistanceMeters>10378.23037097864</DistanceMeters><HeartRateBpm><Value>151</Value></HeartRateBpm><Cadence>26</Cadence><Extensions><ext:TPX><ext:Watts>60.72727272727273</ext:Watts><ext:Torque>20</ext:Torque></ext:TPX></Extensions></Trackpoint><Trackpoint><Time>2025-09-10T14:34:26.651Z</Time><DistanceMeters>10382.723960319816</DistanceMeters><HeartRateBpm><Value>151</Value></HeartRateBpm><Cadence>28</Cadence><Extensions><ext:TPX><ext:Watts>60.61290322580645</ext:Watts><ext:Torque>20</ext:Torque></ext:TPX></Extensions></Trackpoint><Trackpoint><Time>2025-09-10T14:34:27.806Z</Time><DistanceMeters>10387.328937401857</DistanceMeters><HeartRateBpm><Value>151</Value></HeartRateBpm><Cadence>26</Cadence><Extensions><ext:TPX><ext:Watts>58.72727272727273</ext:Watts><ext:Torque>20</ext:Torque></ext:TPX></Extensions></Trackpoint><Trackpoint><Time>2025-09-10T14:34:28.926Z</Time><DistanceMeters>10391.901935476384</DistanceMeters><HeartRateBpm><Value>151</Value></HeartRateBpm><Cadence>27</Cadence><Extensions><ext:TPX><ext:Watts>60.5625</ext:Watts><ext:Torque>20</ext:Torque></ext:TPX></Extensions></Trackpoint><Trackpoint><Time>2025-09-10T14:34:30.046Z</Time><DistanceMeters>10396.295600293086</DistanceMeters><HeartRateBpm><Value>151</Value></HeartRateBpm><Cadence>27</Cadence><Extensions><ext:TPX><ext:Watts>58.1875</ext:Watts><ext:Torque>20</ext:Torque></ext:TPX></Extensions></Trackpoint><Trackpoint><Time>2025-09-10T14:34:31.166Z</Time><DistanceMeters>10400.823765053157</DistanceMeters><HeartRateBpm><Value>151</Value></HeartRateBpm><Cadence>27</Cadence><Extensions><ext:TPX><ext:Watts>59.96875</ext:Watts><ext:Torque>20</ext:Torque></ext:TPX></Extensions></Trackpoint><Trackpoint><Time>2025-09-10T14:34:32.321Z</Time><DistanceMeters>10405.490522013491</DistanceMeters><HeartRateBpm><Value>151</Value></HeartRateBpm><Cadence>26</Cadence><Extensions><ext:TPX><ext:Watts>59.515151515151516</ext:Watts><ext:Torque>20</ext:Torque></ext:TPX></Extensions></Trackpoint><Trackpoint><Time>2025-09-10T14:34:33.441Z</Time><DistanceMeters>10410.164984957577</DistanceMeters><HeartRateBpm><Value>151</Value></HeartRateBpm><Cadence>27</Cadence><Extensions><ext:TPX><ext:Watts>61.90625</ext:Watts><ext:Torque>20</ext:Torque></ext:TPX></Extensions></Trackpoint><Trackpoint><Time>2025-09-10T14:34:34.631Z</Time><DistanceMeters>10414.806107461625</DistanceMeters><HeartRateBpm><Value>151</Value></HeartRateBpm><Cadence>25</Cadence><Extensions><ext:TPX><ext:Watts>56.911764705882355</ext:Watts><ext:Torque>20</ext:Torque></ext:TPX></Extensions></Trackpoint><Trackpoint><Time>2025-09-10T14:34:35.786Z</Time><DistanceMeters>10419.059414467225</DistanceMeters><HeartRateBpm><Value>151</Value></HeartRateBpm><Cadence>26</Cadence><Extensions><ext:TPX><ext:Watts>54.24242424242424</ext:Watts><ext:Torque>20</ext:Torque></ext:TPX></Extensions></Trackpoint><Trackpoint><Time>2025-09-10T14:34:36.906Z</Time><DistanceMeters>10423.325658284946</DistanceMeters><HeartRateBpm><Value>151</Value></HeartRateBpm><Cadence>27</Cadence><Extensions><ext:TPX><ext:Watts>56.5</ext:Watts><ext:Torque>20</ext:Torque></ext:TPX></Extensions></Trackpoint><Trackpoint><Time>2025-09-10T14:34:38.027Z</Time><DistanceMeters>10427.721682749778</DistanceMeters><HeartRateBpm><Value>151</Value></HeartRateBpm><Cadence>27</Cadence><Extensions><ext:TPX><ext:Watts>58.21875</ext:Watts><ext:Torque>20</ext:Torque></ext:TPX></Extensions></Trackpoint><Trackpoint><Time>2025-09-10T14:34:39.156Z</Time><DistanceMeters>10431.996296640109</DistanceMeters><HeartRateBpm><Value>152</Value></HeartRateBpm><Cadence>26</Cadence><Extensions><ext:TPX><ext:Watts>55.5625</ext:Watts><ext:Torque>20</ext:Torque></ext:TPX></Extensions></Trackpoint><Trackpoint><Time>2025-09-10T14:34:40.311Z</Time><DistanceMeters>10436.149805380774</DistanceMeters><HeartRateBpm><Value>152</Value></HeartRateBpm><Cadence>26</Cadence><Extensions><ext:TPX><ext:Watts>52.96969696969697</ext:Watts><ext:Torque>20</ext:Torque></ext:TPX></Extensions></Trackpoint><Trackpoint><Time>2025-09-10T14:34:41.431Z</Time><DistanceMeters>10440.517514068055</DistanceMeters><HeartRateBpm><Value>152</Value></HeartRateBpm><Cadence>27</Cadence><Extensions><ext:TPX><ext:Watts>57.84375</ext:Watts><ext:Torque>20</ext:Torque></ext:TPX></Extensions></Trackpoint><Trackpoint><Time>2025-09-10T14:34:42.551Z</Time><DistanceMeters>10444.755442108226</DistanceMeters><HeartRateBpm><Value>152</Value></HeartRateBpm><Cadence>27</Cadence><Extensions><ext:TPX><ext:Watts>56.125</ext:Watts><ext:Torque>20</ext:Torque></ext:TPX></Extensions></Trackpoint><Trackpoint><Time>2025-09-10T14:34:43.706Z</Time><DistanceMeters>10449.032510605477</DistanceMeters><HeartRateBpm><Value>152</Value></HeartRateBpm><Cadence>26</Cadence><Extensions><ext:TPX><ext:Watts>54.54545454545455</ext:Watts><ext:Torque>20</ext:Torque></ext:TPX></Extensions></Trackpoint><Trackpoint><Time>2025-09-10T14:34:44.866Z</Time><DistanceMeters>10453.273936865251</DistanceMeters><HeartRateBpm><Value>152</Value></HeartRateBpm><Cadence>26</Cadence><Extensions><ext:TPX><ext:Watts>54.09090909090909</ext:Watts><ext:Torque>20</ext:Torque></ext:TPX></Extensions></Trackpoint><Trackpoint><Time>2025-09-10T14:34:46.021Z</Time><DistanceMeters>10457.515363125025</DistanceMeters><HeartRateBpm><Value>152</Value></HeartRateBpm><Cadence>26</Cadence><Extensions><ext:TPX><ext:Watts>54.09090909090909</ext:Watts><ext:Torque>20</ext:Torque></ext:TPX></Extensions></Trackpoint><Trackpoint><Time>2025-09-10T14:34:47.177Z</Time><DistanceMeters>10461.813816964763</DistanceMeters><HeartRateBpm><Value>153</Value></HeartRateBpm><Cadence>26</Cadence><Extensions><ext:TPX><ext:Watts>54.81818181818182</ext:Watts><ext:Torque>20</ext:Torque></ext:TPX></Extensions></Trackpoint><Trackpoint><Time>2025-09-10T14:34:48.331Z</Time><DistanceMeters>10465.850894396335</DistanceMeters><HeartRateBpm><Value>153</Value></HeartRateBpm><Cadence>26</Cadence><Extensions><ext:TPX><ext:Watts>51.484848484848484</ext:Watts><ext:Torque>20</ext:Torque></ext:TPX></Extensions></Trackpoint><Trackpoint><Time>2025-09-10T14:34:49.486Z</Time><DistanceMeters>10470.220632711027</DistanceMeters><HeartRateBpm><Value>153</Value></HeartRateBpm><Cadence>26</Cadence><Extensions><ext:TPX><ext:Watts>55.72727272727273</ext:Watts><ext:Torque>20</ext:Torque></ext:TPX></Extensions></Trackpoint><Trackpoint><Time>2025-09-10T14:34:50.641Z</Time><DistanceMeters>10474.473939716627</DistanceMeters><HeartRateBpm><Value>153</Value></HeartRateBpm><Cadence>26</Cadence><Extensions><ext:TPX><ext:Watts>54.24242424242424</ext:Watts><ext:Torque>20</ext:Torque></ext:TPX></Extensions></Trackpoint><Trackpoint><Time>2025-09-10T14:34:51.761Z</Time><DistanceMeters>10478.707148460539</DistanceMeters><HeartRateBpm><Value>153</Value></HeartRateBpm><Cadence>27</Cadence><Extensions><ext:TPX><ext:Watts>56.0625</ext:Watts><ext:Torque>20</ext:Torque></ext:TPX></Extensions></Trackpoint><Trackpoint><Time>2025-09-10T14:34:52.887Z</Time><DistanceMeters>10482.962528992533</DistanceMeters><HeartRateBpm><Value>153</Value></HeartRateBpm><Cadence>26</Cadence><Extensions><ext:TPX><ext:Watts>55.3125</ext:Watts><ext:Torque>20</ext:Torque></ext:TPX></Extensions></Trackpoint><Trackpoint><Time>2025-09-10T14:34:54.007Z</Time><DistanceMeters>10487.3774306424</DistanceMeters><HeartRateBpm><Value>154</Value></HeartRateBpm><Cadence>27</Cadence><Extensions><ext:TPX><ext:Watts>58.46875</ext:Watts><ext:Torque>20</ext:Torque></ext:TPX></Extensions></Trackpoint><Trackpoint><Time>2025-09-10T14:34:55.161Z</Time><DistanceMeters>10491.880233310341</DistanceMeters><HeartRateBpm><Value>155</Value></HeartRateBpm><Cadence>26</Cadence><Extensions><ext:TPX><ext:Watts>57.42424242424242</ext:Watts><ext:Torque>20</ext:Torque></ext:TPX></Extensions></Trackpoint><Trackpoint><Time>2025-09-10T14:34:56.282Z</Time><DistanceMeters>10496.18895079439</DistanceMeters><HeartRateBpm><Value>155</Value></HeartRateBpm><Cadence>27</Cadence><Extensions><ext:TPX><ext:Watts>57.0625</ext:Watts><ext:Torque>20</ext:Torque></ext:TPX></Extensions></Trackpoint><Trackpoint><Time>2025-09-10T14:34:57.366Z</Time><DistanceMeters>10500.598838364976</DistanceMeters><HeartRateBpm><Value>156</Value></HeartRateBpm><Cadence>28</Cadence><Extensions><ext:TPX><ext:Watts>59.483870967741936</ext:Watts><ext:Torque>20</ext:Torque></ext:TPX></Extensions></Trackpoint><Trackpoint><Time>2025-09-10T14:34:58.522Z</Time><DistanceMeters>10504.966200530504</DistanceMeters><HeartRateBpm><Value>156</Value></HeartRateBpm><Cadence>26</Cadence><Extensions><ext:TPX><ext:Watts>55.696969696969695</ext:Watts><ext:Torque>20</ext:Torque></ext:TPX></Extensions></Trackpoint><Trackpoint><Time>2025-09-10T14:34:59.641Z</Time><DistanceMeters>10509.296154847716</DistanceMeters><HeartRateBpm><Value>156</Value></HeartRateBpm><Cadence>27</Cadence><Extensions><ext:TPX><ext:Watts>57.34375</ext:Watts><ext:Torque>20</ext:Torque></ext:TPX></Extensions></Trackpoint><Trackpoint><Time>2025-09-10T14:35:00.761Z</Time><DistanceMeters>10513.826679255917</DistanceMeters><HeartRateBpm><Value>156</Value></HeartRateBpm><Cadence>27</Cadence><Extensions><ext:TPX><ext:Watts>60.0</ext:Watts><ext:Torque>20</ext:Torque></ext:TPX></Extensions></Trackpoint><Trackpoint><Time>2025-09-10T14:35:01.847Z</Time><DistanceMeters>10518.35614078449</DistanceMeters><HeartRateBpm><Value>156</Value></HeartRateBpm><Cadence>28</Cadence><Extensions><ext:TPX><ext:Watts>61.096774193548384</ext:Watts><ext:Torque>20</ext:Torque></ext:TPX></Extensions></Trackpoint><Trackpoint><Time>2025-09-10T14:35:02.967Z</Time><DistanceMeters>10522.886665192691</DistanceMeters><HeartRateBpm><Value>156</Value></HeartRateBpm><Cadence>27</Cadence><Extensions><ext:TPX><ext:Watts>60.0</ext:Watts><ext:Torque>20</ext:Torque></ext:TPX></Extensions></Trackpoint><Trackpoint><Time>2025-09-10T14:35:04.087Z</Time><DistanceMeters>10527.277970361265</DistanceMeters><HeartRateBpm><Value>156</Value></HeartRateBpm><Cadence>27</Cadence><Extensions><ext:TPX><ext:Watts>58.15625</ext:Watts><ext:Torque>20</ext:Torque></ext:TPX></Extensions></Trackpoint><Trackpoint><Time>2025-09-10T14:35:05.242Z</Time><DistanceMeters>10531.833048310838</DistanceMeters><HeartRateBpm><Value>156</Value></HeartRateBpm><Cadence>26</Cadence><Extensions><ext:TPX><ext:Watts>58.09090909090909</ext:Watts><ext:Torque>20</ext:Torque></ext:TPX></Extensions></Trackpoint><Trackpoint><Time>2025-09-10T14:35:06.397Z</Time><DistanceMeters>10536.409511602898</DistanceMeters><HeartRateBpm><Value>156</Value></HeartRateBpm><Cadence>26</Cadence><Extensions><ext:TPX><ext:Watts>58.36363636363637</ext:Watts><ext:Torque>20</ext:Torque></ext:TPX></Extensions></Trackpoint><Trackpoint><Time>2025-09-10T14:35:07.552Z</Time><DistanceMeters>10540.966965701637</DistanceMeters><HeartRateBpm><Value>156</Value></HeartRateBpm><Cadence>26</Cadence><Extensions><ext:TPX><ext:Watts>58.121212121212125</ext:Watts><ext:Torque>20</ext:Torque></ext:TPX></Extensions></Trackpoint><Trackpoint><Time>2025-09-10T14:35:08.677Z</Time><DistanceMeters>10545.32572553469</DistanceMeters><HeartRateBpm><Value>156</Value></HeartRateBpm><Cadence>26</Cadence><Extensions><ext:TPX><ext:Watts>56.65625</ext:Watts><ext:Torque>20</ext:Torque></ext:TPX></Extensions></Trackpoint><Trackpoint><Time>2025-09-10T14:35:09.867Z</Time><DistanceMeters>10549.796553621278</DistanceMeters><HeartRateBpm><Value>156</Value></HeartRateBpm><Cadence>25</Cadence><Extensions><ext:TPX><ext:Watts>54.8235294117647</ext:Watts><ext:Torque>20</ext:Torque></ext:TPX></Extensions></Trackpoint><Trackpoint><Time>2025-09-10T14:35:11.127Z</Time><DistanceMeters>10554.268086826247</DistanceMeters><HeartRateBpm><Value>156</Value></HeartRateBpm><Cadence>24</Cadence><Extensions><ext:TPX><ext:Watts>52.638888888888886</ext:Watts><ext:Torque>20</ext:Torque></ext:TPX></Extensions></Trackpoint><Trackpoint><Time>2025-09-10T14:35:12.352Z</Time><DistanceMeters>10558.794912847176</DistanceMeters><HeartRateBpm><Value>156</Value></HeartRateBpm><Cadence>24</Cadence><Extensions><ext:TPX><ext:Watts>54.4</ext:Watts><ext:Torque>20</ext:Torque></ext:TPX></Extensions></Trackpoint><Trackpoint><Time>2025-09-10T14:35:13.682Z</Time><DistanceMeters>10563.373126985989</DistanceMeters><HeartRateBpm><Value>156</Value></HeartRateBpm><Cadence>22</Cadence><Extensions><ext:TPX><ext:Watts>50.526315789473685</ext:Watts><ext:Torque>20</ext:Torque></ext:TPX></Extensions></Trackpoint><Trackpoint><Time>2025-09-10T14:35:14.942Z</Time><DistanceMeters>10567.745554969528</DistanceMeters><HeartRateBpm><Value>157</Value></HeartRateBpm><Cadence>24</Cadence><Extensions><ext:TPX><ext:Watts>51.47222222222222</ext:Watts><ext:Torque>20</ext:Torque></ext:TPX></Extensions></Trackpoint><Trackpoint><Time>2025-09-10T14:35:16.167Z</Time><DistanceMeters>10572.105953563216</DistanceMeters><HeartRateBpm><Value>158</Value></HeartRateBpm><Cadence>24</Cadence><Extensions><ext:TPX><ext:Watts>52.4</ext:Watts><ext:Torque>20</ext:Torque></ext:TPX></Extensions></Trackpoint><Trackpoint><Time>2025-09-10T14:35:17.427Z</Time><DistanceMeters>10576.348600899644</DistanceMeters><HeartRateBpm><Value>158</Value></HeartRateBpm><Cadence>24</Cadence><Extensions><ext:TPX><ext:Watts>49.94444444444444</ext:Watts><ext:Torque>20</ext:Torque></ext:TPX></Extensions></Trackpoint><Trackpoint><Time>2025-09-10T14:35:18.687Z</Time><DistanceMeters>10580.631362254271</DistanceMeters><HeartRateBpm><Value>158</Value></HeartRateBpm><Cadence>24</Cadence><Extensions><ext:TPX><ext:Watts>50.416666666666664</ext:Watts><ext:Torque>20</ext:Torque></ext:TPX></Extensions></Trackpoint><Trackpoint><Time>2025-09-10T14:35:19.947Z</Time><DistanceMeters>10584.8740095907</DistanceMeters><HeartRateBpm><Value>158</Value></HeartRateBpm><Cadence>24</Cadence><Extensions><ext:TPX><ext:Watts>49.94444444444444</ext:Watts><ext:Torque>20</ext:Torque></ext:TPX></Extensions></Trackpoint><Trackpoint><Time>2025-09-10T14:35:21.147Z</Time><DistanceMeters>10589.222513518265</DistanceMeters><HeartRateBpm><Value>158</Value></HeartRateBpm><Cadence>25</Cadence><Extensions><ext:TPX><ext:Watts>53.3235294117647</ext:Watts><ext:Torque>20</ext:Torque></ext:TPX></Extensions></Trackpoint><Trackpoint><Time>2025-09-10T14:35:22.407Z</Time><DistanceMeters>10593.47931874347</DistanceMeters><HeartRateBpm><Value>157</Value></HeartRateBpm><Cadence>24</Cadence><Extensions><ext:TPX><ext:Watts>50.111111111111114</ext:Watts><ext:Torque>20</ext:Torque></ext:TPX></Extensions></Trackpoint><Trackpoint><Time>2025-09-10T14:35:23.637Z</Time><DistanceMeters>10597.678044979268</DistanceMeters><HeartRateBpm><Value>157</Value></HeartRateBpm><Cadence>24</Cadence><Extensions><ext:TPX><ext:Watts>50.457142857142856</ext:Watts><ext:Torque>20</ext:Torque></ext:TPX></Extensions></Trackpoint><Trackpoint><Time>2025-09-10T14:35:24.897Z</Time><DistanceMeters>10602.147218536107</DistanceMeters><HeartRateBpm><Value>157</Value></HeartRateBpm><Cadence>24</Cadence><Extensions><ext:TPX><ext:Watts>52.611111111111114</ext:Watts><ext:Torque>20</ext:Torque></ext:TPX></Extensions></Trackpoint><Trackpoint><Time>2025-09-10T14:35:26.157Z</Time><DistanceMeters>10606.531444760292</DistanceMeters><HeartRateBpm><Value>157</Value></HeartRateBpm><Cadence>24</Cadence><Extensions><ext:TPX><ext:Watts>51.611111111111114</ext:Watts><ext:Torque>20</ext:Torque></ext:TPX></Extensions></Trackpoint><Trackpoint><Time>2025-09-10T14:35:27.347Z</Time><DistanceMeters>10611.0046713598</DistanceMeters><HeartRateBpm><Value>157</Value></HeartRateBpm><Cadence>25</Cadence><Extensions><ext:TPX><ext:Watts>54.85294117647059</ext:Watts><ext:Torque>20</ext:Torque></ext:TPX></Extensions></Trackpoint><Trackpoint><Time>2025-09-10T14:35:28.582Z</Time><DistanceMeters>10615.536252450078</DistanceMeters><HeartRateBpm><Value>157</Value></HeartRateBpm><Cadence>24</Cadence><Extensions><ext:TPX><ext:Watts>54.457142857142856</ext:Watts><ext:Torque>20</ext:Torque></ext:TPX></Extensions></Trackpoint><Trackpoint><Time>2025-09-10T14:35:29.807Z</Time><DistanceMeters>10619.998885034785</DistanceMeters><HeartRateBpm><Value>157</Value></HeartRateBpm><Cadence>24</Cadence><Extensions><ext:TPX><ext:Watts>53.628571428571426</ext:Watts><ext:Torque>20</ext:Torque></ext:TPX></Extensions></Trackpoint><Trackpoint><Time>2025-09-10T14:35:31.032Z</Time><DistanceMeters>10624.314110469651</DistanceMeters><HeartRateBpm><Value>156</Value></HeartRateBpm><Cadence>24</Cadence><Extensions><ext:TPX><ext:Watts>51.857142857142854</ext:Watts><ext:Torque>20</ext:Torque></ext:TPX></Extensions></Trackpoint><Trackpoint><Time>2025-09-10T14:35:32.258Z</Time><DistanceMeters>10628.75772277696</DistanceMeters><HeartRateBpm><Value>156</Value></HeartRateBpm><Cadence>24</Cadence><Extensions><ext:TPX><ext:Watts>53.4</ext:Watts><ext:Torque>20</ext:Torque></ext:TPX></Extensions></Trackpoint><Trackpoint><Time>2025-09-10T14:35:33.482Z</Time><DistanceMeters>10633.232243035041</DistanceMeters><HeartRateBpm><Value>156</Value></HeartRateBpm><Cadence>24</Cadence><Extensions><ext:TPX><ext:Watts>53.77142857142857</ext:Watts><ext:Torque>20</ext:Torque></ext:TPX></Extensions></Trackpoint><Trackpoint><Time>2025-09-10T14:35:34.707Z</Time><DistanceMeters>10637.623549579503</DistanceMeters><HeartRateBpm><Value>156</Value></HeartRateBpm><Cadence>24</Cadence><Extensions><ext:TPX><ext:Watts>52.77142857142857</ext:Watts><ext:Torque>20</ext:Torque></ext:TPX></Extensions></Trackpoint><Trackpoint><Time>2025-09-10T14:35:35.932Z</Time><DistanceMeters>10642.300160284947</DistanceMeters><HeartRateBpm><Value>156</Value></HeartRateBpm><Cadence>24</Cadence><Extensions><ext:TPX><ext:Watts>56.2</ext:Watts><ext:Torque>20</ext:Torque></ext:TPX></Extensions></Trackpoint><Trackpoint><Time>2025-09-10T14:35:37.123Z</Time><DistanceMeters>10646.977260482825</DistanceMeters><HeartRateBpm><Value>155</Value></HeartRateBpm><Cadence>25</Cadence><Extensions><ext:TPX><ext:Watts>57.35294117647059</ext:Watts><ext:Torque>20</ext:Torque></ext:TPX></Extensions></Trackpoint><Trackpoint><Time>2025-09-10T14:35:38.312Z</Time><DistanceMeters>10651.781481865568</DistanceMeters><HeartRateBpm><Value>156</Value></HeartRateBpm><Cadence>25</Cadence><Extensions><ext:TPX><ext:Watts>58.911764705882355</ext:Watts><ext:Torque>20</ext:Torque></ext:TPX></Extensions></Trackpoint><Trackpoint><Time>2025-09-10T14:35:39.508Z</Time><DistanceMeters>10656.51134934773</DistanceMeters><HeartRateBpm><Value>156</Value></HeartRateBpm><Cadence>25</Cadence><Extensions><ext:TPX><ext:Watts>58.0</ext:Watts><ext:Torque>20</ext:Torque></ext:TPX></Extensions></Trackpoint><Trackpoint><Time>2025-09-10T14:35:40.662Z</Time><DistanceMeters>10661.19473935222</DistanceMeters><HeartRateBpm><Value>156</Value></HeartRateBpm><Cadence>26</Cadence><Extensions><ext:TPX><ext:Watts>59.72727272727273</ext:Watts><ext:Torque>20</ext:Torque></ext:TPX></Extensions></Trackpoint><Trackpoint><Time>2025-09-10T14:35:41.857Z</Time><DistanceMeters>10665.888629140552</DistanceMeters><HeartRateBpm><Value>156</Value></HeartRateBpm><Cadence>25</Cadence><Extensions><ext:TPX><ext:Watts>57.55882352941177</ext:Watts><ext:Torque>20</ext:Torque></ext:TPX></Extensions></Trackpoint><Trackpoint><Time>2025-09-10T14:35:43.012Z</Time><DistanceMeters>10670.534000758402</DistanceMeters><HeartRateBpm><Value>156</Value></HeartRateBpm><Cadence>26</Cadence><Extensions><ext:TPX><ext:Watts>59.24242424242424</ext:Watts><ext:Torque>20</ext:Torque></ext:TPX></Extensions></Trackpoint><Trackpoint><Time>2025-09-10T14:35:44.167Z</Time><DistanceMeters>10675.236399956213</DistanceMeters><HeartRateBpm><Value>156</Value></HeartRateBpm><Cadence>26</Cadence><Extensions><ext:TPX><ext:Watts>59.96969696969697</ext:Watts><ext:Torque>20</ext:Torque></ext:TPX></Extensions></Trackpoint><Trackpoint><Time>2025-09-10T14:35:45.357Z</Time><DistanceMeters>10679.93748528331</DistanceMeters><HeartRateBpm><Value>156</Value></HeartRateBpm><Cadence>25</Cadence><Extensions><ext:TPX><ext:Watts>57.64705882352941</ext:Watts><ext:Torque>20</ext:Torque></ext:TPX></Extensions></Trackpoint><Trackpoint><Time>2025-09-10T14:35:46.512Z</Time><DistanceMeters>10684.618499138636</DistanceMeters><HeartRateBpm><Value>156</Value></HeartRateBpm><Cadence>26</Cadence><Extensions><ext:TPX><ext:Watts>59.696969696969695</ext:Watts><ext:Torque>20</ext:Torque></ext:TPX></Extensions></Trackpoint><Trackpoint><Time>2025-09-10T14:35:47.667Z</Time><DistanceMeters>10689.325650634779</DistanceMeters><HeartRateBpm><Value>157</Value></HeartRateBpm><Cadence>26</Cadence><Extensions><ext:TPX><ext:Watts>60.03030303030303</ext:Watts><ext:Torque>20</ext:Torque></ext:TPX></Extensions></Trackpoint><Trackpoint><Time>2025-09-10T14:35:48.787Z</Time><DistanceMeters>10693.945841671892</DistanceMeters><HeartRateBpm><Value>157</Value></HeartRateBpm><Cadence>27</Cadence><Extensions><ext:TPX><ext:Watts>61.1875</ext:Watts><ext:Torque>20</ext:Torque></ext:TPX></Extensions></Trackpoint><Trackpoint><Time>2025-09-10T14:35:49.948Z</Time><DistanceMeters>10698.422506699015</DistanceMeters><HeartRateBpm><Value>157</Value></HeartRateBpm><Cadence>26</Cadence><Extensions><ext:TPX><ext:Watts>57.09090909090909</ext:Watts><ext:Torque>20</ext:Torque></ext:TPX></Extensions></Trackpoint><Trackpoint><Time>2025-09-10T14:35:51.068Z</Time><DistanceMeters>10702.983706532896</DistanceMeters><HeartRateBpm><Value>157</Value></HeartRateBpm><Cadence>27</Cadence><Extensions><ext:TPX><ext:Watts>60.40625</ext:Watts><ext:Torque>20</ext:Torque></ext:TPX></Extensions></Trackpoint><Trackpoint><Time>2025-09-10T14:35:52.262Z</Time><DistanceMeters>10707.677596321228</DistanceMeters><HeartRateBpm><Value>157</Value></HeartRateBpm><Cadence>25</Cadence><Extensions><ext:TPX><ext:Watts>57.55882352941177</ext:Watts><ext:Torque>20</ext:Torque></ext:TPX></Extensions></Trackpoint><Trackpoint><Time>2025-09-10T14:35:53.488Z</Time><DistanceMeters>10712.14260644061</DistanceMeters><HeartRateBpm><Value>158</Value></HeartRateBpm><Cadence>24</Cadence><Extensions><ext:TPX><ext:Watts>53.65714285714286</ext:Watts><ext:Torque>20</ext:Torque></ext:TPX></Extensions></Trackpoint><Trackpoint><Time>2025-09-10T14:35:54.748Z</Time><DistanceMeters>10716.38053448078</DistanceMeters><HeartRateBpm><Value>158</Value></HeartRateBpm><Cadence>24</Cadence><Extensions><ext:TPX><ext:Watts>49.888888888888886</ext:Watts><ext:Torque>20</ext:Torque></ext:TPX></Extensions></Trackpoint><Trackpoint><Time>2025-09-10T14:35:55.938Z</Time><DistanceMeters>10720.789001231395</DistanceMeters><HeartRateBpm><Value>158</Value></HeartRateBpm><Cadence>25</Cadence><Extensions><ext:TPX><ext:Watts>54.05882352941177</ext:Watts><ext:Torque>20</ext:Torque></ext:TPX></Extensions></Trackpoint><Trackpoint><Time>2025-09-10T14:35:57.163Z</Time><DistanceMeters>10724.978217328493</DistanceMeters><HeartRateBpm><Value>158</Value></HeartRateBpm><Cadence>24</Cadence><Extensions><ext:TPX><ext:Watts>50.34285714285714</ext:Watts><ext:Torque>20</ext:Torque></ext:TPX></Extensions></Trackpoint><Trackpoint><Time>2025-09-10T14:35:58.318Z</Time><DistanceMeters>10729.385974029829</DistanceMeters><HeartRateBpm><Value>159</Value></HeartRateBpm><Cadence>26</Cadence><Extensions><ext:TPX><ext:Watts>56.21212121212121</ext:Watts><ext:Torque>20</ext:Torque></ext:TPX></Extensions></Trackpoint><Trackpoint><Time>2025-09-10T14:35:59.508Z</Time><DistanceMeters>10734.015103969266</DistanceMeters><HeartRateBpm><Value>159</Value></HeartRateBpm><Cadence>25</Cadence><Extensions><ext:TPX><ext:Watts>56.76470588235294</ext:Watts><ext:Torque>20</ext:Torque></ext:TPX></Extensions></Trackpoint><Trackpoint><Time>2025-09-10T14:36:00.663Z</Time><DistanceMeters>10738.346823897316</DistanceMeters><HeartRateBpm><Value>158</Value></HeartRateBpm><Cadence>26</Cadence><Extensions><ext:TPX><ext:Watts>55.24242424242424</ext:Watts><ext:Torque>20</ext:Torque></ext:TPX></Extensions></Trackpoint><Trackpoint><Time>2025-09-10T14:36:01.818Z</Time><DistanceMeters>10742.709433764514</DistanceMeters><HeartRateBpm><Value>158</Value></HeartRateBpm><Cadence>26</Cadence><Extensions><ext:TPX><ext:Watts>55.63636363636363</ext:Watts><ext:Torque>20</ext:Torque></ext:TPX></Extensions></Trackpoint><Trackpoint><Time>2025-09-10T14:36:03.008Z</Time><DistanceMeters>10747.103509437597</DistanceMeters><HeartRateBpm><Value>157</Value></HeartRateBpm><Cadence>25</Cadence><Extensions><ext:TPX><ext:Watts>53.88235294117647</ext:Watts><ext:Torque>20</ext:Torque></ext:TPX></Extensions></Trackpoint><Trackpoint><Time>2025-09-10T14:36:04.128Z</Time><DistanceMeters>10751.468858476748</DistanceMeters><HeartRateBpm><Value>157</Value></HeartRateBpm><Cadence>27</Cadence><Extensions><ext:TPX><ext:Watts>57.8125</ext:Watts><ext:Torque>20</ext:Torque></ext:TPX></Extensions></Trackpoint><Trackpoint><Time>2025-09-10T14:36:05.248Z</Time><DistanceMeters>10756.004102181207</DistanceMeters><HeartRateBpm><Value>157</Value></HeartRateBpm><Cadence>27</Cadence><Extensions><ext:TPX><ext:Watts>60.0625</ext:Watts><ext:Torque>20</ext:Torque></ext:TPX></Extensions></Trackpoint><Trackpoint><Time>2025-09-10T14:36:06.368Z</Time><DistanceMeters>10760.58653884825</DistanceMeters><HeartRateBpm><Value>157</Value></HeartRateBpm><Cadence>27</Cadence><Extensions><ext:TPX><ext:Watts>60.6875</ext:Watts><ext:Torque>20</ext:Torque></ext:TPX></Extensions></Trackpoint><Trackpoint><Time>2025-09-10T14:36:07.493Z</Time><DistanceMeters>10765.325157508454</DistanceMeters><HeartRateBpm><Value>157</Value></HeartRateBpm><Cadence>26</Cadence><Extensions><ext:TPX><ext:Watts>61.59375</ext:Watts><ext:Torque>20</ext:Torque></ext:TPX></Extensions></Trackpoint><Trackpoint><Time>2025-09-10T14:36:08.613Z</Time><DistanceMeters>10769.905234527369</DistanceMeters><HeartRateBpm><Value>157</Value></HeartRateBpm><Cadence>27</Cadence><Extensions><ext:TPX><ext:Watts>60.65625</ext:Watts><ext:Torque>20</ext:Torque></ext:TPX></Extensions></Trackpoint><Trackpoint><Time>2025-09-10T14:36:09.773Z</Time><DistanceMeters>10774.398532598649</DistanceMeters><HeartRateBpm><Value>158</Value></HeartRateBpm><Cadence>26</Cadence><Extensions><ext:TPX><ext:Watts>57.303030303030305</ext:Watts><ext:Torque>20</ext:Torque></ext:TPX></Extensions></Trackpoint><Trackpoint><Time>2025-09-10T14:36:10.858Z</Time><DistanceMeters>10779.121703939163</DistanceMeters><HeartRateBpm><Value>158</Value></HeartRateBpm><Cadence>28</Cadence><Extensions><ext:TPX><ext:Watts>63.70967741935484</ext:Watts><ext:Torque>20</ext:Torque></ext:TPX></Extensions></Trackpoint><Trackpoint><Time>2025-09-10T14:36:11.978Z</Time><DistanceMeters>10783.668745884268</DistanceMeters><HeartRateBpm><Value>158</Value></HeartRateBpm><Cadence>27</Cadence><Extensions><ext:TPX><ext:Watts>60.21875</ext:Watts><ext:Torque>20</ext:Torque></ext:TPX></Extensions></Trackpoint><Trackpoint><Time>2025-09-10T14:36:13.103Z</Time><DistanceMeters>10787.950572283975</DistanceMeters><HeartRateBpm><Value>157</Value></HeartRateBpm><Cadence>26</Cadence><Extensions><ext:TPX><ext:Watts>55.65625</ext:Watts><ext:Torque>20</ext:Torque></ext:TPX></Extensions></Trackpoint><Trackpoint><Time>2025-09-10T14:36:14.188Z</Time><DistanceMeters>10792.513514520786</DistanceMeters><HeartRateBpm><Value>156</Value></HeartRateBpm><Cadence>28</Cadence><Extensions><ext:TPX><ext:Watts>61.54838709677419</ext:Watts><ext:Torque>20</ext:Torque></ext:TPX></Extensions></Trackpoint><Trackpoint><Time>2025-09-10T14:36:15.273Z</Time><DistanceMeters>10797.217554028022</DistanceMeters><HeartRateBpm><Value>156</Value></HeartRateBpm><Cadence>28</Cadence><Extensions><ext:TPX><ext:Watts>63.45161290322581</ext:Watts><ext:Torque>20</ext:Torque></ext:TPX></Extensions></Trackpoint><Trackpoint><Time>2025-09-10T14:36:16.358Z</Time><DistanceMeters>10801.80680253559</DistanceMeters><HeartRateBpm><Value>156</Value></HeartRateBpm><Cadence>28</Cadence><Extensions><ext:TPX><ext:Watts>61.903225806451616</ext:Watts><ext:Torque>20</ext:Torque></ext:TPX></Extensions></Trackpoint><Trackpoint><Time>2025-09-10T14:36:17.443Z</Time><DistanceMeters>10806.522799438624</DistanceMeters><HeartRateBpm><Value>156</Value></HeartRateBpm><Cadence>28</Cadence><Extensions><ext:TPX><ext:Watts>63.61290322580645</ext:Watts><ext:Torque>20</ext:Torque></ext:TPX></Extensions></Trackpoint><Trackpoint><Time>2025-09-10T14:36:18.538Z</Time><DistanceMeters>10811.236404862499</DistanceMeters><HeartRateBpm><Value>156</Value></HeartRateBpm><Cadence>28</Cadence><Extensions><ext:TPX><ext:Watts>63.58064516129032</ext:Watts><ext:Torque>20</ext:Torque></ext:TPX></Extensions></Trackpoint><Trackpoint><Time>2025-09-10T14:36:19.623Z</Time><DistanceMeters>10815.899789224019</DistanceMeters><HeartRateBpm><Value>156</Value></HeartRateBpm><Cadence>28</Cadence><Extensions><ext:TPX><ext:Watts>62.903225806451616</ext:Watts><ext:Torque>20</ext:Torque></ext:TPX></Extensions></Trackpoint><Trackpoint><Time>2025-09-10T14:36:20.708Z</Time><DistanceMeters>10820.599045772935</DistanceMeters><HeartRateBpm><Value>156</Value></HeartRateBpm><Cadence>28</Cadence><Extensions><ext:TPX><ext:Watts>63.38709677419355</ext:Watts><ext:Torque>20</ext:Torque></ext:TPX></Extensions></Trackpoint><Trackpoint><Time>2025-09-10T14:36:21.758Z</Time><DistanceMeters>10825.406170618688</DistanceMeters><HeartRateBpm><Value>157</Value></HeartRateBpm><Cadence>28</Cadence><Extensions><ext:TPX><ext:Watts>67.2</ext:Watts><ext:Torque>20</ext:Torque></ext:TPX></Extensions></Trackpoint><Trackpoint><Time>2025-09-10T14:36:22.843Z</Time><DistanceMeters>10830.098252730124</DistanceMeters><HeartRateBpm><Value>157</Value></HeartRateBpm><Cadence>28</Cadence><Extensions><ext:TPX><ext:Watts>63.29032258064516</ext:Watts><ext:Torque>20</ext:Torque></ext:TPX></Extensions></Trackpoint><Trackpoint><Time>2025-09-10T14:36:23.928Z</Time><DistanceMeters>10834.823815549797</DistanceMeters><HeartRateBpm><Value>157</Value></HeartRateBpm><Cadence>28</Cadence><Extensions><ext:TPX><ext:Watts>63.74193548387097</ext:Watts><ext:Torque>20</ext:Torque></ext:TPX></Extensions></Trackpoint><Trackpoint><Time>2025-09-10T14:36:25.013Z</Time><DistanceMeters>10839.55655280695</DistanceMeters><HeartRateBpm><Value>158</Value></HeartRateBpm><Cadence>28</Cadence><Extensions><ext:TPX><ext:Watts>63.83870967741935</ext:Watts><ext:Torque>20</ext:Torque></ext:TPX></Extensions></Trackpoint><Trackpoint><Time>2025-09-10T14:36:26.099Z</Time><DistanceMeters>10844.205588293511</DistanceMeters><HeartRateBpm><Value>158</Value></HeartRateBpm><Cadence>28</Cadence><Extensions><ext:TPX><ext:Watts>62.70967741935484</ext:Watts><ext:Torque>20</ext:Torque></ext:TPX></Extensions></Trackpoint><Trackpoint><Time>2025-09-10T14:36:27.148Z</Time><DistanceMeters>10848.80764729763</DistanceMeters><HeartRateBpm><Value>158</Value></HeartRateBpm><Cadence>28</Cadence><Extensions><ext:TPX><ext:Watts>64.33333333333333</ext:Watts><ext:Torque>20</ext:Torque></ext:TPX></Extensions></Trackpoint><Trackpoint><Time>2025-09-10T14:36:28.234Z</Time><DistanceMeters>10853.514078284026</DistanceMeters><HeartRateBpm><Value>158</Value></HeartRateBpm><Cadence>28</Cadence><Extensions><ext:TPX><ext:Watts>63.483870967741936</ext:Watts><ext:Torque>20</ext:Torque></ext:TPX></Extensions></Trackpoint><Trackpoint><Time>2025-09-10T14:36:29.284Z</Time><DistanceMeters>10858.16621150529</DistanceMeters><HeartRateBpm><Value>159</Value></HeartRateBpm><Cadence>28</Cadence><Extensions><ext:TPX><ext:Watts>65.03333333333333</ext:Watts><ext:Torque>20</ext:Torque></ext:TPX></Extensions></Trackpoint><Trackpoint><Time>2025-09-10T14:36:30.298Z</Time><DistanceMeters>10862.69408803248</DistanceMeters><HeartRateBpm><Value>159</Value></HeartRateBpm><Cadence>30</Cadence><Extensions><ext:TPX><ext:Watts>65.51724137931035</ext:Watts><ext:Torque>20</ext:Torque></ext:TPX></Extensions></Trackpoint><Trackpoint><Time>2025-09-10T14:36:31.384Z</Time><DistanceMeters>10867.35508091484</DistanceMeters><HeartRateBpm><Value>159</Value></HeartRateBpm><Cadence>28</Cadence><Extensions><ext:TPX><ext:Watts>62.87096774193548</ext:Watts><ext:Torque>20</ext:Torque></ext:TPX></Extensions></Trackpoint><Trackpoint><Time>2025-09-10T14:36:32.433Z</Time><DistanceMeters>10871.96190889202</DistanceMeters><HeartRateBpm><Value>159</Value></HeartRateBpm><Cadence>28</Cadence><Extensions><ext:TPX><ext:Watts>64.4</ext:Watts><ext:Torque>20</ext:Torque></ext:TPX></Extensions></Trackpoint><Trackpoint><Time>2025-09-10T14:36:33.483Z</Time><DistanceMeters>10876.482895354098</DistanceMeters><HeartRateBpm><Value>159</Value></HeartRateBpm><Cadence>28</Cadence><Extensions><ext:TPX><ext:Watts>63.2</ext:Watts><ext:Torque>20</ext:Torque></ext:TPX></Extensions></Trackpoint><Trackpoint><Time>2025-09-10T14:36:34.568Z</Time><DistanceMeters>10880.947786945359</DistanceMeters><HeartRateBpm><Value>159</Value></HeartRateBpm><Cadence>28</Cadence><Extensions><ext:TPX><ext:Watts>60.225806451612904</ext:Watts><ext:Torque>20</ext:Torque></ext:TPX></Extensions></Trackpoint><Trackpoint><Time>2025-09-10T14:36:35.618Z</Time><DistanceMeters>10885.630918491519</DistanceMeters><HeartRateBpm><Value>160</Value></HeartRateBpm><Cadence>28</Cadence><Extensions><ext:TPX><ext:Watts>65.46666666666667</ext:Watts><ext:Torque>20</ext:Torque></ext:TPX></Extensions></Trackpoint><Trackpoint><Time>2025-09-10T14:36:36.703Z</Time><DistanceMeters>10890.406702373548</DistanceMeters><HeartRateBpm><Value>160</Value></HeartRateBpm><Cadence>28</Cadence><Extensions><ext:TPX><ext:Watts>64.41935483870968</ext:Watts><ext:Torque>20</ext:Torque></ext:TPX></Extensions></Trackpoint><Trackpoint><Time>2025-09-10T14:36:37.753Z</Time><DistanceMeters>10894.963456133584</DistanceMeters><HeartRateBpm><Value>160</Value></HeartRateBpm><Cadence>28</Cadence><Extensions><ext:TPX><ext:Watts>63.7</ext:Watts><ext:Torque>20</ext:Torque></ext:TPX></Extensions></Trackpoint><Trackpoint><Time>2025-09-10T14:36:38.843Z</Time><DistanceMeters>10899.614883099306</DistanceMeters><HeartRateBpm><Value>160</Value></HeartRateBpm><Cadence>28</Cadence><Extensions><ext:TPX><ext:Watts>62.74193548387097</ext:Watts><ext:Torque>20</ext:Torque></ext:TPX></Extensions></Trackpoint><Trackpoint><Time>2025-09-10T14:36:39.928Z</Time><DistanceMeters>10904.13477871124</DistanceMeters><HeartRateBpm><Value>161</Value></HeartRateBpm><Cadence>28</Cadence><Extensions><ext:TPX><ext:Watts>60.96774193548387</ext:Watts><ext:Torque>20</ext:Torque></ext:TPX></Extensions></Trackpoint><Trackpoint><Time>2025-09-10T14:36:40.978Z</Time><DistanceMeters>10908.58661506393</DistanceMeters><HeartRateBpm><Value>161</Value></HeartRateBpm><Cadence>28</Cadence><Extensions><ext:TPX><ext:Watts>62.233333333333334</ext:Watts><ext:Torque>20</ext:Torque></ext:TPX></Extensions></Trackpoint><Trackpoint><Time>2025-09-10T14:36:42.069Z</Time><DistanceMeters>10913.089770321747</DistanceMeters><HeartRateBpm><Value>161</Value></HeartRateBpm><Cadence>28</Cadence><Extensions><ext:TPX><ext:Watts>60.74193548387097</ext:Watts><ext:Torque>20</ext:Torque></ext:TPX></Extensions></Trackpoint><Trackpoint><Time>2025-09-10T14:36:43.189Z</Time><DistanceMeters>10917.726478895764</DistanceMeters><HeartRateBpm><Value>161</Value></HeartRateBpm><Cadence>27</Cadence><Extensions><ext:TPX><ext:Watts>61.40625</ext:Watts><ext:Torque>20</ext:Torque></ext:TPX></Extensions></Trackpoint><Trackpoint><Time>2025-09-10T14:36:44.239Z</Time><DistanceMeters>10922.27846368274</DistanceMeters><HeartRateBpm><Value>162</Value></HeartRateBpm><Cadence>28</Cadence><Extensions><ext:TPX><ext:Watts>63.63333333333333</ext:Watts><ext:Torque>20</ext:Torque></ext:TPX></Extensions></Trackpoint><Trackpoint><Time>2025-09-10T14:36:45.323Z</Time><DistanceMeters>10926.85575479451</DistanceMeters><HeartRateBpm><Value>162</Value></HeartRateBpm><Cadence>28</Cadence><Extensions><ext:TPX><ext:Watts>61.74193548387097</ext:Watts><ext:Torque>20</ext:Torque></ext:TPX></Extensions></Trackpoint><Trackpoint><Time>2025-09-10T14:36:46.374Z</Time><DistanceMeters>10931.436353419853</DistanceMeters><HeartRateBpm><Value>162</Value></HeartRateBpm><Cadence>28</Cadence><Extensions><ext:TPX><ext:Watts>64.03333333333333</ext:Watts><ext:Torque>20</ext:Torque></ext:TPX></Extensions></Trackpoint><Trackpoint><Time>2025-09-10T14:36:47.459Z</Time><DistanceMeters>10935.975380865066</DistanceMeters><HeartRateBpm><Value>162</Value></HeartRateBpm><Cadence>28</Cadence><Extensions><ext:TPX><ext:Watts>61.225806451612904</ext:Watts><ext:Torque>20</ext:Torque></ext:TPX></Extensions></Trackpoint><Trackpoint><Time>2025-09-10T14:36:48.509Z</Time><DistanceMeters>10940.5941312749</DistanceMeters><HeartRateBpm><Value>162</Value></HeartRateBpm><Cadence>28</Cadence><Extensions><ext:TPX><ext:Watts>64.56666666666666</ext:Watts><ext:Torque>20</ext:Torque></ext:TPX></Extensions></Trackpoint><Trackpoint><Time>2025-09-10T14:36:49.559Z</Time><DistanceMeters>10945.169960927182</DistanceMeters><HeartRateBpm><Value>161</Value></HeartRateBpm><Cadence>28</Cadence><Extensions><ext:TPX><ext:Watts>63.96666666666667</ext:Watts><ext:Torque>20</ext:Torque></ext:TPX></Extensions></Trackpoint><Trackpoint><Time>2025-09-10T14:36:50.609Z</Time><DistanceMeters>10949.631335225993</DistanceMeters><HeartRateBpm><Value>161</Value></HeartRateBpm><Cadence>28</Cadence><Extensions><ext:TPX><ext:Watts>62.36666666666667</ext:Watts><ext:Torque>20</ext:Torque></ext:TPX></Extensions></Trackpoint><Trackpoint><Time>2025-09-10T14:36:51.659Z</Time><DistanceMeters>10954.22862525705</DistanceMeters><HeartRateBpm><Value>161</Value></HeartRateBpm><Cadence>28</Cadence><Extensions><ext:TPX><ext:Watts>64.26666666666667</ext:Watts><ext:Torque>20</ext:Torque></ext:TPX></Extensions></Trackpoint><Trackpoint><Time>2025-09-10T14:36:52.709Z</Time><DistanceMeters>10958.775841070965</DistanceMeters><HeartRateBpm><Value>161</Value></HeartRateBpm><Cadence>28</Cadence><Extensions><ext:TPX><ext:Watts>63.56666666666667</ext:Watts><ext:Torque>20</ext:Torque></ext:TPX></Extensions></Trackpoint><Trackpoint><Time>2025-09-10T14:36:53.759Z</Time><DistanceMeters>10963.40651391345</DistanceMeters><HeartRateBpm><Value>161</Value></HeartRateBpm><Cadence>28</Cadence><Extensions><ext:TPX><ext:Watts>64.73333333333333</ext:Watts><ext:Torque>20</ext:Torque></ext:TPX></Extensions></Trackpoint><Trackpoint><Time>2025-09-10T14:36:54.774Z</Time><DistanceMeters>10968.01303250664</DistanceMeters><HeartRateBpm><Value>162</Value></HeartRateBpm><Cadence>30</Cadence><Extensions><ext:TPX><ext:Watts>66.65517241379311</ext:Watts><ext:Torque>20</ext:Torque></ext:TPX></Extensions></Trackpoint><Trackpoint><Time>2025-09-10T14:36:55.796Z</Time><DistanceMeters>10972.26685334929</DistanceMeters><HeartRateBpm><Value>162</Value></HeartRateBpm><Cadence>30</Cadence><Extensions><ext:TPX><ext:Watts>61.55172413793103</ext:Watts><ext:Torque>20</ext:Torque></ext:TPX></Extensions></Trackpoint><Trackpoint><Time>2025-09-10T14:36:56.844Z</Time><DistanceMeters>10976.623310240755</DistanceMeters><HeartRateBpm><Value>162</Value></HeartRateBpm><Cadence>28</Cadence><Extensions><ext:TPX><ext:Watts>60.9</ext:Watts><ext:Torque>20</ext:Torque></ext:TPX></Extensions></Trackpoint><Trackpoint><Time>2025-09-10T14:36:57.894Z</Time><DistanceMeters>10980.762778857932</DistanceMeters><HeartRateBpm><Value>162</Value></HeartRateBpm><Cadence>28</Cadence><Extensions><ext:TPX><ext:Watts>57.86666666666667</ext:Watts><ext:Torque>20</ext:Torque></ext:TPX></Extensions></Trackpoint><Trackpoint><Time>2025-09-10T14:36:58.884Z</Time><DistanceMeters>10984.919031021403</DistanceMeters><HeartRateBpm><Value>163</Value></HeartRateBpm><Cadence>30</Cadence><Extensions><ext:TPX><ext:Watts>62.17857142857143</ext:Watts><ext:Torque>20</ext:Torque></ext:TPX></Extensions></Trackpoint><Trackpoint><Time>2025-09-10T14:36:59.864Z</Time><DistanceMeters>10989.2137453477</DistanceMeters><HeartRateBpm><Value>163</Value></HeartRateBpm><Cadence>30</Cadence><Extensions><ext:TPX><ext:Watts>64.25</ext:Watts><ext:Torque>20</ext:Torque></ext:TPX></Extensions></Trackpoint><Trackpoint><Time>2025-09-10T14:37:00.879Z</Time><DistanceMeters>10993.357943916535</DistanceMeters><HeartRateBpm><Value>163</Value></HeartRateBpm><Cadence>30</Cadence><Extensions><ext:TPX><ext:Watts>59.96551724137931</ext:Watts><ext:Torque>20</ext:Torque></ext:TPX></Extensions></Trackpoint><Trackpoint><Time>2025-09-10T14:37:01.859Z</Time><DistanceMeters>10997.721889324246</DistanceMeters><HeartRateBpm><Value>163</Value></HeartRateBpm><Cadence>30</Cadence><Extensions><ext:TPX><ext:Watts>65.28571428571429</ext:Watts><ext:Torque>20</ext:Torque></ext:TPX></Extensions></Trackpoint><Trackpoint><Time>2025-09-10T14:37:02.874Z</Time><DistanceMeters>11002.085332440713</DistanceMeters><HeartRateBpm><Value>163</Value></HeartRateBpm><Cadence>30</Cadence><Extensions><ext:TPX><ext:Watts>63.13793103448276</ext:Watts><ext:Torque>20</ext:Torque></ext:TPX></Extensions></Trackpoint><Trackpoint><Time>2025-09-10T14:37:03.889Z</Time><DistanceMeters>11006.398730606088</DistanceMeters><HeartRateBpm><Value>163</Value></HeartRateBpm><Cadence>30</Cadence><Extensions><ext:TPX><ext:Watts>62.41379310344828</ext:Watts><ext:Torque>20</ext:Torque></ext:TPX></Extensions></Trackpoint><Trackpoint><Time>2025-09-10T14:37:04.904Z</Time><DistanceMeters>11010.607272683466</DistanceMeters><HeartRateBpm><Value>163</Value></HeartRateBpm><Cadence>30</Cadence><Extensions><ext:TPX><ext:Watts>60.89655172413793</ext:Watts><ext:Torque>20</ext:Torque></ext:TPX></Extensions></Trackpoint><Trackpoint><Time>2025-09-10T14:37:05.954Z</Time><DistanceMeters>11014.80873795044</DistanceMeters><HeartRateBpm><Value>163</Value></HeartRateBpm><Cadence>28</Cadence><Extensions><ext:TPX><ext:Watts>58.733333333333334</ext:Watts><ext:Torque>20</ext:Torque></ext:TPX></Extensions></Trackpoint><Trackpoint><Time>2025-09-10T14:37:06.934Z</Time><DistanceMeters>11019.117775948755</DistanceMeters><HeartRateBpm><Value>163</Value></HeartRateBpm><Cadence>30</Cadence><Extensions><ext:TPX><ext:Watts>64.46428571428571</ext:Watts><ext:Torque>20</ext:Torque></ext:TPX></Extensions></Trackpoint><Trackpoint><Time>2025-09-10T14:37:07.984Z</Time><DistanceMeters>11023.455156947974</DistanceMeters><HeartRateBpm><Value>163</Value></HeartRateBpm><Cadence>28</Cadence><Extensions><ext:TPX><ext:Watts>60.63333333333333</ext:Watts><ext:Torque>20</ext:Torque></ext:TPX></Extensions></Trackpoint><Trackpoint><Time>2025-09-10T14:37:08.999Z</Time><DistanceMeters>11027.96873491771</DistanceMeters><HeartRateBpm><Value>163</Value></HeartRateBpm><Cadence>30</Cadence><Extensions><ext:TPX><ext:Watts>65.3103448275862</ext:Watts><ext:Torque>20</ext:Torque></ext:TPX></Extensions></Trackpoint><Trackpoint><Time>2025-09-10T14:37:10.019Z</Time><DistanceMeters>11032.513293095262</DistanceMeters><HeartRateBpm><Value>163</Value></HeartRateBpm><Cadence>30</Cadence><Extensions><ext:TPX><ext:Watts>65.75862068965517</ext:Watts><ext:Torque>20</ext:Torque></ext:TPX></Extensions></Trackpoint><Trackpoint><Time>2025-09-10T14:37:11.034Z</Time><DistanceMeters>11037.181772104086</DistanceMeters><HeartRateBpm><Value>163</Value></HeartRateBpm><Cadence>30</Cadence><Extensions><ext:TPX><ext:Watts>67.55172413793103</ext:Watts><ext:Torque>20</ext:Torque></ext:TPX></Extensions></Trackpoint><Trackpoint><Time>2025-09-10T14:37:12.084Z</Time><DistanceMeters>11041.957898624942</DistanceMeters><HeartRateBpm><Value>164</Value></HeartRateBpm><Cadence>28</Cadence><Extensions><ext:TPX><ext:Watts>66.76666666666667</ext:Watts><ext:Torque>20</ext:Torque></ext:TPX></Extensions></Trackpoint><Trackpoint><Time>2025-09-10T14:37:13.099Z</Time><DistanceMeters>11046.781278672854</DistanceMeters><HeartRateBpm><Value>164</Value></HeartRateBpm><Cadence>30</Cadence><Extensions><ext:TPX><ext:Watts>69.79310344827586</ext:Watts><ext:Torque>20</ext:Torque></ext:TPX></Extensions></Trackpoint><Trackpoint><Time>2025-09-10T14:37:14.114Z</Time><DistanceMeters>11051.721430273308</DistanceMeters><HeartRateBpm><Value>164</Value></HeartRateBpm><Cadence>30</Cadence><Extensions><ext:TPX><ext:Watts>71.48275862068965</ext:Watts><ext:Torque>20</ext:Torque></ext:TPX></Extensions></Trackpoint><Trackpoint><Time>2025-09-10T14:37:15.094Z</Time><DistanceMeters>11056.515085841516</DistanceMeters><HeartRateBpm><Value>164</Value></HeartRateBpm><Cadence>30</Cadence><Extensions><ext:TPX><ext:Watts>71.71428571428571</ext:Watts><ext:Torque>20</ext:Torque></ext:TPX></Extensions></Trackpoint><Trackpoint><Time>2025-09-10T14:37:16.110Z</Time><DistanceMeters>11061.548178065425</DistanceMeters><HeartRateBpm><Value>164</Value></HeartRateBpm><Cadence>30</Cadence><Extensions><ext:TPX><ext:Watts>72.82758620689656</ext:Watts><ext:Torque>20</ext:Torque></ext:TPX></Extensions></Trackpoint><Trackpoint><Time>2025-09-10T14:37:17.124Z</Time><DistanceMeters>11066.571737917697</DistanceMeters><HeartRateBpm><Value>164</Value></HeartRateBpm><Cadence>30</Cadence><Extensions><ext:TPX><ext:Watts>72.6896551724138</ext:Watts><ext:Torque>20</ext:Torque></ext:TPX></Extensions></Trackpoint><Trackpoint><Time>2025-09-10T14:37:18.139Z</Time><DistanceMeters>11071.669173650149</DistanceMeters><HeartRateBpm><Value>164</Value></HeartRateBpm><Cadence>30</Cadence><Extensions><ext:TPX><ext:Watts>73.75862068965517</ext:Watts><ext:Torque>20</ext:Torque></ext:TPX></Extensions></Trackpoint><Trackpoint><Time>2025-09-10T14:37:19.154Z</Time><DistanceMeters>11076.935808979144</DistanceMeters><HeartRateBpm><Value>164</Value></HeartRateBpm><Cadence>30</Cadence><Extensions><ext:TPX><ext:Watts>76.20689655172414</ext:Watts><ext:Torque>20</ext:Torque></ext:TPX></Extensions></Trackpoint><Trackpoint><Time>2025-09-10T14:37:20.205Z</Time><DistanceMeters>11081.90507890898</DistanceMeters><HeartRateBpm><Value>164</Value></HeartRateBpm><Cadence>28</Cadence><Extensions><ext:TPX><ext:Watts>69.46666666666667</ext:Watts><ext:Torque>20</ext:Torque></ext:TPX></Extensions></Trackpoint><Trackpoint><Time>2025-09-10T14:37:21.219Z</Time><DistanceMeters>11087.00728082725</DistanceMeters><HeartRateBpm><Value>164</Value></HeartRateBpm><Cadence>30</Cadence><Extensions><ext:TPX><ext:Watts>73.82758620689656</ext:Watts><ext:Torque>20</ext:Torque></ext:TPX></Extensions></Trackpoint><Trackpoint><Time>2025-09-10T14:37:22.234Z</Time><DistanceMeters>11092.05943779443</DistanceMeters><HeartRateBpm><Value>165</Value></HeartRateBpm><Cadence>30</Cadence><Extensions><ext:TPX><ext:Watts>73.10344827586206</ext:Watts><ext:Torque>20</ext:Torque></ext:TPX></Extensions></Trackpoint><Trackpoint><Time>2025-09-10T14:37:23.249Z</Time><DistanceMeters>11097.380884260334</DistanceMeters><HeartRateBpm><Value>165</Value></HeartRateBpm><Cadence>30</Cadence><Extensions><ext:TPX><ext:Watts>77.0</ext:Watts><ext:Torque>20</ext:Torque></ext:TPX></Extensions></Trackpoint><Trackpoint><Time>2025-09-10T14:37:24.264Z</Time><DistanceMeters>11102.900127437688</DistanceMeters><HeartRateBpm><Value>165</Value></HeartRateBpm><Cadence>30</Cadence><Extensions><ext:TPX><ext:Watts>79.86206896551724</ext:Watts><ext:Torque>20</ext:Torque></ext:TPX></Extensions></Trackpoint><Trackpoint><Time>2025-09-10T14:37:25.279Z</Time><DistanceMeters>11108.37170875686</DistanceMeters><HeartRateBpm><Value>165</Value></HeartRateBpm><Cadence>30</Cadence><Extensions><ext:TPX><ext:Watts>79.17241379310344</ext:Watts><ext:Torque>20</ext:Torque></ext:TPX></Extensions></Trackpoint><Trackpoint><Time>2025-09-10T14:37:26.260Z</Time><DistanceMeters>11113.640432780285</DistanceMeters><HeartRateBpm><Value>165</Value></HeartRateBpm><Cadence>30</Cadence><Extensions><ext:TPX><ext:Watts>78.82142857142857</ext:Watts><ext:Torque>20</ext:Torque></ext:TPX></Extensions></Trackpoint><Trackpoint><Time>2025-09-10T14:37:27.239Z</Time><DistanceMeters>11118.82082749294</DistanceMeters><HeartRateBpm><Value>165</Value></HeartRateBpm><Cadence>30</Cadence><Extensions><ext:TPX><ext:Watts>77.5</ext:Watts><ext:Torque>20</ext:Torque></ext:TPX></Extensions></Trackpoint><Trackpoint><Time>2025-09-10T14:37:28.324Z</Time><DistanceMeters>11123.804670061867</DistanceMeters><HeartRateBpm><Value>165</Value></HeartRateBpm><Cadence>28</Cadence><Extensions><ext:TPX><ext:Watts>67.2258064516129</ext:Watts><ext:Torque>20</ext:Torque></ext:TPX></Extensions></Trackpoint><Trackpoint><Time>2025-09-10T14:37:29.619Z</Time><DistanceMeters>11128.82364995121</DistanceMeters><HeartRateBpm><Value>165</Value></HeartRateBpm><Cadence>23</Cadence><Extensions><ext:TPX><ext:Watts>56.62162162162162</ext:Watts><ext:Torque>20</ext:Torque></ext:TPX></Extensions></Trackpoint><Trackpoint><Time>2025-09-10T14:37:30.914Z</Time><DistanceMeters>11133.8114858126</DistanceMeters><HeartRateBpm><Value>165</Value></HeartRateBpm><Cadence>23</Cadence><Extensions><ext:TPX><ext:Watts>56.270270270270274</ext:Watts><ext:Torque>20</ext:Torque></ext:TPX></Extensions></Trackpoint><Trackpoint><Time>2025-09-10T14:37:32.210Z</Time><DistanceMeters>11138.581313478318</DistanceMeters><HeartRateBpm><Value>165</Value></HeartRateBpm><Cadence>23</Cadence><Extensions><ext:TPX><ext:Watts>53.810810810810814</ext:Watts><ext:Torque>20</ext:Torque></ext:TPX></Extensions></Trackpoint><Trackpoint><Time>2025-09-10T14:37:33.434Z</Time><DistanceMeters>11142.844233150337</DistanceMeters><HeartRateBpm><Value>165</Value></HeartRateBpm><Cadence>24</Cadence><Extensions><ext:TPX><ext:Watts>51.22857142857143</ext:Watts><ext:Torque>20</ext:Torque></ext:TPX></Extensions></Trackpoint><Trackpoint><Time>2025-09-10T14:37:34.554Z</Time><DistanceMeters>11146.244486104617</DistanceMeters><HeartRateBpm><Value>165</Value></HeartRateBpm><Cadence>27</Cadence><Extensions><ext:TPX><ext:Watts>45.03125</ext:Watts><ext:Torque>20</ext:Torque></ext:TPX></Extensions></Trackpoint><Trackpoint><Time>2025-09-10T14:37:35.820Z</Time><DistanceMeters>11150.75332183214</DistanceMeters><HeartRateBpm><Value>165</Value></HeartRateBpm><Cadence>24</Cadence><Extensions><ext:TPX><ext:Watts>51.97222222222222</ext:Watts><ext:Torque>20</ext:Torque></ext:TPX></Extensions></Trackpoint><Trackpoint><Time>2025-09-10T14:37:37.184Z</Time><DistanceMeters>11155.455721029952</DistanceMeters><HeartRateBpm><Value>165</Value></HeartRateBpm><Cadence>22</Cadence><Extensions><ext:TPX><ext:Watts>50.743589743589745</ext:Watts><ext:Torque>20</ext:Torque></ext:TPX></Extensions></Trackpoint><Trackpoint><Time>2025-09-10T14:37:38.550Z</Time><DistanceMeters>11160.464643470066</DistanceMeters><HeartRateBpm><Value>165</Value></HeartRateBpm><Cadence>22</Cadence><Extensions><ext:TPX><ext:Watts>54.05128205128205</ext:Watts><ext:Torque>20</ext:Torque></ext:TPX></Extensions></Trackpoint><Trackpoint><Time>2025-09-10T14:37:39.880Z</Time><DistanceMeters>11165.622287835822</DistanceMeters><HeartRateBpm><Value>165</Value></HeartRateBpm><Cadence>22</Cadence><Extensions><ext:TPX><ext:Watts>56.921052631578945</ext:Watts><ext:Torque>20</ext:Torque></ext:TPX></Extensions></Trackpoint><Trackpoint><Time>2025-09-10T14:37:41.250Z</Time><DistanceMeters>11170.43874219356</DistanceMeters><HeartRateBpm><Value>165</Value></HeartRateBpm><Cadence>22</Cadence><Extensions><ext:TPX><ext:Watts>51.97435897435897</ext:Watts><ext:Torque>20</ext:Torque></ext:TPX></Extensions></Trackpoint><Trackpoint><Time>2025-09-10T14:37:42.615Z</Time><DistanceMeters>11175.169655181355</DistanceMeters><HeartRateBpm><Value>165</Value></HeartRateBpm><Cadence>22</Cadence><Extensions><ext:TPX><ext:Watts>51.05128205128205</ext:Watts><ext:Torque>20</ext:Torque></ext:TPX></Extensions></Trackpoint><Trackpoint><Time>2025-09-10T14:37:43.944Z</Time><DistanceMeters>11179.836095321802</DistanceMeters><HeartRateBpm><Value>165</Value></HeartRateBpm><Cadence>22</Cadence><Extensions><ext:TPX><ext:Watts>51.5</ext:Watts><ext:Torque>20</ext:Torque></ext:TPX></Extensions></Trackpoint><Trackpoint><Time>2025-09-10T14:37:45.240Z</Time><DistanceMeters>11184.488533959082</DistanceMeters><HeartRateBpm><Value>165</Value></HeartRateBpm><Cadence>23</Cadence><Extensions><ext:TPX><ext:Watts>52.486486486486484</ext:Watts><ext:Torque>20</ext:Torque></ext:TPX></Extensions></Trackpoint><Trackpoint><Time>2025-09-10T14:37:46.535Z</Time><DistanceMeters>11189.344606625285</DistanceMeters><HeartRateBpm><Value>164</Value></HeartRateBpm><Cadence>23</Cadence><Extensions><ext:TPX><ext:Watts>54.78378378378378</ext:Watts><ext:Torque>20</ext:Torque></ext:TPX></Extensions></Trackpoint><Trackpoint><Time>2025-09-10T14:37:47.865Z</Time><DistanceMeters>11194.294800662878</DistanceMeters><HeartRateBpm><Value>164</Value></HeartRateBpm><Cadence>22</Cadence><Extensions><ext:TPX><ext:Watts>54.63157894736842</ext:Watts><ext:Torque>20</ext:Torque></ext:TPX></Extensions></Trackpoint><Trackpoint><Time>2025-09-10T14:37:49.195Z</Time><DistanceMeters>11199.24976367353</DistanceMeters><HeartRateBpm><Value>164</Value></HeartRateBpm><Cadence>22</Cadence><Extensions><ext:TPX><ext:Watts>54.68421052631579</ext:Watts><ext:Torque>20</ext:Torque></ext:TPX></Extensions></Trackpoint><Trackpoint><Time>2025-09-10T14:37:50.490Z</Time><DistanceMeters>11204.129793284314</DistanceMeters><HeartRateBpm><Value>164</Value></HeartRateBpm><Cadence>23</Cadence><Extensions><ext:TPX><ext:Watts>55.054054054054056</ext:Watts><ext:Torque>20</ext:Torque></ext:TPX></Extensions></Trackpoint><Trackpoint><Time>2025-09-10T14:37:51.820Z</Time><DistanceMeters>11209.015606185578</DistanceMeters><HeartRateBpm><Value>164</Value></HeartRateBpm><Cadence>22</Cadence><Extensions><ext:TPX><ext:Watts>53.921052631578945</ext:Watts><ext:Torque>20</ext:Torque></ext:TPX></Extensions></Trackpoint><Trackpoint><Time>2025-09-10T14:37:53.115Z</Time><DistanceMeters>11213.783038156838</DistanceMeters><HeartRateBpm><Value>164</Value></HeartRateBpm><Cadence>23</Cadence><Extensions><ext:TPX><ext:Watts>53.78378378378378</ext:Watts><ext:Torque>20</ext:Torque></ext:TPX></Extensions></Trackpoint><Trackpoint><Time>2025-09-10T14:37:54.410Z</Time><DistanceMeters>11218.660672073163</DistanceMeters><HeartRateBpm><Value>164</Value></HeartRateBpm><Cadence>23</Cadence><Extensions><ext:TPX><ext:Watts>55.027027027027025</ext:Watts><ext:Torque>20</ext:Torque></ext:TPX></Extensions></Trackpoint><Trackpoint><Time>2025-09-10T14:37:55.740Z</Time><DistanceMeters>11223.565560866673</DistanceMeters><HeartRateBpm><Value>164</Value></HeartRateBpm><Cadence>22</Cadence><Extensions><ext:TPX><ext:Watts>54.13157894736842</ext:Watts><ext:Torque>20</ext:Torque></ext:TPX></Extensions></Trackpoint><Trackpoint><Time>2025-09-10T14:37:57.035Z</Time><DistanceMeters>11228.60370631168</DistanceMeters><HeartRateBpm><Value>164</Value></HeartRateBpm><Cadence>23</Cadence><Extensions><ext:TPX><ext:Watts>56.83783783783784</ext:Watts><ext:Torque>20</ext:Torque></ext:TPX></Extensions></Trackpoint><Trackpoint><Time>2025-09-10T14:37:58.330Z</Time><DistanceMeters>11233.699348423677</DistanceMeters><HeartRateBpm><Value>164</Value></HeartRateBpm><Cadence>23</Cadence><Extensions><ext:TPX><ext:Watts>57.486486486486484</ext:Watts><ext:Torque>20</ext:Torque></ext:TPX></Extensions></Trackpoint><Trackpoint><Time>2025-09-10T14:37:59.665Z</Time><DistanceMeters>11238.58039235188</DistanceMeters><HeartRateBpm><Value>164</Value></HeartRateBpm><Cadence>22</Cadence><Extensions><ext:TPX><ext:Watts>53.86842105263158</ext:Watts><ext:Torque>20</ext:Torque></ext:TPX></Extensions></Trackpoint><Trackpoint><Time>2025-09-10T14:38:00.995Z</Time><DistanceMeters>11243.232525573143</DistanceMeters><HeartRateBpm><Value>164</Value></HeartRateBpm><Cadence>22</Cadence><Extensions><ext:TPX><ext:Watts>51.3421052631579</ext:Watts><ext:Torque>20</ext:Torque></ext:TPX></Extensions></Trackpoint><Trackpoint><Time>2025-09-10T14:38:02.395Z</Time><DistanceMeters>11247.49253552976</DistanceMeters><HeartRateBpm><Value>163</Value></HeartRateBpm><Cadence>22</Cadence><Extensions><ext:TPX><ext:Watts>44.925</ext:Watts><ext:Torque>20</ext:Torque></ext:TPX></Extensions></Trackpoint><Trackpoint><Time>2025-09-10T14:38:03.725Z</Time><DistanceMeters>11252.447498540412</DistanceMeters><HeartRateBpm><Value>163</Value></HeartRateBpm><Cadence>22</Cadence><Extensions><ext:TPX><ext:Watts>54.68421052631579</ext:Watts><ext:Torque>20</ext:Torque></ext:TPX></Extensions></Trackpoint><Trackpoint><Time>2025-09-10T14:38:05.091Z</Time><DistanceMeters>11257.31860432895</DistanceMeters><HeartRateBpm><Value>163</Value></HeartRateBpm><Cadence>22</Cadence><Extensions><ext:TPX><ext:Watts>52.56410256410256</ext:Watts><ext:Torque>20</ext:Torque></ext:TPX></Extensions></Trackpoint><Trackpoint><Time>2025-09-10T14:38:06.385Z</Time><DistanceMeters>11262.347166996124</DistanceMeters><HeartRateBpm><Value>163</Value></HeartRateBpm><Cadence>23</Cadence><Extensions><ext:TPX><ext:Watts>56.729729729729726</ext:Watts><ext:Torque>20</ext:Torque></ext:TPX></Extensions></Trackpoint><Trackpoint><Time>2025-09-10T14:38:07.715Z</Time><DistanceMeters>11267.490504442696</DistanceMeters><HeartRateBpm><Value>163</Value></HeartRateBpm><Cadence>22</Cadence><Extensions><ext:TPX><ext:Watts>56.76315789473684</ext:Watts><ext:Torque>20</ext:Torque></ext:TPX></Extensions></Trackpoint><Trackpoint><Time>2025-09-10T14:38:09.010Z</Time><DistanceMeters>11272.389699609143</DistanceMeters><HeartRateBpm><Value>163</Value></HeartRateBpm><Cadence>23</Cadence><Extensions><ext:TPX><ext:Watts>55.270270270270274</ext:Watts><ext:Torque>20</ext:Torque></ext:TPX></Extensions></Trackpoint><Trackpoint><Time>2025-09-10T14:38:10.340Z</Time><DistanceMeters>11277.28743494306</DistanceMeters><HeartRateBpm><Value>163</Value></HeartRateBpm><Cadence>22</Cadence><Extensions><ext:TPX><ext:Watts>54.05263157894737</ext:Watts><ext:Torque>20</ext:Torque></ext:TPX></Extensions></Trackpoint><Trackpoint><Time>2025-09-10T14:38:11.675Z</Time><DistanceMeters>11282.14940297902</DistanceMeters><HeartRateBpm><Value>163</Value></HeartRateBpm><Cadence>22</Cadence><Extensions><ext:TPX><ext:Watts>53.6578947368421</ext:Watts><ext:Torque>20</ext:Torque></ext:TPX></Extensions></Trackpoint><Trackpoint><Time>2025-09-10T14:38:12.970Z</Time><DistanceMeters>11287.475031758975</DistanceMeters><HeartRateBpm><Value>163</Value></HeartRateBpm><Cadence>23</Cadence><Extensions><ext:TPX><ext:Watts>60.08108108108108</ext:Watts><ext:Torque>20</ext:Torque></ext:TPX></Extensions></Trackpoint><Trackpoint><Time>2025-09-10T14:38:14.270Z</Time><DistanceMeters>11292.752746649774</DistanceMeters><HeartRateBpm><Value>163</Value></HeartRateBpm><Cadence>23</Cadence><Extensions><ext:TPX><ext:Watts>59.54054054054054</ext:Watts><ext:Torque>20</ext:Torque></ext:TPX></Extensions></Trackpoint><Trackpoint><Time>2025-09-10T14:38:15.565Z</Time><DistanceMeters>11297.951403623461</DistanceMeters><HeartRateBpm><Value>163</Value></HeartRateBpm><Cadence>23</Cadence><Extensions><ext:TPX><ext:Watts>58.648648648648646</ext:Watts><ext:Torque>20</ext:Torque></ext:TPX></Extensions></Trackpoint><Trackpoint><Time>2025-09-10T14:38:16.860Z</Time><DistanceMeters>11303.193183097392</DistanceMeters><HeartRateBpm><Value>163</Value></HeartRateBpm><Cadence>23</Cadence><Extensions><ext:TPX><ext:Watts>59.13513513513514</ext:Watts><ext:Torque>20</ext:Torque></ext:TPX></Extensions></Trackpoint><Trackpoint><Time>2025-09-10T14:38:18.121Z</Time><DistanceMeters>11308.221593260869</DistanceMeters><HeartRateBpm><Value>162</Value></HeartRateBpm><Cadence>24</Cadence><Extensions><ext:TPX><ext:Watts>59.19444444444444</ext:Watts><ext:Torque>20</ext:Torque></ext:TPX></Extensions></Trackpoint><Trackpoint><Time>2025-09-10T14:38:19.385Z</Time><DistanceMeters>11313.559418560955</DistanceMeters><HeartRateBpm><Value>162</Value></HeartRateBpm><Cadence>24</Cadence><Extensions><ext:TPX><ext:Watts>61.52777777777778</ext:Watts><ext:Torque>20</ext:Torque></ext:TPX></Extensions></Trackpoint><Trackpoint><Time>2025-09-10T14:38:20.651Z</Time><DistanceMeters>11318.88278474059</DistanceMeters><HeartRateBpm><Value>162</Value></HeartRateBpm><Cadence>24</Cadence><Extensions><ext:TPX><ext:Watts>61.361111111111114</ext:Watts><ext:Torque>20</ext:Torque></ext:TPX></Extensions></Trackpoint><Trackpoint><Time>2025-09-10T14:38:21.875Z</Time><DistanceMeters>11324.087208143852</DistanceMeters><HeartRateBpm><Value>162</Value></HeartRateBpm><Cadence>24</Cadence><Extensions><ext:TPX><ext:Watts>62.542857142857144</ext:Watts><ext:Torque>20</ext:Torque></ext:TPX></Extensions></Trackpoint><Trackpoint><Time>2025-09-10T14:38:23.170Z</Time><DistanceMeters>11329.209202894885</DistanceMeters><HeartRateBpm><Value>162</Value></HeartRateBpm><Cadence>23</Cadence><Extensions><ext:TPX><ext:Watts>57.78378378378378</ext:Watts><ext:Torque>20</ext:Torque></ext:TPX></Extensions></Trackpoint><Trackpoint><Time>2025-09-10T14:38:24.465Z</Time><DistanceMeters>11334.276096673386</DistanceMeters><HeartRateBpm><Value>161</Value></HeartRateBpm><Cadence>23</Cadence><Extensions><ext:TPX><ext:Watts>57.16216216216216</ext:Watts><ext:Torque>20</ext:Torque></ext:TPX></Extensions></Trackpoint><Trackpoint><Time>2025-09-10T14:38:25.725Z</Time><DistanceMeters>11339.073261320194</DistanceMeters><HeartRateBpm><Value>161</Value></HeartRateBpm><Cadence>24</Cadence><Extensions><ext:TPX><ext:Watts>56.47222222222222</ext:Watts><ext:Torque>20</ext:Torque></ext:TPX></Extensions></Trackpoint><Trackpoint><Time>2025-09-10T14:38:26.951Z</Time><DistanceMeters>11343.982870423775</DistanceMeters><HeartRateBpm><Value>161</Value></HeartRateBpm><Cadence>24</Cadence><Extensions><ext:TPX><ext:Watts>59.0</ext:Watts><ext:Torque>20</ext:Torque></ext:TPX></Extensions></Trackpoint><Trackpoint><Time>2025-09-10T14:38:28.215Z</Time><DistanceMeters>11348.927889618257</DistanceMeters><HeartRateBpm><Value>161</Value></HeartRateBpm><Cadence>24</Cadence><Extensions><ext:TPX><ext:Watts>57.0</ext:Watts><ext:Torque>20</ext:Torque></ext:TPX></Extensions></Trackpoint><Trackpoint><Time>2025-09-10T14:38:29.476Z</Time><DistanceMeters>11353.989334855543</DistanceMeters><HeartRateBpm><Value>161</Value></HeartRateBpm><Cadence>24</Cadence><Extensions><ext:TPX><ext:Watts>59.583333333333336</ext:Watts><ext:Torque>20</ext:Torque></ext:TPX></Extensions></Trackpoint><Trackpoint><Time>2025-09-10T14:38:30.735Z</Time><DistanceMeters>11358.869087186875</DistanceMeters><HeartRateBpm><Value>161</Value></HeartRateBpm><Cadence>24</Cadence><Extensions><ext:TPX><ext:Watts>57.44444444444444</ext:Watts><ext:Torque>20</ext:Torque></ext:TPX></Extensions></Trackpoint><Trackpoint><Time>2025-09-10T14:38:31.995Z</Time><DistanceMeters>11363.720523740656</DistanceMeters><HeartRateBpm><Value>161</Value></HeartRateBpm><Cadence>24</Cadence><Extensions><ext:TPX><ext:Watts>57.111111111111114</ext:Watts><ext:Torque>20</ext:Torque></ext:TPX></Extensions></Trackpoint><Trackpoint><Time>2025-09-10T14:38:33.221Z</Time><DistanceMeters>11368.57307201204</DistanceMeters><HeartRateBpm><Value>161</Value></HeartRateBpm><Cadence>24</Cadence><Extensions><ext:TPX><ext:Watts>58.31428571428572</ext:Watts><ext:Torque>20</ext:Torque></ext:TPX></Extensions></Trackpoint><Trackpoint><Time>2025-09-10T14:38:34.481Z</Time><DistanceMeters>11373.740701415143</DistanceMeters><HeartRateBpm><Value>161</Value></HeartRateBpm><Cadence>24</Cadence><Extensions><ext:TPX><ext:Watts>60.833333333333336</ext:Watts><ext:Torque>20</ext:Torque></ext:TPX></Extensions></Trackpoint><Trackpoint><Time>2025-09-10T14:38:35.706Z</Time><DistanceMeters>11378.895196590234</DistanceMeters><HeartRateBpm><Value>161</Value></HeartRateBpm><Cadence>24</Cadence><Extensions><ext:TPX><ext:Watts>61.94285714285714</ext:Watts><ext:Torque>20</ext:Torque></ext:TPX></Extensions></Trackpoint><Trackpoint><Time>2025-09-10T14:38:36.931Z</Time><DistanceMeters>11383.995008467804</DistanceMeters><HeartRateBpm><Value>161</Value></HeartRateBpm><Cadence>24</Cadence><Extensions><ext:TPX><ext:Watts>61.285714285714285</ext:Watts><ext:Torque>20</ext:Torque></ext:TPX></Extensions></Trackpoint><Trackpoint><Time>2025-09-10T14:38:38.121Z</Time><DistanceMeters>11389.125427607936</DistanceMeters><HeartRateBpm><Value>161</Value></HeartRateBpm><Cadence>25</Cadence><Extensions><ext:TPX><ext:Watts>62.911764705882355</ext:Watts><ext:Torque>20</ext:Torque></ext:TPX></Extensions></Trackpoint><Trackpoint><Time>2025-09-10T14:38:39.346Z</Time><DistanceMeters>11394.313208268475</DistanceMeters><HeartRateBpm><Value>161</Value></HeartRateBpm><Cadence>24</Cadence><Extensions><ext:TPX><ext:Watts>62.34285714285714</ext:Watts><ext:Torque>20</ext:Torque></ext:TPX></Extensions></Trackpoint><Trackpoint><Time>2025-09-10T14:38:40.536Z</Time><DistanceMeters>11399.575545619318</DistanceMeters><HeartRateBpm><Value>161</Value></HeartRateBpm><Cadence>25</Cadence><Extensions><ext:TPX><ext:Watts>64.52941176470588</ext:Watts><ext:Torque>20</ext:Torque></ext:TPX></Extensions></Trackpoint><Trackpoint><Time>2025-09-10T14:38:41.726Z</Time><DistanceMeters>11405.022568465154</DistanceMeters><HeartRateBpm><Value>161</Value></HeartRateBpm><Cadence>25</Cadence><Extensions><ext:TPX><ext:Watts>66.79411764705883</ext:Watts><ext:Torque>20</ext:Torque></ext:TPX></Extensions></Trackpoint><Trackpoint><Time>2025-09-10T14:38:42.881Z</Time><DistanceMeters>11410.30474805926</DistanceMeters><HeartRateBpm><Value>161</Value></HeartRateBpm><Cadence>26</Cadence><Extensions><ext:TPX><ext:Watts>67.36363636363636</ext:Watts><ext:Torque>20</ext:Torque></ext:TPX></Extensions></Trackpoint><Trackpoint><Time>2025-09-10T14:38:44.036Z</Time><DistanceMeters>11415.741377349099</DistanceMeters><HeartRateBpm><Value>161</Value></HeartRateBpm><Cadence>26</Cadence><Extensions><ext:TPX><ext:Watts>69.33333333333333</ext:Watts><ext:Torque>20</ext:Torque></ext:TPX></Extensions></Trackpoint><Trackpoint><Time>2025-09-10T14:38:45.191Z</Time><DistanceMeters>11421.02593309237</DistanceMeters><HeartRateBpm><Value>161</Value></HeartRateBpm><Cadence>26</Cadence><Extensions><ext:TPX><ext:Watts>67.39393939393939</ext:Watts><ext:Torque>20</ext:Torque></ext:TPX></Extensions></Trackpoint><Trackpoint><Time>2025-09-10T14:38:46.346Z</Time><DistanceMeters>11426.4292962939</DistanceMeters><HeartRateBpm><Value>161</Value></HeartRateBpm><Cadence>26</Cadence><Extensions><ext:TPX><ext:Watts>68.9090909090909</ext:Watts><ext:Torque>20</ext:Torque></ext:TPX></Extensions></Trackpoint><Trackpoint><Time>2025-09-10T14:38:47.501Z</Time><DistanceMeters>11431.61167762307</DistanceMeters><HeartRateBpm><Value>161</Value></HeartRateBpm><Cadence>26</Cadence><Extensions><ext:TPX><ext:Watts>66.0909090909091</ext:Watts><ext:Torque>20</ext:Torque></ext:TPX></Extensions></Trackpoint><Trackpoint><Time>2025-09-10T14:38:48.691Z</Time><DistanceMeters>11436.91958671943</DistanceMeters><HeartRateBpm><Value>161</Value></HeartRateBpm><Cadence>25</Cadence><Extensions><ext:TPX><ext:Watts>65.08823529411765</ext:Watts><ext:Torque>20</ext:Torque></ext:TPX></Extensions></Trackpoint><Trackpoint><Time>2025-09-10T14:38:49.811Z</Time><DistanceMeters>11442.014067030526</DistanceMeters><HeartRateBpm><Value>161</Value></HeartRateBpm><Cadence>27</Cadence><Extensions><ext:TPX><ext:Watts>67.46875</ext:Watts><ext:Torque>20</ext:Torque></ext:TPX></Extensions></Trackpoint><Trackpoint><Time>2025-09-10T14:38:50.931Z</Time><DistanceMeters>11447.108547341622</DistanceMeters><HeartRateBpm><Value>161</Value></HeartRateBpm><Cadence>27</Cadence><Extensions><ext:TPX><ext:Watts>67.46875</ext:Watts><ext:Torque>20</ext:Torque></ext:TPX></Extensions></Trackpoint><Trackpoint><Time>2025-09-10T14:38:52.051Z</Time><DistanceMeters>11452.207746948978</DistanceMeters><HeartRateBpm><Value>161</Value></HeartRateBpm><Cadence>27</Cadence><Extensions><ext:TPX><ext:Watts>67.53125</ext:Watts><ext:Torque>20</ext:Torque></ext:TPX></Extensions></Trackpoint><Trackpoint><Time>2025-09-10T14:38:53.206Z</Time><DistanceMeters>11457.280825416552</DistanceMeters><HeartRateBpm><Value>161</Value></HeartRateBpm><Cadence>26</Cadence><Extensions><ext:TPX><ext:Watts>64.6969696969697</ext:Watts><ext:Torque>20</ext:Torque></ext:TPX></Extensions></Trackpoint><Trackpoint><Time>2025-09-10T14:38:54.291Z</Time><DistanceMeters>11462.472726672377</DistanceMeters><HeartRateBpm><Value>161</Value></HeartRateBpm><Cadence>28</Cadence><Extensions><ext:TPX><ext:Watts>70.03225806451613</ext:Watts><ext:Torque>20</ext:Torque></ext:TPX></Extensions></Trackpoint><Trackpoint><Time>2025-09-10T14:38:55.411Z</Time><DistanceMeters>11467.557768390956</DistanceMeters><HeartRateBpm><Value>161</Value></HeartRateBpm><Cadence>27</Cadence><Extensions><ext:TPX><ext:Watts>67.34375</ext:Watts><ext:Torque>20</ext:Torque></ext:TPX></Extensions></Trackpoint><Trackpoint><Time>2025-09-10T14:38:56.532Z</Time><DistanceMeters>11472.774950404773</DistanceMeters><HeartRateBpm><Value>161</Value></HeartRateBpm><Cadence>27</Cadence><Extensions><ext:TPX><ext:Watts>69.09375</ext:Watts><ext:Torque>20</ext:Torque></ext:TPX></Extensions></Trackpoint><Trackpoint><Time>2025-09-10T14:38:57.686Z</Time><DistanceMeters>11477.90980875064</DistanceMeters><HeartRateBpm><Value>162</Value></HeartRateBpm><Cadence>26</Cadence><Extensions><ext:TPX><ext:Watts>65.48484848484848</ext:Watts><ext:Torque>20</ext:Torque></ext:TPX></Extensions></Trackpoint><Trackpoint><Time>2025-09-10T14:38:58.841Z</Time><DistanceMeters>11483.023281754022</DistanceMeters><HeartRateBpm><Value>162</Value></HeartRateBpm><Cadence>26</Cadence><Extensions><ext:TPX><ext:Watts>65.21212121212122</ext:Watts><ext:Torque>20</ext:Torque></ext:TPX></Extensions></Trackpoint><Trackpoint><Time>2025-09-10T14:38:59.926Z</Time><DistanceMeters>11488.145830114214</DistanceMeters><HeartRateBpm><Value>162</Value></HeartRateBpm><Cadence>28</Cadence><Extensions><ext:TPX><ext:Watts>69.09677419354838</ext:Watts><ext:Torque>20</ext:Torque></ext:TPX></Extensions></Trackpoint><Trackpoint><Time>2025-09-10T14:39:01.081Z</Time><DistanceMeters>11493.199899388466</DistanceMeters><HeartRateBpm><Value>162</Value></HeartRateBpm><Cadence>26</Cadence><Extensions><ext:TPX><ext:Watts>64.45454545454545</ext:Watts><ext:Torque>20</ext:Torque></ext:TPX></Extensions></Trackpoint><Trackpoint><Time>2025-09-10T14:39:02.206Z</Time><DistanceMeters>11498.69823570297</DistanceMeters><HeartRateBpm><Value>163</Value></HeartRateBpm><Cadence>26</Cadence><Extensions><ext:TPX><ext:Watts>71.46875</ext:Watts><ext:Torque>20</ext:Torque></ext:TPX></Extensions></Trackpoint><Trackpoint><Time>2025-09-10T14:39:03.291Z</Time><DistanceMeters>11503.780128917448</DistanceMeters><HeartRateBpm><Value>163</Value></HeartRateBpm><Cadence>28</Cadence><Extensions><ext:TPX><ext:Watts>68.54838709677419</ext:Watts><ext:Torque>20</ext:Torque></ext:TPX></Extensions></Trackpoint><Trackpoint><Time>2025-09-10T14:39:04.446Z</Time><DistanceMeters>11508.07620660802</DistanceMeters><HeartRateBpm><Value>163</Value></HeartRateBpm><Cadence>26</Cadence><Extensions><ext:TPX><ext:Watts>54.78787878787879</ext:Watts><ext:Torque>20</ext:Torque></ext:TPX></Extensions></Trackpoint><Trackpoint><Time>2025-09-10T14:39:05.566Z</Time><DistanceMeters>11513.213160585443</DistanceMeters><HeartRateBpm><Value>163</Value></HeartRateBpm><Cadence>27</Cadence><Extensions><ext:TPX><ext:Watts>68.03125</ext:Watts><ext:Torque>20</ext:Torque></ext:TPX></Extensions></Trackpoint><Trackpoint><Time>2025-09-10T14:39:06.686Z</Time><DistanceMeters>11518.345395266608</DistanceMeters><HeartRateBpm><Value>163</Value></HeartRateBpm><Cadence>27</Cadence><Extensions><ext:TPX><ext:Watts>67.96875</ext:Watts><ext:Torque>20</ext:Torque></ext:TPX></Extensions></Trackpoint><Trackpoint><Time>2025-09-10T14:39:07.806Z</Time><DistanceMeters>11523.116603783994</DistanceMeters><HeartRateBpm><Value>163</Value></HeartRateBpm><Cadence>27</Cadence><Extensions><ext:TPX><ext:Watts>63.1875</ext:Watts><ext:Torque>20</ext:Torque></ext:TPX></Extensions></Trackpoint><Trackpoint><Time>2025-09-10T14:39:08.226Z</Time><DistanceMeters>11523.190264408113</DistanceMeters><HeartRateBpm><Value>163</Value></HeartRateBpm><Cadence>72</Cadence><Extensions><ext:TPX><ext:Watts>2.5833333333333335</ext:Watts><ext:Torque>20</ext:Torque></ext:TPX></Extensions></Trackpoint><Trackpoint><Time>2025-09-10T14:39:08.716Z</Time><DistanceMeters>11523.2116497506</DistanceMeters><HeartRateBpm><Value>163</Value></HeartRateBpm><Cadence>72</Cadence><Extensions><ext:TPX><ext:Watts>0.75</ext:Watts><ext:Torque>46</ext:Torque></ext:TPX></Extensions></Trackpoint><Trackpoint><Time>2025-09-10T14:39:12.076Z</Time><DistanceMeters>11526.920818597382</DistanceMeters><HeartRateBpm><Value>163</Value></HeartRateBpm><Cadence>26</Cadence><Extensions><ext:TPX><ext:Watts>47.303030303030305</ext:Watts><ext:Torque>20</ext:Torque></ext:TPX></Extensions></Trackpoint><Trackpoint><Time>2025-09-10T14:39:13.232Z</Time><DistanceMeters>11531.80618128091</DistanceMeters><HeartRateBpm><Value>164</Value></HeartRateBpm><Cadence>26</Cadence><Extensions><ext:TPX><ext:Watts>62.303030303030305</ext:Watts><ext:Torque>20</ext:Torque></ext:TPX></Extensions></Trackpoint><Trackpoint><Time>2025-09-10T14:39:14.316Z</Time><DistanceMeters>11536.811547162275</DistanceMeters><HeartRateBpm><Value>164</Value></HeartRateBpm><Cadence>28</Cadence><Extensions><ext:TPX><ext:Watts>67.51612903225806</ext:Watts><ext:Torque>20</ext:Torque></ext:TPX></Extensions></Trackpoint><Trackpoint><Time>2025-09-10T14:39:15.436Z</Time><DistanceMeters>11541.61579075347</DistanceMeters><HeartRateBpm><Value>164</Value></HeartRateBpm><Cadence>27</Cadence><Extensions><ext:TPX><ext:Watts>63.625</ext:Watts><ext:Torque>20</ext:Torque></ext:TPX></Extensions></Trackpoint><Trackpoint><Time>2025-09-10T14:39:16.592Z</Time><DistanceMeters>11546.422740514548</DistanceMeters><HeartRateBpm><Value>163</Value></HeartRateBpm><Cadence>26</Cadence><Extensions><ext:TPX><ext:Watts>61.303030303030305</ext:Watts><ext:Torque>20</ext:Torque></ext:TPX></Extensions></Trackpoint><Trackpoint><Time>2025-09-10T14:39:17.011Z</Time><DistanceMeters>11546.45600660286</DistanceMeters><HeartRateBpm><Value>162</Value></HeartRateBpm><Cadence>72</Cadence><Extensions><ext:TPX><ext:Watts>1.1666666666666667</ext:Watts><ext:Torque>20</ext:Torque></ext:TPX></Extensions></Trackpoint><Trackpoint><Time>2025-09-10T14:39:17.822Z</Time><DistanceMeters>11546.45839808202</DistanceMeters><HeartRateBpm><Value>162</Value></HeartRateBpm><Cadence>78</Cadence><Extensions><ext:TPX><ext:Watts>0.09090909090909091</ext:Watts><ext:Torque>47</ext:Torque></ext:TPX></Extensions></Trackpoint><Trackpoint><Time>2025-09-10T14:39:22.136Z</Time><DistanceMeters>11546.463217788838</DistanceMeters><HeartRateBpm><Value>159</Value></HeartRateBpm><Cadence>94</Cadence><Extensions><ext:TPX><ext:Watts>0.2222222222222222</ext:Watts><ext:Torque>20</ext:Torque></ext:TPX></Extensions></Trackpoint><Trackpoint><Time>2025-09-10T14:39:22.521Z</Time><DistanceMeters>11546.472722385499</DistanceMeters><HeartRateBpm><Value>159</Value></HeartRateBpm><Cadence>78</Cadence><Extensions><ext:TPX><ext:Watts>0.36363636363636365</ext:Watts><ext:Torque>20</ext:Torque></ext:TPX></Extensions></Trackpoint><Trackpoint><Time>2025-09-10T14:39:23.012Z</Time><DistanceMeters>11546.49648387715</DistanceMeters><HeartRateBpm><Value>159</Value></HeartRateBpm><Cadence>72</Cadence><Extensions><ext:TPX><ext:Watts>0.8333333333333334</ext:Watts><ext:Torque>20</ext:Torque></ext:TPX></Extensions></Trackpoint><Trackpoint><Time>2025-09-10T14:39:23.327Z</Time><DistanceMeters>11546.522713228987</DistanceMeters><HeartRateBpm><Value>159</Value></HeartRateBpm><Cadence>95</Cadence><Extensions><ext:TPX><ext:Watts>1.2222222222222223</ext:Watts><ext:Torque>65</ext:Torque></ext:TPX></Extensions></Trackpoint><Trackpoint><Time>2025-09-10T14:39:24.377Z</Time><DistanceMeters>11549.915837562075</DistanceMeters><HeartRateBpm><Value>158</Value></HeartRateBpm><Cadence>28</Cadence><Extensions><ext:TPX><ext:Watts>47.43333333333333</ext:Watts><ext:Torque>66</ext:Torque></ext:TPX></Extensions></Trackpoint><Trackpoint><Time>2025-09-10T14:39:25.252Z</Time><DistanceMeters>11553.65056550901</DistanceMeters><HeartRateBpm><Value>158</Value></HeartRateBpm><Cadence>34</Cadence><Extensions><ext:TPX><ext:Watts>63.2</ext:Watts><ext:Torque>69</ext:Torque></ext:TPX></Extensions></Trackpoint><Trackpoint><Time>2025-09-10T14:39:26.201Z</Time><DistanceMeters>11558.13554496284</DistanceMeters><HeartRateBpm><Value>157</Value></HeartRateBpm><Cadence>32</Cadence><Extensions><ext:TPX><ext:Watts>69.29629629629629</ext:Watts><ext:Torque>72</ext:Torque></ext:TPX></Extensions></Trackpoint><Trackpoint><Time>2025-09-10T14:39:27.152Z</Time><DistanceMeters>11562.603744696642</DistanceMeters><HeartRateBpm><Value>157</Value></HeartRateBpm><Cadence>32</Cadence><Extensions><ext:TPX><ext:Watts>69.03703703703704</ext:Watts><ext:Torque>60</ext:Torque></ext:TPX></Extensions></Trackpoint><Trackpoint><Time>2025-09-10T14:39:28.097Z</Time><DistanceMeters>11567.412333036775</DistanceMeters><HeartRateBpm><Value>155</Value></HeartRateBpm><Cadence>32</Cadence><Extensions><ext:TPX><ext:Watts>74.29629629629629</ext:Watts><ext:Torque>48</ext:Torque></ext:TPX></Extensions></Trackpoint><Trackpoint><Time>2025-09-10T14:39:29.042Z</Time><DistanceMeters>11572.650002789112</DistanceMeters><HeartRateBpm><Value>155</Value></HeartRateBpm><Cadence>32</Cadence><Extensions><ext:TPX><ext:Watts>80.92592592592592</ext:Watts><ext:Torque>20</ext:Torque></ext:TPX></Extensions></Trackpoint><Trackpoint><Time>2025-09-10T14:39:30.022Z</Time><DistanceMeters>11577.555860454784</DistanceMeters><HeartRateBpm><Value>154</Value></HeartRateBpm><Cadence>30</Cadence><Extensions><ext:TPX><ext:Watts>73.39285714285714</ext:Watts><ext:Torque>56</ext:Torque></ext:TPX></Extensions></Trackpoint><Trackpoint><Time>2025-09-10T14:39:30.582Z</Time><DistanceMeters>11577.5582421557</DistanceMeters><HeartRateBpm><Value>154</Value></HeartRateBpm><Cadence>54</Cadence><Extensions><ext:TPX><ext:Watts>0.0625</ext:Watts><ext:Torque>20</ext:Torque></ext:TPX></Extensions></Trackpoint><Trackpoint><Time>2025-09-10T14:39:31.002Z</Time><DistanceMeters>11577.56774675236</DistanceMeters><HeartRateBpm><Value>154</Value></HeartRateBpm><Cadence>72</Cadence><Extensions><ext:TPX><ext:Watts>0.3333333333333333</ext:Watts><ext:Torque>20</ext:Torque></ext:TPX></Extensions></Trackpoint><Trackpoint><Time>2025-09-10T14:39:31.456Z</Time><DistanceMeters>11577.58200364735</DistanceMeters><HeartRateBpm><Value>154</Value></HeartRateBpm><Cadence>66</Cadence><Extensions><ext:TPX><ext:Watts>0.46153846153846156</ext:Watts><ext:Torque>20</ext:Torque></ext:TPX></Extensions></Trackpoint><Trackpoint><Time>2025-09-10T14:39:31.880Z</Time><DistanceMeters>11577.59157517779</DistanceMeters><HeartRateBpm><Value>154</Value></HeartRateBpm><Cadence>71</Cadence><Extensions><ext:TPX><ext:Watts>0.3333333333333333</ext:Watts><ext:Torque>20</ext:Torque></ext:TPX></Extensions></Trackpoint><Trackpoint><Time>2025-09-10T14:39:32.367Z</Time><DistanceMeters>11577.601079774451</DistanceMeters><HeartRateBpm><Value>154</Value></HeartRateBpm><Cadence>72</Cadence><Extensions><ext:TPX><ext:Watts>0.3333333333333333</ext:Watts><ext:Torque>20</ext:Torque></ext:TPX></Extensions></Trackpoint><Trackpoint><Time>2025-09-10T14:39:32.822Z</Time><DistanceMeters>11577.636722011928</DistanceMeters><HeartRateBpm><Value>154</Value></HeartRateBpm><Cadence>66</Cadence><Extensions><ext:TPX><ext:Watts>1.1538461538461537</ext:Watts><ext:Torque>46</ext:Torque></ext:TPX></Extensions></Trackpoint><Trackpoint><Time>2025-09-10T14:39:34.362Z</Time><DistanceMeters>11581.013229975591</DistanceMeters><HeartRateBpm><Value>154</Value></HeartRateBpm><Cadence>20</Cadence><Extensions><ext:TPX><ext:Watts>32.29545454545455</ext:Watts><ext:Torque>20</ext:Torque></ext:TPX></Extensions></Trackpoint><Trackpoint><Time>2025-09-10T14:39:35.552Z</Time><DistanceMeters>11586.112468447738</DistanceMeters><HeartRateBpm><Value>153</Value></HeartRateBpm><Cadence>25</Cadence><Extensions><ext:TPX><ext:Watts>62.529411764705884</ext:Watts><ext:Torque>20</ext:Torque></ext:TPX></Extensions></Trackpoint><Trackpoint><Time>2025-09-10T14:39:36.852Z</Time><DistanceMeters>11591.277585699014</DistanceMeters><HeartRateBpm><Value>154</Value></HeartRateBpm><Cadence>23</Cadence><Extensions><ext:TPX><ext:Watts>58.270270270270274</ext:Watts><ext:Torque>20</ext:Torque></ext:TPX></Extensions></Trackpoint><Trackpoint><Time>2025-09-10T14:39:38.182Z</Time><DistanceMeters>11596.156245140686</DistanceMeters><HeartRateBpm><Value>154</Value></HeartRateBpm><Cadence>22</Cadence><Extensions><ext:TPX><ext:Watts>53.8421052631579</ext:Watts><ext:Torque>20</ext:Torque></ext:TPX></Extensions></Trackpoint><Trackpoint><Time>2025-09-10T14:39:38.672Z</Time><DistanceMeters>11596.206377992745</DistanceMeters><HeartRateBpm><Value>154</Value></HeartRateBpm><Cadence>61</Cadence><Extensions><ext:TPX><ext:Watts>1.5</ext:Watts><ext:Torque>20</ext:Torque></ext:TPX></Extensions></Trackpoint><Trackpoint><Time>2025-09-10T14:39:39.162Z</Time><DistanceMeters>11596.232638058109</DistanceMeters><HeartRateBpm><Value>154</Value></HeartRateBpm><Cadence>61</Cadence><Extensions><ext:TPX><ext:Watts>0.7857142857142857</ext:Watts><ext:Torque>20</ext:Torque></ext:TPX></Extensions></Trackpoint><Trackpoint><Time>2025-09-10T14:39:39.617Z</Time><DistanceMeters>11596.25164725143</DistanceMeters><HeartRateBpm><Value>154</Value></HeartRateBpm><Cadence>66</Cadence><Extensions><ext:TPX><ext:Watts>0.6153846153846154</ext:Watts><ext:Torque>20</ext:Torque></ext:TPX></Extensions></Trackpoint><Trackpoint><Time>2025-09-10T14:39:40.002Z</Time><DistanceMeters>11596.25639954976</DistanceMeters><HeartRateBpm><Value>154</Value></HeartRateBpm><Cadence>78</Cadence><Extensions><ext:TPX><ext:Watts>0.18181818181818182</ext:Watts><ext:Torque>20</ext:Torque></ext:TPX></Extensions></Trackpoint><Trackpoint><Time>2025-09-10T14:39:47.987Z</Time><DistanceMeters>11598.371172306735</DistanceMeters><HeartRateBpm><Value>154</Value></HeartRateBpm><Cadence>20</Cadence><Extensions><ext:TPX><ext:Watts>20.227272727272727</ext:Watts><ext:Torque>59</ext:Torque></ext:TPX></Extensions></Trackpoint><Trackpoint><Time>2025-09-10T14:39:49.107Z</Time><DistanceMeters>11602.410889904048</DistanceMeters><HeartRateBpm><Value>153</Value></HeartRateBpm><Cadence>27</Cadence><Extensions><ext:TPX><ext:Watts>53.5</ext:Watts><ext:Torque>20</ext:Torque></ext:TPX></Extensions></Trackpoint><Trackpoint><Time>2025-09-10T14:39:50.263Z</Time><DistanceMeters>11607.068142267723</DistanceMeters><HeartRateBpm><Value>153</Value></HeartRateBpm><Cadence>26</Cadence><Extensions><ext:TPX><ext:Watts>59.39393939393939</ext:Watts><ext:Torque>20</ext:Torque></ext:TPX></Extensions></Trackpoint><Trackpoint><Time>2025-09-10T14:39:51.417Z</Time><DistanceMeters>11611.725394631398</DistanceMeters><HeartRateBpm><Value>152</Value></HeartRateBpm><Cadence>26</Cadence><Extensions><ext:TPX><ext:Watts>59.39393939393939</ext:Watts><ext:Torque>20</ext:Torque></ext:TPX></Extensions></Trackpoint><Trackpoint><Time>2025-09-10T14:39:52.537Z</Time><DistanceMeters>11616.402217223613</DistanceMeters><HeartRateBpm><Value>151</Value></HeartRateBpm><Cadence>27</Cadence><Extensions><ext:TPX><ext:Watts>61.9375</ext:Watts><ext:Torque>20</ext:Torque></ext:TPX></Extensions></Trackpoint><Trackpoint><Time>2025-09-10T14:39:53.692Z</Time><DistanceMeters>11621.166396299719</DistanceMeters><HeartRateBpm><Value>151</Value></HeartRateBpm><Cadence>26</Cadence><Extensions><ext:TPX><ext:Watts>60.75757575757576</ext:Watts><ext:Torque>20</ext:Torque></ext:TPX></Extensions></Trackpoint><Trackpoint><Time>2025-09-10T14:39:54.882Z</Time><DistanceMeters>11626.145709125767</DistanceMeters><HeartRateBpm><Value>150</Value></HeartRateBpm><Cadence>25</Cadence><Extensions><ext:TPX><ext:Watts>61.05882352941177</ext:Watts><ext:Torque>87</ext:Torque></ext:TPX></Extensions></Trackpoint><Trackpoint><Time>2025-09-10T14:39:56.072Z</Time><DistanceMeters>11630.532589260083</DistanceMeters><HeartRateBpm><Value>150</Value></HeartRateBpm><Cadence>25</Cadence><Extensions><ext:TPX><ext:Watts>53.794117647058826</ext:Watts><ext:Torque>77</ext:Torque></ext:TPX></Extensions></Trackpoint><Trackpoint><Time>2025-09-10T14:39:57.227Z</Time><DistanceMeters>11635.201722369584</DistanceMeters><HeartRateBpm><Value>150</Value></HeartRateBpm><Cadence>26</Cadence><Extensions><ext:TPX><ext:Watts>59.54545454545455</ext:Watts><ext:Torque>100</ext:Torque></ext:TPX></Extensions></Trackpoint><Trackpoint><Time>2025-09-10T14:39:58.347Z</Time><DistanceMeters>11638.861536618084</DistanceMeters><HeartRateBpm><Value>149</Value></HeartRateBpm><Cadence>27</Cadence><Extensions><ext:TPX><ext:Watts>48.46875</ext:Watts><ext:Torque>58</ext:Torque></ext:TPX></Extensions></Trackpoint><Trackpoint><Time>2025-09-10T14:39:59.467Z</Time><DistanceMeters>11643.705894227478</DistanceMeters><HeartRateBpm><Value>149</Value></HeartRateBpm><Cadence>27</Cadence><Extensions><ext:TPX><ext:Watts>64.15625</ext:Watts><ext:Torque>79</ext:Torque></ext:TPX></Extensions></Trackpoint><Trackpoint><Time>2025-09-10T14:40:00.627Z</Time><DistanceMeters>11648.4962109444</DistanceMeters><HeartRateBpm><Value>150</Value></HeartRateBpm><Cadence>26</Cadence><Extensions><ext:TPX><ext:Watts>61.09090909090909</ext:Watts><ext:Torque>20</ext:Torque></ext:TPX></Extensions></Trackpoint><Trackpoint><Time>2025-09-10T14:40:01.817Z</Time><DistanceMeters>11653.993602561597</DistanceMeters><HeartRateBpm><Value>150</Value></HeartRateBpm><Cadence>25</Cadence><Extensions><ext:TPX><ext:Watts>67.41176470588235</ext:Watts><ext:Torque>20</ext:Torque></ext:TPX></Extensions></Trackpoint><Trackpoint><Time>2025-09-10T14:40:03.007Z</Time><DistanceMeters>11659.40224920068</DistanceMeters><HeartRateBpm><Value>150</Value></HeartRateBpm><Cadence>25</Cadence><Extensions><ext:TPX><ext:Watts>66.32352941176471</ext:Watts><ext:Torque>20</ext:Torque></ext:TPX></Extensions></Trackpoint><Trackpoint><Time>2025-09-10T14:40:04.548Z</Time><DistanceMeters>11664.366024806659</DistanceMeters><HeartRateBpm><Value>150</Value></HeartRateBpm><Cadence>20</Cadence><Extensions><ext:TPX><ext:Watts>47.47727272727273</ext:Watts><ext:Torque>20</ext:Torque></ext:TPX></Extensions></Trackpoint><Trackpoint><Time>2025-09-10T14:40:04.897Z</Time><DistanceMeters>11664.37313667637</DistanceMeters><HeartRateBpm><Value>150</Value></HeartRateBpm><Cadence>86</Cadence><Extensions><ext:TPX><ext:Watts>0.3</ext:Watts><ext:Torque>20</ext:Torque></ext:TPX></Extensions></Trackpoint><Trackpoint><Time>2025-09-10T14:40:05.423Z</Time><DistanceMeters>11664.380290135961</DistanceMeters><HeartRateBpm><Value>150</Value></HeartRateBpm><Cadence>57</Cadence><Extensions><ext:TPX><ext:Watts>0.2</ext:Watts><ext:Torque>47</ext:Torque></ext:TPX></Extensions></Trackpoint><Trackpoint><Time>2025-09-10T14:40:08.153Z</Time><DistanceMeters>11664.389794732622</DistanceMeters><HeartRateBpm><Value>151</Value></HeartRateBpm><Cadence>72</Cadence><Extensions><ext:TPX><ext:Watts>0.3333333333333333</ext:Watts><ext:Torque>20</ext:Torque></ext:TPX></Extensions></Trackpoint><Trackpoint><Time>2025-09-10T14:40:08.503Z</Time><DistanceMeters>11664.408870624868</DistanceMeters><HeartRateBpm><Value>151</Value></HeartRateBpm><Cadence>86</Cadence><Extensions><ext:TPX><ext:Watts>0.8</ext:Watts><ext:Torque>20</ext:Torque></ext:TPX></Extensions></Trackpoint><Trackpoint><Time>2025-09-10T14:40:08.957Z</Time><DistanceMeters>11664.458769757335</DistanceMeters><HeartRateBpm><Value>151</Value></HeartRateBpm><Cadence>78</Cadence><Extensions><ext:TPX><ext:Watts>1.9090909090909092</ext:Watts><ext:Torque>88</ext:Torque></ext:TPX></Extensions></Trackpoint><Trackpoint><Time>2025-09-10T14:40:10.253Z</Time><DistanceMeters>11667.34558157913</DistanceMeters><HeartRateBpm><Value>152</Value></HeartRateBpm><Cadence>23</Cadence><Extensions><ext:TPX><ext:Watts>32.567567567567565</ext:Watts><ext:Torque>129</ext:Torque></ext:TPX></Extensions></Trackpoint><Trackpoint><Time>2025-09-10T14:40:11.273Z</Time><DistanceMeters>11671.001246101609</DistanceMeters><HeartRateBpm><Value>152</Value></HeartRateBpm><Cadence>30</Cadence><Extensions><ext:TPX><ext:Watts>52.89655172413793</ext:Watts><ext:Torque>93</ext:Torque></ext:TPX></Extensions></Trackpoint><Trackpoint><Time>2025-09-10T14:40:12.327Z</Time><DistanceMeters>11675.79883300124</DistanceMeters><HeartRateBpm><Value>152</Value></HeartRateBpm><Cadence>28</Cadence><Extensions><ext:TPX><ext:Watts>67.06666666666666</ext:Watts><ext:Torque>93</ext:Torque></ext:TPX></Extensions></Trackpoint><Trackpoint><Time>2025-09-10T14:40:13.342Z</Time><DistanceMeters>11680.493526032064</DistanceMeters><HeartRateBpm><Value>152</Value></HeartRateBpm><Cadence>30</Cadence><Extensions><ext:TPX><ext:Watts>67.93103448275862</ext:Watts><ext:Torque>102</ext:Torque></ext:TPX></Extensions></Trackpoint><Trackpoint><Time>2025-09-10T14:40:14.393Z</Time><DistanceMeters>11685.496178773328</DistanceMeters><HeartRateBpm><Value>153</Value></HeartRateBpm><Cadence>28</Cadence><Extensions><ext:TPX><ext:Watts>69.93333333333334</ext:Watts><ext:Torque>71</ext:Torque></ext:TPX></Extensions></Trackpoint><Trackpoint><Time>2025-09-10T14:40:15.373Z</Time><DistanceMeters>11690.824584763488</DistanceMeters><HeartRateBpm><Value>153</Value></HeartRateBpm><Cadence>30</Cadence><Extensions><ext:TPX><ext:Watts>79.71428571428571</ext:Watts><ext:Torque>73</ext:Torque></ext:TPX></Extensions></Trackpoint><Trackpoint><Time>2025-09-10T14:40:16.427Z</Time><DistanceMeters>11696.26598302639</DistanceMeters><HeartRateBpm><Value>153</Value></HeartRateBpm><Cadence>28</Cadence><Extensions><ext:TPX><ext:Watts>76.06666666666666</ext:Watts><ext:Torque>51</ext:Torque></ext:TPX></Extensions></Trackpoint><Trackpoint><Time>2025-09-10T14:40:17.513Z</Time><DistanceMeters>11701.565500844403</DistanceMeters><HeartRateBpm><Value>153</Value></HeartRateBpm><Cadence>28</Cadence><Extensions><ext:TPX><ext:Watts>71.48387096774194</ext:Watts><ext:Torque>20</ext:Torque></ext:TPX></Extensions></Trackpoint><Trackpoint><Time>2025-09-10T14:40:18.563Z</Time><DistanceMeters>11707.607789713024</DistanceMeters><HeartRateBpm><Value>153</Value></HeartRateBpm><Cadence>28</Cadence><Extensions><ext:TPX><ext:Watts>84.46666666666667</ext:Watts><ext:Torque>57</ext:Torque></ext:TPX></Extensions></Trackpoint><Trackpoint><Time>2025-09-10T14:40:19.577Z</Time><DistanceMeters>11713.74663704673</DistanceMeters><HeartRateBpm><Value>152</Value></HeartRateBpm><Cadence>30</Cadence><Extensions><ext:TPX><ext:Watts>88.82758620689656</ext:Watts><ext:Torque>52</ext:Torque></ext:TPX></Extensions></Trackpoint><Trackpoint><Time>2025-09-10T14:40:20.627Z</Time><DistanceMeters>11719.588629046777</DistanceMeters><HeartRateBpm><Value>152</Value></HeartRateBpm><Cadence>28</Cadence><Extensions><ext:TPX><ext:Watts>81.66666666666667</ext:Watts><ext:Torque>51</ext:Torque></ext:TPX></Extensions></Trackpoint><Trackpoint><Time>2025-09-10T14:40:21.683Z</Time><DistanceMeters>11725.654762780705</DistanceMeters><HeartRateBpm><Value>152</Value></HeartRateBpm><Cadence>28</Cadence><Extensions><ext:TPX><ext:Watts>84.8</ext:Watts><ext:Torque>20</ext:Torque></ext:TPX></Extensions></Trackpoint><Trackpoint><Time>2025-09-10T14:40:22.873Z</Time><DistanceMeters>11731.521525387889</DistanceMeters><HeartRateBpm><Value>152</Value></HeartRateBpm><Cadence>25</Cadence><Extensions><ext:TPX><ext:Watts>71.94117647058823</ext:Watts><ext:Torque>20</ext:Torque></ext:TPX></Extensions></Trackpoint><Trackpoint><Time>2025-09-10T14:40:23.438Z</Time><DistanceMeters>11731.69702978271</DistanceMeters><HeartRateBpm><Value>152</Value></HeartRateBpm><Cadence>53</Cadence><Extensions><ext:TPX><ext:Watts>4.5625</ext:Watts><ext:Torque>20</ext:Torque></ext:TPX></Extensions></Trackpoint><Trackpoint><Time>2025-09-10T14:40:24.668Z</Time><DistanceMeters>11736.639924371739</DistanceMeters><HeartRateBpm><Value>152</Value></HeartRateBpm><Cadence>24</Cadence><Extensions><ext:TPX><ext:Watts>59.4</ext:Watts><ext:Torque>20</ext:Torque></ext:TPX></Extensions></Trackpoint><Trackpoint><Time>2025-09-10T14:40:25.753Z</Time><DistanceMeters>11742.475133521539</DistanceMeters><HeartRateBpm><Value>152</Value></HeartRateBpm><Cadence>28</Cadence><Extensions><ext:TPX><ext:Watts>78.70967741935483</ext:Watts><ext:Torque>20</ext:Torque></ext:TPX></Extensions></Trackpoint><Trackpoint><Time>2025-09-10T14:40:26.873Z</Time><DistanceMeters>11748.23031530883</DistanceMeters><HeartRateBpm><Value>152</Value></HeartRateBpm><Cadence>27</Cadence><Extensions><ext:TPX><ext:Watts>76.21875</ext:Watts><ext:Torque>20</ext:Torque></ext:TPX></Extensions></Trackpoint><Trackpoint><Time>2025-09-10T14:40:28.028Z</Time><DistanceMeters>11753.845155786057</DistanceMeters><HeartRateBpm><Value>153</Value></HeartRateBpm><Cadence>26</Cadence><Extensions><ext:TPX><ext:Watts>71.60606060606061</ext:Watts><ext:Torque>20</ext:Torque></ext:TPX></Extensions></Trackpoint><Trackpoint><Time>2025-09-10T14:40:29.253Z</Time><DistanceMeters>11759.420474598597</DistanceMeters><HeartRateBpm><Value>153</Value></HeartRateBpm><Cadence>24</Cadence><Extensions><ext:TPX><ext:Watts>67.0</ext:Watts><ext:Torque>20</ext:Torque></ext:TPX></Extensions></Trackpoint><Trackpoint><Time>2025-09-10T14:40:30.448Z</Time><DistanceMeters>11764.819527185993</DistanceMeters><HeartRateBpm><Value>154</Value></HeartRateBpm><Cadence>25</Cadence><Extensions><ext:TPX><ext:Watts>66.20588235294117</ext:Watts><ext:Torque>20</ext:Torque></ext:TPX></Extensions></Trackpoint><Trackpoint><Time>2025-09-10T14:40:31.568Z</Time><DistanceMeters>11770.551112491992</DistanceMeters><HeartRateBpm><Value>155</Value></HeartRateBpm><Cadence>27</Cadence><Extensions><ext:TPX><ext:Watts>75.90625</ext:Watts><ext:Torque>20</ext:Torque></ext:TPX></Extensions></Trackpoint><Trackpoint><Time>2025-09-10T14:40:32.758Z</Time><DistanceMeters>11777.139827488694</DistanceMeters><HeartRateBpm><Value>156</Value></HeartRateBpm><Cadence>25</Cadence><Extensions><ext:TPX><ext:Watts>80.79411764705883</ext:Watts><ext:Torque>20</ext:Torque></ext:TPX></Extensions></Trackpoint><Trackpoint><Time>2025-09-10T14:40:34.018Z</Time><DistanceMeters>11782.40184281697</DistanceMeters><HeartRateBpm><Value>157</Value></HeartRateBpm><Cadence>24</Cadence><Extensions><ext:TPX><ext:Watts>61.94444444444444</ext:Watts><ext:Torque>20</ext:Torque></ext:TPX></Extensions></Trackpoint><Trackpoint><Time>2025-09-10T14:40:35.278Z</Time><DistanceMeters>11788.145226363615</DistanceMeters><HeartRateBpm><Value>157</Value></HeartRateBpm><Cadence>24</Cadence><Extensions><ext:TPX><ext:Watts>67.61111111111111</ext:Watts><ext:Torque>20</ext:Torque></ext:TPX></Extensions></Trackpoint><Trackpoint><Time>2025-09-10T14:40:36.538Z</Time><DistanceMeters>11793.572417060937</DistanceMeters><HeartRateBpm><Value>157</Value></HeartRateBpm><Cadence>24</Cadence><Extensions><ext:TPX><ext:Watts>63.888888888888886</ext:Watts><ext:Torque>20</ext:Torque></ext:TPX></Extensions></Trackpoint><Trackpoint><Time>2025-09-10T14:40:37.833Z</Time><DistanceMeters>11799.276565565246</DistanceMeters><HeartRateBpm><Value>157</Value></HeartRateBpm><Cadence>23</Cadence><Extensions><ext:TPX><ext:Watts>64.35135135135135</ext:Watts><ext:Torque>20</ext:Torque></ext:TPX></Extensions></Trackpoint><Trackpoint><Time>2025-09-10T14:40:39.198Z</Time><DistanceMeters>11804.77497473338</DistanceMeters><HeartRateBpm><Value>158</Value></HeartRateBpm><Cadence>22</Cadence><Extensions><ext:TPX><ext:Watts>59.333333333333336</ext:Watts><ext:Torque>20</ext:Torque></ext:TPX></Extensions></Trackpoint><Trackpoint><Time>2025-09-10T14:40:39.898Z</Time><DistanceMeters>11805.21828127867</DistanceMeters><HeartRateBpm><Value>158</Value></HeartRateBpm><Cadence>43</Cadence><Extensions><ext:TPX><ext:Watts>9.35</ext:Watts><ext:Torque>20</ext:Torque></ext:TPX></Extensions></Trackpoint><Trackpoint><Time>2025-09-10T14:40:40.458Z</Time><DistanceMeters>11805.354038230855</DistanceMeters><HeartRateBpm><Value>158</Value></HeartRateBpm><Cadence>54</Cadence><Extensions><ext:TPX><ext:Watts>3.5625</ext:Watts><ext:Torque>20</ext:Torque></ext:TPX></Extensions></Trackpoint><Trackpoint><Time>2025-09-10T14:40:41.653Z</Time><DistanceMeters>11810.410103470405</DistanceMeters><HeartRateBpm><Value>157</Value></HeartRateBpm><Cadence>25</Cadence><Extensions><ext:TPX><ext:Watts>62.0</ext:Watts><ext:Torque>20</ext:Torque></ext:TPX></Extensions></Trackpoint><Trackpoint><Time>2025-09-10T14:40:42.703Z</Time><DistanceMeters>11816.135255630452</DistanceMeters><HeartRateBpm><Value>158</Value></HeartRateBpm><Cadence>28</Cadence><Extensions><ext:TPX><ext:Watts>80.03333333333333</ext:Watts><ext:Torque>20</ext:Torque></ext:TPX></Extensions></Trackpoint><Trackpoint><Time>2025-09-10T14:40:43.788Z</Time><DistanceMeters>11821.750448697554</DistanceMeters><HeartRateBpm><Value>158</Value></HeartRateBpm><Cadence>28</Cadence><Extensions><ext:TPX><ext:Watts>75.74193548387096</ext:Watts><ext:Torque>20</ext:Torque></ext:TPX></Extensions></Trackpoint><Trackpoint><Time>2025-09-10T14:40:44.873Z</Time><DistanceMeters>11827.382382118774</DistanceMeters><HeartRateBpm><Value>158</Value></HeartRateBpm><Cadence>28</Cadence><Extensions><ext:TPX><ext:Watts>75.96774193548387</ext:Watts><ext:Torque>20</ext:Torque></ext:TPX></Extensions></Trackpoint><Trackpoint><Time>2025-09-10T14:40:45.958Z</Time><DistanceMeters>11832.889958623688</DistanceMeters><HeartRateBpm><Value>158</Value></HeartRateBpm><Cadence>28</Cadence><Extensions><ext:TPX><ext:Watts>74.29032258064517</ext:Watts><ext:Torque>20</ext:Torque></ext:TPX></Extensions></Trackpoint><Trackpoint><Time>2025-09-10T14:40:47.113Z</Time><DistanceMeters>11838.464404565106</DistanceMeters><HeartRateBpm><Value>159</Value></HeartRateBpm><Cadence>26</Cadence><Extensions><ext:TPX><ext:Watts>71.0909090909091</ext:Watts><ext:Torque>20</ext:Torque></ext:TPX></Extensions></Trackpoint><Trackpoint><Time>2025-09-10T14:40:48.233Z</Time><DistanceMeters>11844.144077612262</DistanceMeters><HeartRateBpm><Value>159</Value></HeartRateBpm><Cadence>27</Cadence><Extensions><ext:TPX><ext:Watts>75.21875</ext:Watts><ext:Torque>20</ext:Torque></ext:TPX></Extensions></Trackpoint><Trackpoint><Time>2025-09-10T14:40:49.318Z</Time><DistanceMeters>11849.99602711618</DistanceMeters><HeartRateBpm><Value>160</Value></HeartRateBpm><Cadence>28</Cadence><Extensions><ext:TPX><ext:Watts>78.93548387096774</ext:Watts><ext:Torque>20</ext:Torque></ext:TPX></Extensions></Trackpoint><Trackpoint><Time>2025-09-10T14:40:50.473Z</Time><DistanceMeters>11856.043326741461</DistanceMeters><HeartRateBpm><Value>160</Value></HeartRateBpm><Cadence>26</Cadence><Extensions><ext:TPX><ext:Watts>77.12121212121212</ext:Watts><ext:Torque>20</ext:Torque></ext:TPX></Extensions></Trackpoint><Trackpoint><Time>2025-09-10T14:40:51.633Z</Time><DistanceMeters>11861.472827583806</DistanceMeters><HeartRateBpm><Value>160</Value></HeartRateBpm><Cadence>26</Cadence><Extensions><ext:TPX><ext:Watts>69.24242424242425</ext:Watts><ext:Torque>20</ext:Torque></ext:TPX></Extensions></Trackpoint><Trackpoint><Time>2025-09-10T14:40:55.763Z</Time><DistanceMeters>11866.31511350213</DistanceMeters><HeartRateBpm><Value>159</Value></HeartRateBpm><Cadence>8</Cadence><Extensions><ext:TPX><ext:Watts>17.8135593220339</ext:Watts><ext:Torque>54</ext:Torque></ext:TPX></Extensions></Trackpoint><Trackpoint><Time>2025-09-10T14:40:57.933Z</Time><DistanceMeters>11870.626265149513</DistanceMeters><HeartRateBpm><Value>161</Value></HeartRateBpm><Cadence>22</Cadence><Extensions><ext:TPX><ext:Watts>47.578947368421055</ext:Watts><ext:Torque>20</ext:Torque></ext:TPX></Extensions></Trackpoint><Trackpoint><Time>2025-09-10T14:40:59.158Z</Time><DistanceMeters>11876.087462297659</DistanceMeters><HeartRateBpm><Value>162</Value></HeartRateBpm><Cadence>24</Cadence><Extensions><ext:TPX><ext:Watts>65.62857142857143</ext:Watts><ext:Torque>20</ext:Torque></ext:TPX></Extensions></Trackpoint><Trackpoint><Time>2025-09-10T14:41:00.418Z</Time><DistanceMeters>11881.729380974746</DistanceMeters><HeartRateBpm><Value>162</Value></HeartRateBpm><Cadence>24</Cadence><Extensions><ext:TPX><ext:Watts>66.41666666666667</ext:Watts><ext:Torque>20</ext:Torque></ext:TPX></Extensions></Trackpoint><Trackpoint><Time>2025-09-10T14:41:01.713Z</Time><DistanceMeters>11887.6587247581</DistanceMeters><HeartRateBpm><Value>162</Value></HeartRateBpm><Cadence>23</Cadence><Extensions><ext:TPX><ext:Watts>66.89189189189189</ext:Watts><ext:Torque>20</ext:Torque></ext:TPX></Extensions></Trackpoint><Trackpoint><Time>2025-09-10T14:41:02.938Z</Time><DistanceMeters>11893.878355467526</DistanceMeters><HeartRateBpm><Value>162</Value></HeartRateBpm><Cadence>24</Cadence><Extensions><ext:TPX><ext:Watts>74.74285714285715</ext:Watts><ext:Torque>20</ext:Torque></ext:TPX></Extensions></Trackpoint><Trackpoint><Time>2025-09-10T14:41:04.198Z</Time><DistanceMeters>11900.20929139836</DistanceMeters><HeartRateBpm><Value>162</Value></HeartRateBpm><Cadence>24</Cadence><Extensions><ext:TPX><ext:Watts>74.52777777777777</ext:Watts><ext:Torque>20</ext:Torque></ext:TPX></Extensions></Trackpoint><Trackpoint><Time>2025-09-10T14:41:05.494Z</Time><DistanceMeters>11906.399765877626</DistanceMeters><HeartRateBpm><Value>162</Value></HeartRateBpm><Cadence>23</Cadence><Extensions><ext:TPX><ext:Watts>69.83783783783784</ext:Watts><ext:Torque>20</ext:Torque></ext:TPX></Extensions></Trackpoint><Trackpoint><Time>2025-09-10T14:41:06.718Z</Time><DistanceMeters>11912.215215692328</DistanceMeters><HeartRateBpm><Value>162</Value></HeartRateBpm><Cadence>24</Cadence><Extensions><ext:TPX><ext:Watts>69.88571428571429</ext:Watts><ext:Torque>20</ext:Torque></ext:TPX></Extensions></Trackpoint><Trackpoint><Time>2025-09-10T14:41:08.083Z</Time><DistanceMeters>11917.651844982167</DistanceMeters><HeartRateBpm><Value>162</Value></HeartRateBpm><Cadence>22</Cadence><Extensions><ext:TPX><ext:Watts>58.666666666666664</ext:Watts><ext:Torque>20</ext:Torque></ext:TPX></Extensions></Trackpoint><Trackpoint><Time>2025-09-10T14:41:09.378Z</Time><DistanceMeters>11923.382346125512</DistanceMeters><HeartRateBpm><Value>162</Value></HeartRateBpm><Cadence>23</Cadence><Extensions><ext:TPX><ext:Watts>64.64864864864865</ext:Watts><ext:Torque>20</ext:Torque></ext:TPX></Extensions></Trackpoint><Trackpoint><Time>2025-09-10T14:41:10.709Z</Time><DistanceMeters>11928.947737688008</DistanceMeters><HeartRateBpm><Value>162</Value></HeartRateBpm><Cadence>22</Cadence><Extensions><ext:TPX><ext:Watts>61.421052631578945</ext:Watts><ext:Torque>20</ext:Torque></ext:TPX></Extensions></Trackpoint><Trackpoint><Time>2025-09-10T14:41:12.038Z</Time><DistanceMeters>11934.50120681785</DistanceMeters><HeartRateBpm><Value>162</Value></HeartRateBpm><Cadence>22</Cadence><Extensions><ext:TPX><ext:Watts>61.28947368421053</ext:Watts><ext:Torque>20</ext:Torque></ext:TPX></Extensions></Trackpoint><Trackpoint><Time>2025-09-10T14:41:13.368Z</Time><DistanceMeters>11940.026062109324</DistanceMeters><HeartRateBpm><Value>162</Value></HeartRateBpm><Cadence>22</Cadence><Extensions><ext:TPX><ext:Watts>60.973684210526315</ext:Watts><ext:Torque>20</ext:Torque></ext:TPX></Extensions></Trackpoint><Trackpoint><Time>2025-09-10T14:41:14.698Z</Time><DistanceMeters>11945.6367589159</DistanceMeters><HeartRateBpm><Value>162</Value></HeartRateBpm><Cadence>22</Cadence><Extensions><ext:TPX><ext:Watts>61.921052631578945</ext:Watts><ext:Torque>20</ext:Torque></ext:TPX></Extensions></Trackpoint><Trackpoint><Time>2025-09-10T14:41:16.068Z</Time><DistanceMeters>11950.895177018354</DistanceMeters><HeartRateBpm><Value>162</Value></HeartRateBpm><Cadence>22</Cadence><Extensions><ext:TPX><ext:Watts>56.743589743589745</ext:Watts><ext:Torque>20</ext:Torque></ext:TPX></Extensions></Trackpoint><Trackpoint><Time>2025-09-10T14:41:16.594Z</Time><DistanceMeters>11951.052553129375</DistanceMeters><HeartRateBpm><Value>162</Value></HeartRateBpm><Cadence>57</Cadence><Extensions><ext:TPX><ext:Watts>4.4</ext:Watts><ext:Torque>20</ext:Torque></ext:TPX></Extensions></Trackpoint><Trackpoint><Time>2025-09-10T14:41:17.084Z</Time><DistanceMeters>11951.11700965345</DistanceMeters><HeartRateBpm><Value>162</Value></HeartRateBpm><Cadence>61</Cadence><Extensions><ext:TPX><ext:Watts>1.9285714285714286</ext:Watts><ext:Torque>20</ext:Torque></ext:TPX></Extensions></Trackpoint><Trackpoint><Time>2025-09-10T14:41:18.448Z</Time><DistanceMeters>11955.907326370372</DistanceMeters><HeartRateBpm><Value>162</Value></HeartRateBpm><Cadence>22</Cadence><Extensions><ext:TPX><ext:Watts>51.69230769230769</ext:Watts><ext:Torque>20</ext:Torque></ext:TPX></Extensions></Trackpoint><Trackpoint><Time>2025-09-10T14:41:19.744Z</Time><DistanceMeters>11961.326387234189</DistanceMeters><HeartRateBpm><Value>163</Value></HeartRateBpm><Cadence>23</Cadence><Extensions><ext:TPX><ext:Watts>61.13513513513514</ext:Watts><ext:Torque>20</ext:Torque></ext:TPX></Extensions></Trackpoint><Trackpoint><Time>2025-09-10T14:41:20.724Z</Time><DistanceMeters>11965.850280312752</DistanceMeters><HeartRateBpm><Value>163</Value></HeartRateBpm><Cadence>30</Cadence><Extensions><ext:TPX><ext:Watts>67.67857142857143</ext:Watts><ext:Torque>55</ext:Torque></ext:TPX></Extensions></Trackpoint><Trackpoint><Time>2025-09-10T14:41:21.569Z</Time><DistanceMeters>11969.061528775324</DistanceMeters><HeartRateBpm><Value>163</Value></HeartRateBpm><Cadence>36</Cadence><Extensions><ext:TPX><ext:Watts>55.916666666666664</ext:Watts><ext:Torque>20</ext:Torque></ext:TPX></Extensions></Trackpoint><Trackpoint><Time>2025-09-10T14:41:22.479Z</Time><DistanceMeters>11973.438395537512</DistanceMeters><HeartRateBpm><Value>163</Value></HeartRateBpm><Cadence>33</Cadence><Extensions><ext:TPX><ext:Watts>70.84615384615384</ext:Watts><ext:Torque>70</ext:Torque></ext:TPX></Extensions></Trackpoint><Trackpoint><Time>2025-09-10T14:41:23.319Z</Time><DistanceMeters>11976.666394178355</DistanceMeters><HeartRateBpm><Value>163</Value></HeartRateBpm><Cadence>36</Cadence><Extensions><ext:TPX><ext:Watts>56.208333333333336</ext:Watts><ext:Torque>20</ext:Torque></ext:TPX></Extensions></Trackpoint><Trackpoint><Time>2025-09-10T14:41:24.264Z</Time><DistanceMeters>11981.02672428339</DistanceMeters><HeartRateBpm><Value>163</Value></HeartRateBpm><Cadence>32</Cadence><Extensions><ext:TPX><ext:Watts>67.37037037037037</ext:Watts><ext:Torque>20</ext:Torque></ext:TPX></Extensions></Trackpoint><Trackpoint><Time>2025-09-10T14:41:25.104Z</Time><DistanceMeters>11982.31409512755</DistanceMeters><HeartRateBpm><Value>163</Value></HeartRateBpm><Cadence>36</Cadence><Extensions><ext:TPX><ext:Watts>22.416666666666668</ext:Watts><ext:Torque>20</ext:Torque></ext:TPX></Extensions></Trackpoint><Trackpoint><Time>2025-09-10T14:41:26.364Z</Time><DistanceMeters>11986.68652311109</DistanceMeters><HeartRateBpm><Value>163</Value></HeartRateBpm><Cadence>24</Cadence><Extensions><ext:TPX><ext:Watts>51.47222222222222</ext:Watts><ext:Torque>20</ext:Torque></ext:TPX></Extensions></Trackpoint><Trackpoint><Time>2025-09-10T14:41:27.659Z</Time><DistanceMeters>11993.049487591326</DistanceMeters><HeartRateBpm><Value>163</Value></HeartRateBpm><Cadence>23</Cadence><Extensions><ext:TPX><ext:Watts>71.78378378378379</ext:Watts><ext:Torque>20</ext:Torque></ext:TPX></Extensions></Trackpoint><Trackpoint><Time>2025-09-10T14:41:29.059Z</Time><DistanceMeters>11998.736612736528</DistanceMeters><HeartRateBpm><Value>163</Value></HeartRateBpm><Cadence>22</Cadence><Extensions><ext:TPX><ext:Watts>59.975</ext:Watts><ext:Torque>20</ext:Torque></ext:TPX></Extensions></Trackpoint><Trackpoint><Time>2025-09-10T14:41:30.494Z</Time><DistanceMeters>12004.296371261154</DistanceMeters><HeartRateBpm><Value>163</Value></HeartRateBpm><Cadence>21</Cadence><Extensions><ext:TPX><ext:Watts>57.26829268292683</ext:Watts><ext:Torque>20</ext:Torque></ext:TPX></Extensions></Trackpoint><Trackpoint><Time>2025-09-10T14:41:31.054Z</Time><DistanceMeters>12004.491670736228</DistanceMeters><HeartRateBpm><Value>163</Value></HeartRateBpm><Cadence>54</Cadence><Extensions><ext:TPX><ext:Watts>5.125</ext:Watts><ext:Torque>20</ext:Torque></ext:TPX></Extensions></Trackpoint><Trackpoint><Time>2025-09-10T14:41:31.544Z</Time><DistanceMeters>12004.565676374981</DistanceMeters><HeartRateBpm><Value>163</Value></HeartRateBpm><Cadence>61</Cadence><Extensions><ext:TPX><ext:Watts>2.2142857142857144</ext:Watts><ext:Torque>20</ext:Torque></ext:TPX></Extensions></Trackpoint><Trackpoint><Time>2025-09-10T14:41:32.004Z</Time><DistanceMeters>12004.601866954574</DistanceMeters><HeartRateBpm><Value>163</Value></HeartRateBpm><Cadence>65</Cadence><Extensions><ext:TPX><ext:Watts>1.1538461538461537</ext:Watts><ext:Torque>20</ext:Torque></ext:TPX></Extensions></Trackpoint></Track></Lap></Activity></Activities></TrainingCenterDatabase>