<?xml version='1.0' encoding='utf-8'?>
<TrainingCenterDatabase xmlns:ext="http://www.garmin.com/xmlschemas/ActivityExtension/v2" xmlns:xsi="http://www.w3.org/2001/XMLSchema-instance" xsi:schemaLocation="http://www.garmin.com/xmlschemas/TrainingCenterDatabase/v2 http://www.garmin.com/xmlschemas/TrainingCenterDatabasev2.xsd"><Activities><Activity Sport="Other"><Id>2025-08-28T12:33:31.426Z</Id><Notes>SkiErg Intervalltraining</Notes><Lap StartTime="2025-08-28T12:33:31.426Z"><TotalTimeSeconds>2928</TotalTimeSeconds><DistanceMeters>0</DistanceMeters><Calories>0</Calories><Intensity>Active</Intensity><TriggerMethod>Manual</TriggerMethod><Track><Trackpoint><Time>2025-08-28T12:33:31.426Z</Time><DistanceMeters>0.47212833306507856</DistanceMeters><HeartRateBpm><Value>65</Value></HeartRateBpm><Cadence>28</Cadence><Extensions><ext:TPX><ext:Watts>6.6</ext:Watts><ext:Torque>20</ext:Torque></ext:TPX></Extensions></Trackpoint><Trackpoint><Time>2025-08-28T12:33:36.571Z</Time><DistanceMeters>0.6492016462024827</DistanceMeters><HeartRateBpm><Value>63</Value></HeartRateBpm><Cadence>36</Cadence><Extensions><ext:TPX><ext:Watts>3.0833333333333335</ext:Watts><ext:Torque>44</ext:Torque></ext:TPX></Extensions></Trackpoint><Trackpoint><Time>2025-08-28T12:33:38.251Z</Time><DistanceMeters>2.661981500470614</DistanceMeters><HeartRateBpm><Value>64</Value></HeartRateBpm><Cadence>18</Cadence><Extensions><ext:TPX><ext:Watts>17.770833333333332</ext:Watts><ext:Torque>45</ext:Torque></ext:TPX></Extensions></Trackpoint><Trackpoint><Time>2025-08-28T12:33:39.406Z</Time><DistanceMeters>6.630150606254399</DistanceMeters><HeartRateBpm><Value>65</Value></HeartRateBpm><Cadence>26</Cadence><Extensions><ext:TPX><ext:Watts>50.60606060606061</ext:Watts><ext:Torque>51</ext:Torque></ext:TPX></Extensions></Trackpoint><Trackpoint><Time>2025-08-28T12:33:40.526Z</Time><DistanceMeters>10.622675240980868</DistanceMeters><HeartRateBpm><Value>66</Value></HeartRateBpm><Cadence>27</Cadence><Extensions><ext:TPX><ext:Watts>52.875</ext:Watts><ext:Torque>20</ext:Torque></ext:TPX></Extensions></Trackpoint><Trackpoint><Time>2025-08-28T12:33:41.681Z</Time><DistanceMeters>14.538569065131572</DistanceMeters><HeartRateBpm><Value>67</Value></HeartRateBpm><Cadence>26</Cadence><Extensions><ext:TPX><ext:Watts>49.93939393939394</ext:Watts><ext:Torque>20</ext:Torque></ext:TPX></Extensions></Trackpoint><Trackpoint><Time>2025-08-28T12:33:42.836Z</Time><DistanceMeters>18.613664883346658</DistanceMeters><HeartRateBpm><Value>68</Value></HeartRateBpm><Cadence>26</Cadence><Extensions><ext:TPX><ext:Watts>51.96969696969697</ext:Watts><ext:Torque>20</ext:Torque></ext:TPX></Extensions></Trackpoint><Trackpoint><Time>2025-08-28T12:33:43.816Z</Time><DistanceMeters>22.571772917255565</DistanceMeters><HeartRateBpm><Value>69</Value></HeartRateBpm><Cadence>30</Cadence><Extensions><ext:TPX><ext:Watts>59.214285714285715</ext:Watts><ext:Torque>70</ext:Torque></ext:TPX></Extensions></Trackpoint><Trackpoint><Time>2025-08-28T12:33:44.446Z</Time><DistanceMeters>23.046285736851274</DistanceMeters><HeartRateBpm><Value>70</Value></HeartRateBpm><Cadence>48</Cadence><Extensions><ext:TPX><ext:Watts>11.055555555555555</ext:Watts><ext:Torque>80</ext:Torque></ext:TPX></Extensions></Trackpoint><Trackpoint><Time>2025-08-28T12:33:53.652Z</Time><DistanceMeters>23.779762016040934</DistanceMeters><HeartRateBpm><Value>73</Value></HeartRateBpm><Cadence>15</Cadence><Extensions><ext:TPX><ext:Watts>5.396551724137931</ext:Watts><ext:Torque>71</ext:Torque></ext:TPX></Extensions></Trackpoint><Trackpoint><Time>2025-08-28T12:33:54.737Z</Time><DistanceMeters>27.522426901055628</DistanceMeters><HeartRateBpm><Value>73</Value></HeartRateBpm><Cadence>28</Cadence><Extensions><ext:TPX><ext:Watts>50.483870967741936</ext:Watts><ext:Torque>20</ext:Torque></ext:TPX></Extensions></Trackpoint><Trackpoint><Time>2025-08-28T12:33:55.822Z</Time><DistanceMeters>31.896442284245325</DistanceMeters><HeartRateBpm><Value>73</Value></HeartRateBpm><Cadence>28</Cadence><Extensions><ext:TPX><ext:Watts>59.0</ext:Watts><ext:Torque>20</ext:Torque></ext:TPX></Extensions></Trackpoint><Trackpoint><Time>2025-08-28T12:33:56.907Z</Time><DistanceMeters>36.131751876169304</DistanceMeters><HeartRateBpm><Value>73</Value></HeartRateBpm><Cadence>28</Cadence><Extensions><ext:TPX><ext:Watts>57.12903225806452</ext:Watts><ext:Torque>20</ext:Torque></ext:TPX></Extensions></Trackpoint><Trackpoint><Time>2025-08-28T12:33:58.026Z</Time><DistanceMeters>40.36732026821068</DistanceMeters><HeartRateBpm><Value>73</Value></HeartRateBpm><Cadence>27</Cadence><Extensions><ext:TPX><ext:Watts>56.09375</ext:Watts><ext:Torque>20</ext:Torque></ext:TPX></Extensions></Trackpoint><Trackpoint><Time>2025-08-28T12:33:59.077Z</Time><DistanceMeters>44.3613352070188</DistanceMeters><HeartRateBpm><Value>73</Value></HeartRateBpm><Cadence>28</Cadence><Extensions><ext:TPX><ext:Watts>55.833333333333336</ext:Watts><ext:Torque>20</ext:Torque></ext:TPX></Extensions></Trackpoint><Trackpoint><Time>2025-08-28T12:33:59.497Z</Time><DistanceMeters>44.42786738364272</DistanceMeters><HeartRateBpm><Value>72</Value></HeartRateBpm><Cadence>72</Cadence><Extensions><ext:TPX><ext:Watts>2.3333333333333335</ext:Watts><ext:Torque>46</ext:Torque></ext:TPX></Extensions></Trackpoint><Trackpoint><Time>2025-08-28T12:34:01.912Z</Time><DistanceMeters>47.90083042562646</DistanceMeters><HeartRateBpm><Value>72</Value></HeartRateBpm><Cadence>20</Cadence><Extensions><ext:TPX><ext:Watts>34.06976744186046</ext:Watts><ext:Torque>20</ext:Torque></ext:TPX></Extensions></Trackpoint><Trackpoint><Time>2025-08-28T12:34:02.962Z</Time><DistanceMeters>51.8519246068832</DistanceMeters><HeartRateBpm><Value>73</Value></HeartRateBpm><Cadence>28</Cadence><Extensions><ext:TPX><ext:Watts>55.233333333333334</ext:Watts><ext:Torque>20</ext:Torque></ext:TPX></Extensions></Trackpoint><Trackpoint><Time>2025-08-28T12:34:04.047Z</Time><DistanceMeters>55.867218116109825</DistanceMeters><HeartRateBpm><Value>74</Value></HeartRateBpm><Cadence>28</Cadence><Extensions><ext:TPX><ext:Watts>54.16129032258065</ext:Watts><ext:Torque>20</ext:Torque></ext:TPX></Extensions></Trackpoint><Trackpoint><Time>2025-08-28T12:34:05.097Z</Time><DistanceMeters>60.092528248389215</DistanceMeters><HeartRateBpm><Value>74</Value></HeartRateBpm><Cadence>28</Cadence><Extensions><ext:TPX><ext:Watts>59.06666666666667</ext:Watts><ext:Torque>20</ext:Torque></ext:TPX></Extensions></Trackpoint><Trackpoint><Time>2025-08-28T12:34:06.182Z</Time><DistanceMeters>64.32544636115344</DistanceMeters><HeartRateBpm><Value>76</Value></HeartRateBpm><Cadence>28</Cadence><Extensions><ext:TPX><ext:Watts>57.096774193548384</ext:Watts><ext:Torque>20</ext:Torque></ext:TPX></Extensions></Trackpoint><Trackpoint><Time>2025-08-28T12:34:07.197Z</Time><DistanceMeters>68.43151544344224</DistanceMeters><HeartRateBpm><Value>77</Value></HeartRateBpm><Cadence>30</Cadence><Extensions><ext:TPX><ext:Watts>59.41379310344828</ext:Watts><ext:Torque>20</ext:Torque></ext:TPX></Extensions></Trackpoint><Trackpoint><Time>2025-08-28T12:34:08.317Z</Time><DistanceMeters>72.60809263225184</DistanceMeters><HeartRateBpm><Value>78</Value></HeartRateBpm><Cadence>27</Cadence><Extensions><ext:TPX><ext:Watts>55.3125</ext:Watts><ext:Torque>20</ext:Torque></ext:TPX></Extensions></Trackpoint><Trackpoint><Time>2025-08-28T12:34:09.402Z</Time><DistanceMeters>76.84340222417582</DistanceMeters><HeartRateBpm><Value>80</Value></HeartRateBpm><Cadence>28</Cadence><Extensions><ext:TPX><ext:Watts>57.12903225806452</ext:Watts><ext:Torque>20</ext:Torque></ext:TPX></Extensions></Trackpoint><Trackpoint><Time>2025-08-28T12:34:10.487Z</Time><DistanceMeters>81.13371583677413</DistanceMeters><HeartRateBpm><Value>81</Value></HeartRateBpm><Cadence>28</Cadence><Extensions><ext:TPX><ext:Watts>57.87096774193548</ext:Watts><ext:Torque>20</ext:Torque></ext:TPX></Extensions></Trackpoint><Trackpoint><Time>2025-08-28T12:34:11.607Z</Time><DistanceMeters>85.24186322983488</DistanceMeters><HeartRateBpm><Value>82</Value></HeartRateBpm><Cadence>27</Cadence><Extensions><ext:TPX><ext:Watts>54.40625</ext:Watts><ext:Torque>20</ext:Torque></ext:TPX></Extensions></Trackpoint><Trackpoint><Time>2025-08-28T12:34:12.692Z</Time><DistanceMeters>89.59674677974654</DistanceMeters><HeartRateBpm><Value>83</Value></HeartRateBpm><Cadence>28</Cadence><Extensions><ext:TPX><ext:Watts>58.74193548387097</ext:Watts><ext:Torque>20</ext:Torque></ext:TPX></Extensions></Trackpoint><Trackpoint><Time>2025-08-28T12:34:13.777Z</Time><DistanceMeters>93.81053305923272</DistanceMeters><HeartRateBpm><Value>84</Value></HeartRateBpm><Cadence>28</Cadence><Extensions><ext:TPX><ext:Watts>56.83870967741935</ext:Watts><ext:Torque>20</ext:Torque></ext:TPX></Extensions></Trackpoint><Trackpoint><Time>2025-08-28T12:34:14.862Z</Time><DistanceMeters>98.04823413031646</DistanceMeters><HeartRateBpm><Value>85</Value></HeartRateBpm><Cadence>28</Cadence><Extensions><ext:TPX><ext:Watts>57.16129032258065</ext:Watts><ext:Torque>20</ext:Torque></ext:TPX></Extensions></Trackpoint><Trackpoint><Time>2025-08-28T12:34:15.982Z</Time><DistanceMeters>102.03132017252584</DistanceMeters><HeartRateBpm><Value>87</Value></HeartRateBpm><Cadence>27</Cadence><Extensions><ext:TPX><ext:Watts>52.75</ext:Watts><ext:Torque>20</ext:Torque></ext:TPX></Extensions></Trackpoint><Trackpoint><Time>2025-08-28T12:34:17.102Z</Time><DistanceMeters>106.21025700946471</DistanceMeters><HeartRateBpm><Value>87</Value></HeartRateBpm><Cadence>27</Cadence><Extensions><ext:TPX><ext:Watts>55.34375</ext:Watts><ext:Torque>20</ext:Torque></ext:TPX></Extensions></Trackpoint><Trackpoint><Time>2025-08-28T12:34:18.152Z</Time><DistanceMeters>110.16612016378272</DistanceMeters><HeartRateBpm><Value>88</Value></HeartRateBpm><Cadence>28</Cadence><Extensions><ext:TPX><ext:Watts>55.3</ext:Watts><ext:Torque>20</ext:Torque></ext:TPX></Extensions></Trackpoint><Trackpoint><Time>2025-08-28T12:34:19.207Z</Time><DistanceMeters>114.0742935874881</DistanceMeters><HeartRateBpm><Value>89</Value></HeartRateBpm><Cadence>28</Cadence><Extensions><ext:TPX><ext:Watts>54.63333333333333</ext:Watts><ext:Torque>20</ext:Torque></ext:TPX></Extensions></Trackpoint><Trackpoint><Time>2025-08-28T12:34:20.257Z</Time><DistanceMeters>118.03969468792863</DistanceMeters><HeartRateBpm><Value>90</Value></HeartRateBpm><Cadence>28</Cadence><Extensions><ext:TPX><ext:Watts>55.43333333333333</ext:Watts><ext:Torque>20</ext:Torque></ext:TPX></Extensions></Trackpoint><Trackpoint><Time>2025-08-28T12:34:21.342Z</Time><DistanceMeters>122.17934511346246</DistanceMeters><HeartRateBpm><Value>91</Value></HeartRateBpm><Cadence>28</Cadence><Extensions><ext:TPX><ext:Watts>55.83870967741935</ext:Watts><ext:Torque>20</ext:Torque></ext:TPX></Extensions></Trackpoint><Trackpoint><Time>2025-08-28T12:34:22.357Z</Time><DistanceMeters>126.14242862120841</DistanceMeters><HeartRateBpm><Value>92</Value></HeartRateBpm><Cadence>30</Cadence><Extensions><ext:TPX><ext:Watts>57.3448275862069</ext:Watts><ext:Torque>20</ext:Torque></ext:TPX></Extensions></Trackpoint><Trackpoint><Time>2025-08-28T12:34:23.442Z</Time><DistanceMeters>130.20555171363011</DistanceMeters><HeartRateBpm><Value>92</Value></HeartRateBpm><Cadence>28</Cadence><Extensions><ext:TPX><ext:Watts>54.806451612903224</ext:Watts><ext:Torque>20</ext:Torque></ext:TPX></Extensions></Trackpoint><Trackpoint><Time>2025-08-28T12:34:24.492Z</Time><DistanceMeters>134.28540816754096</DistanceMeters><HeartRateBpm><Value>94</Value></HeartRateBpm><Cadence>28</Cadence><Extensions><ext:TPX><ext:Watts>57.03333333333333</ext:Watts><ext:Torque>20</ext:Torque></ext:TPX></Extensions></Trackpoint><Trackpoint><Time>2025-08-28T12:34:25.577Z</Time><DistanceMeters>138.2122169478567</DistanceMeters><HeartRateBpm><Value>95</Value></HeartRateBpm><Cadence>28</Cadence><Extensions><ext:TPX><ext:Watts>52.96774193548387</ext:Watts><ext:Torque>20</ext:Torque></ext:TPX></Extensions></Trackpoint><Trackpoint><Time>2025-08-28T12:34:26.627Z</Time><DistanceMeters>142.18954048095037</DistanceMeters><HeartRateBpm><Value>95</Value></HeartRateBpm><Cadence>28</Cadence><Extensions><ext:TPX><ext:Watts>55.6</ext:Watts><ext:Torque>20</ext:Torque></ext:TPX></Extensions></Trackpoint><Trackpoint><Time>2025-08-28T12:34:27.677Z</Time><DistanceMeters>146.30277974629007</DistanceMeters><HeartRateBpm><Value>97</Value></HeartRateBpm><Cadence>28</Cadence><Extensions><ext:TPX><ext:Watts>57.5</ext:Watts><ext:Torque>20</ext:Torque></ext:TPX></Extensions></Trackpoint><Trackpoint><Time>2025-08-28T12:34:28.727Z</Time><DistanceMeters>150.37548274060904</DistanceMeters><HeartRateBpm><Value>98</Value></HeartRateBpm><Cadence>28</Cadence><Extensions><ext:TPX><ext:Watts>56.93333333333333</ext:Watts><ext:Torque>20</ext:Torque></ext:TPX></Extensions></Trackpoint><Trackpoint><Time>2025-08-28T12:34:29.812Z</Time><DistanceMeters>154.55100535353918</DistanceMeters><HeartRateBpm><Value>99</Value></HeartRateBpm><Cadence>28</Cadence><Extensions><ext:TPX><ext:Watts>56.32258064516129</ext:Watts><ext:Torque>20</ext:Torque></ext:TPX></Extensions></Trackpoint><Trackpoint><Time>2025-08-28T12:34:30.827Z</Time><DistanceMeters>158.63086041382846</DistanceMeters><HeartRateBpm><Value>100</Value></HeartRateBpm><Cadence>30</Cadence><Extensions><ext:TPX><ext:Watts>59.03448275862069</ext:Watts><ext:Torque>20</ext:Torque></ext:TPX></Extensions></Trackpoint><Trackpoint><Time>2025-08-28T12:34:31.912Z</Time><DistanceMeters>162.80877450591834</DistanceMeters><HeartRateBpm><Value>101</Value></HeartRateBpm><Cadence>28</Cadence><Extensions><ext:TPX><ext:Watts>56.354838709677416</ext:Watts><ext:Torque>20</ext:Torque></ext:TPX></Extensions></Trackpoint><Trackpoint><Time>2025-08-28T12:34:32.962Z</Time><DistanceMeters>167.03170015166708</DistanceMeters><HeartRateBpm><Value>102</Value></HeartRateBpm><Cadence>28</Cadence><Extensions><ext:TPX><ext:Watts>59.03333333333333</ext:Watts><ext:Torque>20</ext:Torque></ext:TPX></Extensions></Trackpoint><Trackpoint><Time>2025-08-28T12:34:33.977Z</Time><DistanceMeters>170.98763438068588</DistanceMeters><HeartRateBpm><Value>103</Value></HeartRateBpm><Cadence>30</Cadence><Extensions><ext:TPX><ext:Watts>57.241379310344826</ext:Watts><ext:Torque>20</ext:Torque></ext:TPX></Extensions></Trackpoint><Trackpoint><Time>2025-08-28T12:34:35.027Z</Time><DistanceMeters>174.86480947949303</DistanceMeters><HeartRateBpm><Value>104</Value></HeartRateBpm><Cadence>28</Cadence><Extensions><ext:TPX><ext:Watts>54.2</ext:Watts><ext:Torque>20</ext:Torque></ext:TPX></Extensions></Trackpoint><Trackpoint><Time>2025-08-28T12:34:36.042Z</Time><DistanceMeters>178.81597752269374</DistanceMeters><HeartRateBpm><Value>104</Value></HeartRateBpm><Cadence>30</Cadence><Extensions><ext:TPX><ext:Watts>57.172413793103445</ext:Watts><ext:Torque>20</ext:Torque></ext:TPX></Extensions></Trackpoint><Trackpoint><Time>2025-08-28T12:34:37.057Z</Time><DistanceMeters>182.64799092044208</DistanceMeters><HeartRateBpm><Value>105</Value></HeartRateBpm><Cadence>30</Cadence><Extensions><ext:TPX><ext:Watts>55.44827586206897</ext:Watts><ext:Torque>20</ext:Torque></ext:TPX></Extensions></Trackpoint><Trackpoint><Time>2025-08-28T12:34:38.073Z</Time><DistanceMeters>186.60630824236995</DistanceMeters><HeartRateBpm><Value>105</Value></HeartRateBpm><Cadence>30</Cadence><Extensions><ext:TPX><ext:Watts>57.275862068965516</ext:Watts><ext:Torque>20</ext:Torque></ext:TPX></Extensions></Trackpoint><Trackpoint><Time>2025-08-28T12:34:39.123Z</Time><DistanceMeters>190.60509215423932</DistanceMeters><HeartRateBpm><Value>105</Value></HeartRateBpm><Cadence>28</Cadence><Extensions><ext:TPX><ext:Watts>55.9</ext:Watts><ext:Torque>20</ext:Torque></ext:TPX></Extensions></Trackpoint><Trackpoint><Time>2025-08-28T12:34:40.107Z</Time><DistanceMeters>194.56797474548708</DistanceMeters><HeartRateBpm><Value>106</Value></HeartRateBpm><Cadence>30</Cadence><Extensions><ext:TPX><ext:Watts>59.285714285714285</ext:Watts><ext:Torque>20</ext:Torque></ext:TPX></Extensions></Trackpoint><Trackpoint><Time>2025-08-28T12:34:41.158Z</Time><DistanceMeters>198.59775698225468</DistanceMeters><HeartRateBpm><Value>106</Value></HeartRateBpm><Cadence>28</Cadence><Extensions><ext:TPX><ext:Watts>56.333333333333336</ext:Watts><ext:Torque>20</ext:Torque></ext:TPX></Extensions></Trackpoint><Trackpoint><Time>2025-08-28T12:34:42.208Z</Time><DistanceMeters>202.55362013657268</DistanceMeters><HeartRateBpm><Value>106</Value></HeartRateBpm><Cadence>28</Cadence><Extensions><ext:TPX><ext:Watts>55.3</ext:Watts><ext:Torque>20</ext:Torque></ext:TPX></Extensions></Trackpoint><Trackpoint><Time>2025-08-28T12:34:43.223Z</Time><DistanceMeters>206.60249498904432</DistanceMeters><HeartRateBpm><Value>106</Value></HeartRateBpm><Cadence>30</Cadence><Extensions><ext:TPX><ext:Watts>58.58620689655172</ext:Watts><ext:Torque>20</ext:Torque></ext:TPX></Extensions></Trackpoint><Trackpoint><Time>2025-08-28T12:34:44.273Z</Time><DistanceMeters>210.54166673764792</DistanceMeters><HeartRateBpm><Value>107</Value></HeartRateBpm><Cadence>28</Cadence><Extensions><ext:TPX><ext:Watts>55.06666666666667</ext:Watts><ext:Torque>20</ext:Torque></ext:TPX></Extensions></Trackpoint><Trackpoint><Time>2025-08-28T12:34:45.287Z</Time><DistanceMeters>214.60960633339195</DistanceMeters><HeartRateBpm><Value>107</Value></HeartRateBpm><Cadence>30</Cadence><Extensions><ext:TPX><ext:Watts>58.86206896551724</ext:Watts><ext:Torque>20</ext:Torque></ext:TPX></Extensions></Trackpoint><Trackpoint><Time>2025-08-28T12:34:46.337Z</Time><DistanceMeters>218.629850624037</DistanceMeters><HeartRateBpm><Value>108</Value></HeartRateBpm><Cadence>28</Cadence><Extensions><ext:TPX><ext:Watts>56.2</ext:Watts><ext:Torque>20</ext:Torque></ext:TPX></Extensions></Trackpoint><Trackpoint><Time>2025-08-28T12:34:47.423Z</Time><DistanceMeters>222.6834077998197</DistanceMeters><HeartRateBpm><Value>108</Value></HeartRateBpm><Cadence>28</Cadence><Extensions><ext:TPX><ext:Watts>54.67741935483871</ext:Watts><ext:Torque>20</ext:Torque></ext:TPX></Extensions></Trackpoint><Trackpoint><Time>2025-08-28T12:34:48.473Z</Time><DistanceMeters>226.31498078597178</DistanceMeters><HeartRateBpm><Value>109</Value></HeartRateBpm><Cadence>28</Cadence><Extensions><ext:TPX><ext:Watts>50.766666666666666</ext:Watts><ext:Torque>20</ext:Torque></ext:TPX></Extensions></Trackpoint><Trackpoint><Time>2025-08-28T12:34:49.488Z</Time><DistanceMeters>230.2661488291725</DistanceMeters><HeartRateBpm><Value>109</Value></HeartRateBpm><Cadence>30</Cadence><Extensions><ext:TPX><ext:Watts>57.172413793103445</ext:Watts><ext:Torque>20</ext:Torque></ext:TPX></Extensions></Trackpoint><Trackpoint><Time>2025-08-28T12:34:50.538Z</Time><DistanceMeters>234.31500695818514</DistanceMeters><HeartRateBpm><Value>109</Value></HeartRateBpm><Cadence>28</Cadence><Extensions><ext:TPX><ext:Watts>56.6</ext:Watts><ext:Torque>20</ext:Torque></ext:TPX></Extensions></Trackpoint><Trackpoint><Time>2025-08-28T12:34:51.588Z</Time><DistanceMeters>238.36624957372842</DistanceMeters><HeartRateBpm><Value>109</Value></HeartRateBpm><Cadence>28</Cadence><Extensions><ext:TPX><ext:Watts>56.63333333333333</ext:Watts><ext:Torque>20</ext:Torque></ext:TPX></Extensions></Trackpoint><Trackpoint><Time>2025-08-28T12:34:52.638Z</Time><DistanceMeters>242.23388672641306</DistanceMeters><HeartRateBpm><Value>109</Value></HeartRateBpm><Cadence>28</Cadence><Extensions><ext:TPX><ext:Watts>54.06666666666667</ext:Watts><ext:Torque>20</ext:Torque></ext:TPX></Extensions></Trackpoint><Trackpoint><Time>2025-08-28T12:34:53.653Z</Time><DistanceMeters>246.36616983070138</DistanceMeters><HeartRateBpm><Value>109</Value></HeartRateBpm><Cadence>30</Cadence><Extensions><ext:TPX><ext:Watts>59.793103448275865</ext:Watts><ext:Torque>20</ext:Torque></ext:TPX></Extensions></Trackpoint><Trackpoint><Time>2025-08-28T12:34:54.738Z</Time><DistanceMeters>250.59669646430584</DistanceMeters><HeartRateBpm><Value>109</Value></HeartRateBpm><Cadence>28</Cadence><Extensions><ext:TPX><ext:Watts>57.064516129032256</ext:Watts><ext:Torque>20</ext:Torque></ext:TPX></Extensions></Trackpoint><Trackpoint><Time>2025-08-28T12:34:55.788Z</Time><DistanceMeters>254.53109923984815</DistanceMeters><HeartRateBpm><Value>108</Value></HeartRateBpm><Cadence>28</Cadence><Extensions><ext:TPX><ext:Watts>55.0</ext:Watts><ext:Torque>20</ext:Torque></ext:TPX></Extensions></Trackpoint><Trackpoint><Time>2025-08-28T12:34:56.803Z</Time><DistanceMeters>258.5942726497741</DistanceMeters><HeartRateBpm><Value>108</Value></HeartRateBpm><Cadence>30</Cadence><Extensions><ext:TPX><ext:Watts>58.793103448275865</ext:Watts><ext:Torque>20</ext:Torque></ext:TPX></Extensions></Trackpoint><Trackpoint><Time>2025-08-28T12:34:57.818Z</Time><DistanceMeters>262.5764209007924</DistanceMeters><HeartRateBpm><Value>108</Value></HeartRateBpm><Cadence>30</Cadence><Extensions><ext:TPX><ext:Watts>57.62068965517241</ext:Watts><ext:Torque>20</ext:Torque></ext:TPX></Extensions></Trackpoint><Trackpoint><Time>2025-08-28T12:34:58.868Z</Time><DistanceMeters>266.5513599473555</DistanceMeters><HeartRateBpm><Value>109</Value></HeartRateBpm><Cadence>28</Cadence><Extensions><ext:TPX><ext:Watts>55.56666666666667</ext:Watts><ext:Torque>20</ext:Torque></ext:TPX></Extensions></Trackpoint><Trackpoint><Time>2025-08-28T12:34:59.883Z</Time><DistanceMeters>270.56925459200954</DistanceMeters><HeartRateBpm><Value>109</Value></HeartRateBpm><Cadence>30</Cadence><Extensions><ext:TPX><ext:Watts>58.13793103448276</ext:Watts><ext:Torque>20</ext:Torque></ext:TPX></Extensions></Trackpoint><Trackpoint><Time>2025-08-28T12:35:00.933Z</Time><DistanceMeters>274.4726590426537</DistanceMeters><HeartRateBpm><Value>110</Value></HeartRateBpm><Cadence>28</Cadence><Extensions><ext:TPX><ext:Watts>54.56666666666667</ext:Watts><ext:Torque>20</ext:Torque></ext:TPX></Extensions></Trackpoint><Trackpoint><Time>2025-08-28T12:35:01.948Z</Time><DistanceMeters>278.5787281249425</DistanceMeters><HeartRateBpm><Value>110</Value></HeartRateBpm><Cadence>30</Cadence><Extensions><ext:TPX><ext:Watts>59.41379310344828</ext:Watts><ext:Torque>20</ext:Torque></ext:TPX></Extensions></Trackpoint><Trackpoint><Time>2025-08-28T12:35:02.963Z</Time><DistanceMeters>282.7419914370484</DistanceMeters><HeartRateBpm><Value>111</Value></HeartRateBpm><Cadence>30</Cadence><Extensions><ext:TPX><ext:Watts>60.241379310344826</ext:Watts><ext:Torque>20</ext:Torque></ext:TPX></Extensions></Trackpoint><Trackpoint><Time>2025-08-28T12:35:03.978Z</Time><DistanceMeters>286.686010201522</DistanceMeters><HeartRateBpm><Value>112</Value></HeartRateBpm><Cadence>30</Cadence><Extensions><ext:TPX><ext:Watts>57.06896551724138</ext:Watts><ext:Torque>20</ext:Torque></ext:TPX></Extensions></Trackpoint><Trackpoint><Time>2025-08-28T12:35:05.028Z</Time><DistanceMeters>290.777789088086</DistanceMeters><HeartRateBpm><Value>112</Value></HeartRateBpm><Cadence>28</Cadence><Extensions><ext:TPX><ext:Watts>57.2</ext:Watts><ext:Torque>20</ext:Torque></ext:TPX></Extensions></Trackpoint><Trackpoint><Time>2025-08-28T12:35:06.078Z</Time><DistanceMeters>294.6191968889337</DistanceMeters><HeartRateBpm><Value>113</Value></HeartRateBpm><Cadence>28</Cadence><Extensions><ext:TPX><ext:Watts>53.7</ext:Watts><ext:Torque>20</ext:Torque></ext:TPX></Extensions></Trackpoint><Trackpoint><Time>2025-08-28T12:35:07.093Z</Time><DistanceMeters>298.5107876094082</DistanceMeters><HeartRateBpm><Value>113</Value></HeartRateBpm><Cadence>30</Cadence><Extensions><ext:TPX><ext:Watts>56.310344827586206</ext:Watts><ext:Torque>20</ext:Torque></ext:TPX></Extensions></Trackpoint><Trackpoint><Time>2025-08-28T12:35:08.108Z</Time><DistanceMeters>302.48102039588133</DistanceMeters><HeartRateBpm><Value>114</Value></HeartRateBpm><Cadence>30</Cadence><Extensions><ext:TPX><ext:Watts>57.44827586206897</ext:Watts><ext:Torque>20</ext:Torque></ext:TPX></Extensions></Trackpoint><Trackpoint><Time>2025-08-28T12:35:09.158Z</Time><DistanceMeters>306.4726508481588</DistanceMeters><HeartRateBpm><Value>114</Value></HeartRateBpm><Cadence>28</Cadence><Extensions><ext:TPX><ext:Watts>55.8</ext:Watts><ext:Torque>20</ext:Torque></ext:TPX></Extensions></Trackpoint><Trackpoint><Time>2025-08-28T12:35:10.208Z</Time><DistanceMeters>310.5787366539066</DistanceMeters><HeartRateBpm><Value>115</Value></HeartRateBpm><Cadence>28</Cadence><Extensions><ext:TPX><ext:Watts>57.4</ext:Watts><ext:Torque>20</ext:Torque></ext:TPX></Extensions></Trackpoint><Trackpoint><Time>2025-08-28T12:35:11.258Z</Time><DistanceMeters>314.6252102963886</DistanceMeters><HeartRateBpm><Value>115</Value></HeartRateBpm><Cadence>28</Cadence><Extensions><ext:TPX><ext:Watts>56.56666666666667</ext:Watts><ext:Torque>20</ext:Torque></ext:TPX></Extensions></Trackpoint><Trackpoint><Time>2025-08-28T12:35:12.308Z</Time><DistanceMeters>318.6716839388706</DistanceMeters><HeartRateBpm><Value>116</Value></HeartRateBpm><Cadence>28</Cadence><Extensions><ext:TPX><ext:Watts>56.56666666666667</ext:Watts><ext:Torque>20</ext:Torque></ext:TPX></Extensions></Trackpoint><Trackpoint><Time>2025-08-28T12:35:13.358Z</Time><DistanceMeters>322.6490074719643</DistanceMeters><HeartRateBpm><Value>117</Value></HeartRateBpm><Cadence>28</Cadence><Extensions><ext:TPX><ext:Watts>55.6</ext:Watts><ext:Torque>20</ext:Torque></ext:TPX></Extensions></Trackpoint><Trackpoint><Time>2025-08-28T12:35:14.443Z</Time><DistanceMeters>326.56385885648126</DistanceMeters><HeartRateBpm><Value>119</Value></HeartRateBpm><Cadence>28</Cadence><Extensions><ext:TPX><ext:Watts>52.806451612903224</ext:Watts><ext:Torque>20</ext:Torque></ext:TPX></Extensions></Trackpoint><Trackpoint><Time>2025-08-28T12:35:15.493Z</Time><DistanceMeters>330.5745652010038</DistanceMeters><HeartRateBpm><Value>120</Value></HeartRateBpm><Cadence>28</Cadence><Extensions><ext:TPX><ext:Watts>56.06666666666667</ext:Watts><ext:Torque>20</ext:Torque></ext:TPX></Extensions></Trackpoint><Trackpoint><Time>2025-08-28T12:35:16.543Z</Time><DistanceMeters>334.6210388434858</DistanceMeters><HeartRateBpm><Value>121</Value></HeartRateBpm><Cadence>28</Cadence><Extensions><ext:TPX><ext:Watts>56.56666666666667</ext:Watts><ext:Torque>20</ext:Torque></ext:TPX></Extensions></Trackpoint><Trackpoint><Time>2025-08-28T12:35:17.593Z</Time><DistanceMeters>338.7199711896417</DistanceMeters><HeartRateBpm><Value>122</Value></HeartRateBpm><Cadence>28</Cadence><Extensions><ext:TPX><ext:Watts>57.3</ext:Watts><ext:Torque>20</ext:Torque></ext:TPX></Extensions></Trackpoint><Trackpoint><Time>2025-08-28T12:35:18.643Z</Time><DistanceMeters>342.6519894786534</DistanceMeters><HeartRateBpm><Value>122</Value></HeartRateBpm><Cadence>28</Cadence><Extensions><ext:TPX><ext:Watts>54.96666666666667</ext:Watts><ext:Torque>20</ext:Torque></ext:TPX></Extensions></Trackpoint><Trackpoint><Time>2025-08-28T12:35:19.728Z</Time><DistanceMeters>346.5859726964484</DistanceMeters><HeartRateBpm><Value>123</Value></HeartRateBpm><Cadence>28</Cadence><Extensions><ext:TPX><ext:Watts>53.064516129032256</ext:Watts><ext:Torque>20</ext:Torque></ext:TPX></Extensions></Trackpoint><Trackpoint><Time>2025-08-28T12:35:20.778Z</Time><DistanceMeters>350.4679167683168</DistanceMeters><HeartRateBpm><Value>123</Value></HeartRateBpm><Cadence>28</Cadence><Extensions><ext:TPX><ext:Watts>54.266666666666666</ext:Watts><ext:Torque>20</ext:Torque></ext:TPX></Extensions></Trackpoint><Trackpoint><Time>2025-08-28T12:35:21.828Z</Time><DistanceMeters>354.29263316345003</DistanceMeters><HeartRateBpm><Value>124</Value></HeartRateBpm><Cadence>28</Cadence><Extensions><ext:TPX><ext:Watts>53.46666666666667</ext:Watts><ext:Torque>20</ext:Torque></ext:TPX></Extensions></Trackpoint><Trackpoint><Time>2025-08-28T12:35:22.878Z</Time><DistanceMeters>358.25564977735996</DistanceMeters><HeartRateBpm><Value>124</Value></HeartRateBpm><Cadence>28</Cadence><Extensions><ext:TPX><ext:Watts>55.4</ext:Watts><ext:Torque>20</ext:Torque></ext:TPX></Extensions></Trackpoint><Trackpoint><Time>2025-08-28T12:35:23.928Z</Time><DistanceMeters>362.13520936269776</DistanceMeters><HeartRateBpm><Value>124</Value></HeartRateBpm><Cadence>28</Cadence><Extensions><ext:TPX><ext:Watts>54.233333333333334</ext:Watts><ext:Torque>20</ext:Torque></ext:TPX></Extensions></Trackpoint><Trackpoint><Time>2025-08-28T12:35:24.978Z</Time><DistanceMeters>365.9670792174229</DistanceMeters><HeartRateBpm><Value>125</Value></HeartRateBpm><Cadence>28</Cadence><Extensions><ext:TPX><ext:Watts>53.56666666666667</ext:Watts><ext:Torque>20</ext:Torque></ext:TPX></Extensions></Trackpoint><Trackpoint><Time>2025-08-28T12:35:26.064Z</Time><DistanceMeters>369.98237272664954</DistanceMeters><HeartRateBpm><Value>125</Value></HeartRateBpm><Cadence>28</Cadence><Extensions><ext:TPX><ext:Watts>54.16129032258065</ext:Watts><ext:Torque>20</ext:Torque></ext:TPX></Extensions></Trackpoint><Trackpoint><Time>2025-08-28T12:35:27.113Z</Time><DistanceMeters>373.93108242137566</DistanceMeters><HeartRateBpm><Value>125</Value></HeartRateBpm><Cadence>28</Cadence><Extensions><ext:TPX><ext:Watts>55.2</ext:Watts><ext:Torque>20</ext:Torque></ext:TPX></Extensions></Trackpoint><Trackpoint><Time>2025-08-28T12:35:28.129Z</Time><DistanceMeters>377.7154339609431</DistanceMeters><HeartRateBpm><Value>125</Value></HeartRateBpm><Cadence>30</Cadence><Extensions><ext:TPX><ext:Watts>54.758620689655174</ext:Watts><ext:Torque>20</ext:Torque></ext:TPX></Extensions></Trackpoint><Trackpoint><Time>2025-08-28T12:35:29.178Z</Time><DistanceMeters>381.63076084424034</DistanceMeters><HeartRateBpm><Value>125</Value></HeartRateBpm><Cadence>28</Cadence><Extensions><ext:TPX><ext:Watts>54.733333333333334</ext:Watts><ext:Torque>20</ext:Torque></ext:TPX></Extensions></Trackpoint><Trackpoint><Time>2025-08-28T12:35:30.264Z</Time><DistanceMeters>385.5838758953134</DistanceMeters><HeartRateBpm><Value>126</Value></HeartRateBpm><Cadence>28</Cadence><Extensions><ext:TPX><ext:Watts>53.32258064516129</ext:Watts><ext:Torque>20</ext:Torque></ext:TPX></Extensions></Trackpoint><Trackpoint><Time>2025-08-28T12:35:31.314Z</Time><DistanceMeters>389.5087407247332</DistanceMeters><HeartRateBpm><Value>126</Value></HeartRateBpm><Cadence>28</Cadence><Extensions><ext:TPX><ext:Watts>54.86666666666667</ext:Watts><ext:Torque>20</ext:Torque></ext:TPX></Extensions></Trackpoint><Trackpoint><Time>2025-08-28T12:35:32.364Z</Time><DistanceMeters>393.4026072292547</DistanceMeters><HeartRateBpm><Value>126</Value></HeartRateBpm><Cadence>28</Cadence><Extensions><ext:TPX><ext:Watts>54.43333333333333</ext:Watts><ext:Torque>20</ext:Torque></ext:TPX></Extensions></Trackpoint><Trackpoint><Time>2025-08-28T12:35:33.448Z</Time><DistanceMeters>397.22658240570104</DistanceMeters><HeartRateBpm><Value>127</Value></HeartRateBpm><Cadence>28</Cadence><Extensions><ext:TPX><ext:Watts>51.58064516129032</ext:Watts><ext:Torque>20</ext:Torque></ext:TPX></Extensions></Trackpoint><Trackpoint><Time>2025-08-28T12:35:34.499Z</Time><DistanceMeters>401.0703746930794</DistanceMeters><HeartRateBpm><Value>127</Value></HeartRateBpm><Cadence>28</Cadence><Extensions><ext:TPX><ext:Watts>53.733333333333334</ext:Watts><ext:Torque>20</ext:Torque></ext:TPX></Extensions></Trackpoint><Trackpoint><Time>2025-08-28T12:35:35.554Z</Time><DistanceMeters>405.0143154147442</DistanceMeters><HeartRateBpm><Value>127</Value></HeartRateBpm><Cadence>28</Cadence><Extensions><ext:TPX><ext:Watts>55.13333333333333</ext:Watts><ext:Torque>20</ext:Torque></ext:TPX></Extensions></Trackpoint><Trackpoint><Time>2025-08-28T12:35:36.639Z</Time><DistanceMeters>408.83589911203075</DistanceMeters><HeartRateBpm><Value>128</Value></HeartRateBpm><Cadence>28</Cadence><Extensions><ext:TPX><ext:Watts>51.54838709677419</ext:Watts><ext:Torque>20</ext:Torque></ext:TPX></Extensions></Trackpoint><Trackpoint><Time>2025-08-28T12:35:37.724Z</Time><DistanceMeters>412.41116045586267</DistanceMeters><HeartRateBpm><Value>128</Value></HeartRateBpm><Cadence>28</Cadence><Extensions><ext:TPX><ext:Watts>48.225806451612904</ext:Watts><ext:Torque>20</ext:Torque></ext:TPX></Extensions></Trackpoint><Trackpoint><Time>2025-08-28T12:35:38.739Z</Time><DistanceMeters>415.72365959943863</DistanceMeters><HeartRateBpm><Value>128</Value></HeartRateBpm><Cadence>30</Cadence><Extensions><ext:TPX><ext:Watts>47.93103448275862</ext:Watts><ext:Torque>20</ext:Torque></ext:TPX></Extensions></Trackpoint><Trackpoint><Time>2025-08-28T12:35:39.789Z</Time><DistanceMeters>419.3242342606925</DistanceMeters><HeartRateBpm><Value>129</Value></HeartRateBpm><Cadence>28</Cadence><Extensions><ext:TPX><ext:Watts>50.333333333333336</ext:Watts><ext:Torque>20</ext:Torque></ext:TPX></Extensions></Trackpoint><Trackpoint><Time>2025-08-28T12:35:40.839Z</Time><DistanceMeters>422.655361943985</DistanceMeters><HeartRateBpm><Value>129</Value></HeartRateBpm><Cadence>28</Cadence><Extensions><ext:TPX><ext:Watts>46.56666666666667</ext:Watts><ext:Torque>20</ext:Torque></ext:TPX></Extensions></Trackpoint><Trackpoint><Time>2025-08-28T12:35:41.854Z</Time><DistanceMeters>426.3753699750081</DistanceMeters><HeartRateBpm><Value>129</Value></HeartRateBpm><Cadence>30</Cadence><Extensions><ext:TPX><ext:Watts>53.827586206896555</ext:Watts><ext:Torque>20</ext:Torque></ext:TPX></Extensions></Trackpoint><Trackpoint><Time>2025-08-28T12:35:42.869Z</Time><DistanceMeters>430.08107944857693</DistanceMeters><HeartRateBpm><Value>129</Value></HeartRateBpm><Cadence>30</Cadence><Extensions><ext:TPX><ext:Watts>53.62068965517241</ext:Watts><ext:Torque>20</ext:Torque></ext:TPX></Extensions></Trackpoint><Trackpoint><Time>2025-08-28T12:35:43.954Z</Time><DistanceMeters>433.74243404215997</DistanceMeters><HeartRateBpm><Value>130</Value></HeartRateBpm><Cadence>28</Cadence><Extensions><ext:TPX><ext:Watts>49.38709677419355</ext:Watts><ext:Torque>20</ext:Torque></ext:TPX></Extensions></Trackpoint><Trackpoint><Time>2025-08-28T12:35:44.969Z</Time><DistanceMeters>437.47435753772834</DistanceMeters><HeartRateBpm><Value>130</Value></HeartRateBpm><Cadence>30</Cadence><Extensions><ext:TPX><ext:Watts>54.0</ext:Watts><ext:Torque>20</ext:Torque></ext:TPX></Extensions></Trackpoint><Trackpoint><Time>2025-08-28T12:35:46.019Z</Time><DistanceMeters>441.0272424683696</DistanceMeters><HeartRateBpm><Value>130</Value></HeartRateBpm><Cadence>28</Cadence><Extensions><ext:TPX><ext:Watts>49.666666666666664</ext:Watts><ext:Torque>20</ext:Torque></ext:TPX></Extensions></Trackpoint><Trackpoint><Time>2025-08-28T12:35:47.069Z</Time><DistanceMeters>444.6755068602361</DistanceMeters><HeartRateBpm><Value>130</Value></HeartRateBpm><Cadence>28</Cadence><Extensions><ext:TPX><ext:Watts>51.0</ext:Watts><ext:Torque>20</ext:Torque></ext:TPX></Extensions></Trackpoint><Trackpoint><Time>2025-08-28T12:35:48.154Z</Time><DistanceMeters>448.37034216205575</DistanceMeters><HeartRateBpm><Value>130</Value></HeartRateBpm><Cadence>28</Cadence><Extensions><ext:TPX><ext:Watts>49.83870967741935</ext:Watts><ext:Torque>20</ext:Torque></ext:TPX></Extensions></Trackpoint><Trackpoint><Time>2025-08-28T12:35:49.204Z</Time><DistanceMeters>452.06391179800426</DistanceMeters><HeartRateBpm><Value>130</Value></HeartRateBpm><Cadence>28</Cadence><Extensions><ext:TPX><ext:Watts>51.63333333333333</ext:Watts><ext:Torque>20</ext:Torque></ext:TPX></Extensions></Trackpoint><Trackpoint><Time>2025-08-28T12:35:50.289Z</Time><DistanceMeters>455.7635300581434</DistanceMeters><HeartRateBpm><Value>130</Value></HeartRateBpm><Cadence>28</Cadence><Extensions><ext:TPX><ext:Watts>49.903225806451616</ext:Watts><ext:Torque>20</ext:Torque></ext:TPX></Extensions></Trackpoint><Trackpoint><Time>2025-08-28T12:35:51.374Z</Time><DistanceMeters>459.43445056836543</DistanceMeters><HeartRateBpm><Value>130</Value></HeartRateBpm><Cadence>28</Cadence><Extensions><ext:TPX><ext:Watts>49.516129032258064</ext:Watts><ext:Torque>20</ext:Torque></ext:TPX></Extensions></Trackpoint><Trackpoint><Time>2025-08-28T12:35:52.459Z</Time><DistanceMeters>463.3397360362434</DistanceMeters><HeartRateBpm><Value>130</Value></HeartRateBpm><Cadence>28</Cadence><Extensions><ext:TPX><ext:Watts>52.67741935483871</ext:Watts><ext:Torque>20</ext:Torque></ext:TPX></Extensions></Trackpoint><Trackpoint><Time>2025-08-28T12:35:53.544Z</Time><DistanceMeters>467.1374049419324</DistanceMeters><HeartRateBpm><Value>130</Value></HeartRateBpm><Cadence>28</Cadence><Extensions><ext:TPX><ext:Watts>51.225806451612904</ext:Watts><ext:Torque>20</ext:Torque></ext:TPX></Extensions></Trackpoint><Trackpoint><Time>2025-08-28T12:35:54.594Z</Time><DistanceMeters>470.74751754930884</DistanceMeters><HeartRateBpm><Value>130</Value></HeartRateBpm><Cadence>28</Cadence><Extensions><ext:TPX><ext:Watts>50.46666666666667</ext:Watts><ext:Torque>20</ext:Torque></ext:TPX></Extensions></Trackpoint><Trackpoint><Time>2025-08-28T12:35:55.684Z</Time><DistanceMeters>474.58345012155394</DistanceMeters><HeartRateBpm><Value>130</Value></HeartRateBpm><Cadence>28</Cadence><Extensions><ext:TPX><ext:Watts>51.74193548387097</ext:Watts><ext:Torque>20</ext:Torque></ext:TPX></Extensions></Trackpoint><Trackpoint><Time>2025-08-28T12:35:56.734Z</Time><DistanceMeters>478.24602143260427</DistanceMeters><HeartRateBpm><Value>130</Value></HeartRateBpm><Cadence>28</Cadence><Extensions><ext:TPX><ext:Watts>51.2</ext:Watts><ext:Torque>20</ext:Torque></ext:TPX></Extensions></Trackpoint><Trackpoint><Time>2025-08-28T12:35:57.819Z</Time><DistanceMeters>482.05803921325185</DistanceMeters><HeartRateBpm><Value>130</Value></HeartRateBpm><Cadence>28</Cadence><Extensions><ext:TPX><ext:Watts>51.41935483870968</ext:Watts><ext:Torque>20</ext:Torque></ext:TPX></Extensions></Trackpoint><Trackpoint><Time>2025-08-28T12:35:58.904Z</Time><DistanceMeters>485.8796229105384</DistanceMeters><HeartRateBpm><Value>130</Value></HeartRateBpm><Cadence>28</Cadence><Extensions><ext:TPX><ext:Watts>51.54838709677419</ext:Watts><ext:Torque>20</ext:Torque></ext:TPX></Extensions></Trackpoint><Trackpoint><Time>2025-08-28T12:35:59.989Z</Time><DistanceMeters>489.69642364950545</DistanceMeters><HeartRateBpm><Value>130</Value></HeartRateBpm><Cadence>28</Cadence><Extensions><ext:TPX><ext:Watts>51.483870967741936</ext:Watts><ext:Torque>20</ext:Torque></ext:TPX></Extensions></Trackpoint><Trackpoint><Time>2025-08-28T12:36:01.039Z</Time><DistanceMeters>493.52352453116936</DistanceMeters><HeartRateBpm><Value>130</Value></HeartRateBpm><Cadence>28</Cadence><Extensions><ext:TPX><ext:Watts>53.5</ext:Watts><ext:Torque>20</ext:Torque></ext:TPX></Extensions></Trackpoint><Trackpoint><Time>2025-08-28T12:36:02.124Z</Time><DistanceMeters>497.3905463324912</DistanceMeters><HeartRateBpm><Value>129</Value></HeartRateBpm><Cadence>28</Cadence><Extensions><ext:TPX><ext:Watts>52.16129032258065</ext:Watts><ext:Torque>20</ext:Torque></ext:TPX></Extensions></Trackpoint><Trackpoint><Time>2025-08-28T12:36:03.209Z</Time><DistanceMeters>501.317355112807</DistanceMeters><HeartRateBpm><Value>129</Value></HeartRateBpm><Cadence>28</Cadence><Extensions><ext:TPX><ext:Watts>52.96774193548387</ext:Watts><ext:Torque>20</ext:Torque></ext:TPX></Extensions></Trackpoint><Trackpoint><Time>2025-08-28T12:36:04.294Z</Time><DistanceMeters>505.1772024766496</DistanceMeters><HeartRateBpm><Value>129</Value></HeartRateBpm><Cadence>28</Cadence><Extensions><ext:TPX><ext:Watts>52.064516129032256</ext:Watts><ext:Torque>20</ext:Torque></ext:TPX></Extensions></Trackpoint><Trackpoint><Time>2025-08-28T12:36:05.379Z</Time><DistanceMeters>509.0131350488947</DistanceMeters><HeartRateBpm><Value>129</Value></HeartRateBpm><Cadence>28</Cadence><Extensions><ext:TPX><ext:Watts>51.74193548387097</ext:Watts><ext:Torque>20</ext:Torque></ext:TPX></Extensions></Trackpoint><Trackpoint><Time>2025-08-28T12:36:06.464Z</Time><DistanceMeters>512.827544308702</DistanceMeters><HeartRateBpm><Value>129</Value></HeartRateBpm><Cadence>28</Cadence><Extensions><ext:TPX><ext:Watts>51.45161290322581</ext:Watts><ext:Torque>20</ext:Torque></ext:TPX></Extensions></Trackpoint><Trackpoint><Time>2025-08-28T12:36:07.584Z</Time><DistanceMeters>516.7516391476796</DistanceMeters><HeartRateBpm><Value>130</Value></HeartRateBpm><Cadence>27</Cadence><Extensions><ext:TPX><ext:Watts>51.96875</ext:Watts><ext:Torque>20</ext:Torque></ext:TPX></Extensions></Trackpoint><Trackpoint><Time>2025-08-28T12:36:08.669Z</Time><DistanceMeters>520.6401842614392</DistanceMeters><HeartRateBpm><Value>130</Value></HeartRateBpm><Cadence>28</Cadence><Extensions><ext:TPX><ext:Watts>52.45161290322581</ext:Watts><ext:Torque>20</ext:Torque></ext:TPX></Extensions></Trackpoint><Trackpoint><Time>2025-08-28T12:36:09.754Z</Time><DistanceMeters>524.5598186042757</DistanceMeters><HeartRateBpm><Value>130</Value></HeartRateBpm><Cadence>28</Cadence><Extensions><ext:TPX><ext:Watts>52.87096774193548</ext:Watts><ext:Torque>20</ext:Torque></ext:TPX></Extensions></Trackpoint><Trackpoint><Time>2025-08-28T12:36:10.839Z</Time><DistanceMeters>528.3766193432429</DistanceMeters><HeartRateBpm><Value>130</Value></HeartRateBpm><Cadence>28</Cadence><Extensions><ext:TPX><ext:Watts>51.483870967741936</ext:Watts><ext:Torque>20</ext:Torque></ext:TPX></Extensions></Trackpoint><Trackpoint><Time>2025-08-28T12:36:11.924Z</Time><DistanceMeters>532.2532070612037</DistanceMeters><HeartRateBpm><Value>130</Value></HeartRateBpm><Cadence>28</Cadence><Extensions><ext:TPX><ext:Watts>52.29032258064516</ext:Watts><ext:Torque>20</ext:Torque></ext:TPX></Extensions></Trackpoint><Trackpoint><Time>2025-08-28T12:36:13.009Z</Time><DistanceMeters>536.1250118208451</DistanceMeters><HeartRateBpm><Value>130</Value></HeartRateBpm><Cadence>28</Cadence><Extensions><ext:TPX><ext:Watts>52.225806451612904</ext:Watts><ext:Torque>20</ext:Torque></ext:TPX></Extensions></Trackpoint><Trackpoint><Time>2025-08-28T12:36:14.059Z</Time><DistanceMeters>539.9354212967945</DistanceMeters><HeartRateBpm><Value>131</Value></HeartRateBpm><Cadence>28</Cadence><Extensions><ext:TPX><ext:Watts>53.266666666666666</ext:Watts><ext:Torque>20</ext:Torque></ext:TPX></Extensions></Trackpoint><Trackpoint><Time>2025-08-28T12:36:15.179Z</Time><DistanceMeters>543.7698495068598</DistanceMeters><HeartRateBpm><Value>131</Value></HeartRateBpm><Cadence>27</Cadence><Extensions><ext:TPX><ext:Watts>50.78125</ext:Watts><ext:Torque>20</ext:Torque></ext:TPX></Extensions></Trackpoint><Trackpoint><Time>2025-08-28T12:36:16.264Z</Time><DistanceMeters>547.6033905999452</DistanceMeters><HeartRateBpm><Value>131</Value></HeartRateBpm><Cadence>28</Cadence><Extensions><ext:TPX><ext:Watts>51.70967741935484</ext:Watts><ext:Torque>20</ext:Torque></ext:TPX></Extensions></Trackpoint><Trackpoint><Time>2025-08-28T12:36:17.349Z</Time><DistanceMeters>551.5517226926987</DistanceMeters><HeartRateBpm><Value>131</Value></HeartRateBpm><Cadence>28</Cadence><Extensions><ext:TPX><ext:Watts>53.25806451612903</ext:Watts><ext:Torque>20</ext:Torque></ext:TPX></Extensions></Trackpoint><Trackpoint><Time>2025-08-28T12:36:18.435Z</Time><DistanceMeters>555.4785314730144</DistanceMeters><HeartRateBpm><Value>132</Value></HeartRateBpm><Cadence>28</Cadence><Extensions><ext:TPX><ext:Watts>52.96774193548387</ext:Watts><ext:Torque>20</ext:Torque></ext:TPX></Extensions></Trackpoint><Trackpoint><Time>2025-08-28T12:36:19.520Z</Time><DistanceMeters>559.3144640452595</DistanceMeters><HeartRateBpm><Value>132</Value></HeartRateBpm><Cadence>28</Cadence><Extensions><ext:TPX><ext:Watts>51.74193548387097</ext:Watts><ext:Torque>20</ext:Torque></ext:TPX></Extensions></Trackpoint><Trackpoint><Time>2025-08-28T12:36:20.605Z</Time><DistanceMeters>563.2412728255752</DistanceMeters><HeartRateBpm><Value>132</Value></HeartRateBpm><Cadence>28</Cadence><Extensions><ext:TPX><ext:Watts>52.96774193548387</ext:Watts><ext:Torque>20</ext:Torque></ext:TPX></Extensions></Trackpoint><Trackpoint><Time>2025-08-28T12:36:21.655Z</Time><DistanceMeters>567.1494462492806</DistanceMeters><HeartRateBpm><Value>132</Value></HeartRateBpm><Cadence>28</Cadence><Extensions><ext:TPX><ext:Watts>54.63333333333333</ext:Watts><ext:Torque>20</ext:Torque></ext:TPX></Extensions></Trackpoint><Trackpoint><Time>2025-08-28T12:36:22.740Z</Time><DistanceMeters>571.3154029455717</DistanceMeters><HeartRateBpm><Value>133</Value></HeartRateBpm><Cadence>28</Cadence><Extensions><ext:TPX><ext:Watts>56.193548387096776</ext:Watts><ext:Torque>20</ext:Torque></ext:TPX></Extensions></Trackpoint><Trackpoint><Time>2025-08-28T12:36:23.825Z</Time><DistanceMeters>575.4478789336263</DistanceMeters><HeartRateBpm><Value>133</Value></HeartRateBpm><Cadence>28</Cadence><Extensions><ext:TPX><ext:Watts>55.74193548387097</ext:Watts><ext:Torque>20</ext:Torque></ext:TPX></Extensions></Trackpoint><Trackpoint><Time>2025-08-28T12:36:24.945Z</Time><DistanceMeters>579.468719345904</DistanceMeters><HeartRateBpm><Value>133</Value></HeartRateBpm><Cadence>27</Cadence><Extensions><ext:TPX><ext:Watts>53.25</ext:Watts><ext:Torque>20</ext:Torque></ext:TPX></Extensions></Trackpoint><Trackpoint><Time>2025-08-28T12:36:26.030Z</Time><DistanceMeters>583.4242258761368</DistanceMeters><HeartRateBpm><Value>133</Value></HeartRateBpm><Cadence>28</Cadence><Extensions><ext:TPX><ext:Watts>53.354838709677416</ext:Watts><ext:Torque>20</ext:Torque></ext:TPX></Extensions></Trackpoint><Trackpoint><Time>2025-08-28T12:36:27.115Z</Time><DistanceMeters>587.4156045937659</DistanceMeters><HeartRateBpm><Value>134</Value></HeartRateBpm><Cadence>28</Cadence><Extensions><ext:TPX><ext:Watts>53.83870967741935</ext:Watts><ext:Torque>20</ext:Torque></ext:TPX></Extensions></Trackpoint><Trackpoint><Time>2025-08-28T12:36:28.200Z</Time><DistanceMeters>591.4308981029925</DistanceMeters><HeartRateBpm><Value>134</Value></HeartRateBpm><Cadence>28</Cadence><Extensions><ext:TPX><ext:Watts>54.16129032258065</ext:Watts><ext:Torque>20</ext:Torque></ext:TPX></Extensions></Trackpoint><Trackpoint><Time>2025-08-28T12:36:29.320Z</Time><DistanceMeters>595.3809490713921</DistanceMeters><HeartRateBpm><Value>134</Value></HeartRateBpm><Cadence>27</Cadence><Extensions><ext:TPX><ext:Watts>52.3125</ext:Watts><ext:Torque>20</ext:Torque></ext:TPX></Extensions></Trackpoint><Trackpoint><Time>2025-08-28T12:36:30.405Z</Time><DistanceMeters>599.3316726433054</DistanceMeters><HeartRateBpm><Value>134</Value></HeartRateBpm><Cadence>28</Cadence><Extensions><ext:TPX><ext:Watts>53.29032258064516</ext:Watts><ext:Torque>20</ext:Torque></ext:TPX></Extensions></Trackpoint><Trackpoint><Time>2025-08-28T12:36:31.490Z</Time><DistanceMeters>603.3565320691711</DistanceMeters><HeartRateBpm><Value>134</Value></HeartRateBpm><Cadence>28</Cadence><Extensions><ext:TPX><ext:Watts>54.29032258064516</ext:Watts><ext:Torque>20</ext:Torque></ext:TPX></Extensions></Trackpoint><Trackpoint><Time>2025-08-28T12:36:32.610Z</Time><DistanceMeters>607.3584952964146</DistanceMeters><HeartRateBpm><Value>134</Value></HeartRateBpm><Cadence>27</Cadence><Extensions><ext:TPX><ext:Watts>53.0</ext:Watts><ext:Torque>20</ext:Torque></ext:TPX></Extensions></Trackpoint><Trackpoint><Time>2025-08-28T12:36:33.695Z</Time><DistanceMeters>611.4192269096766</DistanceMeters><HeartRateBpm><Value>134</Value></HeartRateBpm><Cadence>28</Cadence><Extensions><ext:TPX><ext:Watts>54.774193548387096</ext:Watts><ext:Torque>20</ext:Torque></ext:TPX></Extensions></Trackpoint><Trackpoint><Time>2025-08-28T12:36:34.780Z</Time><DistanceMeters>615.601923960086</DistanceMeters><HeartRateBpm><Value>135</Value></HeartRateBpm><Cadence>28</Cadence><Extensions><ext:TPX><ext:Watts>56.41935483870968</ext:Watts><ext:Torque>20</ext:Torque></ext:TPX></Extensions></Trackpoint><Trackpoint><Time>2025-08-28T12:36:35.865Z</Time><DistanceMeters>619.7272255106612</DistanceMeters><HeartRateBpm><Value>135</Value></HeartRateBpm><Cadence>28</Cadence><Extensions><ext:TPX><ext:Watts>55.645161290322584</ext:Watts><ext:Torque>20</ext:Torque></ext:TPX></Extensions></Trackpoint><Trackpoint><Time>2025-08-28T12:36:36.985Z</Time><DistanceMeters>623.9321184770221</DistanceMeters><HeartRateBpm><Value>135</Value></HeartRateBpm><Cadence>27</Cadence><Extensions><ext:TPX><ext:Watts>55.6875</ext:Watts><ext:Torque>20</ext:Torque></ext:TPX></Extensions></Trackpoint><Trackpoint><Time>2025-08-28T12:36:38.105Z</Time><DistanceMeters>628.1747658134512</DistanceMeters><HeartRateBpm><Value>135</Value></HeartRateBpm><Cadence>27</Cadence><Extensions><ext:TPX><ext:Watts>56.1875</ext:Watts><ext:Torque>20</ext:Torque></ext:TPX></Extensions></Trackpoint><Trackpoint><Time>2025-08-28T12:36:39.190Z</Time><DistanceMeters>632.3072418015058</DistanceMeters><HeartRateBpm><Value>135</Value></HeartRateBpm><Cadence>28</Cadence><Extensions><ext:TPX><ext:Watts>55.74193548387097</ext:Watts><ext:Torque>20</ext:Torque></ext:TPX></Extensions></Trackpoint><Trackpoint><Time>2025-08-28T12:36:40.275Z</Time><DistanceMeters>636.4612411019982</DistanceMeters><HeartRateBpm><Value>135</Value></HeartRateBpm><Cadence>28</Cadence><Extensions><ext:TPX><ext:Watts>56.03225806451613</ext:Watts><ext:Torque>20</ext:Torque></ext:TPX></Extensions></Trackpoint><Trackpoint><Time>2025-08-28T12:36:41.360Z</Time><DistanceMeters>640.4765346112248</DistanceMeters><HeartRateBpm><Value>135</Value></HeartRateBpm><Cadence>28</Cadence><Extensions><ext:TPX><ext:Watts>54.16129032258065</ext:Watts><ext:Torque>20</ext:Torque></ext:TPX></Extensions></Trackpoint><Trackpoint><Time>2025-08-28T12:36:42.445Z</Time><DistanceMeters>644.582704328522</DistanceMeters><HeartRateBpm><Value>135</Value></HeartRateBpm><Cadence>28</Cadence><Extensions><ext:TPX><ext:Watts>55.38709677419355</ext:Watts><ext:Torque>20</ext:Torque></ext:TPX></Extensions></Trackpoint><Trackpoint><Time>2025-08-28T12:36:43.565Z</Time><DistanceMeters>648.6271412220924</DistanceMeters><HeartRateBpm><Value>135</Value></HeartRateBpm><Cadence>27</Cadence><Extensions><ext:TPX><ext:Watts>53.5625</ext:Watts><ext:Torque>20</ext:Torque></ext:TPX></Extensions></Trackpoint><Trackpoint><Time>2025-08-28T12:36:44.650Z</Time><DistanceMeters>652.6902643145141</DistanceMeters><HeartRateBpm><Value>136</Value></HeartRateBpm><Cadence>28</Cadence><Extensions><ext:TPX><ext:Watts>54.806451612903224</ext:Watts><ext:Torque>20</ext:Torque></ext:TPX></Extensions></Trackpoint><Trackpoint><Time>2025-08-28T12:36:45.770Z</Time><DistanceMeters>656.7417801524724</DistanceMeters><HeartRateBpm><Value>136</Value></HeartRateBpm><Cadence>27</Cadence><Extensions><ext:TPX><ext:Watts>53.65625</ext:Watts><ext:Torque>20</ext:Torque></ext:TPX></Extensions></Trackpoint><Trackpoint><Time>2025-08-28T12:36:46.890Z</Time><DistanceMeters>660.66587499145</DistanceMeters><HeartRateBpm><Value>136</Value></HeartRateBpm><Cadence>27</Cadence><Extensions><ext:TPX><ext:Watts>51.96875</ext:Watts><ext:Torque>20</ext:Torque></ext:TPX></Extensions></Trackpoint><Trackpoint><Time>2025-08-28T12:36:48.010Z</Time><DistanceMeters>664.6914346999863</DistanceMeters><HeartRateBpm><Value>136</Value></HeartRateBpm><Cadence>27</Cadence><Extensions><ext:TPX><ext:Watts>53.3125</ext:Watts><ext:Torque>20</ext:Torque></ext:TPX></Extensions></Trackpoint><Trackpoint><Time>2025-08-28T12:36:49.130Z</Time><DistanceMeters>668.4763102993369</DistanceMeters><HeartRateBpm><Value>136</Value></HeartRateBpm><Cadence>27</Cadence><Extensions><ext:TPX><ext:Watts>50.125</ext:Watts><ext:Torque>20</ext:Torque></ext:TPX></Extensions></Trackpoint><Trackpoint><Time>2025-08-28T12:36:50.215Z</Time><DistanceMeters>672.5776970583147</DistanceMeters><HeartRateBpm><Value>136</Value></HeartRateBpm><Cadence>28</Cadence><Extensions><ext:TPX><ext:Watts>55.32258064516129</ext:Watts><ext:Torque>20</ext:Torque></ext:TPX></Extensions></Trackpoint><Trackpoint><Time>2025-08-28T12:36:51.300Z</Time><DistanceMeters>676.8512703167947</DistanceMeters><HeartRateBpm><Value>137</Value></HeartRateBpm><Cadence>28</Cadence><Extensions><ext:TPX><ext:Watts>57.645161290322584</ext:Watts><ext:Torque>20</ext:Torque></ext:TPX></Extensions></Trackpoint><Trackpoint><Time>2025-08-28T12:36:52.385Z</Time><DistanceMeters>681.1750646376296</DistanceMeters><HeartRateBpm><Value>137</Value></HeartRateBpm><Cadence>28</Cadence><Extensions><ext:TPX><ext:Watts>58.32258064516129</ext:Watts><ext:Torque>20</ext:Torque></ext:TPX></Extensions></Trackpoint><Trackpoint><Time>2025-08-28T12:36:53.505Z</Time><DistanceMeters>685.44602775161</DistanceMeters><HeartRateBpm><Value>137</Value></HeartRateBpm><Cadence>27</Cadence><Extensions><ext:TPX><ext:Watts>56.5625</ext:Watts><ext:Torque>20</ext:Torque></ext:TPX></Extensions></Trackpoint><Trackpoint><Time>2025-08-28T12:36:54.590Z</Time><DistanceMeters>689.652639593617</DistanceMeters><HeartRateBpm><Value>138</Value></HeartRateBpm><Cadence>28</Cadence><Extensions><ext:TPX><ext:Watts>56.74193548387097</ext:Watts><ext:Torque>20</ext:Torque></ext:TPX></Extensions></Trackpoint><Trackpoint><Time>2025-08-28T12:36:55.675Z</Time><DistanceMeters>693.8831662272214</DistanceMeters><HeartRateBpm><Value>138</Value></HeartRateBpm><Cadence>28</Cadence><Extensions><ext:TPX><ext:Watts>57.064516129032256</ext:Watts><ext:Torque>20</ext:Torque></ext:TPX></Extensions></Trackpoint><Trackpoint><Time>2025-08-28T12:36:56.795Z</Time><DistanceMeters>697.9913136202822</DistanceMeters><HeartRateBpm><Value>138</Value></HeartRateBpm><Cadence>27</Cadence><Extensions><ext:TPX><ext:Watts>54.40625</ext:Watts><ext:Torque>20</ext:Torque></ext:TPX></Extensions></Trackpoint><Trackpoint><Time>2025-08-28T12:36:57.880Z</Time><DistanceMeters>702.1955339831294</DistanceMeters><HeartRateBpm><Value>139</Value></HeartRateBpm><Cadence>28</Cadence><Extensions><ext:TPX><ext:Watts>56.70967741935484</ext:Watts><ext:Torque>20</ext:Torque></ext:TPX></Extensions></Trackpoint><Trackpoint><Time>2025-08-28T12:36:59.000Z</Time><DistanceMeters>706.3768304681976</DistanceMeters><HeartRateBpm><Value>139</Value></HeartRateBpm><Cadence>27</Cadence><Extensions><ext:TPX><ext:Watts>55.375</ext:Watts><ext:Torque>20</ext:Torque></ext:TPX></Extensions></Trackpoint><Trackpoint><Time>2025-08-28T12:37:00.085Z</Time><DistanceMeters>710.5547445602874</DistanceMeters><HeartRateBpm><Value>139</Value></HeartRateBpm><Cadence>28</Cadence><Extensions><ext:TPX><ext:Watts>56.354838709677416</ext:Watts><ext:Torque>20</ext:Torque></ext:TPX></Extensions></Trackpoint><Trackpoint><Time>2025-08-28T12:37:01.205Z</Time><DistanceMeters>714.4646815104894</DistanceMeters><HeartRateBpm><Value>139</Value></HeartRateBpm><Cadence>27</Cadence><Extensions><ext:TPX><ext:Watts>51.78125</ext:Watts><ext:Torque>20</ext:Torque></ext:TPX></Extensions></Trackpoint><Trackpoint><Time>2025-08-28T12:37:02.360Z</Time><DistanceMeters>718.4399790637686</DistanceMeters><HeartRateBpm><Value>140</Value></HeartRateBpm><Cadence>26</Cadence><Extensions><ext:TPX><ext:Watts>50.696969696969695</ext:Watts><ext:Torque>20</ext:Torque></ext:TPX></Extensions></Trackpoint><Trackpoint><Time>2025-08-28T12:37:03.516Z</Time><DistanceMeters>722.4532950036901</DistanceMeters><HeartRateBpm><Value>140</Value></HeartRateBpm><Cadence>26</Cadence><Extensions><ext:TPX><ext:Watts>51.18181818181818</ext:Watts><ext:Torque>20</ext:Torque></ext:TPX></Extensions></Trackpoint><Trackpoint><Time>2025-08-28T12:37:04.600Z</Time><DistanceMeters>726.4685885129167</DistanceMeters><HeartRateBpm><Value>141</Value></HeartRateBpm><Cadence>28</Cadence><Extensions><ext:TPX><ext:Watts>54.16129032258065</ext:Watts><ext:Torque>20</ext:Torque></ext:TPX></Extensions></Trackpoint><Trackpoint><Time>2025-08-28T12:37:05.755Z</Time><DistanceMeters>730.4723998561775</DistanceMeters><HeartRateBpm><Value>141</Value></HeartRateBpm><Cadence>26</Cadence><Extensions><ext:TPX><ext:Watts>51.06060606060606</ext:Watts><ext:Torque>20</ext:Torque></ext:TPX></Extensions></Trackpoint><Trackpoint><Time>2025-08-28T12:37:06.876Z</Time><DistanceMeters>734.2667140480452</DistanceMeters><HeartRateBpm><Value>141</Value></HeartRateBpm><Cadence>27</Cadence><Extensions><ext:TPX><ext:Watts>50.25</ext:Watts><ext:Torque>20</ext:Torque></ext:TPX></Extensions></Trackpoint><Trackpoint><Time>2025-08-28T12:37:07.961Z</Time><DistanceMeters>737.9950300581013</DistanceMeters><HeartRateBpm><Value>141</Value></HeartRateBpm><Cadence>28</Cadence><Extensions><ext:TPX><ext:Watts>50.29032258064516</ext:Watts><ext:Torque>20</ext:Torque></ext:TPX></Extensions></Trackpoint><Trackpoint><Time>2025-08-28T12:37:09.046Z</Time><DistanceMeters>742.2112078167472</DistanceMeters><HeartRateBpm><Value>142</Value></HeartRateBpm><Cadence>28</Cadence><Extensions><ext:TPX><ext:Watts>56.87096774193548</ext:Watts><ext:Torque>20</ext:Torque></ext:TPX></Extensions></Trackpoint><Trackpoint><Time>2025-08-28T12:37:10.200Z</Time><DistanceMeters>746.5714415347791</DistanceMeters><HeartRateBpm><Value>142</Value></HeartRateBpm><Cadence>26</Cadence><Extensions><ext:TPX><ext:Watts>55.60606060606061</ext:Watts><ext:Torque>20</ext:Torque></ext:TPX></Extensions></Trackpoint><Trackpoint><Time>2025-08-28T12:37:11.320Z</Time><DistanceMeters>750.8777993706985</DistanceMeters><HeartRateBpm><Value>142</Value></HeartRateBpm><Cadence>27</Cadence><Extensions><ext:TPX><ext:Watts>57.03125</ext:Watts><ext:Torque>20</ext:Torque></ext:TPX></Extensions></Trackpoint><Trackpoint><Time>2025-08-28T12:37:12.440Z</Time><DistanceMeters>755.2337098173327</DistanceMeters><HeartRateBpm><Value>143</Value></HeartRateBpm><Cadence>27</Cadence><Extensions><ext:TPX><ext:Watts>57.6875</ext:Watts><ext:Torque>20</ext:Torque></ext:TPX></Extensions></Trackpoint><Trackpoint><Time>2025-08-28T12:37:13.596Z</Time><DistanceMeters>759.6058242811903</DistanceMeters><HeartRateBpm><Value>143</Value></HeartRateBpm><Cadence>26</Cadence><Extensions><ext:TPX><ext:Watts>55.75757575757576</ext:Watts><ext:Torque>20</ext:Torque></ext:TPX></Extensions></Trackpoint><Trackpoint><Time>2025-08-28T12:37:14.751Z</Time><DistanceMeters>763.8876450767725</DistanceMeters><HeartRateBpm><Value>143</Value></HeartRateBpm><Cadence>26</Cadence><Extensions><ext:TPX><ext:Watts>54.60606060606061</ext:Watts><ext:Torque>20</ext:Torque></ext:TPX></Extensions></Trackpoint><Trackpoint><Time>2025-08-28T12:37:15.871Z</Time><DistanceMeters>768.1562485426236</DistanceMeters><HeartRateBpm><Value>143</Value></HeartRateBpm><Cadence>27</Cadence><Extensions><ext:TPX><ext:Watts>56.53125</ext:Watts><ext:Torque>20</ext:Torque></ext:TPX></Extensions></Trackpoint><Trackpoint><Time>2025-08-28T12:37:17.026Z</Time><DistanceMeters>772.4974730673345</DistanceMeters><HeartRateBpm><Value>143</Value></HeartRateBpm><Cadence>26</Cadence><Extensions><ext:TPX><ext:Watts>55.36363636363637</ext:Watts><ext:Torque>20</ext:Torque></ext:TPX></Extensions></Trackpoint><Trackpoint><Time>2025-08-28T12:37:18.181Z</Time><DistanceMeters>776.8719636803572</DistanceMeters><HeartRateBpm><Value>143</Value></HeartRateBpm><Cadence>26</Cadence><Extensions><ext:TPX><ext:Watts>55.78787878787879</ext:Watts><ext:Torque>20</ext:Torque></ext:TPX></Extensions></Trackpoint><Trackpoint><Time>2025-08-28T12:37:19.301Z</Time><DistanceMeters>780.6686375203542</DistanceMeters><HeartRateBpm><Value>143</Value></HeartRateBpm><Cadence>27</Cadence><Extensions><ext:TPX><ext:Watts>50.28125</ext:Watts><ext:Torque>20</ext:Torque></ext:TPX></Extensions></Trackpoint><Trackpoint><Time>2025-08-28T12:37:20.456Z</Time><DistanceMeters>784.6225497311472</DistanceMeters><HeartRateBpm><Value>143</Value></HeartRateBpm><Cadence>26</Cadence><Extensions><ext:TPX><ext:Watts>50.42424242424242</ext:Watts><ext:Torque>20</ext:Torque></ext:TPX></Extensions></Trackpoint><Trackpoint><Time>2025-08-28T12:37:21.576Z</Time><DistanceMeters>788.6693462728468</DistanceMeters><HeartRateBpm><Value>144</Value></HeartRateBpm><Cadence>27</Cadence><Extensions><ext:TPX><ext:Watts>53.59375</ext:Watts><ext:Torque>20</ext:Torque></ext:TPX></Extensions></Trackpoint><Trackpoint><Time>2025-08-28T12:37:22.731Z</Time><DistanceMeters>792.9606716650896</DistanceMeters><HeartRateBpm><Value>144</Value></HeartRateBpm><Cadence>26</Cadence><Extensions><ext:TPX><ext:Watts>54.72727272727273</ext:Watts><ext:Torque>20</ext:Torque></ext:TPX></Extensions></Trackpoint><Trackpoint><Time>2025-08-28T12:37:23.886Z</Time><DistanceMeters>797.0048775441579</DistanceMeters><HeartRateBpm><Value>144</Value></HeartRateBpm><Cadence>26</Cadence><Extensions><ext:TPX><ext:Watts>51.57575757575758</ext:Watts><ext:Torque>20</ext:Torque></ext:TPX></Extensions></Trackpoint><Trackpoint><Time>2025-08-28T12:37:25.006Z</Time><DistanceMeters>800.9785249938502</DistanceMeters><HeartRateBpm><Value>144</Value></HeartRateBpm><Cadence>27</Cadence><Extensions><ext:TPX><ext:Watts>52.625</ext:Watts><ext:Torque>20</ext:Torque></ext:TPX></Extensions></Trackpoint><Trackpoint><Time>2025-08-28T12:37:26.161Z</Time><DistanceMeters>805.0916391987075</DistanceMeters><HeartRateBpm><Value>144</Value></HeartRateBpm><Cadence>26</Cadence><Extensions><ext:TPX><ext:Watts>52.45454545454545</ext:Watts><ext:Torque>20</ext:Torque></ext:TPX></Extensions></Trackpoint><Trackpoint><Time>2025-08-28T12:37:27.316Z</Time><DistanceMeters>809.173863464418</DistanceMeters><HeartRateBpm><Value>144</Value></HeartRateBpm><Cadence>26</Cadence><Extensions><ext:TPX><ext:Watts>52.06060606060606</ext:Watts><ext:Torque>20</ext:Torque></ext:TPX></Extensions></Trackpoint><Trackpoint><Time>2025-08-28T12:37:28.471Z</Time><DistanceMeters>813.2822253709451</DistanceMeters><HeartRateBpm><Value>145</Value></HeartRateBpm><Cadence>26</Cadence><Extensions><ext:TPX><ext:Watts>52.39393939393939</ext:Watts><ext:Torque>20</ext:Torque></ext:TPX></Extensions></Trackpoint><Trackpoint><Time>2025-08-28T12:37:29.626Z</Time><DistanceMeters>817.3882111283069</DistanceMeters><HeartRateBpm><Value>145</Value></HeartRateBpm><Cadence>26</Cadence><Extensions><ext:TPX><ext:Watts>52.36363636363637</ext:Watts><ext:Torque>20</ext:Torque></ext:TPX></Extensions></Trackpoint><Trackpoint><Time>2025-08-28T12:37:30.781Z</Time><DistanceMeters>821.3730132782467</DistanceMeters><HeartRateBpm><Value>145</Value></HeartRateBpm><Cadence>26</Cadence><Extensions><ext:TPX><ext:Watts>50.81818181818182</ext:Watts><ext:Torque>20</ext:Torque></ext:TPX></Extensions></Trackpoint><Trackpoint><Time>2025-08-28T12:37:31.971Z</Time><DistanceMeters>825.5728094046484</DistanceMeters><HeartRateBpm><Value>145</Value></HeartRateBpm><Cadence>25</Cadence><Extensions><ext:TPX><ext:Watts>51.5</ext:Watts><ext:Torque>20</ext:Torque></ext:TPX></Extensions></Trackpoint><Trackpoint><Time>2025-08-28T12:37:33.091Z</Time><DistanceMeters>829.3624043002576</DistanceMeters><HeartRateBpm><Value>145</Value></HeartRateBpm><Cadence>27</Cadence><Extensions><ext:TPX><ext:Watts>50.1875</ext:Watts><ext:Torque>20</ext:Torque></ext:TPX></Extensions></Trackpoint><Trackpoint><Time>2025-08-28T12:37:34.211Z</Time><DistanceMeters>833.520104304033</DistanceMeters><HeartRateBpm><Value>145</Value></HeartRateBpm><Cadence>27</Cadence><Extensions><ext:TPX><ext:Watts>55.0625</ext:Watts><ext:Torque>20</ext:Torque></ext:TPX></Extensions></Trackpoint><Trackpoint><Time>2025-08-28T12:37:35.331Z</Time><DistanceMeters>838.0152339902942</DistanceMeters><HeartRateBpm><Value>145</Value></HeartRateBpm><Cadence>27</Cadence><Extensions><ext:TPX><ext:Watts>59.53125</ext:Watts><ext:Torque>20</ext:Torque></ext:TPX></Extensions></Trackpoint><Trackpoint><Time>2025-08-28T12:37:36.381Z</Time><DistanceMeters>842.7699001323738</DistanceMeters><HeartRateBpm><Value>145</Value></HeartRateBpm><Cadence>28</Cadence><Extensions><ext:TPX><ext:Watts>66.46666666666667</ext:Watts><ext:Torque>20</ext:Torque></ext:TPX></Extensions></Trackpoint><Trackpoint><Time>2025-08-28T12:37:37.501Z</Time><DistanceMeters>847.1517667084299</DistanceMeters><HeartRateBpm><Value>145</Value></HeartRateBpm><Cadence>27</Cadence><Extensions><ext:TPX><ext:Watts>58.03125</ext:Watts><ext:Torque>20</ext:Torque></ext:TPX></Extensions></Trackpoint><Trackpoint><Time>2025-08-28T12:37:38.621Z</Time><DistanceMeters>850.9720370297197</DistanceMeters><HeartRateBpm><Value>145</Value></HeartRateBpm><Cadence>27</Cadence><Extensions><ext:TPX><ext:Watts>50.59375</ext:Watts><ext:Torque>20</ext:Torque></ext:TPX></Extensions></Trackpoint><Trackpoint><Time>2025-08-28T12:37:39.741Z</Time><DistanceMeters>854.9173687018607</DistanceMeters><HeartRateBpm><Value>145</Value></HeartRateBpm><Cadence>27</Cadence><Extensions><ext:TPX><ext:Watts>52.25</ext:Watts><ext:Torque>20</ext:Torque></ext:TPX></Extensions></Trackpoint><Trackpoint><Time>2025-08-28T12:37:40.861Z</Time><DistanceMeters>858.7848319857358</DistanceMeters><HeartRateBpm><Value>144</Value></HeartRateBpm><Cadence>27</Cadence><Extensions><ext:TPX><ext:Watts>51.21875</ext:Watts><ext:Torque>20</ext:Torque></ext:TPX></Extensions></Trackpoint><Trackpoint><Time>2025-08-28T12:37:41.981Z</Time><DistanceMeters>862.3384620684178</DistanceMeters><HeartRateBpm><Value>145</Value></HeartRateBpm><Cadence>27</Cadence><Extensions><ext:TPX><ext:Watts>47.0625</ext:Watts><ext:Torque>20</ext:Torque></ext:TPX></Extensions></Trackpoint><Trackpoint><Time>2025-08-28T12:37:43.136Z</Time><DistanceMeters>866.2686127875594</DistanceMeters><HeartRateBpm><Value>145</Value></HeartRateBpm><Cadence>26</Cadence><Extensions><ext:TPX><ext:Watts>50.121212121212125</ext:Watts><ext:Torque>20</ext:Torque></ext:TPX></Extensions></Trackpoint><Trackpoint><Time>2025-08-28T12:37:44.291Z</Time><DistanceMeters>870.1298551809119</DistanceMeters><HeartRateBpm><Value>145</Value></HeartRateBpm><Cadence>26</Cadence><Extensions><ext:TPX><ext:Watts>49.24242424242424</ext:Watts><ext:Torque>20</ext:Torque></ext:TPX></Extensions></Trackpoint><Trackpoint><Time>2025-08-28T12:37:45.411Z</Time><DistanceMeters>873.85809922516</DistanceMeters><HeartRateBpm><Value>146</Value></HeartRateBpm><Cadence>27</Cadence><Extensions><ext:TPX><ext:Watts>49.375</ext:Watts><ext:Torque>20</ext:Torque></ext:TPX></Extensions></Trackpoint><Trackpoint><Time>2025-08-28T12:37:46.602Z</Time><DistanceMeters>877.8204425722848</DistanceMeters><HeartRateBpm><Value>146</Value></HeartRateBpm><Cadence>25</Cadence><Extensions><ext:TPX><ext:Watts>48.588235294117645</ext:Watts><ext:Torque>20</ext:Torque></ext:TPX></Extensions></Trackpoint><Trackpoint><Time>2025-08-28T12:37:47.721Z</Time><DistanceMeters>881.6265550047989</DistanceMeters><HeartRateBpm><Value>146</Value></HeartRateBpm><Cadence>27</Cadence><Extensions><ext:TPX><ext:Watts>50.40625</ext:Watts><ext:Torque>20</ext:Torque></ext:TPX></Extensions></Trackpoint><Trackpoint><Time>2025-08-28T12:37:48.736Z</Time><DistanceMeters>885.6706636714524</DistanceMeters><HeartRateBpm><Value>146</Value></HeartRateBpm><Cadence>30</Cadence><Extensions><ext:TPX><ext:Watts>58.51724137931034</ext:Watts><ext:Torque>20</ext:Torque></ext:TPX></Extensions></Trackpoint><Trackpoint><Time>2025-08-28T12:37:49.751Z</Time><DistanceMeters>889.8363100764674</DistanceMeters><HeartRateBpm><Value>146</Value></HeartRateBpm><Cadence>30</Cadence><Extensions><ext:TPX><ext:Watts>60.275862068965516</ext:Watts><ext:Torque>20</ext:Torque></ext:TPX></Extensions></Trackpoint><Trackpoint><Time>2025-08-28T12:37:50.801Z</Time><DistanceMeters>894.1212323720125</DistanceMeters><HeartRateBpm><Value>146</Value></HeartRateBpm><Cadence>28</Cadence><Extensions><ext:TPX><ext:Watts>59.9</ext:Watts><ext:Torque>20</ext:Torque></ext:TPX></Extensions></Trackpoint><Trackpoint><Time>2025-08-28T12:37:51.887Z</Time><DistanceMeters>898.4282863387291</DistanceMeters><HeartRateBpm><Value>146</Value></HeartRateBpm><Cadence>28</Cadence><Extensions><ext:TPX><ext:Watts>58.096774193548384</ext:Watts><ext:Torque>20</ext:Torque></ext:TPX></Extensions></Trackpoint><Trackpoint><Time>2025-08-28T12:37:52.867Z</Time><DistanceMeters>902.6466077476055</DistanceMeters><HeartRateBpm><Value>146</Value></HeartRateBpm><Cadence>30</Cadence><Extensions><ext:TPX><ext:Watts>63.107142857142854</ext:Watts><ext:Torque>20</ext:Torque></ext:TPX></Extensions></Trackpoint><Trackpoint><Time>2025-08-28T12:37:53.882Z</Time><DistanceMeters>906.9075778689823</DistanceMeters><HeartRateBpm><Value>146</Value></HeartRateBpm><Cadence>30</Cadence><Extensions><ext:TPX><ext:Watts>61.6551724137931</ext:Watts><ext:Torque>20</ext:Torque></ext:TPX></Extensions></Trackpoint><Trackpoint><Time>2025-08-28T12:37:54.896Z</Time><DistanceMeters>910.753889824185</DistanceMeters><HeartRateBpm><Value>147</Value></HeartRateBpm><Cadence>30</Cadence><Extensions><ext:TPX><ext:Watts>55.6551724137931</ext:Watts><ext:Torque>20</ext:Torque></ext:TPX></Extensions></Trackpoint><Trackpoint><Time>2025-08-28T12:37:55.876Z</Time><DistanceMeters>914.6045703179697</DistanceMeters><HeartRateBpm><Value>147</Value></HeartRateBpm><Cadence>30</Cadence><Extensions><ext:TPX><ext:Watts>57.607142857142854</ext:Watts><ext:Torque>20</ext:Torque></ext:TPX></Extensions></Trackpoint><Trackpoint><Time>2025-08-28T12:37:56.822Z</Time><DistanceMeters>918.8114858398699</DistanceMeters><HeartRateBpm><Value>147</Value></HeartRateBpm><Cadence>32</Cadence><Extensions><ext:TPX><ext:Watts>65.0</ext:Watts><ext:Torque>20</ext:Torque></ext:TPX></Extensions></Trackpoint><Trackpoint><Time>2025-08-28T12:37:57.802Z</Time><DistanceMeters>922.6932009563571</DistanceMeters><HeartRateBpm><Value>147</Value></HeartRateBpm><Cadence>30</Cadence><Extensions><ext:TPX><ext:Watts>58.07142857142857</ext:Watts><ext:Torque>20</ext:Torque></ext:TPX></Extensions></Trackpoint><Trackpoint><Time>2025-08-28T12:37:58.787Z</Time><DistanceMeters>926.6560835476049</DistanceMeters><HeartRateBpm><Value>147</Value></HeartRateBpm><Cadence>30</Cadence><Extensions><ext:TPX><ext:Watts>59.285714285714285</ext:Watts><ext:Torque>20</ext:Torque></ext:TPX></Extensions></Trackpoint><Trackpoint><Time>2025-08-28T12:37:59.731Z</Time><DistanceMeters>930.6273713491679</DistanceMeters><HeartRateBpm><Value>147</Value></HeartRateBpm><Cadence>32</Cadence><Extensions><ext:TPX><ext:Watts>62.333333333333336</ext:Watts><ext:Torque>20</ext:Torque></ext:TPX></Extensions></Trackpoint><Trackpoint><Time>2025-08-28T12:38:00.677Z</Time><DistanceMeters>934.5777968648896</DistanceMeters><HeartRateBpm><Value>148</Value></HeartRateBpm><Cadence>32</Cadence><Extensions><ext:TPX><ext:Watts>61.03703703703704</ext:Watts><ext:Torque>20</ext:Torque></ext:TPX></Extensions></Trackpoint><Trackpoint><Time>2025-08-28T12:38:01.657Z</Time><DistanceMeters>938.3592462772609</DistanceMeters><HeartRateBpm><Value>148</Value></HeartRateBpm><Cadence>30</Cadence><Extensions><ext:TPX><ext:Watts>56.57142857142857</ext:Watts><ext:Torque>20</ext:Torque></ext:TPX></Extensions></Trackpoint><Trackpoint><Time>2025-08-28T12:38:02.637Z</Time><DistanceMeters>942.021331756161</DistanceMeters><HeartRateBpm><Value>148</Value></HeartRateBpm><Cadence>30</Cadence><Extensions><ext:TPX><ext:Watts>54.785714285714285</ext:Watts><ext:Torque>20</ext:Torque></ext:TPX></Extensions></Trackpoint><Trackpoint><Time>2025-08-28T12:38:03.652Z</Time><DistanceMeters>945.5268614253698</DistanceMeters><HeartRateBpm><Value>148</Value></HeartRateBpm><Cadence>30</Cadence><Extensions><ext:TPX><ext:Watts>50.724137931034484</ext:Watts><ext:Torque>20</ext:Torque></ext:TPX></Extensions></Trackpoint><Trackpoint><Time>2025-08-28T12:38:04.807Z</Time><DistanceMeters>949.3595900287406</DistanceMeters><HeartRateBpm><Value>148</Value></HeartRateBpm><Cadence>26</Cadence><Extensions><ext:TPX><ext:Watts>48.878787878787875</ext:Watts><ext:Torque>20</ext:Torque></ext:TPX></Extensions></Trackpoint><Trackpoint><Time>2025-08-28T12:38:05.962Z</Time><DistanceMeters>953.1352910521481</DistanceMeters><HeartRateBpm><Value>149</Value></HeartRateBpm><Cadence>26</Cadence><Extensions><ext:TPX><ext:Watts>48.15151515151515</ext:Watts><ext:Torque>20</ext:Torque></ext:TPX></Extensions></Trackpoint><Trackpoint><Time>2025-08-28T12:38:07.117Z</Time><DistanceMeters>957.1295977987484</DistanceMeters><HeartRateBpm><Value>149</Value></HeartRateBpm><Cadence>26</Cadence><Extensions><ext:TPX><ext:Watts>50.93939393939394</ext:Watts><ext:Torque>20</ext:Torque></ext:TPX></Extensions></Trackpoint><Trackpoint><Time>2025-08-28T12:38:08.272Z</Time><DistanceMeters>960.9884640429357</DistanceMeters><HeartRateBpm><Value>149</Value></HeartRateBpm><Cadence>26</Cadence><Extensions><ext:TPX><ext:Watts>49.21212121212121</ext:Watts><ext:Torque>20</ext:Torque></ext:TPX></Extensions></Trackpoint><Trackpoint><Time>2025-08-28T12:38:09.427Z</Time><DistanceMeters>964.9043578670863</DistanceMeters><HeartRateBpm><Value>150</Value></HeartRateBpm><Cadence>26</Cadence><Extensions><ext:TPX><ext:Watts>49.93939393939394</ext:Watts><ext:Torque>20</ext:Torque></ext:TPX></Extensions></Trackpoint><Trackpoint><Time>2025-08-28T12:38:10.547Z</Time><DistanceMeters>968.9653122975617</DistanceMeters><HeartRateBpm><Value>150</Value></HeartRateBpm><Cadence>27</Cadence><Extensions><ext:TPX><ext:Watts>53.78125</ext:Watts><ext:Torque>20</ext:Torque></ext:TPX></Extensions></Trackpoint><Trackpoint><Time>2025-08-28T12:38:11.632Z</Time><DistanceMeters>973.0260439108237</DistanceMeters><HeartRateBpm><Value>151</Value></HeartRateBpm><Cadence>28</Cadence><Extensions><ext:TPX><ext:Watts>54.774193548387096</ext:Watts><ext:Torque>20</ext:Torque></ext:TPX></Extensions></Trackpoint><Trackpoint><Time>2025-08-28T12:38:12.752Z</Time><DistanceMeters>977.0752001006526</DistanceMeters><HeartRateBpm><Value>151</Value></HeartRateBpm><Cadence>27</Cadence><Extensions><ext:TPX><ext:Watts>53.625</ext:Watts><ext:Torque>20</ext:Torque></ext:TPX></Extensions></Trackpoint><Trackpoint><Time>2025-08-28T12:38:13.872Z</Time><DistanceMeters>981.0488475503449</DistanceMeters><HeartRateBpm><Value>151</Value></HeartRateBpm><Cadence>27</Cadence><Extensions><ext:TPX><ext:Watts>52.625</ext:Watts><ext:Torque>20</ext:Torque></ext:TPX></Extensions></Trackpoint><Trackpoint><Time>2025-08-28T12:38:14.992Z</Time><DistanceMeters>985.107442332691</DistanceMeters><HeartRateBpm><Value>151</Value></HeartRateBpm><Cadence>27</Cadence><Extensions><ext:TPX><ext:Watts>53.75</ext:Watts><ext:Torque>20</ext:Torque></ext:TPX></Extensions></Trackpoint><Trackpoint><Time>2025-08-28T12:38:16.112Z</Time><DistanceMeters>989.0976073192882</DistanceMeters><HeartRateBpm><Value>151</Value></HeartRateBpm><Cadence>27</Cadence><Extensions><ext:TPX><ext:Watts>52.84375</ext:Watts><ext:Torque>20</ext:Torque></ext:TPX></Extensions></Trackpoint><Trackpoint><Time>2025-08-28T12:38:17.267Z</Time><DistanceMeters>993.1228040050353</DistanceMeters><HeartRateBpm><Value>151</Value></HeartRateBpm><Cadence>26</Cadence><Extensions><ext:TPX><ext:Watts>51.333333333333336</ext:Watts><ext:Torque>20</ext:Torque></ext:TPX></Extensions></Trackpoint><Trackpoint><Time>2025-08-28T12:38:18.387Z</Time><DistanceMeters>997.1460040654423</DistanceMeters><HeartRateBpm><Value>151</Value></HeartRateBpm><Cadence>27</Cadence><Extensions><ext:TPX><ext:Watts>53.28125</ext:Watts><ext:Torque>20</ext:Torque></ext:TPX></Extensions></Trackpoint><Trackpoint><Time>2025-08-28T12:38:19.507Z</Time><DistanceMeters>1001.1125725707468</DistanceMeters><HeartRateBpm><Value>151</Value></HeartRateBpm><Cadence>27</Cadence><Extensions><ext:TPX><ext:Watts>52.53125</ext:Watts><ext:Torque>20</ext:Torque></ext:TPX></Extensions></Trackpoint><Trackpoint><Time>2025-08-28T12:38:20.662Z</Time><DistanceMeters>1004.9429250249525</DistanceMeters><HeartRateBpm><Value>151</Value></HeartRateBpm><Cadence>26</Cadence><Extensions><ext:TPX><ext:Watts>48.84848484848485</ext:Watts><ext:Torque>20</ext:Torque></ext:TPX></Extensions></Trackpoint><Trackpoint><Time>2025-08-28T12:38:21.817Z</Time><DistanceMeters>1008.8231766116261</DistanceMeters><HeartRateBpm><Value>151</Value></HeartRateBpm><Cadence>26</Cadence><Extensions><ext:TPX><ext:Watts>49.484848484848484</ext:Watts><ext:Torque>20</ext:Torque></ext:TPX></Extensions></Trackpoint><Trackpoint><Time>2025-08-28T12:38:22.973Z</Time><DistanceMeters>1012.5869968892079</DistanceMeters><HeartRateBpm><Value>151</Value></HeartRateBpm><Cadence>26</Cadence><Extensions><ext:TPX><ext:Watts>48.0</ext:Watts><ext:Torque>20</ext:Torque></ext:TPX></Extensions></Trackpoint><Trackpoint><Time>2025-08-28T12:38:24.127Z</Time><DistanceMeters>1016.3555694651199</DistanceMeters><HeartRateBpm><Value>151</Value></HeartRateBpm><Cadence>26</Cadence><Extensions><ext:TPX><ext:Watts>48.06060606060606</ext:Watts><ext:Torque>20</ext:Torque></ext:TPX></Extensions></Trackpoint><Trackpoint><Time>2025-08-28T12:38:25.317Z</Time><DistanceMeters>1020.3682815836064</DistanceMeters><HeartRateBpm><Value>151</Value></HeartRateBpm><Cadence>25</Cadence><Extensions><ext:TPX><ext:Watts>49.205882352941174</ext:Watts><ext:Torque>20</ext:Torque></ext:TPX></Extensions></Trackpoint><Trackpoint><Time>2025-08-28T12:38:26.577Z</Time><DistanceMeters>1024.3088939594888</DistanceMeters><HeartRateBpm><Value>151</Value></HeartRateBpm><Cadence>24</Cadence><Extensions><ext:TPX><ext:Watts>46.388888888888886</ext:Watts><ext:Torque>20</ext:Torque></ext:TPX></Extensions></Trackpoint><Trackpoint><Time>2025-08-28T12:38:27.872Z</Time><DistanceMeters>1028.1923146757774</DistanceMeters><HeartRateBpm><Value>151</Value></HeartRateBpm><Cadence>23</Cadence><Extensions><ext:TPX><ext:Watts>43.810810810810814</ext:Watts><ext:Torque>20</ext:Torque></ext:TPX></Extensions></Trackpoint><Trackpoint><Time>2025-08-28T12:38:28.608Z</Time><DistanceMeters>1028.6753601353278</DistanceMeters><HeartRateBpm><Value>151</Value></HeartRateBpm><Cadence>41</Cadence><Extensions><ext:TPX><ext:Watts>9.714285714285714</ext:Watts><ext:Torque>20</ext:Torque></ext:TPX></Extensions></Trackpoint><Trackpoint><Time>2025-08-28T12:38:29.202Z</Time><DistanceMeters>1028.8012226946005</DistanceMeters><HeartRateBpm><Value>151</Value></HeartRateBpm><Cadence>50</Cadence><Extensions><ext:TPX><ext:Watts>3.1176470588235294</ext:Watts><ext:Torque>38</ext:Torque></ext:TPX></Extensions></Trackpoint><Trackpoint><Time>2025-08-28T12:38:34.732Z</Time><DistanceMeters>1030.6912508771272</DistanceMeters><HeartRateBpm><Value>149</Value></HeartRateBpm><Cadence>17</Cadence><Extensions><ext:TPX><ext:Watts>15.76</ext:Watts><ext:Torque>25</ext:Torque></ext:TPX></Extensions></Trackpoint><Trackpoint><Time>2025-08-28T12:38:35.747Z</Time><DistanceMeters>1032.83603449527</DistanceMeters><HeartRateBpm><Value>149</Value></HeartRateBpm><Cadence>30</Cadence><Extensions><ext:TPX><ext:Watts>31.03448275862069</ext:Watts><ext:Torque>20</ext:Torque></ext:TPX></Extensions></Trackpoint><Trackpoint><Time>2025-08-28T12:38:36.797Z</Time><DistanceMeters>1035.1442174569215</DistanceMeters><HeartRateBpm><Value>149</Value></HeartRateBpm><Cadence>28</Cadence><Extensions><ext:TPX><ext:Watts>32.266666666666666</ext:Watts><ext:Torque>20</ext:Torque></ext:TPX></Extensions></Trackpoint><Trackpoint><Time>2025-08-28T12:38:37.847Z</Time><DistanceMeters>1037.3856347957153</DistanceMeters><HeartRateBpm><Value>148</Value></HeartRateBpm><Cadence>28</Cadence><Extensions><ext:TPX><ext:Watts>31.333333333333332</ext:Watts><ext:Torque>20</ext:Torque></ext:TPX></Extensions></Trackpoint><Trackpoint><Time>2025-08-28T12:38:38.932Z</Time><DistanceMeters>1039.6694973932802</DistanceMeters><HeartRateBpm><Value>148</Value></HeartRateBpm><Cadence>28</Cadence><Extensions><ext:TPX><ext:Watts>30.806451612903224</ext:Watts><ext:Torque>20</ext:Torque></ext:TPX></Extensions></Trackpoint><Trackpoint><Time>2025-08-28T12:38:40.017Z</Time><DistanceMeters>1042.0227128864778</DistanceMeters><HeartRateBpm><Value>146</Value></HeartRateBpm><Cadence>28</Cadence><Extensions><ext:TPX><ext:Watts>31.741935483870968</ext:Watts><ext:Torque>20</ext:Torque></ext:TPX></Extensions></Trackpoint><Trackpoint><Time>2025-08-28T12:38:41.137Z</Time><DistanceMeters>1044.3375277012926</DistanceMeters><HeartRateBpm><Value>146</Value></HeartRateBpm><Cadence>27</Cadence><Extensions><ext:TPX><ext:Watts>30.65625</ext:Watts><ext:Torque>20</ext:Torque></ext:TPX></Extensions></Trackpoint><Trackpoint><Time>2025-08-28T12:38:42.222Z</Time><DistanceMeters>1046.5807351531416</DistanceMeters><HeartRateBpm><Value>145</Value></HeartRateBpm><Cadence>28</Cadence><Extensions><ext:TPX><ext:Watts>30.258064516129032</ext:Watts><ext:Torque>20</ext:Torque></ext:TPX></Extensions></Trackpoint><Trackpoint><Time>2025-08-28T12:38:43.342Z</Time><DistanceMeters>1048.8719534866636</DistanceMeters><HeartRateBpm><Value>144</Value></HeartRateBpm><Cadence>27</Cadence><Extensions><ext:TPX><ext:Watts>30.34375</ext:Watts><ext:Torque>20</ext:Torque></ext:TPX></Extensions></Trackpoint><Trackpoint><Time>2025-08-28T12:38:44.463Z</Time><DistanceMeters>1051.1254174501173</DistanceMeters><HeartRateBpm><Value>143</Value></HeartRateBpm><Cadence>27</Cadence><Extensions><ext:TPX><ext:Watts>29.84375</ext:Watts><ext:Torque>20</ext:Torque></ext:TPX></Extensions></Trackpoint><Trackpoint><Time>2025-08-28T12:38:45.617Z</Time><DistanceMeters>1053.37800685867</DistanceMeters><HeartRateBpm><Value>142</Value></HeartRateBpm><Cadence>26</Cadence><Extensions><ext:TPX><ext:Watts>28.727272727272727</ext:Watts><ext:Torque>20</ext:Torque></ext:TPX></Extensions></Trackpoint><Trackpoint><Time>2025-08-28T12:38:46.737Z</Time><DistanceMeters>1055.5441638413408</DistanceMeters><HeartRateBpm><Value>141</Value></HeartRateBpm><Cadence>27</Cadence><Extensions><ext:TPX><ext:Watts>28.6875</ext:Watts><ext:Torque>20</ext:Torque></ext:TPX></Extensions></Trackpoint><Trackpoint><Time>2025-08-28T12:38:47.893Z</Time><DistanceMeters>1057.7967532498935</DistanceMeters><HeartRateBpm><Value>140</Value></HeartRateBpm><Cadence>26</Cadence><Extensions><ext:TPX><ext:Watts>28.727272727272727</ext:Watts><ext:Torque>20</ext:Torque></ext:TPX></Extensions></Trackpoint><Trackpoint><Time>2025-08-28T12:38:49.048Z</Time><DistanceMeters>1060.0493426584462</DistanceMeters><HeartRateBpm><Value>139</Value></HeartRateBpm><Cadence>26</Cadence><Extensions><ext:TPX><ext:Watts>28.727272727272727</ext:Watts><ext:Torque>20</ext:Torque></ext:TPX></Extensions></Trackpoint><Trackpoint><Time>2025-08-28T12:38:50.168Z</Time><DistanceMeters>1062.2815697887365</DistanceMeters><HeartRateBpm><Value>139</Value></HeartRateBpm><Cadence>27</Cadence><Extensions><ext:TPX><ext:Watts>29.5625</ext:Watts><ext:Torque>20</ext:Torque></ext:TPX></Extensions></Trackpoint><Trackpoint><Time>2025-08-28T12:38:51.323Z</Time><DistanceMeters>1064.5698014347663</DistanceMeters><HeartRateBpm><Value>138</Value></HeartRateBpm><Cadence>26</Cadence><Extensions><ext:TPX><ext:Watts>29.181818181818183</ext:Watts><ext:Torque>20</ext:Torque></ext:TPX></Extensions></Trackpoint><Trackpoint><Time>2025-08-28T12:38:52.513Z</Time><DistanceMeters>1066.891561943251</DistanceMeters><HeartRateBpm><Value>137</Value></HeartRateBpm><Cadence>25</Cadence><Extensions><ext:TPX><ext:Watts>28.470588235294116</ext:Watts><ext:Torque>20</ext:Torque></ext:TPX></Extensions></Trackpoint><Trackpoint><Time>2025-08-28T12:38:53.668Z</Time><DistanceMeters>1069.096628368501</DistanceMeters><HeartRateBpm><Value>137</Value></HeartRateBpm><Cadence>26</Cadence><Extensions><ext:TPX><ext:Watts>28.12121212121212</ext:Watts><ext:Torque>20</ext:Torque></ext:TPX></Extensions></Trackpoint><Trackpoint><Time>2025-08-28T12:38:54.823Z</Time><DistanceMeters>1071.3515939262188</DistanceMeters><HeartRateBpm><Value>137</Value></HeartRateBpm><Cadence>26</Cadence><Extensions><ext:TPX><ext:Watts>28.757575757575758</ext:Watts><ext:Torque>20</ext:Torque></ext:TPX></Extensions></Trackpoint><Trackpoint><Time>2025-08-28T12:38:56.013Z</Time><DistanceMeters>1073.6805499734696</DistanceMeters><HeartRateBpm><Value>136</Value></HeartRateBpm><Cadence>25</Cadence><Extensions><ext:TPX><ext:Watts>28.558823529411764</ext:Watts><ext:Torque>20</ext:Torque></ext:TPX></Extensions></Trackpoint><Trackpoint><Time>2025-08-28T12:38:57.133Z</Time><DistanceMeters>1075.931654288794</DistanceMeters><HeartRateBpm><Value>136</Value></HeartRateBpm><Cadence>27</Cadence><Extensions><ext:TPX><ext:Watts>29.8125</ext:Watts><ext:Torque>20</ext:Torque></ext:TPX></Extensions></Trackpoint><Trackpoint><Time>2025-08-28T12:38:58.288Z</Time><DistanceMeters>1078.2056290398332</DistanceMeters><HeartRateBpm><Value>136</Value></HeartRateBpm><Cadence>26</Cadence><Extensions><ext:TPX><ext:Watts>29.0</ext:Watts><ext:Torque>20</ext:Torque></ext:TPX></Extensions></Trackpoint><Trackpoint><Time>2025-08-28T12:38:59.443Z</Time><DistanceMeters>1080.5033652825236</DistanceMeters><HeartRateBpm><Value>135</Value></HeartRateBpm><Cadence>26</Cadence><Extensions><ext:TPX><ext:Watts>29.303030303030305</ext:Watts><ext:Torque>20</ext:Torque></ext:TPX></Extensions></Trackpoint><Trackpoint><Time>2025-08-28T12:39:00.598Z</Time><DistanceMeters>1082.7203124535993</DistanceMeters><HeartRateBpm><Value>135</Value></HeartRateBpm><Cadence>26</Cadence><Extensions><ext:TPX><ext:Watts>28.272727272727273</ext:Watts><ext:Torque>20</ext:Torque></ext:TPX></Extensions></Trackpoint><Trackpoint><Time>2025-08-28T12:39:01.753Z</Time><DistanceMeters>1084.9657734146565</DistanceMeters><HeartRateBpm><Value>135</Value></HeartRateBpm><Cadence>26</Cadence><Extensions><ext:TPX><ext:Watts>28.636363636363637</ext:Watts><ext:Torque>20</ext:Torque></ext:TPX></Extensions></Trackpoint><Trackpoint><Time>2025-08-28T12:39:02.908Z</Time><DistanceMeters>1087.1755921382367</DistanceMeters><HeartRateBpm><Value>134</Value></HeartRateBpm><Cadence>26</Cadence><Extensions><ext:TPX><ext:Watts>28.181818181818183</ext:Watts><ext:Torque>20</ext:Torque></ext:TPX></Extensions></Trackpoint><Trackpoint><Time>2025-08-28T12:39:04.098Z</Time><DistanceMeters>1089.5069466984094</DistanceMeters><HeartRateBpm><Value>134</Value></HeartRateBpm><Cadence>25</Cadence><Extensions><ext:TPX><ext:Watts>28.58823529411765</ext:Watts><ext:Torque>20</ext:Torque></ext:TPX></Extensions></Trackpoint><Trackpoint><Time>2025-08-28T12:39:05.253Z</Time><DistanceMeters>1091.6930039303381</DistanceMeters><HeartRateBpm><Value>133</Value></HeartRateBpm><Cadence>26</Cadence><Extensions><ext:TPX><ext:Watts>27.87878787878788</ext:Watts><ext:Torque>20</ext:Torque></ext:TPX></Extensions></Trackpoint><Trackpoint><Time>2025-08-28T12:39:06.408Z</Time><DistanceMeters>1093.9337125930651</DistanceMeters><HeartRateBpm><Value>133</Value></HeartRateBpm><Cadence>26</Cadence><Extensions><ext:TPX><ext:Watts>28.575757575757574</ext:Watts><ext:Torque>20</ext:Torque></ext:TPX></Extensions></Trackpoint><Trackpoint><Time>2025-08-28T12:39:07.598Z</Time><DistanceMeters>1096.200307304344</DistanceMeters><HeartRateBpm><Value>132</Value></HeartRateBpm><Cadence>25</Cadence><Extensions><ext:TPX><ext:Watts>27.794117647058822</ext:Watts><ext:Torque>20</ext:Torque></ext:TPX></Extensions></Trackpoint><Trackpoint><Time>2025-08-28T12:39:08.753Z</Time><DistanceMeters>1098.388740685438</DistanceMeters><HeartRateBpm><Value>132</Value></HeartRateBpm><Cadence>26</Cadence><Extensions><ext:TPX><ext:Watts>27.90909090909091</ext:Watts><ext:Torque>20</ext:Torque></ext:TPX></Extensions></Trackpoint><Trackpoint><Time>2025-08-28T12:39:09.908Z</Time><DistanceMeters>1100.577174066532</DistanceMeters><HeartRateBpm><Value>131</Value></HeartRateBpm><Cadence>26</Cadence><Extensions><ext:TPX><ext:Watts>27.90909090909091</ext:Watts><ext:Torque>20</ext:Torque></ext:TPX></Extensions></Trackpoint><Trackpoint><Time>2025-08-28T12:39:11.098Z</Time><DistanceMeters>1102.858159855343</DistanceMeters><HeartRateBpm><Value>131</Value></HeartRateBpm><Cadence>25</Cadence><Extensions><ext:TPX><ext:Watts>27.970588235294116</ext:Watts><ext:Torque>20</ext:Torque></ext:TPX></Extensions></Trackpoint><Trackpoint><Time>2025-08-28T12:39:12.253Z</Time><DistanceMeters>1105.0703547280884</DistanceMeters><HeartRateBpm><Value>130</Value></HeartRateBpm><Cadence>26</Cadence><Extensions><ext:TPX><ext:Watts>28.21212121212121</ext:Watts><ext:Torque>20</ext:Torque></ext:TPX></Extensions></Trackpoint><Trackpoint><Time>2025-08-28T12:39:13.408Z</Time><DistanceMeters>1107.2825496008338</DistanceMeters><HeartRateBpm><Value>130</Value></HeartRateBpm><Cadence>26</Cadence><Extensions><ext:TPX><ext:Watts>28.21212121212121</ext:Watts><ext:Torque>20</ext:Torque></ext:TPX></Extensions></Trackpoint><Trackpoint><Time>2025-08-28T12:39:14.563Z</Time><DistanceMeters>1109.4971206227442</DistanceMeters><HeartRateBpm><Value>130</Value></HeartRateBpm><Cadence>26</Cadence><Extensions><ext:TPX><ext:Watts>28.242424242424242</ext:Watts><ext:Torque>20</ext:Torque></ext:TPX></Extensions></Trackpoint><Trackpoint><Time>2025-08-28T12:39:15.753Z</Time><DistanceMeters>1111.7637153340231</DistanceMeters><HeartRateBpm><Value>129</Value></HeartRateBpm><Cadence>25</Cadence><Extensions><ext:TPX><ext:Watts>27.794117647058822</ext:Watts><ext:Torque>20</ext:Torque></ext:TPX></Extensions></Trackpoint><Trackpoint><Time>2025-08-28T12:39:16.943Z</Time><DistanceMeters>1113.9991293773162</DistanceMeters><HeartRateBpm><Value>129</Value></HeartRateBpm><Cadence>25</Cadence><Extensions><ext:TPX><ext:Watts>27.41176470588235</ext:Watts><ext:Torque>20</ext:Torque></ext:TPX></Extensions></Trackpoint><Trackpoint><Time>2025-08-28T12:39:18.098Z</Time><DistanceMeters>1116.235085741713</DistanceMeters><HeartRateBpm><Value>129</Value></HeartRateBpm><Cadence>26</Cadence><Extensions><ext:TPX><ext:Watts>28.515151515151516</ext:Watts><ext:Torque>20</ext:Torque></ext:TPX></Extensions></Trackpoint><Trackpoint><Time>2025-08-28T12:39:19.288Z</Time><DistanceMeters>1118.5808313794175</DistanceMeters><HeartRateBpm><Value>128</Value></HeartRateBpm><Cadence>25</Cadence><Extensions><ext:TPX><ext:Watts>28.764705882352942</ext:Watts><ext:Torque>20</ext:Torque></ext:TPX></Extensions></Trackpoint><Trackpoint><Time>2025-08-28T12:39:20.478Z</Time><DistanceMeters>1120.979344301406</DistanceMeters><HeartRateBpm><Value>128</Value></HeartRateBpm><Cadence>25</Cadence><Extensions><ext:TPX><ext:Watts>29.41176470588235</ext:Watts><ext:Torque>20</ext:Torque></ext:TPX></Extensions></Trackpoint><Trackpoint><Time>2025-08-28T12:39:21.703Z</Time><DistanceMeters>1123.3901644617113</DistanceMeters><HeartRateBpm><Value>128</Value></HeartRateBpm><Cadence>24</Cadence><Extensions><ext:TPX><ext:Watts>28.97142857142857</ext:Watts><ext:Torque>20</ext:Torque></ext:TPX></Extensions></Trackpoint><Trackpoint><Time>2025-08-28T12:39:22.928Z</Time><DistanceMeters>1125.907973682385</DistanceMeters><HeartRateBpm><Value>128</Value></HeartRateBpm><Cadence>24</Cadence><Extensions><ext:TPX><ext:Watts>30.257142857142856</ext:Watts><ext:Torque>20</ext:Torque></ext:TPX></Extensions></Trackpoint><Trackpoint><Time>2025-08-28T12:39:24.188Z</Time><DistanceMeters>1128.44931471761</DistanceMeters><HeartRateBpm><Value>127</Value></HeartRateBpm><Cadence>24</Cadence><Extensions><ext:TPX><ext:Watts>29.916666666666668</ext:Watts><ext:Torque>20</ext:Torque></ext:TPX></Extensions></Trackpoint><Trackpoint><Time>2025-08-28T12:39:25.413Z</Time><DistanceMeters>1130.9005529673877</DistanceMeters><HeartRateBpm><Value>127</Value></HeartRateBpm><Cadence>24</Cadence><Extensions><ext:TPX><ext:Watts>29.457142857142856</ext:Watts><ext:Torque>20</ext:Torque></ext:TPX></Extensions></Trackpoint><Trackpoint><Time>2025-08-28T12:39:26.638Z</Time><DistanceMeters>1133.52535124843</DistanceMeters><HeartRateBpm><Value>126</Value></HeartRateBpm><Cadence>24</Cadence><Extensions><ext:TPX><ext:Watts>31.542857142857144</ext:Watts><ext:Torque>20</ext:Torque></ext:TPX></Extensions></Trackpoint><Trackpoint><Time>2025-08-28T12:39:27.898Z</Time><DistanceMeters>1136.0312975617157</DistanceMeters><HeartRateBpm><Value>126</Value></HeartRateBpm><Cadence>24</Cadence><Extensions><ext:TPX><ext:Watts>29.5</ext:Watts><ext:Torque>20</ext:Torque></ext:TPX></Extensions></Trackpoint><Trackpoint><Time>2025-08-28T12:39:29.123Z</Time><DistanceMeters>1138.8082580619491</DistanceMeters><HeartRateBpm><Value>125</Value></HeartRateBpm><Cadence>24</Cadence><Extensions><ext:TPX><ext:Watts>33.371428571428574</ext:Watts><ext:Torque>20</ext:Torque></ext:TPX></Extensions></Trackpoint><Trackpoint><Time>2025-08-28T12:39:30.388Z</Time><DistanceMeters>1141.408489889847</DistanceMeters><HeartRateBpm><Value>125</Value></HeartRateBpm><Cadence>24</Cadence><Extensions><ext:TPX><ext:Watts>29.97222222222222</ext:Watts><ext:Torque>20</ext:Torque></ext:TPX></Extensions></Trackpoint><Trackpoint><Time>2025-08-28T12:39:31.614Z</Time><DistanceMeters>1144.0332881708894</DistanceMeters><HeartRateBpm><Value>123</Value></HeartRateBpm><Cadence>24</Cadence><Extensions><ext:TPX><ext:Watts>31.542857142857144</ext:Watts><ext:Torque>20</ext:Torque></ext:TPX></Extensions></Trackpoint><Trackpoint><Time>2025-08-28T12:39:32.839Z</Time><DistanceMeters>1146.6319335705084</DistanceMeters><HeartRateBpm><Value>122</Value></HeartRateBpm><Cadence>24</Cadence><Extensions><ext:TPX><ext:Watts>31.228571428571428</ext:Watts><ext:Torque>20</ext:Torque></ext:TPX></Extensions></Trackpoint><Trackpoint><Time>2025-08-28T12:39:34.063Z</Time><DistanceMeters>1149.6181171221292</DistanceMeters><HeartRateBpm><Value>122</Value></HeartRateBpm><Cadence>24</Cadence><Extensions><ext:TPX><ext:Watts>35.885714285714286</ext:Watts><ext:Torque>20</ext:Torque></ext:TPX></Extensions></Trackpoint><Trackpoint><Time>2025-08-28T12:39:35.323Z</Time><DistanceMeters>1152.6833000420522</DistanceMeters><HeartRateBpm><Value>121</Value></HeartRateBpm><Cadence>24</Cadence><Extensions><ext:TPX><ext:Watts>36.083333333333336</ext:Watts><ext:Torque>20</ext:Torque></ext:TPX></Extensions></Trackpoint><Trackpoint><Time>2025-08-28T12:39:36.584Z</Time><DistanceMeters>1155.7767987395264</DistanceMeters><HeartRateBpm><Value>121</Value></HeartRateBpm><Cadence>24</Cadence><Extensions><ext:TPX><ext:Watts>36.416666666666664</ext:Watts><ext:Torque>20</ext:Torque></ext:TPX></Extensions></Trackpoint><Trackpoint><Time>2025-08-28T12:39:37.879Z</Time><DistanceMeters>1158.9678637574762</DistanceMeters><HeartRateBpm><Value>121</Value></HeartRateBpm><Cadence>23</Cadence><Extensions><ext:TPX><ext:Watts>36.0</ext:Watts><ext:Torque>20</ext:Torque></ext:TPX></Extensions></Trackpoint><Trackpoint><Time>2025-08-28T12:39:39.173Z</Time><DistanceMeters>1162.0223741913244</DistanceMeters><HeartRateBpm><Value>121</Value></HeartRateBpm><Cadence>23</Cadence><Extensions><ext:TPX><ext:Watts>34.45945945945946</ext:Watts><ext:Torque>20</ext:Torque></ext:TPX></Extensions></Trackpoint><Trackpoint><Time>2025-08-28T12:39:40.469Z</Time><DistanceMeters>1165.1942736536107</DistanceMeters><HeartRateBpm><Value>122</Value></HeartRateBpm><Cadence>23</Cadence><Extensions><ext:TPX><ext:Watts>35.78378378378378</ext:Watts><ext:Torque>20</ext:Torque></ext:TPX></Extensions></Trackpoint><Trackpoint><Time>2025-08-28T12:39:41.764Z</Time><DistanceMeters>1168.370964504813</DistanceMeters><HeartRateBpm><Value>123</Value></HeartRateBpm><Cadence>23</Cadence><Extensions><ext:TPX><ext:Watts>35.83783783783784</ext:Watts><ext:Torque>20</ext:Torque></ext:TPX></Extensions></Trackpoint><Trackpoint><Time>2025-08-28T12:39:43.094Z</Time><DistanceMeters>1171.621019646064</DistanceMeters><HeartRateBpm><Value>123</Value></HeartRateBpm><Cadence>22</Cadence><Extensions><ext:TPX><ext:Watts>35.86842105263158</ext:Watts><ext:Torque>20</ext:Torque></ext:TPX></Extensions></Trackpoint><Trackpoint><Time>2025-08-28T12:39:44.424Z</Time><DistanceMeters>1174.787617758743</DistanceMeters><HeartRateBpm><Value>125</Value></HeartRateBpm><Cadence>22</Cadence><Extensions><ext:TPX><ext:Watts>34.94736842105263</ext:Watts><ext:Torque>20</ext:Torque></ext:TPX></Extensions></Trackpoint><Trackpoint><Time>2025-08-28T12:39:45.829Z</Time><DistanceMeters>1177.2696602877238</DistanceMeters><HeartRateBpm><Value>126</Value></HeartRateBpm><Cadence>22</Cadence><Extensions><ext:TPX><ext:Watts>26.175</ext:Watts><ext:Torque>20</ext:Torque></ext:TPX></Extensions></Trackpoint><Trackpoint><Time>2025-08-28T12:39:47.089Z</Time><DistanceMeters>1180.2262993937004</DistanceMeters><HeartRateBpm><Value>127</Value></HeartRateBpm><Cadence>24</Cadence><Extensions><ext:TPX><ext:Watts>34.80555555555556</ext:Watts><ext:Torque>20</ext:Torque></ext:TPX></Extensions></Trackpoint><Trackpoint><Time>2025-08-28T12:39:48.419Z</Time><DistanceMeters>1183.3857440467875</DistanceMeters><HeartRateBpm><Value>128</Value></HeartRateBpm><Cadence>22</Cadence><Extensions><ext:TPX><ext:Watts>34.86842105263158</ext:Watts><ext:Torque>20</ext:Torque></ext:TPX></Extensions></Trackpoint><Trackpoint><Time>2025-08-28T12:39:49.714Z</Time><DistanceMeters>1186.5384779534106</DistanceMeters><HeartRateBpm><Value>129</Value></HeartRateBpm><Cadence>23</Cadence><Extensions><ext:TPX><ext:Watts>35.567567567567565</ext:Watts><ext:Torque>20</ext:Torque></ext:TPX></Extensions></Trackpoint><Trackpoint><Time>2025-08-28T12:39:51.009Z</Time><DistanceMeters>1189.437268247494</DistanceMeters><HeartRateBpm><Value>129</Value></HeartRateBpm><Cadence>23</Cadence><Extensions><ext:TPX><ext:Watts>32.7027027027027</ext:Watts><ext:Torque>20</ext:Torque></ext:TPX></Extensions></Trackpoint><Trackpoint><Time>2025-08-28T12:39:52.374Z</Time><DistanceMeters>1192.2292435165336</DistanceMeters><HeartRateBpm><Value>130</Value></HeartRateBpm><Cadence>22</Cadence><Extensions><ext:TPX><ext:Watts>30.128205128205128</ext:Watts><ext:Torque>20</ext:Torque></ext:TPX></Extensions></Trackpoint><Trackpoint><Time>2025-08-28T12:39:53.704Z</Time><DistanceMeters>1194.7663371851258</DistanceMeters><HeartRateBpm><Value>131</Value></HeartRateBpm><Cadence>22</Cadence><Extensions><ext:TPX><ext:Watts>28.0</ext:Watts><ext:Torque>20</ext:Torque></ext:TPX></Extensions></Trackpoint><Trackpoint><Time>2025-08-28T12:39:54.999Z</Time><DistanceMeters>1197.166823031962</DistanceMeters><HeartRateBpm><Value>131</Value></HeartRateBpm><Cadence>23</Cadence><Extensions><ext:TPX><ext:Watts>27.08108108108108</ext:Watts><ext:Torque>20</ext:Torque></ext:TPX></Extensions></Trackpoint><Trackpoint><Time>2025-08-28T12:39:56.294Z</Time><DistanceMeters>1199.4547112392759</DistanceMeters><HeartRateBpm><Value>132</Value></HeartRateBpm><Cadence>23</Cadence><Extensions><ext:TPX><ext:Watts>25.81081081081081</ext:Watts><ext:Torque>20</ext:Torque></ext:TPX></Extensions></Trackpoint><Trackpoint><Time>2025-08-28T12:39:57.589Z</Time><DistanceMeters>1201.8192616692431</DistanceMeters><HeartRateBpm><Value>132</Value></HeartRateBpm><Cadence>23</Cadence><Extensions><ext:TPX><ext:Watts>26.675675675675677</ext:Watts><ext:Torque>20</ext:Torque></ext:TPX></Extensions></Trackpoint><Trackpoint><Time>2025-08-28T12:39:58.884Z</Time><DistanceMeters>1204.2389130717427</DistanceMeters><HeartRateBpm><Value>132</Value></HeartRateBpm><Cadence>23</Cadence><Extensions><ext:TPX><ext:Watts>27.2972972972973</ext:Watts><ext:Torque>20</ext:Torque></ext:TPX></Extensions></Trackpoint><Trackpoint><Time>2025-08-28T12:40:00.179Z</Time><DistanceMeters>1206.6226290573734</DistanceMeters><HeartRateBpm><Value>133</Value></HeartRateBpm><Cadence>23</Cadence><Extensions><ext:TPX><ext:Watts>26.89189189189189</ext:Watts><ext:Torque>20</ext:Torque></ext:TPX></Extensions></Trackpoint><Trackpoint><Time>2025-08-28T12:40:01.474Z</Time><DistanceMeters>1209.0614460155361</DistanceMeters><HeartRateBpm><Value>133</Value></HeartRateBpm><Cadence>23</Cadence><Extensions><ext:TPX><ext:Watts>27.513513513513512</ext:Watts><ext:Torque>20</ext:Torque></ext:TPX></Extensions></Trackpoint><Trackpoint><Time>2025-08-28T12:40:02.769Z</Time><DistanceMeters>1211.5481768628574</DistanceMeters><HeartRateBpm><Value>134</Value></HeartRateBpm><Cadence>23</Cadence><Extensions><ext:TPX><ext:Watts>28.054054054054053</ext:Watts><ext:Torque>20</ext:Torque></ext:TPX></Extensions></Trackpoint><Trackpoint><Time>2025-08-28T12:40:04.029Z</Time><DistanceMeters>1213.9172635846455</DistanceMeters><HeartRateBpm><Value>134</Value></HeartRateBpm><Cadence>24</Cadence><Extensions><ext:TPX><ext:Watts>27.88888888888889</ext:Watts><ext:Torque>20</ext:Torque></ext:TPX></Extensions></Trackpoint><Trackpoint><Time>2025-08-28T12:40:05.254Z</Time><DistanceMeters>1216.2520026353554</DistanceMeters><HeartRateBpm><Value>134</Value></HeartRateBpm><Cadence>24</Cadence><Extensions><ext:TPX><ext:Watts>28.057142857142857</ext:Watts><ext:Torque>20</ext:Torque></ext:TPX></Extensions></Trackpoint><Trackpoint><Time>2025-08-28T12:40:06.479Z</Time><DistanceMeters>1218.5653438739917</DistanceMeters><HeartRateBpm><Value>135</Value></HeartRateBpm><Cadence>24</Cadence><Extensions><ext:TPX><ext:Watts>27.8</ext:Watts><ext:Torque>20</ext:Torque></ext:TPX></Extensions></Trackpoint><Trackpoint><Time>2025-08-28T12:40:07.774Z</Time><DistanceMeters>1221.042491943481</DistanceMeters><HeartRateBpm><Value>136</Value></HeartRateBpm><Cadence>23</Cadence><Extensions><ext:TPX><ext:Watts>27.945945945945947</ext:Watts><ext:Torque>20</ext:Torque></ext:TPX></Extensions></Trackpoint><Trackpoint><Time>2025-08-28T12:40:09.034Z</Time><DistanceMeters>1223.5295610717326</DistanceMeters><HeartRateBpm><Value>137</Value></HeartRateBpm><Cadence>24</Cadence><Extensions><ext:TPX><ext:Watts>29.27777777777778</ext:Watts><ext:Torque>20</ext:Torque></ext:TPX></Extensions></Trackpoint><Trackpoint><Time>2025-08-28T12:40:10.294Z</Time><DistanceMeters>1226.1086564770258</DistanceMeters><HeartRateBpm><Value>137</Value></HeartRateBpm><Cadence>24</Cadence><Extensions><ext:TPX><ext:Watts>30.36111111111111</ext:Watts><ext:Torque>20</ext:Torque></ext:TPX></Extensions></Trackpoint><Trackpoint><Time>2025-08-28T12:40:11.519Z</Time><DistanceMeters>1228.6145780243253</DistanceMeters><HeartRateBpm><Value>138</Value></HeartRateBpm><Cadence>24</Cadence><Extensions><ext:TPX><ext:Watts>30.114285714285714</ext:Watts><ext:Torque>20</ext:Torque></ext:TPX></Extensions></Trackpoint><Trackpoint><Time>2025-08-28T12:40:12.814Z</Time><DistanceMeters>1231.3097342894855</DistanceMeters><HeartRateBpm><Value>137</Value></HeartRateBpm><Cadence>23</Cadence><Extensions><ext:TPX><ext:Watts>30.405405405405407</ext:Watts><ext:Torque>20</ext:Torque></ext:TPX></Extensions></Trackpoint><Trackpoint><Time>2025-08-28T12:40:14.074Z</Time><DistanceMeters>1233.9383823054934</DistanceMeters><HeartRateBpm><Value>138</Value></HeartRateBpm><Cadence>24</Cadence><Extensions><ext:TPX><ext:Watts>30.944444444444443</ext:Watts><ext:Torque>20</ext:Torque></ext:TPX></Extensions></Trackpoint><Trackpoint><Time>2025-08-28T12:40:15.334Z</Time><DistanceMeters>1236.4986005257524</DistanceMeters><HeartRateBpm><Value>138</Value></HeartRateBpm><Cadence>24</Cadence><Extensions><ext:TPX><ext:Watts>30.13888888888889</ext:Watts><ext:Torque>20</ext:Torque></ext:TPX></Extensions></Trackpoint><Trackpoint><Time>2025-08-28T12:40:16.594Z</Time><DistanceMeters>1238.9054416176089</DistanceMeters><HeartRateBpm><Value>138</Value></HeartRateBpm><Cadence>24</Cadence><Extensions><ext:TPX><ext:Watts>28.333333333333332</ext:Watts><ext:Torque>20</ext:Torque></ext:TPX></Extensions></Trackpoint><Trackpoint><Time>2025-08-28T12:40:17.820Z</Time><DistanceMeters>1241.2805987577913</DistanceMeters><HeartRateBpm><Value>138</Value></HeartRateBpm><Cadence>24</Cadence><Extensions><ext:TPX><ext:Watts>28.542857142857144</ext:Watts><ext:Torque>20</ext:Torque></ext:TPX></Extensions></Trackpoint><Trackpoint><Time>2025-08-28T12:40:19.044Z</Time><DistanceMeters>1243.6438682245994</DistanceMeters><HeartRateBpm><Value>137</Value></HeartRateBpm><Cadence>24</Cadence><Extensions><ext:TPX><ext:Watts>28.4</ext:Watts><ext:Torque>20</ext:Torque></ext:TPX></Extensions></Trackpoint><Trackpoint><Time>2025-08-28T12:40:20.234Z</Time><DistanceMeters>1246.023193043212</DistanceMeters><HeartRateBpm><Value>137</Value></HeartRateBpm><Cadence>25</Cadence><Extensions><ext:TPX><ext:Watts>29.176470588235293</ext:Watts><ext:Torque>20</ext:Torque></ext:TPX></Extensions></Trackpoint><Trackpoint><Time>2025-08-28T12:40:21.494Z</Time><DistanceMeters>1248.4158762462926</DistanceMeters><HeartRateBpm><Value>137</Value></HeartRateBpm><Cadence>24</Cadence><Extensions><ext:TPX><ext:Watts>28.166666666666668</ext:Watts><ext:Torque>20</ext:Torque></ext:TPX></Extensions></Trackpoint><Trackpoint><Time>2025-08-28T12:40:22.684Z</Time><DistanceMeters>1250.8119906553588</DistanceMeters><HeartRateBpm><Value>137</Value></HeartRateBpm><Cadence>25</Cadence><Extensions><ext:TPX><ext:Watts>29.38235294117647</ext:Watts><ext:Torque>20</ext:Torque></ext:TPX></Extensions></Trackpoint><Trackpoint><Time>2025-08-28T12:40:23.875Z</Time><DistanceMeters>1253.220097629035</DistanceMeters><HeartRateBpm><Value>136</Value></HeartRateBpm><Cadence>25</Cadence><Extensions><ext:TPX><ext:Watts>29.529411764705884</ext:Watts><ext:Torque>20</ext:Torque></ext:TPX></Extensions></Trackpoint><Trackpoint><Time>2025-08-28T12:40:25.100Z</Time><DistanceMeters>1255.6499380667392</DistanceMeters><HeartRateBpm><Value>136</Value></HeartRateBpm><Cadence>24</Cadence><Extensions><ext:TPX><ext:Watts>29.2</ext:Watts><ext:Torque>20</ext:Torque></ext:TPX></Extensions></Trackpoint><Trackpoint><Time>2025-08-28T12:40:26.360Z</Time><DistanceMeters>1258.0025072516223</DistanceMeters><HeartRateBpm><Value>136</Value></HeartRateBpm><Cadence>24</Cadence><Extensions><ext:TPX><ext:Watts>27.694444444444443</ext:Watts><ext:Torque>20</ext:Torque></ext:TPX></Extensions></Trackpoint><Trackpoint><Time>2025-08-28T12:40:27.620Z</Time><DistanceMeters>1260.3291203070835</DistanceMeters><HeartRateBpm><Value>136</Value></HeartRateBpm><Cadence>24</Cadence><Extensions><ext:TPX><ext:Watts>27.38888888888889</ext:Watts><ext:Torque>20</ext:Torque></ext:TPX></Extensions></Trackpoint><Trackpoint><Time>2025-08-28T12:40:28.880Z</Time><DistanceMeters>1262.6132596962177</DistanceMeters><HeartRateBpm><Value>136</Value></HeartRateBpm><Cadence>24</Cadence><Extensions><ext:TPX><ext:Watts>26.88888888888889</ext:Watts><ext:Torque>20</ext:Torque></ext:TPX></Extensions></Trackpoint><Trackpoint><Time>2025-08-28T12:40:30.175Z</Time><DistanceMeters>1265.011349848596</DistanceMeters><HeartRateBpm><Value>135</Value></HeartRateBpm><Cadence>23</Cadence><Extensions><ext:TPX><ext:Watts>27.054054054054053</ext:Watts><ext:Torque>20</ext:Torque></ext:TPX></Extensions></Trackpoint><Trackpoint><Time>2025-08-28T12:40:31.506Z</Time><DistanceMeters>1267.4959848135143</DistanceMeters><HeartRateBpm><Value>135</Value></HeartRateBpm><Cadence>22</Cadence><Extensions><ext:TPX><ext:Watts>27.42105263157895</ext:Watts><ext:Torque>20</ext:Torque></ext:TPX></Extensions></Trackpoint><Trackpoint><Time>2025-08-28T12:40:32.800Z</Time><DistanceMeters>1270.0761477446943</DistanceMeters><HeartRateBpm><Value>135</Value></HeartRateBpm><Cadence>23</Cadence><Extensions><ext:TPX><ext:Watts>29.10810810810811</ext:Watts><ext:Torque>20</ext:Torque></ext:TPX></Extensions></Trackpoint><Trackpoint><Time>2025-08-28T12:40:34.095Z</Time><DistanceMeters>1272.5868355365947</DistanceMeters><HeartRateBpm><Value>135</Value></HeartRateBpm><Cadence>23</Cadence><Extensions><ext:TPX><ext:Watts>28.324324324324323</ext:Watts><ext:Torque>20</ext:Torque></ext:TPX></Extensions></Trackpoint><Trackpoint><Time>2025-08-28T12:40:35.390Z</Time><DistanceMeters>1275.1190845786164</DistanceMeters><HeartRateBpm><Value>135</Value></HeartRateBpm><Cadence>23</Cadence><Extensions><ext:TPX><ext:Watts>28.56756756756757</ext:Watts><ext:Torque>20</ext:Torque></ext:TPX></Extensions></Trackpoint><Trackpoint><Time>2025-08-28T12:40:36.650Z</Time><DistanceMeters>1277.6014344106095</DistanceMeters><HeartRateBpm><Value>134</Value></HeartRateBpm><Cadence>24</Cadence><Extensions><ext:TPX><ext:Watts>29.22222222222222</ext:Watts><ext:Torque>20</ext:Torque></ext:TPX></Extensions></Trackpoint><Trackpoint><Time>2025-08-28T12:40:37.945Z</Time><DistanceMeters>1280.0713953967252</DistanceMeters><HeartRateBpm><Value>134</Value></HeartRateBpm><Cadence>23</Cadence><Extensions><ext:TPX><ext:Watts>27.864864864864863</ext:Watts><ext:Torque>20</ext:Torque></ext:TPX></Extensions></Trackpoint><Trackpoint><Time>2025-08-28T12:40:39.240Z</Time><DistanceMeters>1282.5485434662146</DistanceMeters><HeartRateBpm><Value>133</Value></HeartRateBpm><Cadence>23</Cadence><Extensions><ext:TPX><ext:Watts>27.945945945945947</ext:Watts><ext:Torque>20</ext:Torque></ext:TPX></Extensions></Trackpoint><Trackpoint><Time>2025-08-28T12:40:40.500Z</Time><DistanceMeters>1284.99077928001</DistanceMeters><HeartRateBpm><Value>132</Value></HeartRateBpm><Cadence>24</Cadence><Extensions><ext:TPX><ext:Watts>28.75</ext:Watts><ext:Torque>20</ext:Torque></ext:TPX></Extensions></Trackpoint><Trackpoint><Time>2025-08-28T12:40:41.760Z</Time><DistanceMeters>1287.4589712232273</DistanceMeters><HeartRateBpm><Value>131</Value></HeartRateBpm><Cadence>24</Cadence><Extensions><ext:TPX><ext:Watts>29.055555555555557</ext:Watts><ext:Torque>20</ext:Torque></ext:TPX></Extensions></Trackpoint><Trackpoint><Time>2025-08-28T12:40:43.020Z</Time><DistanceMeters>1289.8445754819202</DistanceMeters><HeartRateBpm><Value>130</Value></HeartRateBpm><Cadence>24</Cadence><Extensions><ext:TPX><ext:Watts>28.083333333333332</ext:Watts><ext:Torque>20</ext:Torque></ext:TPX></Extensions></Trackpoint><Trackpoint><Time>2025-08-28T12:40:44.210Z</Time><DistanceMeters>1292.2071107100787</DistanceMeters><HeartRateBpm><Value>130</Value></HeartRateBpm><Cadence>25</Cadence><Extensions><ext:TPX><ext:Watts>28.970588235294116</ext:Watts><ext:Torque>20</ext:Torque></ext:TPX></Extensions></Trackpoint><Trackpoint><Time>2025-08-28T12:40:45.435Z</Time><DistanceMeters>1294.6726141679057</DistanceMeters><HeartRateBpm><Value>128</Value></HeartRateBpm><Cadence>24</Cadence><Extensions><ext:TPX><ext:Watts>29.62857142857143</ext:Watts><ext:Torque>20</ext:Torque></ext:TPX></Extensions></Trackpoint><Trackpoint><Time>2025-08-28T12:40:46.625Z</Time><DistanceMeters>1297.1166988354119</DistanceMeters><HeartRateBpm><Value>128</Value></HeartRateBpm><Cadence>25</Cadence><Extensions><ext:TPX><ext:Watts>29.970588235294116</ext:Watts><ext:Torque>20</ext:Torque></ext:TPX></Extensions></Trackpoint><Trackpoint><Time>2025-08-28T12:40:47.885Z</Time><DistanceMeters>1299.540057464173</DistanceMeters><HeartRateBpm><Value>127</Value></HeartRateBpm><Cadence>24</Cadence><Extensions><ext:TPX><ext:Watts>28.52777777777778</ext:Watts><ext:Torque>20</ext:Torque></ext:TPX></Extensions></Trackpoint><Trackpoint><Time>2025-08-28T12:40:49.075Z</Time><DistanceMeters>1301.9241793086294</DistanceMeters><HeartRateBpm><Value>127</Value></HeartRateBpm><Cadence>25</Cadence><Extensions><ext:TPX><ext:Watts>29.235294117647058</ext:Watts><ext:Torque>20</ext:Torque></ext:TPX></Extensions></Trackpoint><Trackpoint><Time>2025-08-28T12:40:50.300Z</Time><DistanceMeters>1304.3017139834867</DistanceMeters><HeartRateBpm><Value>126</Value></HeartRateBpm><Cadence>24</Cadence><Extensions><ext:TPX><ext:Watts>28.571428571428573</ext:Watts><ext:Torque>20</ext:Torque></ext:TPX></Extensions></Trackpoint><Trackpoint><Time>2025-08-28T12:40:51.525Z</Time><DistanceMeters>1306.6863812623685</DistanceMeters><HeartRateBpm><Value>125</Value></HeartRateBpm><Cadence>24</Cadence><Extensions><ext:TPX><ext:Watts>28.65714285714286</ext:Watts><ext:Torque>20</ext:Torque></ext:TPX></Extensions></Trackpoint><Trackpoint><Time>2025-08-28T12:40:52.750Z</Time><DistanceMeters>1309.0639159372258</DistanceMeters><HeartRateBpm><Value>125</Value></HeartRateBpm><Cadence>24</Cadence><Extensions><ext:TPX><ext:Watts>28.571428571428573</ext:Watts><ext:Torque>20</ext:Torque></ext:TPX></Extensions></Trackpoint><Trackpoint><Time>2025-08-28T12:40:53.975Z</Time><DistanceMeters>1311.4152977306596</DistanceMeters><HeartRateBpm><Value>125</Value></HeartRateBpm><Cadence>24</Cadence><Extensions><ext:TPX><ext:Watts>28.257142857142856</ext:Watts><ext:Torque>20</ext:Torque></ext:TPX></Extensions></Trackpoint><Trackpoint><Time>2025-08-28T12:40:55.200Z</Time><DistanceMeters>1313.7666795240934</DistanceMeters><HeartRateBpm><Value>125</Value></HeartRateBpm><Cadence>24</Cadence><Extensions><ext:TPX><ext:Watts>28.257142857142856</ext:Watts><ext:Torque>20</ext:Torque></ext:TPX></Extensions></Trackpoint><Trackpoint><Time>2025-08-28T12:40:56.425Z</Time><DistanceMeters>1316.056245415981</DistanceMeters><HeartRateBpm><Value>124</Value></HeartRateBpm><Cadence>24</Cadence><Extensions><ext:TPX><ext:Watts>27.514285714285716</ext:Watts><ext:Torque>20</ext:Torque></ext:TPX></Extensions></Trackpoint><Trackpoint><Time>2025-08-28T12:40:57.650Z</Time><DistanceMeters>1318.4123822787647</DistanceMeters><HeartRateBpm><Value>124</Value></HeartRateBpm><Cadence>24</Cadence><Extensions><ext:TPX><ext:Watts>28.314285714285713</ext:Watts><ext:Torque>20</ext:Torque></ext:TPX></Extensions></Trackpoint><Trackpoint><Time>2025-08-28T12:40:58.875Z</Time><DistanceMeters>1320.7804068149226</DistanceMeters><HeartRateBpm><Value>124</Value></HeartRateBpm><Cadence>24</Cadence><Extensions><ext:TPX><ext:Watts>28.457142857142856</ext:Watts><ext:Torque>20</ext:Torque></ext:TPX></Extensions></Trackpoint><Trackpoint><Time>2025-08-28T12:41:00.100Z</Time><DistanceMeters>1323.0985031229084</DistanceMeters><HeartRateBpm><Value>124</Value></HeartRateBpm><Cadence>24</Cadence><Extensions><ext:TPX><ext:Watts>27.857142857142858</ext:Watts><ext:Torque>20</ext:Torque></ext:TPX></Extensions></Trackpoint><Trackpoint><Time>2025-08-28T12:41:01.325Z</Time><DistanceMeters>1325.4451298469926</DistanceMeters><HeartRateBpm><Value>124</Value></HeartRateBpm><Cadence>24</Cadence><Extensions><ext:TPX><ext:Watts>28.2</ext:Watts><ext:Torque>20</ext:Torque></ext:TPX></Extensions></Trackpoint><Trackpoint><Time>2025-08-28T12:41:02.515Z</Time><DistanceMeters>1327.814860613917</DistanceMeters><HeartRateBpm><Value>124</Value></HeartRateBpm><Cadence>25</Cadence><Extensions><ext:TPX><ext:Watts>29.058823529411764</ext:Watts><ext:Torque>20</ext:Torque></ext:TPX></Extensions></Trackpoint><Trackpoint><Time>2025-08-28T12:41:03.741Z</Time><DistanceMeters>1330.197150358124</DistanceMeters><HeartRateBpm><Value>124</Value></HeartRateBpm><Cadence>24</Cadence><Extensions><ext:TPX><ext:Watts>28.62857142857143</ext:Watts><ext:Torque>20</ext:Torque></ext:TPX></Extensions></Trackpoint><Trackpoint><Time>2025-08-28T12:41:04.965Z</Time><DistanceMeters>1332.626990795828</DistanceMeters><HeartRateBpm><Value>124</Value></HeartRateBpm><Cadence>24</Cadence><Extensions><ext:TPX><ext:Watts>29.2</ext:Watts><ext:Torque>20</ext:Torque></ext:TPX></Extensions></Trackpoint><Trackpoint><Time>2025-08-28T12:41:06.155Z</Time><DistanceMeters>1335.0494888470364</DistanceMeters><HeartRateBpm><Value>124</Value></HeartRateBpm><Cadence>25</Cadence><Extensions><ext:TPX><ext:Watts>29.705882352941178</ext:Watts><ext:Torque>20</ext:Torque></ext:TPX></Extensions></Trackpoint><Trackpoint><Time>2025-08-28T12:41:07.345Z</Time><DistanceMeters>1337.400031510585</DistanceMeters><HeartRateBpm><Value>123</Value></HeartRateBpm><Cadence>25</Cadence><Extensions><ext:TPX><ext:Watts>28.823529411764707</ext:Watts><ext:Torque>20</ext:Torque></ext:TPX></Extensions></Trackpoint><Trackpoint><Time>2025-08-28T12:41:08.570Z</Time><DistanceMeters>1339.7870763241417</DistanceMeters><HeartRateBpm><Value>123</Value></HeartRateBpm><Cadence>24</Cadence><Extensions><ext:TPX><ext:Watts>28.685714285714287</ext:Watts><ext:Torque>20</ext:Torque></ext:TPX></Extensions></Trackpoint><Trackpoint><Time>2025-08-28T12:41:09.761Z</Time><DistanceMeters>1342.1352204747684</DistanceMeters><HeartRateBpm><Value>123</Value></HeartRateBpm><Cadence>25</Cadence><Extensions><ext:TPX><ext:Watts>28.794117647058822</ext:Watts><ext:Torque>20</ext:Torque></ext:TPX></Extensions></Trackpoint><Trackpoint><Time>2025-08-28T12:41:10.951Z</Time><DistanceMeters>1344.5121467804588</DistanceMeters><HeartRateBpm><Value>122</Value></HeartRateBpm><Cadence>25</Cadence><Extensions><ext:TPX><ext:Watts>29.147058823529413</ext:Watts><ext:Torque>20</ext:Torque></ext:TPX></Extensions></Trackpoint><Trackpoint><Time>2025-08-28T12:41:12.175Z</Time><DistanceMeters>1346.8468858311687</DistanceMeters><HeartRateBpm><Value>122</Value></HeartRateBpm><Cadence>24</Cadence><Extensions><ext:TPX><ext:Watts>28.057142857142857</ext:Watts><ext:Torque>20</ext:Torque></ext:TPX></Extensions></Trackpoint><Trackpoint><Time>2025-08-28T12:41:13.366Z</Time><DistanceMeters>1349.2118195722492</DistanceMeters><HeartRateBpm><Value>122</Value></HeartRateBpm><Cadence>25</Cadence><Extensions><ext:TPX><ext:Watts>29.0</ext:Watts><ext:Torque>20</ext:Torque></ext:TPX></Extensions></Trackpoint><Trackpoint><Time>2025-08-28T12:41:14.591Z</Time><DistanceMeters>1351.563201365683</DistanceMeters><HeartRateBpm><Value>121</Value></HeartRateBpm><Cadence>24</Cadence><Extensions><ext:TPX><ext:Watts>28.257142857142856</ext:Watts><ext:Torque>20</ext:Torque></ext:TPX></Extensions></Trackpoint><Trackpoint><Time>2025-08-28T12:41:15.781Z</Time><DistanceMeters>1353.8825633612457</DistanceMeters><HeartRateBpm><Value>121</Value></HeartRateBpm><Cadence>25</Cadence><Extensions><ext:TPX><ext:Watts>28.441176470588236</ext:Watts><ext:Torque>20</ext:Torque></ext:TPX></Extensions></Trackpoint><Trackpoint><Time>2025-08-28T12:41:16.971Z</Time><DistanceMeters>1356.2978658736881</DistanceMeters><HeartRateBpm><Value>120</Value></HeartRateBpm><Cadence>25</Cadence><Extensions><ext:TPX><ext:Watts>29.61764705882353</ext:Watts><ext:Torque>20</ext:Torque></ext:TPX></Extensions></Trackpoint><Trackpoint><Time>2025-08-28T12:41:18.161Z</Time><DistanceMeters>1358.6939802827544</DistanceMeters><HeartRateBpm><Value>120</Value></HeartRateBpm><Cadence>25</Cadence><Extensions><ext:TPX><ext:Watts>29.38235294117647</ext:Watts><ext:Torque>20</ext:Torque></ext:TPX></Extensions></Trackpoint><Trackpoint><Time>2025-08-28T12:41:19.351Z</Time><DistanceMeters>1361.1068842822747</DistanceMeters><HeartRateBpm><Value>120</Value></HeartRateBpm><Cadence>25</Cadence><Extensions><ext:TPX><ext:Watts>29.58823529411765</ext:Watts><ext:Torque>20</ext:Torque></ext:TPX></Extensions></Trackpoint><Trackpoint><Time>2025-08-28T12:41:20.541Z</Time><DistanceMeters>1363.502998691341</DistanceMeters><HeartRateBpm><Value>119</Value></HeartRateBpm><Cadence>25</Cadence><Extensions><ext:TPX><ext:Watts>29.38235294117647</ext:Watts><ext:Torque>20</ext:Torque></ext:TPX></Extensions></Trackpoint><Trackpoint><Time>2025-08-28T12:41:21.731Z</Time><DistanceMeters>1365.9254967425493</DistanceMeters><HeartRateBpm><Value>119</Value></HeartRateBpm><Cadence>25</Cadence><Extensions><ext:TPX><ext:Watts>29.705882352941178</ext:Watts><ext:Torque>20</ext:Torque></ext:TPX></Extensions></Trackpoint><Trackpoint><Time>2025-08-28T12:41:22.921Z</Time><DistanceMeters>1368.3216111516156</DistanceMeters><HeartRateBpm><Value>119</Value></HeartRateBpm><Cadence>25</Cadence><Extensions><ext:TPX><ext:Watts>29.38235294117647</ext:Watts><ext:Torque>20</ext:Torque></ext:TPX></Extensions></Trackpoint><Trackpoint><Time>2025-08-28T12:41:24.146Z</Time><DistanceMeters>1370.7752269360683</DistanceMeters><HeartRateBpm><Value>119</Value></HeartRateBpm><Cadence>24</Cadence><Extensions><ext:TPX><ext:Watts>29.485714285714284</ext:Watts><ext:Torque>20</ext:Torque></ext:TPX></Extensions></Trackpoint><Trackpoint><Time>2025-08-28T12:41:25.406Z</Time><DistanceMeters>1373.1726294354075</DistanceMeters><HeartRateBpm><Value>119</Value></HeartRateBpm><Cadence>24</Cadence><Extensions><ext:TPX><ext:Watts>28.22222222222222</ext:Watts><ext:Torque>20</ext:Torque></ext:TPX></Extensions></Trackpoint><Trackpoint><Time>2025-08-28T12:41:26.666Z</Time><DistanceMeters>1375.5605933422298</DistanceMeters><HeartRateBpm><Value>118</Value></HeartRateBpm><Cadence>24</Cadence><Extensions><ext:TPX><ext:Watts>28.11111111111111</ext:Watts><ext:Torque>20</ext:Torque></ext:TPX></Extensions></Trackpoint><Trackpoint><Time>2025-08-28T12:41:27.926Z</Time><DistanceMeters>1377.9863116191204</DistanceMeters><HeartRateBpm><Value>118</Value></HeartRateBpm><Cadence>24</Cadence><Extensions><ext:TPX><ext:Watts>28.555555555555557</ext:Watts><ext:Torque>20</ext:Torque></ext:TPX></Extensions></Trackpoint><Trackpoint><Time>2025-08-28T12:41:29.151Z</Time><DistanceMeters>1380.4161520568246</DistanceMeters><HeartRateBpm><Value>118</Value></HeartRateBpm><Cadence>24</Cadence><Extensions><ext:TPX><ext:Watts>29.2</ext:Watts><ext:Torque>20</ext:Torque></ext:TPX></Extensions></Trackpoint><Trackpoint><Time>2025-08-28T12:41:30.411Z</Time><DistanceMeters>1382.822993148681</DistanceMeters><HeartRateBpm><Value>118</Value></HeartRateBpm><Cadence>24</Cadence><Extensions><ext:TPX><ext:Watts>28.333333333333332</ext:Watts><ext:Torque>20</ext:Torque></ext:TPX></Extensions></Trackpoint><Trackpoint><Time>2025-08-28T12:41:31.671Z</Time><DistanceMeters>1385.130729019108</DistanceMeters><HeartRateBpm><Value>118</Value></HeartRateBpm><Cadence>24</Cadence><Extensions><ext:TPX><ext:Watts>27.166666666666668</ext:Watts><ext:Torque>20</ext:Torque></ext:TPX></Extensions></Trackpoint><Trackpoint><Time>2025-08-28T12:41:32.931Z</Time><DistanceMeters>1387.5116139815425</DistanceMeters><HeartRateBpm><Value>118</Value></HeartRateBpm><Cadence>24</Cadence><Extensions><ext:TPX><ext:Watts>28.02777777777778</ext:Watts><ext:Torque>20</ext:Torque></ext:TPX></Extensions></Trackpoint><Trackpoint><Time>2025-08-28T12:41:34.191Z</Time><DistanceMeters>1389.8618235182964</DistanceMeters><HeartRateBpm><Value>117</Value></HeartRateBpm><Cadence>24</Cadence><Extensions><ext:TPX><ext:Watts>27.666666666666668</ext:Watts><ext:Torque>20</ext:Torque></ext:TPX></Extensions></Trackpoint><Trackpoint><Time>2025-08-28T12:41:35.451Z</Time><DistanceMeters>1392.2781032026699</DistanceMeters><HeartRateBpm><Value>117</Value></HeartRateBpm><Cadence>24</Cadence><Extensions><ext:TPX><ext:Watts>28.444444444444443</ext:Watts><ext:Torque>20</ext:Torque></ext:TPX></Extensions></Trackpoint><Trackpoint><Time>2025-08-28T12:41:36.711Z</Time><DistanceMeters>1394.6495495725871</DistanceMeters><HeartRateBpm><Value>117</Value></HeartRateBpm><Cadence>24</Cadence><Extensions><ext:TPX><ext:Watts>27.916666666666668</ext:Watts><ext:Torque>20</ext:Torque></ext:TPX></Extensions></Trackpoint><Trackpoint><Time>2025-08-28T12:41:37.936Z</Time><DistanceMeters>1397.0080639700457</DistanceMeters><HeartRateBpm><Value>116</Value></HeartRateBpm><Cadence>24</Cadence><Extensions><ext:TPX><ext:Watts>28.34285714285714</ext:Watts><ext:Torque>20</ext:Torque></ext:TPX></Extensions></Trackpoint><Trackpoint><Time>2025-08-28T12:41:39.161Z</Time><DistanceMeters>1399.383221110228</DistanceMeters><HeartRateBpm><Value>116</Value></HeartRateBpm><Cadence>24</Cadence><Extensions><ext:TPX><ext:Watts>28.542857142857144</ext:Watts><ext:Torque>20</ext:Torque></ext:TPX></Extensions></Trackpoint><Trackpoint><Time>2025-08-28T12:41:40.351Z</Time><DistanceMeters>1401.8105161872802</DistanceMeters><HeartRateBpm><Value>116</Value></HeartRateBpm><Cadence>25</Cadence><Extensions><ext:TPX><ext:Watts>29.764705882352942</ext:Watts><ext:Torque>20</ext:Torque></ext:TPX></Extensions></Trackpoint><Trackpoint><Time>2025-08-28T12:41:41.576Z</Time><DistanceMeters>1404.2522442983586</DistanceMeters><HeartRateBpm><Value>116</Value></HeartRateBpm><Cadence>24</Cadence><Extensions><ext:TPX><ext:Watts>29.34285714285714</ext:Watts><ext:Torque>20</ext:Torque></ext:TPX></Extensions></Trackpoint><Trackpoint><Time>2025-08-28T12:41:42.801Z</Time><DistanceMeters>1406.6487992506147</DistanceMeters><HeartRateBpm><Value>116</Value></HeartRateBpm><Cadence>24</Cadence><Extensions><ext:TPX><ext:Watts>28.8</ext:Watts><ext:Torque>20</ext:Torque></ext:TPX></Extensions></Trackpoint><Trackpoint><Time>2025-08-28T12:41:44.026Z</Time><DistanceMeters>1409.0667520149445</DistanceMeters><HeartRateBpm><Value>116</Value></HeartRateBpm><Cadence>24</Cadence><Extensions><ext:TPX><ext:Watts>29.057142857142857</ext:Watts><ext:Torque>20</ext:Torque></ext:TPX></Extensions></Trackpoint><Trackpoint><Time>2025-08-28T12:41:45.251Z</Time><DistanceMeters>1411.525122868747</DistanceMeters><HeartRateBpm><Value>116</Value></HeartRateBpm><Cadence>24</Cadence><Extensions><ext:TPX><ext:Watts>29.542857142857144</ext:Watts><ext:Torque>20</ext:Torque></ext:TPX></Extensions></Trackpoint><Trackpoint><Time>2025-08-28T12:41:46.441Z</Time><DistanceMeters>1413.9500194328773</DistanceMeters><HeartRateBpm><Value>116</Value></HeartRateBpm><Cadence>25</Cadence><Extensions><ext:TPX><ext:Watts>29.735294117647058</ext:Watts><ext:Torque>20</ext:Torque></ext:TPX></Extensions></Trackpoint><Trackpoint><Time>2025-08-28T12:41:47.596Z</Time><DistanceMeters>1416.2833979130448</DistanceMeters><HeartRateBpm><Value>116</Value></HeartRateBpm><Cadence>26</Cadence><Extensions><ext:TPX><ext:Watts>29.757575757575758</ext:Watts><ext:Torque>20</ext:Torque></ext:TPX></Extensions></Trackpoint><Trackpoint><Time>2025-08-28T12:41:48.821Z</Time><DistanceMeters>1418.6704427266016</DistanceMeters><HeartRateBpm><Value>116</Value></HeartRateBpm><Cadence>24</Cadence><Extensions><ext:TPX><ext:Watts>28.685714285714287</ext:Watts><ext:Torque>20</ext:Torque></ext:TPX></Extensions></Trackpoint><Trackpoint><Time>2025-08-28T12:41:50.011Z</Time><DistanceMeters>1421.061760109824</DistanceMeters><HeartRateBpm><Value>116</Value></HeartRateBpm><Cadence>25</Cadence><Extensions><ext:TPX><ext:Watts>29.323529411764707</ext:Watts><ext:Torque>20</ext:Torque></ext:TPX></Extensions></Trackpoint><Trackpoint><Time>2025-08-28T12:41:51.202Z</Time><DistanceMeters>1423.4170997992167</DistanceMeters><HeartRateBpm><Value>116</Value></HeartRateBpm><Cadence>25</Cadence><Extensions><ext:TPX><ext:Watts>28.88235294117647</ext:Watts><ext:Torque>20</ext:Torque></ext:TPX></Extensions></Trackpoint><Trackpoint><Time>2025-08-28T12:41:52.391Z</Time><DistanceMeters>1425.7748380015312</DistanceMeters><HeartRateBpm><Value>116</Value></HeartRateBpm><Cadence>25</Cadence><Extensions><ext:TPX><ext:Watts>28.91176470588235</ext:Watts><ext:Torque>20</ext:Torque></ext:TPX></Extensions></Trackpoint><Trackpoint><Time>2025-08-28T12:41:53.581Z</Time><DistanceMeters>1428.1973360527395</DistanceMeters><HeartRateBpm><Value>116</Value></HeartRateBpm><Cadence>25</Cadence><Extensions><ext:TPX><ext:Watts>29.705882352941178</ext:Watts><ext:Torque>20</ext:Torque></ext:TPX></Extensions></Trackpoint><Trackpoint><Time>2025-08-28T12:41:54.771Z</Time><DistanceMeters>1430.5358861516781</DistanceMeters><HeartRateBpm><Value>116</Value></HeartRateBpm><Cadence>25</Cadence><Extensions><ext:TPX><ext:Watts>28.676470588235293</ext:Watts><ext:Torque>20</ext:Torque></ext:TPX></Extensions></Trackpoint><Trackpoint><Time>2025-08-28T12:41:55.996Z</Time><DistanceMeters>1432.8967780838113</DistanceMeters><HeartRateBpm><Value>116</Value></HeartRateBpm><Cadence>24</Cadence><Extensions><ext:TPX><ext:Watts>28.37142857142857</ext:Watts><ext:Torque>20</ext:Torque></ext:TPX></Extensions></Trackpoint><Trackpoint><Time>2025-08-28T12:41:57.116Z</Time><DistanceMeters>1435.114847325326</DistanceMeters><HeartRateBpm><Value>115</Value></HeartRateBpm><Cadence>27</Cadence><Extensions><ext:TPX><ext:Watts>29.375</ext:Watts><ext:Torque>20</ext:Torque></ext:TPX></Extensions></Trackpoint><Trackpoint><Time>2025-08-28T12:41:58.306Z</Time><DistanceMeters>1437.4366078338107</DistanceMeters><HeartRateBpm><Value>115</Value></HeartRateBpm><Cadence>25</Cadence><Extensions><ext:TPX><ext:Watts>28.470588235294116</ext:Watts><ext:Torque>20</ext:Torque></ext:TPX></Extensions></Trackpoint><Trackpoint><Time>2025-08-28T12:41:59.461Z</Time><DistanceMeters>1439.767610164813</DistanceMeters><HeartRateBpm><Value>115</Value></HeartRateBpm><Cadence>26</Cadence><Extensions><ext:TPX><ext:Watts>29.727272727272727</ext:Watts><ext:Torque>20</ext:Torque></ext:TPX></Extensions></Trackpoint><Trackpoint><Time>2025-08-28T12:42:00.616Z</Time><DistanceMeters>1442.0938601974851</DistanceMeters><HeartRateBpm><Value>115</Value></HeartRateBpm><Cadence>26</Cadence><Extensions><ext:TPX><ext:Watts>29.666666666666668</ext:Watts><ext:Torque>20</ext:Torque></ext:TPX></Extensions></Trackpoint><Trackpoint><Time>2025-08-28T12:42:01.807Z</Time><DistanceMeters>1444.4444028610337</DistanceMeters><HeartRateBpm><Value>115</Value></HeartRateBpm><Cadence>25</Cadence><Extensions><ext:TPX><ext:Watts>28.823529411764707</ext:Watts><ext:Torque>20</ext:Torque></ext:TPX></Extensions></Trackpoint><Trackpoint><Time>2025-08-28T12:42:02.962Z</Time><DistanceMeters>1446.7207537612378</DistanceMeters><HeartRateBpm><Value>115</Value></HeartRateBpm><Cadence>26</Cadence><Extensions><ext:TPX><ext:Watts>29.03030303030303</ext:Watts><ext:Torque>20</ext:Torque></ext:TPX></Extensions></Trackpoint><Trackpoint><Time>2025-08-28T12:42:04.117Z</Time><DistanceMeters>1448.9780954681207</DistanceMeters><HeartRateBpm><Value>115</Value></HeartRateBpm><Cadence>26</Cadence><Extensions><ext:TPX><ext:Watts>28.78787878787879</ext:Watts><ext:Torque>20</ext:Torque></ext:TPX></Extensions></Trackpoint><Trackpoint><Time>2025-08-28T12:42:05.307Z</Time><DistanceMeters>1451.2902619249176</DistanceMeters><HeartRateBpm><Value>115</Value></HeartRateBpm><Cadence>25</Cadence><Extensions><ext:TPX><ext:Watts>28.352941176470587</ext:Watts><ext:Torque>20</ext:Torque></ext:TPX></Extensions></Trackpoint><Trackpoint><Time>2025-08-28T12:42:06.496Z</Time><DistanceMeters>1453.5976313558704</DistanceMeters><HeartRateBpm><Value>115</Value></HeartRateBpm><Cadence>25</Cadence><Extensions><ext:TPX><ext:Watts>28.294117647058822</ext:Watts><ext:Torque>20</ext:Torque></ext:TPX></Extensions></Trackpoint><Trackpoint><Time>2025-08-28T12:42:07.687Z</Time><DistanceMeters>1455.9169933514331</DistanceMeters><HeartRateBpm><Value>115</Value></HeartRateBpm><Cadence>25</Cadence><Extensions><ext:TPX><ext:Watts>28.441176470588236</ext:Watts><ext:Torque>20</ext:Torque></ext:TPX></Extensions></Trackpoint><Trackpoint><Time>2025-08-28T12:42:08.882Z</Time><DistanceMeters>1458.245949398684</DistanceMeters><HeartRateBpm><Value>115</Value></HeartRateBpm><Cadence>25</Cadence><Extensions><ext:TPX><ext:Watts>28.558823529411764</ext:Watts><ext:Torque>20</ext:Torque></ext:TPX></Extensions></Trackpoint><Trackpoint><Time>2025-08-28T12:42:10.037Z</Time><DistanceMeters>1460.5032911055669</DistanceMeters><HeartRateBpm><Value>115</Value></HeartRateBpm><Cadence>26</Cadence><Extensions><ext:TPX><ext:Watts>28.78787878787879</ext:Watts><ext:Torque>20</ext:Torque></ext:TPX></Extensions></Trackpoint><Trackpoint><Time>2025-08-28T12:42:11.227Z</Time><DistanceMeters>1462.7890739202219</DistanceMeters><HeartRateBpm><Value>115</Value></HeartRateBpm><Cadence>25</Cadence><Extensions><ext:TPX><ext:Watts>28.029411764705884</ext:Watts><ext:Torque>20</ext:Torque></ext:TPX></Extensions></Trackpoint><Trackpoint><Time>2025-08-28T12:42:12.417Z</Time><DistanceMeters>1465.026886476437</DistanceMeters><HeartRateBpm><Value>115</Value></HeartRateBpm><Cadence>25</Cadence><Extensions><ext:TPX><ext:Watts>27.441176470588236</ext:Watts><ext:Torque>20</ext:Torque></ext:TPX></Extensions></Trackpoint><Trackpoint><Time>2025-08-28T12:42:13.607Z</Time><DistanceMeters>1467.32226334278</DistanceMeters><HeartRateBpm><Value>115</Value></HeartRateBpm><Cadence>25</Cadence><Extensions><ext:TPX><ext:Watts>28.147058823529413</ext:Watts><ext:Torque>20</ext:Torque></ext:TPX></Extensions></Trackpoint><Trackpoint><Time>2025-08-28T12:42:14.762Z</Time><DistanceMeters>1469.5867334971583</DistanceMeters><HeartRateBpm><Value>115</Value></HeartRateBpm><Cadence>26</Cadence><Extensions><ext:TPX><ext:Watts>28.87878787878788</ext:Watts><ext:Torque>20</ext:Torque></ext:TPX></Extensions></Trackpoint><Trackpoint><Time>2025-08-28T12:42:15.952Z</Time><DistanceMeters>1471.913291031487</DistanceMeters><HeartRateBpm><Value>115</Value></HeartRateBpm><Cadence>25</Cadence><Extensions><ext:TPX><ext:Watts>28.529411764705884</ext:Watts><ext:Torque>20</ext:Torque></ext:TPX></Extensions></Trackpoint><Trackpoint><Time>2025-08-28T12:42:17.142Z</Time><DistanceMeters>1474.199073846142</DistanceMeters><HeartRateBpm><Value>115</Value></HeartRateBpm><Cadence>25</Cadence><Extensions><ext:TPX><ext:Watts>28.029411764705884</ext:Watts><ext:Torque>20</ext:Torque></ext:TPX></Extensions></Trackpoint><Trackpoint><Time>2025-08-28T12:42:18.332Z</Time><DistanceMeters>1476.472864096187</DistanceMeters><HeartRateBpm><Value>114</Value></HeartRateBpm><Cadence>25</Cadence><Extensions><ext:TPX><ext:Watts>27.88235294117647</ext:Watts><ext:Torque>20</ext:Torque></ext:TPX></Extensions></Trackpoint><Trackpoint><Time>2025-08-28T12:42:19.557Z</Time><DistanceMeters>1478.7648075227496</DistanceMeters><HeartRateBpm><Value>114</Value></HeartRateBpm><Cadence>24</Cadence><Extensions><ext:TPX><ext:Watts>27.542857142857144</ext:Watts><ext:Torque>20</ext:Torque></ext:TPX></Extensions></Trackpoint><Trackpoint><Time>2025-08-28T12:42:20.747Z</Time><DistanceMeters>1481.0314022340285</DistanceMeters><HeartRateBpm><Value>114</Value></HeartRateBpm><Cadence>25</Cadence><Extensions><ext:TPX><ext:Watts>27.794117647058822</ext:Watts><ext:Torque>20</ext:Torque></ext:TPX></Extensions></Trackpoint><Trackpoint><Time>2025-08-28T12:42:21.937Z</Time><DistanceMeters>1483.3603582812793</DistanceMeters><HeartRateBpm><Value>114</Value></HeartRateBpm><Cadence>25</Cadence><Extensions><ext:TPX><ext:Watts>28.558823529411764</ext:Watts><ext:Torque>20</ext:Torque></ext:TPX></Extensions></Trackpoint><Trackpoint><Time>2025-08-28T12:42:23.127Z</Time><DistanceMeters>1485.696509867296</DistanceMeters><HeartRateBpm><Value>114</Value></HeartRateBpm><Cadence>25</Cadence><Extensions><ext:TPX><ext:Watts>28.647058823529413</ext:Watts><ext:Torque>20</ext:Torque></ext:TPX></Extensions></Trackpoint><Trackpoint><Time>2025-08-28T12:42:24.282Z</Time><DistanceMeters>1488.0156314524727</DistanceMeters><HeartRateBpm><Value>113</Value></HeartRateBpm><Cadence>26</Cadence><Extensions><ext:TPX><ext:Watts>29.575757575757574</ext:Watts><ext:Torque>20</ext:Torque></ext:TPX></Extensions></Trackpoint><Trackpoint><Time>2025-08-28T12:42:25.402Z</Time><DistanceMeters>1490.2572971752802</DistanceMeters><HeartRateBpm><Value>113</Value></HeartRateBpm><Cadence>27</Cadence><Extensions><ext:TPX><ext:Watts>29.6875</ext:Watts><ext:Torque>20</ext:Torque></ext:TPX></Extensions></Trackpoint><Trackpoint><Time>2025-08-28T12:42:26.488Z</Time><DistanceMeters>1492.4789813146915</DistanceMeters><HeartRateBpm><Value>112</Value></HeartRateBpm><Cadence>28</Cadence><Extensions><ext:TPX><ext:Watts>29.967741935483872</ext:Watts><ext:Torque>20</ext:Torque></ext:TPX></Extensions></Trackpoint><Trackpoint><Time>2025-08-28T12:42:27.607Z</Time><DistanceMeters>1494.7395242225332</DistanceMeters><HeartRateBpm><Value>112</Value></HeartRateBpm><Cadence>27</Cadence><Extensions><ext:TPX><ext:Watts>29.9375</ext:Watts><ext:Torque>20</ext:Torque></ext:TPX></Extensions></Trackpoint><Trackpoint><Time>2025-08-28T12:42:28.762Z</Time><DistanceMeters>1496.961223691939</DistanceMeters><HeartRateBpm><Value>112</Value></HeartRateBpm><Cadence>26</Cadence><Extensions><ext:TPX><ext:Watts>28.333333333333332</ext:Watts><ext:Torque>20</ext:Torque></ext:TPX></Extensions></Trackpoint><Trackpoint><Time>2025-08-28T12:42:29.882Z</Time><DistanceMeters>1499.155696452161</DistanceMeters><HeartRateBpm><Value>111</Value></HeartRateBpm><Cadence>27</Cadence><Extensions><ext:TPX><ext:Watts>29.0625</ext:Watts><ext:Torque>20</ext:Torque></ext:TPX></Extensions></Trackpoint><Trackpoint><Time>2025-08-28T12:42:31.002Z</Time><DistanceMeters>1501.3336516754782</DistanceMeters><HeartRateBpm><Value>111</Value></HeartRateBpm><Cadence>27</Cadence><Extensions><ext:TPX><ext:Watts>28.84375</ext:Watts><ext:Torque>20</ext:Torque></ext:TPX></Extensions></Trackpoint><Trackpoint><Time>2025-08-28T12:42:32.087Z</Time><DistanceMeters>1503.493157356736</DistanceMeters><HeartRateBpm><Value>111</Value></HeartRateBpm><Cadence>28</Cadence><Extensions><ext:TPX><ext:Watts>29.129032258064516</ext:Watts><ext:Torque>20</ext:Torque></ext:TPX></Extensions></Trackpoint><Trackpoint><Time>2025-08-28T12:42:33.207Z</Time><DistanceMeters>1505.5838055992701</DistanceMeters><HeartRateBpm><Value>111</Value></HeartRateBpm><Cadence>27</Cadence><Extensions><ext:TPX><ext:Watts>27.6875</ext:Watts><ext:Torque>20</ext:Torque></ext:TPX></Extensions></Trackpoint><Trackpoint><Time>2025-08-28T12:42:34.362Z</Time><DistanceMeters>1507.7769912786944</DistanceMeters><HeartRateBpm><Value>111</Value></HeartRateBpm><Cadence>26</Cadence><Extensions><ext:TPX><ext:Watts>27.96969696969697</ext:Watts><ext:Torque>20</ext:Torque></ext:TPX></Extensions></Trackpoint><Trackpoint><Time>2025-08-28T12:42:35.482Z</Time><DistanceMeters>1509.9431482613652</DistanceMeters><HeartRateBpm><Value>112</Value></HeartRateBpm><Cadence>27</Cadence><Extensions><ext:TPX><ext:Watts>28.6875</ext:Watts><ext:Torque>20</ext:Torque></ext:TPX></Extensions></Trackpoint><Trackpoint><Time>2025-08-28T12:42:36.567Z</Time><DistanceMeters>1512.121785775901</DistanceMeters><HeartRateBpm><Value>112</Value></HeartRateBpm><Cadence>28</Cadence><Extensions><ext:TPX><ext:Watts>29.387096774193548</ext:Watts><ext:Torque>20</ext:Torque></ext:TPX></Extensions></Trackpoint><Trackpoint><Time>2025-08-28T12:42:37.687Z</Time><DistanceMeters>1514.3374953692862</DistanceMeters><HeartRateBpm><Value>112</Value></HeartRateBpm><Cadence>27</Cadence><Extensions><ext:TPX><ext:Watts>29.34375</ext:Watts><ext:Torque>20</ext:Torque></ext:TPX></Extensions></Trackpoint><Trackpoint><Time>2025-08-28T12:42:38.772Z</Time><DistanceMeters>1516.5352647171</DistanceMeters><HeartRateBpm><Value>112</Value></HeartRateBpm><Cadence>28</Cadence><Extensions><ext:TPX><ext:Watts>29.64516129032258</ext:Watts><ext:Torque>20</ext:Torque></ext:TPX></Extensions></Trackpoint><Trackpoint><Time>2025-08-28T12:42:39.752Z</Time><DistanceMeters>1518.7387229289807</DistanceMeters><HeartRateBpm><Value>113</Value></HeartRateBpm><Cadence>30</Cadence><Extensions><ext:TPX><ext:Watts>32.964285714285715</ext:Watts><ext:Torque>20</ext:Torque></ext:TPX></Extensions></Trackpoint><Trackpoint><Time>2025-08-28T12:42:40.837Z</Time><DistanceMeters>1520.8623564228421</DistanceMeters><HeartRateBpm><Value>113</Value></HeartRateBpm><Cadence>28</Cadence><Extensions><ext:TPX><ext:Watts>28.64516129032258</ext:Watts><ext:Torque>20</ext:Torque></ext:TPX></Extensions></Trackpoint><Trackpoint><Time>2025-08-28T12:42:41.957Z</Time><DistanceMeters>1523.0049169242202</DistanceMeters><HeartRateBpm><Value>113</Value></HeartRateBpm><Cadence>27</Cadence><Extensions><ext:TPX><ext:Watts>28.375</ext:Watts><ext:Torque>20</ext:Torque></ext:TPX></Extensions></Trackpoint><Trackpoint><Time>2025-08-28T12:42:43.112Z</Time><DistanceMeters>1525.2004787528097</DistanceMeters><HeartRateBpm><Value>114</Value></HeartRateBpm><Cadence>26</Cadence><Extensions><ext:TPX><ext:Watts>28.0</ext:Watts><ext:Torque>20</ext:Torque></ext:TPX></Extensions></Trackpoint><Trackpoint><Time>2025-08-28T12:42:43.672Z</Time><DistanceMeters>1527.444041015235</DistanceMeters><HeartRateBpm><Value>114</Value></HeartRateBpm><Cadence>54</Cadence><Extensions><ext:TPX><ext:Watts>58.875</ext:Watts><ext:Torque>24</ext:Torque></ext:TPX></Extensions></Trackpoint><Trackpoint><Time>2025-08-28T12:42:44.267Z</Time><DistanceMeters>1527.4511653110428</DistanceMeters><HeartRateBpm><Value>114</Value></HeartRateBpm><Cadence>50</Cadence><Extensions><ext:TPX><ext:Watts>0.17647058823529413</ext:Watts><ext:Torque>20</ext:Torque></ext:TPX></Extensions></Trackpoint><Trackpoint><Time>2025-08-28T12:42:45.457Z</Time><DistanceMeters>1529.712962996478</DistanceMeters><HeartRateBpm><Value>114</Value></HeartRateBpm><Cadence>25</Cadence><Extensions><ext:TPX><ext:Watts>27.735294117647058</ext:Watts><ext:Torque>20</ext:Torque></ext:TPX></Extensions></Trackpoint><Trackpoint><Time>2025-08-28T12:42:46.017Z</Time><DistanceMeters>1531.9589069598187</DistanceMeters><HeartRateBpm><Value>114</Value></HeartRateBpm><Cadence>54</Cadence><Extensions><ext:TPX><ext:Watts>58.9375</ext:Watts><ext:Torque>25</ext:Torque></ext:TPX></Extensions></Trackpoint><Trackpoint><Time>2025-08-28T12:42:46.612Z</Time><DistanceMeters>1531.9755303167037</DistanceMeters><HeartRateBpm><Value>114</Value></HeartRateBpm><Cadence>50</Cadence><Extensions><ext:TPX><ext:Watts>0.4117647058823529</ext:Watts><ext:Torque>20</ext:Torque></ext:TPX></Extensions></Trackpoint><Trackpoint><Time>2025-08-28T12:42:47.767Z</Time><DistanceMeters>1534.254257366073</DistanceMeters><HeartRateBpm><Value>115</Value></HeartRateBpm><Cadence>26</Cadence><Extensions><ext:TPX><ext:Watts>29.060606060606062</ext:Watts><ext:Torque>20</ext:Torque></ext:TPX></Extensions></Trackpoint><Trackpoint><Time>2025-08-28T12:42:48.957Z</Time><DistanceMeters>1536.528047616118</DistanceMeters><HeartRateBpm><Value>116</Value></HeartRateBpm><Cadence>25</Cadence><Extensions><ext:TPX><ext:Watts>27.88235294117647</ext:Watts><ext:Torque>20</ext:Torque></ext:TPX></Extensions></Trackpoint><Trackpoint><Time>2025-08-28T12:42:50.112Z</Time><DistanceMeters>1538.7806370246708</DistanceMeters><HeartRateBpm><Value>116</Value></HeartRateBpm><Cadence>26</Cadence><Extensions><ext:TPX><ext:Watts>28.727272727272727</ext:Watts><ext:Torque>20</ext:Torque></ext:TPX></Extensions></Trackpoint><Trackpoint><Time>2025-08-28T12:42:51.303Z</Time><DistanceMeters>1541.1287811752975</DistanceMeters><HeartRateBpm><Value>116</Value></HeartRateBpm><Cadence>25</Cadence><Extensions><ext:TPX><ext:Watts>28.794117647058822</ext:Watts><ext:Torque>20</ext:Torque></ext:TPX></Extensions></Trackpoint><Trackpoint><Time>2025-08-28T12:42:52.458Z</Time><DistanceMeters>1543.4051320755016</DistanceMeters><HeartRateBpm><Value>116</Value></HeartRateBpm><Cadence>26</Cadence><Extensions><ext:TPX><ext:Watts>29.03030303030303</ext:Watts><ext:Torque>20</ext:Torque></ext:TPX></Extensions></Trackpoint><Trackpoint><Time>2025-08-28T12:42:53.613Z</Time><DistanceMeters>1545.652969185724</DistanceMeters><HeartRateBpm><Value>116</Value></HeartRateBpm><Cadence>26</Cadence><Extensions><ext:TPX><ext:Watts>28.666666666666668</ext:Watts><ext:Torque>20</ext:Torque></ext:TPX></Extensions></Trackpoint><Trackpoint><Time>2025-08-28T12:42:54.803Z</Time><DistanceMeters>1548.0011133363507</DistanceMeters><HeartRateBpm><Value>116</Value></HeartRateBpm><Cadence>25</Cadence><Extensions><ext:TPX><ext:Watts>28.794117647058822</ext:Watts><ext:Torque>20</ext:Torque></ext:TPX></Extensions></Trackpoint><Trackpoint><Time>2025-08-28T12:42:55.958Z</Time><DistanceMeters>1550.2632073415639</DistanceMeters><HeartRateBpm><Value>117</Value></HeartRateBpm><Cadence>26</Cadence><Extensions><ext:TPX><ext:Watts>28.848484848484848</ext:Watts><ext:Torque>20</ext:Torque></ext:TPX></Extensions></Trackpoint><Trackpoint><Time>2025-08-28T12:42:57.113Z</Time><DistanceMeters>1552.5134206009513</DistanceMeters><HeartRateBpm><Value>117</Value></HeartRateBpm><Cadence>26</Cadence><Extensions><ext:TPX><ext:Watts>28.696969696969695</ext:Watts><ext:Torque>20</ext:Torque></ext:TPX></Extensions></Trackpoint><Trackpoint><Time>2025-08-28T12:42:58.268Z</Time><DistanceMeters>1554.744624667018</DistanceMeters><HeartRateBpm><Value>117</Value></HeartRateBpm><Cadence>26</Cadence><Extensions><ext:TPX><ext:Watts>28.454545454545453</ext:Watts><ext:Torque>20</ext:Torque></ext:TPX></Extensions></Trackpoint><Trackpoint><Time>2025-08-28T12:42:59.388Z</Time><DistanceMeters>1556.9343781309813</DistanceMeters><HeartRateBpm><Value>118</Value></HeartRateBpm><Cadence>27</Cadence><Extensions><ext:TPX><ext:Watts>29.0</ext:Watts><ext:Torque>20</ext:Torque></ext:TPX></Extensions></Trackpoint><Trackpoint><Time>2025-08-28T12:43:00.543Z</Time><DistanceMeters>1559.2297382245065</DistanceMeters><HeartRateBpm><Value>118</Value></HeartRateBpm><Cadence>26</Cadence><Extensions><ext:TPX><ext:Watts>29.272727272727273</ext:Watts><ext:Torque>20</ext:Torque></ext:TPX></Extensions></Trackpoint><Trackpoint><Time>2025-08-28T12:43:01.698Z</Time><DistanceMeters>1561.5108414230408</DistanceMeters><HeartRateBpm><Value>119</Value></HeartRateBpm><Cadence>26</Cadence><Extensions><ext:TPX><ext:Watts>29.09090909090909</ext:Watts><ext:Torque>20</ext:Torque></ext:TPX></Extensions></Trackpoint><Trackpoint><Time>2025-08-28T12:43:02.853Z</Time><DistanceMeters>1563.7753115774192</DistanceMeters><HeartRateBpm><Value>119</Value></HeartRateBpm><Cadence>26</Cadence><Extensions><ext:TPX><ext:Watts>28.87878787878788</ext:Watts><ext:Torque>20</ext:Torque></ext:TPX></Extensions></Trackpoint><Trackpoint><Time>2025-08-28T12:43:04.008Z</Time><DistanceMeters>1566.0920570134306</DistanceMeters><HeartRateBpm><Value>119</Value></HeartRateBpm><Cadence>26</Cadence><Extensions><ext:TPX><ext:Watts>29.545454545454547</ext:Watts><ext:Torque>20</ext:Torque></ext:TPX></Extensions></Trackpoint><Trackpoint><Time>2025-08-28T12:43:05.163Z</Time><DistanceMeters>1568.392169405286</DistanceMeters><HeartRateBpm><Value>119</Value></HeartRateBpm><Cadence>26</Cadence><Extensions><ext:TPX><ext:Watts>29.333333333333332</ext:Watts><ext:Torque>20</ext:Torque></ext:TPX></Extensions></Trackpoint><Trackpoint><Time>2025-08-28T12:43:06.318Z</Time><DistanceMeters>1570.7421809296095</DistanceMeters><HeartRateBpm><Value>120</Value></HeartRateBpm><Cadence>26</Cadence><Extensions><ext:TPX><ext:Watts>29.96969696969697</ext:Watts><ext:Torque>20</ext:Torque></ext:TPX></Extensions></Trackpoint><Trackpoint><Time>2025-08-28T12:43:07.473Z</Time><DistanceMeters>1573.0898163047677</DistanceMeters><HeartRateBpm><Value>120</Value></HeartRateBpm><Cadence>26</Cadence><Extensions><ext:TPX><ext:Watts>29.939393939393938</ext:Watts><ext:Torque>20</ext:Torque></ext:TPX></Extensions></Trackpoint><Trackpoint><Time>2025-08-28T12:43:08.628Z</Time><DistanceMeters>1575.3923048457884</DistanceMeters><HeartRateBpm><Value>120</Value></HeartRateBpm><Cadence>26</Cadence><Extensions><ext:TPX><ext:Watts>29.363636363636363</ext:Watts><ext:Torque>20</ext:Torque></ext:TPX></Extensions></Trackpoint><Trackpoint><Time>2025-08-28T12:43:09.783Z</Time><DistanceMeters>1577.6805364918182</DistanceMeters><HeartRateBpm><Value>120</Value></HeartRateBpm><Cadence>26</Cadence><Extensions><ext:TPX><ext:Watts>29.181818181818183</ext:Watts><ext:Torque>20</ext:Torque></ext:TPX></Extensions></Trackpoint><Trackpoint><Time>2025-08-28T12:43:10.973Z</Time><DistanceMeters>1579.995101461537</DistanceMeters><HeartRateBpm><Value>120</Value></HeartRateBpm><Cadence>25</Cadence><Extensions><ext:TPX><ext:Watts>28.38235294117647</ext:Watts><ext:Torque>20</ext:Torque></ext:TPX></Extensions></Trackpoint><Trackpoint><Time>2025-08-28T12:43:12.163Z</Time><DistanceMeters>1582.2832827891139</DistanceMeters><HeartRateBpm><Value>119</Value></HeartRateBpm><Cadence>25</Cadence><Extensions><ext:TPX><ext:Watts>28.058823529411764</ext:Watts><ext:Torque>20</ext:Torque></ext:TPX></Extensions></Trackpoint><Trackpoint><Time>2025-08-28T12:43:13.353Z</Time><DistanceMeters>1584.552276013315</DistanceMeters><HeartRateBpm><Value>119</Value></HeartRateBpm><Cadence>25</Cadence><Extensions><ext:TPX><ext:Watts>27.823529411764707</ext:Watts><ext:Torque>20</ext:Torque></ext:TPX></Extensions></Trackpoint><Trackpoint><Time>2025-08-28T12:43:14.543Z</Time><DistanceMeters>1586.816472211672</DistanceMeters><HeartRateBpm><Value>119</Value></HeartRateBpm><Cadence>25</Cadence><Extensions><ext:TPX><ext:Watts>27.764705882352942</ext:Watts><ext:Torque>20</ext:Torque></ext:TPX></Extensions></Trackpoint><Trackpoint><Time>2025-08-28T12:43:15.733Z</Time><DistanceMeters>1589.1214431297028</DistanceMeters><HeartRateBpm><Value>119</Value></HeartRateBpm><Cadence>25</Cadence><Extensions><ext:TPX><ext:Watts>28.264705882352942</ext:Watts><ext:Torque>20</ext:Torque></ext:TPX></Extensions></Trackpoint><Trackpoint><Time>2025-08-28T12:43:16.888Z</Time><DistanceMeters>1591.3550233449344</DistanceMeters><HeartRateBpm><Value>119</Value></HeartRateBpm><Cadence>26</Cadence><Extensions><ext:TPX><ext:Watts>28.484848484848484</ext:Watts><ext:Torque>20</ext:Torque></ext:TPX></Extensions></Trackpoint><Trackpoint><Time>2025-08-28T12:43:18.043Z</Time><DistanceMeters>1593.555337471854</DistanceMeters><HeartRateBpm><Value>119</Value></HeartRateBpm><Cadence>26</Cadence><Extensions><ext:TPX><ext:Watts>28.060606060606062</ext:Watts><ext:Torque>20</ext:Torque></ext:TPX></Extensions></Trackpoint><Trackpoint><Time>2025-08-28T12:43:19.198Z</Time><DistanceMeters>1595.826936073728</DistanceMeters><HeartRateBpm><Value>119</Value></HeartRateBpm><Cadence>26</Cadence><Extensions><ext:TPX><ext:Watts>28.96969696969697</ext:Watts><ext:Torque>20</ext:Torque></ext:TPX></Extensions></Trackpoint><Trackpoint><Time>2025-08-28T12:43:20.388Z</Time><DistanceMeters>1598.1103203754608</DistanceMeters><HeartRateBpm><Value>120</Value></HeartRateBpm><Cadence>25</Cadence><Extensions><ext:TPX><ext:Watts>28.0</ext:Watts><ext:Torque>20</ext:Torque></ext:TPX></Extensions></Trackpoint><Trackpoint><Time>2025-08-28T12:43:21.578Z</Time><DistanceMeters>1600.3889076513497</DistanceMeters><HeartRateBpm><Value>120</Value></HeartRateBpm><Cadence>25</Cadence><Extensions><ext:TPX><ext:Watts>27.941176470588236</ext:Watts><ext:Torque>20</ext:Torque></ext:TPX></Extensions></Trackpoint><Trackpoint><Time>2025-08-28T12:43:22.768Z</Time><DistanceMeters>1602.7226607244443</DistanceMeters><HeartRateBpm><Value>120</Value></HeartRateBpm><Cadence>25</Cadence><Extensions><ext:TPX><ext:Watts>28.61764705882353</ext:Watts><ext:Torque>20</ext:Torque></ext:TPX></Extensions></Trackpoint><Trackpoint><Time>2025-08-28T12:43:23.958Z</Time><DistanceMeters>1605.054015284617</DistanceMeters><HeartRateBpm><Value>120</Value></HeartRateBpm><Cadence>25</Cadence><Extensions><ext:TPX><ext:Watts>28.58823529411765</ext:Watts><ext:Torque>20</ext:Torque></ext:TPX></Extensions></Trackpoint><Trackpoint><Time>2025-08-28T12:43:25.148Z</Time><DistanceMeters>1607.3829713318678</DistanceMeters><HeartRateBpm><Value>120</Value></HeartRateBpm><Cadence>25</Cadence><Extensions><ext:TPX><ext:Watts>28.558823529411764</ext:Watts><ext:Torque>20</ext:Torque></ext:TPX></Extensions></Trackpoint><Trackpoint><Time>2025-08-28T12:43:26.338Z</Time><DistanceMeters>1609.6735511723666</DistanceMeters><HeartRateBpm><Value>119</Value></HeartRateBpm><Cadence>25</Cadence><Extensions><ext:TPX><ext:Watts>28.08823529411765</ext:Watts><ext:Torque>20</ext:Torque></ext:TPX></Extensions></Trackpoint><Trackpoint><Time>2025-08-28T12:43:27.493Z</Time><DistanceMeters>1611.8809937467818</DistanceMeters><HeartRateBpm><Value>119</Value></HeartRateBpm><Cadence>26</Cadence><Extensions><ext:TPX><ext:Watts>28.151515151515152</ext:Watts><ext:Torque>20</ext:Torque></ext:TPX></Extensions></Trackpoint><Trackpoint><Time>2025-08-28T12:43:28.718Z</Time><DistanceMeters>1614.1396516878963</DistanceMeters><HeartRateBpm><Value>119</Value></HeartRateBpm><Cadence>24</Cadence><Extensions><ext:TPX><ext:Watts>27.142857142857142</ext:Watts><ext:Torque>20</ext:Torque></ext:TPX></Extensions></Trackpoint><Trackpoint><Time>2025-08-28T12:43:29.908Z</Time><DistanceMeters>1616.3894568087214</DistanceMeters><HeartRateBpm><Value>118</Value></HeartRateBpm><Cadence>25</Cadence><Extensions><ext:TPX><ext:Watts>27.58823529411765</ext:Watts><ext:Torque>20</ext:Torque></ext:TPX></Extensions></Trackpoint><Trackpoint><Time>2025-08-28T12:43:31.069Z</Time><DistanceMeters>1618.6159085764575</DistanceMeters><HeartRateBpm><Value>118</Value></HeartRateBpm><Cadence>26</Cadence><Extensions><ext:TPX><ext:Watts>28.393939393939394</ext:Watts><ext:Torque>20</ext:Torque></ext:TPX></Extensions></Trackpoint><Trackpoint><Time>2025-08-28T12:43:32.258Z</Time><DistanceMeters>1620.9304735461762</DistanceMeters><HeartRateBpm><Value>118</Value></HeartRateBpm><Cadence>25</Cadence><Extensions><ext:TPX><ext:Watts>28.38235294117647</ext:Watts><ext:Torque>20</ext:Torque></ext:TPX></Extensions></Trackpoint><Trackpoint><Time>2025-08-28T12:43:33.448Z</Time><DistanceMeters>1623.1922712316114</DistanceMeters><HeartRateBpm><Value>118</Value></HeartRateBpm><Cadence>25</Cadence><Extensions><ext:TPX><ext:Watts>27.735294117647058</ext:Watts><ext:Torque>20</ext:Torque></ext:TPX></Extensions></Trackpoint><Trackpoint><Time>2025-08-28T12:43:34.638Z</Time><DistanceMeters>1625.4564674299684</DistanceMeters><HeartRateBpm><Value>118</Value></HeartRateBpm><Cadence>25</Cadence><Extensions><ext:TPX><ext:Watts>27.764705882352942</ext:Watts><ext:Torque>20</ext:Torque></ext:TPX></Extensions></Trackpoint><Trackpoint><Time>2025-08-28T12:43:35.828Z</Time><DistanceMeters>1627.7350547058572</DistanceMeters><HeartRateBpm><Value>118</Value></HeartRateBpm><Cadence>25</Cadence><Extensions><ext:TPX><ext:Watts>27.941176470588236</ext:Watts><ext:Torque>20</ext:Torque></ext:TPX></Extensions></Trackpoint><Trackpoint><Time>2025-08-28T12:43:37.018Z</Time><DistanceMeters>1630.0064464429802</DistanceMeters><HeartRateBpm><Value>117</Value></HeartRateBpm><Cadence>25</Cadence><Extensions><ext:TPX><ext:Watts>27.852941176470587</ext:Watts><ext:Torque>20</ext:Torque></ext:TPX></Extensions></Trackpoint><Trackpoint><Time>2025-08-28T12:43:38.243Z</Time><DistanceMeters>1632.25797178007</DistanceMeters><HeartRateBpm><Value>117</Value></HeartRateBpm><Cadence>24</Cadence><Extensions><ext:TPX><ext:Watts>27.057142857142857</ext:Watts><ext:Torque>20</ext:Torque></ext:TPX></Extensions></Trackpoint><Trackpoint><Time>2025-08-28T12:43:39.399Z</Time><DistanceMeters>1634.5034327411272</DistanceMeters><HeartRateBpm><Value>117</Value></HeartRateBpm><Cadence>26</Cadence><Extensions><ext:TPX><ext:Watts>28.636363636363637</ext:Watts><ext:Torque>20</ext:Torque></ext:TPX></Extensions></Trackpoint><Trackpoint><Time>2025-08-28T12:43:40.589Z</Time><DistanceMeters>1636.806005146236</DistanceMeters><HeartRateBpm><Value>117</Value></HeartRateBpm><Cadence>25</Cadence><Extensions><ext:TPX><ext:Watts>28.235294117647058</ext:Watts><ext:Torque>20</ext:Torque></ext:TPX></Extensions></Trackpoint><Trackpoint><Time>2025-08-28T12:43:41.814Z</Time><DistanceMeters>1639.0622855526756</DistanceMeters><HeartRateBpm><Value>117</Value></HeartRateBpm><Cadence>24</Cadence><Extensions><ext:TPX><ext:Watts>27.114285714285714</ext:Watts><ext:Torque>20</ext:Torque></ext:TPX></Extensions></Trackpoint><Trackpoint><Time>2025-08-28T12:43:43.004Z</Time><DistanceMeters>1641.3264817510326</DistanceMeters><HeartRateBpm><Value>117</Value></HeartRateBpm><Cadence>25</Cadence><Extensions><ext:TPX><ext:Watts>27.764705882352942</ext:Watts><ext:Torque>20</ext:Torque></ext:TPX></Extensions></Trackpoint><Trackpoint><Time>2025-08-28T12:43:44.159Z</Time><DistanceMeters>1643.4864013421447</DistanceMeters><HeartRateBpm><Value>117</Value></HeartRateBpm><Cadence>26</Cadence><Extensions><ext:TPX><ext:Watts>27.545454545454547</ext:Watts><ext:Torque>20</ext:Torque></ext:TPX></Extensions></Trackpoint><Trackpoint><Time>2025-08-28T12:43:45.384Z</Time><DistanceMeters>1645.7688346300076</DistanceMeters><HeartRateBpm><Value>117</Value></HeartRateBpm><Cadence>24</Cadence><Extensions><ext:TPX><ext:Watts>27.428571428571427</ext:Watts><ext:Torque>20</ext:Torque></ext:TPX></Extensions></Trackpoint><Trackpoint><Time>2025-08-28T12:43:46.609Z</Time><DistanceMeters>1648.0560229872203</DistanceMeters><HeartRateBpm><Value>118</Value></HeartRateBpm><Cadence>24</Cadence><Extensions><ext:TPX><ext:Watts>27.485714285714284</ext:Watts><ext:Torque>20</ext:Torque></ext:TPX></Extensions></Trackpoint><Trackpoint><Time>2025-08-28T12:43:47.799Z</Time><DistanceMeters>1650.3442043147973</DistanceMeters><HeartRateBpm><Value>118</Value></HeartRateBpm><Cadence>25</Cadence><Extensions><ext:TPX><ext:Watts>28.058823529411764</ext:Watts><ext:Torque>20</ext:Torque></ext:TPX></Extensions></Trackpoint><Trackpoint><Time>2025-08-28T12:43:49.024Z</Time><DistanceMeters>1652.6266376026601</DistanceMeters><HeartRateBpm><Value>118</Value></HeartRateBpm><Cadence>24</Cadence><Extensions><ext:TPX><ext:Watts>27.428571428571427</ext:Watts><ext:Torque>20</ext:Torque></ext:TPX></Extensions></Trackpoint><Trackpoint><Time>2025-08-28T12:43:50.249Z</Time><DistanceMeters>1654.8734078704003</DistanceMeters><HeartRateBpm><Value>118</Value></HeartRateBpm><Cadence>24</Cadence><Extensions><ext:TPX><ext:Watts>27.0</ext:Watts><ext:Torque>20</ext:Torque></ext:TPX></Extensions></Trackpoint><Trackpoint><Time>2025-08-28T12:43:51.474Z</Time><DistanceMeters>1657.1082904647662</DistanceMeters><HeartRateBpm><Value>119</Value></HeartRateBpm><Cadence>24</Cadence><Extensions><ext:TPX><ext:Watts>26.857142857142858</ext:Watts><ext:Torque>20</ext:Torque></ext:TPX></Extensions></Trackpoint><Trackpoint><Time>2025-08-28T12:43:52.699Z</Time><DistanceMeters>1659.4002338913288</DistanceMeters><HeartRateBpm><Value>119</Value></HeartRateBpm><Cadence>24</Cadence><Extensions><ext:TPX><ext:Watts>27.542857142857144</ext:Watts><ext:Torque>20</ext:Torque></ext:TPX></Extensions></Trackpoint><Trackpoint><Time>2025-08-28T12:43:53.924Z</Time><DistanceMeters>1661.7325954073638</DistanceMeters><HeartRateBpm><Value>119</Value></HeartRateBpm><Cadence>24</Cadence><Extensions><ext:TPX><ext:Watts>28.02857142857143</ext:Watts><ext:Torque>20</ext:Torque></ext:TPX></Extensions></Trackpoint><Trackpoint><Time>2025-08-28T12:43:55.149Z</Time><DistanceMeters>1664.043559111325</DistanceMeters><HeartRateBpm><Value>119</Value></HeartRateBpm><Cadence>24</Cadence><Extensions><ext:TPX><ext:Watts>27.771428571428572</ext:Watts><ext:Torque>20</ext:Torque></ext:TPX></Extensions></Trackpoint><Trackpoint><Time>2025-08-28T12:43:55.779Z</Time><DistanceMeters>1666.368433478691</DistanceMeters><HeartRateBpm><Value>119</Value></HeartRateBpm><Cadence>48</Cadence><Extensions><ext:TPX><ext:Watts>54.166666666666664</ext:Watts><ext:Torque>23</ext:Torque></ext:TPX></Extensions></Trackpoint><Trackpoint><Time>2025-08-28T12:43:56.374Z</Time><DistanceMeters>1666.3803073050376</DistanceMeters><HeartRateBpm><Value>119</Value></HeartRateBpm><Cadence>50</Cadence><Extensions><ext:TPX><ext:Watts>0.29411764705882354</ext:Watts><ext:Torque>20</ext:Torque></ext:TPX></Extensions></Trackpoint><Trackpoint><Time>2025-08-28T12:43:57.599Z</Time><DistanceMeters>1668.6793833356246</DistanceMeters><HeartRateBpm><Value>119</Value></HeartRateBpm><Cadence>24</Cadence><Extensions><ext:TPX><ext:Watts>27.62857142857143</ext:Watts><ext:Torque>20</ext:Torque></ext:TPX></Extensions></Trackpoint><Trackpoint><Time>2025-08-28T12:43:58.264Z</Time><DistanceMeters>1671.0567164066645</DistanceMeters><HeartRateBpm><Value>119</Value></HeartRateBpm><Cadence>45</Cadence><Extensions><ext:TPX><ext:Watts>52.473684210526315</ext:Watts><ext:Torque>25</ext:Torque></ext:TPX></Extensions></Trackpoint><Trackpoint><Time>2025-08-28T12:43:58.929Z</Time><DistanceMeters>1671.0591008931951</DistanceMeters><HeartRateBpm><Value>119</Value></HeartRateBpm><Cadence>45</Cadence><Extensions><ext:TPX><ext:Watts>0.05263157894736842</ext:Watts><ext:Torque>20</ext:Torque></ext:TPX></Extensions></Trackpoint><Trackpoint><Time>2025-08-28T12:43:59.664Z</Time><DistanceMeters>1673.5619393772374</DistanceMeters><HeartRateBpm><Value>119</Value></HeartRateBpm><Cadence>41</Cadence><Extensions><ext:TPX><ext:Watts>50.333333333333336</ext:Watts><ext:Torque>24</ext:Torque></ext:TPX></Extensions></Trackpoint><Trackpoint><Time>2025-08-28T12:44:00.329Z</Time><DistanceMeters>1673.5690928368292</DistanceMeters><HeartRateBpm><Value>119</Value></HeartRateBpm><Cadence>45</Cadence><Extensions><ext:TPX><ext:Watts>0.15789473684210525</ext:Watts><ext:Torque>20</ext:Torque></ext:TPX></Extensions></Trackpoint><Trackpoint><Time>2025-08-28T12:44:01.064Z</Time><DistanceMeters>1676.0719313208715</DistanceMeters><HeartRateBpm><Value>119</Value></HeartRateBpm><Cadence>41</Cadence><Extensions><ext:TPX><ext:Watts>50.333333333333336</ext:Watts><ext:Torque>24</ext:Torque></ext:TPX></Extensions></Trackpoint><Trackpoint><Time>2025-08-28T12:44:02.534Z</Time><DistanceMeters>1678.745099131654</DistanceMeters><HeartRateBpm><Value>119</Value></HeartRateBpm><Cadence>39</Cadence><Extensions><ext:TPX><ext:Watts>51.13636363636363</ext:Watts><ext:Torque>24</ext:Torque></ext:TPX></Extensions></Trackpoint><Trackpoint><Time>2025-08-28T12:44:03.969Z</Time><DistanceMeters>1681.3237094524884</DistanceMeters><HeartRateBpm><Value>119</Value></HeartRateBpm><Cadence>41</Cadence><Extensions><ext:TPX><ext:Watts>51.857142857142854</ext:Watts><ext:Torque>24</ext:Torque></ext:TPX></Extensions></Trackpoint><Trackpoint><Time>2025-08-28T12:44:05.404Z</Time><DistanceMeters>1683.8650175623904</DistanceMeters><HeartRateBpm><Value>119</Value></HeartRateBpm><Cadence>43</Cadence><Extensions><ext:TPX><ext:Watts>53.6</ext:Watts><ext:Torque>23</ext:Torque></ext:TPX></Extensions></Trackpoint><Trackpoint><Time>2025-08-28T12:44:06.804Z</Time><DistanceMeters>1686.3873606863976</DistanceMeters><HeartRateBpm><Value>118</Value></HeartRateBpm><Cadence>43</Cadence><Extensions><ext:TPX><ext:Watts>53.2</ext:Watts><ext:Torque>23</ext:Torque></ext:TPX></Extensions></Trackpoint><Trackpoint><Time>2025-08-28T12:44:07.539Z</Time><DistanceMeters>1686.3897285562973</DistanceMeters><HeartRateBpm><Value>118</Value></HeartRateBpm><Cadence>41</Cadence><Extensions><ext:TPX><ext:Watts>0.047619047619047616</ext:Watts><ext:Torque>20</ext:Torque></ext:TPX></Extensions></Trackpoint><Trackpoint><Time>2025-08-28T12:44:08.939Z</Time><DistanceMeters>1688.9594841450416</DistanceMeters><HeartRateBpm><Value>118</Value></HeartRateBpm><Cadence>22</Cadence><Extensions><ext:TPX><ext:Watts>27.1</ext:Watts><ext:Torque>20</ext:Torque></ext:TPX></Extensions></Trackpoint><Trackpoint><Time>2025-08-28T12:44:09.639Z</Time><DistanceMeters>1691.4581210366805</DistanceMeters><HeartRateBpm><Value>118</Value></HeartRateBpm><Cadence>43</Cadence><Extensions><ext:TPX><ext:Watts>52.7</ext:Watts><ext:Torque>23</ext:Torque></ext:TPX></Extensions></Trackpoint><Trackpoint><Time>2025-08-28T12:44:10.304Z</Time><DistanceMeters>1691.4652744962723</DistanceMeters><HeartRateBpm><Value>118</Value></HeartRateBpm><Cadence>45</Cadence><Extensions><ext:TPX><ext:Watts>0.15789473684210525</ext:Watts><ext:Torque>20</ext:Torque></ext:TPX></Extensions></Trackpoint><Trackpoint><Time>2025-08-28T12:44:11.004Z</Time><DistanceMeters>1693.9852469970429</DistanceMeters><HeartRateBpm><Value>118</Value></HeartRateBpm><Cadence>43</Cadence><Extensions><ext:TPX><ext:Watts>53.15</ext:Watts><ext:Torque>22</ext:Torque></ext:TPX></Extensions></Trackpoint><Trackpoint><Time>2025-08-28T12:44:12.404Z</Time><DistanceMeters>1696.4975569606843</DistanceMeters><HeartRateBpm><Value>117</Value></HeartRateBpm><Cadence>41</Cadence><Extensions><ext:TPX><ext:Watts>50.523809523809526</ext:Watts><ext:Torque>23</ext:Torque></ext:TPX></Extensions></Trackpoint><Trackpoint><Time>2025-08-28T12:44:14.504Z</Time><DistanceMeters>1699.0903745009173</DistanceMeters><HeartRateBpm><Value>117</Value></HeartRateBpm><Cadence>21</Cadence><Extensions><ext:TPX><ext:Watts>26.70731707317073</ext:Watts><ext:Torque>20</ext:Torque></ext:TPX></Extensions></Trackpoint><Trackpoint><Time>2025-08-28T12:44:15.869Z</Time><DistanceMeters>1701.580578825984</DistanceMeters><HeartRateBpm><Value>117</Value></HeartRateBpm><Cadence>22</Cadence><Extensions><ext:TPX><ext:Watts>26.871794871794872</ext:Watts><ext:Torque>20</ext:Torque></ext:TPX></Extensions></Trackpoint><Trackpoint><Time>2025-08-28T12:44:16.604Z</Time><DistanceMeters>1704.1047281391243</DistanceMeters><HeartRateBpm><Value>117</Value></HeartRateBpm><Cadence>41</Cadence><Extensions><ext:TPX><ext:Watts>50.76190476190476</ext:Watts><ext:Torque>22</ext:Torque></ext:TPX></Extensions></Trackpoint><Trackpoint><Time>2025-08-28T12:44:18.039Z</Time><DistanceMeters>1706.605198753267</DistanceMeters><HeartRateBpm><Value>117</Value></HeartRateBpm><Cadence>41</Cadence><Extensions><ext:TPX><ext:Watts>50.285714285714285</ext:Watts><ext:Torque>24</ext:Torque></ext:TPX></Extensions></Trackpoint><Trackpoint><Time>2025-08-28T12:44:18.774Z</Time><DistanceMeters>1706.6075666231666</DistanceMeters><HeartRateBpm><Value>117</Value></HeartRateBpm><Cadence>41</Cadence><Extensions><ext:TPX><ext:Watts>0.047619047619047616</ext:Watts><ext:Torque>20</ext:Torque></ext:TPX></Extensions></Trackpoint><Trackpoint><Time>2025-08-28T12:44:19.474Z</Time><DistanceMeters>1709.1109447612791</DistanceMeters><HeartRateBpm><Value>117</Value></HeartRateBpm><Cadence>43</Cadence><Extensions><ext:TPX><ext:Watts>52.8</ext:Watts><ext:Torque>23</ext:Torque></ext:TPX></Extensions></Trackpoint><Trackpoint><Time>2025-08-28T12:44:20.910Z</Time><DistanceMeters>1711.7203373908105</DistanceMeters><HeartRateBpm><Value>117</Value></HeartRateBpm><Cadence>41</Cadence><Extensions><ext:TPX><ext:Watts>52.476190476190474</ext:Watts><ext:Torque>22</ext:Torque></ext:TPX></Extensions></Trackpoint><Trackpoint><Time>2025-08-28T12:44:22.349Z</Time><DistanceMeters>1714.298947711645</DistanceMeters><HeartRateBpm><Value>118</Value></HeartRateBpm><Cadence>41</Cadence><Extensions><ext:TPX><ext:Watts>51.857142857142854</ext:Watts><ext:Torque>23</ext:Torque></ext:TPX></Extensions></Trackpoint><Trackpoint><Time>2025-08-28T12:44:24.449Z</Time><DistanceMeters>1716.8378851983102</DistanceMeters><HeartRateBpm><Value>118</Value></HeartRateBpm><Cadence>22</Cadence><Extensions><ext:TPX><ext:Watts>26.775</ext:Watts><ext:Torque>20</ext:Torque></ext:TPX></Extensions></Trackpoint><Trackpoint><Time>2025-08-28T12:44:25.849Z</Time><DistanceMeters>1719.277256509028</DistanceMeters><HeartRateBpm><Value>118</Value></HeartRateBpm><Cadence>22</Cadence><Extensions><ext:TPX><ext:Watts>25.725</ext:Watts><ext:Torque>20</ext:Torque></ext:TPX></Extensions></Trackpoint><Trackpoint><Time>2025-08-28T12:44:26.549Z</Time><DistanceMeters>1721.7924877633247</DistanceMeters><HeartRateBpm><Value>118</Value></HeartRateBpm><Cadence>43</Cadence><Extensions><ext:TPX><ext:Watts>53.05</ext:Watts><ext:Torque>22</ext:Torque></ext:TPX></Extensions></Trackpoint><Trackpoint><Time>2025-08-28T12:44:27.249Z</Time><DistanceMeters>1721.7948583865616</DistanceMeters><HeartRateBpm><Value>118</Value></HeartRateBpm><Cadence>43</Cadence><Extensions><ext:TPX><ext:Watts>0.05</ext:Watts><ext:Torque>20</ext:Torque></ext:TPX></Extensions></Trackpoint><Trackpoint><Time>2025-08-28T12:44:28.614Z</Time><DistanceMeters>1724.2494204741513</DistanceMeters><HeartRateBpm><Value>118</Value></HeartRateBpm><Cadence>22</Cadence><Extensions><ext:TPX><ext:Watts>26.487179487179485</ext:Watts><ext:Torque>20</ext:Torque></ext:TPX></Extensions></Trackpoint><Trackpoint><Time>2025-08-28T12:44:29.979Z</Time><DistanceMeters>1726.739624799218</DistanceMeters><HeartRateBpm><Value>118</Value></HeartRateBpm><Cadence>22</Cadence><Extensions><ext:TPX><ext:Watts>26.871794871794872</ext:Watts><ext:Torque>20</ext:Torque></ext:TPX></Extensions></Trackpoint><Trackpoint><Time>2025-08-28T12:44:31.344Z</Time><DistanceMeters>1729.1015170693672</DistanceMeters><HeartRateBpm><Value>118</Value></HeartRateBpm><Cadence>22</Cadence><Extensions><ext:TPX><ext:Watts>25.487179487179485</ext:Watts><ext:Torque>20</ext:Torque></ext:TPX></Extensions></Trackpoint><Trackpoint><Time>2025-08-28T12:44:32.710Z</Time><DistanceMeters>1731.5632076044521</DistanceMeters><HeartRateBpm><Value>118</Value></HeartRateBpm><Cadence>22</Cadence><Extensions><ext:TPX><ext:Watts>26.564102564102566</ext:Watts><ext:Torque>20</ext:Torque></ext:TPX></Extensions></Trackpoint><Trackpoint><Time>2025-08-28T12:44:34.075Z</Time><DistanceMeters>1734.0201458412068</DistanceMeters><HeartRateBpm><Value>117</Value></HeartRateBpm><Cadence>22</Cadence><Extensions><ext:TPX><ext:Watts>26.512820512820515</ext:Watts><ext:Torque>20</ext:Torque></ext:TPX></Extensions></Trackpoint><Trackpoint><Time>2025-08-28T12:44:35.475Z</Time><DistanceMeters>1736.452405282214</DistanceMeters><HeartRateBpm><Value>117</Value></HeartRateBpm><Cadence>22</Cadence><Extensions><ext:TPX><ext:Watts>25.65</ext:Watts><ext:Torque>20</ext:Torque></ext:TPX></Extensions></Trackpoint><Trackpoint><Time>2025-08-28T12:44:36.875Z</Time><DistanceMeters>1738.9368184344316</DistanceMeters><HeartRateBpm><Value>117</Value></HeartRateBpm><Cadence>22</Cadence><Extensions><ext:TPX><ext:Watts>26.2</ext:Watts><ext:Torque>20</ext:Torque></ext:TPX></Extensions></Trackpoint><Trackpoint><Time>2025-08-28T12:44:38.275Z</Time><DistanceMeters>1741.3524835127807</DistanceMeters><HeartRateBpm><Value>117</Value></HeartRateBpm><Cadence>22</Cadence><Extensions><ext:TPX><ext:Watts>25.475</ext:Watts><ext:Torque>20</ext:Torque></ext:TPX></Extensions></Trackpoint><Trackpoint><Time>2025-08-28T12:44:39.675Z</Time><DistanceMeters>1743.780001707314</DistanceMeters><HeartRateBpm><Value>116</Value></HeartRateBpm><Cadence>22</Cadence><Extensions><ext:TPX><ext:Watts>25.6</ext:Watts><ext:Torque>20</ext:Torque></ext:TPX></Extensions></Trackpoint><Trackpoint><Time>2025-08-28T12:44:41.040Z</Time><DistanceMeters>1746.2179307507477</DistanceMeters><HeartRateBpm><Value>116</Value></HeartRateBpm><Cadence>22</Cadence><Extensions><ext:TPX><ext:Watts>26.307692307692307</ext:Watts><ext:Torque>20</ext:Torque></ext:TPX></Extensions></Trackpoint><Trackpoint><Time>2025-08-28T12:44:42.441Z</Time><DistanceMeters>1748.6999732797285</DistanceMeters><HeartRateBpm><Value>115</Value></HeartRateBpm><Cadence>22</Cadence><Extensions><ext:TPX><ext:Watts>26.175</ext:Watts><ext:Torque>20</ext:Torque></ext:TPX></Extensions></Trackpoint><Trackpoint><Time>2025-08-28T12:44:43.805Z</Time><DistanceMeters>1751.1592876656484</DistanceMeters><HeartRateBpm><Value>115</Value></HeartRateBpm><Cadence>22</Cadence><Extensions><ext:TPX><ext:Watts>26.53846153846154</ext:Watts><ext:Torque>20</ext:Torque></ext:TPX></Extensions></Trackpoint><Trackpoint><Time>2025-08-28T12:44:45.170Z</Time><DistanceMeters>1753.597216709082</DistanceMeters><HeartRateBpm><Value>114</Value></HeartRateBpm><Cadence>22</Cadence><Extensions><ext:TPX><ext:Watts>26.307692307692307</ext:Watts><ext:Torque>20</ext:Torque></ext:TPX></Extensions></Trackpoint><Trackpoint><Time>2025-08-28T12:44:46.570Z</Time><DistanceMeters>1756.0389586430365</DistanceMeters><HeartRateBpm><Value>114</Value></HeartRateBpm><Cadence>22</Cadence><Extensions><ext:TPX><ext:Watts>25.75</ext:Watts><ext:Torque>20</ext:Torque></ext:TPX></Extensions></Trackpoint><Trackpoint><Time>2025-08-28T12:44:47.970Z</Time><DistanceMeters>1758.509148055833</DistanceMeters><HeartRateBpm><Value>114</Value></HeartRateBpm><Cadence>22</Cadence><Extensions><ext:TPX><ext:Watts>26.05</ext:Watts><ext:Torque>20</ext:Torque></ext:TPX></Extensions></Trackpoint><Trackpoint><Time>2025-08-28T12:44:49.335Z</Time><DistanceMeters>1760.9304440551107</DistanceMeters><HeartRateBpm><Value>113</Value></HeartRateBpm><Cadence>22</Cadence><Extensions><ext:TPX><ext:Watts>26.128205128205128</ext:Watts><ext:Torque>20</ext:Torque></ext:TPX></Extensions></Trackpoint><Trackpoint><Time>2025-08-28T12:44:50.735Z</Time><DistanceMeters>1763.3958922214335</DistanceMeters><HeartRateBpm><Value>113</Value></HeartRateBpm><Cadence>22</Cadence><Extensions><ext:TPX><ext:Watts>26.0</ext:Watts><ext:Torque>20</ext:Torque></ext:TPX></Extensions></Trackpoint><Trackpoint><Time>2025-08-28T12:44:52.135Z</Time><DistanceMeters>1765.901640982783</DistanceMeters><HeartRateBpm><Value>113</Value></HeartRateBpm><Cadence>22</Cadence><Extensions><ext:TPX><ext:Watts>26.425</ext:Watts><ext:Torque>20</ext:Torque></ext:TPX></Extensions></Trackpoint><Trackpoint><Time>2025-08-28T12:44:53.500Z</Time><DistanceMeters>1768.3775884128588</DistanceMeters><HeartRateBpm><Value>113</Value></HeartRateBpm><Cadence>22</Cadence><Extensions><ext:TPX><ext:Watts>26.71794871794872</ext:Watts><ext:Torque>20</ext:Torque></ext:TPX></Extensions></Trackpoint><Trackpoint><Time>2025-08-28T12:44:54.270Z</Time><DistanceMeters>1770.8844257820815</DistanceMeters><HeartRateBpm><Value>113</Value></HeartRateBpm><Cadence>39</Cadence><Extensions><ext:TPX><ext:Watts>47.95454545454545</ext:Watts><ext:Torque>23</ext:Torque></ext:TPX></Extensions></Trackpoint><Trackpoint><Time>2025-08-28T12:44:55.635Z</Time><DistanceMeters>1773.387803920194</DistanceMeters><HeartRateBpm><Value>113</Value></HeartRateBpm><Cadence>43</Cadence><Extensions><ext:TPX><ext:Watts>52.8</ext:Watts><ext:Torque>24</ext:Torque></ext:TPX></Extensions></Trackpoint><Trackpoint><Time>2025-08-28T12:44:57.105Z</Time><DistanceMeters>1775.9024817537352</DistanceMeters><HeartRateBpm><Value>114</Value></HeartRateBpm><Cadence>41</Cadence><Extensions><ext:TPX><ext:Watts>50.57142857142857</ext:Watts><ext:Torque>23</ext:Torque></ext:TPX></Extensions></Trackpoint><Trackpoint><Time>2025-08-28T12:44:57.805Z</Time><DistanceMeters>1775.904852376972</DistanceMeters><HeartRateBpm><Value>114</Value></HeartRateBpm><Cadence>43</Cadence><Extensions><ext:TPX><ext:Watts>0.05</ext:Watts><ext:Torque>20</ext:Torque></ext:TPX></Extensions></Trackpoint><Trackpoint><Time>2025-08-28T12:44:58.540Z</Time><DistanceMeters>1778.469255478408</DistanceMeters><HeartRateBpm><Value>114</Value></HeartRateBpm><Cadence>41</Cadence><Extensions><ext:TPX><ext:Watts>51.57142857142857</ext:Watts><ext:Torque>24</ext:Torque></ext:TPX></Extensions></Trackpoint><Trackpoint><Time>2025-08-28T12:44:59.240Z</Time><DistanceMeters>1778.471626101645</DistanceMeters><HeartRateBpm><Value>114</Value></HeartRateBpm><Cadence>43</Cadence><Extensions><ext:TPX><ext:Watts>0.05</ext:Watts><ext:Torque>20</ext:Torque></ext:TPX></Extensions></Trackpoint><Trackpoint><Time>2025-08-28T12:44:59.940Z</Time><DistanceMeters>1780.9892279791786</DistanceMeters><HeartRateBpm><Value>114</Value></HeartRateBpm><Cadence>43</Cadence><Extensions><ext:TPX><ext:Watts>53.1</ext:Watts><ext:Torque>23</ext:Torque></ext:TPX></Extensions></Trackpoint><Trackpoint><Time>2025-08-28T12:45:01.375Z</Time><DistanceMeters>1783.480227113722</DistanceMeters><HeartRateBpm><Value>114</Value></HeartRateBpm><Cadence>41</Cadence><Extensions><ext:TPX><ext:Watts>50.095238095238095</ext:Watts><ext:Torque>23</ext:Torque></ext:TPX></Extensions></Trackpoint><Trackpoint><Time>2025-08-28T12:45:02.040Z</Time><DistanceMeters>1783.4849960867834</DistanceMeters><HeartRateBpm><Value>114</Value></HeartRateBpm><Cadence>45</Cadence><Extensions><ext:TPX><ext:Watts>0.10526315789473684</ext:Watts><ext:Torque>20</ext:Torque></ext:TPX></Extensions></Trackpoint><Trackpoint><Time>2025-08-28T12:45:02.740Z</Time><DistanceMeters>1785.9931154713697</DistanceMeters><HeartRateBpm><Value>114</Value></HeartRateBpm><Cadence>43</Cadence><Extensions><ext:TPX><ext:Watts>52.9</ext:Watts><ext:Torque>22</ext:Torque></ext:TPX></Extensions></Trackpoint><Trackpoint><Time>2025-08-28T12:45:03.440Z</Time><DistanceMeters>1786.0025979643171</DistanceMeters><HeartRateBpm><Value>114</Value></HeartRateBpm><Cadence>43</Cadence><Extensions><ext:TPX><ext:Watts>0.2</ext:Watts><ext:Torque>20</ext:Torque></ext:TPX></Extensions></Trackpoint><Trackpoint><Time>2025-08-28T12:45:04.805Z</Time><DistanceMeters>1788.4975545877141</DistanceMeters><HeartRateBpm><Value>113</Value></HeartRateBpm><Cadence>22</Cadence><Extensions><ext:TPX><ext:Watts>26.923076923076923</ext:Watts><ext:Torque>20</ext:Torque></ext:TPX></Extensions></Trackpoint><Trackpoint><Time>2025-08-28T12:45:06.170Z</Time><DistanceMeters>1790.9616212719643</DistanceMeters><HeartRateBpm><Value>113</Value></HeartRateBpm><Cadence>22</Cadence><Extensions><ext:TPX><ext:Watts>26.58974358974359</ext:Watts><ext:Torque>20</ext:Torque></ext:TPX></Extensions></Trackpoint><Trackpoint><Time>2025-08-28T12:45:07.500Z</Time><DistanceMeters>1793.3604147217798</DistanceMeters><HeartRateBpm><Value>113</Value></HeartRateBpm><Cadence>22</Cadence><Extensions><ext:TPX><ext:Watts>26.473684210526315</ext:Watts><ext:Torque>20</ext:Torque></ext:TPX></Extensions></Trackpoint><Trackpoint><Time>2025-08-28T12:45:08.831Z</Time><DistanceMeters>1795.7854375234322</DistanceMeters><HeartRateBpm><Value>113</Value></HeartRateBpm><Cadence>22</Cadence><Extensions><ext:TPX><ext:Watts>26.763157894736842</ext:Watts><ext:Torque>20</ext:Torque></ext:TPX></Extensions></Trackpoint><Trackpoint><Time>2025-08-28T12:45:10.196Z</Time><DistanceMeters>1798.2304950143612</DistanceMeters><HeartRateBpm><Value>113</Value></HeartRateBpm><Cadence>22</Cadence><Extensions><ext:TPX><ext:Watts>26.384615384615383</ext:Watts><ext:Torque>20</ext:Torque></ext:TPX></Extensions></Trackpoint><Trackpoint><Time>2025-08-28T12:45:11.560Z</Time><DistanceMeters>1800.6612956102995</DistanceMeters><HeartRateBpm><Value>113</Value></HeartRateBpm><Cadence>22</Cadence><Extensions><ext:TPX><ext:Watts>26.23076923076923</ext:Watts><ext:Torque>20</ext:Torque></ext:TPX></Extensions></Trackpoint><Trackpoint><Time>2025-08-28T12:45:12.890Z</Time><DistanceMeters>1803.072011492768</DistanceMeters><HeartRateBpm><Value>113</Value></HeartRateBpm><Cadence>22</Cadence><Extensions><ext:TPX><ext:Watts>26.605263157894736</ext:Watts><ext:Torque>20</ext:Torque></ext:TPX></Extensions></Trackpoint><Trackpoint><Time>2025-08-28T12:45:14.255Z</Time><DistanceMeters>1805.517068983697</DistanceMeters><HeartRateBpm><Value>113</Value></HeartRateBpm><Cadence>22</Cadence><Extensions><ext:TPX><ext:Watts>26.384615384615383</ext:Watts><ext:Torque>20</ext:Torque></ext:TPX></Extensions></Trackpoint><Trackpoint><Time>2025-08-28T12:45:15.586Z</Time><DistanceMeters>1807.9659366506557</DistanceMeters><HeartRateBpm><Value>113</Value></HeartRateBpm><Cadence>22</Cadence><Extensions><ext:TPX><ext:Watts>27.026315789473685</ext:Watts><ext:Torque>20</ext:Torque></ext:TPX></Extensions></Trackpoint><Trackpoint><Time>2025-08-28T12:45:16.916Z</Time><DistanceMeters>1810.431495723329</DistanceMeters><HeartRateBpm><Value>113</Value></HeartRateBpm><Cadence>22</Cadence><Extensions><ext:TPX><ext:Watts>27.210526315789473</ext:Watts><ext:Torque>20</ext:Torque></ext:TPX></Extensions></Trackpoint><Trackpoint><Time>2025-08-28T12:45:18.247Z</Time><DistanceMeters>1812.858903011512</DistanceMeters><HeartRateBpm><Value>113</Value></HeartRateBpm><Cadence>22</Cadence><Extensions><ext:TPX><ext:Watts>26.789473684210527</ext:Watts><ext:Torque>20</ext:Torque></ext:TPX></Extensions></Trackpoint><Trackpoint><Time>2025-08-28T12:45:19.611Z</Time><DistanceMeters>1815.2920797566153</DistanceMeters><HeartRateBpm><Value>114</Value></HeartRateBpm><Cadence>22</Cadence><Extensions><ext:TPX><ext:Watts>26.256410256410255</ext:Watts><ext:Torque>20</ext:Torque></ext:TPX></Extensions></Trackpoint><Trackpoint><Time>2025-08-28T12:45:20.940Z</Time><DistanceMeters>1817.6789507737776</DistanceMeters><HeartRateBpm><Value>114</Value></HeartRateBpm><Cadence>22</Cadence><Extensions><ext:TPX><ext:Watts>26.342105263157894</ext:Watts><ext:Torque>20</ext:Torque></ext:TPX></Extensions></Trackpoint><Trackpoint><Time>2025-08-28T12:45:22.306Z</Time><DistanceMeters>1820.1192559663764</DistanceMeters><HeartRateBpm><Value>114</Value></HeartRateBpm><Cadence>22</Cadence><Extensions><ext:TPX><ext:Watts>26.333333333333332</ext:Watts><ext:Torque>20</ext:Torque></ext:TPX></Extensions></Trackpoint><Trackpoint><Time>2025-08-28T12:45:23.636Z</Time><DistanceMeters>1822.5347408219063</DistanceMeters><HeartRateBpm><Value>114</Value></HeartRateBpm><Cadence>22</Cadence><Extensions><ext:TPX><ext:Watts>26.657894736842106</ext:Watts><ext:Torque>20</ext:Torque></ext:TPX></Extensions></Trackpoint><Trackpoint><Time>2025-08-28T12:45:25.001Z</Time><DistanceMeters>1824.9322753295326</DistanceMeters><HeartRateBpm><Value>114</Value></HeartRateBpm><Cadence>22</Cadence><Extensions><ext:TPX><ext:Watts>25.871794871794872</ext:Watts><ext:Torque>20</ext:Torque></ext:TPX></Extensions></Trackpoint><Trackpoint><Time>2025-08-28T12:45:26.331Z</Time><DistanceMeters>1827.30007045445</DistanceMeters><HeartRateBpm><Value>114</Value></HeartRateBpm><Cadence>22</Cadence><Extensions><ext:TPX><ext:Watts>26.13157894736842</ext:Watts><ext:Torque>20</ext:Torque></ext:TPX></Extensions></Trackpoint><Trackpoint><Time>2025-08-28T12:45:27.696Z</Time><DistanceMeters>1829.728494901223</DistanceMeters><HeartRateBpm><Value>114</Value></HeartRateBpm><Cadence>22</Cadence><Extensions><ext:TPX><ext:Watts>26.205128205128204</ext:Watts><ext:Torque>20</ext:Torque></ext:TPX></Extensions></Trackpoint><Trackpoint><Time>2025-08-28T12:45:29.026Z</Time><DistanceMeters>1832.1272883510385</DistanceMeters><HeartRateBpm><Value>114</Value></HeartRateBpm><Cadence>22</Cadence><Extensions><ext:TPX><ext:Watts>26.473684210526315</ext:Watts><ext:Torque>20</ext:Torque></ext:TPX></Extensions></Trackpoint><Trackpoint><Time>2025-08-28T12:45:30.391Z</Time><DistanceMeters>1834.6103642286098</DistanceMeters><HeartRateBpm><Value>114</Value></HeartRateBpm><Cadence>22</Cadence><Extensions><ext:TPX><ext:Watts>26.794871794871796</ext:Watts><ext:Torque>20</ext:Torque></ext:TPX></Extensions></Trackpoint><Trackpoint><Time>2025-08-28T12:45:31.686Z</Time><DistanceMeters>1837.0563682701463</DistanceMeters><HeartRateBpm><Value>114</Value></HeartRateBpm><Cadence>23</Cadence><Extensions><ext:TPX><ext:Watts>27.594594594594593</ext:Watts><ext:Torque>20</ext:Torque></ext:TPX></Extensions></Trackpoint><Trackpoint><Time>2025-08-28T12:45:33.016Z</Time><DistanceMeters>1839.505235937105</DistanceMeters><HeartRateBpm><Value>114</Value></HeartRateBpm><Cadence>22</Cadence><Extensions><ext:TPX><ext:Watts>27.026315789473685</ext:Watts><ext:Torque>20</ext:Torque></ext:TPX></Extensions></Trackpoint><Trackpoint><Time>2025-08-28T12:45:34.381Z</Time><DistanceMeters>1841.947917278869</DistanceMeters><HeartRateBpm><Value>113</Value></HeartRateBpm><Cadence>22</Cadence><Extensions><ext:TPX><ext:Watts>26.358974358974358</ext:Watts><ext:Torque>20</ext:Torque></ext:TPX></Extensions></Trackpoint><Trackpoint><Time>2025-08-28T12:45:35.746Z</Time><DistanceMeters>1844.407231664789</DistanceMeters><HeartRateBpm><Value>113</Value></HeartRateBpm><Cadence>22</Cadence><Extensions><ext:TPX><ext:Watts>26.53846153846154</ext:Watts><ext:Torque>20</ext:Torque></ext:TPX></Extensions></Trackpoint><Trackpoint><Time>2025-08-28T12:45:37.041Z</Time><DistanceMeters>1846.8700055675308</DistanceMeters><HeartRateBpm><Value>113</Value></HeartRateBpm><Cadence>23</Cadence><Extensions><ext:TPX><ext:Watts>27.783783783783782</ext:Watts><ext:Torque>20</ext:Torque></ext:TPX></Extensions></Trackpoint><Trackpoint><Time>2025-08-28T12:45:38.371Z</Time><DistanceMeters>1849.3069508018364</DistanceMeters><HeartRateBpm><Value>112</Value></HeartRateBpm><Cadence>22</Cadence><Extensions><ext:TPX><ext:Watts>26.894736842105264</ext:Watts><ext:Torque>20</ext:Torque></ext:TPX></Extensions></Trackpoint><Trackpoint><Time>2025-08-28T12:45:39.666Z</Time><DistanceMeters>1851.7409763710832</DistanceMeters><HeartRateBpm><Value>112</Value></HeartRateBpm><Cadence>23</Cadence><Extensions><ext:TPX><ext:Watts>27.45945945945946</ext:Watts><ext:Torque>20</ext:Torque></ext:TPX></Extensions></Trackpoint><Trackpoint><Time>2025-08-28T12:45:40.961Z</Time><DistanceMeters>1854.2157287461148</DistanceMeters><HeartRateBpm><Value>112</Value></HeartRateBpm><Cadence>23</Cadence><Extensions><ext:TPX><ext:Watts>27.91891891891892</ext:Watts><ext:Torque>20</ext:Torque></ext:TPX></Extensions></Trackpoint><Trackpoint><Time>2025-08-28T12:45:42.221Z</Time><DistanceMeters>1856.5989733566785</DistanceMeters><HeartRateBpm><Value>112</Value></HeartRateBpm><Cadence>24</Cadence><Extensions><ext:TPX><ext:Watts>28.055555555555557</ext:Watts><ext:Torque>20</ext:Torque></ext:TPX></Extensions></Trackpoint><Trackpoint><Time>2025-08-28T12:45:43.516Z</Time><DistanceMeters>1859.018624759178</DistanceMeters><HeartRateBpm><Value>111</Value></HeartRateBpm><Cadence>23</Cadence><Extensions><ext:TPX><ext:Watts>27.2972972972973</ext:Watts><ext:Torque>20</ext:Torque></ext:TPX></Extensions></Trackpoint><Trackpoint><Time>2025-08-28T12:45:44.811Z</Time><DistanceMeters>1861.4766072730042</DistanceMeters><HeartRateBpm><Value>111</Value></HeartRateBpm><Cadence>23</Cadence><Extensions><ext:TPX><ext:Watts>27.72972972972973</ext:Watts><ext:Torque>20</ext:Torque></ext:TPX></Extensions></Trackpoint><Trackpoint><Time>2025-08-28T12:45:46.106Z</Time><DistanceMeters>1863.9274027034567</DistanceMeters><HeartRateBpm><Value>111</Value></HeartRateBpm><Cadence>23</Cadence><Extensions><ext:TPX><ext:Watts>27.64864864864865</ext:Watts><ext:Torque>20</ext:Torque></ext:TPX></Extensions></Trackpoint><Trackpoint><Time>2025-08-28T12:45:47.401Z</Time><DistanceMeters>1866.4332991064412</DistanceMeters><HeartRateBpm><Value>111</Value></HeartRateBpm><Cadence>23</Cadence><Extensions><ext:TPX><ext:Watts>28.27027027027027</ext:Watts><ext:Torque>20</ext:Torque></ext:TPX></Extensions></Trackpoint><Trackpoint><Time>2025-08-28T12:45:48.696Z</Time><DistanceMeters>1868.9679438429207</DistanceMeters><HeartRateBpm><Value>111</Value></HeartRateBpm><Cadence>23</Cadence><Extensions><ext:TPX><ext:Watts>28.594594594594593</ext:Watts><ext:Torque>20</ext:Torque></ext:TPX></Extensions></Trackpoint><Trackpoint><Time>2025-08-28T12:45:49.991Z</Time><DistanceMeters>1871.4283220512048</DistanceMeters><HeartRateBpm><Value>111</Value></HeartRateBpm><Cadence>23</Cadence><Extensions><ext:TPX><ext:Watts>27.756756756756758</ext:Watts><ext:Torque>20</ext:Torque></ext:TPX></Extensions></Trackpoint><Trackpoint><Time>2025-08-28T12:45:51.251Z</Time><DistanceMeters>1873.825724550544</DistanceMeters><HeartRateBpm><Value>111</Value></HeartRateBpm><Cadence>24</Cadence><Extensions><ext:TPX><ext:Watts>28.22222222222222</ext:Watts><ext:Torque>20</ext:Torque></ext:TPX></Extensions></Trackpoint><Trackpoint><Time>2025-08-28T12:45:52.581Z</Time><DistanceMeters>1876.2698232444416</DistanceMeters><HeartRateBpm><Value>112</Value></HeartRateBpm><Cadence>22</Cadence><Extensions><ext:TPX><ext:Watts>26.973684210526315</ext:Watts><ext:Torque>20</ext:Torque></ext:TPX></Extensions></Trackpoint><Trackpoint><Time>2025-08-28T12:45:53.911Z</Time><DistanceMeters>1878.740151290176</DistanceMeters><HeartRateBpm><Value>112</Value></HeartRateBpm><Cadence>22</Cadence><Extensions><ext:TPX><ext:Watts>27.263157894736842</ext:Watts><ext:Torque>20</ext:Torque></ext:TPX></Extensions></Trackpoint><Trackpoint><Time>2025-08-28T12:45:55.206Z</Time><DistanceMeters>1881.2101122762917</DistanceMeters><HeartRateBpm><Value>112</Value></HeartRateBpm><Cadence>23</Cadence><Extensions><ext:TPX><ext:Watts>27.864864864864863</ext:Watts><ext:Torque>20</ext:Torque></ext:TPX></Extensions></Trackpoint><Trackpoint><Time>2025-08-28T12:45:56.466Z</Time><DistanceMeters>1883.6476287938287</DistanceMeters><HeartRateBpm><Value>112</Value></HeartRateBpm><Cadence>24</Cadence><Extensions><ext:TPX><ext:Watts>28.694444444444443</ext:Watts><ext:Torque>20</ext:Torque></ext:TPX></Extensions></Trackpoint><Trackpoint><Time>2025-08-28T12:45:57.726Z</Time><DistanceMeters>1886.0639084782022</DistanceMeters><HeartRateBpm><Value>112</Value></HeartRateBpm><Cadence>24</Cadence><Extensions><ext:TPX><ext:Watts>28.444444444444443</ext:Watts><ext:Torque>20</ext:Torque></ext:TPX></Extensions></Trackpoint><Trackpoint><Time>2025-08-28T12:45:58.986Z</Time><DistanceMeters>1888.5486179583245</DistanceMeters><HeartRateBpm><Value>112</Value></HeartRateBpm><Cadence>24</Cadence><Extensions><ext:TPX><ext:Watts>29.25</ext:Watts><ext:Torque>20</ext:Torque></ext:TPX></Extensions></Trackpoint><Trackpoint><Time>2025-08-28T12:46:00.246Z</Time><DistanceMeters>1890.964897642698</DistanceMeters><HeartRateBpm><Value>113</Value></HeartRateBpm><Cadence>24</Cadence><Extensions><ext:TPX><ext:Watts>28.444444444444443</ext:Watts><ext:Torque>20</ext:Torque></ext:TPX></Extensions></Trackpoint><Trackpoint><Time>2025-08-28T12:46:01.506Z</Time><DistanceMeters>1893.4260106415275</DistanceMeters><HeartRateBpm><Value>113</Value></HeartRateBpm><Cadence>24</Cadence><Extensions><ext:TPX><ext:Watts>28.97222222222222</ext:Watts><ext:Torque>20</ext:Torque></ext:TPX></Extensions></Trackpoint><Trackpoint><Time>2025-08-28T12:46:02.767Z</Time><DistanceMeters>1895.8847639922278</DistanceMeters><HeartRateBpm><Value>113</Value></HeartRateBpm><Cadence>24</Cadence><Extensions><ext:TPX><ext:Watts>28.944444444444443</ext:Watts><ext:Torque>20</ext:Torque></ext:TPX></Extensions></Trackpoint><Trackpoint><Time>2025-08-28T12:46:04.061Z</Time><DistanceMeters>1898.3619120617172</DistanceMeters><HeartRateBpm><Value>113</Value></HeartRateBpm><Cadence>23</Cadence><Extensions><ext:TPX><ext:Watts>27.945945945945947</ext:Watts><ext:Torque>20</ext:Torque></ext:TPX></Extensions></Trackpoint><Trackpoint><Time>2025-08-28T12:46:05.321Z</Time><DistanceMeters>1900.6979637096956</DistanceMeters><HeartRateBpm><Value>113</Value></HeartRateBpm><Cadence>24</Cadence><Extensions><ext:TPX><ext:Watts>27.5</ext:Watts><ext:Torque>20</ext:Torque></ext:TPX></Extensions></Trackpoint><Trackpoint><Time>2025-08-28T12:46:06.581Z</Time><DistanceMeters>1903.0670504314837</DistanceMeters><HeartRateBpm><Value>113</Value></HeartRateBpm><Cadence>24</Cadence><Extensions><ext:TPX><ext:Watts>27.88888888888889</ext:Watts><ext:Torque>20</ext:Torque></ext:TPX></Extensions></Trackpoint><Trackpoint><Time>2025-08-28T12:46:07.842Z</Time><DistanceMeters>1905.480970467728</DistanceMeters><HeartRateBpm><Value>113</Value></HeartRateBpm><Cadence>24</Cadence><Extensions><ext:TPX><ext:Watts>28.416666666666668</ext:Watts><ext:Torque>20</ext:Torque></ext:TPX></Extensions></Trackpoint><Trackpoint><Time>2025-08-28T12:46:09.137Z</Time><DistanceMeters>1907.9221831203486</DistanceMeters><HeartRateBpm><Value>113</Value></HeartRateBpm><Cadence>23</Cadence><Extensions><ext:TPX><ext:Watts>27.54054054054054</ext:Watts><ext:Torque>20</ext:Torque></ext:TPX></Extensions></Trackpoint><Trackpoint><Time>2025-08-28T12:46:10.397Z</Time><DistanceMeters>1910.2181207501292</DistanceMeters><HeartRateBpm><Value>113</Value></HeartRateBpm><Cadence>24</Cadence><Extensions><ext:TPX><ext:Watts>27.02777777777778</ext:Watts><ext:Torque>20</ext:Torque></ext:TPX></Extensions></Trackpoint><Trackpoint><Time>2025-08-28T12:46:11.692Z</Time><DistanceMeters>1912.6377721526287</DistanceMeters><HeartRateBpm><Value>112</Value></HeartRateBpm><Cadence>23</Cadence><Extensions><ext:TPX><ext:Watts>27.2972972972973</ext:Watts><ext:Torque>20</ext:Torque></ext:TPX></Extensions></Trackpoint><Trackpoint><Time>2025-08-28T12:46:12.952Z</Time><DistanceMeters>1914.9620255599607</DistanceMeters><HeartRateBpm><Value>112</Value></HeartRateBpm><Cadence>24</Cadence><Extensions><ext:TPX><ext:Watts>27.36111111111111</ext:Watts><ext:Torque>20</ext:Torque></ext:TPX></Extensions></Trackpoint><Trackpoint><Time>2025-08-28T12:46:14.212Z</Time><DistanceMeters>1917.2768403747755</DistanceMeters><HeartRateBpm><Value>112</Value></HeartRateBpm><Cadence>24</Cadence><Extensions><ext:TPX><ext:Watts>27.25</ext:Watts><ext:Torque>20</ext:Torque></ext:TPX></Extensions></Trackpoint><Trackpoint><Time>2025-08-28T12:46:15.472Z</Time><DistanceMeters>1919.6081727264952</DistanceMeters><HeartRateBpm><Value>111</Value></HeartRateBpm><Cadence>24</Cadence><Extensions><ext:TPX><ext:Watts>27.444444444444443</ext:Watts><ext:Torque>20</ext:Torque></ext:TPX></Extensions></Trackpoint><Trackpoint><Time>2025-08-28T12:46:16.732Z</Time><DistanceMeters>1921.965461207637</DistanceMeters><HeartRateBpm><Value>111</Value></HeartRateBpm><Cadence>24</Cadence><Extensions><ext:TPX><ext:Watts>27.75</ext:Watts><ext:Torque>20</ext:Torque></ext:TPX></Extensions></Trackpoint><Trackpoint><Time>2025-08-28T12:46:17.992Z</Time><DistanceMeters>1924.315670744391</DistanceMeters><HeartRateBpm><Value>111</Value></HeartRateBpm><Cadence>24</Cadence><Extensions><ext:TPX><ext:Watts>27.666666666666668</ext:Watts><ext:Torque>20</ext:Torque></ext:TPX></Extensions></Trackpoint><Trackpoint><Time>2025-08-28T12:46:19.252Z</Time><DistanceMeters>1926.710713595601</DistanceMeters><HeartRateBpm><Value>110</Value></HeartRateBpm><Cadence>24</Cadence><Extensions><ext:TPX><ext:Watts>28.194444444444443</ext:Watts><ext:Torque>20</ext:Torque></ext:TPX></Extensions></Trackpoint><Trackpoint><Time>2025-08-28T12:46:20.482Z</Time><DistanceMeters>1929.1048910131822</DistanceMeters><HeartRateBpm><Value>110</Value></HeartRateBpm><Cadence>24</Cadence><Extensions><ext:TPX><ext:Watts>28.771428571428572</ext:Watts><ext:Torque>20</ext:Torque></ext:TPX></Extensions></Trackpoint><Trackpoint><Time>2025-08-28T12:46:21.742Z</Time><DistanceMeters>1931.5022935125214</DistanceMeters><HeartRateBpm><Value>110</Value></HeartRateBpm><Cadence>24</Cadence><Extensions><ext:TPX><ext:Watts>28.22222222222222</ext:Watts><ext:Torque>20</ext:Torque></ext:TPX></Extensions></Trackpoint><Trackpoint><Time>2025-08-28T12:46:23.002Z</Time><DistanceMeters>1933.8525030492754</DistanceMeters><HeartRateBpm><Value>110</Value></HeartRateBpm><Cadence>24</Cadence><Extensions><ext:TPX><ext:Watts>27.666666666666668</ext:Watts><ext:Torque>20</ext:Torque></ext:TPX></Extensions></Trackpoint><Trackpoint><Time>2025-08-28T12:46:24.262Z</Time><DistanceMeters>1936.2168704748049</DistanceMeters><HeartRateBpm><Value>110</Value></HeartRateBpm><Cadence>24</Cadence><Extensions><ext:TPX><ext:Watts>27.833333333333332</ext:Watts><ext:Torque>20</ext:Torque></ext:TPX></Extensions></Trackpoint><Trackpoint><Time>2025-08-28T12:46:25.487Z</Time><DistanceMeters>1938.563497198889</DistanceMeters><HeartRateBpm><Value>110</Value></HeartRateBpm><Cadence>24</Cadence><Extensions><ext:TPX><ext:Watts>28.2</ext:Watts><ext:Torque>20</ext:Torque></ext:TPX></Extensions></Trackpoint><Trackpoint><Time>2025-08-28T12:46:26.747Z</Time><DistanceMeters>1940.9278646244186</DistanceMeters><HeartRateBpm><Value>110</Value></HeartRateBpm><Cadence>24</Cadence><Extensions><ext:TPX><ext:Watts>27.833333333333332</ext:Watts><ext:Torque>20</ext:Torque></ext:TPX></Extensions></Trackpoint><Trackpoint><Time>2025-08-28T12:46:28.007Z</Time><DistanceMeters>1943.2851531055603</DistanceMeters><HeartRateBpm><Value>110</Value></HeartRateBpm><Cadence>24</Cadence><Extensions><ext:TPX><ext:Watts>27.75</ext:Watts><ext:Torque>20</ext:Torque></ext:TPX></Extensions></Trackpoint><Trackpoint><Time>2025-08-28T12:46:29.267Z</Time><DistanceMeters>1945.6212047535387</DistanceMeters><HeartRateBpm><Value>110</Value></HeartRateBpm><Cadence>24</Cadence><Extensions><ext:TPX><ext:Watts>27.5</ext:Watts><ext:Torque>20</ext:Torque></ext:TPX></Extensions></Trackpoint><Trackpoint><Time>2025-08-28T12:46:30.527Z</Time><DistanceMeters>1947.9548967533876</DistanceMeters><HeartRateBpm><Value>110</Value></HeartRateBpm><Cadence>24</Cadence><Extensions><ext:TPX><ext:Watts>27.47222222222222</ext:Watts><ext:Torque>20</ext:Torque></ext:TPX></Extensions></Trackpoint><Trackpoint><Time>2025-08-28T12:46:31.787Z</Time><DistanceMeters>1950.2980273457538</DistanceMeters><HeartRateBpm><Value>111</Value></HeartRateBpm><Cadence>24</Cadence><Extensions><ext:TPX><ext:Watts>27.583333333333332</ext:Watts><ext:Torque>20</ext:Torque></ext:TPX></Extensions></Trackpoint><Trackpoint><Time>2025-08-28T12:46:33.047Z</Time><DistanceMeters>1952.5774474386296</DistanceMeters><HeartRateBpm><Value>111</Value></HeartRateBpm><Cadence>24</Cadence><Extensions><ext:TPX><ext:Watts>26.833333333333332</ext:Watts><ext:Torque>20</ext:Torque></ext:TPX></Extensions></Trackpoint><Trackpoint><Time>2025-08-28T12:46:34.312Z</Time><DistanceMeters>1955.0354979154192</DistanceMeters><HeartRateBpm><Value>111</Value></HeartRateBpm><Cadence>24</Cadence><Extensions><ext:TPX><ext:Watts>28.333333333333332</ext:Watts><ext:Torque>20</ext:Torque></ext:TPX></Extensions></Trackpoint><Trackpoint><Time>2025-08-28T12:46:35.572Z</Time><DistanceMeters>1957.3479530821048</DistanceMeters><HeartRateBpm><Value>111</Value></HeartRateBpm><Cadence>24</Cadence><Extensions><ext:TPX><ext:Watts>27.22222222222222</ext:Watts><ext:Torque>20</ext:Torque></ext:TPX></Extensions></Trackpoint><Trackpoint><Time>2025-08-28T12:46:36.832Z</Time><DistanceMeters>1959.7524345258319</DistanceMeters><HeartRateBpm><Value>111</Value></HeartRateBpm><Cadence>24</Cadence><Extensions><ext:TPX><ext:Watts>28.305555555555557</ext:Watts><ext:Torque>20</ext:Torque></ext:TPX></Extensions></Trackpoint><Trackpoint><Time>2025-08-28T12:46:38.092Z</Time><DistanceMeters>1962.0554511000003</DistanceMeters><HeartRateBpm><Value>111</Value></HeartRateBpm><Cadence>24</Cadence><Extensions><ext:TPX><ext:Watts>27.11111111111111</ext:Watts><ext:Torque>20</ext:Torque></ext:TPX></Extensions></Trackpoint><Trackpoint><Time>2025-08-28T12:46:39.352Z</Time><DistanceMeters>1964.4103799330126</DistanceMeters><HeartRateBpm><Value>111</Value></HeartRateBpm><Cadence>24</Cadence><Extensions><ext:TPX><ext:Watts>27.72222222222222</ext:Watts><ext:Torque>20</ext:Torque></ext:TPX></Extensions></Trackpoint><Trackpoint><Time>2025-08-28T12:46:40.612Z</Time><DistanceMeters>1966.687440377759</DistanceMeters><HeartRateBpm><Value>110</Value></HeartRateBpm><Cadence>24</Cadence><Extensions><ext:TPX><ext:Watts>26.805555555555557</ext:Watts><ext:Torque>20</ext:Torque></ext:TPX></Extensions></Trackpoint><Trackpoint><Time>2025-08-28T12:46:41.872Z</Time><DistanceMeters>1968.995176248186</DistanceMeters><HeartRateBpm><Value>110</Value></HeartRateBpm><Cadence>24</Cadence><Extensions><ext:TPX><ext:Watts>27.166666666666668</ext:Watts><ext:Torque>20</ext:Torque></ext:TPX></Extensions></Trackpoint><Trackpoint><Time>2025-08-28T12:46:43.167Z</Time><DistanceMeters>1971.371705150443</DistanceMeters><HeartRateBpm><Value>110</Value></HeartRateBpm><Cadence>23</Cadence><Extensions><ext:TPX><ext:Watts>26.81081081081081</ext:Watts><ext:Torque>20</ext:Torque></ext:TPX></Extensions></Trackpoint><Trackpoint><Time>2025-08-28T12:46:44.427Z</Time><DistanceMeters>1973.7266339834553</DistanceMeters><HeartRateBpm><Value>110</Value></HeartRateBpm><Cadence>24</Cadence><Extensions><ext:TPX><ext:Watts>27.72222222222222</ext:Watts><ext:Torque>20</ext:Torque></ext:TPX></Extensions></Trackpoint><Trackpoint><Time>2025-08-28T12:46:45.687Z</Time><DistanceMeters>1976.0980803533726</DistanceMeters><HeartRateBpm><Value>110</Value></HeartRateBpm><Cadence>24</Cadence><Extensions><ext:TPX><ext:Watts>27.916666666666668</ext:Watts><ext:Torque>20</ext:Torque></ext:TPX></Extensions></Trackpoint><Trackpoint><Time>2025-08-28T12:46:46.982Z</Time><DistanceMeters>1978.5536671727407</DistanceMeters><HeartRateBpm><Value>110</Value></HeartRateBpm><Cadence>23</Cadence><Extensions><ext:TPX><ext:Watts>27.7027027027027</ext:Watts><ext:Torque>20</ext:Torque></ext:TPX></Extensions></Trackpoint><Trackpoint><Time>2025-08-28T12:46:48.242Z</Time><DistanceMeters>1981.0006222827947</DistanceMeters><HeartRateBpm><Value>110</Value></HeartRateBpm><Cadence>24</Cadence><Extensions><ext:TPX><ext:Watts>28.805555555555557</ext:Watts><ext:Torque>20</ext:Torque></ext:TPX></Extensions></Trackpoint><Trackpoint><Time>2025-08-28T12:46:49.502Z</Time><DistanceMeters>1983.4664545778828</DistanceMeters><HeartRateBpm><Value>110</Value></HeartRateBpm><Cadence>24</Cadence><Extensions><ext:TPX><ext:Watts>29.02777777777778</ext:Watts><ext:Torque>20</ext:Torque></ext:TPX></Extensions></Trackpoint><Trackpoint><Time>2025-08-28T12:46:50.832Z</Time><DistanceMeters>1985.9177067313722</DistanceMeters><HeartRateBpm><Value>110</Value></HeartRateBpm><Cadence>22</Cadence><Extensions><ext:TPX><ext:Watts>27.05263157894737</ext:Watts><ext:Torque>20</ext:Torque></ext:TPX></Extensions></Trackpoint><Trackpoint><Time>2025-08-28T12:46:52.092Z</Time><DistanceMeters>1988.329267119487</DistanceMeters><HeartRateBpm><Value>110</Value></HeartRateBpm><Cadence>24</Cadence><Extensions><ext:TPX><ext:Watts>28.38888888888889</ext:Watts><ext:Torque>20</ext:Torque></ext:TPX></Extensions></Trackpoint><Trackpoint><Time>2025-08-28T12:46:53.387Z</Time><DistanceMeters>1990.732148660781</DistanceMeters><HeartRateBpm><Value>110</Value></HeartRateBpm><Cadence>23</Cadence><Extensions><ext:TPX><ext:Watts>27.10810810810811</ext:Watts><ext:Torque>20</ext:Torque></ext:TPX></Extensions></Trackpoint><Trackpoint><Time>2025-08-28T12:46:54.648Z</Time><DistanceMeters>1993.1083143269568</DistanceMeters><HeartRateBpm><Value>110</Value></HeartRateBpm><Cadence>24</Cadence><Extensions><ext:TPX><ext:Watts>27.97222222222222</ext:Watts><ext:Torque>20</ext:Torque></ext:TPX></Extensions></Trackpoint><Trackpoint><Time>2025-08-28T12:46:55.908Z</Time><DistanceMeters>1995.5127957706839</DistanceMeters><HeartRateBpm><Value>110</Value></HeartRateBpm><Cadence>24</Cadence><Extensions><ext:TPX><ext:Watts>28.305555555555557</ext:Watts><ext:Torque>20</ext:Torque></ext:TPX></Extensions></Trackpoint><Trackpoint><Time>2025-08-28T12:46:57.168Z</Time><DistanceMeters>1997.95267193635</DistanceMeters><HeartRateBpm><Value>110</Value></HeartRateBpm><Cadence>24</Cadence><Extensions><ext:TPX><ext:Watts>28.72222222222222</ext:Watts><ext:Torque>20</ext:Torque></ext:TPX></Extensions></Trackpoint><Trackpoint><Time>2025-08-28T12:46:58.463Z</Time><DistanceMeters>2000.3220137552332</DistanceMeters><HeartRateBpm><Value>110</Value></HeartRateBpm><Cadence>23</Cadence><Extensions><ext:TPX><ext:Watts>26.72972972972973</ext:Watts><ext:Torque>20</ext:Torque></ext:TPX></Extensions></Trackpoint><Trackpoint><Time>2025-08-28T12:46:59.722Z</Time><DistanceMeters>2002.7028987176677</DistanceMeters><HeartRateBpm><Value>110</Value></HeartRateBpm><Cadence>24</Cadence><Extensions><ext:TPX><ext:Watts>28.02777777777778</ext:Watts><ext:Torque>20</ext:Torque></ext:TPX></Extensions></Trackpoint><Trackpoint><Time>2025-08-28T12:47:00.213Z</Time><DistanceMeters>2002.7888407497671</DistanceMeters><HeartRateBpm><Value>110</Value></HeartRateBpm><Cadence>61</Cadence><Extensions><ext:TPX><ext:Watts>2.5714285714285716</ext:Watts><ext:Torque>29</ext:Torque></ext:TPX></Extensions></Trackpoint><Trackpoint><Time>2025-08-28T12:47:03.472Z</Time><DistanceMeters>2005.4408745146848</DistanceMeters><HeartRateBpm><Value>111</Value></HeartRateBpm><Cadence>23</Cadence><Extensions><ext:TPX><ext:Watts>29.91891891891892</ext:Watts><ext:Torque>20</ext:Torque></ext:TPX></Extensions></Trackpoint><Trackpoint><Time>2025-08-28T12:47:04.662Z</Time><DistanceMeters>2008.2111569395813</DistanceMeters><HeartRateBpm><Value>111</Value></HeartRateBpm><Cadence>25</Cadence><Extensions><ext:TPX><ext:Watts>33.970588235294116</ext:Watts><ext:Torque>20</ext:Torque></ext:TPX></Extensions></Trackpoint><Trackpoint><Time>2025-08-28T12:47:05.853Z</Time><DistanceMeters>2011.0869739330453</DistanceMeters><HeartRateBpm><Value>111</Value></HeartRateBpm><Cadence>25</Cadence><Extensions><ext:TPX><ext:Watts>35.26470588235294</ext:Watts><ext:Torque>20</ext:Torque></ext:TPX></Extensions></Trackpoint><Trackpoint><Time>2025-08-28T12:47:07.043Z</Time><DistanceMeters>2013.9316102585235</DistanceMeters><HeartRateBpm><Value>112</Value></HeartRateBpm><Cadence>25</Cadence><Extensions><ext:TPX><ext:Watts>34.88235294117647</ext:Watts><ext:Torque>20</ext:Torque></ext:TPX></Extensions></Trackpoint><Trackpoint><Time>2025-08-28T12:47:08.233Z</Time><DistanceMeters>2016.7882391486116</DistanceMeters><HeartRateBpm><Value>112</Value></HeartRateBpm><Cadence>25</Cadence><Extensions><ext:TPX><ext:Watts>35.029411764705884</ext:Watts><ext:Torque>20</ext:Torque></ext:TPX></Extensions></Trackpoint><Trackpoint><Time>2025-08-28T12:47:09.388Z</Time><DistanceMeters>2019.5992236109723</DistanceMeters><HeartRateBpm><Value>112</Value></HeartRateBpm><Cadence>26</Cadence><Extensions><ext:TPX><ext:Watts>35.84848484848485</ext:Watts><ext:Torque>20</ext:Torque></ext:TPX></Extensions></Trackpoint><Trackpoint><Time>2025-08-28T12:47:10.543Z</Time><DistanceMeters>2022.4244649683237</DistanceMeters><HeartRateBpm><Value>112</Value></HeartRateBpm><Cadence>26</Cadence><Extensions><ext:TPX><ext:Watts>36.03030303030303</ext:Watts><ext:Torque>20</ext:Torque></ext:TPX></Extensions></Trackpoint><Trackpoint><Time>2025-08-28T12:47:11.698Z</Time><DistanceMeters>2025.2901008614826</DistanceMeters><HeartRateBpm><Value>112</Value></HeartRateBpm><Cadence>26</Cadence><Extensions><ext:TPX><ext:Watts>36.54545454545455</ext:Watts><ext:Torque>20</ext:Torque></ext:TPX></Extensions></Trackpoint><Trackpoint><Time>2025-08-28T12:47:12.888Z</Time><DistanceMeters>2028.1899029841666</DistanceMeters><HeartRateBpm><Value>112</Value></HeartRateBpm><Cadence>25</Cadence><Extensions><ext:TPX><ext:Watts>35.55882352941177</ext:Watts><ext:Torque>20</ext:Torque></ext:TPX></Extensions></Trackpoint><Trackpoint><Time>2025-08-28T12:47:14.043Z</Time><DistanceMeters>2031.1315756506099</DistanceMeters><HeartRateBpm><Value>112</Value></HeartRateBpm><Cadence>26</Cadence><Extensions><ext:TPX><ext:Watts>37.515151515151516</ext:Watts><ext:Torque>20</ext:Torque></ext:TPX></Extensions></Trackpoint><Trackpoint><Time>2025-08-28T12:47:15.163Z</Time><DistanceMeters>2033.9867498870278</DistanceMeters><HeartRateBpm><Value>111</Value></HeartRateBpm><Cadence>27</Cadence><Extensions><ext:TPX><ext:Watts>37.8125</ext:Watts><ext:Torque>20</ext:Torque></ext:TPX></Extensions></Trackpoint><Trackpoint><Time>2025-08-28T12:47:16.318Z</Time><DistanceMeters>2036.8880280176638</DistanceMeters><HeartRateBpm><Value>111</Value></HeartRateBpm><Cadence>26</Cadence><Extensions><ext:TPX><ext:Watts>37.0</ext:Watts><ext:Torque>20</ext:Torque></ext:TPX></Extensions></Trackpoint><Trackpoint><Time>2025-08-28T12:47:17.438Z</Time><DistanceMeters>2039.6889303471085</DistanceMeters><HeartRateBpm><Value>112</Value></HeartRateBpm><Cadence>27</Cadence><Extensions><ext:TPX><ext:Watts>37.09375</ext:Watts><ext:Torque>20</ext:Torque></ext:TPX></Extensions></Trackpoint><Trackpoint><Time>2025-08-28T12:47:18.593Z</Time><DistanceMeters>2042.5284285994508</DistanceMeters><HeartRateBpm><Value>112</Value></HeartRateBpm><Cadence>26</Cadence><Extensions><ext:TPX><ext:Watts>36.21212121212121</ext:Watts><ext:Torque>20</ext:Torque></ext:TPX></Extensions></Trackpoint><Trackpoint><Time>2025-08-28T12:47:19.713Z</Time><DistanceMeters>2045.4402343909712</DistanceMeters><HeartRateBpm><Value>112</Value></HeartRateBpm><Cadence>27</Cadence><Extensions><ext:TPX><ext:Watts>38.5625</ext:Watts><ext:Torque>20</ext:Torque></ext:TPX></Extensions></Trackpoint><Trackpoint><Time>2025-08-28T12:47:20.868Z</Time><DistanceMeters>2048.391411654075</DistanceMeters><HeartRateBpm><Value>112</Value></HeartRateBpm><Cadence>26</Cadence><Extensions><ext:TPX><ext:Watts>37.63636363636363</ext:Watts><ext:Torque>20</ext:Torque></ext:TPX></Extensions></Trackpoint><Trackpoint><Time>2025-08-28T12:47:22.023Z</Time><DistanceMeters>2051.3378366188485</DistanceMeters><HeartRateBpm><Value>112</Value></HeartRateBpm><Cadence>26</Cadence><Extensions><ext:TPX><ext:Watts>37.57575757575758</ext:Watts><ext:Torque>20</ext:Torque></ext:TPX></Extensions></Trackpoint><Trackpoint><Time>2025-08-28T12:47:23.143Z</Time><DistanceMeters>2054.2166073365593</DistanceMeters><HeartRateBpm><Value>113</Value></HeartRateBpm><Cadence>27</Cadence><Extensions><ext:TPX><ext:Watts>38.125</ext:Watts><ext:Torque>20</ext:Torque></ext:TPX></Extensions></Trackpoint><Trackpoint><Time>2025-08-28T12:47:24.298Z</Time><DistanceMeters>2057.1559038538376</DistanceMeters><HeartRateBpm><Value>113</Value></HeartRateBpm><Cadence>26</Cadence><Extensions><ext:TPX><ext:Watts>37.484848484848484</ext:Watts><ext:Torque>20</ext:Torque></ext:TPX></Extensions></Trackpoint><Trackpoint><Time>2025-08-28T12:47:25.458Z</Time><DistanceMeters>2060.045301238648</DistanceMeters><HeartRateBpm><Value>114</Value></HeartRateBpm><Cadence>26</Cadence><Extensions><ext:TPX><ext:Watts>36.84848484848485</ext:Watts><ext:Torque>20</ext:Torque></ext:TPX></Extensions></Trackpoint><Trackpoint><Time>2025-08-28T12:47:26.613Z</Time><DistanceMeters>2062.9917262034214</DistanceMeters><HeartRateBpm><Value>114</Value></HeartRateBpm><Cadence>26</Cadence><Extensions><ext:TPX><ext:Watts>37.57575757575758</ext:Watts><ext:Torque>20</ext:Torque></ext:TPX></Extensions></Trackpoint><Trackpoint><Time>2025-08-28T12:47:27.803Z</Time><DistanceMeters>2066.023446536815</DistanceMeters><HeartRateBpm><Value>114</Value></HeartRateBpm><Cadence>25</Cadence><Extensions><ext:TPX><ext:Watts>37.1764705882353</ext:Watts><ext:Torque>20</ext:Torque></ext:TPX></Extensions></Trackpoint><Trackpoint><Time>2025-08-28T12:47:28.958Z</Time><DistanceMeters>2068.9366054132765</DistanceMeters><HeartRateBpm><Value>114</Value></HeartRateBpm><Cadence>26</Cadence><Extensions><ext:TPX><ext:Watts>37.15151515151515</ext:Watts><ext:Torque>20</ext:Torque></ext:TPX></Extensions></Trackpoint><Trackpoint><Time>2025-08-28T12:47:30.149Z</Time><DistanceMeters>2071.7980313292087</DistanceMeters><HeartRateBpm><Value>115</Value></HeartRateBpm><Cadence>25</Cadence><Extensions><ext:TPX><ext:Watts>35.088235294117645</ext:Watts><ext:Torque>20</ext:Torque></ext:TPX></Extensions></Trackpoint><Trackpoint><Time>2025-08-28T12:47:31.303Z</Time><DistanceMeters>2074.5947588965782</DistanceMeters><HeartRateBpm><Value>115</Value></HeartRateBpm><Cadence>26</Cadence><Extensions><ext:TPX><ext:Watts>35.666666666666664</ext:Watts><ext:Torque>20</ext:Torque></ext:TPX></Extensions></Trackpoint><Trackpoint><Time>2025-08-28T12:47:32.423Z</Time><DistanceMeters>2077.4192577073154</DistanceMeters><HeartRateBpm><Value>115</Value></HeartRateBpm><Cadence>27</Cadence><Extensions><ext:TPX><ext:Watts>37.40625</ext:Watts><ext:Torque>20</ext:Torque></ext:TPX></Extensions></Trackpoint><Trackpoint><Time>2025-08-28T12:47:33.578Z</Time><DistanceMeters>2080.3134073904557</DistanceMeters><HeartRateBpm><Value>115</Value></HeartRateBpm><Cadence>26</Cadence><Extensions><ext:TPX><ext:Watts>36.90909090909091</ext:Watts><ext:Torque>20</ext:Torque></ext:TPX></Extensions></Trackpoint><Trackpoint><Time>2025-08-28T12:47:34.733Z</Time><DistanceMeters>2083.3121076368625</DistanceMeters><HeartRateBpm><Value>115</Value></HeartRateBpm><Cadence>26</Cadence><Extensions><ext:TPX><ext:Watts>38.24242424242424</ext:Watts><ext:Torque>20</ext:Torque></ext:TPX></Extensions></Trackpoint><Trackpoint><Time>2025-08-28T12:47:35.888Z</Time><DistanceMeters>2086.2656610491317</DistanceMeters><HeartRateBpm><Value>116</Value></HeartRateBpm><Cadence>26</Cadence><Extensions><ext:TPX><ext:Watts>37.666666666666664</ext:Watts><ext:Torque>20</ext:Torque></ext:TPX></Extensions></Trackpoint><Trackpoint><Time>2025-08-28T12:47:37.043Z</Time><DistanceMeters>2089.259608997208</DistanceMeters><HeartRateBpm><Value>116</Value></HeartRateBpm><Cadence>26</Cadence><Extensions><ext:TPX><ext:Watts>38.18181818181818</ext:Watts><ext:Torque>20</ext:Torque></ext:TPX></Extensions></Trackpoint><Trackpoint><Time>2025-08-28T12:47:38.233Z</Time><DistanceMeters>2092.2241709687855</DistanceMeters><HeartRateBpm><Value>116</Value></HeartRateBpm><Cadence>25</Cadence><Extensions><ext:TPX><ext:Watts>36.35294117647059</ext:Watts><ext:Torque>20</ext:Torque></ext:TPX></Extensions></Trackpoint><Trackpoint><Time>2025-08-28T12:47:39.388Z</Time><DistanceMeters>2095.2228712151923</DistanceMeters><HeartRateBpm><Value>116</Value></HeartRateBpm><Cadence>26</Cadence><Extensions><ext:TPX><ext:Watts>38.24242424242424</ext:Watts><ext:Torque>20</ext:Torque></ext:TPX></Extensions></Trackpoint><Trackpoint><Time>2025-08-28T12:47:40.508Z</Time><DistanceMeters>2098.127598062325</DistanceMeters><HeartRateBpm><Value>117</Value></HeartRateBpm><Cadence>27</Cadence><Extensions><ext:TPX><ext:Watts>38.46875</ext:Watts><ext:Torque>20</ext:Torque></ext:TPX></Extensions></Trackpoint><Trackpoint><Time>2025-08-28T12:47:41.663Z</Time><DistanceMeters>2101.0550138337776</DistanceMeters><HeartRateBpm><Value>117</Value></HeartRateBpm><Cadence>26</Cadence><Extensions><ext:TPX><ext:Watts>37.333333333333336</ext:Watts><ext:Torque>20</ext:Torque></ext:TPX></Extensions></Trackpoint><Trackpoint><Time>2025-08-28T12:47:42.783Z</Time><DistanceMeters>2104.0730037911153</DistanceMeters><HeartRateBpm><Value>117</Value></HeartRateBpm><Cadence>27</Cadence><Extensions><ext:TPX><ext:Watts>39.96875</ext:Watts><ext:Torque>20</ext:Torque></ext:TPX></Extensions></Trackpoint><Trackpoint><Time>2025-08-28T12:47:43.903Z</Time><DistanceMeters>2107.1027919890994</DistanceMeters><HeartRateBpm><Value>118</Value></HeartRateBpm><Cadence>27</Cadence><Extensions><ext:TPX><ext:Watts>40.125</ext:Watts><ext:Torque>20</ext:Torque></ext:TPX></Extensions></Trackpoint><Trackpoint><Time>2025-08-28T12:47:45.058Z</Time><DistanceMeters>2110.0610976996986</DistanceMeters><HeartRateBpm><Value>118</Value></HeartRateBpm><Cadence>26</Cadence><Extensions><ext:TPX><ext:Watts>37.72727272727273</ext:Watts><ext:Torque>20</ext:Torque></ext:TPX></Extensions></Trackpoint><Trackpoint><Time>2025-08-28T12:47:46.213Z</Time><DistanceMeters>2113.1025686310777</DistanceMeters><HeartRateBpm><Value>118</Value></HeartRateBpm><Cadence>26</Cadence><Extensions><ext:TPX><ext:Watts>38.78787878787879</ext:Watts><ext:Torque>20</ext:Torque></ext:TPX></Extensions></Trackpoint><Trackpoint><Time>2025-08-28T12:47:47.369Z</Time><DistanceMeters>2116.1155257724754</DistanceMeters><HeartRateBpm><Value>118</Value></HeartRateBpm><Cadence>26</Cadence><Extensions><ext:TPX><ext:Watts>38.42424242424242</ext:Watts><ext:Torque>20</ext:Torque></ext:TPX></Extensions></Trackpoint><Trackpoint><Time>2025-08-28T12:47:48.524Z</Time><DistanceMeters>2119.0215562014414</DistanceMeters><HeartRateBpm><Value>118</Value></HeartRateBpm><Cadence>26</Cadence><Extensions><ext:TPX><ext:Watts>37.06060606060606</ext:Watts><ext:Torque>20</ext:Torque></ext:TPX></Extensions></Trackpoint><Trackpoint><Time>2025-08-28T12:47:49.678Z</Time><DistanceMeters>2122.0654032819857</DistanceMeters><HeartRateBpm><Value>119</Value></HeartRateBpm><Cadence>26</Cadence><Extensions><ext:TPX><ext:Watts>38.81818181818182</ext:Watts><ext:Torque>20</ext:Torque></ext:TPX></Extensions></Trackpoint><Trackpoint><Time>2025-08-28T12:47:50.799Z</Time><DistanceMeters>2125.0008055547987</DistanceMeters><HeartRateBpm><Value>119</Value></HeartRateBpm><Cadence>27</Cadence><Extensions><ext:TPX><ext:Watts>38.875</ext:Watts><ext:Torque>20</ext:Torque></ext:TPX></Extensions></Trackpoint><Trackpoint><Time>2025-08-28T12:47:51.954Z</Time><DistanceMeters>2127.9662397128936</DistanceMeters><HeartRateBpm><Value>119</Value></HeartRateBpm><Cadence>26</Cadence><Extensions><ext:TPX><ext:Watts>37.81818181818182</ext:Watts><ext:Torque>20</ext:Torque></ext:TPX></Extensions></Trackpoint><Trackpoint><Time>2025-08-28T12:47:53.109Z</Time><DistanceMeters>2130.945930765979</DistanceMeters><HeartRateBpm><Value>119</Value></HeartRateBpm><Cadence>26</Cadence><Extensions><ext:TPX><ext:Watts>38.0</ext:Watts><ext:Torque>20</ext:Torque></ext:TPX></Extensions></Trackpoint><Trackpoint><Time>2025-08-28T12:47:54.229Z</Time><DistanceMeters>2133.836499724336</DistanceMeters><HeartRateBpm><Value>119</Value></HeartRateBpm><Cadence>27</Cadence><Extensions><ext:TPX><ext:Watts>38.28125</ext:Watts><ext:Torque>20</ext:Torque></ext:TPX></Extensions></Trackpoint><Trackpoint><Time>2025-08-28T12:47:55.349Z</Time><DistanceMeters>2136.797858126571</DistanceMeters><HeartRateBpm><Value>120</Value></HeartRateBpm><Cadence>27</Cadence><Extensions><ext:TPX><ext:Watts>39.21875</ext:Watts><ext:Torque>20</ext:Torque></ext:TPX></Extensions></Trackpoint><Trackpoint><Time>2025-08-28T12:47:56.469Z</Time><DistanceMeters>2139.794611250745</DistanceMeters><HeartRateBpm><Value>120</Value></HeartRateBpm><Cadence>27</Cadence><Extensions><ext:TPX><ext:Watts>39.6875</ext:Watts><ext:Torque>20</ext:Torque></ext:TPX></Extensions></Trackpoint><Trackpoint><Time>2025-08-28T12:47:57.589Z</Time><DistanceMeters>2142.8291187449877</DistanceMeters><HeartRateBpm><Value>120</Value></HeartRateBpm><Cadence>27</Cadence><Extensions><ext:TPX><ext:Watts>40.1875</ext:Watts><ext:Torque>20</ext:Torque></ext:TPX></Extensions></Trackpoint><Trackpoint><Time>2025-08-28T12:47:58.744Z</Time><DistanceMeters>2145.782672157257</DistanceMeters><HeartRateBpm><Value>121</Value></HeartRateBpm><Cadence>26</Cadence><Extensions><ext:TPX><ext:Watts>37.666666666666664</ext:Watts><ext:Torque>20</ext:Torque></ext:TPX></Extensions></Trackpoint><Trackpoint><Time>2025-08-28T12:47:59.864Z</Time><DistanceMeters>2148.720434078199</DistanceMeters><HeartRateBpm><Value>121</Value></HeartRateBpm><Cadence>27</Cadence><Extensions><ext:TPX><ext:Watts>38.90625</ext:Watts><ext:Torque>20</ext:Torque></ext:TPX></Extensions></Trackpoint><Trackpoint><Time>2025-08-28T12:48:00.984Z</Time><DistanceMeters>2151.5260557039023</DistanceMeters><HeartRateBpm><Value>121</Value></HeartRateBpm><Cadence>27</Cadence><Extensions><ext:TPX><ext:Watts>37.15625</ext:Watts><ext:Torque>20</ext:Torque></ext:TPX></Extensions></Trackpoint><Trackpoint><Time>2025-08-28T12:48:02.139Z</Time><DistanceMeters>2154.5200036519786</DistanceMeters><HeartRateBpm><Value>121</Value></HeartRateBpm><Cadence>26</Cadence><Extensions><ext:TPX><ext:Watts>38.18181818181818</ext:Watts><ext:Torque>20</ext:Torque></ext:TPX></Extensions></Trackpoint><Trackpoint><Time>2025-08-28T12:48:03.294Z</Time><DistanceMeters>2157.4878139592383</DistanceMeters><HeartRateBpm><Value>122</Value></HeartRateBpm><Cadence>26</Cadence><Extensions><ext:TPX><ext:Watts>37.84848484848485</ext:Watts><ext:Torque>20</ext:Torque></ext:TPX></Extensions></Trackpoint><Trackpoint><Time>2025-08-28T12:48:04.449Z</Time><DistanceMeters>2160.4817619073146</DistanceMeters><HeartRateBpm><Value>122</Value></HeartRateBpm><Cadence>26</Cadence><Extensions><ext:TPX><ext:Watts>38.18181818181818</ext:Watts><ext:Torque>20</ext:Torque></ext:TPX></Extensions></Trackpoint><Trackpoint><Time>2025-08-28T12:48:05.604Z</Time><DistanceMeters>2163.5208566895285</DistanceMeters><HeartRateBpm><Value>122</Value></HeartRateBpm><Cadence>26</Cadence><Extensions><ext:TPX><ext:Watts>38.75757575757576</ext:Watts><ext:Torque>20</ext:Torque></ext:TPX></Extensions></Trackpoint><Trackpoint><Time>2025-08-28T12:48:06.759Z</Time><DistanceMeters>2166.445896311816</DistanceMeters><HeartRateBpm><Value>123</Value></HeartRateBpm><Cadence>26</Cadence><Extensions><ext:TPX><ext:Watts>37.303030303030305</ext:Watts><ext:Torque>20</ext:Torque></ext:TPX></Extensions></Trackpoint><Trackpoint><Time>2025-08-28T12:48:07.914Z</Time><DistanceMeters>2169.349550591617</DistanceMeters><HeartRateBpm><Value>123</Value></HeartRateBpm><Cadence>26</Cadence><Extensions><ext:TPX><ext:Watts>37.03030303030303</ext:Watts><ext:Torque>20</ext:Torque></ext:TPX></Extensions></Trackpoint><Trackpoint><Time>2025-08-28T12:48:09.069Z</Time><DistanceMeters>2172.2532048714183</DistanceMeters><HeartRateBpm><Value>123</Value></HeartRateBpm><Cadence>26</Cadence><Extensions><ext:TPX><ext:Watts>37.03030303030303</ext:Watts><ext:Torque>20</ext:Torque></ext:TPX></Extensions></Trackpoint><Trackpoint><Time>2025-08-28T12:48:10.224Z</Time><DistanceMeters>2175.0000333063203</DistanceMeters><HeartRateBpm><Value>123</Value></HeartRateBpm><Cadence>26</Cadence><Extensions><ext:TPX><ext:Watts>35.03030303030303</ext:Watts><ext:Torque>20</ext:Torque></ext:TPX></Extensions></Trackpoint><Trackpoint><Time>2025-08-28T12:48:11.379Z</Time><DistanceMeters>2177.7706232328737</DistanceMeters><HeartRateBpm><Value>124</Value></HeartRateBpm><Cadence>26</Cadence><Extensions><ext:TPX><ext:Watts>35.333333333333336</ext:Watts><ext:Torque>20</ext:Torque></ext:TPX></Extensions></Trackpoint><Trackpoint><Time>2025-08-28T12:48:12.534Z</Time><DistanceMeters>2180.6719013635097</DistanceMeters><HeartRateBpm><Value>124</Value></HeartRateBpm><Cadence>26</Cadence><Extensions><ext:TPX><ext:Watts>37.0</ext:Watts><ext:Torque>20</ext:Torque></ext:TPX></Extensions></Trackpoint><Trackpoint><Time>2025-08-28T12:48:13.689Z</Time><DistanceMeters>2183.5232803616777</DistanceMeters><HeartRateBpm><Value>124</Value></HeartRateBpm><Cadence>26</Cadence><Extensions><ext:TPX><ext:Watts>36.36363636363637</ext:Watts><ext:Torque>20</ext:Torque></ext:TPX></Extensions></Trackpoint><Trackpoint><Time>2025-08-28T12:48:14.809Z</Time><DistanceMeters>2186.3666563574493</DistanceMeters><HeartRateBpm><Value>124</Value></HeartRateBpm><Cadence>27</Cadence><Extensions><ext:TPX><ext:Watts>37.65625</ext:Watts><ext:Torque>20</ext:Torque></ext:TPX></Extensions></Trackpoint><Trackpoint><Time>2025-08-28T12:48:15.964Z</Time><DistanceMeters>2189.2916959797367</DistanceMeters><HeartRateBpm><Value>124</Value></HeartRateBpm><Cadence>26</Cadence><Extensions><ext:TPX><ext:Watts>37.303030303030305</ext:Watts><ext:Torque>20</ext:Torque></ext:TPX></Extensions></Trackpoint><Trackpoint><Time>2025-08-28T12:48:17.119Z</Time><DistanceMeters>2192.3284146127858</DistanceMeters><HeartRateBpm><Value>124</Value></HeartRateBpm><Cadence>26</Cadence><Extensions><ext:TPX><ext:Watts>38.72727272727273</ext:Watts><ext:Torque>20</ext:Torque></ext:TPX></Extensions></Trackpoint><Trackpoint><Time>2025-08-28T12:48:18.274Z</Time><DistanceMeters>2195.4245369749633</DistanceMeters><HeartRateBpm><Value>124</Value></HeartRateBpm><Cadence>26</Cadence><Extensions><ext:TPX><ext:Watts>39.484848484848484</ext:Watts><ext:Torque>20</ext:Torque></ext:TPX></Extensions></Trackpoint><Trackpoint><Time>2025-08-28T12:48:19.394Z</Time><DistanceMeters>2198.522754968696</DistanceMeters><HeartRateBpm><Value>123</Value></HeartRateBpm><Cadence>27</Cadence><Extensions><ext:TPX><ext:Watts>41.03125</ext:Watts><ext:Torque>20</ext:Torque></ext:TPX></Extensions></Trackpoint><Trackpoint><Time>2025-08-28T12:48:20.549Z</Time><DistanceMeters>2201.5333359609285</DistanceMeters><HeartRateBpm><Value>123</Value></HeartRateBpm><Cadence>26</Cadence><Extensions><ext:TPX><ext:Watts>38.39393939393939</ext:Watts><ext:Torque>20</ext:Torque></ext:TPX></Extensions></Trackpoint><Trackpoint><Time>2025-08-28T12:48:21.704Z</Time><DistanceMeters>2204.4536232848855</DistanceMeters><HeartRateBpm><Value>123</Value></HeartRateBpm><Cadence>26</Cadence><Extensions><ext:TPX><ext:Watts>37.24242424242424</ext:Watts><ext:Torque>20</ext:Torque></ext:TPX></Extensions></Trackpoint><Trackpoint><Time>2025-08-28T12:48:22.824Z</Time><DistanceMeters>2207.4126220389912</DistanceMeters><HeartRateBpm><Value>123</Value></HeartRateBpm><Cadence>27</Cadence><Extensions><ext:TPX><ext:Watts>39.1875</ext:Watts><ext:Torque>20</ext:Torque></ext:TPX></Extensions></Trackpoint><Trackpoint><Time>2025-08-28T12:48:23.979Z</Time><DistanceMeters>2210.3590470037648</DistanceMeters><HeartRateBpm><Value>123</Value></HeartRateBpm><Cadence>26</Cadence><Extensions><ext:TPX><ext:Watts>37.57575757575758</ext:Watts><ext:Torque>20</ext:Torque></ext:TPX></Extensions></Trackpoint><Trackpoint><Time>2025-08-28T12:48:25.099Z</Time><DistanceMeters>2213.362879072327</DistanceMeters><HeartRateBpm><Value>123</Value></HeartRateBpm><Cadence>27</Cadence><Extensions><ext:TPX><ext:Watts>39.78125</ext:Watts><ext:Torque>20</ext:Torque></ext:TPX></Extensions></Trackpoint><Trackpoint><Time>2025-08-28T12:48:26.254Z</Time><DistanceMeters>2216.257028755467</DistanceMeters><HeartRateBpm><Value>123</Value></HeartRateBpm><Cadence>26</Cadence><Extensions><ext:TPX><ext:Watts>36.90909090909091</ext:Watts><ext:Torque>20</ext:Torque></ext:TPX></Extensions></Trackpoint><Trackpoint><Time>2025-08-28T12:48:27.409Z</Time><DistanceMeters>2219.0537563228368</DistanceMeters><HeartRateBpm><Value>123</Value></HeartRateBpm><Cadence>26</Cadence><Extensions><ext:TPX><ext:Watts>35.666666666666664</ext:Watts><ext:Torque>20</ext:Torque></ext:TPX></Extensions></Trackpoint><Trackpoint><Time>2025-08-28T12:48:28.494Z</Time><DistanceMeters>2221.7919999607548</DistanceMeters><HeartRateBpm><Value>123</Value></HeartRateBpm><Cadence>28</Cadence><Extensions><ext:TPX><ext:Watts>36.935483870967744</ext:Watts><ext:Torque>20</ext:Torque></ext:TPX></Extensions></Trackpoint><Trackpoint><Time>2025-08-28T12:48:29.614Z</Time><DistanceMeters>2224.607060178975</DistanceMeters><HeartRateBpm><Value>123</Value></HeartRateBpm><Cadence>27</Cadence><Extensions><ext:TPX><ext:Watts>37.28125</ext:Watts><ext:Torque>20</ext:Torque></ext:TPX></Extensions></Trackpoint><Trackpoint><Time>2025-08-28T12:48:30.699Z</Time><DistanceMeters>2227.603583566147</DistanceMeters><HeartRateBpm><Value>123</Value></HeartRateBpm><Cadence>28</Cadence><Extensions><ext:TPX><ext:Watts>40.41935483870968</ext:Watts><ext:Torque>20</ext:Torque></ext:TPX></Extensions></Trackpoint><Trackpoint><Time>2025-08-28T12:48:31.819Z</Time><DistanceMeters>2230.57202091277</DistanceMeters><HeartRateBpm><Value>123</Value></HeartRateBpm><Cadence>27</Cadence><Extensions><ext:TPX><ext:Watts>39.3125</ext:Watts><ext:Torque>20</ext:Torque></ext:TPX></Extensions></Trackpoint><Trackpoint><Time>2025-08-28T12:48:32.939Z</Time><DistanceMeters>2233.6159669995295</DistanceMeters><HeartRateBpm><Value>123</Value></HeartRateBpm><Cadence>27</Cadence><Extensions><ext:TPX><ext:Watts>40.3125</ext:Watts><ext:Torque>20</ext:Torque></ext:TPX></Extensions></Trackpoint><Trackpoint><Time>2025-08-28T12:48:34.024Z</Time><DistanceMeters>2236.6268392616594</DistanceMeters><HeartRateBpm><Value>123</Value></HeartRateBpm><Cadence>28</Cadence><Extensions><ext:TPX><ext:Watts>40.61290322580645</ext:Watts><ext:Torque>20</ext:Torque></ext:TPX></Extensions></Trackpoint><Trackpoint><Time>2025-08-28T12:48:35.144Z</Time><DistanceMeters>2239.63539062648</DistanceMeters><HeartRateBpm><Value>124</Value></HeartRateBpm><Cadence>27</Cadence><Extensions><ext:TPX><ext:Watts>39.84375</ext:Watts><ext:Torque>20</ext:Torque></ext:TPX></Extensions></Trackpoint><Trackpoint><Time>2025-08-28T12:48:36.230Z</Time><DistanceMeters>2242.5936503470953</DistanceMeters><HeartRateBpm><Value>124</Value></HeartRateBpm><Cadence>28</Cadence><Extensions><ext:TPX><ext:Watts>39.903225806451616</ext:Watts><ext:Torque>20</ext:Torque></ext:TPX></Extensions></Trackpoint><Trackpoint><Time>2025-08-28T12:48:37.350Z</Time><DistanceMeters>2245.656473618889</DistanceMeters><HeartRateBpm><Value>124</Value></HeartRateBpm><Cadence>27</Cadence><Extensions><ext:TPX><ext:Watts>40.5625</ext:Watts><ext:Torque>20</ext:Torque></ext:TPX></Extensions></Trackpoint><Trackpoint><Time>2025-08-28T12:48:38.434Z</Time><DistanceMeters>2248.734307297492</DistanceMeters><HeartRateBpm><Value>125</Value></HeartRateBpm><Cadence>28</Cadence><Extensions><ext:TPX><ext:Watts>41.516129032258064</ext:Watts><ext:Torque>20</ext:Torque></ext:TPX></Extensions></Trackpoint><Trackpoint><Time>2025-08-28T12:48:39.554Z</Time><DistanceMeters>2251.790051624898</DistanceMeters><HeartRateBpm><Value>125</Value></HeartRateBpm><Cadence>27</Cadence><Extensions><ext:TPX><ext:Watts>40.46875</ext:Watts><ext:Torque>20</ext:Torque></ext:TPX></Extensions></Trackpoint><Trackpoint><Time>2025-08-28T12:48:40.640Z</Time><DistanceMeters>2254.8941915742585</DistanceMeters><HeartRateBpm><Value>126</Value></HeartRateBpm><Cadence>28</Cadence><Extensions><ext:TPX><ext:Watts>41.87096774193548</ext:Watts><ext:Torque>20</ext:Torque></ext:TPX></Extensions></Trackpoint><Trackpoint><Time>2025-08-28T12:48:41.760Z</Time><DistanceMeters>2257.9688130866984</DistanceMeters><HeartRateBpm><Value>126</Value></HeartRateBpm><Cadence>27</Cadence><Extensions><ext:TPX><ext:Watts>40.71875</ext:Watts><ext:Torque>20</ext:Torque></ext:TPX></Extensions></Trackpoint><Trackpoint><Time>2025-08-28T12:48:42.810Z</Time><DistanceMeters>2261.111566334071</DistanceMeters><HeartRateBpm><Value>127</Value></HeartRateBpm><Cadence>28</Cadence><Extensions><ext:TPX><ext:Watts>43.93333333333333</ext:Watts><ext:Torque>20</ext:Torque></ext:TPX></Extensions></Trackpoint><Trackpoint><Time>2025-08-28T12:48:43.895Z</Time><DistanceMeters>2264.2061403667926</DistanceMeters><HeartRateBpm><Value>127</Value></HeartRateBpm><Cadence>28</Cadence><Extensions><ext:TPX><ext:Watts>41.74193548387097</ext:Watts><ext:Torque>20</ext:Torque></ext:TPX></Extensions></Trackpoint><Trackpoint><Time>2025-08-28T12:48:44.980Z</Time><DistanceMeters>2267.348543982709</DistanceMeters><HeartRateBpm><Value>127</Value></HeartRateBpm><Cadence>28</Cadence><Extensions><ext:TPX><ext:Watts>42.38709677419355</ext:Watts><ext:Torque>20</ext:Torque></ext:TPX></Extensions></Trackpoint><Trackpoint><Time>2025-08-28T12:48:46.100Z</Time><DistanceMeters>2270.4963145871566</DistanceMeters><HeartRateBpm><Value>128</Value></HeartRateBpm><Cadence>27</Cadence><Extensions><ext:TPX><ext:Watts>41.6875</ext:Watts><ext:Torque>20</ext:Torque></ext:TPX></Extensions></Trackpoint><Trackpoint><Time>2025-08-28T12:48:47.185Z</Time><DistanceMeters>2273.5693653074404</DistanceMeters><HeartRateBpm><Value>128</Value></HeartRateBpm><Cadence>28</Cadence><Extensions><ext:TPX><ext:Watts>41.45161290322581</ext:Watts><ext:Torque>20</ext:Torque></ext:TPX></Extensions></Trackpoint><Trackpoint><Time>2025-08-28T12:48:48.305Z</Time><DistanceMeters>2276.629828931105</DistanceMeters><HeartRateBpm><Value>129</Value></HeartRateBpm><Cadence>27</Cadence><Extensions><ext:TPX><ext:Watts>40.53125</ext:Watts><ext:Torque>20</ext:Torque></ext:TPX></Extensions></Trackpoint><Trackpoint><Time>2025-08-28T12:48:49.390Z</Time><DistanceMeters>2279.765058109542</DistanceMeters><HeartRateBpm><Value>129</Value></HeartRateBpm><Cadence>28</Cadence><Extensions><ext:TPX><ext:Watts>42.29032258064516</ext:Watts><ext:Torque>20</ext:Torque></ext:TPX></Extensions></Trackpoint><Trackpoint><Time>2025-08-28T12:48:50.510Z</Time><DistanceMeters>2282.8066445481727</DistanceMeters><HeartRateBpm><Value>129</Value></HeartRateBpm><Cadence>27</Cadence><Extensions><ext:TPX><ext:Watts>40.28125</ext:Watts><ext:Torque>20</ext:Torque></ext:TPX></Extensions></Trackpoint><Trackpoint><Time>2025-08-28T12:48:51.595Z</Time><DistanceMeters>2285.798384977025</DistanceMeters><HeartRateBpm><Value>130</Value></HeartRateBpm><Cadence>28</Cadence><Extensions><ext:TPX><ext:Watts>40.354838709677416</ext:Watts><ext:Torque>20</ext:Torque></ext:TPX></Extensions></Trackpoint><Trackpoint><Time>2025-08-28T12:48:52.680Z</Time><DistanceMeters>2288.8810016139473</DistanceMeters><HeartRateBpm><Value>130</Value></HeartRateBpm><Cadence>28</Cadence><Extensions><ext:TPX><ext:Watts>41.58064516129032</ext:Watts><ext:Torque>20</ext:Torque></ext:TPX></Extensions></Trackpoint><Trackpoint><Time>2025-08-28T12:48:53.800Z</Time><DistanceMeters>2292.005175737102</DistanceMeters><HeartRateBpm><Value>130</Value></HeartRateBpm><Cadence>27</Cadence><Extensions><ext:TPX><ext:Watts>41.375</ext:Watts><ext:Torque>20</ext:Torque></ext:TPX></Extensions></Trackpoint><Trackpoint><Time>2025-08-28T12:48:54.885Z</Time><DistanceMeters>2295.0806179365454</DistanceMeters><HeartRateBpm><Value>131</Value></HeartRateBpm><Cadence>28</Cadence><Extensions><ext:TPX><ext:Watts>41.483870967741936</ext:Watts><ext:Torque>20</ext:Torque></ext:TPX></Extensions></Trackpoint><Trackpoint><Time>2025-08-28T12:48:55.935Z</Time><DistanceMeters>2298.0659950728964</DistanceMeters><HeartRateBpm><Value>131</Value></HeartRateBpm><Cadence>28</Cadence><Extensions><ext:TPX><ext:Watts>41.733333333333334</ext:Watts><ext:Torque>20</ext:Torque></ext:TPX></Extensions></Trackpoint><Trackpoint><Time>2025-08-28T12:48:57.020Z</Time><DistanceMeters>2301.103173605784</DistanceMeters><HeartRateBpm><Value>131</Value></HeartRateBpm><Cadence>28</Cadence><Extensions><ext:TPX><ext:Watts>40.96774193548387</ext:Watts><ext:Torque>20</ext:Torque></ext:TPX></Extensions></Trackpoint><Trackpoint><Time>2025-08-28T12:48:58.105Z</Time><DistanceMeters>2304.219270950943</DistanceMeters><HeartRateBpm><Value>131</Value></HeartRateBpm><Cadence>28</Cadence><Extensions><ext:TPX><ext:Watts>42.03225806451613</ext:Watts><ext:Torque>20</ext:Torque></ext:TPX></Extensions></Trackpoint><Trackpoint><Time>2025-08-28T12:48:59.190Z</Time><DistanceMeters>2307.3186279419842</DistanceMeters><HeartRateBpm><Value>131</Value></HeartRateBpm><Cadence>28</Cadence><Extensions><ext:TPX><ext:Watts>41.806451612903224</ext:Watts><ext:Torque>20</ext:Torque></ext:TPX></Extensions></Trackpoint><Trackpoint><Time>2025-08-28T12:49:00.275Z</Time><DistanceMeters>2310.449074162102</DistanceMeters><HeartRateBpm><Value>132</Value></HeartRateBpm><Cadence>28</Cadence><Extensions><ext:TPX><ext:Watts>42.225806451612904</ext:Watts><ext:Torque>20</ext:Torque></ext:TPX></Extensions></Trackpoint><Trackpoint><Time>2025-08-28T12:49:01.360Z</Time><DistanceMeters>2313.536473757344</DistanceMeters><HeartRateBpm><Value>132</Value></HeartRateBpm><Cadence>28</Cadence><Extensions><ext:TPX><ext:Watts>41.645161290322584</ext:Watts><ext:Torque>20</ext:Torque></ext:TPX></Extensions></Trackpoint><Trackpoint><Time>2025-08-28T12:49:02.445Z</Time><DistanceMeters>2316.5927841235093</DistanceMeters><HeartRateBpm><Value>132</Value></HeartRateBpm><Cadence>28</Cadence><Extensions><ext:TPX><ext:Watts>41.225806451612904</ext:Watts><ext:Torque>20</ext:Torque></ext:TPX></Extensions></Trackpoint><Trackpoint><Time>2025-08-28T12:49:03.495Z</Time><DistanceMeters>2319.5590853676154</DistanceMeters><HeartRateBpm><Value>133</Value></HeartRateBpm><Cadence>28</Cadence><Extensions><ext:TPX><ext:Watts>41.46666666666667</ext:Watts><ext:Torque>20</ext:Torque></ext:TPX></Extensions></Trackpoint><Trackpoint><Time>2025-08-28T12:49:04.615Z</Time><DistanceMeters>2322.6148296950214</DistanceMeters><HeartRateBpm><Value>133</Value></HeartRateBpm><Cadence>27</Cadence><Extensions><ext:TPX><ext:Watts>40.46875</ext:Watts><ext:Torque>20</ext:Torque></ext:TPX></Extensions></Trackpoint><Trackpoint><Time>2025-08-28T12:49:05.700Z</Time><DistanceMeters>2325.666357102867</DistanceMeters><HeartRateBpm><Value>133</Value></HeartRateBpm><Cadence>28</Cadence><Extensions><ext:TPX><ext:Watts>41.16129032258065</ext:Watts><ext:Torque>20</ext:Torque></ext:TPX></Extensions></Trackpoint><Trackpoint><Time>2025-08-28T12:49:06.750Z</Time><DistanceMeters>2328.7447292139127</DistanceMeters><HeartRateBpm><Value>134</Value></HeartRateBpm><Cadence>28</Cadence><Extensions><ext:TPX><ext:Watts>43.03333333333333</ext:Watts><ext:Torque>20</ext:Torque></ext:TPX></Extensions></Trackpoint><Trackpoint><Time>2025-08-28T12:49:07.835Z</Time><DistanceMeters>2331.7747333093207</DistanceMeters><HeartRateBpm><Value>134</Value></HeartRateBpm><Cadence>28</Cadence><Extensions><ext:TPX><ext:Watts>40.87096774193548</ext:Watts><ext:Torque>20</ext:Torque></ext:TPX></Extensions></Trackpoint><Trackpoint><Time>2025-08-28T12:49:08.920Z</Time><DistanceMeters>2334.833435154646</DistanceMeters><HeartRateBpm><Value>134</Value></HeartRateBpm><Cadence>28</Cadence><Extensions><ext:TPX><ext:Watts>41.25806451612903</ext:Watts><ext:Torque>20</ext:Torque></ext:TPX></Extensions></Trackpoint><Trackpoint><Time>2025-08-28T12:49:10.040Z</Time><DistanceMeters>2337.7877146124933</DistanceMeters><HeartRateBpm><Value>135</Value></HeartRateBpm><Cadence>27</Cadence><Extensions><ext:TPX><ext:Watts>39.125</ext:Watts><ext:Torque>20</ext:Torque></ext:TPX></Extensions></Trackpoint><Trackpoint><Time>2025-08-28T12:49:11.125Z</Time><DistanceMeters>2340.73162545815</DistanceMeters><HeartRateBpm><Value>135</Value></HeartRateBpm><Cadence>28</Cadence><Extensions><ext:TPX><ext:Watts>39.70967741935484</ext:Watts><ext:Torque>20</ext:Torque></ext:TPX></Extensions></Trackpoint><Trackpoint><Time>2025-08-28T12:49:12.210Z</Time><DistanceMeters>2343.7807613868363</DistanceMeters><HeartRateBpm><Value>136</Value></HeartRateBpm><Cadence>28</Cadence><Extensions><ext:TPX><ext:Watts>41.12903225806452</ext:Watts><ext:Torque>20</ext:Torque></ext:TPX></Extensions></Trackpoint><Trackpoint><Time>2025-08-28T12:49:13.260Z</Time><DistanceMeters>2346.7685230097177</DistanceMeters><HeartRateBpm><Value>136</Value></HeartRateBpm><Cadence>28</Cadence><Extensions><ext:TPX><ext:Watts>41.766666666666666</ext:Watts><ext:Torque>20</ext:Torque></ext:TPX></Extensions></Trackpoint><Trackpoint><Time>2025-08-28T12:49:14.345Z</Time><DistanceMeters>2349.894186271516</DistanceMeters><HeartRateBpm><Value>136</Value></HeartRateBpm><Cadence>28</Cadence><Extensions><ext:TPX><ext:Watts>42.16129032258065</ext:Watts><ext:Torque>20</ext:Torque></ext:TPX></Extensions></Trackpoint><Trackpoint><Time>2025-08-28T12:49:15.465Z</Time><DistanceMeters>2352.855544673751</DistanceMeters><HeartRateBpm><Value>136</Value></HeartRateBpm><Cadence>27</Cadence><Extensions><ext:TPX><ext:Watts>39.21875</ext:Watts><ext:Torque>20</ext:Torque></ext:TPX></Extensions></Trackpoint><Trackpoint><Time>2025-08-28T12:49:16.550Z</Time><DistanceMeters>2355.8425021442836</DistanceMeters><HeartRateBpm><Value>137</Value></HeartRateBpm><Cadence>28</Cadence><Extensions><ext:TPX><ext:Watts>40.29032258064516</ext:Watts><ext:Torque>20</ext:Torque></ext:TPX></Extensions></Trackpoint><Trackpoint><Time>2025-08-28T12:49:17.670Z</Time><DistanceMeters>2358.704755325089</DistanceMeters><HeartRateBpm><Value>137</Value></HeartRateBpm><Cadence>27</Cadence><Extensions><ext:TPX><ext:Watts>37.90625</ext:Watts><ext:Torque>20</ext:Torque></ext:TPX></Extensions></Trackpoint><Trackpoint><Time>2025-08-28T12:49:18.755Z</Time><DistanceMeters>2361.6964957539412</DistanceMeters><HeartRateBpm><Value>137</Value></HeartRateBpm><Cadence>28</Cadence><Extensions><ext:TPX><ext:Watts>40.354838709677416</ext:Watts><ext:Torque>20</ext:Torque></ext:TPX></Extensions></Trackpoint><Trackpoint><Time>2025-08-28T12:49:19.875Z</Time><DistanceMeters>2364.7003278225034</DistanceMeters><HeartRateBpm><Value>137</Value></HeartRateBpm><Cadence>27</Cadence><Extensions><ext:TPX><ext:Watts>39.78125</ext:Watts><ext:Torque>20</ext:Torque></ext:TPX></Extensions></Trackpoint><Trackpoint><Time>2025-08-28T12:49:20.925Z</Time><DistanceMeters>2367.597478957221</DistanceMeters><HeartRateBpm><Value>138</Value></HeartRateBpm><Cadence>28</Cadence><Extensions><ext:TPX><ext:Watts>40.5</ext:Watts><ext:Torque>20</ext:Torque></ext:TPX></Extensions></Trackpoint><Trackpoint><Time>2025-08-28T12:49:22.045Z</Time><DistanceMeters>2370.426697064217</DistanceMeters><HeartRateBpm><Value>138</Value></HeartRateBpm><Cadence>27</Cadence><Extensions><ext:TPX><ext:Watts>37.46875</ext:Watts><ext:Torque>20</ext:Torque></ext:TPX></Extensions></Trackpoint><Trackpoint><Time>2025-08-28T12:49:23.130Z</Time><DistanceMeters>2373.4040886181106</DistanceMeters><HeartRateBpm><Value>138</Value></HeartRateBpm><Cadence>28</Cadence><Extensions><ext:TPX><ext:Watts>40.16129032258065</ext:Watts><ext:Torque>20</ext:Torque></ext:TPX></Extensions></Trackpoint><Trackpoint><Time>2025-08-28T12:49:24.215Z</Time><DistanceMeters>2376.331259109649</DistanceMeters><HeartRateBpm><Value>138</Value></HeartRateBpm><Cadence>28</Cadence><Extensions><ext:TPX><ext:Watts>39.483870967741936</ext:Watts><ext:Torque>20</ext:Torque></ext:TPX></Extensions></Trackpoint><Trackpoint><Time>2025-08-28T12:49:25.335Z</Time><DistanceMeters>2379.3067754006597</DistanceMeters><HeartRateBpm><Value>138</Value></HeartRateBpm><Cadence>27</Cadence><Extensions><ext:TPX><ext:Watts>39.40625</ext:Watts><ext:Torque>20</ext:Torque></ext:TPX></Extensions></Trackpoint><Trackpoint><Time>2025-08-28T12:49:26.420Z</Time><DistanceMeters>2382.0593679135363</DistanceMeters><HeartRateBpm><Value>138</Value></HeartRateBpm><Cadence>28</Cadence><Extensions><ext:TPX><ext:Watts>37.12903225806452</ext:Watts><ext:Torque>20</ext:Torque></ext:TPX></Extensions></Trackpoint><Trackpoint><Time>2025-08-28T12:49:27.505Z</Time><DistanceMeters>2385.005670238353</DistanceMeters><HeartRateBpm><Value>138</Value></HeartRateBpm><Cadence>28</Cadence><Extensions><ext:TPX><ext:Watts>39.74193548387097</ext:Watts><ext:Torque>20</ext:Torque></ext:TPX></Extensions></Trackpoint><Trackpoint><Time>2025-08-28T12:49:28.590Z</Time><DistanceMeters>2387.942406646531</DistanceMeters><HeartRateBpm><Value>138</Value></HeartRateBpm><Cadence>28</Cadence><Extensions><ext:TPX><ext:Watts>39.61290322580645</ext:Watts><ext:Torque>20</ext:Torque></ext:TPX></Extensions></Trackpoint><Trackpoint><Time>2025-08-28T12:49:29.710Z</Time><DistanceMeters>2390.851852789922</DistanceMeters><HeartRateBpm><Value>138</Value></HeartRateBpm><Cadence>27</Cadence><Extensions><ext:TPX><ext:Watts>38.53125</ext:Watts><ext:Torque>20</ext:Torque></ext:TPX></Extensions></Trackpoint><Trackpoint><Time>2025-08-28T12:49:30.795Z</Time><DistanceMeters>2393.733585177425</DistanceMeters><HeartRateBpm><Value>138</Value></HeartRateBpm><Cadence>28</Cadence><Extensions><ext:TPX><ext:Watts>38.87096774193548</ext:Watts><ext:Torque>20</ext:Torque></ext:TPX></Extensions></Trackpoint><Trackpoint><Time>2025-08-28T12:49:31.916Z</Time><DistanceMeters>2396.5486453956455</DistanceMeters><HeartRateBpm><Value>138</Value></HeartRateBpm><Cadence>27</Cadence><Extensions><ext:TPX><ext:Watts>37.28125</ext:Watts><ext:Torque>20</ext:Torque></ext:TPX></Extensions></Trackpoint><Trackpoint><Time>2025-08-28T12:49:33.001Z</Time><DistanceMeters>2399.449509616427</DistanceMeters><HeartRateBpm><Value>138</Value></HeartRateBpm><Cadence>28</Cadence><Extensions><ext:TPX><ext:Watts>39.12903225806452</ext:Watts><ext:Torque>20</ext:Torque></ext:TPX></Extensions></Trackpoint><Trackpoint><Time>2025-08-28T12:49:34.086Z</Time><DistanceMeters>2402.457990399397</DistanceMeters><HeartRateBpm><Value>138</Value></HeartRateBpm><Cadence>28</Cadence><Extensions><ext:TPX><ext:Watts>40.58064516129032</ext:Watts><ext:Torque>20</ext:Torque></ext:TPX></Extensions></Trackpoint><Trackpoint><Time>2025-08-28T12:49:35.136Z</Time><DistanceMeters>2405.1810740173787</DistanceMeters><HeartRateBpm><Value>138</Value></HeartRateBpm><Cadence>28</Cadence><Extensions><ext:TPX><ext:Watts>38.06666666666667</ext:Watts><ext:Torque>20</ext:Torque></ext:TPX></Extensions></Trackpoint><Trackpoint><Time>2025-08-28T12:49:36.256Z</Time><DistanceMeters>2408.0622043832186</DistanceMeters><HeartRateBpm><Value>138</Value></HeartRateBpm><Cadence>27</Cadence><Extensions><ext:TPX><ext:Watts>38.15625</ext:Watts><ext:Torque>20</ext:Torque></ext:TPX></Extensions></Trackpoint><Trackpoint><Time>2025-08-28T12:49:37.306Z</Time><DistanceMeters>2410.8663605432416</DistanceMeters><HeartRateBpm><Value>138</Value></HeartRateBpm><Cadence>28</Cadence><Extensions><ext:TPX><ext:Watts>39.2</ext:Watts><ext:Torque>20</ext:Torque></ext:TPX></Extensions></Trackpoint><Trackpoint><Time>2025-08-28T12:49:38.426Z</Time><DistanceMeters>2413.837157537994</DistanceMeters><HeartRateBpm><Value>138</Value></HeartRateBpm><Cadence>27</Cadence><Extensions><ext:TPX><ext:Watts>39.34375</ext:Watts><ext:Torque>20</ext:Torque></ext:TPX></Extensions></Trackpoint><Trackpoint><Time>2025-08-28T12:49:39.546Z</Time><DistanceMeters>2416.727726496351</DistanceMeters><HeartRateBpm><Value>138</Value></HeartRateBpm><Cadence>27</Cadence><Extensions><ext:TPX><ext:Watts>38.28125</ext:Watts><ext:Torque>20</ext:Torque></ext:TPX></Extensions></Trackpoint><Trackpoint><Time>2025-08-28T12:49:40.631Z</Time><DistanceMeters>2419.5711952172983</DistanceMeters><HeartRateBpm><Value>138</Value></HeartRateBpm><Cadence>28</Cadence><Extensions><ext:TPX><ext:Watts>38.354838709677416</ext:Watts><ext:Torque>20</ext:Torque></ext:TPX></Extensions></Trackpoint><Trackpoint><Time>2025-08-28T12:49:41.751Z</Time><DistanceMeters>2422.537272915792</DistanceMeters><HeartRateBpm><Value>138</Value></HeartRateBpm><Cadence>27</Cadence><Extensions><ext:TPX><ext:Watts>39.28125</ext:Watts><ext:Torque>20</ext:Torque></ext:TPX></Extensions></Trackpoint><Trackpoint><Time>2025-08-28T12:49:42.871Z</Time><DistanceMeters>2425.500990966156</DistanceMeters><HeartRateBpm><Value>138</Value></HeartRateBpm><Cadence>27</Cadence><Extensions><ext:TPX><ext:Watts>39.25</ext:Watts><ext:Torque>20</ext:Torque></ext:TPX></Extensions></Trackpoint><Trackpoint><Time>2025-08-28T12:49:43.956Z</Time><DistanceMeters>2428.495122874168</DistanceMeters><HeartRateBpm><Value>138</Value></HeartRateBpm><Cadence>28</Cadence><Extensions><ext:TPX><ext:Watts>40.38709677419355</ext:Watts><ext:Torque>20</ext:Torque></ext:TPX></Extensions></Trackpoint><Trackpoint><Time>2025-08-28T12:49:45.076Z</Time><DistanceMeters>2431.3974900731714</DistanceMeters><HeartRateBpm><Value>138</Value></HeartRateBpm><Cadence>27</Cadence><Extensions><ext:TPX><ext:Watts>38.4375</ext:Watts><ext:Torque>20</ext:Torque></ext:TPX></Extensions></Trackpoint><Trackpoint><Time>2025-08-28T12:49:46.196Z</Time><DistanceMeters>2434.3069362165625</DistanceMeters><HeartRateBpm><Value>138</Value></HeartRateBpm><Cadence>27</Cadence><Extensions><ext:TPX><ext:Watts>38.53125</ext:Watts><ext:Torque>20</ext:Torque></ext:TPX></Extensions></Trackpoint><Trackpoint><Time>2025-08-28T12:49:47.316Z</Time><DistanceMeters>2437.3036893407366</DistanceMeters><HeartRateBpm><Value>138</Value></HeartRateBpm><Cadence>27</Cadence><Extensions><ext:TPX><ext:Watts>39.6875</ext:Watts><ext:Torque>20</ext:Torque></ext:TPX></Extensions></Trackpoint><Trackpoint><Time>2025-08-28T12:49:48.436Z</Time><DistanceMeters>2440.283924928006</DistanceMeters><HeartRateBpm><Value>138</Value></HeartRateBpm><Cadence>27</Cadence><Extensions><ext:TPX><ext:Watts>39.46875</ext:Watts><ext:Torque>20</ext:Torque></ext:TPX></Extensions></Trackpoint><Trackpoint><Time>2025-08-28T12:49:49.521Z</Time><DistanceMeters>2443.2804483151776</DistanceMeters><HeartRateBpm><Value>138</Value></HeartRateBpm><Cadence>28</Cadence><Extensions><ext:TPX><ext:Watts>40.41935483870968</ext:Watts><ext:Torque>20</ext:Torque></ext:TPX></Extensions></Trackpoint><Trackpoint><Time>2025-08-28T12:49:50.641Z</Time><DistanceMeters>2446.225289180508</DistanceMeters><HeartRateBpm><Value>137</Value></HeartRateBpm><Cadence>27</Cadence><Extensions><ext:TPX><ext:Watts>39.0</ext:Watts><ext:Torque>20</ext:Torque></ext:TPX></Extensions></Trackpoint><Trackpoint><Time>2025-08-28T12:49:51.761Z</Time><DistanceMeters>2449.1205774351233</DistanceMeters><HeartRateBpm><Value>137</Value></HeartRateBpm><Cadence>27</Cadence><Extensions><ext:TPX><ext:Watts>38.34375</ext:Watts><ext:Torque>20</ext:Torque></ext:TPX></Extensions></Trackpoint><Trackpoint><Time>2025-08-28T12:49:52.846Z</Time><DistanceMeters>2452.1410156138923</DistanceMeters><HeartRateBpm><Value>137</Value></HeartRateBpm><Cadence>28</Cadence><Extensions><ext:TPX><ext:Watts>40.74193548387097</ext:Watts><ext:Torque>20</ext:Torque></ext:TPX></Extensions></Trackpoint><Trackpoint><Time>2025-08-28T12:49:53.966Z</Time><DistanceMeters>2455.081137182964</DistanceMeters><HeartRateBpm><Value>137</Value></HeartRateBpm><Cadence>27</Cadence><Extensions><ext:TPX><ext:Watts>38.9375</ext:Watts><ext:Torque>20</ext:Torque></ext:TPX></Extensions></Trackpoint><Trackpoint><Time>2025-08-28T12:49:55.051Z</Time><DistanceMeters>2458.051354299378</DistanceMeters><HeartRateBpm><Value>137</Value></HeartRateBpm><Cadence>28</Cadence><Extensions><ext:TPX><ext:Watts>40.064516129032256</ext:Watts><ext:Torque>20</ext:Torque></ext:TPX></Extensions></Trackpoint><Trackpoint><Time>2025-08-28T12:49:56.171Z</Time><DistanceMeters>2460.960800442769</DistanceMeters><HeartRateBpm><Value>137</Value></HeartRateBpm><Cadence>27</Cadence><Extensions><ext:TPX><ext:Watts>38.53125</ext:Watts><ext:Torque>20</ext:Torque></ext:TPX></Extensions></Trackpoint><Trackpoint><Time>2025-08-28T12:49:57.291Z</Time><DistanceMeters>2463.891483419324</DistanceMeters><HeartRateBpm><Value>137</Value></HeartRateBpm><Cadence>27</Cadence><Extensions><ext:TPX><ext:Watts>38.8125</ext:Watts><ext:Torque>20</ext:Torque></ext:TPX></Extensions></Trackpoint><Trackpoint><Time>2025-08-28T12:49:58.411Z</Time><DistanceMeters>2466.8174470996196</DistanceMeters><HeartRateBpm><Value>137</Value></HeartRateBpm><Cadence>27</Cadence><Extensions><ext:TPX><ext:Watts>38.75</ext:Watts><ext:Torque>20</ext:Torque></ext:TPX></Extensions></Trackpoint><Trackpoint><Time>2025-08-28T12:49:59.531Z</Time><DistanceMeters>2469.6914985210715</DistanceMeters><HeartRateBpm><Value>137</Value></HeartRateBpm><Cadence>27</Cadence><Extensions><ext:TPX><ext:Watts>38.0625</ext:Watts><ext:Torque>20</ext:Torque></ext:TPX></Extensions></Trackpoint><Trackpoint><Time>2025-08-28T12:50:00.651Z</Time><DistanceMeters>2472.5372341649722</DistanceMeters><HeartRateBpm><Value>137</Value></HeartRateBpm><Cadence>27</Cadence><Extensions><ext:TPX><ext:Watts>37.6875</ext:Watts><ext:Torque>20</ext:Torque></ext:TPX></Extensions></Trackpoint><Trackpoint><Time>2025-08-28T12:50:01.736Z</Time><DistanceMeters>2475.3878773233987</DistanceMeters><HeartRateBpm><Value>137</Value></HeartRateBpm><Cadence>28</Cadence><Extensions><ext:TPX><ext:Watts>38.45161290322581</ext:Watts><ext:Torque>20</ext:Torque></ext:TPX></Extensions></Trackpoint><Trackpoint><Time>2025-08-28T12:50:02.856Z</Time><DistanceMeters>2478.176981412197</DistanceMeters><HeartRateBpm><Value>137</Value></HeartRateBpm><Cadence>27</Cadence><Extensions><ext:TPX><ext:Watts>36.9375</ext:Watts><ext:Torque>20</ext:Torque></ext:TPX></Extensions></Trackpoint><Trackpoint><Time>2025-08-28T12:50:03.976Z</Time><DistanceMeters>2480.9070942977637</DistanceMeters><HeartRateBpm><Value>137</Value></HeartRateBpm><Cadence>27</Cadence><Extensions><ext:TPX><ext:Watts>36.15625</ext:Watts><ext:Torque>20</ext:Torque></ext:TPX></Extensions></Trackpoint><Trackpoint><Time>2025-08-28T12:50:05.096Z</Time><DistanceMeters>2483.6938387384325</DistanceMeters><HeartRateBpm><Value>137</Value></HeartRateBpm><Cadence>27</Cadence><Extensions><ext:TPX><ext:Watts>36.90625</ext:Watts><ext:Torque>20</ext:Torque></ext:TPX></Extensions></Trackpoint><Trackpoint><Time>2025-08-28T12:50:06.216Z</Time><DistanceMeters>2486.395635846448</DistanceMeters><HeartRateBpm><Value>136</Value></HeartRateBpm><Cadence>27</Cadence><Extensions><ext:TPX><ext:Watts>35.78125</ext:Watts><ext:Torque>20</ext:Torque></ext:TPX></Extensions></Trackpoint><Trackpoint><Time>2025-08-28T12:50:07.336Z</Time><DistanceMeters>2489.1257487320145</DistanceMeters><HeartRateBpm><Value>136</Value></HeartRateBpm><Cadence>27</Cadence><Extensions><ext:TPX><ext:Watts>36.15625</ext:Watts><ext:Torque>20</ext:Torque></ext:TPX></Extensions></Trackpoint><Trackpoint><Time>2025-08-28T12:50:08.421Z</Time><DistanceMeters>2491.830511661696</DistanceMeters><HeartRateBpm><Value>136</Value></HeartRateBpm><Cadence>28</Cadence><Extensions><ext:TPX><ext:Watts>36.483870967741936</ext:Watts><ext:Torque>20</ext:Torque></ext:TPX></Extensions></Trackpoint><Trackpoint><Time>2025-08-28T12:50:09.542Z</Time><DistanceMeters>2494.57006313978</DistanceMeters><HeartRateBpm><Value>136</Value></HeartRateBpm><Cadence>27</Cadence><Extensions><ext:TPX><ext:Watts>36.28125</ext:Watts><ext:Torque>20</ext:Torque></ext:TPX></Extensions></Trackpoint><Trackpoint><Time>2025-08-28T12:50:10.626Z</Time><DistanceMeters>2497.2915664235798</DistanceMeters><HeartRateBpm><Value>135</Value></HeartRateBpm><Cadence>28</Cadence><Extensions><ext:TPX><ext:Watts>36.70967741935484</ext:Watts><ext:Torque>20</ext:Torque></ext:TPX></Extensions></Trackpoint><Trackpoint><Time>2025-08-28T12:50:11.746Z</Time><DistanceMeters>2499.9650477540436</DistanceMeters><HeartRateBpm><Value>135</Value></HeartRateBpm><Cadence>27</Cadence><Extensions><ext:TPX><ext:Watts>35.40625</ext:Watts><ext:Torque>20</ext:Torque></ext:TPX></Extensions></Trackpoint><Trackpoint><Time>2025-08-28T12:50:12.831Z</Time><DistanceMeters>2502.633938496329</DistanceMeters><HeartRateBpm><Value>135</Value></HeartRateBpm><Cadence>28</Cadence><Extensions><ext:TPX><ext:Watts>36.0</ext:Watts><ext:Torque>20</ext:Torque></ext:TPX></Extensions></Trackpoint><Trackpoint><Time>2025-08-28T12:50:13.951Z</Time><DistanceMeters>2505.300340882405</DistanceMeters><HeartRateBpm><Value>134</Value></HeartRateBpm><Cadence>27</Cadence><Extensions><ext:TPX><ext:Watts>35.3125</ext:Watts><ext:Torque>20</ext:Torque></ext:TPX></Extensions></Trackpoint><Trackpoint><Time>2025-08-28T12:50:15.036Z</Time><DistanceMeters>2508.060107832761</DistanceMeters><HeartRateBpm><Value>134</Value></HeartRateBpm><Cadence>28</Cadence><Extensions><ext:TPX><ext:Watts>37.225806451612904</ext:Watts><ext:Torque>20</ext:Torque></ext:TPX></Extensions></Trackpoint><Trackpoint><Time>2025-08-28T12:50:16.121Z</Time><DistanceMeters>2510.7553048458035</DistanceMeters><HeartRateBpm><Value>134</Value></HeartRateBpm><Cadence>28</Cadence><Extensions><ext:TPX><ext:Watts>36.354838709677416</ext:Watts><ext:Torque>20</ext:Torque></ext:TPX></Extensions></Trackpoint><Trackpoint><Time>2025-08-28T12:50:17.172Z</Time><DistanceMeters>2513.4497746254174</DistanceMeters><HeartRateBpm><Value>134</Value></HeartRateBpm><Cadence>28</Cadence><Extensions><ext:TPX><ext:Watts>37.666666666666664</ext:Watts><ext:Torque>20</ext:Torque></ext:TPX></Extensions></Trackpoint><Trackpoint><Time>2025-08-28T12:50:18.221Z</Time><DistanceMeters>2516.1990875952356</DistanceMeters><HeartRateBpm><Value>133</Value></HeartRateBpm><Cadence>28</Cadence><Extensions><ext:TPX><ext:Watts>38.43333333333333</ext:Watts><ext:Torque>20</ext:Torque></ext:TPX></Extensions></Trackpoint><Trackpoint><Time>2025-08-28T12:50:19.307Z</Time><DistanceMeters>2518.9612460247513</DistanceMeters><HeartRateBpm><Value>133</Value></HeartRateBpm><Cadence>28</Cadence><Extensions><ext:TPX><ext:Watts>37.25806451612903</ext:Watts><ext:Torque>20</ext:Torque></ext:TPX></Extensions></Trackpoint><Trackpoint><Time>2025-08-28T12:50:20.392Z</Time><DistanceMeters>2521.8764591204913</DistanceMeters><HeartRateBpm><Value>133</Value></HeartRateBpm><Cadence>28</Cadence><Extensions><ext:TPX><ext:Watts>39.32258064516129</ext:Watts><ext:Torque>20</ext:Torque></ext:TPX></Extensions></Trackpoint><Trackpoint><Time>2025-08-28T12:50:21.443Z</Time><DistanceMeters>2524.644847982555</DistanceMeters><HeartRateBpm><Value>133</Value></HeartRateBpm><Cadence>28</Cadence><Extensions><ext:TPX><ext:Watts>38.7</ext:Watts><ext:Torque>20</ext:Torque></ext:TPX></Extensions></Trackpoint><Trackpoint><Time>2025-08-28T12:50:22.527Z</Time><DistanceMeters>2527.5337548075377</DistanceMeters><HeartRateBpm><Value>133</Value></HeartRateBpm><Cadence>28</Cadence><Extensions><ext:TPX><ext:Watts>38.96774193548387</ext:Watts><ext:Torque>20</ext:Torque></ext:TPX></Extensions></Trackpoint><Trackpoint><Time>2025-08-28T12:50:23.612Z</Time><DistanceMeters>2530.465708257396</DistanceMeters><HeartRateBpm><Value>133</Value></HeartRateBpm><Cadence>28</Cadence><Extensions><ext:TPX><ext:Watts>39.54838709677419</ext:Watts><ext:Torque>20</ext:Torque></ext:TPX></Extensions></Trackpoint><Trackpoint><Time>2025-08-28T12:50:24.697Z</Time><DistanceMeters>2533.3450491657395</DistanceMeters><HeartRateBpm><Value>133</Value></HeartRateBpm><Cadence>28</Cadence><Extensions><ext:TPX><ext:Watts>38.83870967741935</ext:Watts><ext:Torque>20</ext:Torque></ext:TPX></Extensions></Trackpoint><Trackpoint><Time>2025-08-28T12:50:25.782Z</Time><DistanceMeters>2536.262653740639</DistanceMeters><HeartRateBpm><Value>133</Value></HeartRateBpm><Cadence>28</Cadence><Extensions><ext:TPX><ext:Watts>39.354838709677416</ext:Watts><ext:Torque>20</ext:Torque></ext:TPX></Extensions></Trackpoint><Trackpoint><Time>2025-08-28T12:50:26.832Z</Time><DistanceMeters>2539.033427089233</DistanceMeters><HeartRateBpm><Value>133</Value></HeartRateBpm><Cadence>28</Cadence><Extensions><ext:TPX><ext:Watts>38.733333333333334</ext:Watts><ext:Torque>20</ext:Torque></ext:TPX></Extensions></Trackpoint><Trackpoint><Time>2025-08-28T12:50:27.882Z</Time><DistanceMeters>2541.932962710481</DistanceMeters><HeartRateBpm><Value>133</Value></HeartRateBpm><Cadence>28</Cadence><Extensions><ext:TPX><ext:Watts>40.53333333333333</ext:Watts><ext:Torque>20</ext:Torque></ext:TPX></Extensions></Trackpoint><Trackpoint><Time>2025-08-28T12:50:28.932Z</Time><DistanceMeters>2544.815806926015</DistanceMeters><HeartRateBpm><Value>133</Value></HeartRateBpm><Cadence>28</Cadence><Extensions><ext:TPX><ext:Watts>40.3</ext:Watts><ext:Torque>20</ext:Torque></ext:TPX></Extensions></Trackpoint><Trackpoint><Time>2025-08-28T12:50:29.982Z</Time><DistanceMeters>2547.62950103216</DistanceMeters><HeartRateBpm><Value>133</Value></HeartRateBpm><Cadence>28</Cadence><Extensions><ext:TPX><ext:Watts>39.333333333333336</ext:Watts><ext:Torque>20</ext:Torque></ext:TPX></Extensions></Trackpoint><Trackpoint><Time>2025-08-28T12:50:31.032Z</Time><DistanceMeters>2550.4908848689183</DistanceMeters><HeartRateBpm><Value>133</Value></HeartRateBpm><Cadence>28</Cadence><Extensions><ext:TPX><ext:Watts>40.0</ext:Watts><ext:Torque>20</ext:Torque></ext:TPX></Extensions></Trackpoint><Trackpoint><Time>2025-08-28T12:50:32.117Z</Time><DistanceMeters>2553.4228383187765</DistanceMeters><HeartRateBpm><Value>133</Value></HeartRateBpm><Cadence>28</Cadence><Extensions><ext:TPX><ext:Watts>39.54838709677419</ext:Watts><ext:Torque>20</ext:Torque></ext:TPX></Extensions></Trackpoint><Trackpoint><Time>2025-08-28T12:50:33.167Z</Time><DistanceMeters>2556.2985290747183</DistanceMeters><HeartRateBpm><Value>134</Value></HeartRateBpm><Cadence>28</Cadence><Extensions><ext:TPX><ext:Watts>40.2</ext:Watts><ext:Torque>20</ext:Torque></ext:TPX></Extensions></Trackpoint><Trackpoint><Time>2025-08-28T12:50:34.217Z</Time><DistanceMeters>2559.195680209436</DistanceMeters><HeartRateBpm><Value>134</Value></HeartRateBpm><Cadence>28</Cadence><Extensions><ext:TPX><ext:Watts>40.5</ext:Watts><ext:Torque>20</ext:Torque></ext:TPX></Extensions></Trackpoint><Trackpoint><Time>2025-08-28T12:50:35.267Z</Time><DistanceMeters>2562.052295073133</DistanceMeters><HeartRateBpm><Value>134</Value></HeartRateBpm><Cadence>28</Cadence><Extensions><ext:TPX><ext:Watts>39.93333333333333</ext:Watts><ext:Torque>20</ext:Torque></ext:TPX></Extensions></Trackpoint><Trackpoint><Time>2025-08-28T12:50:36.352Z</Time><DistanceMeters>2564.9005467524</DistanceMeters><HeartRateBpm><Value>135</Value></HeartRateBpm><Cadence>28</Cadence><Extensions><ext:TPX><ext:Watts>38.41935483870968</ext:Watts><ext:Torque>20</ext:Torque></ext:TPX></Extensions></Trackpoint><Trackpoint><Time>2025-08-28T12:50:37.472Z</Time><DistanceMeters>2567.7981946551445</DistanceMeters><HeartRateBpm><Value>135</Value></HeartRateBpm><Cadence>27</Cadence><Extensions><ext:TPX><ext:Watts>38.375</ext:Watts><ext:Torque>20</ext:Torque></ext:TPX></Extensions></Trackpoint><Trackpoint><Time>2025-08-28T12:50:38.557Z</Time><DistanceMeters>2570.696667396766</DistanceMeters><HeartRateBpm><Value>135</Value></HeartRateBpm><Cadence>28</Cadence><Extensions><ext:TPX><ext:Watts>39.096774193548384</ext:Watts><ext:Torque>20</ext:Torque></ext:TPX></Extensions></Trackpoint><Trackpoint><Time>2025-08-28T12:50:39.642Z</Time><DistanceMeters>2573.5951401383873</DistanceMeters><HeartRateBpm><Value>135</Value></HeartRateBpm><Cadence>28</Cadence><Extensions><ext:TPX><ext:Watts>39.096774193548384</ext:Watts><ext:Torque>20</ext:Torque></ext:TPX></Extensions></Trackpoint><Trackpoint><Time>2025-08-28T12:50:40.727Z</Time><DistanceMeters>2576.5175276716063</DistanceMeters><HeartRateBpm><Value>136</Value></HeartRateBpm><Cadence>28</Cadence><Extensions><ext:TPX><ext:Watts>39.41935483870968</ext:Watts><ext:Torque>20</ext:Torque></ext:TPX></Extensions></Trackpoint><Trackpoint><Time>2025-08-28T12:50:41.812Z</Time><DistanceMeters>2579.3992600591096</DistanceMeters><HeartRateBpm><Value>136</Value></HeartRateBpm><Cadence>28</Cadence><Extensions><ext:TPX><ext:Watts>38.87096774193548</ext:Watts><ext:Torque>20</ext:Torque></ext:TPX></Extensions></Trackpoint><Trackpoint><Time>2025-08-28T12:50:42.932Z</Time><DistanceMeters>2582.313425498759</DistanceMeters><HeartRateBpm><Value>136</Value></HeartRateBpm><Cadence>27</Cadence><Extensions><ext:TPX><ext:Watts>38.59375</ext:Watts><ext:Torque>20</ext:Torque></ext:TPX></Extensions></Trackpoint><Trackpoint><Time>2025-08-28T12:50:44.017Z</Time><DistanceMeters>2585.130587948949</DistanceMeters><HeartRateBpm><Value>136</Value></HeartRateBpm><Cadence>28</Cadence><Extensions><ext:TPX><ext:Watts>38.0</ext:Watts><ext:Torque>20</ext:Torque></ext:TPX></Extensions></Trackpoint><Trackpoint><Time>2025-08-28T12:50:45.102Z</Time><DistanceMeters>2587.9549248366184</DistanceMeters><HeartRateBpm><Value>136</Value></HeartRateBpm><Cadence>28</Cadence><Extensions><ext:TPX><ext:Watts>38.096774193548384</ext:Watts><ext:Torque>20</ext:Torque></ext:TPX></Extensions></Trackpoint><Trackpoint><Time>2025-08-28T12:50:46.187Z</Time><DistanceMeters>2590.8127424325244</DistanceMeters><HeartRateBpm><Value>136</Value></HeartRateBpm><Cadence>28</Cadence><Extensions><ext:TPX><ext:Watts>38.54838709677419</ext:Watts><ext:Torque>20</ext:Torque></ext:TPX></Extensions></Trackpoint><Trackpoint><Time>2025-08-28T12:50:47.272Z</Time><DistanceMeters>2593.6609941117913</DistanceMeters><HeartRateBpm><Value>135</Value></HeartRateBpm><Cadence>28</Cadence><Extensions><ext:TPX><ext:Watts>38.41935483870968</ext:Watts><ext:Torque>20</ext:Torque></ext:TPX></Extensions></Trackpoint><Trackpoint><Time>2025-08-28T12:50:48.357Z</Time><DistanceMeters>2596.5188117076973</DistanceMeters><HeartRateBpm><Value>135</Value></HeartRateBpm><Cadence>28</Cadence><Extensions><ext:TPX><ext:Watts>38.54838709677419</ext:Watts><ext:Torque>20</ext:Torque></ext:TPX></Extensions></Trackpoint><Trackpoint><Time>2025-08-28T12:50:49.477Z</Time><DistanceMeters>2599.279600018944</DistanceMeters><HeartRateBpm><Value>135</Value></HeartRateBpm><Cadence>27</Cadence><Extensions><ext:TPX><ext:Watts>36.5625</ext:Watts><ext:Torque>20</ext:Torque></ext:TPX></Extensions></Trackpoint><Trackpoint><Time>2025-08-28T12:50:50.562Z</Time><DistanceMeters>2602.106328385773</DistanceMeters><HeartRateBpm><Value>135</Value></HeartRateBpm><Cadence>28</Cadence><Extensions><ext:TPX><ext:Watts>38.12903225806452</ext:Watts><ext:Torque>20</ext:Torque></ext:TPX></Extensions></Trackpoint><Trackpoint><Time>2025-08-28T12:50:51.682Z</Time><DistanceMeters>2604.9520640296737</DistanceMeters><HeartRateBpm><Value>134</Value></HeartRateBpm><Cadence>27</Cadence><Extensions><ext:TPX><ext:Watts>37.6875</ext:Watts><ext:Torque>20</ext:Torque></ext:TPX></Extensions></Trackpoint><Trackpoint><Time>2025-08-28T12:50:52.767Z</Time><DistanceMeters>2607.8003157089406</DistanceMeters><HeartRateBpm><Value>134</Value></HeartRateBpm><Cadence>28</Cadence><Extensions><ext:TPX><ext:Watts>38.41935483870968</ext:Watts><ext:Torque>20</ext:Torque></ext:TPX></Extensions></Trackpoint><Trackpoint><Time>2025-08-28T12:50:53.852Z</Time><DistanceMeters>2610.5887804092135</DistanceMeters><HeartRateBpm><Value>134</Value></HeartRateBpm><Cadence>28</Cadence><Extensions><ext:TPX><ext:Watts>37.61290322580645</ext:Watts><ext:Torque>20</ext:Torque></ext:TPX></Extensions></Trackpoint><Trackpoint><Time>2025-08-28T12:50:54.937Z</Time><DistanceMeters>2613.508776463273</DistanceMeters><HeartRateBpm><Value>134</Value></HeartRateBpm><Cadence>28</Cadence><Extensions><ext:TPX><ext:Watts>39.38709677419355</ext:Watts><ext:Torque>20</ext:Torque></ext:TPX></Extensions></Trackpoint><Trackpoint><Time>2025-08-28T12:50:56.057Z</Time><DistanceMeters>2616.26956477452</DistanceMeters><HeartRateBpm><Value>134</Value></HeartRateBpm><Cadence>27</Cadence><Extensions><ext:TPX><ext:Watts>36.5625</ext:Watts><ext:Torque>20</ext:Torque></ext:TPX></Extensions></Trackpoint><Trackpoint><Time>2025-08-28T12:50:57.142Z</Time><DistanceMeters>2618.98867657916</DistanceMeters><HeartRateBpm><Value>134</Value></HeartRateBpm><Cadence>28</Cadence><Extensions><ext:TPX><ext:Watts>36.67741935483871</ext:Watts><ext:Torque>20</ext:Torque></ext:TPX></Extensions></Trackpoint><Trackpoint><Time>2025-08-28T12:50:58.227Z</Time><DistanceMeters>2621.698222467161</DistanceMeters><HeartRateBpm><Value>134</Value></HeartRateBpm><Cadence>28</Cadence><Extensions><ext:TPX><ext:Watts>36.54838709677419</ext:Watts><ext:Torque>20</ext:Torque></ext:TPX></Extensions></Trackpoint><Trackpoint><Time>2025-08-28T12:50:59.347Z</Time><DistanceMeters>2624.5085633891226</DistanceMeters><HeartRateBpm><Value>134</Value></HeartRateBpm><Cadence>27</Cadence><Extensions><ext:TPX><ext:Watts>37.21875</ext:Watts><ext:Torque>20</ext:Torque></ext:TPX></Extensions></Trackpoint><Trackpoint><Time>2025-08-28T12:51:00.432Z</Time><DistanceMeters>2627.292245131076</DistanceMeters><HeartRateBpm><Value>134</Value></HeartRateBpm><Cadence>28</Cadence><Extensions><ext:TPX><ext:Watts>37.54838709677419</ext:Watts><ext:Torque>20</ext:Torque></ext:TPX></Extensions></Trackpoint><Trackpoint><Time>2025-08-28T12:51:01.552Z</Time><DistanceMeters>2630.112024645555</DistanceMeters><HeartRateBpm><Value>134</Value></HeartRateBpm><Cadence>27</Cadence><Extensions><ext:TPX><ext:Watts>37.34375</ext:Watts><ext:Torque>20</ext:Torque></ext:TPX></Extensions></Trackpoint><Trackpoint><Time>2025-08-28T12:51:02.637Z</Time><DistanceMeters>2633.0583269703716</DistanceMeters><HeartRateBpm><Value>134</Value></HeartRateBpm><Cadence>28</Cadence><Extensions><ext:TPX><ext:Watts>39.74193548387097</ext:Watts><ext:Torque>20</ext:Torque></ext:TPX></Extensions></Trackpoint><Trackpoint><Time>2025-08-28T12:51:03.757Z</Time><DistanceMeters>2635.901702966143</DistanceMeters><HeartRateBpm><Value>134</Value></HeartRateBpm><Cadence>27</Cadence><Extensions><ext:TPX><ext:Watts>37.65625</ext:Watts><ext:Torque>20</ext:Torque></ext:TPX></Extensions></Trackpoint><Trackpoint><Time>2025-08-28T12:51:04.878Z</Time><DistanceMeters>2638.7710350913367</DistanceMeters><HeartRateBpm><Value>134</Value></HeartRateBpm><Cadence>27</Cadence><Extensions><ext:TPX><ext:Watts>38.0</ext:Watts><ext:Torque>20</ext:Torque></ext:TPX></Extensions></Trackpoint><Trackpoint><Time>2025-08-28T12:51:05.963Z</Time><DistanceMeters>2641.6766822704376</DistanceMeters><HeartRateBpm><Value>134</Value></HeartRateBpm><Cadence>28</Cadence><Extensions><ext:TPX><ext:Watts>39.193548387096776</ext:Watts><ext:Torque>20</ext:Torque></ext:TPX></Extensions></Trackpoint><Trackpoint><Time>2025-08-28T12:51:07.048Z</Time><DistanceMeters>2644.5249339497045</DistanceMeters><HeartRateBpm><Value>134</Value></HeartRateBpm><Cadence>28</Cadence><Extensions><ext:TPX><ext:Watts>38.41935483870968</ext:Watts><ext:Torque>20</ext:Torque></ext:TPX></Extensions></Trackpoint><Trackpoint><Time>2025-08-28T12:51:08.203Z</Time><DistanceMeters>2647.49987270446</DistanceMeters><HeartRateBpm><Value>134</Value></HeartRateBpm><Cadence>26</Cadence><Extensions><ext:TPX><ext:Watts>37.93939393939394</ext:Watts><ext:Torque>20</ext:Torque></ext:TPX></Extensions></Trackpoint><Trackpoint><Time>2025-08-28T12:51:09.287Z</Time><DistanceMeters>2650.3433414254073</DistanceMeters><HeartRateBpm><Value>135</Value></HeartRateBpm><Cadence>28</Cadence><Extensions><ext:TPX><ext:Watts>38.354838709677416</ext:Watts><ext:Torque>20</ext:Torque></ext:TPX></Extensions></Trackpoint><Trackpoint><Time>2025-08-28T12:51:10.407Z</Time><DistanceMeters>2653.179638476791</DistanceMeters><HeartRateBpm><Value>135</Value></HeartRateBpm><Cadence>27</Cadence><Extensions><ext:TPX><ext:Watts>37.5625</ext:Watts><ext:Torque>20</ext:Torque></ext:TPX></Extensions></Trackpoint><Trackpoint><Time>2025-08-28T12:51:11.528Z</Time><DistanceMeters>2656.15987406406</DistanceMeters><HeartRateBpm><Value>135</Value></HeartRateBpm><Cadence>27</Cadence><Extensions><ext:TPX><ext:Watts>39.46875</ext:Watts><ext:Torque>20</ext:Torque></ext:TPX></Extensions></Trackpoint><Trackpoint><Time>2025-08-28T12:51:12.613Z</Time><DistanceMeters>2659.1085678680365</DistanceMeters><HeartRateBpm><Value>135</Value></HeartRateBpm><Cadence>28</Cadence><Extensions><ext:TPX><ext:Watts>39.774193548387096</ext:Watts><ext:Torque>20</ext:Torque></ext:TPX></Extensions></Trackpoint><Trackpoint><Time>2025-08-28T12:51:13.698Z</Time><DistanceMeters>2662.093133859409</DistanceMeters><HeartRateBpm><Value>135</Value></HeartRateBpm><Cadence>28</Cadence><Extensions><ext:TPX><ext:Watts>40.25806451612903</ext:Watts><ext:Torque>20</ext:Torque></ext:TPX></Extensions></Trackpoint><Trackpoint><Time>2025-08-28T12:51:14.853Z</Time><DistanceMeters>2665.063320315834</DistanceMeters><HeartRateBpm><Value>136</Value></HeartRateBpm><Cadence>26</Cadence><Extensions><ext:TPX><ext:Watts>37.878787878787875</ext:Watts><ext:Torque>20</ext:Torque></ext:TPX></Extensions></Trackpoint><Trackpoint><Time>2025-08-28T12:51:15.938Z</Time><DistanceMeters>2667.928312349219</DistanceMeters><HeartRateBpm><Value>136</Value></HeartRateBpm><Cadence>28</Cadence><Extensions><ext:TPX><ext:Watts>38.645161290322584</ext:Watts><ext:Torque>20</ext:Torque></ext:TPX></Extensions></Trackpoint><Trackpoint><Time>2025-08-28T12:51:17.063Z</Time><DistanceMeters>2670.8541869861897</DistanceMeters><HeartRateBpm><Value>136</Value></HeartRateBpm><Cadence>26</Cadence><Extensions><ext:TPX><ext:Watts>38.03125</ext:Watts><ext:Torque>20</ext:Torque></ext:TPX></Extensions></Trackpoint><Trackpoint><Time>2025-08-28T12:51:18.148Z</Time><DistanceMeters>2673.7789659985688</DistanceMeters><HeartRateBpm><Value>136</Value></HeartRateBpm><Cadence>28</Cadence><Extensions><ext:TPX><ext:Watts>39.45161290322581</ext:Watts><ext:Torque>20</ext:Torque></ext:TPX></Extensions></Trackpoint><Trackpoint><Time>2025-08-28T12:51:19.268Z</Time><DistanceMeters>2676.6600963644087</DistanceMeters><HeartRateBpm><Value>136</Value></HeartRateBpm><Cadence>27</Cadence><Extensions><ext:TPX><ext:Watts>38.15625</ext:Watts><ext:Torque>20</ext:Torque></ext:TPX></Extensions></Trackpoint><Trackpoint><Time>2025-08-28T12:51:20.353Z</Time><DistanceMeters>2679.580092418468</DistanceMeters><HeartRateBpm><Value>136</Value></HeartRateBpm><Cadence>28</Cadence><Extensions><ext:TPX><ext:Watts>39.38709677419355</ext:Watts><ext:Torque>20</ext:Torque></ext:TPX></Extensions></Trackpoint><Trackpoint><Time>2025-08-28T12:51:21.438Z</Time><DistanceMeters>2682.447475931013</DistanceMeters><HeartRateBpm><Value>136</Value></HeartRateBpm><Cadence>28</Cadence><Extensions><ext:TPX><ext:Watts>38.67741935483871</ext:Watts><ext:Torque>20</ext:Torque></ext:TPX></Extensions></Trackpoint><Trackpoint><Time>2025-08-28T12:51:22.523Z</Time><DistanceMeters>2685.2957276102798</DistanceMeters><HeartRateBpm><Value>136</Value></HeartRateBpm><Cadence>28</Cadence><Extensions><ext:TPX><ext:Watts>38.41935483870968</ext:Watts><ext:Torque>20</ext:Torque></ext:TPX></Extensions></Trackpoint><Trackpoint><Time>2025-08-28T12:51:23.643Z</Time><DistanceMeters>2688.1674193836025</DistanceMeters><HeartRateBpm><Value>136</Value></HeartRateBpm><Cadence>27</Cadence><Extensions><ext:TPX><ext:Watts>38.03125</ext:Watts><ext:Torque>20</ext:Torque></ext:TPX></Extensions></Trackpoint><Trackpoint><Time>2025-08-28T12:51:24.728Z</Time><DistanceMeters>2690.9941477504312</DistanceMeters><HeartRateBpm><Value>136</Value></HeartRateBpm><Cadence>28</Cadence><Extensions><ext:TPX><ext:Watts>38.12903225806452</ext:Watts><ext:Torque>20</ext:Torque></ext:TPX></Extensions></Trackpoint><Trackpoint><Time>2025-08-28T12:51:25.848Z</Time><DistanceMeters>2693.8823570606587</DistanceMeters><HeartRateBpm><Value>136</Value></HeartRateBpm><Cadence>27</Cadence><Extensions><ext:TPX><ext:Watts>38.25</ext:Watts><ext:Torque>20</ext:Torque></ext:TPX></Extensions></Trackpoint><Trackpoint><Time>2025-08-28T12:51:26.898Z</Time><DistanceMeters>2696.665052841906</DistanceMeters><HeartRateBpm><Value>136</Value></HeartRateBpm><Cadence>28</Cadence><Extensions><ext:TPX><ext:Watts>38.9</ext:Watts><ext:Torque>20</ext:Torque></ext:TPX></Extensions></Trackpoint><Trackpoint><Time>2025-08-28T12:51:27.983Z</Time><DistanceMeters>2699.5180874794924</DistanceMeters><HeartRateBpm><Value>137</Value></HeartRateBpm><Cadence>28</Cadence><Extensions><ext:TPX><ext:Watts>38.483870967741936</ext:Watts><ext:Torque>20</ext:Torque></ext:TPX></Extensions></Trackpoint><Trackpoint><Time>2025-08-28T12:51:29.068Z</Time><DistanceMeters>2702.3735135962384</DistanceMeters><HeartRateBpm><Value>137</Value></HeartRateBpm><Cadence>28</Cadence><Extensions><ext:TPX><ext:Watts>38.516129032258064</ext:Watts><ext:Torque>20</ext:Torque></ext:TPX></Extensions></Trackpoint><Trackpoint><Time>2025-08-28T12:51:30.153Z</Time><DistanceMeters>2705.056753213482</DistanceMeters><HeartRateBpm><Value>137</Value></HeartRateBpm><Cadence>28</Cadence><Extensions><ext:TPX><ext:Watts>36.193548387096776</ext:Watts><ext:Torque>20</ext:Torque></ext:TPX></Extensions></Trackpoint><Trackpoint><Time>2025-08-28T12:51:31.273Z</Time><DistanceMeters>2707.742032784592</DistanceMeters><HeartRateBpm><Value>137</Value></HeartRateBpm><Cadence>27</Cadence><Extensions><ext:TPX><ext:Watts>35.5625</ext:Watts><ext:Torque>20</ext:Torque></ext:TPX></Extensions></Trackpoint><Trackpoint><Time>2025-08-28T12:51:32.393Z</Time><DistanceMeters>2710.3919176337636</DistanceMeters><HeartRateBpm><Value>137</Value></HeartRateBpm><Cadence>27</Cadence><Extensions><ext:TPX><ext:Watts>35.09375</ext:Watts><ext:Torque>20</ext:Torque></ext:TPX></Extensions></Trackpoint><Trackpoint><Time>2025-08-28T12:51:33.478Z</Time><DistanceMeters>2713.077548730167</DistanceMeters><HeartRateBpm><Value>137</Value></HeartRateBpm><Cadence>28</Cadence><Extensions><ext:TPX><ext:Watts>36.225806451612904</ext:Watts><ext:Torque>20</ext:Torque></ext:TPX></Extensions></Trackpoint><Trackpoint><Time>2025-08-28T12:51:34.633Z</Time><DistanceMeters>2715.753092690115</DistanceMeters><HeartRateBpm><Value>137</Value></HeartRateBpm><Cadence>26</Cadence><Extensions><ext:TPX><ext:Watts>34.121212121212125</ext:Watts><ext:Torque>20</ext:Torque></ext:TPX></Extensions></Trackpoint><Trackpoint><Time>2025-08-28T12:51:35.753Z</Time><DistanceMeters>2718.48792487194</DistanceMeters><HeartRateBpm><Value>137</Value></HeartRateBpm><Cadence>27</Cadence><Extensions><ext:TPX><ext:Watts>36.21875</ext:Watts><ext:Torque>20</ext:Torque></ext:TPX></Extensions></Trackpoint><Trackpoint><Time>2025-08-28T12:51:36.873Z</Time><DistanceMeters>2721.215678109377</DistanceMeters><HeartRateBpm><Value>137</Value></HeartRateBpm><Cadence>27</Cadence><Extensions><ext:TPX><ext:Watts>36.125</ext:Watts><ext:Torque>20</ext:Torque></ext:TPX></Extensions></Trackpoint><Trackpoint><Time>2025-08-28T12:51:37.993Z</Time><DistanceMeters>2723.834887532868</DistanceMeters><HeartRateBpm><Value>137</Value></HeartRateBpm><Cadence>27</Cadence><Extensions><ext:TPX><ext:Watts>34.6875</ext:Watts><ext:Torque>20</ext:Torque></ext:TPX></Extensions></Trackpoint><Trackpoint><Time>2025-08-28T12:51:39.078Z</Time><DistanceMeters>2726.5492163791887</DistanceMeters><HeartRateBpm><Value>137</Value></HeartRateBpm><Cadence>28</Cadence><Extensions><ext:TPX><ext:Watts>36.61290322580645</ext:Watts><ext:Torque>20</ext:Torque></ext:TPX></Extensions></Trackpoint><Trackpoint><Time>2025-08-28T12:51:40.163Z</Time><DistanceMeters>2729.2922429754262</DistanceMeters><HeartRateBpm><Value>136</Value></HeartRateBpm><Cadence>28</Cadence><Extensions><ext:TPX><ext:Watts>37.0</ext:Watts><ext:Torque>20</ext:Torque></ext:TPX></Extensions></Trackpoint><Trackpoint><Time>2025-08-28T12:51:41.288Z</Time><DistanceMeters>2731.984913142564</DistanceMeters><HeartRateBpm><Value>136</Value></HeartRateBpm><Cadence>26</Cadence><Extensions><ext:TPX><ext:Watts>35.0</ext:Watts><ext:Torque>20</ext:Torque></ext:TPX></Extensions></Trackpoint><Trackpoint><Time>2025-08-28T12:51:42.408Z</Time><DistanceMeters>2734.771657583233</DistanceMeters><HeartRateBpm><Value>136</Value></HeartRateBpm><Cadence>27</Cadence><Extensions><ext:TPX><ext:Watts>36.90625</ext:Watts><ext:Torque>20</ext:Torque></ext:TPX></Extensions></Trackpoint><Trackpoint><Time>2025-08-28T12:51:43.528Z</Time><DistanceMeters>2737.5017704687994</DistanceMeters><HeartRateBpm><Value>136</Value></HeartRateBpm><Cadence>27</Cadence><Extensions><ext:TPX><ext:Watts>36.15625</ext:Watts><ext:Torque>20</ext:Torque></ext:TPX></Extensions></Trackpoint><Trackpoint><Time>2025-08-28T12:51:44.683Z</Time><DistanceMeters>2740.262855798692</DistanceMeters><HeartRateBpm><Value>135</Value></HeartRateBpm><Cadence>26</Cadence><Extensions><ext:TPX><ext:Watts>35.21212121212121</ext:Watts><ext:Torque>20</ext:Torque></ext:TPX></Extensions></Trackpoint><Trackpoint><Time>2025-08-28T12:51:45.803Z</Time><DistanceMeters>2742.9504950179316</DistanceMeters><HeartRateBpm><Value>135</Value></HeartRateBpm><Cadence>27</Cadence><Extensions><ext:TPX><ext:Watts>35.59375</ext:Watts><ext:Torque>20</ext:Torque></ext:TPX></Extensions></Trackpoint><Trackpoint><Time>2025-08-28T12:51:46.958Z</Time><DistanceMeters>2745.7353418394755</DistanceMeters><HeartRateBpm><Value>135</Value></HeartRateBpm><Cadence>26</Cadence><Extensions><ext:TPX><ext:Watts>35.515151515151516</ext:Watts><ext:Torque>20</ext:Torque></ext:TPX></Extensions></Trackpoint><Trackpoint><Time>2025-08-28T12:51:48.078Z</Time><DistanceMeters>2748.4442178918785</DistanceMeters><HeartRateBpm><Value>135</Value></HeartRateBpm><Cadence>27</Cadence><Extensions><ext:TPX><ext:Watts>35.875</ext:Watts><ext:Torque>20</ext:Torque></ext:TPX></Extensions></Trackpoint><Trackpoint><Time>2025-08-28T12:51:49.163Z</Time><DistanceMeters>2751.1633296965183</DistanceMeters><HeartRateBpm><Value>135</Value></HeartRateBpm><Cadence>28</Cadence><Extensions><ext:TPX><ext:Watts>36.67741935483871</ext:Watts><ext:Torque>20</ext:Torque></ext:TPX></Extensions></Trackpoint><Trackpoint><Time>2025-08-28T12:51:50.283Z</Time><DistanceMeters>2753.9524337853168</DistanceMeters><HeartRateBpm><Value>135</Value></HeartRateBpm><Cadence>27</Cadence><Extensions><ext:TPX><ext:Watts>36.9375</ext:Watts><ext:Torque>20</ext:Torque></ext:TPX></Extensions></Trackpoint><Trackpoint><Time>2025-08-28T12:51:51.403Z</Time><DistanceMeters>2756.7203010409517</DistanceMeters><HeartRateBpm><Value>134</Value></HeartRateBpm><Cadence>27</Cadence><Extensions><ext:TPX><ext:Watts>36.65625</ext:Watts><ext:Torque>20</ext:Torque></ext:TPX></Extensions></Trackpoint><Trackpoint><Time>2025-08-28T12:51:52.523Z</Time><DistanceMeters>2759.4291770933546</DistanceMeters><HeartRateBpm><Value>134</Value></HeartRateBpm><Cadence>27</Cadence><Extensions><ext:TPX><ext:Watts>35.875</ext:Watts><ext:Torque>20</ext:Torque></ext:TPX></Extensions></Trackpoint><Trackpoint><Time>2025-08-28T12:51:53.678Z</Time><DistanceMeters>2762.2116477657337</DistanceMeters><HeartRateBpm><Value>134</Value></HeartRateBpm><Cadence>26</Cadence><Extensions><ext:TPX><ext:Watts>35.484848484848484</ext:Watts><ext:Torque>20</ext:Torque></ext:TPX></Extensions></Trackpoint><Trackpoint><Time>2025-08-28T12:51:54.798Z</Time><DistanceMeters>2764.906365929361</DistanceMeters><HeartRateBpm><Value>134</Value></HeartRateBpm><Cadence>27</Cadence><Extensions><ext:TPX><ext:Watts>35.6875</ext:Watts><ext:Torque>20</ext:Torque></ext:TPX></Extensions></Trackpoint><Trackpoint><Time>2025-08-28T12:51:55.953Z</Time><DistanceMeters>2767.7529926291986</DistanceMeters><HeartRateBpm><Value>134</Value></HeartRateBpm><Cadence>26</Cadence><Extensions><ext:TPX><ext:Watts>36.303030303030305</ext:Watts><ext:Torque>20</ext:Torque></ext:TPX></Extensions></Trackpoint><Trackpoint><Time>2025-08-28T12:51:57.038Z</Time><DistanceMeters>2770.5581976835897</DistanceMeters><HeartRateBpm><Value>134</Value></HeartRateBpm><Cadence>28</Cadence><Extensions><ext:TPX><ext:Watts>37.83870967741935</ext:Watts><ext:Torque>20</ext:Torque></ext:TPX></Extensions></Trackpoint><Trackpoint><Time>2025-08-28T12:51:58.193Z</Time><DistanceMeters>2773.390567488437</DistanceMeters><HeartRateBpm><Value>134</Value></HeartRateBpm><Cadence>26</Cadence><Extensions><ext:TPX><ext:Watts>36.121212121212125</ext:Watts><ext:Torque>20</ext:Torque></ext:TPX></Extensions></Trackpoint><Trackpoint><Time>2025-08-28T12:51:59.313Z</Time><DistanceMeters>2776.118320725874</DistanceMeters><HeartRateBpm><Value>134</Value></HeartRateBpm><Cadence>27</Cadence><Extensions><ext:TPX><ext:Watts>36.125</ext:Watts><ext:Torque>20</ext:Torque></ext:TPX></Extensions></Trackpoint><Trackpoint><Time>2025-08-28T12:52:00.433Z</Time><DistanceMeters>2778.888547629638</DistanceMeters><HeartRateBpm><Value>134</Value></HeartRateBpm><Cadence>27</Cadence><Extensions><ext:TPX><ext:Watts>36.6875</ext:Watts><ext:Torque>20</ext:Torque></ext:TPX></Extensions></Trackpoint><Trackpoint><Time>2025-08-28T12:52:01.589Z</Time><DistanceMeters>2781.8302202960813</DistanceMeters><HeartRateBpm><Value>133</Value></HeartRateBpm><Cadence>26</Cadence><Extensions><ext:TPX><ext:Watts>37.515151515151516</ext:Watts><ext:Torque>20</ext:Torque></ext:TPX></Extensions></Trackpoint><Trackpoint><Time>2025-08-28T12:52:02.709Z</Time><DistanceMeters>2784.6334822736553</DistanceMeters><HeartRateBpm><Value>133</Value></HeartRateBpm><Cadence>27</Cadence><Extensions><ext:TPX><ext:Watts>37.125</ext:Watts><ext:Torque>20</ext:Torque></ext:TPX></Extensions></Trackpoint><Trackpoint><Time>2025-08-28T12:52:03.829Z</Time><DistanceMeters>2787.4910161582025</DistanceMeters><HeartRateBpm><Value>133</Value></HeartRateBpm><Cadence>27</Cadence><Extensions><ext:TPX><ext:Watts>37.84375</ext:Watts><ext:Torque>20</ext:Torque></ext:TPX></Extensions></Trackpoint><Trackpoint><Time>2025-08-28T12:52:04.984Z</Time><DistanceMeters>2790.3637804988566</DistanceMeters><HeartRateBpm><Value>133</Value></HeartRateBpm><Cadence>26</Cadence><Extensions><ext:TPX><ext:Watts>36.63636363636363</ext:Watts><ext:Torque>20</ext:Torque></ext:TPX></Extensions></Trackpoint><Trackpoint><Time>2025-08-28T12:52:06.139Z</Time><DistanceMeters>2793.1153612320886</DistanceMeters><HeartRateBpm><Value>133</Value></HeartRateBpm><Cadence>26</Cadence><Extensions><ext:TPX><ext:Watts>35.09090909090909</ext:Watts><ext:Torque>20</ext:Torque></ext:TPX></Extensions></Trackpoint><Trackpoint><Time>2025-08-28T12:52:07.259Z</Time><DistanceMeters>2795.810079395716</DistanceMeters><HeartRateBpm><Value>133</Value></HeartRateBpm><Cadence>27</Cadence><Extensions><ext:TPX><ext:Watts>35.6875</ext:Watts><ext:Torque>20</ext:Torque></ext:TPX></Extensions></Trackpoint><Trackpoint><Time>2025-08-28T12:52:08.379Z</Time><DistanceMeters>2798.495358966826</DistanceMeters><HeartRateBpm><Value>132</Value></HeartRateBpm><Cadence>27</Cadence><Extensions><ext:TPX><ext:Watts>35.5625</ext:Watts><ext:Torque>20</ext:Torque></ext:TPX></Extensions></Trackpoint><Trackpoint><Time>2025-08-28T12:52:09.499Z</Time><DistanceMeters>2801.2726648149783</DistanceMeters><HeartRateBpm><Value>132</Value></HeartRateBpm><Cadence>27</Cadence><Extensions><ext:TPX><ext:Watts>36.78125</ext:Watts><ext:Torque>20</ext:Torque></ext:TPX></Extensions></Trackpoint><Trackpoint><Time>2025-08-28T12:52:10.654Z</Time><DistanceMeters>2804.1478053047977</DistanceMeters><HeartRateBpm><Value>132</Value></HeartRateBpm><Cadence>26</Cadence><Extensions><ext:TPX><ext:Watts>36.666666666666664</ext:Watts><ext:Torque>20</ext:Torque></ext:TPX></Extensions></Trackpoint><Trackpoint><Time>2025-08-28T12:52:11.739Z</Time><DistanceMeters>2806.9530103591887</DistanceMeters><HeartRateBpm><Value>132</Value></HeartRateBpm><Cadence>28</Cadence><Extensions><ext:TPX><ext:Watts>37.83870967741935</ext:Watts><ext:Torque>20</ext:Torque></ext:TPX></Extensions></Trackpoint><Trackpoint><Time>2025-08-28T12:52:12.859Z</Time><DistanceMeters>2809.7397547998576</DistanceMeters><HeartRateBpm><Value>132</Value></HeartRateBpm><Cadence>27</Cadence><Extensions><ext:TPX><ext:Watts>36.90625</ext:Watts><ext:Torque>20</ext:Torque></ext:TPX></Extensions></Trackpoint><Trackpoint><Time>2025-08-28T12:52:14.014Z</Time><DistanceMeters>2812.6814274663006</DistanceMeters><HeartRateBpm><Value>132</Value></HeartRateBpm><Cadence>26</Cadence><Extensions><ext:TPX><ext:Watts>37.515151515151516</ext:Watts><ext:Torque>20</ext:Torque></ext:TPX></Extensions></Trackpoint><Trackpoint><Time>2025-08-28T12:52:15.134Z</Time><DistanceMeters>2815.470531555099</DistanceMeters><HeartRateBpm><Value>132</Value></HeartRateBpm><Cadence>27</Cadence><Extensions><ext:TPX><ext:Watts>36.9375</ext:Watts><ext:Torque>20</ext:Torque></ext:TPX></Extensions></Trackpoint><Trackpoint><Time>2025-08-28T12:52:16.254Z</Time><DistanceMeters>2818.370539105973</DistanceMeters><HeartRateBpm><Value>132</Value></HeartRateBpm><Cadence>27</Cadence><Extensions><ext:TPX><ext:Watts>38.40625</ext:Watts><ext:Torque>20</ext:Torque></ext:TPX></Extensions></Trackpoint><Trackpoint><Time>2025-08-28T12:52:17.374Z</Time><DistanceMeters>2821.19503791671</DistanceMeters><HeartRateBpm><Value>132</Value></HeartRateBpm><Cadence>27</Cadence><Extensions><ext:TPX><ext:Watts>37.40625</ext:Watts><ext:Torque>20</ext:Torque></ext:TPX></Extensions></Trackpoint><Trackpoint><Time>2025-08-28T12:52:18.459Z</Time><DistanceMeters>2824.0480725542966</DistanceMeters><HeartRateBpm><Value>132</Value></HeartRateBpm><Cadence>28</Cadence><Extensions><ext:TPX><ext:Watts>38.483870967741936</ext:Watts><ext:Torque>20</ext:Torque></ext:TPX></Extensions></Trackpoint><Trackpoint><Time>2025-08-28T12:52:19.579Z</Time><DistanceMeters>2826.8513345318706</DistanceMeters><HeartRateBpm><Value>132</Value></HeartRateBpm><Cadence>27</Cadence><Extensions><ext:TPX><ext:Watts>37.125</ext:Watts><ext:Torque>20</ext:Torque></ext:TPX></Extensions></Trackpoint><Trackpoint><Time>2025-08-28T12:52:20.699Z</Time><DistanceMeters>2829.6687543982202</DistanceMeters><HeartRateBpm><Value>133</Value></HeartRateBpm><Cadence>27</Cadence><Extensions><ext:TPX><ext:Watts>37.3125</ext:Watts><ext:Torque>20</ext:Torque></ext:TPX></Extensions></Trackpoint><Trackpoint><Time>2025-08-28T12:52:21.819Z</Time><DistanceMeters>2832.410665524433</DistanceMeters><HeartRateBpm><Value>133</Value></HeartRateBpm><Cadence>27</Cadence><Extensions><ext:TPX><ext:Watts>36.3125</ext:Watts><ext:Torque>20</ext:Torque></ext:TPX></Extensions></Trackpoint><Trackpoint><Time>2025-08-28T12:52:22.939Z</Time><DistanceMeters>2835.0440328366994</DistanceMeters><HeartRateBpm><Value>133</Value></HeartRateBpm><Cadence>27</Cadence><Extensions><ext:TPX><ext:Watts>34.875</ext:Watts><ext:Torque>20</ext:Torque></ext:TPX></Extensions></Trackpoint><Trackpoint><Time>2025-08-28T12:52:24.024Z</Time><DistanceMeters>2837.696183224866</DistanceMeters><HeartRateBpm><Value>133</Value></HeartRateBpm><Cadence>28</Cadence><Extensions><ext:TPX><ext:Watts>35.774193548387096</ext:Watts><ext:Torque>20</ext:Torque></ext:TPX></Extensions></Trackpoint><Trackpoint><Time>2025-08-28T12:52:25.144Z</Time><DistanceMeters>2840.4262961104328</DistanceMeters><HeartRateBpm><Value>133</Value></HeartRateBpm><Cadence>27</Cadence><Extensions><ext:TPX><ext:Watts>36.15625</ext:Watts><ext:Torque>20</ext:Torque></ext:TPX></Extensions></Trackpoint><Trackpoint><Time>2025-08-28T12:52:26.264Z</Time><DistanceMeters>2843.1870844216796</DistanceMeters><HeartRateBpm><Value>133</Value></HeartRateBpm><Cadence>27</Cadence><Extensions><ext:TPX><ext:Watts>36.5625</ext:Watts><ext:Torque>20</ext:Torque></ext:TPX></Extensions></Trackpoint><Trackpoint><Time>2025-08-28T12:52:27.419Z</Time><DistanceMeters>2845.979059690719</DistanceMeters><HeartRateBpm><Value>134</Value></HeartRateBpm><Cadence>26</Cadence><Extensions><ext:TPX><ext:Watts>35.60606060606061</ext:Watts><ext:Torque>20</ext:Torque></ext:TPX></Extensions></Trackpoint><Trackpoint><Time>2025-08-28T12:52:28.539Z</Time><DistanceMeters>2848.6549006693126</DistanceMeters><HeartRateBpm><Value>134</Value></HeartRateBpm><Cadence>27</Cadence><Extensions><ext:TPX><ext:Watts>35.4375</ext:Watts><ext:Torque>20</ext:Torque></ext:TPX></Extensions></Trackpoint><Trackpoint><Time>2025-08-28T12:52:29.659Z</Time><DistanceMeters>2851.3448995366816</DistanceMeters><HeartRateBpm><Value>134</Value></HeartRateBpm><Cadence>27</Cadence><Extensions><ext:TPX><ext:Watts>35.625</ext:Watts><ext:Torque>20</ext:Torque></ext:TPX></Extensions></Trackpoint><Trackpoint><Time>2025-08-28T12:52:30.779Z</Time><DistanceMeters>2854.0278194596626</DistanceMeters><HeartRateBpm><Value>134</Value></HeartRateBpm><Cadence>27</Cadence><Extensions><ext:TPX><ext:Watts>35.53125</ext:Watts><ext:Torque>20</ext:Torque></ext:TPX></Extensions></Trackpoint><Trackpoint><Time>2025-08-28T12:52:31.899Z</Time><DistanceMeters>2856.7178183270316</DistanceMeters><HeartRateBpm><Value>134</Value></HeartRateBpm><Cadence>27</Cadence><Extensions><ext:TPX><ext:Watts>35.625</ext:Watts><ext:Torque>20</ext:Torque></ext:TPX></Extensions></Trackpoint><Trackpoint><Time>2025-08-28T12:52:33.019Z</Time><DistanceMeters>2859.4502908607274</DistanceMeters><HeartRateBpm><Value>134</Value></HeartRateBpm><Cadence>27</Cadence><Extensions><ext:TPX><ext:Watts>36.1875</ext:Watts><ext:Torque>20</ext:Torque></ext:TPX></Extensions></Trackpoint><Trackpoint><Time>2025-08-28T12:52:34.139Z</Time><DistanceMeters>2862.244114245784</DistanceMeters><HeartRateBpm><Value>134</Value></HeartRateBpm><Cadence>27</Cadence><Extensions><ext:TPX><ext:Watts>37.0</ext:Watts><ext:Torque>20</ext:Torque></ext:TPX></Extensions></Trackpoint><Trackpoint><Time>2025-08-28T12:52:35.259Z</Time><DistanceMeters>2865.011981501419</DistanceMeters><HeartRateBpm><Value>134</Value></HeartRateBpm><Cadence>27</Cadence><Extensions><ext:TPX><ext:Watts>36.65625</ext:Watts><ext:Torque>20</ext:Torque></ext:TPX></Extensions></Trackpoint><Trackpoint><Time>2025-08-28T12:52:36.414Z</Time><DistanceMeters>2867.8229659637796</DistanceMeters><HeartRateBpm><Value>134</Value></HeartRateBpm><Cadence>26</Cadence><Extensions><ext:TPX><ext:Watts>35.84848484848485</ext:Watts><ext:Torque>20</ext:Torque></ext:TPX></Extensions></Trackpoint><Trackpoint><Time>2025-08-28T12:52:37.534Z</Time><DistanceMeters>2870.527122719924</DistanceMeters><HeartRateBpm><Value>134</Value></HeartRateBpm><Cadence>27</Cadence><Extensions><ext:TPX><ext:Watts>35.8125</ext:Watts><ext:Torque>20</ext:Torque></ext:TPX></Extensions></Trackpoint><Trackpoint><Time>2025-08-28T12:52:38.689Z</Time><DistanceMeters>2873.34048333145</DistanceMeters><HeartRateBpm><Value>134</Value></HeartRateBpm><Cadence>26</Cadence><Extensions><ext:TPX><ext:Watts>35.878787878787875</ext:Watts><ext:Torque>20</ext:Torque></ext:TPX></Extensions></Trackpoint><Trackpoint><Time>2025-08-28T12:52:39.809Z</Time><DistanceMeters>2876.0163243100433</DistanceMeters><HeartRateBpm><Value>134</Value></HeartRateBpm><Cadence>27</Cadence><Extensions><ext:TPX><ext:Watts>35.4375</ext:Watts><ext:Torque>20</ext:Torque></ext:TPX></Extensions></Trackpoint><Trackpoint><Time>2025-08-28T12:52:40.929Z</Time><DistanceMeters>2878.722840714317</DistanceMeters><HeartRateBpm><Value>134</Value></HeartRateBpm><Cadence>27</Cadence><Extensions><ext:TPX><ext:Watts>35.84375</ext:Watts><ext:Torque>20</ext:Torque></ext:TPX></Extensions></Trackpoint><Trackpoint><Time>2025-08-28T12:52:42.084Z</Time><DistanceMeters>2881.455412254228</DistanceMeters><HeartRateBpm><Value>135</Value></HeartRateBpm><Cadence>26</Cadence><Extensions><ext:TPX><ext:Watts>34.84848484848485</ext:Watts><ext:Torque>20</ext:Torque></ext:TPX></Extensions></Trackpoint><Trackpoint><Time>2025-08-28T12:52:43.204Z</Time><DistanceMeters>2884.192604084182</DistanceMeters><HeartRateBpm><Value>135</Value></HeartRateBpm><Cadence>27</Cadence><Extensions><ext:TPX><ext:Watts>36.25</ext:Watts><ext:Torque>20</ext:Torque></ext:TPX></Extensions></Trackpoint><Trackpoint><Time>2025-08-28T12:52:44.394Z</Time><DistanceMeters>2886.938901379859</DistanceMeters><HeartRateBpm><Value>135</Value></HeartRateBpm><Cadence>25</Cadence><Extensions><ext:TPX><ext:Watts>33.6764705882353</ext:Watts><ext:Torque>20</ext:Torque></ext:TPX></Extensions></Trackpoint><Trackpoint><Time>2025-08-28T12:52:45.549Z</Time><DistanceMeters>2889.6619683231097</DistanceMeters><HeartRateBpm><Value>135</Value></HeartRateBpm><Cadence>26</Cadence><Extensions><ext:TPX><ext:Watts>34.72727272727273</ext:Watts><ext:Torque>20</ext:Torque></ext:TPX></Extensions></Trackpoint><Trackpoint><Time>2025-08-28T12:52:46.669Z</Time><DistanceMeters>2892.4015198011934</DistanceMeters><HeartRateBpm><Value>135</Value></HeartRateBpm><Cadence>27</Cadence><Extensions><ext:TPX><ext:Watts>36.28125</ext:Watts><ext:Torque>20</ext:Torque></ext:TPX></Extensions></Trackpoint><Trackpoint><Time>2025-08-28T12:52:47.789Z</Time><DistanceMeters>2895.235457204448</DistanceMeters><HeartRateBpm><Value>136</Value></HeartRateBpm><Cadence>27</Cadence><Extensions><ext:TPX><ext:Watts>37.53125</ext:Watts><ext:Torque>20</ext:Torque></ext:TPX></Extensions></Trackpoint><Trackpoint><Time>2025-08-28T12:52:48.909Z</Time><DistanceMeters>2898.0882717927366</DistanceMeters><HeartRateBpm><Value>136</Value></HeartRateBpm><Cadence>27</Cadence><Extensions><ext:TPX><ext:Watts>37.78125</ext:Watts><ext:Torque>20</ext:Torque></ext:TPX></Extensions></Trackpoint><Trackpoint><Time>2025-08-28T12:52:50.100Z</Time><DistanceMeters>2900.841764627179</DistanceMeters><HeartRateBpm><Value>136</Value></HeartRateBpm><Cadence>25</Cadence><Extensions><ext:TPX><ext:Watts>33.76470588235294</ext:Watts><ext:Torque>20</ext:Torque></ext:TPX></Extensions></Trackpoint><Trackpoint><Time>2025-08-28T12:52:51.219Z</Time><DistanceMeters>2903.5105266613846</DistanceMeters><HeartRateBpm><Value>136</Value></HeartRateBpm><Cadence>27</Cadence><Extensions><ext:TPX><ext:Watts>35.34375</ext:Watts><ext:Torque>20</ext:Torque></ext:TPX></Extensions></Trackpoint><Trackpoint><Time>2025-08-28T12:52:52.375Z</Time><DistanceMeters>2906.3286395712407</DistanceMeters><HeartRateBpm><Value>136</Value></HeartRateBpm><Cadence>26</Cadence><Extensions><ext:TPX><ext:Watts>35.93939393939394</ext:Watts><ext:Torque>20</ext:Torque></ext:TPX></Extensions></Trackpoint><Trackpoint><Time>2025-08-28T12:52:53.495Z</Time><DistanceMeters>2909.1413401413315</DistanceMeters><HeartRateBpm><Value>136</Value></HeartRateBpm><Cadence>27</Cadence><Extensions><ext:TPX><ext:Watts>37.25</ext:Watts><ext:Torque>20</ext:Torque></ext:TPX></Extensions></Trackpoint><Trackpoint><Time>2025-08-28T12:52:54.650Z</Time><DistanceMeters>2911.947572305362</DistanceMeters><HeartRateBpm><Value>136</Value></HeartRateBpm><Cadence>26</Cadence><Extensions><ext:TPX><ext:Watts>35.78787878787879</ext:Watts><ext:Torque>20</ext:Torque></ext:TPX></Extensions></Trackpoint><Trackpoint><Time>2025-08-28T12:52:55.805Z</Time><DistanceMeters>2914.7894467068695</DistanceMeters><HeartRateBpm><Value>136</Value></HeartRateBpm><Cadence>26</Cadence><Extensions><ext:TPX><ext:Watts>36.24242424242424</ext:Watts><ext:Torque>20</ext:Torque></ext:TPX></Extensions></Trackpoint><Trackpoint><Time>2025-08-28T12:52:56.960Z</Time><DistanceMeters>2917.628944959212</DistanceMeters><HeartRateBpm><Value>136</Value></HeartRateBpm><Cadence>26</Cadence><Extensions><ext:TPX><ext:Watts>36.21212121212121</ext:Watts><ext:Torque>20</ext:Torque></ext:TPX></Extensions></Trackpoint><Trackpoint><Time>2025-08-28T12:52:58.080Z</Time><DistanceMeters>2920.4440051774322</DistanceMeters><HeartRateBpm><Value>136</Value></HeartRateBpm><Cadence>27</Cadence><Extensions><ext:TPX><ext:Watts>37.28125</ext:Watts><ext:Torque>20</ext:Torque></ext:TPX></Extensions></Trackpoint><Trackpoint><Time>2025-08-28T12:52:59.235Z</Time><DistanceMeters>2923.3381548605726</DistanceMeters><HeartRateBpm><Value>137</Value></HeartRateBpm><Cadence>26</Cadence><Extensions><ext:TPX><ext:Watts>36.90909090909091</ext:Watts><ext:Torque>20</ext:Torque></ext:TPX></Extensions></Trackpoint><Trackpoint><Time>2025-08-28T12:53:00.390Z</Time><DistanceMeters>2926.2085430520615</DistanceMeters><HeartRateBpm><Value>137</Value></HeartRateBpm><Cadence>26</Cadence><Extensions><ext:TPX><ext:Watts>36.60606060606061</ext:Watts><ext:Torque>20</ext:Torque></ext:TPX></Extensions></Trackpoint><Trackpoint><Time>2025-08-28T12:53:01.545Z</Time><DistanceMeters>2929.105068884367</DistanceMeters><HeartRateBpm><Value>137</Value></HeartRateBpm><Cadence>26</Cadence><Extensions><ext:TPX><ext:Watts>36.93939393939394</ext:Watts><ext:Torque>20</ext:Torque></ext:TPX></Extensions></Trackpoint><Trackpoint><Time>2025-08-28T12:53:02.665Z</Time><DistanceMeters>2931.969681713302</DistanceMeters><HeartRateBpm><Value>137</Value></HeartRateBpm><Cadence>27</Cadence><Extensions><ext:TPX><ext:Watts>37.9375</ext:Watts><ext:Torque>20</ext:Torque></ext:TPX></Extensions></Trackpoint><Trackpoint><Time>2025-08-28T12:53:03.820Z</Time><DistanceMeters>2934.8923451864243</DistanceMeters><HeartRateBpm><Value>137</Value></HeartRateBpm><Cadence>26</Cadence><Extensions><ext:TPX><ext:Watts>37.27272727272727</ext:Watts><ext:Torque>20</ext:Torque></ext:TPX></Extensions></Trackpoint><Trackpoint><Time>2025-08-28T12:53:04.940Z</Time><DistanceMeters>2937.7593176634887</DistanceMeters><HeartRateBpm><Value>137</Value></HeartRateBpm><Cadence>27</Cadence><Extensions><ext:TPX><ext:Watts>37.96875</ext:Watts><ext:Torque>20</ext:Torque></ext:TPX></Extensions></Trackpoint><Trackpoint><Time>2025-08-28T12:53:06.095Z</Time><DistanceMeters>2940.66297194329</DistanceMeters><HeartRateBpm><Value>137</Value></HeartRateBpm><Cadence>26</Cadence><Extensions><ext:TPX><ext:Watts>37.03030303030303</ext:Watts><ext:Torque>20</ext:Torque></ext:TPX></Extensions></Trackpoint><Trackpoint><Time>2025-08-28T12:53:07.250Z</Time><DistanceMeters>2943.571378521421</DistanceMeters><HeartRateBpm><Value>137</Value></HeartRateBpm><Cadence>26</Cadence><Extensions><ext:TPX><ext:Watts>37.09090909090909</ext:Watts><ext:Torque>20</ext:Torque></ext:TPX></Extensions></Trackpoint><Trackpoint><Time>2025-08-28T12:53:08.405Z</Time><DistanceMeters>2946.3633537904607</DistanceMeters><HeartRateBpm><Value>137</Value></HeartRateBpm><Cadence>26</Cadence><Extensions><ext:TPX><ext:Watts>35.60606060606061</ext:Watts><ext:Torque>20</ext:Torque></ext:TPX></Extensions></Trackpoint><Trackpoint><Time>2025-08-28T12:53:09.560Z</Time><DistanceMeters>2949.2004758936378</DistanceMeters><HeartRateBpm><Value>138</Value></HeartRateBpm><Cadence>26</Cadence><Extensions><ext:TPX><ext:Watts>36.18181818181818</ext:Watts><ext:Torque>20</ext:Torque></ext:TPX></Extensions></Trackpoint><Trackpoint><Time>2025-08-28T12:53:10.715Z</Time><DistanceMeters>2952.061359488466</DistanceMeters><HeartRateBpm><Value>138</Value></HeartRateBpm><Cadence>26</Cadence><Extensions><ext:TPX><ext:Watts>36.484848484848484</ext:Watts><ext:Torque>20</ext:Torque></ext:TPX></Extensions></Trackpoint><Trackpoint><Time>2025-08-28T12:53:11.835Z</Time><DistanceMeters>2954.8599021697814</DistanceMeters><HeartRateBpm><Value>138</Value></HeartRateBpm><Cadence>27</Cadence><Extensions><ext:TPX><ext:Watts>37.0625</ext:Watts><ext:Torque>20</ext:Torque></ext:TPX></Extensions></Trackpoint><Trackpoint><Time>2025-08-28T12:53:12.990Z</Time><DistanceMeters>2957.7540518529217</DistanceMeters><HeartRateBpm><Value>138</Value></HeartRateBpm><Cadence>26</Cadence><Extensions><ext:TPX><ext:Watts>36.90909090909091</ext:Watts><ext:Torque>20</ext:Torque></ext:TPX></Extensions></Trackpoint><Trackpoint><Time>2025-08-28T12:53:14.145Z</Time><DistanceMeters>2960.4985041386585</DistanceMeters><HeartRateBpm><Value>138</Value></HeartRateBpm><Cadence>26</Cadence><Extensions><ext:TPX><ext:Watts>35.0</ext:Watts><ext:Torque>20</ext:Torque></ext:TPX></Extensions></Trackpoint><Trackpoint><Time>2025-08-28T12:53:15.300Z</Time><DistanceMeters>2963.2976078551933</DistanceMeters><HeartRateBpm><Value>138</Value></HeartRateBpm><Cadence>26</Cadence><Extensions><ext:TPX><ext:Watts>35.696969696969695</ext:Watts><ext:Torque>20</ext:Torque></ext:TPX></Extensions></Trackpoint><Trackpoint><Time>2025-08-28T12:53:16.455Z</Time><DistanceMeters>2966.1537391516918</DistanceMeters><HeartRateBpm><Value>138</Value></HeartRateBpm><Cadence>26</Cadence><Extensions><ext:TPX><ext:Watts>36.42424242424242</ext:Watts><ext:Torque>20</ext:Torque></ext:TPX></Extensions></Trackpoint><Trackpoint><Time>2025-08-28T12:53:17.610Z</Time><DistanceMeters>2969.078778773979</DistanceMeters><HeartRateBpm><Value>138</Value></HeartRateBpm><Cadence>26</Cadence><Extensions><ext:TPX><ext:Watts>37.303030303030305</ext:Watts><ext:Torque>20</ext:Torque></ext:TPX></Extensions></Trackpoint><Trackpoint><Time>2025-08-28T12:53:18.730Z</Time><DistanceMeters>2971.8961986403287</DistanceMeters><HeartRateBpm><Value>138</Value></HeartRateBpm><Cadence>27</Cadence><Extensions><ext:TPX><ext:Watts>37.3125</ext:Watts><ext:Torque>20</ext:Torque></ext:TPX></Extensions></Trackpoint><Trackpoint><Time>2025-08-28T12:53:19.885Z</Time><DistanceMeters>2974.6953023568635</DistanceMeters><HeartRateBpm><Value>138</Value></HeartRateBpm><Cadence>26</Cadence><Extensions><ext:TPX><ext:Watts>35.696969696969695</ext:Watts><ext:Torque>20</ext:Torque></ext:TPX></Extensions></Trackpoint><Trackpoint><Time>2025-08-28T12:53:21.040Z</Time><DistanceMeters>2977.5466813550315</DistanceMeters><HeartRateBpm><Value>138</Value></HeartRateBpm><Cadence>26</Cadence><Extensions><ext:TPX><ext:Watts>36.36363636363637</ext:Watts><ext:Torque>20</ext:Torque></ext:TPX></Extensions></Trackpoint><Trackpoint><Time>2025-08-28T12:53:22.195Z</Time><DistanceMeters>2980.3505373698968</DistanceMeters><HeartRateBpm><Value>138</Value></HeartRateBpm><Cadence>26</Cadence><Extensions><ext:TPX><ext:Watts>35.75757575757576</ext:Watts><ext:Torque>20</ext:Torque></ext:TPX></Extensions></Trackpoint><Trackpoint><Time>2025-08-28T12:53:23.350Z</Time><DistanceMeters>2983.1021181031288</DistanceMeters><HeartRateBpm><Value>138</Value></HeartRateBpm><Cadence>26</Cadence><Extensions><ext:TPX><ext:Watts>35.09090909090909</ext:Watts><ext:Torque>20</ext:Torque></ext:TPX></Extensions></Trackpoint><Trackpoint><Time>2025-08-28T12:53:24.505Z</Time><DistanceMeters>2985.870331880517</DistanceMeters><HeartRateBpm><Value>138</Value></HeartRateBpm><Cadence>26</Cadence><Extensions><ext:TPX><ext:Watts>35.303030303030305</ext:Watts><ext:Torque>20</ext:Torque></ext:TPX></Extensions></Trackpoint><Trackpoint><Time>2025-08-28T12:53:25.625Z</Time><DistanceMeters>2988.7585411907444</DistanceMeters><HeartRateBpm><Value>138</Value></HeartRateBpm><Cadence>27</Cadence><Extensions><ext:TPX><ext:Watts>38.25</ext:Watts><ext:Torque>20</ext:Torque></ext:TPX></Extensions></Trackpoint><Trackpoint><Time>2025-08-28T12:53:26.781Z</Time><DistanceMeters>2991.4934888798207</DistanceMeters><HeartRateBpm><Value>138</Value></HeartRateBpm><Cadence>26</Cadence><Extensions><ext:TPX><ext:Watts>34.878787878787875</ext:Watts><ext:Torque>20</ext:Torque></ext:TPX></Extensions></Trackpoint><Trackpoint><Time>2025-08-28T12:53:27.935Z</Time><DistanceMeters>2994.1880420330895</DistanceMeters><HeartRateBpm><Value>138</Value></HeartRateBpm><Cadence>26</Cadence><Extensions><ext:TPX><ext:Watts>34.36363636363637</ext:Watts><ext:Torque>20</ext:Torque></ext:TPX></Extensions></Trackpoint><Trackpoint><Time>2025-08-28T12:53:29.090Z</Time><DistanceMeters>2996.949127362982</DistanceMeters><HeartRateBpm><Value>138</Value></HeartRateBpm><Cadence>26</Cadence><Extensions><ext:TPX><ext:Watts>35.21212121212121</ext:Watts><ext:Torque>20</ext:Torque></ext:TPX></Extensions></Trackpoint><Trackpoint><Time>2025-08-28T12:53:30.210Z</Time><DistanceMeters>2999.7240735630044</DistanceMeters><HeartRateBpm><Value>138</Value></HeartRateBpm><Cadence>27</Cadence><Extensions><ext:TPX><ext:Watts>36.75</ext:Watts><ext:Torque>20</ext:Torque></ext:TPX></Extensions></Trackpoint><Trackpoint><Time>2025-08-28T12:53:31.400Z</Time><DistanceMeters>3002.5375292204967</DistanceMeters><HeartRateBpm><Value>138</Value></HeartRateBpm><Cadence>25</Cadence><Extensions><ext:TPX><ext:Watts>34.5</ext:Watts><ext:Torque>20</ext:Torque></ext:TPX></Extensions></Trackpoint><Trackpoint><Time>2025-08-28T12:53:32.520Z</Time><DistanceMeters>3005.1496596996</DistanceMeters><HeartRateBpm><Value>138</Value></HeartRateBpm><Cadence>27</Cadence><Extensions><ext:TPX><ext:Watts>34.59375</ext:Watts><ext:Torque>20</ext:Torque></ext:TPX></Extensions></Trackpoint><Trackpoint><Time>2025-08-28T12:53:33.080Z</Time><DistanceMeters>3005.4616625195335</DistanceMeters><HeartRateBpm><Value>138</Value></HeartRateBpm><Cadence>54</Cadence><Extensions><ext:TPX><ext:Watts>8.1875</ext:Watts><ext:Torque>37</ext:Torque></ext:TPX></Extensions></Trackpoint><Trackpoint><Time>2025-08-28T12:53:35.600Z</Time><DistanceMeters>3008.097072553582</DistanceMeters><HeartRateBpm><Value>139</Value></HeartRateBpm><Cadence>28</Cadence><Extensions><ext:TPX><ext:Watts>35.54838709677419</ext:Watts><ext:Torque>20</ext:Torque></ext:TPX></Extensions></Trackpoint><Trackpoint><Time>2025-08-28T12:53:36.685Z</Time><DistanceMeters>3011.344701252528</DistanceMeters><HeartRateBpm><Value>139</Value></HeartRateBpm><Cadence>28</Cadence><Extensions><ext:TPX><ext:Watts>43.806451612903224</ext:Watts><ext:Torque>20</ext:Torque></ext:TPX></Extensions></Trackpoint><Trackpoint><Time>2025-08-28T12:53:37.770Z</Time><DistanceMeters>3014.6903805970237</DistanceMeters><HeartRateBpm><Value>139</Value></HeartRateBpm><Cadence>28</Cadence><Extensions><ext:TPX><ext:Watts>45.12903225806452</ext:Watts><ext:Torque>20</ext:Torque></ext:TPX></Extensions></Trackpoint><Trackpoint><Time>2025-08-28T12:53:38.855Z</Time><DistanceMeters>3017.8686564003365</DistanceMeters><HeartRateBpm><Value>139</Value></HeartRateBpm><Cadence>28</Cadence><Extensions><ext:TPX><ext:Watts>42.87096774193548</ext:Watts><ext:Torque>20</ext:Torque></ext:TPX></Extensions></Trackpoint><Trackpoint><Time>2025-08-28T12:53:39.940Z</Time><DistanceMeters>3021.020625932892</DistanceMeters><HeartRateBpm><Value>140</Value></HeartRateBpm><Cadence>28</Cadence><Extensions><ext:TPX><ext:Watts>42.516129032258064</ext:Watts><ext:Torque>20</ext:Torque></ext:TPX></Extensions></Trackpoint><Trackpoint><Time>2025-08-28T12:53:40.991Z</Time><DistanceMeters>3024.2611431280206</DistanceMeters><HeartRateBpm><Value>140</Value></HeartRateBpm><Cadence>28</Cadence><Extensions><ext:TPX><ext:Watts>45.3</ext:Watts><ext:Torque>20</ext:Torque></ext:TPX></Extensions></Trackpoint><Trackpoint><Time>2025-08-28T12:53:42.076Z</Time><DistanceMeters>3027.4800740770493</DistanceMeters><HeartRateBpm><Value>139</Value></HeartRateBpm><Cadence>28</Cadence><Extensions><ext:TPX><ext:Watts>43.41935483870968</ext:Watts><ext:Torque>20</ext:Torque></ext:TPX></Extensions></Trackpoint><Trackpoint><Time>2025-08-28T12:53:43.161Z</Time><DistanceMeters>3030.749226088433</DistanceMeters><HeartRateBpm><Value>139</Value></HeartRateBpm><Cadence>28</Cadence><Extensions><ext:TPX><ext:Watts>44.096774193548384</ext:Watts><ext:Torque>20</ext:Torque></ext:TPX></Extensions></Trackpoint><Trackpoint><Time>2025-08-28T12:53:44.245Z</Time><DistanceMeters>3034.0375099330945</DistanceMeters><HeartRateBpm><Value>139</Value></HeartRateBpm><Cadence>28</Cadence><Extensions><ext:TPX><ext:Watts>44.354838709677416</ext:Watts><ext:Torque>20</ext:Torque></ext:TPX></Extensions></Trackpoint><Trackpoint><Time>2025-08-28T12:53:45.366Z</Time><DistanceMeters>3037.1357279268273</DistanceMeters><HeartRateBpm><Value>139</Value></HeartRateBpm><Cadence>27</Cadence><Extensions><ext:TPX><ext:Watts>41.03125</ext:Watts><ext:Torque>20</ext:Torque></ext:TPX></Extensions></Trackpoint><Trackpoint><Time>2025-08-28T12:53:46.451Z</Time><DistanceMeters>3040.3379185217377</DistanceMeters><HeartRateBpm><Value>138</Value></HeartRateBpm><Cadence>28</Cadence><Extensions><ext:TPX><ext:Watts>43.193548387096776</ext:Watts><ext:Torque>20</ext:Torque></ext:TPX></Extensions></Trackpoint><Trackpoint><Time>2025-08-28T12:53:47.606Z</Time><DistanceMeters>3043.567105237163</DistanceMeters><HeartRateBpm><Value>138</Value></HeartRateBpm><Cadence>26</Cadence><Extensions><ext:TPX><ext:Watts>41.18181818181818</ext:Watts><ext:Torque>20</ext:Torque></ext:TPX></Extensions></Trackpoint><Trackpoint><Time>2025-08-28T12:53:48.726Z</Time><DistanceMeters>3046.7502705635497</DistanceMeters><HeartRateBpm><Value>138</Value></HeartRateBpm><Cadence>27</Cadence><Extensions><ext:TPX><ext:Watts>42.15625</ext:Watts><ext:Torque>20</ext:Torque></ext:TPX></Extensions></Trackpoint><Trackpoint><Time>2025-08-28T12:53:49.846Z</Time><DistanceMeters>3049.8555675016705</DistanceMeters><HeartRateBpm><Value>138</Value></HeartRateBpm><Cadence>27</Cadence><Extensions><ext:TPX><ext:Watts>41.125</ext:Watts><ext:Torque>20</ext:Torque></ext:TPX></Extensions></Trackpoint><Trackpoint><Time>2025-08-28T12:53:51.004Z</Time><DistanceMeters>3053.0823780679307</DistanceMeters><HeartRateBpm><Value>137</Value></HeartRateBpm><Cadence>26</Cadence><Extensions><ext:TPX><ext:Watts>41.15151515151515</ext:Watts><ext:Torque>20</ext:Torque></ext:TPX></Extensions></Trackpoint><Trackpoint><Time>2025-08-28T12:53:52.156Z</Time><DistanceMeters>3056.2878032917047</DistanceMeters><HeartRateBpm><Value>137</Value></HeartRateBpm><Cadence>26</Cadence><Extensions><ext:TPX><ext:Watts>40.878787878787875</ext:Watts><ext:Torque>20</ext:Torque></ext:TPX></Extensions></Trackpoint><Trackpoint><Time>2025-08-28T12:53:53.346Z</Time><DistanceMeters>3059.4322537324315</DistanceMeters><HeartRateBpm><Value>137</Value></HeartRateBpm><Cadence>25</Cadence><Extensions><ext:TPX><ext:Watts>38.55882352941177</ext:Watts><ext:Torque>20</ext:Torque></ext:TPX></Extensions></Trackpoint><Trackpoint><Time>2025-08-28T12:53:54.466Z</Time><DistanceMeters>3062.5328313742934</DistanceMeters><HeartRateBpm><Value>137</Value></HeartRateBpm><Cadence>27</Cadence><Extensions><ext:TPX><ext:Watts>41.0625</ext:Watts><ext:Torque>20</ext:Torque></ext:TPX></Extensions></Trackpoint><Trackpoint><Time>2025-08-28T12:53:55.621Z</Time><DistanceMeters>3065.7382565980674</DistanceMeters><HeartRateBpm><Value>137</Value></HeartRateBpm><Cadence>26</Cadence><Extensions><ext:TPX><ext:Watts>40.878787878787875</ext:Watts><ext:Torque>20</ext:Torque></ext:TPX></Extensions></Trackpoint><Trackpoint><Time>2025-08-28T12:53:56.811Z</Time><DistanceMeters>3068.88990257756</DistanceMeters><HeartRateBpm><Value>137</Value></HeartRateBpm><Cadence>25</Cadence><Extensions><ext:TPX><ext:Watts>38.64705882352941</ext:Watts><ext:Torque>20</ext:Torque></ext:TPX></Extensions></Trackpoint><Trackpoint><Time>2025-08-28T12:53:57.931Z</Time><DistanceMeters>3071.9786819787755</DistanceMeters><HeartRateBpm><Value>138</Value></HeartRateBpm><Cadence>27</Cadence><Extensions><ext:TPX><ext:Watts>40.90625</ext:Watts><ext:Torque>20</ext:Torque></ext:TPX></Extensions></Trackpoint><Trackpoint><Time>2025-08-28T12:53:59.086Z</Time><DistanceMeters>3075.11044657843</DistanceMeters><HeartRateBpm><Value>138</Value></HeartRateBpm><Cadence>26</Cadence><Extensions><ext:TPX><ext:Watts>39.93939393939394</ext:Watts><ext:Torque>20</ext:Torque></ext:TPX></Extensions></Trackpoint><Trackpoint><Time>2025-08-28T12:54:00.241Z</Time><DistanceMeters>3078.3039910563784</DistanceMeters><HeartRateBpm><Value>138</Value></HeartRateBpm><Cadence>26</Cadence><Extensions><ext:TPX><ext:Watts>40.72727272727273</ext:Watts><ext:Torque>20</ext:Torque></ext:TPX></Extensions></Trackpoint><Trackpoint><Time>2025-08-28T12:54:01.396Z</Time><DistanceMeters>3081.540306219299</DistanceMeters><HeartRateBpm><Value>138</Value></HeartRateBpm><Cadence>26</Cadence><Extensions><ext:TPX><ext:Watts>41.27272727272727</ext:Watts><ext:Torque>20</ext:Torque></ext:TPX></Extensions></Trackpoint><Trackpoint><Time>2025-08-28T12:54:02.586Z</Time><DistanceMeters>3084.7519150218413</DistanceMeters><HeartRateBpm><Value>138</Value></HeartRateBpm><Cadence>25</Cadence><Extensions><ext:TPX><ext:Watts>39.38235294117647</ext:Watts><ext:Torque>20</ext:Torque></ext:TPX></Extensions></Trackpoint><Trackpoint><Time>2025-08-28T12:54:03.741Z</Time><DistanceMeters>3088.0262485714043</DistanceMeters><HeartRateBpm><Value>138</Value></HeartRateBpm><Cadence>26</Cadence><Extensions><ext:TPX><ext:Watts>41.75757575757576</ext:Watts><ext:Torque>20</ext:Torque></ext:TPX></Extensions></Trackpoint><Trackpoint><Time>2025-08-28T12:54:04.896Z</Time><DistanceMeters>3091.2245453476826</DistanceMeters><HeartRateBpm><Value>138</Value></HeartRateBpm><Cadence>26</Cadence><Extensions><ext:TPX><ext:Watts>40.78787878787879</ext:Watts><ext:Torque>20</ext:Torque></ext:TPX></Extensions></Trackpoint><Trackpoint><Time>2025-08-28T12:54:06.051Z</Time><DistanceMeters>3094.510759643071</DistanceMeters><HeartRateBpm><Value>138</Value></HeartRateBpm><Cadence>26</Cadence><Extensions><ext:TPX><ext:Watts>41.90909090909091</ext:Watts><ext:Torque>20</ext:Torque></ext:TPX></Extensions></Trackpoint><Trackpoint><Time>2025-08-28T12:54:07.171Z</Time><DistanceMeters>3097.7977494871457</DistanceMeters><HeartRateBpm><Value>138</Value></HeartRateBpm><Cadence>27</Cadence><Extensions><ext:TPX><ext:Watts>43.53125</ext:Watts><ext:Torque>20</ext:Torque></ext:TPX></Extensions></Trackpoint><Trackpoint><Time>2025-08-28T12:54:08.326Z</Time><DistanceMeters>3101.1219821691766</DistanceMeters><HeartRateBpm><Value>138</Value></HeartRateBpm><Cadence>26</Cadence><Extensions><ext:TPX><ext:Watts>42.39393939393939</ext:Watts><ext:Torque>20</ext:Torque></ext:TPX></Extensions></Trackpoint><Trackpoint><Time>2025-08-28T12:54:09.446Z</Time><DistanceMeters>3104.3523404581483</DistanceMeters><HeartRateBpm><Value>138</Value></HeartRateBpm><Cadence>27</Cadence><Extensions><ext:TPX><ext:Watts>42.78125</ext:Watts><ext:Torque>20</ext:Torque></ext:TPX></Extensions></Trackpoint><Trackpoint><Time>2025-08-28T12:54:10.601Z</Time><DistanceMeters>3107.6623162451883</DistanceMeters><HeartRateBpm><Value>138</Value></HeartRateBpm><Cadence>26</Cadence><Extensions><ext:TPX><ext:Watts>42.21212121212121</ext:Watts><ext:Torque>20</ext:Torque></ext:TPX></Extensions></Trackpoint><Trackpoint><Time>2025-08-28T12:54:11.721Z</Time><DistanceMeters>3110.9139113673236</DistanceMeters><HeartRateBpm><Value>138</Value></HeartRateBpm><Cadence>27</Cadence><Extensions><ext:TPX><ext:Watts>43.0625</ext:Watts><ext:Torque>20</ext:Torque></ext:TPX></Extensions></Trackpoint><Trackpoint><Time>2025-08-28T12:54:12.876Z</Time><DistanceMeters>3114.283290883492</DistanceMeters><HeartRateBpm><Value>138</Value></HeartRateBpm><Cadence>26</Cadence><Extensions><ext:TPX><ext:Watts>42.96969696969697</ext:Watts><ext:Torque>20</ext:Torque></ext:TPX></Extensions></Trackpoint><Trackpoint><Time>2025-08-28T12:54:14.031Z</Time><DistanceMeters>3117.6194043113487</DistanceMeters><HeartRateBpm><Value>138</Value></HeartRateBpm><Cadence>26</Cadence><Extensions><ext:TPX><ext:Watts>42.54545454545455</ext:Watts><ext:Torque>20</ext:Torque></ext:TPX></Extensions></Trackpoint><Trackpoint><Time>2025-08-28T12:54:15.151Z</Time><DistanceMeters>3120.9960607843354</DistanceMeters><HeartRateBpm><Value>138</Value></HeartRateBpm><Cadence>27</Cadence><Extensions><ext:TPX><ext:Watts>44.71875</ext:Watts><ext:Torque>20</ext:Torque></ext:TPX></Extensions></Trackpoint><Trackpoint><Time>2025-08-28T12:54:16.271Z</Time><DistanceMeters>3124.3066471097027</DistanceMeters><HeartRateBpm><Value>138</Value></HeartRateBpm><Cadence>27</Cadence><Extensions><ext:TPX><ext:Watts>43.84375</ext:Watts><ext:Torque>20</ext:Torque></ext:TPX></Extensions></Trackpoint><Trackpoint><Time>2025-08-28T12:54:17.391Z</Time><DistanceMeters>3127.5959966019063</DistanceMeters><HeartRateBpm><Value>138</Value></HeartRateBpm><Cadence>27</Cadence><Extensions><ext:TPX><ext:Watts>43.5625</ext:Watts><ext:Torque>20</ext:Torque></ext:TPX></Extensions></Trackpoint><Trackpoint><Time>2025-08-28T12:54:18.548Z</Time><DistanceMeters>3131.0128991013776</DistanceMeters><HeartRateBpm><Value>139</Value></HeartRateBpm><Cadence>26</Cadence><Extensions><ext:TPX><ext:Watts>43.57575757575758</ext:Watts><ext:Torque>20</ext:Torque></ext:TPX></Extensions></Trackpoint><Trackpoint><Time>2025-08-28T12:54:19.666Z</Time><DistanceMeters>3134.3824766299763</DistanceMeters><HeartRateBpm><Value>139</Value></HeartRateBpm><Cadence>27</Cadence><Extensions><ext:TPX><ext:Watts>44.625</ext:Watts><ext:Torque>20</ext:Torque></ext:TPX></Extensions></Trackpoint><Trackpoint><Time>2025-08-28T12:54:20.856Z</Time><DistanceMeters>3137.8003575438097</DistanceMeters><HeartRateBpm><Value>139</Value></HeartRateBpm><Cadence>25</Cadence><Extensions><ext:TPX><ext:Watts>41.911764705882355</ext:Watts><ext:Torque>20</ext:Torque></ext:TPX></Extensions></Trackpoint><Trackpoint><Time>2025-08-28T12:54:22.011Z</Time><DistanceMeters>3141.11508562918</DistanceMeters><HeartRateBpm><Value>139</Value></HeartRateBpm><Cadence>26</Cadence><Extensions><ext:TPX><ext:Watts>42.27272727272727</ext:Watts><ext:Torque>20</ext:Torque></ext:TPX></Extensions></Trackpoint><Trackpoint><Time>2025-08-28T12:54:23.131Z</Time><DistanceMeters>3144.4280316026766</DistanceMeters><HeartRateBpm><Value>139</Value></HeartRateBpm><Cadence>27</Cadence><Extensions><ext:TPX><ext:Watts>43.875</ext:Watts><ext:Torque>20</ext:Torque></ext:TPX></Extensions></Trackpoint><Trackpoint><Time>2025-08-28T12:54:24.326Z</Time><DistanceMeters>3147.8746946715737</DistanceMeters><HeartRateBpm><Value>139</Value></HeartRateBpm><Cadence>25</Cadence><Extensions><ext:TPX><ext:Watts>42.26470588235294</ext:Watts><ext:Torque>20</ext:Torque></ext:TPX></Extensions></Trackpoint><Trackpoint><Time>2025-08-28T12:54:25.521Z</Time><DistanceMeters>3151.261394917421</DistanceMeters><HeartRateBpm><Value>139</Value></HeartRateBpm><Cadence>25</Cadence><Extensions><ext:TPX><ext:Watts>41.529411764705884</ext:Watts><ext:Torque>20</ext:Torque></ext:TPX></Extensions></Trackpoint><Trackpoint><Time>2025-08-28T12:54:26.676Z</Time><DistanceMeters>3154.6283982844243</DistanceMeters><HeartRateBpm><Value>139</Value></HeartRateBpm><Cadence>26</Cadence><Extensions><ext:TPX><ext:Watts>42.93939393939394</ext:Watts><ext:Torque>20</ext:Torque></ext:TPX></Extensions></Trackpoint><Trackpoint><Time>2025-08-28T12:54:27.866Z</Time><DistanceMeters>3157.8711877549526</DistanceMeters><HeartRateBpm><Value>139</Value></HeartRateBpm><Cadence>25</Cadence><Extensions><ext:TPX><ext:Watts>39.76470588235294</ext:Watts><ext:Torque>20</ext:Torque></ext:TPX></Extensions></Trackpoint><Trackpoint><Time>2025-08-28T12:54:28.986Z</Time><DistanceMeters>3161.0331162481757</DistanceMeters><HeartRateBpm><Value>139</Value></HeartRateBpm><Cadence>27</Cadence><Extensions><ext:TPX><ext:Watts>41.875</ext:Watts><ext:Torque>20</ext:Torque></ext:TPX></Extensions></Trackpoint><Trackpoint><Time>2025-08-28T12:54:30.142Z</Time><DistanceMeters>3164.324082841895</DistanceMeters><HeartRateBpm><Value>139</Value></HeartRateBpm><Cadence>26</Cadence><Extensions><ext:TPX><ext:Watts>41.96969696969697</ext:Watts><ext:Torque>20</ext:Torque></ext:TPX></Extensions></Trackpoint><Trackpoint><Time>2025-08-28T12:54:31.297Z</Time><DistanceMeters>3167.686333910568</DistanceMeters><HeartRateBpm><Value>139</Value></HeartRateBpm><Cadence>26</Cadence><Extensions><ext:TPX><ext:Watts>42.878787878787875</ext:Watts><ext:Torque>20</ext:Torque></ext:TPX></Extensions></Trackpoint><Trackpoint><Time>2025-08-28T12:54:32.451Z</Time><DistanceMeters>3171.02482348759</DistanceMeters><HeartRateBpm><Value>139</Value></HeartRateBpm><Cadence>26</Cadence><Extensions><ext:TPX><ext:Watts>42.57575757575758</ext:Watts><ext:Torque>20</ext:Torque></ext:TPX></Extensions></Trackpoint><Trackpoint><Time>2025-08-28T12:54:33.571Z</Time><DistanceMeters>3174.307094035406</DistanceMeters><HeartRateBpm><Value>139</Value></HeartRateBpm><Cadence>27</Cadence><Extensions><ext:TPX><ext:Watts>43.46875</ext:Watts><ext:Torque>20</ext:Torque></ext:TPX></Extensions></Trackpoint><Trackpoint><Time>2025-08-28T12:54:34.692Z</Time><DistanceMeters>3177.6223996570316</DistanceMeters><HeartRateBpm><Value>139</Value></HeartRateBpm><Cadence>27</Cadence><Extensions><ext:TPX><ext:Watts>43.90625</ext:Watts><ext:Torque>20</ext:Torque></ext:TPX></Extensions></Trackpoint><Trackpoint><Time>2025-08-28T12:54:35.847Z</Time><DistanceMeters>3181.0369260073376</DistanceMeters><HeartRateBpm><Value>139</Value></HeartRateBpm><Cadence>26</Cadence><Extensions><ext:TPX><ext:Watts>43.54545454545455</ext:Watts><ext:Torque>20</ext:Torque></ext:TPX></Extensions></Trackpoint><Trackpoint><Time>2025-08-28T12:54:36.967Z</Time><DistanceMeters>3184.3097579626365</DistanceMeters><HeartRateBpm><Value>139</Value></HeartRateBpm><Cadence>27</Cadence><Extensions><ext:TPX><ext:Watts>43.34375</ext:Watts><ext:Torque>20</ext:Torque></ext:TPX></Extensions></Trackpoint><Trackpoint><Time>2025-08-28T12:54:38.087Z</Time><DistanceMeters>3187.6675372505892</DistanceMeters><HeartRateBpm><Value>139</Value></HeartRateBpm><Cadence>27</Cadence><Extensions><ext:TPX><ext:Watts>44.46875</ext:Watts><ext:Torque>20</ext:Torque></ext:TPX></Extensions></Trackpoint><Trackpoint><Time>2025-08-28T12:54:39.247Z</Time><DistanceMeters>3191.0701828550696</DistanceMeters><HeartRateBpm><Value>139</Value></HeartRateBpm><Cadence>26</Cadence><Extensions><ext:TPX><ext:Watts>43.39393939393939</ext:Watts><ext:Torque>20</ext:Torque></ext:TPX></Extensions></Trackpoint><Trackpoint><Time>2025-08-28T12:54:40.367Z</Time><DistanceMeters>3194.2580674777146</DistanceMeters><HeartRateBpm><Value>139</Value></HeartRateBpm><Cadence>27</Cadence><Extensions><ext:TPX><ext:Watts>42.21875</ext:Watts><ext:Torque>20</ext:Torque></ext:TPX></Extensions></Trackpoint><Trackpoint><Time>2025-08-28T12:54:41.522Z</Time><DistanceMeters>3197.4611165523233</DistanceMeters><HeartRateBpm><Value>139</Value></HeartRateBpm><Cadence>26</Cadence><Extensions><ext:TPX><ext:Watts>40.84848484848485</ext:Watts><ext:Torque>20</ext:Torque></ext:TPX></Extensions></Trackpoint><Trackpoint><Time>2025-08-28T12:54:42.677Z</Time><DistanceMeters>3200.5548627653357</DistanceMeters><HeartRateBpm><Value>140</Value></HeartRateBpm><Cadence>26</Cadence><Extensions><ext:TPX><ext:Watts>39.45454545454545</ext:Watts><ext:Torque>20</ext:Torque></ext:TPX></Extensions></Trackpoint><Trackpoint><Time>2025-08-28T12:54:43.797Z</Time><DistanceMeters>3203.754545628627</DistanceMeters><HeartRateBpm><Value>140</Value></HeartRateBpm><Cadence>27</Cadence><Extensions><ext:TPX><ext:Watts>42.375</ext:Watts><ext:Torque>20</ext:Torque></ext:TPX></Extensions></Trackpoint><Trackpoint><Time>2025-08-28T12:54:44.952Z</Time><DistanceMeters>3206.9670992998963</DistanceMeters><HeartRateBpm><Value>140</Value></HeartRateBpm><Cadence>26</Cadence><Extensions><ext:TPX><ext:Watts>40.96969696969697</ext:Watts><ext:Torque>20</ext:Torque></ext:TPX></Extensions></Trackpoint><Trackpoint><Time>2025-08-28T12:54:46.107Z</Time><DistanceMeters>3210.307965026083</DistanceMeters><HeartRateBpm><Value>140</Value></HeartRateBpm><Cadence>26</Cadence><Extensions><ext:TPX><ext:Watts>42.60606060606061</ext:Watts><ext:Torque>20</ext:Torque></ext:TPX></Extensions></Trackpoint><Trackpoint><Time>2025-08-28T12:54:47.262Z</Time><DistanceMeters>3213.636950006444</DistanceMeters><HeartRateBpm><Value>141</Value></HeartRateBpm><Cadence>26</Cadence><Extensions><ext:TPX><ext:Watts>42.45454545454545</ext:Watts><ext:Torque>20</ext:Torque></ext:TPX></Extensions></Trackpoint><Trackpoint><Time>2025-08-28T12:54:48.417Z</Time><DistanceMeters>3216.9017789593463</DistanceMeters><HeartRateBpm><Value>141</Value></HeartRateBpm><Cadence>26</Cadence><Extensions><ext:TPX><ext:Watts>41.63636363636363</ext:Watts><ext:Torque>20</ext:Torque></ext:TPX></Extensions></Trackpoint><Trackpoint><Time>2025-08-28T12:54:49.572Z</Time><DistanceMeters>3220.152351017258</DistanceMeters><HeartRateBpm><Value>142</Value></HeartRateBpm><Cadence>26</Cadence><Extensions><ext:TPX><ext:Watts>41.45454545454545</ext:Watts><ext:Torque>20</ext:Torque></ext:TPX></Extensions></Trackpoint><Trackpoint><Time>2025-08-28T12:54:50.727Z</Time><DistanceMeters>3223.4575745059674</DistanceMeters><HeartRateBpm><Value>142</Value></HeartRateBpm><Cadence>26</Cadence><Extensions><ext:TPX><ext:Watts>42.15151515151515</ext:Watts><ext:Torque>20</ext:Torque></ext:TPX></Extensions></Trackpoint><Trackpoint><Time>2025-08-28T12:54:51.882Z</Time><DistanceMeters>3226.743788801356</DistanceMeters><HeartRateBpm><Value>142</Value></HeartRateBpm><Cadence>26</Cadence><Extensions><ext:TPX><ext:Watts>41.90909090909091</ext:Watts><ext:Torque>20</ext:Torque></ext:TPX></Extensions></Trackpoint><Trackpoint><Time>2025-08-28T12:54:53.037Z</Time><DistanceMeters>3229.9801039642766</DistanceMeters><HeartRateBpm><Value>142</Value></HeartRateBpm><Cadence>26</Cadence><Extensions><ext:TPX><ext:Watts>41.27272727272727</ext:Watts><ext:Torque>20</ext:Torque></ext:TPX></Extensions></Trackpoint><Trackpoint><Time>2025-08-28T12:54:54.192Z</Time><DistanceMeters>3233.2378044696834</DistanceMeters><HeartRateBpm><Value>143</Value></HeartRateBpm><Cadence>26</Cadence><Extensions><ext:TPX><ext:Watts>41.54545454545455</ext:Watts><ext:Torque>20</ext:Torque></ext:TPX></Extensions></Trackpoint><Trackpoint><Time>2025-08-28T12:54:55.312Z</Time><DistanceMeters>3236.5153557212407</DistanceMeters><HeartRateBpm><Value>143</Value></HeartRateBpm><Cadence>27</Cadence><Extensions><ext:TPX><ext:Watts>43.40625</ext:Watts><ext:Torque>20</ext:Torque></ext:TPX></Extensions></Trackpoint><Trackpoint><Time>2025-08-28T12:54:56.467Z</Time><DistanceMeters>3239.8585975965925</DistanceMeters><HeartRateBpm><Value>143</Value></HeartRateBpm><Cadence>26</Cadence><Extensions><ext:TPX><ext:Watts>42.63636363636363</ext:Watts><ext:Torque>20</ext:Torque></ext:TPX></Extensions></Trackpoint><Trackpoint><Time>2025-08-28T12:54:57.587Z</Time><DistanceMeters>3243.051201515496</DistanceMeters><HeartRateBpm><Value>143</Value></HeartRateBpm><Cadence>27</Cadence><Extensions><ext:TPX><ext:Watts>42.28125</ext:Watts><ext:Torque>20</ext:Torque></ext:TPX></Extensions></Trackpoint><Trackpoint><Time>2025-08-28T12:54:58.707Z</Time><DistanceMeters>3246.378305377768</DistanceMeters><HeartRateBpm><Value>143</Value></HeartRateBpm><Cadence>27</Cadence><Extensions><ext:TPX><ext:Watts>44.0625</ext:Watts><ext:Torque>20</ext:Torque></ext:TPX></Extensions></Trackpoint><Trackpoint><Time>2025-08-28T12:54:59.827Z</Time><DistanceMeters>3249.688891703135</DistanceMeters><HeartRateBpm><Value>143</Value></HeartRateBpm><Cadence>27</Cadence><Extensions><ext:TPX><ext:Watts>43.84375</ext:Watts><ext:Torque>20</ext:Torque></ext:TPX></Extensions></Trackpoint><Trackpoint><Time>2025-08-28T12:55:00.947Z</Time><DistanceMeters>3252.964083306563</DistanceMeters><HeartRateBpm><Value>143</Value></HeartRateBpm><Cadence>27</Cadence><Extensions><ext:TPX><ext:Watts>43.375</ext:Watts><ext:Torque>20</ext:Torque></ext:TPX></Extensions></Trackpoint><Trackpoint><Time>2025-08-28T12:55:02.067Z</Time><DistanceMeters>3256.2416345581205</DistanceMeters><HeartRateBpm><Value>143</Value></HeartRateBpm><Cadence>27</Cadence><Extensions><ext:TPX><ext:Watts>43.40625</ext:Watts><ext:Torque>20</ext:Torque></ext:TPX></Extensions></Trackpoint><Trackpoint><Time>2025-08-28T12:55:03.222Z</Time><DistanceMeters>3259.5516103451605</DistanceMeters><HeartRateBpm><Value>143</Value></HeartRateBpm><Cadence>26</Cadence><Extensions><ext:TPX><ext:Watts>42.21212121212121</ext:Watts><ext:Torque>20</ext:Torque></ext:TPX></Extensions></Trackpoint><Trackpoint><Time>2025-08-28T12:55:04.342Z</Time><DistanceMeters>3262.781968634132</DistanceMeters><HeartRateBpm><Value>143</Value></HeartRateBpm><Cadence>27</Cadence><Extensions><ext:TPX><ext:Watts>42.78125</ext:Watts><ext:Torque>20</ext:Torque></ext:TPX></Extensions></Trackpoint><Trackpoint><Time>2025-08-28T12:55:05.428Z</Time><DistanceMeters>3266.115690582829</DistanceMeters><HeartRateBpm><Value>143</Value></HeartRateBpm><Cadence>28</Cadence><Extensions><ext:TPX><ext:Watts>44.96774193548387</ext:Watts><ext:Torque>20</ext:Torque></ext:TPX></Extensions></Trackpoint><Trackpoint><Time>2025-08-28T12:55:06.547Z</Time><DistanceMeters>3269.4215576119373</DistanceMeters><HeartRateBpm><Value>143</Value></HeartRateBpm><Cadence>27</Cadence><Extensions><ext:TPX><ext:Watts>43.78125</ext:Watts><ext:Torque>20</ext:Torque></ext:TPX></Extensions></Trackpoint><Trackpoint><Time>2025-08-28T12:55:07.632Z</Time><DistanceMeters>3272.7457136439953</DistanceMeters><HeartRateBpm><Value>142</Value></HeartRateBpm><Cadence>28</Cadence><Extensions><ext:TPX><ext:Watts>44.83870967741935</ext:Watts><ext:Torque>20</ext:Torque></ext:TPX></Extensions></Trackpoint><Trackpoint><Time>2025-08-28T12:55:08.717Z</Time><DistanceMeters>3276.1846606757213</DistanceMeters><HeartRateBpm><Value>142</Value></HeartRateBpm><Cadence>28</Cadence><Extensions><ext:TPX><ext:Watts>46.38709677419355</ext:Watts><ext:Torque>20</ext:Torque></ext:TPX></Extensions></Trackpoint><Trackpoint><Time>2025-08-28T12:55:09.837Z</Time><DistanceMeters>3279.4976066492177</DistanceMeters><HeartRateBpm><Value>142</Value></HeartRateBpm><Cadence>27</Cadence><Extensions><ext:TPX><ext:Watts>43.875</ext:Watts><ext:Torque>20</ext:Torque></ext:TPX></Extensions></Trackpoint><Trackpoint><Time>2025-08-28T12:55:10.922Z</Time><DistanceMeters>3282.9006814935474</DistanceMeters><HeartRateBpm><Value>142</Value></HeartRateBpm><Cadence>28</Cadence><Extensions><ext:TPX><ext:Watts>45.903225806451616</ext:Watts><ext:Torque>20</ext:Torque></ext:TPX></Extensions></Trackpoint><Trackpoint><Time>2025-08-28T12:55:12.007Z</Time><DistanceMeters>3286.2678841504808</DistanceMeters><HeartRateBpm><Value>142</Value></HeartRateBpm><Cadence>28</Cadence><Extensions><ext:TPX><ext:Watts>45.41935483870968</ext:Watts><ext:Torque>20</ext:Torque></ext:TPX></Extensions></Trackpoint><Trackpoint><Time>2025-08-28T12:55:13.127Z</Time><DistanceMeters>3289.524198568875</DistanceMeters><HeartRateBpm><Value>142</Value></HeartRateBpm><Cadence>27</Cadence><Extensions><ext:TPX><ext:Watts>43.125</ext:Watts><ext:Torque>20</ext:Torque></ext:TPX></Extensions></Trackpoint><Trackpoint><Time>2025-08-28T12:55:14.215Z</Time><DistanceMeters>3292.8603119967315</DistanceMeters><HeartRateBpm><Value>142</Value></HeartRateBpm><Cadence>28</Cadence><Extensions><ext:TPX><ext:Watts>45.0</ext:Watts><ext:Torque>20</ext:Torque></ext:TPX></Extensions></Trackpoint><Trackpoint><Time>2025-08-28T12:55:15.333Z</Time><DistanceMeters>3296.149661488935</DistanceMeters><HeartRateBpm><Value>142</Value></HeartRateBpm><Cadence>27</Cadence><Extensions><ext:TPX><ext:Watts>43.5625</ext:Watts><ext:Torque>20</ext:Torque></ext:TPX></Extensions></Trackpoint><Trackpoint><Time>2025-08-28T12:55:16.452Z</Time><DistanceMeters>3299.4366513330096</DistanceMeters><HeartRateBpm><Value>142</Value></HeartRateBpm><Cadence>27</Cadence><Extensions><ext:TPX><ext:Watts>43.53125</ext:Watts><ext:Torque>20</ext:Torque></ext:TPX></Extensions></Trackpoint><Trackpoint><Time>2025-08-28T12:55:17.607Z</Time><DistanceMeters>3302.601682020976</DistanceMeters><HeartRateBpm><Value>142</Value></HeartRateBpm><Cadence>26</Cadence><Extensions><ext:TPX><ext:Watts>40.36363636363637</ext:Watts><ext:Torque>20</ext:Torque></ext:TPX></Extensions></Trackpoint><Trackpoint><Time>2025-08-28T12:55:18.763Z</Time><DistanceMeters>3305.9425477471627</DistanceMeters><HeartRateBpm><Value>142</Value></HeartRateBpm><Cadence>26</Cadence><Extensions><ext:TPX><ext:Watts>42.60606060606061</ext:Watts><ext:Torque>20</ext:Torque></ext:TPX></Extensions></Trackpoint><Trackpoint><Time>2025-08-28T12:55:19.918Z</Time><DistanceMeters>3309.3642025449644</DistanceMeters><HeartRateBpm><Value>142</Value></HeartRateBpm><Cadence>26</Cadence><Extensions><ext:TPX><ext:Watts>43.63636363636363</ext:Watts><ext:Torque>20</ext:Torque></ext:TPX></Extensions></Trackpoint><Trackpoint><Time>2025-08-28T12:55:21.038Z</Time><DistanceMeters>3312.6747888703317</DistanceMeters><HeartRateBpm><Value>143</Value></HeartRateBpm><Cadence>27</Cadence><Extensions><ext:TPX><ext:Watts>43.84375</ext:Watts><ext:Torque>20</ext:Torque></ext:TPX></Extensions></Trackpoint><Trackpoint><Time>2025-08-28T12:55:22.192Z</Time><DistanceMeters>3315.9990215523626</DistanceMeters><HeartRateBpm><Value>143</Value></HeartRateBpm><Cadence>26</Cadence><Extensions><ext:TPX><ext:Watts>42.39393939393939</ext:Watts><ext:Torque>20</ext:Torque></ext:TPX></Extensions></Trackpoint><Trackpoint><Time>2025-08-28T12:55:23.312Z</Time><DistanceMeters>3319.2175816006884</DistanceMeters><HeartRateBpm><Value>143</Value></HeartRateBpm><Cadence>27</Cadence><Extensions><ext:TPX><ext:Watts>42.625</ext:Watts><ext:Torque>20</ext:Torque></ext:TPX></Extensions></Trackpoint><Trackpoint><Time>2025-08-28T12:55:24.468Z</Time><DistanceMeters>3322.470529807765</DistanceMeters><HeartRateBpm><Value>143</Value></HeartRateBpm><Cadence>26</Cadence><Extensions><ext:TPX><ext:Watts>41.484848484848484</ext:Watts><ext:Torque>20</ext:Torque></ext:TPX></Extensions></Trackpoint><Trackpoint><Time>2025-08-28T12:55:25.622Z</Time><DistanceMeters>3325.6165513024107</DistanceMeters><HeartRateBpm><Value>143</Value></HeartRateBpm><Cadence>26</Cadence><Extensions><ext:TPX><ext:Watts>40.121212121212125</ext:Watts><ext:Torque>20</ext:Torque></ext:TPX></Extensions></Trackpoint><Trackpoint><Time>2025-08-28T12:55:26.743Z</Time><DistanceMeters>3328.7949973325385</DistanceMeters><HeartRateBpm><Value>143</Value></HeartRateBpm><Cadence>27</Cadence><Extensions><ext:TPX><ext:Watts>42.09375</ext:Watts><ext:Torque>20</ext:Torque></ext:TPX></Extensions></Trackpoint><Trackpoint><Time>2025-08-28T12:55:27.862Z</Time><DistanceMeters>3331.9215311038224</DistanceMeters><HeartRateBpm><Value>143</Value></HeartRateBpm><Cadence>27</Cadence><Extensions><ext:TPX><ext:Watts>41.40625</ext:Watts><ext:Torque>20</ext:Torque></ext:TPX></Extensions></Trackpoint><Trackpoint><Time>2025-08-28T12:55:28.983Z</Time><DistanceMeters>3335.0810999489163</DistanceMeters><HeartRateBpm><Value>143</Value></HeartRateBpm><Cadence>27</Cadence><Extensions><ext:TPX><ext:Watts>41.84375</ext:Watts><ext:Torque>20</ext:Torque></ext:TPX></Extensions></Trackpoint><Trackpoint><Time>2025-08-28T12:55:30.103Z</Time><DistanceMeters>3338.299659997242</DistanceMeters><HeartRateBpm><Value>143</Value></HeartRateBpm><Cadence>27</Cadence><Extensions><ext:TPX><ext:Watts>42.625</ext:Watts><ext:Torque>20</ext:Torque></ext:TPX></Extensions></Trackpoint><Trackpoint><Time>2025-08-28T12:55:31.258Z</Time><DistanceMeters>3341.469442983539</DistanceMeters><HeartRateBpm><Value>143</Value></HeartRateBpm><Cadence>26</Cadence><Extensions><ext:TPX><ext:Watts>40.42424242424242</ext:Watts><ext:Torque>20</ext:Torque></ext:TPX></Extensions></Trackpoint><Trackpoint><Time>2025-08-28T12:55:32.413Z</Time><DistanceMeters>3344.765161875588</DistanceMeters><HeartRateBpm><Value>143</Value></HeartRateBpm><Cadence>26</Cadence><Extensions><ext:TPX><ext:Watts>42.03030303030303</ext:Watts><ext:Torque>20</ext:Torque></ext:TPX></Extensions></Trackpoint><Trackpoint><Time>2025-08-28T12:55:33.533Z</Time><DistanceMeters>3347.9034938875184</DistanceMeters><HeartRateBpm><Value>143</Value></HeartRateBpm><Cadence>27</Cadence><Extensions><ext:TPX><ext:Watts>41.5625</ext:Watts><ext:Torque>20</ext:Torque></ext:TPX></Extensions></Trackpoint><Trackpoint><Time>2025-08-28T12:55:34.583Z</Time><DistanceMeters>3351.2250836246885</DistanceMeters><HeartRateBpm><Value>143</Value></HeartRateBpm><Cadence>28</Cadence><Extensions><ext:TPX><ext:Watts>46.43333333333333</ext:Watts><ext:Torque>20</ext:Torque></ext:TPX></Extensions></Trackpoint><Trackpoint><Time>2025-08-28T12:55:35.668Z</Time><DistanceMeters>3354.4320571779185</DistanceMeters><HeartRateBpm><Value>143</Value></HeartRateBpm><Cadence>28</Cadence><Extensions><ext:TPX><ext:Watts>43.25806451612903</ext:Watts><ext:Torque>20</ext:Torque></ext:TPX></Extensions></Trackpoint><Trackpoint><Time>2025-08-28T12:55:36.788Z</Time><DistanceMeters>3357.6694944112783</DistanceMeters><HeartRateBpm><Value>143</Value></HeartRateBpm><Cadence>27</Cadence><Extensions><ext:TPX><ext:Watts>42.875</ext:Watts><ext:Torque>20</ext:Torque></ext:TPX></Extensions></Trackpoint><Trackpoint><Time>2025-08-28T12:55:37.873Z</Time><DistanceMeters>3361.0271311515726</DistanceMeters><HeartRateBpm><Value>143</Value></HeartRateBpm><Cadence>28</Cadence><Extensions><ext:TPX><ext:Watts>45.29032258064516</ext:Watts><ext:Torque>20</ext:Torque></ext:TPX></Extensions></Trackpoint><Trackpoint><Time>2025-08-28T12:55:38.923Z</Time><DistanceMeters>3364.3344139695587</DistanceMeters><HeartRateBpm><Value>143</Value></HeartRateBpm><Cadence>28</Cadence><Extensions><ext:TPX><ext:Watts>46.233333333333334</ext:Watts><ext:Torque>20</ext:Torque></ext:TPX></Extensions></Trackpoint><Trackpoint><Time>2025-08-28T12:55:40.008Z</Time><DistanceMeters>3367.574868231025</DistanceMeters><HeartRateBpm><Value>144</Value></HeartRateBpm><Cadence>28</Cadence><Extensions><ext:TPX><ext:Watts>43.70967741935484</ext:Watts><ext:Torque>20</ext:Torque></ext:TPX></Extensions></Trackpoint><Trackpoint><Time>2025-08-28T12:55:41.093Z</Time><DistanceMeters>3370.705314451143</DistanceMeters><HeartRateBpm><Value>144</Value></HeartRateBpm><Cadence>28</Cadence><Extensions><ext:TPX><ext:Watts>42.225806451612904</ext:Watts><ext:Torque>20</ext:Torque></ext:TPX></Extensions></Trackpoint><Trackpoint><Time>2025-08-28T12:55:42.178Z</Time><DistanceMeters>3374.027079004041</DistanceMeters><HeartRateBpm><Value>144</Value></HeartRateBpm><Cadence>28</Cadence><Extensions><ext:TPX><ext:Watts>44.806451612903224</ext:Watts><ext:Torque>20</ext:Torque></ext:TPX></Extensions></Trackpoint><Trackpoint><Time>2025-08-28T12:55:43.263Z</Time><DistanceMeters>3377.2531843905485</DistanceMeters><HeartRateBpm><Value>144</Value></HeartRateBpm><Cadence>28</Cadence><Extensions><ext:TPX><ext:Watts>43.516129032258064</ext:Watts><ext:Torque>20</ext:Torque></ext:TPX></Extensions></Trackpoint><Trackpoint><Time>2025-08-28T12:55:44.313Z</Time><DistanceMeters>3380.326787528533</DistanceMeters><HeartRateBpm><Value>144</Value></HeartRateBpm><Cadence>28</Cadence><Extensions><ext:TPX><ext:Watts>42.96666666666667</ext:Watts><ext:Torque>20</ext:Torque></ext:TPX></Extensions></Trackpoint><Trackpoint><Time>2025-08-28T12:55:45.433Z</Time><DistanceMeters>3383.5099528549194</DistanceMeters><HeartRateBpm><Value>145</Value></HeartRateBpm><Cadence>27</Cadence><Extensions><ext:TPX><ext:Watts>42.15625</ext:Watts><ext:Torque>20</ext:Torque></ext:TPX></Extensions></Trackpoint><Trackpoint><Time>2025-08-28T12:55:46.518Z</Time><DistanceMeters>3386.4993018046116</DistanceMeters><HeartRateBpm><Value>145</Value></HeartRateBpm><Cadence>28</Cadence><Extensions><ext:TPX><ext:Watts>40.32258064516129</ext:Watts><ext:Torque>20</ext:Torque></ext:TPX></Extensions></Trackpoint><Trackpoint><Time>2025-08-28T12:55:47.568Z</Time><DistanceMeters>3389.5180617523915</DistanceMeters><HeartRateBpm><Value>145</Value></HeartRateBpm><Cadence>28</Cadence><Extensions><ext:TPX><ext:Watts>42.2</ext:Watts><ext:Torque>20</ext:Torque></ext:TPX></Extensions></Trackpoint><Trackpoint><Time>2025-08-28T12:55:48.618Z</Time><DistanceMeters>3392.4891319695585</DistanceMeters><HeartRateBpm><Value>145</Value></HeartRateBpm><Cadence>28</Cadence><Extensions><ext:TPX><ext:Watts>41.53333333333333</ext:Watts><ext:Torque>20</ext:Torque></ext:TPX></Extensions></Trackpoint><Trackpoint><Time>2025-08-28T12:55:49.738Z</Time><DistanceMeters>3395.643981518394</DistanceMeters><HeartRateBpm><Value>145</Value></HeartRateBpm><Cadence>27</Cadence><Extensions><ext:TPX><ext:Watts>41.78125</ext:Watts><ext:Torque>20</ext:Torque></ext:TPX></Extensions></Trackpoint><Trackpoint><Time>2025-08-28T12:55:50.823Z</Time><DistanceMeters>3398.850955071624</DistanceMeters><HeartRateBpm><Value>145</Value></HeartRateBpm><Cadence>28</Cadence><Extensions><ext:TPX><ext:Watts>43.25806451612903</ext:Watts><ext:Torque>20</ext:Torque></ext:TPX></Extensions></Trackpoint><Trackpoint><Time>2025-08-28T12:55:51.873Z</Time><DistanceMeters>3401.9817858863435</DistanceMeters><HeartRateBpm><Value>146</Value></HeartRateBpm><Cadence>28</Cadence><Extensions><ext:TPX><ext:Watts>43.766666666666666</ext:Watts><ext:Torque>20</ext:Torque></ext:TPX></Extensions></Trackpoint><Trackpoint><Time>2025-08-28T12:55:52.958Z</Time><DistanceMeters>3405.016572940071</DistanceMeters><HeartRateBpm><Value>146</Value></HeartRateBpm><Cadence>28</Cadence><Extensions><ext:TPX><ext:Watts>40.935483870967744</ext:Watts><ext:Torque>20</ext:Torque></ext:TPX></Extensions></Trackpoint><Trackpoint><Time>2025-08-28T12:55:54.043Z</Time><DistanceMeters>3408.1302788060702</DistanceMeters><HeartRateBpm><Value>146</Value></HeartRateBpm><Cadence>28</Cadence><Extensions><ext:TPX><ext:Watts>42.0</ext:Watts><ext:Torque>20</ext:Torque></ext:TPX></Extensions></Trackpoint><Trackpoint><Time>2025-08-28T12:55:55.093Z</Time><DistanceMeters>3411.201497457524</DistanceMeters><HeartRateBpm><Value>146</Value></HeartRateBpm><Cadence>28</Cadence><Extensions><ext:TPX><ext:Watts>42.93333333333333</ext:Watts><ext:Torque>20</ext:Torque></ext:TPX></Extensions></Trackpoint><Trackpoint><Time>2025-08-28T12:55:56.178Z</Time><DistanceMeters>3414.2936800110856</DistanceMeters><HeartRateBpm><Value>146</Value></HeartRateBpm><Cadence>28</Cadence><Extensions><ext:TPX><ext:Watts>41.70967741935484</ext:Watts><ext:Torque>20</ext:Torque></ext:TPX></Extensions></Trackpoint><Trackpoint><Time>2025-08-28T12:55:57.228Z</Time><DistanceMeters>3417.386359041315</DistanceMeters><HeartRateBpm><Value>146</Value></HeartRateBpm><Cadence>28</Cadence><Extensions><ext:TPX><ext:Watts>43.233333333333334</ext:Watts><ext:Torque>20</ext:Torque></ext:TPX></Extensions></Trackpoint><Trackpoint><Time>2025-08-28T12:55:58.313Z</Time><DistanceMeters>3420.495281948995</DistanceMeters><HeartRateBpm><Value>146</Value></HeartRateBpm><Cadence>28</Cadence><Extensions><ext:TPX><ext:Watts>41.935483870967744</ext:Watts><ext:Torque>20</ext:Torque></ext:TPX></Extensions></Trackpoint><Trackpoint><Time>2025-08-28T12:55:59.363Z</Time><DistanceMeters>3423.523579842897</DistanceMeters><HeartRateBpm><Value>147</Value></HeartRateBpm><Cadence>28</Cadence><Extensions><ext:TPX><ext:Watts>42.333333333333336</ext:Watts><ext:Torque>20</ext:Torque></ext:TPX></Extensions></Trackpoint><Trackpoint><Time>2025-08-28T12:56:00.448Z</Time><DistanceMeters>3426.5392350633465</DistanceMeters><HeartRateBpm><Value>147</Value></HeartRateBpm><Cadence>28</Cadence><Extensions><ext:TPX><ext:Watts>40.67741935483871</ext:Watts><ext:Torque>20</ext:Torque></ext:TPX></Extensions></Trackpoint><Trackpoint><Time>2025-08-28T12:56:01.533Z</Time><DistanceMeters>3429.533366971358</DistanceMeters><HeartRateBpm><Value>147</Value></HeartRateBpm><Cadence>28</Cadence><Extensions><ext:TPX><ext:Watts>40.38709677419355</ext:Watts><ext:Torque>20</ext:Torque></ext:TPX></Extensions></Trackpoint><Trackpoint><Time>2025-08-28T12:56:02.618Z</Time><DistanceMeters>3432.486843733654</DistanceMeters><HeartRateBpm><Value>147</Value></HeartRateBpm><Cadence>28</Cadence><Extensions><ext:TPX><ext:Watts>39.83870967741935</ext:Watts><ext:Torque>20</ext:Torque></ext:TPX></Extensions></Trackpoint><Trackpoint><Time>2025-08-28T12:56:03.703Z</Time><DistanceMeters>3435.559894453938</DistanceMeters><HeartRateBpm><Value>148</Value></HeartRateBpm><Cadence>28</Cadence><Extensions><ext:TPX><ext:Watts>41.45161290322581</ext:Watts><ext:Torque>20</ext:Torque></ext:TPX></Extensions></Trackpoint><Trackpoint><Time>2025-08-28T12:56:04.823Z</Time><DistanceMeters>3438.617998429473</DistanceMeters><HeartRateBpm><Value>148</Value></HeartRateBpm><Cadence>27</Cadence><Extensions><ext:TPX><ext:Watts>40.5</ext:Watts><ext:Torque>20</ext:Torque></ext:TPX></Extensions></Trackpoint><Trackpoint><Time>2025-08-28T12:56:05.873Z</Time><DistanceMeters>3441.634373890722</DistanceMeters><HeartRateBpm><Value>149</Value></HeartRateBpm><Cadence>28</Cadence><Extensions><ext:TPX><ext:Watts>42.166666666666664</ext:Watts><ext:Torque>20</ext:Torque></ext:TPX></Extensions></Trackpoint><Trackpoint><Time>2025-08-28T12:56:06.958Z</Time><DistanceMeters>3444.705033131846</DistanceMeters><HeartRateBpm><Value>149</Value></HeartRateBpm><Cadence>28</Cadence><Extensions><ext:TPX><ext:Watts>41.41935483870968</ext:Watts><ext:Torque>20</ext:Torque></ext:TPX></Extensions></Trackpoint><Trackpoint><Time>2025-08-28T12:56:08.044Z</Time><DistanceMeters>3447.7876497687685</DistanceMeters><HeartRateBpm><Value>149</Value></HeartRateBpm><Cadence>28</Cadence><Extensions><ext:TPX><ext:Watts>41.58064516129032</ext:Watts><ext:Torque>20</ext:Torque></ext:TPX></Extensions></Trackpoint><Trackpoint><Time>2025-08-28T12:56:09.129Z</Time><DistanceMeters>3450.8654834473714</DistanceMeters><HeartRateBpm><Value>150</Value></HeartRateBpm><Cadence>28</Cadence><Extensions><ext:TPX><ext:Watts>41.516129032258064</ext:Watts><ext:Torque>20</ext:Torque></ext:TPX></Extensions></Trackpoint><Trackpoint><Time>2025-08-28T12:56:10.179Z</Time><DistanceMeters>3453.8556295567837</DistanceMeters><HeartRateBpm><Value>150</Value></HeartRateBpm><Cadence>28</Cadence><Extensions><ext:TPX><ext:Watts>41.8</ext:Watts><ext:Torque>20</ext:Torque></ext:TPX></Extensions></Trackpoint><Trackpoint><Time>2025-08-28T12:56:11.229Z</Time><DistanceMeters>3457.0293811290544</DistanceMeters><HeartRateBpm><Value>150</Value></HeartRateBpm><Cadence>28</Cadence><Extensions><ext:TPX><ext:Watts>44.36666666666667</ext:Watts><ext:Torque>20</ext:Torque></ext:TPX></Extensions></Trackpoint><Trackpoint><Time>2025-08-28T12:56:12.314Z</Time><DistanceMeters>3460.121563682616</DistanceMeters><HeartRateBpm><Value>150</Value></HeartRateBpm><Cadence>28</Cadence><Extensions><ext:TPX><ext:Watts>41.70967741935484</ext:Watts><ext:Torque>20</ext:Torque></ext:TPX></Extensions></Trackpoint><Trackpoint><Time>2025-08-28T12:56:13.364Z</Time><DistanceMeters>3463.1737064418244</DistanceMeters><HeartRateBpm><Value>150</Value></HeartRateBpm><Cadence>28</Cadence><Extensions><ext:TPX><ext:Watts>42.666666666666664</ext:Watts><ext:Torque>20</ext:Torque></ext:TPX></Extensions></Trackpoint><Trackpoint><Time>2025-08-28T12:56:14.449Z</Time><DistanceMeters>3466.3137185785813</DistanceMeters><HeartRateBpm><Value>150</Value></HeartRateBpm><Cadence>28</Cadence><Extensions><ext:TPX><ext:Watts>42.354838709677416</ext:Watts><ext:Torque>20</ext:Torque></ext:TPX></Extensions></Trackpoint><Trackpoint><Time>2025-08-28T12:56:15.499Z</Time><DistanceMeters>3469.325325066769</DistanceMeters><HeartRateBpm><Value>150</Value></HeartRateBpm><Cadence>28</Cadence><Extensions><ext:TPX><ext:Watts>42.1</ext:Watts><ext:Torque>20</ext:Torque></ext:TPX></Extensions></Trackpoint><Trackpoint><Time>2025-08-28T12:56:16.549Z</Time><DistanceMeters>3472.3798523125083</DistanceMeters><HeartRateBpm><Value>151</Value></HeartRateBpm><Cadence>28</Cadence><Extensions><ext:TPX><ext:Watts>42.7</ext:Watts><ext:Torque>20</ext:Torque></ext:TPX></Extensions></Trackpoint><Trackpoint><Time>2025-08-28T12:56:17.669Z</Time><DistanceMeters>3475.364807196036</DistanceMeters><HeartRateBpm><Value>151</Value></HeartRateBpm><Cadence>27</Cadence><Extensions><ext:TPX><ext:Watts>39.53125</ext:Watts><ext:Torque>20</ext:Torque></ext:TPX></Extensions></Trackpoint><Trackpoint><Time>2025-08-28T12:56:18.719Z</Time><DistanceMeters>3478.3406463862643</DistanceMeters><HeartRateBpm><Value>151</Value></HeartRateBpm><Cadence>28</Cadence><Extensions><ext:TPX><ext:Watts>41.6</ext:Watts><ext:Torque>20</ext:Torque></ext:TPX></Extensions></Trackpoint><Trackpoint><Time>2025-08-28T12:56:19.804Z</Time><DistanceMeters>3481.4973988771394</DistanceMeters><HeartRateBpm><Value>151</Value></HeartRateBpm><Cadence>28</Cadence><Extensions><ext:TPX><ext:Watts>42.58064516129032</ext:Watts><ext:Torque>20</ext:Torque></ext:TPX></Extensions></Trackpoint><Trackpoint><Time>2025-08-28T12:56:20.924Z</Time><DistanceMeters>3484.564941445192</DistanceMeters><HeartRateBpm><Value>151</Value></HeartRateBpm><Cadence>27</Cadence><Extensions><ext:TPX><ext:Watts>40.625</ext:Watts><ext:Torque>20</ext:Torque></ext:TPX></Extensions></Trackpoint><Trackpoint><Time>2025-08-28T12:56:22.009Z</Time><DistanceMeters>3487.6069029363985</DistanceMeters><HeartRateBpm><Value>151</Value></HeartRateBpm><Cadence>28</Cadence><Extensions><ext:TPX><ext:Watts>41.03225806451613</ext:Watts><ext:Torque>20</ext:Torque></ext:TPX></Extensions></Trackpoint><Trackpoint><Time>2025-08-28T12:56:23.129Z</Time><DistanceMeters>3490.6296121899945</DistanceMeters><HeartRateBpm><Value>151</Value></HeartRateBpm><Cadence>27</Cadence><Extensions><ext:TPX><ext:Watts>40.03125</ext:Watts><ext:Torque>20</ext:Torque></ext:TPX></Extensions></Trackpoint><Trackpoint><Time>2025-08-28T12:56:24.214Z</Time><DistanceMeters>3493.6930969936393</DistanceMeters><HeartRateBpm><Value>151</Value></HeartRateBpm><Cadence>28</Cadence><Extensions><ext:TPX><ext:Watts>41.32258064516129</ext:Watts><ext:Torque>20</ext:Torque></ext:TPX></Extensions></Trackpoint><Trackpoint><Time>2025-08-28T12:56:25.299Z</Time><DistanceMeters>3496.7494073598045</DistanceMeters><HeartRateBpm><Value>151</Value></HeartRateBpm><Cadence>28</Cadence><Extensions><ext:TPX><ext:Watts>41.225806451612904</ext:Watts><ext:Torque>20</ext:Torque></ext:TPX></Extensions></Trackpoint><Trackpoint><Time>2025-08-28T12:56:25.859Z</Time><DistanceMeters>3499.740823709705</DistanceMeters><HeartRateBpm><Value>151</Value></HeartRateBpm><Cadence>54</Cadence><Extensions><ext:TPX><ext:Watts>78.5</ext:Watts><ext:Torque>30</ext:Torque></ext:TPX></Extensions></Trackpoint><Trackpoint><Time>2025-08-28T12:56:26.419Z</Time><DistanceMeters>3499.7598773170293</DistanceMeters><HeartRateBpm><Value>151</Value></HeartRateBpm><Cadence>54</Cadence><Extensions><ext:TPX><ext:Watts>0.5</ext:Watts><ext:Torque>20</ext:Torque></ext:TPX></Extensions></Trackpoint><Trackpoint><Time>2025-08-28T12:56:27.539Z</Time><DistanceMeters>3502.751911144945</DistanceMeters><HeartRateBpm><Value>151</Value></HeartRateBpm><Cadence>27</Cadence><Extensions><ext:TPX><ext:Watts>39.625</ext:Watts><ext:Torque>20</ext:Torque></ext:TPX></Extensions></Trackpoint><Trackpoint><Time>2025-08-28T12:56:28.624Z</Time><DistanceMeters>3505.7532174904363</DistanceMeters><HeartRateBpm><Value>151</Value></HeartRateBpm><Cadence>28</Cadence><Extensions><ext:TPX><ext:Watts>40.483870967741936</ext:Watts><ext:Torque>20</ext:Torque></ext:TPX></Extensions></Trackpoint><Trackpoint><Time>2025-08-28T12:56:29.744Z</Time><DistanceMeters>3508.745251318352</DistanceMeters><HeartRateBpm><Value>151</Value></HeartRateBpm><Cadence>27</Cadence><Extensions><ext:TPX><ext:Watts>39.625</ext:Watts><ext:Torque>20</ext:Torque></ext:TPX></Extensions></Trackpoint><Trackpoint><Time>2025-08-28T12:56:30.829Z</Time><DistanceMeters>3511.7800383720796</DistanceMeters><HeartRateBpm><Value>151</Value></HeartRateBpm><Cadence>28</Cadence><Extensions><ext:TPX><ext:Watts>40.935483870967744</ext:Watts><ext:Torque>20</ext:Torque></ext:TPX></Extensions></Trackpoint><Trackpoint><Time>2025-08-28T12:56:31.954Z</Time><DistanceMeters>3514.842950687199</DistanceMeters><HeartRateBpm><Value>151</Value></HeartRateBpm><Cadence>26</Cadence><Extensions><ext:TPX><ext:Watts>39.8125</ext:Watts><ext:Torque>20</ext:Torque></ext:TPX></Extensions></Trackpoint><Trackpoint><Time>2025-08-28T12:56:33.109Z</Time><DistanceMeters>3517.8891739169085</DistanceMeters><HeartRateBpm><Value>151</Value></HeartRateBpm><Cadence>26</Cadence><Extensions><ext:TPX><ext:Watts>38.84848484848485</ext:Watts><ext:Torque>20</ext:Torque></ext:TPX></Extensions></Trackpoint><Trackpoint><Time>2025-08-28T12:56:34.229Z</Time><DistanceMeters>3520.9991901512876</DistanceMeters><HeartRateBpm><Value>151</Value></HeartRateBpm><Cadence>27</Cadence><Extensions><ext:TPX><ext:Watts>41.1875</ext:Watts><ext:Torque>20</ext:Torque></ext:TPX></Extensions></Trackpoint><Trackpoint><Time>2025-08-28T12:56:35.384Z</Time><DistanceMeters>3524.109569408456</DistanceMeters><HeartRateBpm><Value>151</Value></HeartRateBpm><Cadence>26</Cadence><Extensions><ext:TPX><ext:Watts>39.666666666666664</ext:Watts><ext:Torque>20</ext:Torque></ext:TPX></Extensions></Trackpoint><Trackpoint><Time>2025-08-28T12:56:36.504Z</Time><DistanceMeters>3527.035533088752</DistanceMeters><HeartRateBpm><Value>150</Value></HeartRateBpm><Cadence>27</Cadence><Extensions><ext:TPX><ext:Watts>38.75</ext:Watts><ext:Torque>20</ext:Torque></ext:TPX></Extensions></Trackpoint><Trackpoint><Time>2025-08-28T12:56:37.659Z</Time><DistanceMeters>3530.2076922242136</DistanceMeters><HeartRateBpm><Value>150</Value></HeartRateBpm><Cadence>26</Cadence><Extensions><ext:TPX><ext:Watts>40.45454545454545</ext:Watts><ext:Torque>20</ext:Torque></ext:TPX></Extensions></Trackpoint><Trackpoint><Time>2025-08-28T12:56:38.779Z</Time><DistanceMeters>3533.242199718456</DistanceMeters><HeartRateBpm><Value>150</Value></HeartRateBpm><Cadence>27</Cadence><Extensions><ext:TPX><ext:Watts>40.1875</ext:Watts><ext:Torque>20</ext:Torque></ext:TPX></Extensions></Trackpoint><Trackpoint><Time>2025-08-28T12:56:39.934Z</Time><DistanceMeters>3536.319312887312</DistanceMeters><HeartRateBpm><Value>150</Value></HeartRateBpm><Cadence>26</Cadence><Extensions><ext:TPX><ext:Watts>39.24242424242424</ext:Watts><ext:Torque>20</ext:Torque></ext:TPX></Extensions></Trackpoint><Trackpoint><Time>2025-08-28T12:56:41.089Z</Time><DistanceMeters>3539.4819674261134</DistanceMeters><HeartRateBpm><Value>150</Value></HeartRateBpm><Cadence>26</Cadence><Extensions><ext:TPX><ext:Watts>40.333333333333336</ext:Watts><ext:Torque>20</ext:Torque></ext:TPX></Extensions></Trackpoint><Trackpoint><Time>2025-08-28T12:56:42.244Z</Time><DistanceMeters>3542.6374935174194</DistanceMeters><HeartRateBpm><Value>150</Value></HeartRateBpm><Cadence>26</Cadence><Extensions><ext:TPX><ext:Watts>40.24242424242424</ext:Watts><ext:Torque>20</ext:Torque></ext:TPX></Extensions></Trackpoint><Trackpoint><Time>2025-08-28T12:56:43.365Z</Time><DistanceMeters>3545.8938079358136</DistanceMeters><HeartRateBpm><Value>150</Value></HeartRateBpm><Cadence>27</Cadence><Extensions><ext:TPX><ext:Watts>43.125</ext:Watts><ext:Torque>20</ext:Torque></ext:TPX></Extensions></Trackpoint><Trackpoint><Time>2025-08-28T12:56:44.555Z</Time><DistanceMeters>3549.1437929451076</DistanceMeters><HeartRateBpm><Value>150</Value></HeartRateBpm><Cadence>25</Cadence><Extensions><ext:TPX><ext:Watts>39.85294117647059</ext:Watts><ext:Torque>20</ext:Torque></ext:TPX></Extensions></Trackpoint><Trackpoint><Time>2025-08-28T12:56:45.709Z</Time><DistanceMeters>3552.104474804872</DistanceMeters><HeartRateBpm><Value>150</Value></HeartRateBpm><Cadence>26</Cadence><Extensions><ext:TPX><ext:Watts>37.75757575757576</ext:Watts><ext:Torque>20</ext:Torque></ext:TPX></Extensions></Trackpoint><Trackpoint><Time>2025-08-28T12:56:46.829Z</Time><DistanceMeters>3555.0493156702023</DistanceMeters><HeartRateBpm><Value>150</Value></HeartRateBpm><Cadence>27</Cadence><Extensions><ext:TPX><ext:Watts>39.0</ext:Watts><ext:Torque>20</ext:Torque></ext:TPX></Extensions></Trackpoint><Trackpoint><Time>2025-08-28T12:56:47.844Z</Time><DistanceMeters>3558.047246549784</DistanceMeters><HeartRateBpm><Value>149</Value></HeartRateBpm><Cadence>30</Cadence><Extensions><ext:TPX><ext:Watts>43.37931034482759</ext:Watts><ext:Torque>32</ext:Torque></ext:TPX></Extensions></Trackpoint><Trackpoint><Time>2025-08-28T12:56:48.264Z</Time><DistanceMeters>3558.1209071739036</DistanceMeters><HeartRateBpm><Value>149</Value></HeartRateBpm><Cadence>72</Cadence><Extensions><ext:TPX><ext:Watts>2.5833333333333335</ext:Watts><ext:Torque>45</ext:Torque></ext:TPX></Extensions></Trackpoint><Trackpoint><Time>2025-08-28T12:56:50.294Z</Time><DistanceMeters>3561.2212123899176</DistanceMeters><HeartRateBpm><Value>149</Value></HeartRateBpm><Cadence>24</Cadence><Extensions><ext:TPX><ext:Watts>37.25714285714286</ext:Watts><ext:Torque>20</ext:Torque></ext:TPX></Extensions></Trackpoint><Trackpoint><Time>2025-08-28T12:56:51.449Z</Time><DistanceMeters>3564.5478212211137</DistanceMeters><HeartRateBpm><Value>148</Value></HeartRateBpm><Cadence>26</Cadence><Extensions><ext:TPX><ext:Watts>42.42424242424242</ext:Watts><ext:Torque>20</ext:Torque></ext:TPX></Extensions></Trackpoint><Trackpoint><Time>2025-08-28T12:56:52.569Z</Time><DistanceMeters>3567.716828658725</DistanceMeters><HeartRateBpm><Value>148</Value></HeartRateBpm><Cadence>27</Cadence><Extensions><ext:TPX><ext:Watts>41.96875</ext:Watts><ext:Torque>20</ext:Torque></ext:TPX></Extensions></Trackpoint><Trackpoint><Time>2025-08-28T12:56:53.730Z</Time><DistanceMeters>3571.03393289326</DistanceMeters><HeartRateBpm><Value>148</Value></HeartRateBpm><Cadence>26</Cadence><Extensions><ext:TPX><ext:Watts>42.303030303030305</ext:Watts><ext:Torque>20</ext:Torque></ext:TPX></Extensions></Trackpoint><Trackpoint><Time>2025-08-28T12:56:54.850Z</Time><DistanceMeters>3574.5214928283226</DistanceMeters><HeartRateBpm><Value>148</Value></HeartRateBpm><Cadence>27</Cadence><Extensions><ext:TPX><ext:Watts>46.1875</ext:Watts><ext:Torque>20</ext:Torque></ext:TPX></Extensions></Trackpoint><Trackpoint><Time>2025-08-28T12:56:55.969Z</Time><DistanceMeters>3577.8721931718874</DistanceMeters><HeartRateBpm><Value>147</Value></HeartRateBpm><Cadence>27</Cadence><Extensions><ext:TPX><ext:Watts>44.375</ext:Watts><ext:Torque>20</ext:Torque></ext:TPX></Extensions></Trackpoint><Trackpoint><Time>2025-08-28T12:56:57.089Z</Time><DistanceMeters>3581.0341216651104</DistanceMeters><HeartRateBpm><Value>147</Value></HeartRateBpm><Cadence>27</Cadence><Extensions><ext:TPX><ext:Watts>41.875</ext:Watts><ext:Torque>20</ext:Torque></ext:TPX></Extensions></Trackpoint><Trackpoint><Time>2025-08-28T12:56:58.280Z</Time><DistanceMeters>3584.243331954731</DistanceMeters><HeartRateBpm><Value>147</Value></HeartRateBpm><Cadence>25</Cadence><Extensions><ext:TPX><ext:Watts>39.35294117647059</ext:Watts><ext:Torque>20</ext:Torque></ext:TPX></Extensions></Trackpoint><Trackpoint><Time>2025-08-28T12:56:59.504Z</Time><DistanceMeters>3587.7287977880715</DistanceMeters><HeartRateBpm><Value>146</Value></HeartRateBpm><Cadence>24</Cadence><Extensions><ext:TPX><ext:Watts>41.885714285714286</ext:Watts><ext:Torque>20</ext:Torque></ext:TPX></Extensions></Trackpoint><Trackpoint><Time>2025-08-28T12:57:00.659Z</Time><DistanceMeters>3590.8534339402304</DistanceMeters><HeartRateBpm><Value>146</Value></HeartRateBpm><Cadence>26</Cadence><Extensions><ext:TPX><ext:Watts>39.84848484848485</ext:Watts><ext:Torque>20</ext:Torque></ext:TPX></Extensions></Trackpoint><Trackpoint><Time>2025-08-28T12:57:01.815Z</Time><DistanceMeters>3594.161033578105</DistanceMeters><HeartRateBpm><Value>145</Value></HeartRateBpm><Cadence>26</Cadence><Extensions><ext:TPX><ext:Watts>42.18181818181818</ext:Watts><ext:Torque>20</ext:Torque></ext:TPX></Extensions></Trackpoint><Trackpoint><Time>2025-08-28T12:57:03.004Z</Time><DistanceMeters>3597.5933055694704</DistanceMeters><HeartRateBpm><Value>145</Value></HeartRateBpm><Cadence>25</Cadence><Extensions><ext:TPX><ext:Watts>42.088235294117645</ext:Watts><ext:Torque>20</ext:Torque></ext:TPX></Extensions></Trackpoint><Trackpoint><Time>2025-08-28T12:57:04.159Z</Time><DistanceMeters>3600.8866483123543</DistanceMeters><HeartRateBpm><Value>145</Value></HeartRateBpm><Cadence>26</Cadence><Extensions><ext:TPX><ext:Watts>42.0</ext:Watts><ext:Torque>20</ext:Torque></ext:TPX></Extensions></Trackpoint><Trackpoint><Time>2025-08-28T12:57:05.350Z</Time><DistanceMeters>3604.460432566117</DistanceMeters><HeartRateBpm><Value>144</Value></HeartRateBpm><Cadence>25</Cadence><Extensions><ext:TPX><ext:Watts>43.8235294117647</ext:Watts><ext:Torque>20</ext:Torque></ext:TPX></Extensions></Trackpoint><Trackpoint><Time>2025-08-28T12:57:06.575Z</Time><DistanceMeters>3607.8698172898626</DistanceMeters><HeartRateBpm><Value>144</Value></HeartRateBpm><Cadence>24</Cadence><Extensions><ext:TPX><ext:Watts>40.97142857142857</ext:Watts><ext:Torque>20</ext:Torque></ext:TPX></Extensions></Trackpoint><Trackpoint><Time>2025-08-28T12:57:07.765Z</Time><DistanceMeters>3611.5635271897245</DistanceMeters><HeartRateBpm><Value>144</Value></HeartRateBpm><Cadence>25</Cadence><Extensions><ext:TPX><ext:Watts>45.294117647058826</ext:Watts><ext:Torque>20</ext:Torque></ext:TPX></Extensions></Trackpoint><Trackpoint><Time>2025-08-28T12:57:09.025Z</Time><DistanceMeters>3615.1501923462165</DistanceMeters><HeartRateBpm><Value>144</Value></HeartRateBpm><Cadence>24</Cadence><Extensions><ext:TPX><ext:Watts>42.22222222222222</ext:Watts><ext:Torque>20</ext:Torque></ext:TPX></Extensions></Trackpoint><Trackpoint><Time>2025-08-28T12:57:10.285Z</Time><DistanceMeters>3618.6707873550886</DistanceMeters><HeartRateBpm><Value>144</Value></HeartRateBpm><Cadence>24</Cadence><Extensions><ext:TPX><ext:Watts>41.44444444444444</ext:Watts><ext:Torque>20</ext:Torque></ext:TPX></Extensions></Trackpoint><Trackpoint><Time>2025-08-28T12:57:11.475Z</Time><DistanceMeters>3622.1846087858016</DistanceMeters><HeartRateBpm><Value>144</Value></HeartRateBpm><Cadence>25</Cadence><Extensions><ext:TPX><ext:Watts>43.088235294117645</ext:Watts><ext:Torque>20</ext:Torque></ext:TPX></Extensions></Trackpoint><Trackpoint><Time>2025-08-28T12:57:12.700Z</Time><DistanceMeters>3625.5511978853997</DistanceMeters><HeartRateBpm><Value>144</Value></HeartRateBpm><Cadence>24</Cadence><Extensions><ext:TPX><ext:Watts>40.457142857142856</ext:Watts><ext:Torque>20</ext:Torque></ext:TPX></Extensions></Trackpoint><Trackpoint><Time>2025-08-28T12:57:13.925Z</Time><DistanceMeters>3628.7537370924324</DistanceMeters><HeartRateBpm><Value>144</Value></HeartRateBpm><Cadence>24</Cadence><Extensions><ext:TPX><ext:Watts>38.48571428571429</ext:Watts><ext:Torque>20</ext:Torque></ext:TPX></Extensions></Trackpoint><Trackpoint><Time>2025-08-28T12:57:15.115Z</Time><DistanceMeters>3632.063684924776</DistanceMeters><HeartRateBpm><Value>144</Value></HeartRateBpm><Cadence>25</Cadence><Extensions><ext:TPX><ext:Watts>40.588235294117645</ext:Watts><ext:Torque>20</ext:Torque></ext:TPX></Extensions></Trackpoint><Trackpoint><Time>2025-08-28T12:57:16.340Z</Time><DistanceMeters>3635.3684581228276</DistanceMeters><HeartRateBpm><Value>144</Value></HeartRateBpm><Cadence>24</Cadence><Extensions><ext:TPX><ext:Watts>39.714285714285715</ext:Watts><ext:Torque>20</ext:Torque></ext:TPX></Extensions></Trackpoint><Trackpoint><Time>2025-08-28T12:57:17.530Z</Time><DistanceMeters>3638.779143497895</DistanceMeters><HeartRateBpm><Value>143</Value></HeartRateBpm><Cadence>25</Cadence><Extensions><ext:TPX><ext:Watts>41.8235294117647</ext:Watts><ext:Torque>20</ext:Torque></ext:TPX></Extensions></Trackpoint><Trackpoint><Time>2025-08-28T12:57:18.755Z</Time><DistanceMeters>3642.1956608256646</DistanceMeters><HeartRateBpm><Value>143</Value></HeartRateBpm><Cadence>24</Cadence><Extensions><ext:TPX><ext:Watts>41.05714285714286</ext:Watts><ext:Torque>20</ext:Torque></ext:TPX></Extensions></Trackpoint><Trackpoint><Time>2025-08-28T12:57:19.945Z</Time><DistanceMeters>3645.5152027096965</DistanceMeters><HeartRateBpm><Value>143</Value></HeartRateBpm><Cadence>25</Cadence><Extensions><ext:TPX><ext:Watts>40.705882352941174</ext:Watts><ext:Torque>20</ext:Torque></ext:TPX></Extensions></Trackpoint><Trackpoint><Time>2025-08-28T12:57:21.135Z</Time><DistanceMeters>3648.88511336509</DistanceMeters><HeartRateBpm><Value>143</Value></HeartRateBpm><Cadence>25</Cadence><Extensions><ext:TPX><ext:Watts>41.3235294117647</ext:Watts><ext:Torque>20</ext:Torque></ext:TPX></Extensions></Trackpoint><Trackpoint><Time>2025-08-28T12:57:22.290Z</Time><DistanceMeters>3652.187960704635</DistanceMeters><HeartRateBpm><Value>143</Value></HeartRateBpm><Cadence>26</Cadence><Extensions><ext:TPX><ext:Watts>42.121212121212125</ext:Watts><ext:Torque>20</ext:Torque></ext:TPX></Extensions></Trackpoint><Trackpoint><Time>2025-08-28T12:57:23.410Z</Time><DistanceMeters>3655.411240049219</DistanceMeters><HeartRateBpm><Value>143</Value></HeartRateBpm><Cadence>27</Cadence><Extensions><ext:TPX><ext:Watts>42.6875</ext:Watts><ext:Torque>20</ext:Torque></ext:TPX></Extensions></Trackpoint><Trackpoint><Time>2025-08-28T12:57:24.565Z</Time><DistanceMeters>3658.5952799305064</DistanceMeters><HeartRateBpm><Value>143</Value></HeartRateBpm><Cadence>26</Cadence><Extensions><ext:TPX><ext:Watts>40.60606060606061</ext:Watts><ext:Torque>20</ext:Torque></ext:TPX></Extensions></Trackpoint><Trackpoint><Time>2025-08-28T12:57:25.720Z</Time><DistanceMeters>3661.767439065968</DistanceMeters><HeartRateBpm><Value>143</Value></HeartRateBpm><Cadence>26</Cadence><Extensions><ext:TPX><ext:Watts>40.45454545454545</ext:Watts><ext:Torque>20</ext:Torque></ext:TPX></Extensions></Trackpoint><Trackpoint><Time>2025-08-28T12:57:26.875Z</Time><DistanceMeters>3664.9966257813935</DistanceMeters><HeartRateBpm><Value>143</Value></HeartRateBpm><Cadence>26</Cadence><Extensions><ext:TPX><ext:Watts>41.18181818181818</ext:Watts><ext:Torque>20</ext:Torque></ext:TPX></Extensions></Trackpoint><Trackpoint><Time>2025-08-28T12:57:28.030Z</Time><DistanceMeters>3668.1592803201947</DistanceMeters><HeartRateBpm><Value>143</Value></HeartRateBpm><Cadence>26</Cadence><Extensions><ext:TPX><ext:Watts>40.333333333333336</ext:Watts><ext:Torque>20</ext:Torque></ext:TPX></Extensions></Trackpoint><Trackpoint><Time>2025-08-28T12:57:29.150Z</Time><DistanceMeters>3671.349524590969</DistanceMeters><HeartRateBpm><Value>143</Value></HeartRateBpm><Cadence>27</Cadence><Extensions><ext:TPX><ext:Watts>42.25</ext:Watts><ext:Torque>20</ext:Torque></ext:TPX></Extensions></Trackpoint><Trackpoint><Time>2025-08-28T12:57:30.305Z</Time><DistanceMeters>3674.5359406214216</DistanceMeters><HeartRateBpm><Value>144</Value></HeartRateBpm><Cadence>26</Cadence><Extensions><ext:TPX><ext:Watts>40.63636363636363</ext:Watts><ext:Torque>20</ext:Torque></ext:TPX></Extensions></Trackpoint><Trackpoint><Time>2025-08-28T12:57:31.495Z</Time><DistanceMeters>3677.6300222907867</DistanceMeters><HeartRateBpm><Value>144</Value></HeartRateBpm><Cadence>25</Cadence><Extensions><ext:TPX><ext:Watts>37.94117647058823</ext:Watts><ext:Torque>20</ext:Torque></ext:TPX></Extensions></Trackpoint><Trackpoint><Time>2025-08-28T12:57:32.650Z</Time><DistanceMeters>3680.814062172074</DistanceMeters><HeartRateBpm><Value>144</Value></HeartRateBpm><Cadence>26</Cadence><Extensions><ext:TPX><ext:Watts>40.60606060606061</ext:Watts><ext:Torque>20</ext:Torque></ext:TPX></Extensions></Trackpoint><Trackpoint><Time>2025-08-28T12:57:33.805Z</Time><DistanceMeters>3683.850780805123</DistanceMeters><HeartRateBpm><Value>144</Value></HeartRateBpm><Cadence>26</Cadence><Extensions><ext:TPX><ext:Watts>38.72727272727273</ext:Watts><ext:Torque>20</ext:Torque></ext:TPX></Extensions></Trackpoint><Trackpoint><Time>2025-08-28T12:57:34.960Z</Time><DistanceMeters>3686.887499438172</DistanceMeters><HeartRateBpm><Value>144</Value></HeartRateBpm><Cadence>26</Cadence><Extensions><ext:TPX><ext:Watts>38.72727272727273</ext:Watts><ext:Torque>20</ext:Torque></ext:TPX></Extensions></Trackpoint><Trackpoint><Time>2025-08-28T12:57:36.115Z</Time><DistanceMeters>3690.0335209328177</DistanceMeters><HeartRateBpm><Value>145</Value></HeartRateBpm><Cadence>26</Cadence><Extensions><ext:TPX><ext:Watts>40.121212121212125</ext:Watts><ext:Torque>20</ext:Torque></ext:TPX></Extensions></Trackpoint><Trackpoint><Time>2025-08-28T12:57:37.270Z</Time><DistanceMeters>3693.1343955933253</DistanceMeters><HeartRateBpm><Value>145</Value></HeartRateBpm><Cadence>26</Cadence><Extensions><ext:TPX><ext:Watts>39.54545454545455</ext:Watts><ext:Torque>20</ext:Torque></ext:TPX></Extensions></Trackpoint><Trackpoint><Time>2025-08-28T12:57:38.425Z</Time><DistanceMeters>3696.1711142263744</DistanceMeters><HeartRateBpm><Value>145</Value></HeartRateBpm><Cadence>26</Cadence><Extensions><ext:TPX><ext:Watts>38.72727272727273</ext:Watts><ext:Torque>20</ext:Torque></ext:TPX></Extensions></Trackpoint><Trackpoint><Time>2025-08-28T12:57:39.580Z</Time><DistanceMeters>3699.281493483543</DistanceMeters><HeartRateBpm><Value>145</Value></HeartRateBpm><Cadence>26</Cadence><Extensions><ext:TPX><ext:Watts>39.666666666666664</ext:Watts><ext:Torque>20</ext:Torque></ext:TPX></Extensions></Trackpoint><Trackpoint><Time>2025-08-28T12:57:40.735Z</Time><DistanceMeters>3702.2635606857934</DistanceMeters><HeartRateBpm><Value>145</Value></HeartRateBpm><Cadence>26</Cadence><Extensions><ext:TPX><ext:Watts>38.03030303030303</ext:Watts><ext:Torque>20</ext:Torque></ext:TPX></Extensions></Trackpoint><Trackpoint><Time>2025-08-28T12:57:41.925Z</Time><DistanceMeters>3705.451184359116</DistanceMeters><HeartRateBpm><Value>146</Value></HeartRateBpm><Cadence>25</Cadence><Extensions><ext:TPX><ext:Watts>39.088235294117645</ext:Watts><ext:Torque>20</ext:Torque></ext:TPX></Extensions></Trackpoint><Trackpoint><Time>2025-08-28T12:57:43.080Z</Time><DistanceMeters>3708.5829489587704</DistanceMeters><HeartRateBpm><Value>146</Value></HeartRateBpm><Cadence>26</Cadence><Extensions><ext:TPX><ext:Watts>39.93939393939394</ext:Watts><ext:Torque>20</ext:Torque></ext:TPX></Extensions></Trackpoint><Trackpoint><Time>2025-08-28T12:57:44.235Z</Time><DistanceMeters>3711.693328215939</DistanceMeters><HeartRateBpm><Value>146</Value></HeartRateBpm><Cadence>26</Cadence><Extensions><ext:TPX><ext:Watts>39.666666666666664</ext:Watts><ext:Torque>20</ext:Torque></ext:TPX></Extensions></Trackpoint><Trackpoint><Time>2025-08-28T12:57:45.355Z</Time><DistanceMeters>3714.8859321348423</DistanceMeters><HeartRateBpm><Value>146</Value></HeartRateBpm><Cadence>27</Cadence><Extensions><ext:TPX><ext:Watts>42.28125</ext:Watts><ext:Torque>20</ext:Torque></ext:TPX></Extensions></Trackpoint><Trackpoint><Time>2025-08-28T12:57:46.405Z</Time><DistanceMeters>3718.1026044646646</DistanceMeters><HeartRateBpm><Value>146</Value></HeartRateBpm><Cadence>28</Cadence><Extensions><ext:TPX><ext:Watts>44.96666666666667</ext:Watts><ext:Torque>20</ext:Torque></ext:TPX></Extensions></Trackpoint><Trackpoint><Time>2025-08-28T12:57:47.421Z</Time><DistanceMeters>3721.3150137060607</DistanceMeters><HeartRateBpm><Value>147</Value></HeartRateBpm><Cadence>30</Cadence><Extensions><ext:TPX><ext:Watts>46.48275862068966</ext:Watts><ext:Torque>20</ext:Torque></ext:TPX></Extensions></Trackpoint><Trackpoint><Time>2025-08-28T12:57:48.401Z</Time><DistanceMeters>3724.430412369662</DistanceMeters><HeartRateBpm><Value>147</Value></HeartRateBpm><Cadence>30</Cadence><Extensions><ext:TPX><ext:Watts>46.607142857142854</ext:Watts><ext:Torque>20</ext:Torque></ext:TPX></Extensions></Trackpoint><Trackpoint><Time>2025-08-28T12:57:49.386Z</Time><DistanceMeters>3727.5219382465693</DistanceMeters><HeartRateBpm><Value>147</Value></HeartRateBpm><Cadence>30</Cadence><Extensions><ext:TPX><ext:Watts>46.25</ext:Watts><ext:Torque>20</ext:Torque></ext:TPX></Extensions></Trackpoint><Trackpoint><Time>2025-08-28T12:57:50.435Z</Time><DistanceMeters>3730.524006788635</DistanceMeters><HeartRateBpm><Value>147</Value></HeartRateBpm><Cadence>28</Cadence><Extensions><ext:TPX><ext:Watts>41.96666666666667</ext:Watts><ext:Torque>20</ext:Torque></ext:TPX></Extensions></Trackpoint><Trackpoint><Time>2025-08-28T12:57:51.450Z</Time><DistanceMeters>3733.5195545753077</DistanceMeters><HeartRateBpm><Value>147</Value></HeartRateBpm><Cadence>30</Cadence><Extensions><ext:TPX><ext:Watts>43.3448275862069</ext:Watts><ext:Torque>20</ext:Torque></ext:TPX></Extensions></Trackpoint><Trackpoint><Time>2025-08-28T12:57:52.465Z</Time><DistanceMeters>3736.5770627776155</DistanceMeters><HeartRateBpm><Value>147</Value></HeartRateBpm><Cadence>30</Cadence><Extensions><ext:TPX><ext:Watts>44.241379310344826</ext:Watts><ext:Torque>20</ext:Torque></ext:TPX></Extensions></Trackpoint><Trackpoint><Time>2025-08-28T12:57:53.515Z</Time><DistanceMeters>3739.6530504021302</DistanceMeters><HeartRateBpm><Value>147</Value></HeartRateBpm><Cadence>28</Cadence><Extensions><ext:TPX><ext:Watts>43.0</ext:Watts><ext:Torque>20</ext:Torque></ext:TPX></Extensions></Trackpoint><Trackpoint><Time>2025-08-28T12:57:54.530Z</Time><DistanceMeters>3742.6771953037114</DistanceMeters><HeartRateBpm><Value>148</Value></HeartRateBpm><Cadence>30</Cadence><Extensions><ext:TPX><ext:Watts>43.758620689655174</ext:Watts><ext:Torque>20</ext:Torque></ext:TPX></Extensions></Trackpoint><Trackpoint><Time>2025-08-28T12:57:55.545Z</Time><DistanceMeters>3745.8038132003817</DistanceMeters><HeartRateBpm><Value>148</Value></HeartRateBpm><Cadence>30</Cadence><Extensions><ext:TPX><ext:Watts>45.241379310344826</ext:Watts><ext:Torque>20</ext:Torque></ext:TPX></Extensions></Trackpoint><Trackpoint><Time>2025-08-28T12:57:56.561Z</Time><DistanceMeters>3748.925664911234</DistanceMeters><HeartRateBpm><Value>148</Value></HeartRateBpm><Cadence>30</Cadence><Extensions><ext:TPX><ext:Watts>45.172413793103445</ext:Watts><ext:Torque>20</ext:Torque></ext:TPX></Extensions></Trackpoint><Trackpoint><Time>2025-08-28T12:57:57.611Z</Time><DistanceMeters>3752.018343941463</DistanceMeters><HeartRateBpm><Value>148</Value></HeartRateBpm><Cadence>28</Cadence><Extensions><ext:TPX><ext:Watts>43.233333333333334</ext:Watts><ext:Torque>20</ext:Torque></ext:TPX></Extensions></Trackpoint><Trackpoint><Time>2025-08-28T12:57:58.661Z</Time><DistanceMeters>3755.132483350468</DistanceMeters><HeartRateBpm><Value>148</Value></HeartRateBpm><Cadence>28</Cadence><Extensions><ext:TPX><ext:Watts>43.53333333333333</ext:Watts><ext:Torque>20</ext:Torque></ext:TPX></Extensions></Trackpoint><Trackpoint><Time>2025-08-28T12:57:59.711Z</Time><DistanceMeters>3758.215624434575</DistanceMeters><HeartRateBpm><Value>149</Value></HeartRateBpm><Cadence>28</Cadence><Extensions><ext:TPX><ext:Watts>43.1</ext:Watts><ext:Torque>20</ext:Torque></ext:TPX></Extensions></Trackpoint><Trackpoint><Time>2025-08-28T12:58:00.762Z</Time><DistanceMeters>3761.351224222356</DistanceMeters><HeartRateBpm><Value>149</Value></HeartRateBpm><Cadence>28</Cadence><Extensions><ext:TPX><ext:Watts>43.833333333333336</ext:Watts><ext:Torque>20</ext:Torque></ext:TPX></Extensions></Trackpoint><Trackpoint><Time>2025-08-28T12:58:01.846Z</Time><DistanceMeters>3764.634725108698</DistanceMeters><HeartRateBpm><Value>149</Value></HeartRateBpm><Cadence>28</Cadence><Extensions><ext:TPX><ext:Watts>44.29032258064516</ext:Watts><ext:Torque>20</ext:Torque></ext:TPX></Extensions></Trackpoint><Trackpoint><Time>2025-08-28T12:58:02.896Z</Time><DistanceMeters>3767.789400788724</DistanceMeters><HeartRateBpm><Value>149</Value></HeartRateBpm><Cadence>28</Cadence><Extensions><ext:TPX><ext:Watts>44.1</ext:Watts><ext:Torque>20</ext:Torque></ext:TPX></Extensions></Trackpoint><Trackpoint><Time>2025-08-28T12:58:03.946Z</Time><DistanceMeters>3771.046609389567</DistanceMeters><HeartRateBpm><Value>150</Value></HeartRateBpm><Cadence>28</Cadence><Extensions><ext:TPX><ext:Watts>45.53333333333333</ext:Watts><ext:Torque>20</ext:Torque></ext:TPX></Extensions></Trackpoint><Trackpoint><Time>2025-08-28T12:58:04.996Z</Time><DistanceMeters>3774.167902258164</DistanceMeters><HeartRateBpm><Value>150</Value></HeartRateBpm><Cadence>28</Cadence><Extensions><ext:TPX><ext:Watts>43.63333333333333</ext:Watts><ext:Torque>20</ext:Torque></ext:TPX></Extensions></Trackpoint><Trackpoint><Time>2025-08-28T12:58:06.046Z</Time><DistanceMeters>3777.4489557243132</DistanceMeters><HeartRateBpm><Value>150</Value></HeartRateBpm><Cadence>28</Cadence><Extensions><ext:TPX><ext:Watts>45.86666666666667</ext:Watts><ext:Torque>20</ext:Torque></ext:TPX></Extensions></Trackpoint><Trackpoint><Time>2025-08-28T12:58:07.096Z</Time><DistanceMeters>3780.584555512094</DistanceMeters><HeartRateBpm><Value>150</Value></HeartRateBpm><Cadence>28</Cadence><Extensions><ext:TPX><ext:Watts>43.833333333333336</ext:Watts><ext:Torque>20</ext:Torque></ext:TPX></Extensions></Trackpoint><Trackpoint><Time>2025-08-28T12:58:08.146Z</Time><DistanceMeters>3783.8131502745696</DistanceMeters><HeartRateBpm><Value>151</Value></HeartRateBpm><Cadence>28</Cadence><Extensions><ext:TPX><ext:Watts>45.13333333333333</ext:Watts><ext:Torque>20</ext:Torque></ext:TPX></Extensions></Trackpoint><Trackpoint><Time>2025-08-28T12:58:09.161Z</Time><DistanceMeters>3786.9254696137855</DistanceMeters><HeartRateBpm><Value>151</Value></HeartRateBpm><Cadence>30</Cadence><Extensions><ext:TPX><ext:Watts>45.03448275862069</ext:Watts><ext:Torque>20</ext:Torque></ext:TPX></Extensions></Trackpoint><Trackpoint><Time>2025-08-28T12:58:10.176Z</Time><DistanceMeters>3790.1664759700902</DistanceMeters><HeartRateBpm><Value>151</Value></HeartRateBpm><Cadence>30</Cadence><Extensions><ext:TPX><ext:Watts>46.89655172413793</ext:Watts><ext:Torque>20</ext:Torque></ext:TPX></Extensions></Trackpoint><Trackpoint><Time>2025-08-28T12:58:11.226Z</Time><DistanceMeters>3793.426069057464</DistanceMeters><HeartRateBpm><Value>151</Value></HeartRateBpm><Cadence>28</Cadence><Extensions><ext:TPX><ext:Watts>45.56666666666667</ext:Watts><ext:Torque>20</ext:Torque></ext:TPX></Extensions></Trackpoint><Trackpoint><Time>2025-08-28T12:58:12.276Z</Time><DistanceMeters>3796.745274308103</DistanceMeters><HeartRateBpm><Value>151</Value></HeartRateBpm><Cadence>28</Cadence><Extensions><ext:TPX><ext:Watts>46.4</ext:Watts><ext:Torque>20</ext:Torque></ext:TPX></Extensions></Trackpoint><Trackpoint><Time>2025-08-28T12:58:13.361Z</Time><DistanceMeters>3800.057472944362</DistanceMeters><HeartRateBpm><Value>151</Value></HeartRateBpm><Cadence>28</Cadence><Extensions><ext:TPX><ext:Watts>44.67741935483871</ext:Watts><ext:Torque>20</ext:Torque></ext:TPX></Extensions></Trackpoint><Trackpoint><Time>2025-08-28T12:58:14.411Z</Time><DistanceMeters>3803.300374626021</DistanceMeters><HeartRateBpm><Value>152</Value></HeartRateBpm><Cadence>28</Cadence><Extensions><ext:TPX><ext:Watts>45.333333333333336</ext:Watts><ext:Torque>20</ext:Torque></ext:TPX></Extensions></Trackpoint><Trackpoint><Time>2025-08-28T12:58:15.461Z</Time><DistanceMeters>3806.4765106848226</DistanceMeters><HeartRateBpm><Value>152</Value></HeartRateBpm><Cadence>28</Cadence><Extensions><ext:TPX><ext:Watts>44.4</ext:Watts><ext:Torque>20</ext:Torque></ext:TPX></Extensions></Trackpoint><Trackpoint><Time>2025-08-28T12:58:16.511Z</Time><DistanceMeters>3809.5906500938277</DistanceMeters><HeartRateBpm><Value>152</Value></HeartRateBpm><Cadence>28</Cadence><Extensions><ext:TPX><ext:Watts>43.53333333333333</ext:Watts><ext:Torque>20</ext:Torque></ext:TPX></Extensions></Trackpoint><Trackpoint><Time>2025-08-28T12:58:17.561Z</Time><DistanceMeters>3812.630870420383</DistanceMeters><HeartRateBpm><Value>152</Value></HeartRateBpm><Cadence>28</Cadence><Extensions><ext:TPX><ext:Watts>42.5</ext:Watts><ext:Torque>20</ext:Torque></ext:TPX></Extensions></Trackpoint><Trackpoint><Time>2025-08-28T12:58:18.611Z</Time><DistanceMeters>3815.7712391812247</DistanceMeters><HeartRateBpm><Value>152</Value></HeartRateBpm><Cadence>28</Cadence><Extensions><ext:TPX><ext:Watts>43.9</ext:Watts><ext:Torque>20</ext:Torque></ext:TPX></Extensions></Trackpoint><Trackpoint><Time>2025-08-28T12:58:19.661Z</Time><DistanceMeters>3818.792383615535</DistanceMeters><HeartRateBpm><Value>152</Value></HeartRateBpm><Cadence>28</Cadence><Extensions><ext:TPX><ext:Watts>42.233333333333334</ext:Watts><ext:Torque>20</ext:Torque></ext:TPX></Extensions></Trackpoint><Trackpoint><Time>2025-08-28T12:58:20.746Z</Time><DistanceMeters>3821.8965235648957</DistanceMeters><HeartRateBpm><Value>152</Value></HeartRateBpm><Cadence>28</Cadence><Extensions><ext:TPX><ext:Watts>41.87096774193548</ext:Watts><ext:Torque>20</ext:Torque></ext:TPX></Extensions></Trackpoint><Trackpoint><Time>2025-08-28T12:58:21.796Z</Time><DistanceMeters>3824.936743891451</DistanceMeters><HeartRateBpm><Value>152</Value></HeartRateBpm><Cadence>28</Cadence><Extensions><ext:TPX><ext:Watts>42.5</ext:Watts><ext:Torque>20</ext:Torque></ext:TPX></Extensions></Trackpoint><Trackpoint><Time>2025-08-28T12:58:22.846Z</Time><DistanceMeters>3828.0103470294353</DistanceMeters><HeartRateBpm><Value>152</Value></HeartRateBpm><Cadence>28</Cadence><Extensions><ext:TPX><ext:Watts>42.96666666666667</ext:Watts><ext:Torque>20</ext:Torque></ext:TPX></Extensions></Trackpoint><Trackpoint><Time>2025-08-28T12:58:23.896Z</Time><DistanceMeters>3830.8693463796626</DistanceMeters><HeartRateBpm><Value>152</Value></HeartRateBpm><Cadence>28</Cadence><Extensions><ext:TPX><ext:Watts>39.96666666666667</ext:Watts><ext:Torque>20</ext:Torque></ext:TPX></Extensions></Trackpoint><Trackpoint><Time>2025-08-28T12:58:24.981Z</Time><DistanceMeters>3833.954354495745</DistanceMeters><HeartRateBpm><Value>152</Value></HeartRateBpm><Cadence>28</Cadence><Extensions><ext:TPX><ext:Watts>41.61290322580645</ext:Watts><ext:Torque>20</ext:Torque></ext:TPX></Extensions></Trackpoint><Trackpoint><Time>2025-08-28T12:58:26.031Z</Time><DistanceMeters>3837.004112768423</DistanceMeters><HeartRateBpm><Value>152</Value></HeartRateBpm><Cadence>28</Cadence><Extensions><ext:TPX><ext:Watts>42.63333333333333</ext:Watts><ext:Torque>20</ext:Torque></ext:TPX></Extensions></Trackpoint><Trackpoint><Time>2025-08-28T12:58:27.116Z</Time><DistanceMeters>3840.258915904848</DistanceMeters><HeartRateBpm><Value>152</Value></HeartRateBpm><Cadence>28</Cadence><Extensions><ext:TPX><ext:Watts>43.903225806451616</ext:Watts><ext:Torque>20</ext:Torque></ext:TPX></Extensions></Trackpoint><Trackpoint><Time>2025-08-28T12:58:28.166Z</Time><DistanceMeters>3843.3992846656897</DistanceMeters><HeartRateBpm><Value>152</Value></HeartRateBpm><Cadence>28</Cadence><Extensions><ext:TPX><ext:Watts>43.9</ext:Watts><ext:Torque>20</ext:Torque></ext:TPX></Extensions></Trackpoint><Trackpoint><Time>2025-08-28T12:58:29.181Z</Time><DistanceMeters>3846.5354349339964</DistanceMeters><HeartRateBpm><Value>151</Value></HeartRateBpm><Cadence>30</Cadence><Extensions><ext:TPX><ext:Watts>45.37931034482759</ext:Watts><ext:Torque>20</ext:Torque></ext:TPX></Extensions></Trackpoint><Trackpoint><Time>2025-08-28T12:58:30.196Z</Time><DistanceMeters>3849.573878393032</DistanceMeters><HeartRateBpm><Value>151</Value></HeartRateBpm><Cadence>30</Cadence><Extensions><ext:TPX><ext:Watts>43.96551724137931</ext:Watts><ext:Torque>20</ext:Torque></ext:TPX></Extensions></Trackpoint><Trackpoint><Time>2025-08-28T12:58:31.246Z</Time><DistanceMeters>3852.721400613466</DistanceMeters><HeartRateBpm><Value>151</Value></HeartRateBpm><Cadence>28</Cadence><Extensions><ext:TPX><ext:Watts>44.0</ext:Watts><ext:Torque>20</ext:Torque></ext:TPX></Extensions></Trackpoint><Trackpoint><Time>2025-08-28T12:58:32.296Z</Time><DistanceMeters>3855.8093106706337</DistanceMeters><HeartRateBpm><Value>151</Value></HeartRateBpm><Cadence>28</Cadence><Extensions><ext:TPX><ext:Watts>43.166666666666664</ext:Watts><ext:Torque>20</ext:Torque></ext:TPX></Extensions></Trackpoint><Trackpoint><Time>2025-08-28T12:58:33.346Z</Time><DistanceMeters>3858.8423775375973</DistanceMeters><HeartRateBpm><Value>151</Value></HeartRateBpm><Cadence>28</Cadence><Extensions><ext:TPX><ext:Watts>42.4</ext:Watts><ext:Torque>20</ext:Torque></ext:TPX></Extensions></Trackpoint><Trackpoint><Time>2025-08-28T12:58:34.396Z</Time><DistanceMeters>3862.1186620306853</DistanceMeters><HeartRateBpm><Value>151</Value></HeartRateBpm><Cadence>28</Cadence><Extensions><ext:TPX><ext:Watts>45.8</ext:Watts><ext:Torque>20</ext:Torque></ext:TPX></Extensions></Trackpoint><Trackpoint><Time>2025-08-28T12:58:35.446Z</Time><DistanceMeters>3865.4283293352023</DistanceMeters><HeartRateBpm><Value>151</Value></HeartRateBpm><Cadence>28</Cadence><Extensions><ext:TPX><ext:Watts>46.266666666666666</ext:Watts><ext:Torque>20</ext:Torque></ext:TPX></Extensions></Trackpoint><Trackpoint><Time>2025-08-28T12:58:36.532Z</Time><DistanceMeters>3868.673566554988</DistanceMeters><HeartRateBpm><Value>151</Value></HeartRateBpm><Cadence>28</Cadence><Extensions><ext:TPX><ext:Watts>43.774193548387096</ext:Watts><ext:Torque>20</ext:Torque></ext:TPX></Extensions></Trackpoint><Trackpoint><Time>2025-08-28T12:58:37.581Z</Time><DistanceMeters>3871.754323152564</DistanceMeters><HeartRateBpm><Value>151</Value></HeartRateBpm><Cadence>28</Cadence><Extensions><ext:TPX><ext:Watts>43.06666666666667</ext:Watts><ext:Torque>20</ext:Torque></ext:TPX></Extensions></Trackpoint><Trackpoint><Time>2025-08-28T12:58:38.631Z</Time><DistanceMeters>3874.961457536264</DistanceMeters><HeartRateBpm><Value>151</Value></HeartRateBpm><Cadence>28</Cadence><Extensions><ext:TPX><ext:Watts>44.833333333333336</ext:Watts><ext:Torque>20</ext:Torque></ext:TPX></Extensions></Trackpoint><Trackpoint><Time>2025-08-28T12:58:39.716Z</Time><DistanceMeters>3878.1732140478134</DistanceMeters><HeartRateBpm><Value>151</Value></HeartRateBpm><Cadence>28</Cadence><Extensions><ext:TPX><ext:Watts>43.32258064516129</ext:Watts><ext:Torque>20</ext:Torque></ext:TPX></Extensions></Trackpoint><Trackpoint><Time>2025-08-28T12:58:40.732Z</Time><DistanceMeters>3881.3260459664834</DistanceMeters><HeartRateBpm><Value>151</Value></HeartRateBpm><Cadence>30</Cadence><Extensions><ext:TPX><ext:Watts>45.62068965517241</ext:Watts><ext:Torque>20</ext:Torque></ext:TPX></Extensions></Trackpoint><Trackpoint><Time>2025-08-28T12:58:41.782Z</Time><DistanceMeters>3884.423493969774</DistanceMeters><HeartRateBpm><Value>151</Value></HeartRateBpm><Cadence>28</Cadence><Extensions><ext:TPX><ext:Watts>43.3</ext:Watts><ext:Torque>20</ext:Torque></ext:TPX></Extensions></Trackpoint><Trackpoint><Time>2025-08-28T12:58:42.832Z</Time><DistanceMeters>3887.642550786127</DistanceMeters><HeartRateBpm><Value>151</Value></HeartRateBpm><Cadence>28</Cadence><Extensions><ext:TPX><ext:Watts>45.0</ext:Watts><ext:Torque>20</ext:Torque></ext:TPX></Extensions></Trackpoint><Trackpoint><Time>2025-08-28T12:58:43.846Z</Time><DistanceMeters>3890.7310391962524</DistanceMeters><HeartRateBpm><Value>152</Value></HeartRateBpm><Cadence>30</Cadence><Extensions><ext:TPX><ext:Watts>44.689655172413794</ext:Watts><ext:Torque>20</ext:Torque></ext:TPX></Extensions></Trackpoint><Trackpoint><Time>2025-08-28T12:58:44.862Z</Time><DistanceMeters>3893.8409754425593</DistanceMeters><HeartRateBpm><Value>152</Value></HeartRateBpm><Cadence>30</Cadence><Extensions><ext:TPX><ext:Watts>45.0</ext:Watts><ext:Torque>20</ext:Torque></ext:TPX></Extensions></Trackpoint><Trackpoint><Time>2025-08-28T12:58:45.912Z</Time><DistanceMeters>3896.8692733364614</DistanceMeters><HeartRateBpm><Value>152</Value></HeartRateBpm><Cadence>28</Cadence><Extensions><ext:TPX><ext:Watts>42.333333333333336</ext:Watts><ext:Torque>20</ext:Torque></ext:TPX></Extensions></Trackpoint><Trackpoint><Time>2025-08-28T12:58:46.962Z</Time><DistanceMeters>3899.880879824649</DistanceMeters><HeartRateBpm><Value>152</Value></HeartRateBpm><Cadence>28</Cadence><Extensions><ext:TPX><ext:Watts>42.1</ext:Watts><ext:Torque>20</ext:Torque></ext:TPX></Extensions></Trackpoint><Trackpoint><Time>2025-08-28T12:58:48.012Z</Time><DistanceMeters>3902.8948707993677</DistanceMeters><HeartRateBpm><Value>153</Value></HeartRateBpm><Cadence>28</Cadence><Extensions><ext:TPX><ext:Watts>42.13333333333333</ext:Watts><ext:Torque>20</ext:Torque></ext:TPX></Extensions></Trackpoint><Trackpoint><Time>2025-08-28T12:58:49.062Z</Time><DistanceMeters>3905.9923188026582</DistanceMeters><HeartRateBpm><Value>153</Value></HeartRateBpm><Cadence>28</Cadence><Extensions><ext:TPX><ext:Watts>43.3</ext:Watts><ext:Torque>20</ext:Torque></ext:TPX></Extensions></Trackpoint><Trackpoint><Time>2025-08-28T12:58:50.112Z</Time><DistanceMeters>3908.9610045332947</DistanceMeters><HeartRateBpm><Value>153</Value></HeartRateBpm><Cadence>28</Cadence><Extensions><ext:TPX><ext:Watts>41.5</ext:Watts><ext:Torque>20</ext:Torque></ext:TPX></Extensions></Trackpoint><Trackpoint><Time>2025-08-28T12:58:51.197Z</Time><DistanceMeters>3912.029272295259</DistanceMeters><HeartRateBpm><Value>153</Value></HeartRateBpm><Cadence>28</Cadence><Extensions><ext:TPX><ext:Watts>41.38709677419355</ext:Watts><ext:Torque>20</ext:Torque></ext:TPX></Extensions></Trackpoint><Trackpoint><Time>2025-08-28T12:58:52.247Z</Time><DistanceMeters>3915.0694926218143</DistanceMeters><HeartRateBpm><Value>153</Value></HeartRateBpm><Cadence>28</Cadence><Extensions><ext:TPX><ext:Watts>42.5</ext:Watts><ext:Torque>20</ext:Torque></ext:TPX></Extensions></Trackpoint><Trackpoint><Time>2025-08-28T12:58:53.297Z</Time><DistanceMeters>3918.145480246329</DistanceMeters><HeartRateBpm><Value>153</Value></HeartRateBpm><Cadence>28</Cadence><Extensions><ext:TPX><ext:Watts>43.0</ext:Watts><ext:Torque>20</ext:Torque></ext:TPX></Extensions></Trackpoint><Trackpoint><Time>2025-08-28T12:58:54.347Z</Time><DistanceMeters>3921.0927055981897</DistanceMeters><HeartRateBpm><Value>154</Value></HeartRateBpm><Cadence>28</Cadence><Extensions><ext:TPX><ext:Watts>41.2</ext:Watts><ext:Torque>20</ext:Torque></ext:TPX></Extensions></Trackpoint><Trackpoint><Time>2025-08-28T12:58:55.397Z</Time><DistanceMeters>3924.0327774904586</DistanceMeters><HeartRateBpm><Value>154</Value></HeartRateBpm><Cadence>28</Cadence><Extensions><ext:TPX><ext:Watts>41.1</ext:Watts><ext:Torque>20</ext:Torque></ext:TPX></Extensions></Trackpoint><Trackpoint><Time>2025-08-28T12:58:56.482Z</Time><DistanceMeters>3927.0364753151093</DistanceMeters><HeartRateBpm><Value>154</Value></HeartRateBpm><Cadence>28</Cadence><Extensions><ext:TPX><ext:Watts>40.516129032258064</ext:Watts><ext:Torque>20</ext:Torque></ext:TPX></Extensions></Trackpoint><Trackpoint><Time>2025-08-28T12:58:57.497Z</Time><DistanceMeters>3929.9986598010555</DistanceMeters><HeartRateBpm><Value>154</Value></HeartRateBpm><Cadence>30</Cadence><Extensions><ext:TPX><ext:Watts>42.86206896551724</ext:Watts><ext:Torque>20</ext:Torque></ext:TPX></Extensions></Trackpoint><Trackpoint><Time>2025-08-28T12:58:58.582Z</Time><DistanceMeters>3933.141063416972</DistanceMeters><HeartRateBpm><Value>154</Value></HeartRateBpm><Cadence>28</Cadence><Extensions><ext:TPX><ext:Watts>42.38709677419355</ext:Watts><ext:Torque>20</ext:Torque></ext:TPX></Extensions></Trackpoint><Trackpoint><Time>2025-08-28T12:58:59.632Z</Time><DistanceMeters>3936.159823364752</DistanceMeters><HeartRateBpm><Value>154</Value></HeartRateBpm><Cadence>28</Cadence><Extensions><ext:TPX><ext:Watts>42.2</ext:Watts><ext:Torque>20</ext:Torque></ext:TPX></Extensions></Trackpoint><Trackpoint><Time>2025-08-28T12:59:00.717Z</Time><DistanceMeters>3939.19221893932</DistanceMeters><HeartRateBpm><Value>154</Value></HeartRateBpm><Cadence>28</Cadence><Extensions><ext:TPX><ext:Watts>40.903225806451616</ext:Watts><ext:Torque>20</ext:Torque></ext:TPX></Extensions></Trackpoint><Trackpoint><Time>2025-08-28T12:59:01.767Z</Time><DistanceMeters>3942.2777445099573</DistanceMeters><HeartRateBpm><Value>154</Value></HeartRateBpm><Cadence>28</Cadence><Extensions><ext:TPX><ext:Watts>43.13333333333333</ext:Watts><ext:Torque>20</ext:Torque></ext:TPX></Extensions></Trackpoint><Trackpoint><Time>2025-08-28T12:59:02.852Z</Time><DistanceMeters>3945.2838338137676</DistanceMeters><HeartRateBpm><Value>154</Value></HeartRateBpm><Cadence>28</Cadence><Extensions><ext:TPX><ext:Watts>40.54838709677419</ext:Watts><ext:Torque>20</ext:Torque></ext:TPX></Extensions></Trackpoint><Trackpoint><Time>2025-08-28T12:59:03.902Z</Time><DistanceMeters>3948.402742195834</DistanceMeters><HeartRateBpm><Value>154</Value></HeartRateBpm><Cadence>28</Cadence><Extensions><ext:TPX><ext:Watts>43.6</ext:Watts><ext:Torque>20</ext:Torque></ext:TPX></Extensions></Trackpoint><Trackpoint><Time>2025-08-28T12:59:04.987Z</Time><DistanceMeters>3951.5140565826737</DistanceMeters><HeartRateBpm><Value>154</Value></HeartRateBpm><Cadence>28</Cadence><Extensions><ext:TPX><ext:Watts>41.96774193548387</ext:Watts><ext:Torque>20</ext:Torque></ext:TPX></Extensions></Trackpoint><Trackpoint><Time>2025-08-28T12:59:06.072Z</Time><DistanceMeters>3954.589498782117</DistanceMeters><HeartRateBpm><Value>154</Value></HeartRateBpm><Cadence>28</Cadence><Extensions><ext:TPX><ext:Watts>41.483870967741936</ext:Watts><ext:Torque>20</ext:Torque></ext:TPX></Extensions></Trackpoint><Trackpoint><Time>2025-08-28T12:59:07.157Z</Time><DistanceMeters>3957.5955880859274</DistanceMeters><HeartRateBpm><Value>154</Value></HeartRateBpm><Cadence>28</Cadence><Extensions><ext:TPX><ext:Watts>40.54838709677419</ext:Watts><ext:Torque>20</ext:Torque></ext:TPX></Extensions></Trackpoint><Trackpoint><Time>2025-08-28T12:59:08.242Z</Time><DistanceMeters>3960.5179756191465</DistanceMeters><HeartRateBpm><Value>154</Value></HeartRateBpm><Cadence>28</Cadence><Extensions><ext:TPX><ext:Watts>39.41935483870968</ext:Watts><ext:Torque>20</ext:Torque></ext:TPX></Extensions></Trackpoint><Trackpoint><Time>2025-08-28T12:59:09.327Z</Time><DistanceMeters>3963.5910263394303</DistanceMeters><HeartRateBpm><Value>154</Value></HeartRateBpm><Cadence>28</Cadence><Extensions><ext:TPX><ext:Watts>41.45161290322581</ext:Watts><ext:Torque>20</ext:Torque></ext:TPX></Extensions></Trackpoint><Trackpoint><Time>2025-08-28T12:59:10.412Z</Time><DistanceMeters>3966.6569026222346</DistanceMeters><HeartRateBpm><Value>154</Value></HeartRateBpm><Cadence>28</Cadence><Extensions><ext:TPX><ext:Watts>41.354838709677416</ext:Watts><ext:Torque>20</ext:Torque></ext:TPX></Extensions></Trackpoint><Trackpoint><Time>2025-08-28T12:59:11.497Z</Time><DistanceMeters>3969.5888560720928</DistanceMeters><HeartRateBpm><Value>154</Value></HeartRateBpm><Cadence>28</Cadence><Extensions><ext:TPX><ext:Watts>39.54838709677419</ext:Watts><ext:Torque>20</ext:Torque></ext:TPX></Extensions></Trackpoint><Trackpoint><Time>2025-08-28T12:59:12.582Z</Time><DistanceMeters>3972.637992000779</DistanceMeters><HeartRateBpm><Value>154</Value></HeartRateBpm><Cadence>28</Cadence><Extensions><ext:TPX><ext:Watts>41.12903225806452</ext:Watts><ext:Torque>20</ext:Torque></ext:TPX></Extensions></Trackpoint><Trackpoint><Time>2025-08-28T12:59:13.667Z</Time><DistanceMeters>3975.7732211792163</DistanceMeters><HeartRateBpm><Value>154</Value></HeartRateBpm><Cadence>28</Cadence><Extensions><ext:TPX><ext:Watts>42.29032258064516</ext:Watts><ext:Torque>20</ext:Torque></ext:TPX></Extensions></Trackpoint><Trackpoint><Time>2025-08-28T12:59:14.752Z</Time><DistanceMeters>3978.9132333159732</DistanceMeters><HeartRateBpm><Value>154</Value></HeartRateBpm><Cadence>28</Cadence><Extensions><ext:TPX><ext:Watts>42.354838709677416</ext:Watts><ext:Torque>20</ext:Torque></ext:TPX></Extensions></Trackpoint><Trackpoint><Time>2025-08-28T12:59:15.837Z</Time><DistanceMeters>3981.964760723819</DistanceMeters><HeartRateBpm><Value>154</Value></HeartRateBpm><Cadence>28</Cadence><Extensions><ext:TPX><ext:Watts>41.16129032258065</ext:Watts><ext:Torque>20</ext:Torque></ext:TPX></Extensions></Trackpoint><Trackpoint><Time>2025-08-28T12:59:16.957Z</Time><DistanceMeters>3985.0771366063273</DistanceMeters><HeartRateBpm><Value>154</Value></HeartRateBpm><Cadence>27</Cadence><Extensions><ext:TPX><ext:Watts>41.21875</ext:Watts><ext:Torque>20</ext:Torque></ext:TPX></Extensions></Trackpoint><Trackpoint><Time>2025-08-28T12:59:18.042Z</Time><DistanceMeters>3988.0449622435817</DistanceMeters><HeartRateBpm><Value>154</Value></HeartRateBpm><Cadence>28</Cadence><Extensions><ext:TPX><ext:Watts>40.03225806451613</ext:Watts><ext:Torque>20</ext:Torque></ext:TPX></Extensions></Trackpoint><Trackpoint><Time>2025-08-28T12:59:19.127Z</Time><DistanceMeters>3991.129970359664</DistanceMeters><HeartRateBpm><Value>154</Value></HeartRateBpm><Cadence>28</Cadence><Extensions><ext:TPX><ext:Watts>41.61290322580645</ext:Watts><ext:Torque>20</ext:Torque></ext:TPX></Extensions></Trackpoint><Trackpoint><Time>2025-08-28T12:59:20.212Z</Time><DistanceMeters>3994.1791062883503</DistanceMeters><HeartRateBpm><Value>154</Value></HeartRateBpm><Cadence>28</Cadence><Extensions><ext:TPX><ext:Watts>41.12903225806452</ext:Watts><ext:Torque>20</ext:Torque></ext:TPX></Extensions></Trackpoint><Trackpoint><Time>2025-08-28T12:59:21.299Z</Time><DistanceMeters>3997.1014938215694</DistanceMeters><HeartRateBpm><Value>154</Value></HeartRateBpm><Cadence>28</Cadence><Extensions><ext:TPX><ext:Watts>39.41935483870968</ext:Watts><ext:Torque>20</ext:Torque></ext:TPX></Extensions></Trackpoint><Trackpoint><Time>2025-08-28T12:59:22.452Z</Time><DistanceMeters>4000.154845498774</DistanceMeters><HeartRateBpm><Value>154</Value></HeartRateBpm><Cadence>26</Cadence><Extensions><ext:TPX><ext:Watts>38.93939393939394</ext:Watts><ext:Torque>20</ext:Torque></ext:TPX></Extensions></Trackpoint><Trackpoint><Time>2025-08-28T12:59:23.642Z</Time><DistanceMeters>4003.325679581643</DistanceMeters><HeartRateBpm><Value>153</Value></HeartRateBpm><Cadence>25</Cadence><Extensions><ext:TPX><ext:Watts>38.88235294117647</ext:Watts><ext:Torque>20</ext:Torque></ext:TPX></Extensions></Trackpoint><Trackpoint><Time>2025-08-28T12:59:24.272Z</Time><DistanceMeters>4003.564128234706</DistanceMeters><HeartRateBpm><Value>153</Value></HeartRateBpm><Cadence>48</Cadence><Extensions><ext:TPX><ext:Watts>5.555555555555555</ext:Watts><ext:Torque>32</ext:Torque></ext:TPX></Extensions></Trackpoint><Trackpoint><Time>2025-08-28T12:59:26.687Z</Time><DistanceMeters>4006.959661892727</DistanceMeters><HeartRateBpm><Value>153</Value></HeartRateBpm><Cadence>27</Cadence><Extensions><ext:TPX><ext:Watts>44.96875</ext:Watts><ext:Torque>20</ext:Torque></ext:TPX></Extensions></Trackpoint><Trackpoint><Time>2025-08-28T12:59:27.737Z</Time><DistanceMeters>4010.4743950388784</DistanceMeters><HeartRateBpm><Value>153</Value></HeartRateBpm><Cadence>28</Cadence><Extensions><ext:TPX><ext:Watts>49.13333333333333</ext:Watts><ext:Torque>20</ext:Torque></ext:TPX></Extensions></Trackpoint><Trackpoint><Time>2025-08-28T12:59:28.822Z</Time><DistanceMeters>4014.071179695148</DistanceMeters><HeartRateBpm><Value>153</Value></HeartRateBpm><Cadence>28</Cadence><Extensions><ext:TPX><ext:Watts>48.516129032258064</ext:Watts><ext:Torque>20</ext:Torque></ext:TPX></Extensions></Trackpoint><Trackpoint><Time>2025-08-28T12:59:29.872Z</Time><DistanceMeters>4017.581143868238</DistanceMeters><HeartRateBpm><Value>153</Value></HeartRateBpm><Cadence>28</Cadence><Extensions><ext:TPX><ext:Watts>49.06666666666667</ext:Watts><ext:Torque>20</ext:Torque></ext:TPX></Extensions></Trackpoint><Trackpoint><Time>2025-08-28T12:59:30.957Z</Time><DistanceMeters>4021.0750949206385</DistanceMeters><HeartRateBpm><Value>153</Value></HeartRateBpm><Cadence>28</Cadence><Extensions><ext:TPX><ext:Watts>47.12903225806452</ext:Watts><ext:Torque>20</ext:Torque></ext:TPX></Extensions></Trackpoint><Trackpoint><Time>2025-08-28T12:59:32.042Z</Time><DistanceMeters>4024.540348223122</DistanceMeters><HeartRateBpm><Value>153</Value></HeartRateBpm><Cadence>28</Cadence><Extensions><ext:TPX><ext:Watts>46.74193548387097</ext:Watts><ext:Torque>20</ext:Torque></ext:TPX></Extensions></Trackpoint><Trackpoint><Time>2025-08-28T12:59:33.128Z</Time><DistanceMeters>4028.103652171155</DistanceMeters><HeartRateBpm><Value>153</Value></HeartRateBpm><Cadence>28</Cadence><Extensions><ext:TPX><ext:Watts>48.064516129032256</ext:Watts><ext:Torque>20</ext:Torque></ext:TPX></Extensions></Trackpoint><Trackpoint><Time>2025-08-28T12:59:34.248Z</Time><DistanceMeters>4031.5888524580882</DistanceMeters><HeartRateBpm><Value>153</Value></HeartRateBpm><Cadence>27</Cadence><Extensions><ext:TPX><ext:Watts>46.15625</ext:Watts><ext:Torque>20</ext:Torque></ext:TPX></Extensions></Trackpoint><Trackpoint><Time>2025-08-28T12:59:35.368Z</Time><DistanceMeters>4035.1023685225728</DistanceMeters><HeartRateBpm><Value>152</Value></HeartRateBpm><Cadence>27</Cadence><Extensions><ext:TPX><ext:Watts>46.53125</ext:Watts><ext:Torque>20</ext:Torque></ext:TPX></Extensions></Trackpoint><Trackpoint><Time>2025-08-28T12:59:36.488Z</Time><DistanceMeters>4038.6017266982817</DistanceMeters><HeartRateBpm><Value>152</Value></HeartRateBpm><Cadence>27</Cadence><Extensions><ext:TPX><ext:Watts>46.34375</ext:Watts><ext:Torque>20</ext:Torque></ext:TPX></Extensions></Trackpoint><Trackpoint><Time>2025-08-28T12:59:37.608Z</Time><DistanceMeters>4042.278058483686</DistanceMeters><HeartRateBpm><Value>151</Value></HeartRateBpm><Cadence>27</Cadence><Extensions><ext:TPX><ext:Watts>48.6875</ext:Watts><ext:Torque>20</ext:Torque></ext:TPX></Extensions></Trackpoint><Trackpoint><Time>2025-08-28T12:59:38.727Z</Time><DistanceMeters>4045.7137061599046</DistanceMeters><HeartRateBpm><Value>151</Value></HeartRateBpm><Cadence>27</Cadence><Extensions><ext:TPX><ext:Watts>45.5</ext:Watts><ext:Torque>20</ext:Torque></ext:TPX></Extensions></Trackpoint><Trackpoint><Time>2025-08-28T12:59:39.883Z</Time><DistanceMeters>4049.3135721450917</DistanceMeters><HeartRateBpm><Value>151</Value></HeartRateBpm><Cadence>26</Cadence><Extensions><ext:TPX><ext:Watts>45.90909090909091</ext:Watts><ext:Torque>20</ext:Torque></ext:TPX></Extensions></Trackpoint><Trackpoint><Time>2025-08-28T12:59:41.003Z</Time><DistanceMeters>4052.874281172162</DistanceMeters><HeartRateBpm><Value>151</Value></HeartRateBpm><Cadence>27</Cadence><Extensions><ext:TPX><ext:Watts>47.15625</ext:Watts><ext:Torque>20</ext:Torque></ext:TPX></Extensions></Trackpoint><Trackpoint><Time>2025-08-28T12:59:42.123Z</Time><DistanceMeters>4056.463305976783</DistanceMeters><HeartRateBpm><Value>151</Value></HeartRateBpm><Cadence>27</Cadence><Extensions><ext:TPX><ext:Watts>47.53125</ext:Watts><ext:Torque>20</ext:Torque></ext:TPX></Extensions></Trackpoint><Trackpoint><Time>2025-08-28T12:59:43.243Z</Time><DistanceMeters>4059.998058874431</DistanceMeters><HeartRateBpm><Value>151</Value></HeartRateBpm><Cadence>27</Cadence><Extensions><ext:TPX><ext:Watts>46.8125</ext:Watts><ext:Torque>20</ext:Torque></ext:TPX></Extensions></Trackpoint><Trackpoint><Time>2025-08-28T12:59:44.398Z</Time><DistanceMeters>4063.4529797605446</DistanceMeters><HeartRateBpm><Value>150</Value></HeartRateBpm><Cadence>26</Cadence><Extensions><ext:TPX><ext:Watts>44.06060606060606</ext:Watts><ext:Torque>20</ext:Torque></ext:TPX></Extensions></Trackpoint><Trackpoint><Time>2025-08-28T12:59:45.518Z</Time><DistanceMeters>4066.879188844246</DistanceMeters><HeartRateBpm><Value>150</Value></HeartRateBpm><Cadence>27</Cadence><Extensions><ext:TPX><ext:Watts>45.375</ext:Watts><ext:Torque>20</ext:Torque></ext:TPX></Extensions></Trackpoint><Trackpoint><Time>2025-08-28T12:59:46.638Z</Time><DistanceMeters>4070.380906668084</DistanceMeters><HeartRateBpm><Value>150</Value></HeartRateBpm><Cadence>27</Cadence><Extensions><ext:TPX><ext:Watts>46.375</ext:Watts><ext:Torque>20</ext:Torque></ext:TPX></Extensions></Trackpoint><Trackpoint><Time>2025-08-28T12:59:47.793Z</Time><DistanceMeters>4073.8999835816567</DistanceMeters><HeartRateBpm><Value>150</Value></HeartRateBpm><Cadence>26</Cadence><Extensions><ext:TPX><ext:Watts>44.878787878787875</ext:Watts><ext:Torque>20</ext:Torque></ext:TPX></Extensions></Trackpoint><Trackpoint><Time>2025-08-28T12:59:48.913Z</Time><DistanceMeters>4077.293157591548</DistanceMeters><HeartRateBpm><Value>150</Value></HeartRateBpm><Cadence>27</Cadence><Extensions><ext:TPX><ext:Watts>44.9375</ext:Watts><ext:Torque>20</ext:Torque></ext:TPX></Extensions></Trackpoint><Trackpoint><Time>2025-08-28T12:59:50.068Z</Time><DistanceMeters>4080.904904322561</DistanceMeters><HeartRateBpm><Value>150</Value></HeartRateBpm><Cadence>26</Cadence><Extensions><ext:TPX><ext:Watts>46.06060606060606</ext:Watts><ext:Torque>20</ext:Torque></ext:TPX></Extensions></Trackpoint><Trackpoint><Time>2025-08-28T12:59:51.153Z</Time><DistanceMeters>4084.642786249256</DistanceMeters><HeartRateBpm><Value>150</Value></HeartRateBpm><Cadence>28</Cadence><Extensions><ext:TPX><ext:Watts>50.41935483870968</ext:Watts><ext:Torque>20</ext:Torque></ext:TPX></Extensions></Trackpoint><Trackpoint><Time>2025-08-28T12:59:52.273Z</Time><DistanceMeters>4088.2601268314284</DistanceMeters><HeartRateBpm><Value>150</Value></HeartRateBpm><Cadence>27</Cadence><Extensions><ext:TPX><ext:Watts>47.90625</ext:Watts><ext:Torque>20</ext:Torque></ext:TPX></Extensions></Trackpoint><Trackpoint><Time>2025-08-28T12:59:53.393Z</Time><DistanceMeters>4091.9081428392815</DistanceMeters><HeartRateBpm><Value>150</Value></HeartRateBpm><Cadence>27</Cadence><Extensions><ext:TPX><ext:Watts>48.3125</ext:Watts><ext:Torque>20</ext:Torque></ext:TPX></Extensions></Trackpoint><Trackpoint><Time>2025-08-28T12:59:54.548Z</Time><DistanceMeters>4095.5626602552666</DistanceMeters><HeartRateBpm><Value>150</Value></HeartRateBpm><Cadence>26</Cadence><Extensions><ext:TPX><ext:Watts>46.60606060606061</ext:Watts><ext:Torque>20</ext:Torque></ext:TPX></Extensions></Trackpoint><Trackpoint><Time>2025-08-28T12:59:55.668Z</Time><DistanceMeters>4099.2413516888</DistanceMeters><HeartRateBpm><Value>150</Value></HeartRateBpm><Cadence>27</Cadence><Extensions><ext:TPX><ext:Watts>48.71875</ext:Watts><ext:Torque>20</ext:Torque></ext:TPX></Extensions></Trackpoint><Trackpoint><Time>2025-08-28T12:59:56.788Z</Time><DistanceMeters>4102.92948171485</DistanceMeters><HeartRateBpm><Value>150</Value></HeartRateBpm><Cadence>27</Cadence><Extensions><ext:TPX><ext:Watts>48.84375</ext:Watts><ext:Torque>20</ext:Torque></ext:TPX></Extensions></Trackpoint><Trackpoint><Time>2025-08-28T12:59:57.908Z</Time><DistanceMeters>4106.551541593281</DistanceMeters><HeartRateBpm><Value>150</Value></HeartRateBpm><Cadence>27</Cadence><Extensions><ext:TPX><ext:Watts>47.96875</ext:Watts><ext:Torque>20</ext:Torque></ext:TPX></Extensions></Trackpoint><Trackpoint><Time>2025-08-28T12:59:59.028Z</Time><DistanceMeters>4110.201917249264</DistanceMeters><HeartRateBpm><Value>150</Value></HeartRateBpm><Cadence>27</Cadence><Extensions><ext:TPX><ext:Watts>48.34375</ext:Watts><ext:Torque>20</ext:Torque></ext:TPX></Extensions></Trackpoint><Trackpoint><Time>2025-08-28T13:00:00.148Z</Time><DistanceMeters>4113.9584770710635</DistanceMeters><HeartRateBpm><Value>151</Value></HeartRateBpm><Cadence>27</Cadence><Extensions><ext:TPX><ext:Watts>49.75</ext:Watts><ext:Torque>20</ext:Torque></ext:TPX></Extensions></Trackpoint><Trackpoint><Time>2025-08-28T13:00:01.233Z</Time><DistanceMeters>4117.650920893723</DistanceMeters><HeartRateBpm><Value>151</Value></HeartRateBpm><Cadence>28</Cadence><Extensions><ext:TPX><ext:Watts>49.806451612903224</ext:Watts><ext:Torque>20</ext:Torque></ext:TPX></Extensions></Trackpoint><Trackpoint><Time>2025-08-28T13:00:02.318Z</Time><DistanceMeters>4121.388802820418</DistanceMeters><HeartRateBpm><Value>151</Value></HeartRateBpm><Cadence>28</Cadence><Extensions><ext:TPX><ext:Watts>50.41935483870968</ext:Watts><ext:Torque>20</ext:Torque></ext:TPX></Extensions></Trackpoint><Trackpoint><Time>2025-08-28T13:00:03.438Z</Time><DistanceMeters>4125.117046864666</DistanceMeters><HeartRateBpm><Value>151</Value></HeartRateBpm><Cadence>27</Cadence><Extensions><ext:TPX><ext:Watts>49.375</ext:Watts><ext:Torque>20</ext:Torque></ext:TPX></Extensions></Trackpoint><Trackpoint><Time>2025-08-28T13:00:04.558Z</Time><DistanceMeters>4128.866527742078</DistanceMeters><HeartRateBpm><Value>151</Value></HeartRateBpm><Cadence>27</Cadence><Extensions><ext:TPX><ext:Watts>49.65625</ext:Watts><ext:Torque>20</ext:Torque></ext:TPX></Extensions></Trackpoint><Trackpoint><Time>2025-08-28T13:00:05.644Z</Time><DistanceMeters>4132.83160018895</DistanceMeters><HeartRateBpm><Value>151</Value></HeartRateBpm><Cadence>28</Cadence><Extensions><ext:TPX><ext:Watts>53.483870967741936</ext:Watts><ext:Torque>20</ext:Torque></ext:TPX></Extensions></Trackpoint><Trackpoint><Time>2025-08-28T13:00:06.798Z</Time><DistanceMeters>4136.740365565605</DistanceMeters><HeartRateBpm><Value>151</Value></HeartRateBpm><Cadence>26</Cadence><Extensions><ext:TPX><ext:Watts>49.84848484848485</ext:Watts><ext:Torque>20</ext:Torque></ext:TPX></Extensions></Trackpoint><Trackpoint><Time>2025-08-28T13:00:07.918Z</Time><DistanceMeters>4140.558276238766</DistanceMeters><HeartRateBpm><Value>152</Value></HeartRateBpm><Cadence>27</Cadence><Extensions><ext:TPX><ext:Watts>50.5625</ext:Watts><ext:Torque>20</ext:Torque></ext:TPX></Extensions></Trackpoint><Trackpoint><Time>2025-08-28T13:00:09.073Z</Time><DistanceMeters>4144.295958875531</DistanceMeters><HeartRateBpm><Value>152</Value></HeartRateBpm><Cadence>26</Cadence><Extensions><ext:TPX><ext:Watts>47.666666666666664</ext:Watts><ext:Torque>20</ext:Torque></ext:TPX></Extensions></Trackpoint><Trackpoint><Time>2025-08-28T13:00:10.193Z</Time><DistanceMeters>4147.833071421308</DistanceMeters><HeartRateBpm><Value>152</Value></HeartRateBpm><Cadence>27</Cadence><Extensions><ext:TPX><ext:Watts>46.84375</ext:Watts><ext:Torque>20</ext:Torque></ext:TPX></Extensions></Trackpoint><Trackpoint><Time>2025-08-28T13:00:11.313Z</Time><DistanceMeters>4151.346587485792</DistanceMeters><HeartRateBpm><Value>152</Value></HeartRateBpm><Cadence>27</Cadence><Extensions><ext:TPX><ext:Watts>46.53125</ext:Watts><ext:Torque>20</ext:Torque></ext:TPX></Extensions></Trackpoint><Trackpoint><Time>2025-08-28T13:00:12.398Z</Time><DistanceMeters>4154.85727889231</DistanceMeters><HeartRateBpm><Value>152</Value></HeartRateBpm><Cadence>28</Cadence><Extensions><ext:TPX><ext:Watts>47.354838709677416</ext:Watts><ext:Torque>20</ext:Torque></ext:TPX></Extensions></Trackpoint><Trackpoint><Time>2025-08-28T13:00:13.518Z</Time><DistanceMeters>4158.526531733327</DistanceMeters><HeartRateBpm><Value>152</Value></HeartRateBpm><Cadence>27</Cadence><Extensions><ext:TPX><ext:Watts>48.59375</ext:Watts><ext:Torque>20</ext:Torque></ext:TPX></Extensions></Trackpoint><Trackpoint><Time>2025-08-28T13:00:14.638Z</Time><DistanceMeters>4162.261854721963</DistanceMeters><HeartRateBpm><Value>152</Value></HeartRateBpm><Cadence>27</Cadence><Extensions><ext:TPX><ext:Watts>49.46875</ext:Watts><ext:Torque>20</ext:Torque></ext:TPX></Extensions></Trackpoint><Trackpoint><Time>2025-08-28T13:00:15.758Z</Time><DistanceMeters>4166.008975951245</DistanceMeters><HeartRateBpm><Value>152</Value></HeartRateBpm><Cadence>27</Cadence><Extensions><ext:TPX><ext:Watts>49.625</ext:Watts><ext:Torque>20</ext:Torque></ext:TPX></Extensions></Trackpoint><Trackpoint><Time>2025-08-28T13:00:16.843Z</Time><DistanceMeters>4169.780338586176</DistanceMeters><HeartRateBpm><Value>152</Value></HeartRateBpm><Cadence>28</Cadence><Extensions><ext:TPX><ext:Watts>50.87096774193548</ext:Watts><ext:Torque>20</ext:Torque></ext:TPX></Extensions></Trackpoint><Trackpoint><Time>2025-08-28T13:00:17.963Z</Time><DistanceMeters>4173.499144037907</DistanceMeters><HeartRateBpm><Value>152</Value></HeartRateBpm><Cadence>27</Cadence><Extensions><ext:TPX><ext:Watts>49.25</ext:Watts><ext:Torque>20</ext:Torque></ext:TPX></Extensions></Trackpoint><Trackpoint><Time>2025-08-28T13:00:19.083Z</Time><DistanceMeters>4177.260423155965</DistanceMeters><HeartRateBpm><Value>152</Value></HeartRateBpm><Cadence>27</Cadence><Extensions><ext:TPX><ext:Watts>49.8125</ext:Watts><ext:Torque>20</ext:Torque></ext:TPX></Extensions></Trackpoint><Trackpoint><Time>2025-08-28T13:00:20.203Z</Time><DistanceMeters>4180.991026848343</DistanceMeters><HeartRateBpm><Value>152</Value></HeartRateBpm><Cadence>27</Cadence><Extensions><ext:TPX><ext:Watts>49.40625</ext:Watts><ext:Torque>20</ext:Torque></ext:TPX></Extensions></Trackpoint><Trackpoint><Time>2025-08-28T13:00:21.324Z</Time><DistanceMeters>4184.8207357621495</DistanceMeters><HeartRateBpm><Value>152</Value></HeartRateBpm><Cadence>27</Cadence><Extensions><ext:TPX><ext:Watts>50.71875</ext:Watts><ext:Torque>20</ext:Torque></ext:TPX></Extensions></Trackpoint><Trackpoint><Time>2025-08-28T13:00:22.409Z</Time><DistanceMeters>4188.572966563804</DistanceMeters><HeartRateBpm><Value>152</Value></HeartRateBpm><Cadence>28</Cadence><Extensions><ext:TPX><ext:Watts>50.61290322580645</ext:Watts><ext:Torque>20</ext:Torque></ext:TPX></Extensions></Trackpoint><Trackpoint><Time>2025-08-28T13:00:23.532Z</Time><DistanceMeters>4192.455700778025</DistanceMeters><HeartRateBpm><Value>152</Value></HeartRateBpm><Cadence>26</Cadence><Extensions><ext:TPX><ext:Watts>50.46875</ext:Watts><ext:Torque>20</ext:Torque></ext:TPX></Extensions></Trackpoint><Trackpoint><Time>2025-08-28T13:00:24.648Z</Time><DistanceMeters>4196.181585174144</DistanceMeters><HeartRateBpm><Value>152</Value></HeartRateBpm><Cadence>27</Cadence><Extensions><ext:TPX><ext:Watts>49.34375</ext:Watts><ext:Torque>20</ext:Torque></ext:TPX></Extensions></Trackpoint><Trackpoint><Time>2025-08-28T13:00:25.733Z</Time><DistanceMeters>4200.005560350591</DistanceMeters><HeartRateBpm><Value>152</Value></HeartRateBpm><Cadence>28</Cadence><Extensions><ext:TPX><ext:Watts>51.58064516129032</ext:Watts><ext:Torque>20</ext:Torque></ext:TPX></Extensions></Trackpoint><Trackpoint><Time>2025-08-28T13:00:26.859Z</Time><DistanceMeters>4203.710386000197</DistanceMeters><HeartRateBpm><Value>152</Value></HeartRateBpm><Cadence>26</Cadence><Extensions><ext:TPX><ext:Watts>48.15625</ext:Watts><ext:Torque>20</ext:Torque></ext:TPX></Extensions></Trackpoint><Trackpoint><Time>2025-08-28T13:00:27.979Z</Time><DistanceMeters>4207.330086230499</DistanceMeters><HeartRateBpm><Value>152</Value></HeartRateBpm><Cadence>27</Cadence><Extensions><ext:TPX><ext:Watts>47.9375</ext:Watts><ext:Torque>20</ext:Torque></ext:TPX></Extensions></Trackpoint><Trackpoint><Time>2025-08-28T13:00:29.099Z</Time><DistanceMeters>4211.107882885462</DistanceMeters><HeartRateBpm><Value>153</Value></HeartRateBpm><Cadence>27</Cadence><Extensions><ext:TPX><ext:Watts>50.03125</ext:Watts><ext:Torque>20</ext:Torque></ext:TPX></Extensions></Trackpoint><Trackpoint><Time>2025-08-28T13:00:30.218Z</Time><DistanceMeters>4214.821969040934</DistanceMeters><HeartRateBpm><Value>153</Value></HeartRateBpm><Cadence>27</Cadence><Extensions><ext:TPX><ext:Watts>49.1875</ext:Watts><ext:Torque>20</ext:Torque></ext:TPX></Extensions></Trackpoint><Trackpoint><Time>2025-08-28T13:00:31.338Z</Time><DistanceMeters>4218.536055196407</DistanceMeters><HeartRateBpm><Value>153</Value></HeartRateBpm><Cadence>27</Cadence><Extensions><ext:TPX><ext:Watts>49.1875</ext:Watts><ext:Torque>20</ext:Torque></ext:TPX></Extensions></Trackpoint><Trackpoint><Time>2025-08-28T13:00:32.459Z</Time><DistanceMeters>4222.207667685552</DistanceMeters><HeartRateBpm><Value>153</Value></HeartRateBpm><Cadence>27</Cadence><Extensions><ext:TPX><ext:Watts>48.625</ext:Watts><ext:Torque>20</ext:Torque></ext:TPX></Extensions></Trackpoint><Trackpoint><Time>2025-08-28T13:00:33.579Z</Time><DistanceMeters>4225.87220123031</DistanceMeters><HeartRateBpm><Value>153</Value></HeartRateBpm><Cadence>27</Cadence><Extensions><ext:TPX><ext:Watts>48.53125</ext:Watts><ext:Torque>20</ext:Torque></ext:TPX></Extensions></Trackpoint><Trackpoint><Time>2025-08-28T13:00:34.699Z</Time><DistanceMeters>4229.4895418124825</DistanceMeters><HeartRateBpm><Value>153</Value></HeartRateBpm><Cadence>27</Cadence><Extensions><ext:TPX><ext:Watts>47.90625</ext:Watts><ext:Torque>20</ext:Torque></ext:TPX></Extensions></Trackpoint><Trackpoint><Time>2025-08-28T13:00:35.819Z</Time><DistanceMeters>4233.12339993156</DistanceMeters><HeartRateBpm><Value>153</Value></HeartRateBpm><Cadence>27</Cadence><Extensions><ext:TPX><ext:Watts>48.125</ext:Watts><ext:Torque>20</ext:Torque></ext:TPX></Extensions></Trackpoint><Trackpoint><Time>2025-08-28T13:00:36.939Z</Time><DistanceMeters>4236.806810661352</DistanceMeters><HeartRateBpm><Value>153</Value></HeartRateBpm><Cadence>27</Cadence><Extensions><ext:TPX><ext:Watts>48.78125</ext:Watts><ext:Torque>20</ext:Torque></ext:TPX></Extensions></Trackpoint><Trackpoint><Time>2025-08-28T13:00:38.059Z</Time><DistanceMeters>4240.492581039273</DistanceMeters><HeartRateBpm><Value>153</Value></HeartRateBpm><Cadence>27</Cadence><Extensions><ext:TPX><ext:Watts>48.8125</ext:Watts><ext:Torque>20</ext:Torque></ext:TPX></Extensions></Trackpoint><Trackpoint><Time>2025-08-28T13:00:39.179Z</Time><DistanceMeters>4244.09576373267</DistanceMeters><HeartRateBpm><Value>153</Value></HeartRateBpm><Cadence>27</Cadence><Extensions><ext:TPX><ext:Watts>47.71875</ext:Watts><ext:Torque>20</ext:Torque></ext:TPX></Extensions></Trackpoint><Trackpoint><Time>2025-08-28T13:00:40.299Z</Time><DistanceMeters>4247.663551704128</DistanceMeters><HeartRateBpm><Value>154</Value></HeartRateBpm><Cadence>27</Cadence><Extensions><ext:TPX><ext:Watts>47.25</ext:Watts><ext:Torque>20</ext:Torque></ext:TPX></Extensions></Trackpoint><Trackpoint><Time>2025-08-28T13:00:41.419Z</Time><DistanceMeters>4251.2808922863005</DistanceMeters><HeartRateBpm><Value>154</Value></HeartRateBpm><Cadence>27</Cadence><Extensions><ext:TPX><ext:Watts>47.90625</ext:Watts><ext:Torque>20</ext:Torque></ext:TPX></Extensions></Trackpoint><Trackpoint><Time>2025-08-28T13:00:42.539Z</Time><DistanceMeters>4254.836882017112</DistanceMeters><HeartRateBpm><Value>154</Value></HeartRateBpm><Cadence>27</Cadence><Extensions><ext:TPX><ext:Watts>47.09375</ext:Watts><ext:Torque>20</ext:Torque></ext:TPX></Extensions></Trackpoint><Trackpoint><Time>2025-08-28T13:00:43.659Z</Time><DistanceMeters>4258.451862951155</DistanceMeters><HeartRateBpm><Value>154</Value></HeartRateBpm><Cadence>27</Cadence><Extensions><ext:TPX><ext:Watts>47.875</ext:Watts><ext:Torque>20</ext:Torque></ext:TPX></Extensions></Trackpoint><Trackpoint><Time>2025-08-28T13:00:44.814Z</Time><DistanceMeters>4262.194297886251</DistanceMeters><HeartRateBpm><Value>154</Value></HeartRateBpm><Cadence>26</Cadence><Extensions><ext:TPX><ext:Watts>47.72727272727273</ext:Watts><ext:Torque>20</ext:Torque></ext:TPX></Extensions></Trackpoint><Trackpoint><Time>2025-08-28T13:00:45.934Z</Time><DistanceMeters>4265.82343670907</DistanceMeters><HeartRateBpm><Value>154</Value></HeartRateBpm><Cadence>27</Cadence><Extensions><ext:TPX><ext:Watts>48.0625</ext:Watts><ext:Torque>20</ext:Torque></ext:TPX></Extensions></Trackpoint><Trackpoint><Time>2025-08-28T13:00:47.089Z</Time><DistanceMeters>4269.340137473477</DistanceMeters><HeartRateBpm><Value>154</Value></HeartRateBpm><Cadence>26</Cadence><Extensions><ext:TPX><ext:Watts>44.84848484848485</ext:Watts><ext:Torque>20</ext:Torque></ext:TPX></Extensions></Trackpoint><Trackpoint><Time>2025-08-28T13:00:48.209Z</Time><DistanceMeters>4272.903206148676</DistanceMeters><HeartRateBpm><Value>154</Value></HeartRateBpm><Cadence>27</Cadence><Extensions><ext:TPX><ext:Watts>47.1875</ext:Watts><ext:Torque>20</ext:Torque></ext:TPX></Extensions></Trackpoint><Trackpoint><Time>2025-08-28T13:00:49.330Z</Time><DistanceMeters>4276.506388842073</DistanceMeters><HeartRateBpm><Value>154</Value></HeartRateBpm><Cadence>27</Cadence><Extensions><ext:TPX><ext:Watts>47.71875</ext:Watts><ext:Torque>20</ext:Torque></ext:TPX></Extensions></Trackpoint><Trackpoint><Time>2025-08-28T13:00:50.484Z</Time><DistanceMeters>4280.006456562324</DistanceMeters><HeartRateBpm><Value>154</Value></HeartRateBpm><Cadence>26</Cadence><Extensions><ext:TPX><ext:Watts>44.63636363636363</ext:Watts><ext:Torque>20</ext:Torque></ext:TPX></Extensions></Trackpoint><Trackpoint><Time>2025-08-28T13:00:51.604Z</Time><DistanceMeters>4283.522332274938</DistanceMeters><HeartRateBpm><Value>153</Value></HeartRateBpm><Cadence>27</Cadence><Extensions><ext:TPX><ext:Watts>46.5625</ext:Watts><ext:Torque>20</ext:Torque></ext:TPX></Extensions></Trackpoint><Trackpoint><Time>2025-08-28T13:00:52.759Z</Time><DistanceMeters>4287.046161486841</DistanceMeters><HeartRateBpm><Value>153</Value></HeartRateBpm><Cadence>26</Cadence><Extensions><ext:TPX><ext:Watts>44.93939393939394</ext:Watts><ext:Torque>20</ext:Torque></ext:TPX></Extensions></Trackpoint><Trackpoint><Time>2025-08-28T13:00:53.879Z</Time><DistanceMeters>4290.524282829387</DistanceMeters><HeartRateBpm><Value>153</Value></HeartRateBpm><Cadence>27</Cadence><Extensions><ext:TPX><ext:Watts>46.0625</ext:Watts><ext:Torque>20</ext:Torque></ext:TPX></Extensions></Trackpoint><Trackpoint><Time>2025-08-28T13:00:54.964Z</Time><DistanceMeters>4293.944098027835</DistanceMeters><HeartRateBpm><Value>153</Value></HeartRateBpm><Cadence>28</Cadence><Extensions><ext:TPX><ext:Watts>46.12903225806452</ext:Watts><ext:Torque>20</ext:Torque></ext:TPX></Extensions></Trackpoint><Trackpoint><Time>2025-08-28T13:00:56.084Z</Time><DistanceMeters>4297.478850925483</DistanceMeters><HeartRateBpm><Value>153</Value></HeartRateBpm><Cadence>27</Cadence><Extensions><ext:TPX><ext:Watts>46.8125</ext:Watts><ext:Torque>20</ext:Torque></ext:TPX></Extensions></Trackpoint><Trackpoint><Time>2025-08-28T13:00:57.204Z</Time><DistanceMeters>4301.105630100173</DistanceMeters><HeartRateBpm><Value>153</Value></HeartRateBpm><Cadence>27</Cadence><Extensions><ext:TPX><ext:Watts>48.03125</ext:Watts><ext:Torque>20</ext:Torque></ext:TPX></Extensions></Trackpoint><Trackpoint><Time>2025-08-28T13:00:58.325Z</Time><DistanceMeters>4304.704093497311</DistanceMeters><HeartRateBpm><Value>153</Value></HeartRateBpm><Cadence>27</Cadence><Extensions><ext:TPX><ext:Watts>47.65625</ext:Watts><ext:Torque>20</ext:Torque></ext:TPX></Extensions></Trackpoint><Trackpoint><Time>2025-08-28T13:00:59.409Z</Time><DistanceMeters>4308.334358861817</DistanceMeters><HeartRateBpm><Value>153</Value></HeartRateBpm><Cadence>28</Cadence><Extensions><ext:TPX><ext:Watts>48.96774193548387</ext:Watts><ext:Torque>20</ext:Torque></ext:TPX></Extensions></Trackpoint><Trackpoint><Time>2025-08-28T13:01:00.529Z</Time><DistanceMeters>4312.024848535997</DistanceMeters><HeartRateBpm><Value>153</Value></HeartRateBpm><Cadence>27</Cadence><Extensions><ext:TPX><ext:Watts>48.875</ext:Watts><ext:Torque>20</ext:Torque></ext:TPX></Extensions></Trackpoint><Trackpoint><Time>2025-08-28T13:01:01.649Z</Time><DistanceMeters>4315.649268062557</DistanceMeters><HeartRateBpm><Value>153</Value></HeartRateBpm><Cadence>27</Cadence><Extensions><ext:TPX><ext:Watts>48.0</ext:Watts><ext:Torque>20</ext:Torque></ext:TPX></Extensions></Trackpoint><Trackpoint><Time>2025-08-28T13:01:02.769Z</Time><DistanceMeters>4319.325599847961</DistanceMeters><HeartRateBpm><Value>153</Value></HeartRateBpm><Cadence>27</Cadence><Extensions><ext:TPX><ext:Watts>48.6875</ext:Watts><ext:Torque>20</ext:Torque></ext:TPX></Extensions></Trackpoint><Trackpoint><Time>2025-08-28T13:01:03.854Z</Time><DistanceMeters>4322.989345920703</DistanceMeters><HeartRateBpm><Value>153</Value></HeartRateBpm><Cadence>28</Cadence><Extensions><ext:TPX><ext:Watts>49.41935483870968</ext:Watts><ext:Torque>20</ext:Torque></ext:TPX></Extensions></Trackpoint><Trackpoint><Time>2025-08-28T13:01:05.009Z</Time><DistanceMeters>4326.83870756823</DistanceMeters><HeartRateBpm><Value>153</Value></HeartRateBpm><Cadence>26</Cadence><Extensions><ext:TPX><ext:Watts>49.09090909090909</ext:Watts><ext:Torque>20</ext:Torque></ext:TPX></Extensions></Trackpoint><Trackpoint><Time>2025-08-28T13:01:06.164Z</Time><DistanceMeters>4330.56450945917</DistanceMeters><HeartRateBpm><Value>153</Value></HeartRateBpm><Cadence>26</Cadence><Extensions><ext:TPX><ext:Watts>47.515151515151516</ext:Watts><ext:Torque>20</ext:Torque></ext:TPX></Extensions></Trackpoint><Trackpoint><Time>2025-08-28T13:01:07.319Z</Time><DistanceMeters>4334.349715079238</DistanceMeters><HeartRateBpm><Value>153</Value></HeartRateBpm><Cadence>26</Cadence><Extensions><ext:TPX><ext:Watts>48.27272727272727</ext:Watts><ext:Torque>20</ext:Torque></ext:TPX></Extensions></Trackpoint><Trackpoint><Time>2025-08-28T13:01:08.439Z</Time><DistanceMeters>4337.955257420765</DistanceMeters><HeartRateBpm><Value>152</Value></HeartRateBpm><Cadence>27</Cadence><Extensions><ext:TPX><ext:Watts>47.75</ext:Watts><ext:Torque>20</ext:Torque></ext:TPX></Extensions></Trackpoint><Trackpoint><Time>2025-08-28T13:01:09.594Z</Time><DistanceMeters>4341.721453847512</DistanceMeters><HeartRateBpm><Value>153</Value></HeartRateBpm><Cadence>26</Cadence><Extensions><ext:TPX><ext:Watts>48.03030303030303</ext:Watts><ext:Torque>20</ext:Torque></ext:TPX></Extensions></Trackpoint><Trackpoint><Time>2025-08-28T13:01:10.714Z</Time><DistanceMeters>4345.2892418189695</DistanceMeters><HeartRateBpm><Value>153</Value></HeartRateBpm><Cadence>27</Cadence><Extensions><ext:TPX><ext:Watts>47.25</ext:Watts><ext:Torque>20</ext:Torque></ext:TPX></Extensions></Trackpoint><Trackpoint><Time>2025-08-28T13:01:11.834Z</Time><DistanceMeters>4349.029284103864</DistanceMeters><HeartRateBpm><Value>153</Value></HeartRateBpm><Cadence>27</Cadence><Extensions><ext:TPX><ext:Watts>49.53125</ext:Watts><ext:Torque>20</ext:Torque></ext:TPX></Extensions></Trackpoint><Trackpoint><Time>2025-08-28T13:01:12.989Z</Time><DistanceMeters>4352.8715173038945</DistanceMeters><HeartRateBpm><Value>153</Value></HeartRateBpm><Cadence>26</Cadence><Extensions><ext:TPX><ext:Watts>49.0</ext:Watts><ext:Torque>20</ext:Torque></ext:TPX></Extensions></Trackpoint><Trackpoint><Time>2025-08-28T13:01:14.109Z</Time><DistanceMeters>4356.564366626204</DistanceMeters><HeartRateBpm><Value>153</Value></HeartRateBpm><Cadence>27</Cadence><Extensions><ext:TPX><ext:Watts>48.90625</ext:Watts><ext:Torque>20</ext:Torque></ext:TPX></Extensions></Trackpoint><Trackpoint><Time>2025-08-28T13:01:15.229Z</Time><DistanceMeters>4360.127435301403</DistanceMeters><HeartRateBpm><Value>153</Value></HeartRateBpm><Cadence>27</Cadence><Extensions><ext:TPX><ext:Watts>47.1875</ext:Watts><ext:Torque>20</ext:Torque></ext:TPX></Extensions></Trackpoint><Trackpoint><Time>2025-08-28T13:01:16.315Z</Time><DistanceMeters>4363.934670123731</DistanceMeters><HeartRateBpm><Value>153</Value></HeartRateBpm><Cadence>28</Cadence><Extensions><ext:TPX><ext:Watts>51.354838709677416</ext:Watts><ext:Torque>20</ext:Torque></ext:TPX></Extensions></Trackpoint><Trackpoint><Time>2025-08-28T13:01:17.469Z</Time><DistanceMeters>4367.836307052891</DistanceMeters><HeartRateBpm><Value>153</Value></HeartRateBpm><Cadence>26</Cadence><Extensions><ext:TPX><ext:Watts>49.75757575757576</ext:Watts><ext:Torque>20</ext:Torque></ext:TPX></Extensions></Trackpoint><Trackpoint><Time>2025-08-28T13:01:18.590Z</Time><DistanceMeters>4371.717928225542</DistanceMeters><HeartRateBpm><Value>153</Value></HeartRateBpm><Cadence>27</Cadence><Extensions><ext:TPX><ext:Watts>51.40625</ext:Watts><ext:Torque>20</ext:Torque></ext:TPX></Extensions></Trackpoint><Trackpoint><Time>2025-08-28T13:01:19.715Z</Time><DistanceMeters>4375.374670479307</DistanceMeters><HeartRateBpm><Value>153</Value></HeartRateBpm><Cadence>26</Cadence><Extensions><ext:TPX><ext:Watts>47.53125</ext:Watts><ext:Torque>20</ext:Torque></ext:TPX></Extensions></Trackpoint><Trackpoint><Time>2025-08-28T13:01:20.870Z</Time><DistanceMeters>4379.169380696035</DistanceMeters><HeartRateBpm><Value>153</Value></HeartRateBpm><Cadence>26</Cadence><Extensions><ext:TPX><ext:Watts>48.39393939393939</ext:Watts><ext:Torque>20</ext:Torque></ext:TPX></Extensions></Trackpoint><Trackpoint><Time>2025-08-28T13:01:21.990Z</Time><DistanceMeters>4382.784361630078</DistanceMeters><HeartRateBpm><Value>153</Value></HeartRateBpm><Cadence>27</Cadence><Extensions><ext:TPX><ext:Watts>47.875</ext:Watts><ext:Torque>20</ext:Torque></ext:TPX></Extensions></Trackpoint><Trackpoint><Time>2025-08-28T13:01:23.110Z</Time><DistanceMeters>4386.649465265824</DistanceMeters><HeartRateBpm><Value>153</Value></HeartRateBpm><Cadence>27</Cadence><Extensions><ext:TPX><ext:Watts>51.1875</ext:Watts><ext:Torque>20</ext:Torque></ext:TPX></Extensions></Trackpoint><Trackpoint><Time>2025-08-28T13:01:24.195Z</Time><DistanceMeters>4390.349083525963</DistanceMeters><HeartRateBpm><Value>154</Value></HeartRateBpm><Cadence>28</Cadence><Extensions><ext:TPX><ext:Watts>49.903225806451616</ext:Watts><ext:Torque>20</ext:Torque></ext:TPX></Extensions></Trackpoint><Trackpoint><Time>2025-08-28T13:01:24.720Z</Time><DistanceMeters>4390.6471443422915</DistanceMeters><HeartRateBpm><Value>154</Value></HeartRateBpm><Cadence>57</Cadence><Extensions><ext:TPX><ext:Watts>8.333333333333334</ext:Watts><ext:Torque>40</ext:Torque></ext:TPX></Extensions></Trackpoint><Trackpoint><Time>2025-08-28T13:01:26.540Z</Time><DistanceMeters>4390.649503990421</DistanceMeters><HeartRateBpm><Value>154</Value></HeartRateBpm><Cadence>27</Cadence><Extensions><ext:TPX><ext:Watts>0.03125</ext:Watts><ext:Torque>52</ext:Torque></ext:TPX></Extensions></Trackpoint><Trackpoint><Time>2025-08-28T13:01:27.555Z</Time><DistanceMeters>4394.445770994534</DistanceMeters><HeartRateBpm><Value>154</Value></HeartRateBpm><Cadence>30</Cadence><Extensions><ext:TPX><ext:Watts>54.93103448275862</ext:Watts><ext:Torque>20</ext:Torque></ext:TPX></Extensions></Trackpoint><Trackpoint><Time>2025-08-28T13:01:28.675Z</Time><DistanceMeters>4398.2754799083405</DistanceMeters><HeartRateBpm><Value>154</Value></HeartRateBpm><Cadence>27</Cadence><Extensions><ext:TPX><ext:Watts>50.71875</ext:Watts><ext:Torque>20</ext:Torque></ext:TPX></Extensions></Trackpoint><Trackpoint><Time>2025-08-28T13:01:29.760Z</Time><DistanceMeters>4402.097063605627</DistanceMeters><HeartRateBpm><Value>154</Value></HeartRateBpm><Cadence>28</Cadence><Extensions><ext:TPX><ext:Watts>51.54838709677419</ext:Watts><ext:Torque>20</ext:Torque></ext:TPX></Extensions></Trackpoint><Trackpoint><Time>2025-08-28T13:01:30.845Z</Time><DistanceMeters>4405.7464608034115</DistanceMeters><HeartRateBpm><Value>154</Value></HeartRateBpm><Cadence>28</Cadence><Extensions><ext:TPX><ext:Watts>49.225806451612904</ext:Watts><ext:Torque>20</ext:Torque></ext:TPX></Extensions></Trackpoint><Trackpoint><Time>2025-08-28T13:01:31.965Z</Time><DistanceMeters>4409.34256455242</DistanceMeters><HeartRateBpm><Value>153</Value></HeartRateBpm><Cadence>27</Cadence><Extensions><ext:TPX><ext:Watts>47.625</ext:Watts><ext:Torque>20</ext:Torque></ext:TPX></Extensions></Trackpoint><Trackpoint><Time>2025-08-28T13:01:33.050Z</Time><DistanceMeters>4413.013485062643</DistanceMeters><HeartRateBpm><Value>153</Value></HeartRateBpm><Cadence>28</Cadence><Extensions><ext:TPX><ext:Watts>49.516129032258064</ext:Watts><ext:Torque>20</ext:Torque></ext:TPX></Extensions></Trackpoint><Trackpoint><Time>2025-08-28T13:01:34.170Z</Time><DistanceMeters>4416.564755497196</DistanceMeters><HeartRateBpm><Value>153</Value></HeartRateBpm><Cadence>27</Cadence><Extensions><ext:TPX><ext:Watts>47.03125</ext:Watts><ext:Torque>20</ext:Torque></ext:TPX></Extensions></Trackpoint><Trackpoint><Time>2025-08-28T13:01:35.255Z</Time><DistanceMeters>4420.0563150704365</DistanceMeters><HeartRateBpm><Value>153</Value></HeartRateBpm><Cadence>28</Cadence><Extensions><ext:TPX><ext:Watts>47.096774193548384</ext:Watts><ext:Torque>20</ext:Torque></ext:TPX></Extensions></Trackpoint><Trackpoint><Time>2025-08-28T13:01:36.305Z</Time><DistanceMeters>4423.642582812507</DistanceMeters><HeartRateBpm><Value>152</Value></HeartRateBpm><Cadence>28</Cadence><Extensions><ext:TPX><ext:Watts>50.13333333333333</ext:Watts><ext:Torque>20</ext:Torque></ext:TPX></Extensions></Trackpoint><Trackpoint><Time>2025-08-28T13:01:37.390Z</Time><DistanceMeters>4427.052832094316</DistanceMeters><HeartRateBpm><Value>152</Value></HeartRateBpm><Cadence>28</Cadence><Extensions><ext:TPX><ext:Watts>46.0</ext:Watts><ext:Torque>20</ext:Torque></ext:TPX></Extensions></Trackpoint><Trackpoint><Time>2025-08-28T13:01:38.475Z</Time><DistanceMeters>4430.711795208739</DistanceMeters><HeartRateBpm><Value>151</Value></HeartRateBpm><Cadence>28</Cadence><Extensions><ext:TPX><ext:Watts>49.354838709677416</ext:Watts><ext:Torque>20</ext:Torque></ext:TPX></Extensions></Trackpoint><Trackpoint><Time>2025-08-28T13:01:39.525Z</Time><DistanceMeters>4434.312369869993</DistanceMeters><HeartRateBpm><Value>151</Value></HeartRateBpm><Cadence>28</Cadence><Extensions><ext:TPX><ext:Watts>50.333333333333336</ext:Watts><ext:Torque>20</ext:Torque></ext:TPX></Extensions></Trackpoint><Trackpoint><Time>2025-08-28T13:01:40.575Z</Time><DistanceMeters>4438.034553344309</DistanceMeters><HeartRateBpm><Value>150</Value></HeartRateBpm><Cadence>28</Cadence><Extensions><ext:TPX><ext:Watts>52.03333333333333</ext:Watts><ext:Torque>20</ext:Torque></ext:TPX></Extensions></Trackpoint><Trackpoint><Time>2025-08-28T13:01:41.660Z</Time><DistanceMeters>4441.774826750164</DistanceMeters><HeartRateBpm><Value>150</Value></HeartRateBpm><Cadence>28</Cadence><Extensions><ext:TPX><ext:Watts>50.45161290322581</ext:Watts><ext:Torque>20</ext:Torque></ext:TPX></Extensions></Trackpoint><Trackpoint><Time>2025-08-28T13:01:42.710Z</Time><DistanceMeters>4445.284790923253</DistanceMeters><HeartRateBpm><Value>150</Value></HeartRateBpm><Cadence>28</Cadence><Extensions><ext:TPX><ext:Watts>49.06666666666667</ext:Watts><ext:Torque>20</ext:Torque></ext:TPX></Extensions></Trackpoint><Trackpoint><Time>2025-08-28T13:01:43.760Z</Time><DistanceMeters>4448.74706536573</DistanceMeters><HeartRateBpm><Value>149</Value></HeartRateBpm><Cadence>28</Cadence><Extensions><ext:TPX><ext:Watts>48.4</ext:Watts><ext:Torque>20</ext:Torque></ext:TPX></Extensions></Trackpoint><Trackpoint><Time>2025-08-28T13:01:44.810Z</Time><DistanceMeters>4452.2880278637185</DistanceMeters><HeartRateBpm><Value>149</Value></HeartRateBpm><Cadence>28</Cadence><Extensions><ext:TPX><ext:Watts>49.5</ext:Watts><ext:Torque>20</ext:Torque></ext:TPX></Extensions></Trackpoint><Trackpoint><Time>2025-08-28T13:01:45.860Z</Time><DistanceMeters>4455.871911119258</DistanceMeters><HeartRateBpm><Value>150</Value></HeartRateBpm><Cadence>28</Cadence><Extensions><ext:TPX><ext:Watts>50.1</ext:Watts><ext:Torque>20</ext:Torque></ext:TPX></Extensions></Trackpoint><Trackpoint><Time>2025-08-28T13:01:46.910Z</Time><DistanceMeters>4459.517791024594</DistanceMeters><HeartRateBpm><Value>150</Value></HeartRateBpm><Cadence>28</Cadence><Extensions><ext:TPX><ext:Watts>50.96666666666667</ext:Watts><ext:Torque>20</ext:Torque></ext:TPX></Extensions></Trackpoint><Trackpoint><Time>2025-08-28T13:01:47.925Z</Time><DistanceMeters>4463.216351219436</DistanceMeters><HeartRateBpm><Value>150</Value></HeartRateBpm><Cadence>30</Cadence><Extensions><ext:TPX><ext:Watts>53.51724137931034</ext:Watts><ext:Torque>20</ext:Torque></ext:TPX></Extensions></Trackpoint><Trackpoint><Time>2025-08-28T13:01:48.975Z</Time><DistanceMeters>4466.85507766518</DistanceMeters><HeartRateBpm><Value>150</Value></HeartRateBpm><Cadence>28</Cadence><Extensions><ext:TPX><ext:Watts>50.86666666666667</ext:Watts><ext:Torque>20</ext:Torque></ext:TPX></Extensions></Trackpoint><Trackpoint><Time>2025-08-28T13:01:49.995Z</Time><DistanceMeters>4470.615598275657</DistanceMeters><HeartRateBpm><Value>151</Value></HeartRateBpm><Cadence>30</Cadence><Extensions><ext:TPX><ext:Watts>54.41379310344828</ext:Watts><ext:Torque>20</ext:Torque></ext:TPX></Extensions></Trackpoint><Trackpoint><Time>2025-08-28T13:01:51.045Z</Time><DistanceMeters>4474.352088669157</DistanceMeters><HeartRateBpm><Value>151</Value></HeartRateBpm><Cadence>28</Cadence><Extensions><ext:TPX><ext:Watts>52.233333333333334</ext:Watts><ext:Torque>20</ext:Torque></ext:TPX></Extensions></Trackpoint><Trackpoint><Time>2025-08-28T13:01:52.095Z</Time><DistanceMeters>4478.074272143473</DistanceMeters><HeartRateBpm><Value>151</Value></HeartRateBpm><Cadence>28</Cadence><Extensions><ext:TPX><ext:Watts>52.03333333333333</ext:Watts><ext:Torque>20</ext:Torque></ext:TPX></Extensions></Trackpoint><Trackpoint><Time>2025-08-28T13:01:53.110Z</Time><DistanceMeters>4481.744235223406</DistanceMeters><HeartRateBpm><Value>152</Value></HeartRateBpm><Cadence>30</Cadence><Extensions><ext:TPX><ext:Watts>53.10344827586207</ext:Watts><ext:Torque>20</ext:Torque></ext:TPX></Extensions></Trackpoint><Trackpoint><Time>2025-08-28T13:01:54.195Z</Time><DistanceMeters>4485.376892067072</DistanceMeters><HeartRateBpm><Value>152</Value></HeartRateBpm><Cadence>28</Cadence><Extensions><ext:TPX><ext:Watts>49.0</ext:Watts><ext:Torque>20</ext:Torque></ext:TPX></Extensions></Trackpoint><Trackpoint><Time>2025-08-28T13:01:55.245Z</Time><DistanceMeters>4489.003696080163</DistanceMeters><HeartRateBpm><Value>153</Value></HeartRateBpm><Cadence>28</Cadence><Extensions><ext:TPX><ext:Watts>50.7</ext:Watts><ext:Torque>20</ext:Torque></ext:TPX></Extensions></Trackpoint><Trackpoint><Time>2025-08-28T13:01:56.295Z</Time><DistanceMeters>4492.666267391213</DistanceMeters><HeartRateBpm><Value>153</Value></HeartRateBpm><Cadence>28</Cadence><Extensions><ext:TPX><ext:Watts>51.2</ext:Watts><ext:Torque>20</ext:Torque></ext:TPX></Extensions></Trackpoint><Trackpoint><Time>2025-08-28T13:01:57.345Z</Time><DistanceMeters>4496.254919619814</DistanceMeters><HeartRateBpm><Value>153</Value></HeartRateBpm><Cadence>28</Cadence><Extensions><ext:TPX><ext:Watts>50.166666666666664</ext:Watts><ext:Torque>20</ext:Torque></ext:TPX></Extensions></Trackpoint><Trackpoint><Time>2025-08-28T13:01:58.395Z</Time><DistanceMeters>4499.948489255763</DistanceMeters><HeartRateBpm><Value>154</Value></HeartRateBpm><Cadence>28</Cadence><Extensions><ext:TPX><ext:Watts>51.63333333333333</ext:Watts><ext:Torque>20</ext:Torque></ext:TPX></Extensions></Trackpoint><Trackpoint><Time>2025-08-28T13:01:59.450Z</Time><DistanceMeters>4503.458453428852</DistanceMeters><HeartRateBpm><Value>154</Value></HeartRateBpm><Cadence>28</Cadence><Extensions><ext:TPX><ext:Watts>49.06666666666667</ext:Watts><ext:Torque>20</ext:Torque></ext:TPX></Extensions></Trackpoint><Trackpoint><Time>2025-08-28T13:02:00.500Z</Time><DistanceMeters>4507.0113383594935</DistanceMeters><HeartRateBpm><Value>154</Value></HeartRateBpm><Cadence>28</Cadence><Extensions><ext:TPX><ext:Watts>49.666666666666664</ext:Watts><ext:Torque>20</ext:Torque></ext:TPX></Extensions></Trackpoint><Trackpoint><Time>2025-08-28T13:02:01.550Z</Time><DistanceMeters>4510.800287456667</DistanceMeters><HeartRateBpm><Value>155</Value></HeartRateBpm><Cadence>28</Cadence><Extensions><ext:TPX><ext:Watts>52.96666666666667</ext:Watts><ext:Torque>20</ext:Torque></ext:TPX></Extensions></Trackpoint><Trackpoint><Time>2025-08-28T13:02:02.600Z</Time><DistanceMeters>4514.58446758078</DistanceMeters><HeartRateBpm><Value>155</Value></HeartRateBpm><Cadence>28</Cadence><Extensions><ext:TPX><ext:Watts>52.9</ext:Watts><ext:Torque>20</ext:Torque></ext:TPX></Extensions></Trackpoint><Trackpoint><Time>2025-08-28T13:02:03.650Z</Time><DistanceMeters>4518.354340785709</DistanceMeters><HeartRateBpm><Value>155</Value></HeartRateBpm><Cadence>28</Cadence><Extensions><ext:TPX><ext:Watts>52.7</ext:Watts><ext:Torque>20</ext:Torque></ext:TPX></Extensions></Trackpoint><Trackpoint><Time>2025-08-28T13:02:04.735Z</Time><DistanceMeters>4522.152009691397</DistanceMeters><HeartRateBpm><Value>155</Value></HeartRateBpm><Cadence>28</Cadence><Extensions><ext:TPX><ext:Watts>51.225806451612904</ext:Watts><ext:Torque>20</ext:Torque></ext:TPX></Extensions></Trackpoint><Trackpoint><Time>2025-08-28T13:02:05.820Z</Time><DistanceMeters>4525.952070076246</DistanceMeters><HeartRateBpm><Value>155</Value></HeartRateBpm><Cadence>28</Cadence><Extensions><ext:TPX><ext:Watts>51.25806451612903</ext:Watts><ext:Torque>20</ext:Torque></ext:TPX></Extensions></Trackpoint><Trackpoint><Time>2025-08-28T13:02:06.906Z</Time><DistanceMeters>4529.754521940255</DistanceMeters><HeartRateBpm><Value>155</Value></HeartRateBpm><Cadence>28</Cadence><Extensions><ext:TPX><ext:Watts>51.29032258064516</ext:Watts><ext:Torque>20</ext:Torque></ext:TPX></Extensions></Trackpoint><Trackpoint><Time>2025-08-28T13:02:07.991Z</Time><DistanceMeters>4533.564148241742</DistanceMeters><HeartRateBpm><Value>156</Value></HeartRateBpm><Cadence>28</Cadence><Extensions><ext:TPX><ext:Watts>51.38709677419355</ext:Watts><ext:Torque>20</ext:Torque></ext:TPX></Extensions></Trackpoint><Trackpoint><Time>2025-08-28T13:02:09.076Z</Time><DistanceMeters>4537.263766501881</DistanceMeters><HeartRateBpm><Value>156</Value></HeartRateBpm><Cadence>28</Cadence><Extensions><ext:TPX><ext:Watts>49.903225806451616</ext:Watts><ext:Torque>20</ext:Torque></ext:TPX></Extensions></Trackpoint><Trackpoint><Time>2025-08-28T13:02:10.126Z</Time><DistanceMeters>4541.026486247218</DistanceMeters><HeartRateBpm><Value>156</Value></HeartRateBpm><Cadence>28</Cadence><Extensions><ext:TPX><ext:Watts>52.6</ext:Watts><ext:Torque>20</ext:Torque></ext:TPX></Extensions></Trackpoint><Trackpoint><Time>2025-08-28T13:02:11.211Z</Time><DistanceMeters>4544.6256623826475</DistanceMeters><HeartRateBpm><Value>156</Value></HeartRateBpm><Cadence>28</Cadence><Extensions><ext:TPX><ext:Watts>48.54838709677419</ext:Watts><ext:Torque>20</ext:Torque></ext:TPX></Extensions></Trackpoint><Trackpoint><Time>2025-08-28T13:02:12.296Z</Time><DistanceMeters>4548.509424538088</DistanceMeters><HeartRateBpm><Value>156</Value></HeartRateBpm><Cadence>28</Cadence><Extensions><ext:TPX><ext:Watts>52.38709677419355</ext:Watts><ext:Torque>20</ext:Torque></ext:TPX></Extensions></Trackpoint><Trackpoint><Time>2025-08-28T13:02:13.381Z</Time><DistanceMeters>4552.237740548144</DistanceMeters><HeartRateBpm><Value>156</Value></HeartRateBpm><Cadence>28</Cadence><Extensions><ext:TPX><ext:Watts>50.29032258064516</ext:Watts><ext:Torque>20</ext:Torque></ext:TPX></Extensions></Trackpoint><Trackpoint><Time>2025-08-28T13:02:14.431Z</Time><DistanceMeters>4555.92177223797</DistanceMeters><HeartRateBpm><Value>156</Value></HeartRateBpm><Cadence>28</Cadence><Extensions><ext:TPX><ext:Watts>51.5</ext:Watts><ext:Torque>20</ext:Torque></ext:TPX></Extensions></Trackpoint><Trackpoint><Time>2025-08-28T13:02:15.516Z</Time><DistanceMeters>4559.8366236224865</DistanceMeters><HeartRateBpm><Value>157</Value></HeartRateBpm><Cadence>28</Cadence><Extensions><ext:TPX><ext:Watts>52.806451612903224</ext:Watts><ext:Torque>20</ext:Torque></ext:TPX></Extensions></Trackpoint><Trackpoint><Time>2025-08-28T13:02:16.601Z</Time><DistanceMeters>4563.69168802801</DistanceMeters><HeartRateBpm><Value>157</Value></HeartRateBpm><Cadence>28</Cadence><Extensions><ext:TPX><ext:Watts>52.0</ext:Watts><ext:Torque>20</ext:Torque></ext:TPX></Extensions></Trackpoint><Trackpoint><Time>2025-08-28T13:02:17.686Z</Time><DistanceMeters>4567.243034580244</DistanceMeters><HeartRateBpm><Value>157</Value></HeartRateBpm><Cadence>28</Cadence><Extensions><ext:TPX><ext:Watts>47.903225806451616</ext:Watts><ext:Torque>20</ext:Torque></ext:TPX></Extensions></Trackpoint><Trackpoint><Time>2025-08-28T13:02:18.736Z</Time><DistanceMeters>4571.022445731295</DistanceMeters><HeartRateBpm><Value>157</Value></HeartRateBpm><Cadence>28</Cadence><Extensions><ext:TPX><ext:Watts>52.833333333333336</ext:Watts><ext:Torque>20</ext:Torque></ext:TPX></Extensions></Trackpoint><Trackpoint><Time>2025-08-28T13:02:19.821Z</Time><DistanceMeters>4574.803374282866</DistanceMeters><HeartRateBpm><Value>157</Value></HeartRateBpm><Cadence>28</Cadence><Extensions><ext:TPX><ext:Watts>51.0</ext:Watts><ext:Torque>20</ext:Torque></ext:TPX></Extensions></Trackpoint><Trackpoint><Time>2025-08-28T13:02:20.906Z</Time><DistanceMeters>4578.500601063845</DistanceMeters><HeartRateBpm><Value>157</Value></HeartRateBpm><Cadence>28</Cadence><Extensions><ext:TPX><ext:Watts>49.87096774193548</ext:Watts><ext:Torque>20</ext:Torque></ext:TPX></Extensions></Trackpoint><Trackpoint><Time>2025-08-28T13:02:21.956Z</Time><DistanceMeters>4582.13932750959</DistanceMeters><HeartRateBpm><Value>157</Value></HeartRateBpm><Cadence>28</Cadence><Extensions><ext:TPX><ext:Watts>50.86666666666667</ext:Watts><ext:Torque>20</ext:Torque></ext:TPX></Extensions></Trackpoint><Trackpoint><Time>2025-08-28T13:02:23.076Z</Time><DistanceMeters>4585.912404868294</DistanceMeters><HeartRateBpm><Value>157</Value></HeartRateBpm><Cadence>27</Cadence><Extensions><ext:TPX><ext:Watts>49.96875</ext:Watts><ext:Torque>20</ext:Torque></ext:TPX></Extensions></Trackpoint><Trackpoint><Time>2025-08-28T13:02:24.196Z</Time><DistanceMeters>4589.588736653698</DistanceMeters><HeartRateBpm><Value>157</Value></HeartRateBpm><Cadence>27</Cadence><Extensions><ext:TPX><ext:Watts>48.6875</ext:Watts><ext:Torque>20</ext:Torque></ext:TPX></Extensions></Trackpoint><Trackpoint><Time>2025-08-28T13:02:25.281Z</Time><DistanceMeters>4593.185521309968</DistanceMeters><HeartRateBpm><Value>158</Value></HeartRateBpm><Cadence>28</Cadence><Extensions><ext:TPX><ext:Watts>48.516129032258064</ext:Watts><ext:Torque>20</ext:Torque></ext:TPX></Extensions></Trackpoint><Trackpoint><Time>2025-08-28T13:02:26.366Z</Time><DistanceMeters>4596.6292513000135</DistanceMeters><HeartRateBpm><Value>158</Value></HeartRateBpm><Cadence>28</Cadence><Extensions><ext:TPX><ext:Watts>46.45161290322581</ext:Watts><ext:Torque>20</ext:Torque></ext:TPX></Extensions></Trackpoint><Trackpoint><Time>2025-08-28T13:02:27.451Z</Time><DistanceMeters>4600.228427435443</DistanceMeters><HeartRateBpm><Value>158</Value></HeartRateBpm><Cadence>28</Cadence><Extensions><ext:TPX><ext:Watts>48.54838709677419</ext:Watts><ext:Torque>20</ext:Torque></ext:TPX></Extensions></Trackpoint><Trackpoint><Time>2025-08-28T13:02:28.501Z</Time><DistanceMeters>4603.881460800371</DistanceMeters><HeartRateBpm><Value>158</Value></HeartRateBpm><Cadence>28</Cadence><Extensions><ext:TPX><ext:Watts>51.06666666666667</ext:Watts><ext:Torque>20</ext:Torque></ext:TPX></Extensions></Trackpoint><Trackpoint><Time>2025-08-28T13:02:29.591Z</Time><DistanceMeters>4607.88240543464</DistanceMeters><HeartRateBpm><Value>157</Value></HeartRateBpm><Cadence>28</Cadence><Extensions><ext:TPX><ext:Watts>53.96774193548387</ext:Watts><ext:Torque>20</ext:Torque></ext:TPX></Extensions></Trackpoint><Trackpoint><Time>2025-08-28T13:02:30.641Z</Time><DistanceMeters>4611.7715029661</DistanceMeters><HeartRateBpm><Value>157</Value></HeartRateBpm><Cadence>28</Cadence><Extensions><ext:TPX><ext:Watts>54.36666666666667</ext:Watts><ext:Torque>20</ext:Torque></ext:TPX></Extensions></Trackpoint><Trackpoint><Time>2025-08-28T13:02:31.726Z</Time><DistanceMeters>4615.619392934144</DistanceMeters><HeartRateBpm><Value>157</Value></HeartRateBpm><Cadence>28</Cadence><Extensions><ext:TPX><ext:Watts>51.903225806451616</ext:Watts><ext:Torque>20</ext:Torque></ext:TPX></Extensions></Trackpoint><Trackpoint><Time>2025-08-28T13:02:32.811Z</Time><DistanceMeters>4619.342925985881</DistanceMeters><HeartRateBpm><Value>157</Value></HeartRateBpm><Cadence>28</Cadence><Extensions><ext:TPX><ext:Watts>50.225806451612904</ext:Watts><ext:Torque>20</ext:Torque></ext:TPX></Extensions></Trackpoint><Trackpoint><Time>2025-08-28T13:02:33.861Z</Time><DistanceMeters>4623.065109460197</DistanceMeters><HeartRateBpm><Value>157</Value></HeartRateBpm><Cadence>28</Cadence><Extensions><ext:TPX><ext:Watts>52.03333333333333</ext:Watts><ext:Torque>20</ext:Torque></ext:TPX></Extensions></Trackpoint><Trackpoint><Time>2025-08-28T13:02:34.946Z</Time><DistanceMeters>4626.745595887059</DistanceMeters><HeartRateBpm><Value>157</Value></HeartRateBpm><Cadence>28</Cadence><Extensions><ext:TPX><ext:Watts>49.645161290322584</ext:Watts><ext:Torque>20</ext:Torque></ext:TPX></Extensions></Trackpoint><Trackpoint><Time>2025-08-28T13:02:36.031Z</Time><DistanceMeters>4630.371078293246</DistanceMeters><HeartRateBpm><Value>157</Value></HeartRateBpm><Cadence>28</Cadence><Extensions><ext:TPX><ext:Watts>48.903225806451616</ext:Watts><ext:Torque>20</ext:Torque></ext:TPX></Extensions></Trackpoint><Trackpoint><Time>2025-08-28T13:02:37.081Z</Time><DistanceMeters>4633.93827014307</DistanceMeters><HeartRateBpm><Value>157</Value></HeartRateBpm><Cadence>28</Cadence><Extensions><ext:TPX><ext:Watts>49.86666666666667</ext:Watts><ext:Torque>20</ext:Torque></ext:TPX></Extensions></Trackpoint><Trackpoint><Time>2025-08-28T13:02:38.171Z</Time><DistanceMeters>4637.594841778334</DistanceMeters><HeartRateBpm><Value>157</Value></HeartRateBpm><Cadence>28</Cadence><Extensions><ext:TPX><ext:Watts>49.32258064516129</ext:Watts><ext:Torque>20</ext:Torque></ext:TPX></Extensions></Trackpoint><Trackpoint><Time>2025-08-28T13:02:39.221Z</Time><DistanceMeters>4641.183494006935</DistanceMeters><HeartRateBpm><Value>157</Value></HeartRateBpm><Cadence>28</Cadence><Extensions><ext:TPX><ext:Watts>50.166666666666664</ext:Watts><ext:Torque>20</ext:Torque></ext:TPX></Extensions></Trackpoint><Trackpoint><Time>2025-08-28T13:02:40.306Z</Time><DistanceMeters>4644.871154871275</DistanceMeters><HeartRateBpm><Value>157</Value></HeartRateBpm><Cadence>28</Cadence><Extensions><ext:TPX><ext:Watts>49.74193548387097</ext:Watts><ext:Torque>20</ext:Torque></ext:TPX></Extensions></Trackpoint><Trackpoint><Time>2025-08-28T13:02:41.356Z</Time><DistanceMeters>4648.724485104776</DistanceMeters><HeartRateBpm><Value>157</Value></HeartRateBpm><Cadence>28</Cadence><Extensions><ext:TPX><ext:Watts>53.86666666666667</ext:Watts><ext:Torque>20</ext:Torque></ext:TPX></Extensions></Trackpoint><Trackpoint><Time>2025-08-28T13:02:42.441Z</Time><DistanceMeters>4652.641727968453</DistanceMeters><HeartRateBpm><Value>158</Value></HeartRateBpm><Cadence>28</Cadence><Extensions><ext:TPX><ext:Watts>52.83870967741935</ext:Watts><ext:Torque>20</ext:Torque></ext:TPX></Extensions></Trackpoint><Trackpoint><Time>2025-08-28T13:02:43.527Z</Time><DistanceMeters>4656.391567290947</DistanceMeters><HeartRateBpm><Value>158</Value></HeartRateBpm><Cadence>28</Cadence><Extensions><ext:TPX><ext:Watts>50.58064516129032</ext:Watts><ext:Torque>20</ext:Torque></ext:TPX></Extensions></Trackpoint><Trackpoint><Time>2025-08-28T13:02:44.611Z</Time><DistanceMeters>4659.997917863856</DistanceMeters><HeartRateBpm><Value>158</Value></HeartRateBpm><Cadence>28</Cadence><Extensions><ext:TPX><ext:Watts>48.645161290322584</ext:Watts><ext:Torque>20</ext:Torque></ext:TPX></Extensions></Trackpoint><Trackpoint><Time>2025-08-28T13:02:45.661Z</Time><DistanceMeters>4663.526957929191</DistanceMeters><HeartRateBpm><Value>158</Value></HeartRateBpm><Cadence>28</Cadence><Extensions><ext:TPX><ext:Watts>49.333333333333336</ext:Watts><ext:Torque>20</ext:Torque></ext:TPX></Extensions></Trackpoint><Trackpoint><Time>2025-08-28T13:02:46.746Z</Time><DistanceMeters>4666.975470877555</DistanceMeters><HeartRateBpm><Value>158</Value></HeartRateBpm><Cadence>28</Cadence><Extensions><ext:TPX><ext:Watts>46.516129032258064</ext:Watts><ext:Torque>20</ext:Torque></ext:TPX></Extensions></Trackpoint><Trackpoint><Time>2025-08-28T13:02:47.796Z</Time><DistanceMeters>4670.597505917585</DistanceMeters><HeartRateBpm><Value>158</Value></HeartRateBpm><Cadence>28</Cadence><Extensions><ext:TPX><ext:Watts>50.63333333333333</ext:Watts><ext:Torque>20</ext:Torque></ext:TPX></Extensions></Trackpoint><Trackpoint><Time>2025-08-28T13:02:48.883Z</Time><DistanceMeters>4674.256469032009</DistanceMeters><HeartRateBpm><Value>158</Value></HeartRateBpm><Cadence>28</Cadence><Extensions><ext:TPX><ext:Watts>49.354838709677416</ext:Watts><ext:Torque>20</ext:Torque></ext:TPX></Extensions></Trackpoint><Trackpoint><Time>2025-08-28T13:02:49.966Z</Time><DistanceMeters>4677.8484707299585</DistanceMeters><HeartRateBpm><Value>158</Value></HeartRateBpm><Cadence>28</Cadence><Extensions><ext:TPX><ext:Watts>48.45161290322581</ext:Watts><ext:Torque>20</ext:Torque></ext:TPX></Extensions></Trackpoint><Trackpoint><Time>2025-08-28T13:02:51.051Z</Time><DistanceMeters>4681.5696123025355</DistanceMeters><HeartRateBpm><Value>158</Value></HeartRateBpm><Cadence>28</Cadence><Extensions><ext:TPX><ext:Watts>50.193548387096776</ext:Watts><ext:Torque>20</ext:Torque></ext:TPX></Extensions></Trackpoint><Trackpoint><Time>2025-08-28T13:02:52.136Z</Time><DistanceMeters>4685.290753875112</DistanceMeters><HeartRateBpm><Value>159</Value></HeartRateBpm><Cadence>28</Cadence><Extensions><ext:TPX><ext:Watts>50.193548387096776</ext:Watts><ext:Torque>20</ext:Torque></ext:TPX></Extensions></Trackpoint><Trackpoint><Time>2025-08-28T13:02:53.256Z</Time><DistanceMeters>4688.775954162045</DistanceMeters><HeartRateBpm><Value>159</Value></HeartRateBpm><Cadence>27</Cadence><Extensions><ext:TPX><ext:Watts>46.15625</ext:Watts><ext:Torque>20</ext:Torque></ext:TPX></Extensions></Trackpoint><Trackpoint><Time>2025-08-28T13:02:54.381Z</Time><DistanceMeters>4692.324508775167</DistanceMeters><HeartRateBpm><Value>159</Value></HeartRateBpm><Cadence>26</Cadence><Extensions><ext:TPX><ext:Watts>46.125</ext:Watts><ext:Torque>20</ext:Torque></ext:TPX></Extensions></Trackpoint><Trackpoint><Time>2025-08-28T13:02:55.467Z</Time><DistanceMeters>4695.988254847909</DistanceMeters><HeartRateBpm><Value>159</Value></HeartRateBpm><Cadence>28</Cadence><Extensions><ext:TPX><ext:Watts>49.41935483870968</ext:Watts><ext:Torque>20</ext:Torque></ext:TPX></Extensions></Trackpoint><Trackpoint><Time>2025-08-28T13:02:56.587Z</Time><DistanceMeters>4699.581998948789</DistanceMeters><HeartRateBpm><Value>159</Value></HeartRateBpm><Cadence>27</Cadence><Extensions><ext:TPX><ext:Watts>47.59375</ext:Watts><ext:Torque>20</ext:Torque></ext:TPX></Extensions></Trackpoint><Trackpoint><Time>2025-08-28T13:02:57.706Z</Time><DistanceMeters>4703.244172845418</DistanceMeters><HeartRateBpm><Value>159</Value></HeartRateBpm><Cadence>27</Cadence><Extensions><ext:TPX><ext:Watts>48.5</ext:Watts><ext:Torque>20</ext:Torque></ext:TPX></Extensions></Trackpoint><Trackpoint><Time>2025-08-28T13:02:58.862Z</Time><DistanceMeters>4707.01274542133</DistanceMeters><HeartRateBpm><Value>159</Value></HeartRateBpm><Cadence>26</Cadence><Extensions><ext:TPX><ext:Watts>48.06060606060606</ext:Watts><ext:Torque>20</ext:Torque></ext:TPX></Extensions></Trackpoint><Trackpoint><Time>2025-08-28T13:02:59.947Z</Time><DistanceMeters>4710.616704515079</DistanceMeters><HeartRateBpm><Value>159</Value></HeartRateBpm><Cadence>28</Cadence><Extensions><ext:TPX><ext:Watts>48.61290322580645</ext:Watts><ext:Torque>20</ext:Torque></ext:TPX></Extensions></Trackpoint><Trackpoint><Time>2025-08-28T13:03:01.102Z</Time><DistanceMeters>4714.439928521789</DistanceMeters><HeartRateBpm><Value>159</Value></HeartRateBpm><Cadence>26</Cadence><Extensions><ext:TPX><ext:Watts>48.75757575757576</ext:Watts><ext:Torque>20</ext:Torque></ext:TPX></Extensions></Trackpoint><Trackpoint><Time>2025-08-28T13:03:02.256Z</Time><DistanceMeters>4718.317803959298</DistanceMeters><HeartRateBpm><Value>159</Value></HeartRateBpm><Cadence>26</Cadence><Extensions><ext:TPX><ext:Watts>49.45454545454545</ext:Watts><ext:Torque>20</ext:Torque></ext:TPX></Extensions></Trackpoint><Trackpoint><Time>2025-08-28T13:03:03.377Z</Time><DistanceMeters>4722.024811170382</DistanceMeters><HeartRateBpm><Value>159</Value></HeartRateBpm><Cadence>27</Cadence><Extensions><ext:TPX><ext:Watts>49.09375</ext:Watts><ext:Torque>20</ext:Torque></ext:TPX></Extensions></Trackpoint><Trackpoint><Time>2025-08-28T13:03:04.532Z</Time><DistanceMeters>4725.831402132936</DistanceMeters><HeartRateBpm><Value>158</Value></HeartRateBpm><Cadence>26</Cadence><Extensions><ext:TPX><ext:Watts>48.54545454545455</ext:Watts><ext:Torque>20</ext:Torque></ext:TPX></Extensions></Trackpoint><Trackpoint><Time>2025-08-28T13:03:05.652Z</Time><DistanceMeters>4729.57144441783</DistanceMeters><HeartRateBpm><Value>158</Value></HeartRateBpm><Cadence>27</Cadence><Extensions><ext:TPX><ext:Watts>49.53125</ext:Watts><ext:Torque>20</ext:Torque></ext:TPX></Extensions></Trackpoint><Trackpoint><Time>2025-08-28T13:03:06.772Z</Time><DistanceMeters>4733.29496916582</DistanceMeters><HeartRateBpm><Value>158</Value></HeartRateBpm><Cadence>27</Cadence><Extensions><ext:TPX><ext:Watts>49.3125</ext:Watts><ext:Torque>20</ext:Torque></ext:TPX></Extensions></Trackpoint><Trackpoint><Time>2025-08-28T13:03:07.927Z</Time><DistanceMeters>4737.020771056759</DistanceMeters><HeartRateBpm><Value>158</Value></HeartRateBpm><Cadence>26</Cadence><Extensions><ext:TPX><ext:Watts>47.515151515151516</ext:Watts><ext:Torque>20</ext:Torque></ext:TPX></Extensions></Trackpoint><Trackpoint><Time>2025-08-28T13:03:09.082Z</Time><DistanceMeters>4740.85349966013</DistanceMeters><HeartRateBpm><Value>159</Value></HeartRateBpm><Cadence>26</Cadence><Extensions><ext:TPX><ext:Watts>48.878787878787875</ext:Watts><ext:Torque>20</ext:Torque></ext:TPX></Extensions></Trackpoint><Trackpoint><Time>2025-08-28T13:03:10.202Z</Time><DistanceMeters>4744.6360156113515</DistanceMeters><HeartRateBpm><Value>160</Value></HeartRateBpm><Cadence>27</Cadence><Extensions><ext:TPX><ext:Watts>50.09375</ext:Watts><ext:Torque>20</ext:Torque></ext:TPX></Extensions></Trackpoint><Trackpoint><Time>2025-08-28T13:03:11.357Z</Time><DistanceMeters>4748.487753408043</DistanceMeters><HeartRateBpm><Value>160</Value></HeartRateBpm><Cadence>26</Cadence><Extensions><ext:TPX><ext:Watts>49.121212121212125</ext:Watts><ext:Torque>20</ext:Torque></ext:TPX></Extensions></Trackpoint><Trackpoint><Time>2025-08-28T13:03:12.517Z</Time><DistanceMeters>4752.406023381359</DistanceMeters><HeartRateBpm><Value>161</Value></HeartRateBpm><Cadence>26</Cadence><Extensions><ext:TPX><ext:Watts>49.96969696969697</ext:Watts><ext:Torque>20</ext:Torque></ext:TPX></Extensions></Trackpoint><Trackpoint><Time>2025-08-28T13:03:13.672Z</Time><DistanceMeters>4756.329045653005</DistanceMeters><HeartRateBpm><Value>161</Value></HeartRateBpm><Cadence>26</Cadence><Extensions><ext:TPX><ext:Watts>50.03030303030303</ext:Watts><ext:Torque>20</ext:Torque></ext:TPX></Extensions></Trackpoint><Trackpoint><Time>2025-08-28T13:03:14.792Z</Time><DistanceMeters>4760.0431318084775</DistanceMeters><HeartRateBpm><Value>161</Value></HeartRateBpm><Cadence>27</Cadence><Extensions><ext:TPX><ext:Watts>49.1875</ext:Watts><ext:Torque>20</ext:Torque></ext:TPX></Extensions></Trackpoint><Trackpoint><Time>2025-08-28T13:03:15.947Z</Time><DistanceMeters>4763.885365008508</DistanceMeters><HeartRateBpm><Value>161</Value></HeartRateBpm><Cadence>26</Cadence><Extensions><ext:TPX><ext:Watts>49.0</ext:Watts><ext:Torque>20</ext:Torque></ext:TPX></Extensions></Trackpoint><Trackpoint><Time>2025-08-28T13:03:17.137Z</Time><DistanceMeters>4767.485532904413</DistanceMeters><HeartRateBpm><Value>161</Value></HeartRateBpm><Cadence>25</Cadence><Extensions><ext:TPX><ext:Watts>44.14705882352941</ext:Watts><ext:Torque>20</ext:Torque></ext:TPX></Extensions></Trackpoint><Trackpoint><Time>2025-08-28T13:03:18.292Z</Time><DistanceMeters>4771.142426469563</DistanceMeters><HeartRateBpm><Value>161</Value></HeartRateBpm><Cadence>26</Cadence><Extensions><ext:TPX><ext:Watts>46.63636363636363</ext:Watts><ext:Torque>20</ext:Torque></ext:TPX></Extensions></Trackpoint><Trackpoint><Time>2025-08-28T13:03:19.447Z</Time><DistanceMeters>4774.83020997386</DistanceMeters><HeartRateBpm><Value>161</Value></HeartRateBpm><Cadence>26</Cadence><Extensions><ext:TPX><ext:Watts>47.03030303030303</ext:Watts><ext:Torque>20</ext:Torque></ext:TPX></Extensions></Trackpoint><Trackpoint><Time>2025-08-28T13:03:20.602Z</Time><DistanceMeters>4778.382552975744</DistanceMeters><HeartRateBpm><Value>161</Value></HeartRateBpm><Cadence>26</Cadence><Extensions><ext:TPX><ext:Watts>45.303030303030305</ext:Watts><ext:Torque>20</ext:Torque></ext:TPX></Extensions></Trackpoint><Trackpoint><Time>2025-08-28T13:03:21.722Z</Time><DistanceMeters>4782.014051446692</DistanceMeters><HeartRateBpm><Value>161</Value></HeartRateBpm><Cadence>27</Cadence><Extensions><ext:TPX><ext:Watts>48.09375</ext:Watts><ext:Torque>20</ext:Torque></ext:TPX></Extensions></Trackpoint><Trackpoint><Time>2025-08-28T13:03:22.877Z</Time><DistanceMeters>4785.80876166342</DistanceMeters><HeartRateBpm><Value>160</Value></HeartRateBpm><Cadence>26</Cadence><Extensions><ext:TPX><ext:Watts>48.39393939393939</ext:Watts><ext:Torque>20</ext:Torque></ext:TPX></Extensions></Trackpoint><Trackpoint><Time>2025-08-28T13:03:23.997Z</Time><DistanceMeters>4789.513409226375</DistanceMeters><HeartRateBpm><Value>160</Value></HeartRateBpm><Cadence>27</Cadence><Extensions><ext:TPX><ext:Watts>49.0625</ext:Watts><ext:Torque>20</ext:Torque></ext:TPX></Extensions></Trackpoint><Trackpoint><Time>2025-08-28T13:03:25.117Z</Time><DistanceMeters>4793.175583123004</DistanceMeters><HeartRateBpm><Value>160</Value></HeartRateBpm><Cadence>27</Cadence><Extensions><ext:TPX><ext:Watts>48.5</ext:Watts><ext:Torque>20</ext:Torque></ext:TPX></Extensions></Trackpoint><Trackpoint><Time>2025-08-28T13:03:26.237Z</Time><DistanceMeters>4796.795283353305</DistanceMeters><HeartRateBpm><Value>160</Value></HeartRateBpm><Cadence>27</Cadence><Extensions><ext:TPX><ext:Watts>47.9375</ext:Watts><ext:Torque>20</ext:Torque></ext:TPX></Extensions></Trackpoint><Trackpoint><Time>2025-08-28T13:03:27.357Z</Time><DistanceMeters>4800.540044934459</DistanceMeters><HeartRateBpm><Value>160</Value></HeartRateBpm><Cadence>27</Cadence><Extensions><ext:TPX><ext:Watts>49.59375</ext:Watts><ext:Torque>20</ext:Torque></ext:TPX></Extensions></Trackpoint><Trackpoint><Time>2025-08-28T13:03:28.477Z</Time><DistanceMeters>4804.079517128365</DistanceMeters><HeartRateBpm><Value>159</Value></HeartRateBpm><Cadence>27</Cadence><Extensions><ext:TPX><ext:Watts>46.875</ext:Watts><ext:Torque>20</ext:Torque></ext:TPX></Extensions></Trackpoint><Trackpoint><Time>2025-08-28T13:03:29.597Z</Time><DistanceMeters>4807.663822636728</DistanceMeters><HeartRateBpm><Value>159</Value></HeartRateBpm><Cadence>27</Cadence><Extensions><ext:TPX><ext:Watts>47.46875</ext:Watts><ext:Torque>20</ext:Torque></ext:TPX></Extensions></Trackpoint><Trackpoint><Time>2025-08-28T13:03:30.717Z</Time><DistanceMeters>4811.366110551554</DistanceMeters><HeartRateBpm><Value>158</Value></HeartRateBpm><Cadence>27</Cadence><Extensions><ext:TPX><ext:Watts>49.03125</ext:Watts><ext:Torque>20</ext:Torque></ext:TPX></Extensions></Trackpoint><Trackpoint><Time>2025-08-28T13:03:31.872Z</Time><DistanceMeters>4815.106169337484</DistanceMeters><HeartRateBpm><Value>157</Value></HeartRateBpm><Cadence>26</Cadence><Extensions><ext:TPX><ext:Watts>47.696969696969695</ext:Watts><ext:Torque>20</ext:Torque></ext:TPX></Extensions></Trackpoint><Trackpoint><Time>2025-08-28T13:03:32.992Z</Time><DistanceMeters>4818.893404584964</DistanceMeters><HeartRateBpm><Value>157</Value></HeartRateBpm><Cadence>27</Cadence><Extensions><ext:TPX><ext:Watts>50.15625</ext:Watts><ext:Torque>20</ext:Torque></ext:TPX></Extensions></Trackpoint><Trackpoint><Time>2025-08-28T13:03:34.147Z</Time><DistanceMeters>4822.607325730078</DistanceMeters><HeartRateBpm><Value>156</Value></HeartRateBpm><Cadence>26</Cadence><Extensions><ext:TPX><ext:Watts>47.36363636363637</ext:Watts><ext:Torque>20</ext:Torque></ext:TPX></Extensions></Trackpoint><Trackpoint><Time>2025-08-28T13:03:35.302Z</Time><DistanceMeters>4826.347384516008</DistanceMeters><HeartRateBpm><Value>156</Value></HeartRateBpm><Cadence>26</Cadence><Extensions><ext:TPX><ext:Watts>47.696969696969695</ext:Watts><ext:Torque>20</ext:Torque></ext:TPX></Extensions></Trackpoint><Trackpoint><Time>2025-08-28T13:03:36.422Z</Time><DistanceMeters>4830.09450574529</DistanceMeters><HeartRateBpm><Value>156</Value></HeartRateBpm><Cadence>27</Cadence><Extensions><ext:TPX><ext:Watts>49.625</ext:Watts><ext:Torque>20</ext:Torque></ext:TPX></Extensions></Trackpoint><Trackpoint><Time>2025-08-28T13:03:37.577Z</Time><DistanceMeters>4833.915353602835</DistanceMeters><HeartRateBpm><Value>156</Value></HeartRateBpm><Cadence>26</Cadence><Extensions><ext:TPX><ext:Watts>48.72727272727273</ext:Watts><ext:Torque>20</ext:Torque></ext:TPX></Extensions></Trackpoint><Trackpoint><Time>2025-08-28T13:03:38.732Z</Time><DistanceMeters>4837.64353164294</DistanceMeters><HeartRateBpm><Value>156</Value></HeartRateBpm><Cadence>26</Cadence><Extensions><ext:TPX><ext:Watts>47.54545454545455</ext:Watts><ext:Torque>20</ext:Torque></ext:TPX></Extensions></Trackpoint><Trackpoint><Time>2025-08-28T13:03:39.887Z</Time><DistanceMeters>4841.141223214026</DistanceMeters><HeartRateBpm><Value>155</Value></HeartRateBpm><Cadence>26</Cadence><Extensions><ext:TPX><ext:Watts>44.60606060606061</ext:Watts><ext:Torque>20</ext:Torque></ext:TPX></Extensions></Trackpoint><Trackpoint><Time>2025-08-28T13:03:41.007Z</Time><DistanceMeters>4844.6476603341225</DistanceMeters><HeartRateBpm><Value>155</Value></HeartRateBpm><Cadence>27</Cadence><Extensions><ext:TPX><ext:Watts>46.4375</ext:Watts><ext:Torque>20</ext:Torque></ext:TPX></Extensions></Trackpoint><Trackpoint><Time>2025-08-28T13:03:42.162Z</Time><DistanceMeters>4848.378214523393</DistanceMeters><HeartRateBpm><Value>155</Value></HeartRateBpm><Cadence>26</Cadence><Extensions><ext:TPX><ext:Watts>47.57575757575758</ext:Watts><ext:Torque>20</ext:Torque></ext:TPX></Extensions></Trackpoint><Trackpoint><Time>2025-08-28T13:03:43.318Z</Time><DistanceMeters>4851.98758510524</DistanceMeters><HeartRateBpm><Value>154</Value></HeartRateBpm><Cadence>26</Cadence><Extensions><ext:TPX><ext:Watts>46.03030303030303</ext:Watts><ext:Torque>20</ext:Torque></ext:TPX></Extensions></Trackpoint><Trackpoint><Time>2025-08-28T13:03:44.438Z</Time><DistanceMeters>4855.399636300166</DistanceMeters><HeartRateBpm><Value>154</Value></HeartRateBpm><Cadence>27</Cadence><Extensions><ext:TPX><ext:Watts>45.1875</ext:Watts><ext:Torque>20</ext:Torque></ext:TPX></Extensions></Trackpoint><Trackpoint><Time>2025-08-28T13:03:45.592Z</Time><DistanceMeters>4858.807034202977</DistanceMeters><HeartRateBpm><Value>154</Value></HeartRateBpm><Cadence>26</Cadence><Extensions><ext:TPX><ext:Watts>43.45454545454545</ext:Watts><ext:Torque>20</ext:Torque></ext:TPX></Extensions></Trackpoint><Trackpoint><Time>2025-08-28T13:03:46.678Z</Time><DistanceMeters>4862.308159692857</DistanceMeters><HeartRateBpm><Value>153</Value></HeartRateBpm><Cadence>28</Cadence><Extensions><ext:TPX><ext:Watts>47.225806451612904</ext:Watts><ext:Torque>20</ext:Torque></ext:TPX></Extensions></Trackpoint><Trackpoint><Time>2025-08-28T13:03:47.762Z</Time><DistanceMeters>4865.890595474168</DistanceMeters><HeartRateBpm><Value>153</Value></HeartRateBpm><Cadence>28</Cadence><Extensions><ext:TPX><ext:Watts>48.32258064516129</ext:Watts><ext:Torque>20</ext:Torque></ext:TPX></Extensions></Trackpoint><Trackpoint><Time>2025-08-28T13:03:48.882Z</Time><DistanceMeters>4869.404111538652</DistanceMeters><HeartRateBpm><Value>153</Value></HeartRateBpm><Cadence>27</Cadence><Extensions><ext:TPX><ext:Watts>46.53125</ext:Watts><ext:Torque>20</ext:Torque></ext:TPX></Extensions></Trackpoint><Trackpoint><Time>2025-08-28T13:03:50.038Z</Time><DistanceMeters>4873.051500507142</DistanceMeters><HeartRateBpm><Value>153</Value></HeartRateBpm><Cadence>26</Cadence><Extensions><ext:TPX><ext:Watts>46.515151515151516</ext:Watts><ext:Torque>20</ext:Torque></ext:TPX></Extensions></Trackpoint><Trackpoint><Time>2025-08-28T13:03:51.123Z</Time><DistanceMeters>4876.679374392488</DistanceMeters><HeartRateBpm><Value>153</Value></HeartRateBpm><Cadence>28</Cadence><Extensions><ext:TPX><ext:Watts>48.935483870967744</ext:Watts><ext:Torque>20</ext:Torque></ext:TPX></Extensions></Trackpoint><Trackpoint><Time>2025-08-28T13:03:52.243Z</Time><DistanceMeters>4880.211767642007</DistanceMeters><HeartRateBpm><Value>153</Value></HeartRateBpm><Cadence>27</Cadence><Extensions><ext:TPX><ext:Watts>46.78125</ext:Watts><ext:Torque>20</ext:Torque></ext:TPX></Extensions></Trackpoint><Trackpoint><Time>2025-08-28T13:03:53.363Z</Time><DistanceMeters>4883.60022235564</DistanceMeters><HeartRateBpm><Value>153</Value></HeartRateBpm><Cadence>27</Cadence><Extensions><ext:TPX><ext:Watts>44.875</ext:Watts><ext:Torque>20</ext:Torque></ext:TPX></Extensions></Trackpoint><Trackpoint><Time>2025-08-28T13:03:54.448Z</Time><DistanceMeters>4887.029603470727</DistanceMeters><HeartRateBpm><Value>153</Value></HeartRateBpm><Cadence>28</Cadence><Extensions><ext:TPX><ext:Watts>46.25806451612903</ext:Watts><ext:Torque>20</ext:Torque></ext:TPX></Extensions></Trackpoint><Trackpoint><Time>2025-08-28T13:03:55.532Z</Time><DistanceMeters>4890.552252273044</DistanceMeters><HeartRateBpm><Value>153</Value></HeartRateBpm><Cadence>28</Cadence><Extensions><ext:TPX><ext:Watts>47.516129032258064</ext:Watts><ext:Torque>20</ext:Torque></ext:TPX></Extensions></Trackpoint><Trackpoint><Time>2025-08-28T13:03:56.583Z</Time><DistanceMeters>4894.052678500012</DistanceMeters><HeartRateBpm><Value>154</Value></HeartRateBpm><Cadence>28</Cadence><Extensions><ext:TPX><ext:Watts>48.93333333333333</ext:Watts><ext:Torque>20</ext:Torque></ext:TPX></Extensions></Trackpoint><Trackpoint><Time>2025-08-28T13:03:57.668Z</Time><DistanceMeters>4897.6064165314065</DistanceMeters><HeartRateBpm><Value>154</Value></HeartRateBpm><Cadence>28</Cadence><Extensions><ext:TPX><ext:Watts>47.935483870967744</ext:Watts><ext:Torque>20</ext:Torque></ext:TPX></Extensions></Trackpoint><Trackpoint><Time>2025-08-28T13:03:58.753Z</Time><DistanceMeters>4901.007099896577</DistanceMeters><HeartRateBpm><Value>154</Value></HeartRateBpm><Cadence>28</Cadence><Extensions><ext:TPX><ext:Watts>45.87096774193548</ext:Watts><ext:Torque>20</ext:Torque></ext:TPX></Extensions></Trackpoint><Trackpoint><Time>2025-08-28T13:03:59.838Z</Time><DistanceMeters>4904.448438407462</DistanceMeters><HeartRateBpm><Value>154</Value></HeartRateBpm><Cadence>28</Cadence><Extensions><ext:TPX><ext:Watts>46.41935483870968</ext:Watts><ext:Torque>20</ext:Torque></ext:TPX></Extensions></Trackpoint><Trackpoint><Time>2025-08-28T13:04:00.923Z</Time><DistanceMeters>4907.889776918348</DistanceMeters><HeartRateBpm><Value>154</Value></HeartRateBpm><Cadence>28</Cadence><Extensions><ext:TPX><ext:Watts>46.41935483870968</ext:Watts><ext:Torque>20</ext:Torque></ext:TPX></Extensions></Trackpoint><Trackpoint><Time>2025-08-28T13:04:02.043Z</Time><DistanceMeters>4911.408012279091</DistanceMeters><HeartRateBpm><Value>154</Value></HeartRateBpm><Cadence>27</Cadence><Extensions><ext:TPX><ext:Watts>46.59375</ext:Watts><ext:Torque>20</ext:Torque></ext:TPX></Extensions></Trackpoint><Trackpoint><Time>2025-08-28T13:04:03.128Z</Time><DistanceMeters>4914.770431977705</DistanceMeters><HeartRateBpm><Value>154</Value></HeartRateBpm><Cadence>28</Cadence><Extensions><ext:TPX><ext:Watts>45.354838709677416</ext:Watts><ext:Torque>20</ext:Torque></ext:TPX></Extensions></Trackpoint><Trackpoint><Time>2025-08-28T13:04:04.213Z</Time><DistanceMeters>4918.3361274048975</DistanceMeters><HeartRateBpm><Value>155</Value></HeartRateBpm><Cadence>28</Cadence><Extensions><ext:TPX><ext:Watts>48.096774193548384</ext:Watts><ext:Torque>20</ext:Torque></ext:TPX></Extensions></Trackpoint><Trackpoint><Time>2025-08-28T13:04:05.298Z</Time><DistanceMeters>4921.789423311582</DistanceMeters><HeartRateBpm><Value>155</Value></HeartRateBpm><Cadence>28</Cadence><Extensions><ext:TPX><ext:Watts>46.58064516129032</ext:Watts><ext:Torque>20</ext:Torque></ext:TPX></Extensions></Trackpoint><Trackpoint><Time>2025-08-28T13:04:06.418Z</Time><DistanceMeters>4925.203834154638</DistanceMeters><HeartRateBpm><Value>155</Value></HeartRateBpm><Cadence>27</Cadence><Extensions><ext:TPX><ext:Watts>45.21875</ext:Watts><ext:Torque>20</ext:Torque></ext:TPX></Extensions></Trackpoint><Trackpoint><Time>2025-08-28T13:04:07.538Z</Time><DistanceMeters>4928.597008164529</DistanceMeters><HeartRateBpm><Value>155</Value></HeartRateBpm><Cadence>27</Cadence><Extensions><ext:TPX><ext:Watts>44.9375</ext:Watts><ext:Torque>20</ext:Torque></ext:TPX></Extensions></Trackpoint><Trackpoint><Time>2025-08-28T13:04:08.623Z</Time><DistanceMeters>4931.937904550705</DistanceMeters><HeartRateBpm><Value>156</Value></HeartRateBpm><Cadence>28</Cadence><Extensions><ext:TPX><ext:Watts>45.064516129032256</ext:Watts><ext:Torque>20</ext:Torque></ext:TPX></Extensions></Trackpoint><Trackpoint><Time>2025-08-28T13:04:09.743Z</Time><DistanceMeters>4935.314561023692</DistanceMeters><HeartRateBpm><Value>156</Value></HeartRateBpm><Cadence>27</Cadence><Extensions><ext:TPX><ext:Watts>44.71875</ext:Watts><ext:Torque>20</ext:Torque></ext:TPX></Extensions></Trackpoint><Trackpoint><Time>2025-08-28T13:04:10.828Z</Time><DistanceMeters>4938.619585222471</DistanceMeters><HeartRateBpm><Value>156</Value></HeartRateBpm><Cadence>28</Cadence><Extensions><ext:TPX><ext:Watts>44.58064516129032</ext:Watts><ext:Torque>20</ext:Torque></ext:TPX></Extensions></Trackpoint><Trackpoint><Time>2025-08-28T13:04:11.913Z</Time><DistanceMeters>4942.017877108481</DistanceMeters><HeartRateBpm><Value>156</Value></HeartRateBpm><Cadence>28</Cadence><Extensions><ext:TPX><ext:Watts>45.83870967741935</ext:Watts><ext:Torque>20</ext:Torque></ext:TPX></Extensions></Trackpoint><Trackpoint><Time>2025-08-28T13:04:13.033Z</Time><DistanceMeters>4945.554989654258</DistanceMeters><HeartRateBpm><Value>156</Value></HeartRateBpm><Cadence>27</Cadence><Extensions><ext:TPX><ext:Watts>46.84375</ext:Watts><ext:Torque>20</ext:Torque></ext:TPX></Extensions></Trackpoint><Trackpoint><Time>2025-08-28T13:04:14.118Z</Time><DistanceMeters>4949.072855498256</DistanceMeters><HeartRateBpm><Value>156</Value></HeartRateBpm><Cadence>28</Cadence><Extensions><ext:TPX><ext:Watts>47.45161290322581</ext:Watts><ext:Torque>20</ext:Torque></ext:TPX></Extensions></Trackpoint><Trackpoint><Time>2025-08-28T13:04:15.238Z</Time><DistanceMeters>4952.614687340292</DistanceMeters><HeartRateBpm><Value>156</Value></HeartRateBpm><Cadence>27</Cadence><Extensions><ext:TPX><ext:Watts>46.90625</ext:Watts><ext:Torque>20</ext:Torque></ext:TPX></Extensions></Trackpoint><Trackpoint><Time>2025-08-28T13:04:16.358Z</Time><DistanceMeters>4956.203712144913</DistanceMeters><HeartRateBpm><Value>156</Value></HeartRateBpm><Cadence>27</Cadence><Extensions><ext:TPX><ext:Watts>47.53125</ext:Watts><ext:Torque>20</ext:Torque></ext:TPX></Extensions></Trackpoint><Trackpoint><Time>2025-08-28T13:04:17.478Z</Time><DistanceMeters>4959.802175542051</DistanceMeters><HeartRateBpm><Value>156</Value></HeartRateBpm><Cadence>27</Cadence><Extensions><ext:TPX><ext:Watts>47.65625</ext:Watts><ext:Torque>20</ext:Torque></ext:TPX></Extensions></Trackpoint><Trackpoint><Time>2025-08-28T13:04:18.598Z</Time><DistanceMeters>4963.280296884597</DistanceMeters><HeartRateBpm><Value>156</Value></HeartRateBpm><Cadence>27</Cadence><Extensions><ext:TPX><ext:Watts>46.0625</ext:Watts><ext:Torque>20</ext:Torque></ext:TPX></Extensions></Trackpoint><Trackpoint><Time>2025-08-28T13:04:19.683Z</Time><DistanceMeters>4966.941651478181</DistanceMeters><HeartRateBpm><Value>156</Value></HeartRateBpm><Cadence>28</Cadence><Extensions><ext:TPX><ext:Watts>49.38709677419355</ext:Watts><ext:Torque>20</ext:Torque></ext:TPX></Extensions></Trackpoint><Trackpoint><Time>2025-08-28T13:04:20.803Z</Time><DistanceMeters>4970.622702559844</DistanceMeters><HeartRateBpm><Value>156</Value></HeartRateBpm><Cadence>27</Cadence><Extensions><ext:TPX><ext:Watts>48.75</ext:Watts><ext:Torque>20</ext:Torque></ext:TPX></Extensions></Trackpoint><Trackpoint><Time>2025-08-28T13:04:21.958Z</Time><DistanceMeters>4974.410284329077</DistanceMeters><HeartRateBpm><Value>156</Value></HeartRateBpm><Cadence>26</Cadence><Extensions><ext:TPX><ext:Watts>48.303030303030305</ext:Watts><ext:Torque>20</ext:Torque></ext:TPX></Extensions></Trackpoint><Trackpoint><Time>2025-08-28T13:04:23.078Z</Time><DistanceMeters>4977.9686337080175</DistanceMeters><HeartRateBpm><Value>156</Value></HeartRateBpm><Cadence>27</Cadence><Extensions><ext:TPX><ext:Watts>47.125</ext:Watts><ext:Torque>20</ext:Torque></ext:TPX></Extensions></Trackpoint><Trackpoint><Time>2025-08-28T13:04:24.198Z</Time><DistanceMeters>4981.543500623863</DistanceMeters><HeartRateBpm><Value>156</Value></HeartRateBpm><Cadence>27</Cadence><Extensions><ext:TPX><ext:Watts>47.34375</ext:Watts><ext:Torque>20</ext:Torque></ext:TPX></Extensions></Trackpoint><Trackpoint><Time>2025-08-28T13:04:25.318Z</Time><DistanceMeters>4985.026341262667</DistanceMeters><HeartRateBpm><Value>156</Value></HeartRateBpm><Cadence>27</Cadence><Extensions><ext:TPX><ext:Watts>46.125</ext:Watts><ext:Torque>20</ext:Torque></ext:TPX></Extensions></Trackpoint><Trackpoint><Time>2025-08-28T13:04:26.473Z</Time><DistanceMeters>4988.405225375496</DistanceMeters><HeartRateBpm><Value>156</Value></HeartRateBpm><Cadence>26</Cadence><Extensions><ext:TPX><ext:Watts>43.09090909090909</ext:Watts><ext:Torque>20</ext:Torque></ext:TPX></Extensions></Trackpoint><Trackpoint><Time>2025-08-28T13:04:27.593Z</Time><DistanceMeters>4991.75828536719</DistanceMeters><HeartRateBpm><Value>156</Value></HeartRateBpm><Cadence>27</Cadence><Extensions><ext:TPX><ext:Watts>44.40625</ext:Watts><ext:Torque>20</ext:Torque></ext:TPX></Extensions></Trackpoint><Trackpoint><Time>2025-08-28T13:04:28.748Z</Time><DistanceMeters>4995.348646755717</DistanceMeters><HeartRateBpm><Value>156</Value></HeartRateBpm><Cadence>26</Cadence><Extensions><ext:TPX><ext:Watts>45.78787878787879</ext:Watts><ext:Torque>20</ext:Torque></ext:TPX></Extensions></Trackpoint><Trackpoint><Time>2025-08-28T13:04:29.903Z</Time><DistanceMeters>4998.986531127546</DistanceMeters><HeartRateBpm><Value>155</Value></HeartRateBpm><Cadence>26</Cadence><Extensions><ext:TPX><ext:Watts>46.39393939393939</ext:Watts><ext:Torque>20</ext:Torque></ext:TPX></Extensions></Trackpoint><Trackpoint><Time>2025-08-28T13:04:31.093Z</Time><DistanceMeters>5002.697030617862</DistanceMeters><HeartRateBpm><Value>155</Value></HeartRateBpm><Cadence>25</Cadence><Extensions><ext:TPX><ext:Watts>45.5</ext:Watts><ext:Torque>20</ext:Torque></ext:TPX></Extensions></Trackpoint><Trackpoint><Time>2025-08-28T13:04:32.248Z</Time><DistanceMeters>5006.199474487278</DistanceMeters><HeartRateBpm><Value>155</Value></HeartRateBpm><Cadence>26</Cadence><Extensions><ext:TPX><ext:Watts>44.666666666666664</ext:Watts><ext:Torque>20</ext:Torque></ext:TPX></Extensions></Trackpoint><Trackpoint><Time>2025-08-28T13:04:33.368Z</Time><DistanceMeters>5009.7035519592455</DistanceMeters><HeartRateBpm><Value>155</Value></HeartRateBpm><Cadence>27</Cadence><Extensions><ext:TPX><ext:Watts>46.40625</ext:Watts><ext:Torque>20</ext:Torque></ext:TPX></Extensions></Trackpoint><Trackpoint><Time>2025-08-28T13:04:34.523Z</Time><DistanceMeters>5013.33906018191</DistanceMeters><HeartRateBpm><Value>155</Value></HeartRateBpm><Cadence>26</Cadence><Extensions><ext:TPX><ext:Watts>46.36363636363637</ext:Watts><ext:Torque>20</ext:Torque></ext:TPX></Extensions></Trackpoint><Trackpoint><Time>2025-08-28T13:04:35.643Z</Time><DistanceMeters>5016.989435837892</DistanceMeters><HeartRateBpm><Value>154</Value></HeartRateBpm><Cadence>27</Cadence><Extensions><ext:TPX><ext:Watts>48.34375</ext:Watts><ext:Torque>20</ext:Torque></ext:TPX></Extensions></Trackpoint><Trackpoint><Time>2025-08-28T13:04:36.833Z</Time><DistanceMeters>5020.42410634218</DistanceMeters><HeartRateBpm><Value>154</Value></HeartRateBpm><Cadence>25</Cadence><Extensions><ext:TPX><ext:Watts>42.11764705882353</ext:Watts><ext:Torque>20</ext:Torque></ext:TPX></Extensions></Trackpoint><Trackpoint><Time>2025-08-28T13:04:37.919Z</Time><DistanceMeters>5023.695649832723</DistanceMeters><HeartRateBpm><Value>154</Value></HeartRateBpm><Cadence>28</Cadence><Extensions><ext:TPX><ext:Watts>44.12903225806452</ext:Watts><ext:Torque>20</ext:Torque></ext:TPX></Extensions></Trackpoint><Trackpoint><Time>2025-08-28T13:04:38.583Z</Time><DistanceMeters>5023.981788216399</DistanceMeters><HeartRateBpm><Value>153</Value></HeartRateBpm><Cadence>45</Cadence><Extensions><ext:TPX><ext:Watts>6.315789473684211</ext:Watts><ext:Torque>35</ext:Torque></ext:TPX></Extensions></Trackpoint><Trackpoint><Time>2025-08-28T13:04:40.823Z</Time><DistanceMeters>5027.614920289898</DistanceMeters><HeartRateBpm><Value>153</Value></HeartRateBpm><Cadence>22</Cadence><Extensions><ext:TPX><ext:Watts>39.205128205128204</ext:Watts><ext:Torque>20</ext:Torque></ext:TPX></Extensions></Trackpoint><Trackpoint><Time>2025-08-28T13:04:41.944Z</Time><DistanceMeters>5031.446988851834</DistanceMeters><HeartRateBpm><Value>152</Value></HeartRateBpm><Cadence>27</Cadence><Extensions><ext:TPX><ext:Watts>50.75</ext:Watts><ext:Torque>20</ext:Torque></ext:TPX></Extensions></Trackpoint><Trackpoint><Time>2025-08-28T13:04:43.029Z</Time><DistanceMeters>5035.227917403405</DistanceMeters><HeartRateBpm><Value>152</Value></HeartRateBpm><Cadence>28</Cadence><Extensions><ext:TPX><ext:Watts>51.0</ext:Watts><ext:Torque>20</ext:Torque></ext:TPX></Extensions></Trackpoint><Trackpoint><Time>2025-08-28T13:04:44.154Z</Time><DistanceMeters>5039.1491183343</DistanceMeters><HeartRateBpm><Value>152</Value></HeartRateBpm><Cadence>26</Cadence><Extensions><ext:TPX><ext:Watts>50.96875</ext:Watts><ext:Torque>20</ext:Torque></ext:TPX></Extensions></Trackpoint><Trackpoint><Time>2025-08-28T13:04:45.273Z</Time><DistanceMeters>5043.00006408127</DistanceMeters><HeartRateBpm><Value>152</Value></HeartRateBpm><Cadence>27</Cadence><Extensions><ext:TPX><ext:Watts>51.0</ext:Watts><ext:Torque>20</ext:Torque></ext:TPX></Extensions></Trackpoint><Trackpoint><Time>2025-08-28T13:04:46.394Z</Time><DistanceMeters>5046.799097569396</DistanceMeters><HeartRateBpm><Value>153</Value></HeartRateBpm><Cadence>27</Cadence><Extensions><ext:TPX><ext:Watts>50.3125</ext:Watts><ext:Torque>20</ext:Torque></ext:TPX></Extensions></Trackpoint><Trackpoint><Time>2025-08-28T13:04:47.514Z</Time><DistanceMeters>5050.609929298168</DistanceMeters><HeartRateBpm><Value>152</Value></HeartRateBpm><Cadence>27</Cadence><Extensions><ext:TPX><ext:Watts>50.46875</ext:Watts><ext:Torque>20</ext:Torque></ext:TPX></Extensions></Trackpoint><Trackpoint><Time>2025-08-28T13:04:48.634Z</Time><DistanceMeters>5054.394804897519</DistanceMeters><HeartRateBpm><Value>152</Value></HeartRateBpm><Cadence>27</Cadence><Extensions><ext:TPX><ext:Watts>50.125</ext:Watts><ext:Torque>20</ext:Torque></ext:TPX></Extensions></Trackpoint><Trackpoint><Time>2025-08-28T13:04:49.789Z</Time><DistanceMeters>5058.3035702741745</DistanceMeters><HeartRateBpm><Value>152</Value></HeartRateBpm><Cadence>26</Cadence><Extensions><ext:TPX><ext:Watts>49.84848484848485</ext:Watts><ext:Torque>20</ext:Torque></ext:TPX></Extensions></Trackpoint><Trackpoint><Time>2025-08-28T13:04:50.909Z</Time><DistanceMeters>5062.296094908901</DistanceMeters><HeartRateBpm><Value>152</Value></HeartRateBpm><Cadence>27</Cadence><Extensions><ext:TPX><ext:Watts>52.875</ext:Watts><ext:Torque>20</ext:Torque></ext:TPX></Extensions></Trackpoint><Trackpoint><Time>2025-08-28T13:04:52.064Z</Time><DistanceMeters>5066.140704258098</DistanceMeters><HeartRateBpm><Value>152</Value></HeartRateBpm><Cadence>26</Cadence><Extensions><ext:TPX><ext:Watts>49.03030303030303</ext:Watts><ext:Torque>20</ext:Torque></ext:TPX></Extensions></Trackpoint><Trackpoint><Time>2025-08-28T13:04:53.184Z</Time><DistanceMeters>5069.868948302345</DistanceMeters><HeartRateBpm><Value>152</Value></HeartRateBpm><Cadence>27</Cadence><Extensions><ext:TPX><ext:Watts>49.375</ext:Watts><ext:Torque>20</ext:Torque></ext:TPX></Extensions></Trackpoint><Trackpoint><Time>2025-08-28T13:04:54.304Z</Time><DistanceMeters>5073.73877123435</DistanceMeters><HeartRateBpm><Value>151</Value></HeartRateBpm><Cadence>27</Cadence><Extensions><ext:TPX><ext:Watts>51.25</ext:Watts><ext:Torque>20</ext:Torque></ext:TPX></Extensions></Trackpoint><Trackpoint><Time>2025-08-28T13:04:55.459Z</Time><DistanceMeters>5077.697435743473</DistanceMeters><HeartRateBpm><Value>151</Value></HeartRateBpm><Cadence>26</Cadence><Extensions><ext:TPX><ext:Watts>50.484848484848484</ext:Watts><ext:Torque>20</ext:Torque></ext:TPX></Extensions></Trackpoint><Trackpoint><Time>2025-08-28T13:04:56.614Z</Time><DistanceMeters>5081.63946720844</DistanceMeters><HeartRateBpm><Value>151</Value></HeartRateBpm><Cadence>26</Cadence><Extensions><ext:TPX><ext:Watts>50.27272727272727</ext:Watts><ext:Torque>20</ext:Torque></ext:TPX></Extensions></Trackpoint><Trackpoint><Time>2025-08-28T13:04:57.734Z</Time><DistanceMeters>5085.5069304923145</DistanceMeters><HeartRateBpm><Value>151</Value></HeartRateBpm><Cadence>27</Cadence><Extensions><ext:TPX><ext:Watts>51.21875</ext:Watts><ext:Torque>20</ext:Torque></ext:TPX></Extensions></Trackpoint><Trackpoint><Time>2025-08-28T13:04:58.889Z</Time><DistanceMeters>5089.539255625557</DistanceMeters><HeartRateBpm><Value>151</Value></HeartRateBpm><Cadence>26</Cadence><Extensions><ext:TPX><ext:Watts>51.42424242424242</ext:Watts><ext:Torque>20</ext:Torque></ext:TPX></Extensions></Trackpoint><Trackpoint><Time>2025-08-28T13:05:00.080Z</Time><DistanceMeters>5093.755841342413</DistanceMeters><HeartRateBpm><Value>151</Value></HeartRateBpm><Cadence>25</Cadence><Extensions><ext:TPX><ext:Watts>51.705882352941174</ext:Watts><ext:Torque>20</ext:Torque></ext:TPX></Extensions></Trackpoint><Trackpoint><Time>2025-08-28T13:05:01.199Z</Time><DistanceMeters>5097.887585216767</DistanceMeters><HeartRateBpm><Value>151</Value></HeartRateBpm><Cadence>27</Cadence><Extensions><ext:TPX><ext:Watts>54.71875</ext:Watts><ext:Torque>20</ext:Torque></ext:TPX></Extensions></Trackpoint><Trackpoint><Time>2025-08-28T13:05:02.359Z</Time><DistanceMeters>5102.102873835725</DistanceMeters><HeartRateBpm><Value>151</Value></HeartRateBpm><Cadence>26</Cadence><Extensions><ext:TPX><ext:Watts>53.75757575757576</ext:Watts><ext:Torque>20</ext:Torque></ext:TPX></Extensions></Trackpoint><Trackpoint><Time>2025-08-28T13:05:03.479Z</Time><DistanceMeters>5106.147310729296</DistanceMeters><HeartRateBpm><Value>151</Value></HeartRateBpm><Cadence>27</Cadence><Extensions><ext:TPX><ext:Watts>53.5625</ext:Watts><ext:Torque>20</ext:Torque></ext:TPX></Extensions></Trackpoint><Trackpoint><Time>2025-08-28T13:05:04.634Z</Time><DistanceMeters>5110.490911403172</DistanceMeters><HeartRateBpm><Value>151</Value></HeartRateBpm><Cadence>26</Cadence><Extensions><ext:TPX><ext:Watts>55.39393939393939</ext:Watts><ext:Torque>20</ext:Torque></ext:TPX></Extensions></Trackpoint><Trackpoint><Time>2025-08-28T13:05:05.754Z</Time><DistanceMeters>5114.601418444362</DistanceMeters><HeartRateBpm><Value>151</Value></HeartRateBpm><Cadence>27</Cadence><Extensions><ext:TPX><ext:Watts>54.4375</ext:Watts><ext:Torque>20</ext:Torque></ext:TPX></Extensions></Trackpoint><Trackpoint><Time>2025-08-28T13:05:06.909Z</Time><DistanceMeters>5118.762055632522</DistanceMeters><HeartRateBpm><Value>151</Value></HeartRateBpm><Cadence>26</Cadence><Extensions><ext:TPX><ext:Watts>53.06060606060606</ext:Watts><ext:Torque>20</ext:Torque></ext:TPX></Extensions></Trackpoint><Trackpoint><Time>2025-08-28T13:05:08.099Z</Time><DistanceMeters>5122.959453246001</DistanceMeters><HeartRateBpm><Value>151</Value></HeartRateBpm><Cadence>25</Cadence><Extensions><ext:TPX><ext:Watts>51.470588235294116</ext:Watts><ext:Torque>20</ext:Torque></ext:TPX></Extensions></Trackpoint><Trackpoint><Time>2025-08-28T13:05:09.254Z</Time><DistanceMeters>5127.181870312455</DistanceMeters><HeartRateBpm><Value>151</Value></HeartRateBpm><Cadence>26</Cadence><Extensions><ext:TPX><ext:Watts>53.84848484848485</ext:Watts><ext:Torque>20</ext:Torque></ext:TPX></Extensions></Trackpoint><Trackpoint><Time>2025-08-28T13:05:10.444Z</Time><DistanceMeters>5131.568750446772</DistanceMeters><HeartRateBpm><Value>151</Value></HeartRateBpm><Cadence>25</Cadence><Extensions><ext:TPX><ext:Watts>53.794117647058826</ext:Watts><ext:Torque>20</ext:Torque></ext:TPX></Extensions></Trackpoint><Trackpoint><Time>2025-08-28T13:05:11.634Z</Time><DistanceMeters>5135.902863296806</DistanceMeters><HeartRateBpm><Value>151</Value></HeartRateBpm><Cadence>25</Cadence><Extensions><ext:TPX><ext:Watts>53.14705882352941</ext:Watts><ext:Torque>20</ext:Torque></ext:TPX></Extensions></Trackpoint><Trackpoint><Time>2025-08-28T13:05:12.824Z</Time><DistanceMeters>5140.2705553277465</DistanceMeters><HeartRateBpm><Value>151</Value></HeartRateBpm><Cadence>25</Cadence><Extensions><ext:TPX><ext:Watts>53.55882352941177</ext:Watts><ext:Torque>20</ext:Torque></ext:TPX></Extensions></Trackpoint><Trackpoint><Time>2025-08-28T13:05:13.979Z</Time><DistanceMeters>5144.464458604219</DistanceMeters><HeartRateBpm><Value>152</Value></HeartRateBpm><Cadence>26</Cadence><Extensions><ext:TPX><ext:Watts>53.484848484848484</ext:Watts><ext:Torque>20</ext:Torque></ext:TPX></Extensions></Trackpoint><Trackpoint><Time>2025-08-28T13:05:15.134Z</Time><DistanceMeters>5148.838949217241</DistanceMeters><HeartRateBpm><Value>152</Value></HeartRateBpm><Cadence>26</Cadence><Extensions><ext:TPX><ext:Watts>55.78787878787879</ext:Watts><ext:Torque>20</ext:Torque></ext:TPX></Extensions></Trackpoint><Trackpoint><Time>2025-08-28T13:05:16.324Z</Time><DistanceMeters>5153.089114115004</DistanceMeters><HeartRateBpm><Value>152</Value></HeartRateBpm><Cadence>25</Cadence><Extensions><ext:TPX><ext:Watts>52.11764705882353</ext:Watts><ext:Torque>20</ext:Torque></ext:TPX></Extensions></Trackpoint><Trackpoint><Time>2025-08-28T13:05:17.514Z</Time><DistanceMeters>5157.3776552195195</DistanceMeters><HeartRateBpm><Value>152</Value></HeartRateBpm><Cadence>25</Cadence><Extensions><ext:TPX><ext:Watts>52.588235294117645</ext:Watts><ext:Torque>20</ext:Torque></ext:TPX></Extensions></Trackpoint><Trackpoint><Time>2025-08-28T13:05:18.704Z</Time><DistanceMeters>5161.627820117283</DistanceMeters><HeartRateBpm><Value>151</Value></HeartRateBpm><Cadence>25</Cadence><Extensions><ext:TPX><ext:Watts>52.11764705882353</ext:Watts><ext:Torque>20</ext:Torque></ext:TPX></Extensions></Trackpoint><Trackpoint><Time>2025-08-28T13:05:19.894Z</Time><DistanceMeters>5165.810826653231</DistanceMeters><HeartRateBpm><Value>153</Value></HeartRateBpm><Cadence>25</Cadence><Extensions><ext:TPX><ext:Watts>51.294117647058826</ext:Watts><ext:Torque>20</ext:Torque></ext:TPX></Extensions></Trackpoint><Trackpoint><Time>2025-08-28T13:05:21.084Z</Time><DistanceMeters>5169.960254008271</DistanceMeters><HeartRateBpm><Value>154</Value></HeartRateBpm><Cadence>25</Cadence><Extensions><ext:TPX><ext:Watts>50.88235294117647</ext:Watts><ext:Torque>20</ext:Torque></ext:TPX></Extensions></Trackpoint><Trackpoint><Time>2025-08-28T13:05:22.239Z</Time><DistanceMeters>5173.973569948192</DistanceMeters><HeartRateBpm><Value>154</Value></HeartRateBpm><Cadence>26</Cadence><Extensions><ext:TPX><ext:Watts>51.18181818181818</ext:Watts><ext:Torque>20</ext:Torque></ext:TPX></Extensions></Trackpoint><Trackpoint><Time>2025-08-28T13:05:23.359Z</Time><DistanceMeters>5177.95901563853</DistanceMeters><HeartRateBpm><Value>155</Value></HeartRateBpm><Cadence>27</Cadence><Extensions><ext:TPX><ext:Watts>52.78125</ext:Watts><ext:Torque>20</ext:Torque></ext:TPX></Extensions></Trackpoint><Trackpoint><Time>2025-08-28T13:05:24.514Z</Time><DistanceMeters>5182.117276677525</DistanceMeters><HeartRateBpm><Value>155</Value></HeartRateBpm><Cadence>26</Cadence><Extensions><ext:TPX><ext:Watts>53.03030303030303</ext:Watts><ext:Torque>20</ext:Torque></ext:TPX></Extensions></Trackpoint><Trackpoint><Time>2025-08-28T13:05:25.704Z</Time><DistanceMeters>5186.307478752239</DistanceMeters><HeartRateBpm><Value>155</Value></HeartRateBpm><Cadence>25</Cadence><Extensions><ext:TPX><ext:Watts>51.38235294117647</ext:Watts><ext:Torque>20</ext:Torque></ext:TPX></Extensions></Trackpoint><Trackpoint><Time>2025-08-28T13:05:26.859Z</Time><DistanceMeters>5190.365941526298</DistanceMeters><HeartRateBpm><Value>156</Value></HeartRateBpm><Cadence>26</Cadence><Extensions><ext:TPX><ext:Watts>51.75757575757576</ext:Watts><ext:Torque>20</ext:Torque></ext:TPX></Extensions></Trackpoint><Trackpoint><Time>2025-08-28T13:05:28.014Z</Time><DistanceMeters>5194.5954870402475</DistanceMeters><HeartRateBpm><Value>156</Value></HeartRateBpm><Cadence>26</Cadence><Extensions><ext:TPX><ext:Watts>53.93939393939394</ext:Watts><ext:Torque>20</ext:Torque></ext:TPX></Extensions></Trackpoint><Trackpoint><Time>2025-08-28T13:05:29.205Z</Time><DistanceMeters>5198.783290602039</DistanceMeters><HeartRateBpm><Value>156</Value></HeartRateBpm><Cadence>25</Cadence><Extensions><ext:TPX><ext:Watts>51.35294117647059</ext:Watts><ext:Torque>20</ext:Torque></ext:TPX></Extensions></Trackpoint><Trackpoint><Time>2025-08-28T13:05:30.360Z</Time><DistanceMeters>5202.882147911906</DistanceMeters><HeartRateBpm><Value>156</Value></HeartRateBpm><Cadence>26</Cadence><Extensions><ext:TPX><ext:Watts>52.27272727272727</ext:Watts><ext:Torque>20</ext:Torque></ext:TPX></Extensions></Trackpoint><Trackpoint><Time>2025-08-28T13:05:31.514Z</Time><DistanceMeters>5207.007142862589</DistanceMeters><HeartRateBpm><Value>155</Value></HeartRateBpm><Cadence>26</Cadence><Extensions><ext:TPX><ext:Watts>52.60606060606061</ext:Watts><ext:Torque>20</ext:Torque></ext:TPX></Extensions></Trackpoint><Trackpoint><Time>2025-08-28T13:05:32.705Z</Time><DistanceMeters>5211.30287950587</DistanceMeters><HeartRateBpm><Value>155</Value></HeartRateBpm><Cadence>25</Cadence><Extensions><ext:TPX><ext:Watts>52.6764705882353</ext:Watts><ext:Torque>20</ext:Torque></ext:TPX></Extensions></Trackpoint><Trackpoint><Time>2025-08-28T13:05:33.860Z</Time><DistanceMeters>5215.577571853957</DistanceMeters><HeartRateBpm><Value>154</Value></HeartRateBpm><Cadence>26</Cadence><Extensions><ext:TPX><ext:Watts>54.515151515151516</ext:Watts><ext:Torque>20</ext:Torque></ext:TPX></Extensions></Trackpoint><Trackpoint><Time>2025-08-28T13:05:35.015Z</Time><DistanceMeters>5219.697814506309</DistanceMeters><HeartRateBpm><Value>154</Value></HeartRateBpm><Cadence>26</Cadence><Extensions><ext:TPX><ext:Watts>52.54545454545455</ext:Watts><ext:Torque>20</ext:Torque></ext:TPX></Extensions></Trackpoint><Trackpoint><Time>2025-08-28T13:05:36.170Z</Time><DistanceMeters>5223.970130705231</DistanceMeters><HeartRateBpm><Value>153</Value></HeartRateBpm><Cadence>26</Cadence><Extensions><ext:TPX><ext:Watts>54.484848484848484</ext:Watts><ext:Torque>20</ext:Torque></ext:TPX></Extensions></Trackpoint><Trackpoint><Time>2025-08-28T13:05:37.325Z</Time><DistanceMeters>5228.389768152391</DistanceMeters><HeartRateBpm><Value>153</Value></HeartRateBpm><Cadence>26</Cadence><Extensions><ext:TPX><ext:Watts>56.36363636363637</ext:Watts><ext:Torque>20</ext:Torque></ext:TPX></Extensions></Trackpoint><Trackpoint><Time>2025-08-28T13:05:38.445Z</Time><DistanceMeters>5232.899055727428</DistanceMeters><HeartRateBpm><Value>154</Value></HeartRateBpm><Cadence>27</Cadence><Extensions><ext:TPX><ext:Watts>59.71875</ext:Watts><ext:Torque>20</ext:Torque></ext:TPX></Extensions></Trackpoint><Trackpoint><Time>2025-08-28T13:05:39.600Z</Time><DistanceMeters>5237.17137192635</DistanceMeters><HeartRateBpm><Value>153</Value></HeartRateBpm><Cadence>26</Cadence><Extensions><ext:TPX><ext:Watts>54.484848484848484</ext:Watts><ext:Torque>20</ext:Torque></ext:TPX></Extensions></Trackpoint><Trackpoint><Time>2025-08-28T13:05:40.755Z</Time><DistanceMeters>5241.486458810244</DistanceMeters><HeartRateBpm><Value>153</Value></HeartRateBpm><Cadence>26</Cadence><Extensions><ext:TPX><ext:Watts>55.03030303030303</ext:Watts><ext:Torque>20</ext:Torque></ext:TPX></Extensions></Trackpoint><Trackpoint><Time>2025-08-28T13:05:41.910Z</Time><DistanceMeters>5245.727885070019</DistanceMeters><HeartRateBpm><Value>153</Value></HeartRateBpm><Cadence>26</Cadence><Extensions><ext:TPX><ext:Watts>54.09090909090909</ext:Watts><ext:Torque>20</ext:Torque></ext:TPX></Extensions></Trackpoint><Trackpoint><Time>2025-08-28T13:05:43.065Z</Time><DistanceMeters>5250.035843506417</DistanceMeters><HeartRateBpm><Value>153</Value></HeartRateBpm><Cadence>26</Cadence><Extensions><ext:TPX><ext:Watts>54.93939393939394</ext:Watts><ext:Torque>20</ext:Torque></ext:TPX></Extensions></Trackpoint><Trackpoint><Time>2025-08-28T13:05:44.185Z</Time><DistanceMeters>5254.221859287744</DistanceMeters><HeartRateBpm><Value>153</Value></HeartRateBpm><Cadence>27</Cadence><Extensions><ext:TPX><ext:Watts>55.4375</ext:Watts><ext:Torque>20</ext:Torque></ext:TPX></Extensions></Trackpoint><Trackpoint><Time>2025-08-28T13:05:45.375Z</Time><DistanceMeters>5258.457633107976</DistanceMeters><HeartRateBpm><Value>153</Value></HeartRateBpm><Cadence>25</Cadence><Extensions><ext:TPX><ext:Watts>51.94117647058823</ext:Watts><ext:Torque>20</ext:Torque></ext:TPX></Extensions></Trackpoint><Trackpoint><Time>2025-08-28T13:05:46.495Z</Time><DistanceMeters>5262.740394462603</DistanceMeters><HeartRateBpm><Value>153</Value></HeartRateBpm><Cadence>27</Cadence><Extensions><ext:TPX><ext:Watts>56.71875</ext:Watts><ext:Torque>20</ext:Torque></ext:TPX></Extensions></Trackpoint><Trackpoint><Time>2025-08-28T13:05:47.650Z</Time><DistanceMeters>5267.088747434809</DistanceMeters><HeartRateBpm><Value>153</Value></HeartRateBpm><Cadence>26</Cadence><Extensions><ext:TPX><ext:Watts>55.45454545454545</ext:Watts><ext:Torque>20</ext:Torque></ext:TPX></Extensions></Trackpoint><Trackpoint><Time>2025-08-28T13:05:48.770Z</Time><DistanceMeters>5271.052956291985</DistanceMeters><HeartRateBpm><Value>153</Value></HeartRateBpm><Cadence>27</Cadence><Extensions><ext:TPX><ext:Watts>52.5</ext:Watts><ext:Torque>20</ext:Torque></ext:TPX></Extensions></Trackpoint><Trackpoint><Time>2025-08-28T13:05:49.925Z</Time><DistanceMeters>5275.218345778475</DistanceMeters><HeartRateBpm><Value>153</Value></HeartRateBpm><Cadence>26</Cadence><Extensions><ext:TPX><ext:Watts>53.121212121212125</ext:Watts><ext:Torque>20</ext:Torque></ext:TPX></Extensions></Trackpoint><Trackpoint><Time>2025-08-28T13:05:51.045Z</Time><DistanceMeters>5279.05277398854</DistanceMeters><HeartRateBpm><Value>153</Value></HeartRateBpm><Cadence>27</Cadence><Extensions><ext:TPX><ext:Watts>50.78125</ext:Watts><ext:Torque>20</ext:Torque></ext:TPX></Extensions></Trackpoint><Trackpoint><Time>2025-08-28T13:05:52.200Z</Time><DistanceMeters>5283.056585331801</DistanceMeters><HeartRateBpm><Value>153</Value></HeartRateBpm><Cadence>26</Cadence><Extensions><ext:TPX><ext:Watts>51.06060606060606</ext:Watts><ext:Torque>20</ext:Torque></ext:TPX></Extensions></Trackpoint><Trackpoint><Time>2025-08-28T13:05:53.320Z</Time><DistanceMeters>5286.994838059554</DistanceMeters><HeartRateBpm><Value>153</Value></HeartRateBpm><Cadence>27</Cadence><Extensions><ext:TPX><ext:Watts>52.15625</ext:Watts><ext:Torque>20</ext:Torque></ext:TPX></Extensions></Trackpoint><Trackpoint><Time>2025-08-28T13:05:54.475Z</Time><DistanceMeters>5290.90360343621</DistanceMeters><HeartRateBpm><Value>153</Value></HeartRateBpm><Cadence>26</Cadence><Extensions><ext:TPX><ext:Watts>49.84848484848485</ext:Watts><ext:Torque>20</ext:Torque></ext:TPX></Extensions></Trackpoint><Trackpoint><Time>2025-08-28T13:05:55.630Z</Time><DistanceMeters>5294.881277138654</DistanceMeters><HeartRateBpm><Value>153</Value></HeartRateBpm><Cadence>26</Cadence><Extensions><ext:TPX><ext:Watts>50.72727272727273</ext:Watts><ext:Torque>20</ext:Torque></ext:TPX></Extensions></Trackpoint><Trackpoint><Time>2025-08-28T13:05:56.785Z</Time><DistanceMeters>5298.984886746851</DistanceMeters><HeartRateBpm><Value>153</Value></HeartRateBpm><Cadence>26</Cadence><Extensions><ext:TPX><ext:Watts>52.333333333333336</ext:Watts><ext:Torque>20</ext:Torque></ext:TPX></Extensions></Trackpoint><Trackpoint><Time>2025-08-28T13:05:57.941Z</Time><DistanceMeters>5303.005331134268</DistanceMeters><HeartRateBpm><Value>153</Value></HeartRateBpm><Cadence>26</Cadence><Extensions><ext:TPX><ext:Watts>51.27272727272727</ext:Watts><ext:Torque>20</ext:Torque></ext:TPX></Extensions></Trackpoint><Trackpoint><Time>2025-08-28T13:05:59.130Z</Time><DistanceMeters>5307.010847713988</DistanceMeters><HeartRateBpm><Value>153</Value></HeartRateBpm><Cadence>25</Cadence><Extensions><ext:TPX><ext:Watts>49.11764705882353</ext:Watts><ext:Torque>20</ext:Torque></ext:TPX></Extensions></Trackpoint><Trackpoint><Time>2025-08-28T13:06:00.285Z</Time><DistanceMeters>5311.014659057249</DistanceMeters><HeartRateBpm><Value>153</Value></HeartRateBpm><Cadence>26</Cadence><Extensions><ext:TPX><ext:Watts>51.06060606060606</ext:Watts><ext:Torque>20</ext:Torque></ext:TPX></Extensions></Trackpoint><Trackpoint><Time>2025-08-28T13:06:01.475Z</Time><DistanceMeters>5315.137702770147</DistanceMeters><HeartRateBpm><Value>153</Value></HeartRateBpm><Cadence>25</Cadence><Extensions><ext:TPX><ext:Watts>50.55882352941177</ext:Watts><ext:Torque>20</ext:Torque></ext:TPX></Extensions></Trackpoint><Trackpoint><Time>2025-08-28T13:06:02.630Z</Time><DistanceMeters>5319.200917842537</DistanceMeters><HeartRateBpm><Value>153</Value></HeartRateBpm><Cadence>26</Cadence><Extensions><ext:TPX><ext:Watts>51.81818181818182</ext:Watts><ext:Torque>20</ext:Torque></ext:TPX></Extensions></Trackpoint><Trackpoint><Time>2025-08-28T13:06:03.785Z</Time><DistanceMeters>5323.278389809917</DistanceMeters><HeartRateBpm><Value>153</Value></HeartRateBpm><Cadence>26</Cadence><Extensions><ext:TPX><ext:Watts>52.0</ext:Watts><ext:Torque>20</ext:Torque></ext:TPX></Extensions></Trackpoint><Trackpoint><Time>2025-08-28T13:06:04.975Z</Time><DistanceMeters>5327.271913825028</DistanceMeters><HeartRateBpm><Value>153</Value></HeartRateBpm><Cadence>25</Cadence><Extensions><ext:TPX><ext:Watts>48.970588235294116</ext:Watts><ext:Torque>20</ext:Torque></ext:TPX></Extensions></Trackpoint><Trackpoint><Time>2025-08-28T13:06:06.130Z</Time><DistanceMeters>5331.330376599087</DistanceMeters><HeartRateBpm><Value>154</Value></HeartRateBpm><Cadence>26</Cadence><Extensions><ext:TPX><ext:Watts>51.75757575757576</ext:Watts><ext:Torque>20</ext:Torque></ext:TPX></Extensions></Trackpoint><Trackpoint><Time>2025-08-28T13:06:07.285Z</Time><DistanceMeters>5335.229637379081</DistanceMeters><HeartRateBpm><Value>155</Value></HeartRateBpm><Cadence>26</Cadence><Extensions><ext:TPX><ext:Watts>49.72727272727273</ext:Watts><ext:Torque>20</ext:Torque></ext:TPX></Extensions></Trackpoint><Trackpoint><Time>2025-08-28T13:06:08.475Z</Time><DistanceMeters>5339.465411199313</DistanceMeters><HeartRateBpm><Value>156</Value></HeartRateBpm><Cadence>25</Cadence><Extensions><ext:TPX><ext:Watts>51.94117647058823</ext:Watts><ext:Torque>20</ext:Torque></ext:TPX></Extensions></Trackpoint><Trackpoint><Time>2025-08-28T13:06:09.665Z</Time><DistanceMeters>5343.475724804878</DistanceMeters><HeartRateBpm><Value>156</Value></HeartRateBpm><Cadence>25</Cadence><Extensions><ext:TPX><ext:Watts>49.1764705882353</ext:Watts><ext:Torque>20</ext:Torque></ext:TPX></Extensions></Trackpoint><Trackpoint><Time>2025-08-28T13:06:10.855Z</Time><DistanceMeters>5347.637144724528</DistanceMeters><HeartRateBpm><Value>157</Value></HeartRateBpm><Cadence>25</Cadence><Extensions><ext:TPX><ext:Watts>51.029411764705884</ext:Watts><ext:Torque>20</ext:Torque></ext:TPX></Extensions></Trackpoint><Trackpoint><Time>2025-08-28T13:06:12.045Z</Time><DistanceMeters>5351.769782489114</DistanceMeters><HeartRateBpm><Value>157</Value></HeartRateBpm><Cadence>25</Cadence><Extensions><ext:TPX><ext:Watts>50.6764705882353</ext:Watts><ext:Torque>20</ext:Torque></ext:TPX></Extensions></Trackpoint><Trackpoint><Time>2025-08-28T13:06:13.235Z</Time><DistanceMeters>5355.967180102593</DistanceMeters><HeartRateBpm><Value>157</Value></HeartRateBpm><Cadence>25</Cadence><Extensions><ext:TPX><ext:Watts>51.470588235294116</ext:Watts><ext:Torque>20</ext:Torque></ext:TPX></Extensions></Trackpoint><Trackpoint><Time>2025-08-28T13:06:14.430Z</Time><DistanceMeters>5360.205352435747</DistanceMeters><HeartRateBpm><Value>158</Value></HeartRateBpm><Cadence>25</Cadence><Extensions><ext:TPX><ext:Watts>51.970588235294116</ext:Watts><ext:Torque>20</ext:Torque></ext:TPX></Extensions></Trackpoint><Trackpoint><Time>2025-08-28T13:06:15.655Z</Time><DistanceMeters>5364.404078671545</DistanceMeters><HeartRateBpm><Value>158</Value></HeartRateBpm><Cadence>24</Cadence><Extensions><ext:TPX><ext:Watts>50.457142857142856</ext:Watts><ext:Torque>20</ext:Torque></ext:TPX></Extensions></Trackpoint><Trackpoint><Time>2025-08-28T13:06:16.846Z</Time><DistanceMeters>5368.697416801904</DistanceMeters><HeartRateBpm><Value>158</Value></HeartRateBpm><Cadence>25</Cadence><Extensions><ext:TPX><ext:Watts>52.64705882352941</ext:Watts><ext:Torque>20</ext:Torque></ext:TPX></Extensions></Trackpoint><Trackpoint><Time>2025-08-28T13:06:18.035Z</Time><DistanceMeters>5372.712527433313</DistanceMeters><HeartRateBpm><Value>158</Value></HeartRateBpm><Cadence>25</Cadence><Extensions><ext:TPX><ext:Watts>49.23529411764706</ext:Watts><ext:Torque>20</ext:Torque></ext:TPX></Extensions></Trackpoint><Trackpoint><Time>2025-08-28T13:06:19.261Z</Time><DistanceMeters>5376.818529816792</DistanceMeters><HeartRateBpm><Value>158</Value></HeartRateBpm><Cadence>24</Cadence><Extensions><ext:TPX><ext:Watts>49.34285714285714</ext:Watts><ext:Torque>20</ext:Torque></ext:TPX></Extensions></Trackpoint><Trackpoint><Time>2025-08-28T13:06:20.416Z</Time><DistanceMeters>5380.960157811631</DistanceMeters><HeartRateBpm><Value>157</Value></HeartRateBpm><Cadence>26</Cadence><Extensions><ext:TPX><ext:Watts>52.81818181818182</ext:Watts><ext:Torque>20</ext:Torque></ext:TPX></Extensions></Trackpoint><Trackpoint><Time>2025-08-28T13:06:21.605Z</Time><DistanceMeters>5385.198330144784</DistanceMeters><HeartRateBpm><Value>157</Value></HeartRateBpm><Cadence>25</Cadence><Extensions><ext:TPX><ext:Watts>51.970588235294116</ext:Watts><ext:Torque>20</ext:Torque></ext:TPX></Extensions></Trackpoint><Trackpoint><Time>2025-08-28T13:06:22.795Z</Time><DistanceMeters>5389.400524784108</DistanceMeters><HeartRateBpm><Value>157</Value></HeartRateBpm><Cadence>25</Cadence><Extensions><ext:TPX><ext:Watts>51.529411764705884</ext:Watts><ext:Torque>20</ext:Torque></ext:TPX></Extensions></Trackpoint><Trackpoint><Time>2025-08-28T13:06:23.951Z</Time><DistanceMeters>5393.627694148892</DistanceMeters><HeartRateBpm><Value>157</Value></HeartRateBpm><Cadence>26</Cadence><Extensions><ext:TPX><ext:Watts>53.90909090909091</ext:Watts><ext:Torque>20</ext:Torque></ext:TPX></Extensions></Trackpoint><Trackpoint><Time>2025-08-28T13:06:25.176Z</Time><DistanceMeters>5397.838308058064</DistanceMeters><HeartRateBpm><Value>156</Value></HeartRateBpm><Cadence>24</Cadence><Extensions><ext:TPX><ext:Watts>50.6</ext:Watts><ext:Torque>20</ext:Torque></ext:TPX></Extensions></Trackpoint><Trackpoint><Time>2025-08-28T13:06:26.366Z</Time><DistanceMeters>5402.066886339529</DistanceMeters><HeartRateBpm><Value>156</Value></HeartRateBpm><Cadence>25</Cadence><Extensions><ext:TPX><ext:Watts>51.85294117647059</ext:Watts><ext:Torque>20</ext:Torque></ext:TPX></Extensions></Trackpoint><Trackpoint><Time>2025-08-28T13:06:27.521Z</Time><DistanceMeters>5406.301184151809</DistanceMeters><HeartRateBpm><Value>156</Value></HeartRateBpm><Cadence>26</Cadence><Extensions><ext:TPX><ext:Watts>54.0</ext:Watts><ext:Torque>20</ext:Torque></ext:TPX></Extensions></Trackpoint><Trackpoint><Time>2025-08-28T13:06:28.711Z</Time><DistanceMeters>5410.400242735487</DistanceMeters><HeartRateBpm><Value>156</Value></HeartRateBpm><Cadence>25</Cadence><Extensions><ext:TPX><ext:Watts>50.26470588235294</ext:Watts><ext:Torque>20</ext:Torque></ext:TPX></Extensions></Trackpoint><Trackpoint><Time>2025-08-28T13:06:29.901Z</Time><DistanceMeters>5414.573655219747</DistanceMeters><HeartRateBpm><Value>156</Value></HeartRateBpm><Cadence>25</Cadence><Extensions><ext:TPX><ext:Watts>51.1764705882353</ext:Watts><ext:Torque>20</ext:Torque></ext:TPX></Extensions></Trackpoint><Trackpoint><Time>2025-08-28T13:06:31.126Z</Time><DistanceMeters>5418.701055415299</DistanceMeters><HeartRateBpm><Value>156</Value></HeartRateBpm><Cadence>24</Cadence><Extensions><ext:TPX><ext:Watts>49.6</ext:Watts><ext:Torque>20</ext:Torque></ext:TPX></Extensions></Trackpoint><Trackpoint><Time>2025-08-28T13:06:32.316Z</Time><DistanceMeters>5422.780925895601</DistanceMeters><HeartRateBpm><Value>156</Value></HeartRateBpm><Cadence>25</Cadence><Extensions><ext:TPX><ext:Watts>50.029411764705884</ext:Watts><ext:Torque>20</ext:Torque></ext:TPX></Extensions></Trackpoint><Trackpoint><Time>2025-08-28T13:06:33.471Z</Time><DistanceMeters>5426.9653245754125</DistanceMeters><HeartRateBpm><Value>156</Value></HeartRateBpm><Cadence>26</Cadence><Extensions><ext:TPX><ext:Watts>53.36363636363637</ext:Watts><ext:Torque>20</ext:Torque></ext:TPX></Extensions></Trackpoint><Trackpoint><Time>2025-08-28T13:06:34.696Z</Time><DistanceMeters>5431.254397128855</DistanceMeters><HeartRateBpm><Value>156</Value></HeartRateBpm><Cadence>24</Cadence><Extensions><ext:TPX><ext:Watts>51.542857142857144</ext:Watts><ext:Torque>20</ext:Torque></ext:TPX></Extensions></Trackpoint><Trackpoint><Time>2025-08-28T13:06:35.886Z</Time><DistanceMeters>5435.274304786108</DistanceMeters><HeartRateBpm><Value>156</Value></HeartRateBpm><Cadence>25</Cadence><Extensions><ext:TPX><ext:Watts>49.294117647058826</ext:Watts><ext:Torque>20</ext:Torque></ext:TPX></Extensions></Trackpoint><Trackpoint><Time>2025-08-28T13:06:37.078Z</Time><DistanceMeters>5439.447717270367</DistanceMeters><HeartRateBpm><Value>156</Value></HeartRateBpm><Cadence>25</Cadence><Extensions><ext:TPX><ext:Watts>51.1764705882353</ext:Watts><ext:Torque>20</ext:Torque></ext:TPX></Extensions></Trackpoint><Trackpoint><Time>2025-08-28T13:06:38.231Z</Time><DistanceMeters>5443.603602160197</DistanceMeters><HeartRateBpm><Value>156</Value></HeartRateBpm><Cadence>26</Cadence><Extensions><ext:TPX><ext:Watts>53.0</ext:Watts><ext:Torque>20</ext:Torque></ext:TPX></Extensions></Trackpoint><Trackpoint><Time>2025-08-28T13:06:39.386Z</Time><DistanceMeters>5447.63592729344</DistanceMeters><HeartRateBpm><Value>155</Value></HeartRateBpm><Cadence>26</Cadence><Extensions><ext:TPX><ext:Watts>51.42424242424242</ext:Watts><ext:Torque>20</ext:Torque></ext:TPX></Extensions></Trackpoint><Trackpoint><Time>2025-08-28T13:06:40.576Z</Time><DistanceMeters>5451.766166545103</DistanceMeters><HeartRateBpm><Value>155</Value></HeartRateBpm><Cadence>25</Cadence><Extensions><ext:TPX><ext:Watts>50.64705882352941</ext:Watts><ext:Torque>20</ext:Torque></ext:TPX></Extensions></Trackpoint><Trackpoint><Time>2025-08-28T13:06:41.731Z</Time><DistanceMeters>5455.955317523245</DistanceMeters><HeartRateBpm><Value>155</Value></HeartRateBpm><Cadence>26</Cadence><Extensions><ext:TPX><ext:Watts>53.42424242424242</ext:Watts><ext:Torque>20</ext:Torque></ext:TPX></Extensions></Trackpoint><Trackpoint><Time>2025-08-28T13:06:42.886Z</Time><DistanceMeters>5460.087440921423</DistanceMeters><HeartRateBpm><Value>155</Value></HeartRateBpm><Cadence>26</Cadence><Extensions><ext:TPX><ext:Watts>52.696969696969695</ext:Watts><ext:Torque>20</ext:Torque></ext:TPX></Extensions></Trackpoint><Trackpoint><Time>2025-08-28T13:06:44.041Z</Time><DistanceMeters>5464.231445065427</DistanceMeters><HeartRateBpm><Value>155</Value></HeartRateBpm><Cadence>26</Cadence><Extensions><ext:TPX><ext:Watts>52.84848484848485</ext:Watts><ext:Torque>20</ext:Torque></ext:TPX></Extensions></Trackpoint><Trackpoint><Time>2025-08-28T13:06:45.231Z</Time><DistanceMeters>5468.304120006963</DistanceMeters><HeartRateBpm><Value>155</Value></HeartRateBpm><Cadence>25</Cadence><Extensions><ext:TPX><ext:Watts>49.94117647058823</ext:Watts><ext:Torque>20</ext:Torque></ext:TPX></Extensions></Trackpoint><Trackpoint><Time>2025-08-28T13:06:46.421Z</Time><DistanceMeters>5472.626240292386</DistanceMeters><HeartRateBpm><Value>156</Value></HeartRateBpm><Cadence>25</Cadence><Extensions><ext:TPX><ext:Watts>53.0</ext:Watts><ext:Torque>20</ext:Torque></ext:TPX></Extensions></Trackpoint><Trackpoint><Time>2025-08-28T13:06:47.576Z</Time><DistanceMeters>5476.86291425383</DistanceMeters><HeartRateBpm><Value>156</Value></HeartRateBpm><Cadence>26</Cadence><Extensions><ext:TPX><ext:Watts>54.03030303030303</ext:Watts><ext:Torque>20</ext:Torque></ext:TPX></Extensions></Trackpoint><Trackpoint><Time>2025-08-28T13:06:48.766Z</Time><DistanceMeters>5481.014740121792</DistanceMeters><HeartRateBpm><Value>156</Value></HeartRateBpm><Cadence>25</Cadence><Extensions><ext:TPX><ext:Watts>50.911764705882355</ext:Watts><ext:Torque>20</ext:Torque></ext:TPX></Extensions></Trackpoint><Trackpoint><Time>2025-08-28T13:06:49.921Z</Time><DistanceMeters>5485.251414083236</DistanceMeters><HeartRateBpm><Value>157</Value></HeartRateBpm><Cadence>26</Cadence><Extensions><ext:TPX><ext:Watts>54.03030303030303</ext:Watts><ext:Torque>20</ext:Torque></ext:TPX></Extensions></Trackpoint><Trackpoint><Time>2025-08-28T13:06:51.076Z</Time><DistanceMeters>5489.38591363058</DistanceMeters><HeartRateBpm><Value>157</Value></HeartRateBpm><Cadence>26</Cadence><Extensions><ext:TPX><ext:Watts>52.72727272727273</ext:Watts><ext:Torque>20</ext:Torque></ext:TPX></Extensions></Trackpoint><Trackpoint><Time>2025-08-28T13:06:52.266Z</Time><DistanceMeters>5493.53534098562</DistanceMeters><HeartRateBpm><Value>157</Value></HeartRateBpm><Cadence>25</Cadence><Extensions><ext:TPX><ext:Watts>50.88235294117647</ext:Watts><ext:Torque>20</ext:Torque></ext:TPX></Extensions></Trackpoint><Trackpoint><Time>2025-08-28T13:06:53.421Z</Time><DistanceMeters>5497.681721278789</DistanceMeters><HeartRateBpm><Value>158</Value></HeartRateBpm><Cadence>26</Cadence><Extensions><ext:TPX><ext:Watts>52.878787878787875</ext:Watts><ext:Torque>20</ext:Torque></ext:TPX></Extensions></Trackpoint><Trackpoint><Time>2025-08-28T13:06:54.576Z</Time><DistanceMeters>5501.664147279564</DistanceMeters><HeartRateBpm><Value>158</Value></HeartRateBpm><Cadence>26</Cadence><Extensions><ext:TPX><ext:Watts>50.78787878787879</ext:Watts><ext:Torque>20</ext:Torque></ext:TPX></Extensions></Trackpoint><Trackpoint><Time>2025-08-28T13:06:55.766Z</Time><DistanceMeters>5506.034237823426</DistanceMeters><HeartRateBpm><Value>158</Value></HeartRateBpm><Cadence>25</Cadence><Extensions><ext:TPX><ext:Watts>53.588235294117645</ext:Watts><ext:Torque>20</ext:Torque></ext:TPX></Extensions></Trackpoint><Trackpoint><Time>2025-08-28T13:06:56.956Z</Time><DistanceMeters>5510.159680049246</DistanceMeters><HeartRateBpm><Value>158</Value></HeartRateBpm><Cadence>25</Cadence><Extensions><ext:TPX><ext:Watts>50.588235294117645</ext:Watts><ext:Torque>20</ext:Torque></ext:TPX></Extensions></Trackpoint><Trackpoint><Time>2025-08-28T13:06:58.112Z</Time><DistanceMeters>5514.21101437581</DistanceMeters><HeartRateBpm><Value>158</Value></HeartRateBpm><Cadence>26</Cadence><Extensions><ext:TPX><ext:Watts>51.666666666666664</ext:Watts><ext:Torque>20</ext:Torque></ext:TPX></Extensions></Trackpoint><Trackpoint><Time>2025-08-28T13:06:59.266Z</Time><DistanceMeters>5518.255220254879</DistanceMeters><HeartRateBpm><Value>158</Value></HeartRateBpm><Cadence>26</Cadence><Extensions><ext:TPX><ext:Watts>51.57575757575758</ext:Watts><ext:Torque>20</ext:Torque></ext:TPX></Extensions></Trackpoint><Trackpoint><Time>2025-08-28T13:07:00.421Z</Time><DistanceMeters>5522.137847990717</DistanceMeters><HeartRateBpm><Value>158</Value></HeartRateBpm><Cadence>26</Cadence><Extensions><ext:TPX><ext:Watts>49.515151515151516</ext:Watts><ext:Torque>20</ext:Torque></ext:TPX></Extensions></Trackpoint><Trackpoint><Time>2025-08-28T13:07:01.576Z</Time><DistanceMeters>5526.2628429414</DistanceMeters><HeartRateBpm><Value>158</Value></HeartRateBpm><Cadence>26</Cadence><Extensions><ext:TPX><ext:Watts>52.60606060606061</ext:Watts><ext:Torque>20</ext:Torque></ext:TPX></Extensions></Trackpoint><Trackpoint><Time>2025-08-28T13:07:02.732Z</Time><DistanceMeters>5530.378333295423</DistanceMeters><HeartRateBpm><Value>158</Value></HeartRateBpm><Cadence>26</Cadence><Extensions><ext:TPX><ext:Watts>52.484848484848484</ext:Watts><ext:Torque>20</ext:Torque></ext:TPX></Extensions></Trackpoint><Trackpoint><Time>2025-08-28T13:07:03.851Z</Time><DistanceMeters>5534.326024615693</DistanceMeters><HeartRateBpm><Value>158</Value></HeartRateBpm><Cadence>27</Cadence><Extensions><ext:TPX><ext:Watts>52.28125</ext:Watts><ext:Torque>20</ext:Torque></ext:TPX></Extensions></Trackpoint><Trackpoint><Time>2025-08-28T13:07:04.972Z</Time><DistanceMeters>5538.346865027971</DistanceMeters><HeartRateBpm><Value>158</Value></HeartRateBpm><Cadence>27</Cadence><Extensions><ext:TPX><ext:Watts>53.25</ext:Watts><ext:Torque>20</ext:Torque></ext:TPX></Extensions></Trackpoint><Trackpoint><Time>2025-08-28T13:07:06.091Z</Time><DistanceMeters>5542.341749310826</DistanceMeters><HeartRateBpm><Value>158</Value></HeartRateBpm><Cadence>27</Cadence><Extensions><ext:TPX><ext:Watts>52.90625</ext:Watts><ext:Torque>20</ext:Torque></ext:TPX></Extensions></Trackpoint><Trackpoint><Time>2025-08-28T13:07:07.211Z</Time><DistanceMeters>5546.282361686709</DistanceMeters><HeartRateBpm><Value>158</Value></HeartRateBpm><Cadence>27</Cadence><Extensions><ext:TPX><ext:Watts>52.1875</ext:Watts><ext:Torque>20</ext:Torque></ext:TPX></Extensions></Trackpoint><Trackpoint><Time>2025-08-28T13:07:08.296Z</Time><DistanceMeters>5550.4172291539235</DistanceMeters><HeartRateBpm><Value>157</Value></HeartRateBpm><Cadence>28</Cadence><Extensions><ext:TPX><ext:Watts>55.774193548387096</ext:Watts><ext:Torque>20</ext:Torque></ext:TPX></Extensions></Trackpoint><Trackpoint><Time>2025-08-28T13:07:09.452Z</Time><DistanceMeters>5554.492324972139</DistanceMeters><HeartRateBpm><Value>156</Value></HeartRateBpm><Cadence>26</Cadence><Extensions><ext:TPX><ext:Watts>51.96969696969697</ext:Watts><ext:Torque>20</ext:Torque></ext:TPX></Extensions></Trackpoint><Trackpoint><Time>2025-08-28T13:07:10.572Z</Time><DistanceMeters>5558.220569016386</DistanceMeters><HeartRateBpm><Value>156</Value></HeartRateBpm><Cadence>27</Cadence><Extensions><ext:TPX><ext:Watts>49.375</ext:Watts><ext:Torque>20</ext:Torque></ext:TPX></Extensions></Trackpoint><Trackpoint><Time>2025-08-28T13:07:11.656Z</Time><DistanceMeters>5562.199990338217</DistanceMeters><HeartRateBpm><Value>155</Value></HeartRateBpm><Cadence>28</Cadence><Extensions><ext:TPX><ext:Watts>53.67741935483871</ext:Watts><ext:Torque>20</ext:Torque></ext:TPX></Extensions></Trackpoint><Trackpoint><Time>2025-08-28T13:07:12.776Z</Time><DistanceMeters>5566.2491465280455</DistanceMeters><HeartRateBpm><Value>155</Value></HeartRateBpm><Cadence>27</Cadence><Extensions><ext:TPX><ext:Watts>53.625</ext:Watts><ext:Torque>20</ext:Torque></ext:TPX></Extensions></Trackpoint><Trackpoint><Time>2025-08-28T13:07:13.897Z</Time><DistanceMeters>5570.272346588453</DistanceMeters><HeartRateBpm><Value>155</Value></HeartRateBpm><Cadence>27</Cadence><Extensions><ext:TPX><ext:Watts>53.28125</ext:Watts><ext:Torque>20</ext:Torque></ext:TPX></Extensions></Trackpoint><Trackpoint><Time>2025-08-28T13:07:14.982Z</Time><DistanceMeters>5574.244593472804</DistanceMeters><HeartRateBpm><Value>155</Value></HeartRateBpm><Cadence>28</Cadence><Extensions><ext:TPX><ext:Watts>53.58064516129032</ext:Watts><ext:Torque>20</ext:Torque></ext:TPX></Extensions></Trackpoint><Trackpoint><Time>2025-08-28T13:07:16.102Z</Time><DistanceMeters>5578.279591773858</DistanceMeters><HeartRateBpm><Value>155</Value></HeartRateBpm><Cadence>27</Cadence><Extensions><ext:TPX><ext:Watts>53.4375</ext:Watts><ext:Torque>20</ext:Torque></ext:TPX></Extensions></Trackpoint><Trackpoint><Time>2025-08-28T13:07:17.187Z</Time><DistanceMeters>5582.323583033001</DistanceMeters><HeartRateBpm><Value>155</Value></HeartRateBpm><Cadence>28</Cadence><Extensions><ext:TPX><ext:Watts>54.54838709677419</ext:Watts><ext:Torque>20</ext:Torque></ext:TPX></Extensions></Trackpoint><Trackpoint><Time>2025-08-28T13:07:18.272Z</Time><DistanceMeters>5586.334093583909</DistanceMeters><HeartRateBpm><Value>155</Value></HeartRateBpm><Cadence>28</Cadence><Extensions><ext:TPX><ext:Watts>54.096774193548384</ext:Watts><ext:Torque>20</ext:Torque></ext:TPX></Extensions></Trackpoint><Trackpoint><Time>2025-08-28T13:07:19.392Z</Time><DistanceMeters>5590.064697276286</DistanceMeters><HeartRateBpm><Value>156</Value></HeartRateBpm><Cadence>27</Cadence><Extensions><ext:TPX><ext:Watts>49.40625</ext:Watts><ext:Torque>20</ext:Torque></ext:TPX></Extensions></Trackpoint><Trackpoint><Time>2025-08-28T13:07:20.477Z</Time><DistanceMeters>5594.137386285347</DistanceMeters><HeartRateBpm><Value>156</Value></HeartRateBpm><Cadence>28</Cadence><Extensions><ext:TPX><ext:Watts>54.935483870967744</ext:Watts><ext:Torque>20</ext:Torque></ext:TPX></Extensions></Trackpoint><Trackpoint><Time>2025-08-28T13:07:21.562Z</Time><DistanceMeters>5598.260296356762</DistanceMeters><HeartRateBpm><Value>156</Value></HeartRateBpm><Cadence>28</Cadence><Extensions><ext:TPX><ext:Watts>55.61290322580645</ext:Watts><ext:Torque>20</ext:Torque></ext:TPX></Extensions></Trackpoint><Trackpoint><Time>2025-08-28T13:07:22.647Z</Time><DistanceMeters>5602.419078615574</DistanceMeters><HeartRateBpm><Value>156</Value></HeartRateBpm><Cadence>28</Cadence><Extensions><ext:TPX><ext:Watts>56.096774193548384</ext:Watts><ext:Torque>20</ext:Torque></ext:TPX></Extensions></Trackpoint><Trackpoint><Time>2025-08-28T13:07:23.732Z</Time><DistanceMeters>5606.498942062114</DistanceMeters><HeartRateBpm><Value>156</Value></HeartRateBpm><Cadence>28</Cadence><Extensions><ext:TPX><ext:Watts>55.03225806451613</ext:Watts><ext:Torque>20</ext:Torque></ext:TPX></Extensions></Trackpoint><Trackpoint><Time>2025-08-28T13:07:24.817Z</Time><DistanceMeters>5610.590762904453</DistanceMeters><HeartRateBpm><Value>156</Value></HeartRateBpm><Cadence>28</Cadence><Extensions><ext:TPX><ext:Watts>55.193548387096776</ext:Watts><ext:Torque>20</ext:Torque></ext:TPX></Extensions></Trackpoint><Trackpoint><Time>2025-08-28T13:07:25.937Z</Time><DistanceMeters>5614.533734928465</DistanceMeters><HeartRateBpm><Value>156</Value></HeartRateBpm><Cadence>27</Cadence><Extensions><ext:TPX><ext:Watts>52.21875</ext:Watts><ext:Torque>20</ext:Torque></ext:TPX></Extensions></Trackpoint><Trackpoint><Time>2025-08-28T13:07:27.057Z</Time><DistanceMeters>5618.556934988872</DistanceMeters><HeartRateBpm><Value>156</Value></HeartRateBpm><Cadence>27</Cadence><Extensions><ext:TPX><ext:Watts>53.28125</ext:Watts><ext:Torque>20</ext:Torque></ext:TPX></Extensions></Trackpoint><Trackpoint><Time>2025-08-28T13:07:28.107Z</Time><DistanceMeters>5622.66540528115</DistanceMeters><HeartRateBpm><Value>156</Value></HeartRateBpm><Cadence>28</Cadence><Extensions><ext:TPX><ext:Watts>57.43333333333333</ext:Watts><ext:Torque>20</ext:Torque></ext:TPX></Extensions></Trackpoint><Trackpoint><Time>2025-08-28T13:07:29.227Z</Time><DistanceMeters>5626.801868451762</DistanceMeters><HeartRateBpm><Value>157</Value></HeartRateBpm><Cadence>27</Cadence><Extensions><ext:TPX><ext:Watts>54.78125</ext:Watts><ext:Torque>20</ext:Torque></ext:TPX></Extensions></Trackpoint><Trackpoint><Time>2025-08-28T13:07:30.312Z</Time><DistanceMeters>5630.927170002337</DistanceMeters><HeartRateBpm><Value>157</Value></HeartRateBpm><Cadence>28</Cadence><Extensions><ext:TPX><ext:Watts>55.645161290322584</ext:Watts><ext:Torque>20</ext:Torque></ext:TPX></Extensions></Trackpoint><Trackpoint><Time>2025-08-28T13:07:31.402Z</Time><DistanceMeters>5634.952029428203</DistanceMeters><HeartRateBpm><Value>157</Value></HeartRateBpm><Cadence>28</Cadence><Extensions><ext:TPX><ext:Watts>54.29032258064516</ext:Watts><ext:Torque>20</ext:Torque></ext:TPX></Extensions></Trackpoint><Trackpoint><Time>2025-08-28T13:07:32.487Z</Time><DistanceMeters>5639.110811687015</DistanceMeters><HeartRateBpm><Value>157</Value></HeartRateBpm><Cadence>28</Cadence><Extensions><ext:TPX><ext:Watts>56.096774193548384</ext:Watts><ext:Torque>20</ext:Torque></ext:TPX></Extensions></Trackpoint><Trackpoint><Time>2025-08-28T13:07:33.607Z</Time><DistanceMeters>5643.287388875824</DistanceMeters><HeartRateBpm><Value>157</Value></HeartRateBpm><Cadence>27</Cadence><Extensions><ext:TPX><ext:Watts>55.3125</ext:Watts><ext:Torque>20</ext:Torque></ext:TPX></Extensions></Trackpoint><Trackpoint><Time>2025-08-28T13:07:34.692Z</Time><DistanceMeters>5647.496392196991</DistanceMeters><HeartRateBpm><Value>157</Value></HeartRateBpm><Cadence>28</Cadence><Extensions><ext:TPX><ext:Watts>56.774193548387096</ext:Watts><ext:Torque>20</ext:Torque></ext:TPX></Extensions></Trackpoint><Trackpoint><Time>2025-08-28T13:07:35.777Z</Time><DistanceMeters>5651.700612559838</DistanceMeters><HeartRateBpm><Value>157</Value></HeartRateBpm><Cadence>28</Cadence><Extensions><ext:TPX><ext:Watts>56.70967741935484</ext:Watts><ext:Torque>20</ext:Torque></ext:TPX></Extensions></Trackpoint><Trackpoint><Time>2025-08-28T13:07:36.897Z</Time><DistanceMeters>5655.945619544396</DistanceMeters><HeartRateBpm><Value>157</Value></HeartRateBpm><Cadence>27</Cadence><Extensions><ext:TPX><ext:Watts>56.21875</ext:Watts><ext:Torque>20</ext:Torque></ext:TPX></Extensions></Trackpoint><Trackpoint><Time>2025-08-28T13:07:37.982Z</Time><DistanceMeters>5660.142665469764</DistanceMeters><HeartRateBpm><Value>157</Value></HeartRateBpm><Cadence>28</Cadence><Extensions><ext:TPX><ext:Watts>56.61290322580645</ext:Watts><ext:Torque>20</ext:Torque></ext:TPX></Extensions></Trackpoint><Trackpoint><Time>2025-08-28T13:07:39.067Z</Time><DistanceMeters>5664.098171999997</DistanceMeters><HeartRateBpm><Value>158</Value></HeartRateBpm><Cadence>28</Cadence><Extensions><ext:TPX><ext:Watts>53.354838709677416</ext:Watts><ext:Torque>20</ext:Torque></ext:TPX></Extensions></Trackpoint><Trackpoint><Time>2025-08-28T13:07:40.117Z</Time><DistanceMeters>5668.29963726697</DistanceMeters><HeartRateBpm><Value>158</Value></HeartRateBpm><Cadence>28</Cadence><Extensions><ext:TPX><ext:Watts>58.733333333333334</ext:Watts><ext:Torque>20</ext:Torque></ext:TPX></Extensions></Trackpoint><Trackpoint><Time>2025-08-28T13:07:41.237Z</Time><DistanceMeters>5672.537565307141</DistanceMeters><HeartRateBpm><Value>158</Value></HeartRateBpm><Cadence>27</Cadence><Extensions><ext:TPX><ext:Watts>56.125</ext:Watts><ext:Torque>20</ext:Torque></ext:TPX></Extensions></Trackpoint><Trackpoint><Time>2025-08-28T13:07:42.322Z</Time><DistanceMeters>5676.808747086462</DistanceMeters><HeartRateBpm><Value>158</Value></HeartRateBpm><Cadence>28</Cadence><Extensions><ext:TPX><ext:Watts>57.61290322580645</ext:Watts><ext:Torque>20</ext:Torque></ext:TPX></Extensions></Trackpoint><Trackpoint><Time>2025-08-28T13:07:43.407Z</Time><DistanceMeters>5681.00579301183</DistanceMeters><HeartRateBpm><Value>158</Value></HeartRateBpm><Cadence>28</Cadence><Extensions><ext:TPX><ext:Watts>56.61290322580645</ext:Watts><ext:Torque>20</ext:Torque></ext:TPX></Extensions></Trackpoint><Trackpoint><Time>2025-08-28T13:07:44.527Z</Time><DistanceMeters>5685.274396477681</DistanceMeters><HeartRateBpm><Value>158</Value></HeartRateBpm><Cadence>27</Cadence><Extensions><ext:TPX><ext:Watts>56.53125</ext:Watts><ext:Torque>20</ext:Torque></ext:TPX></Extensions></Trackpoint><Trackpoint><Time>2025-08-28T13:07:45.647Z</Time><DistanceMeters>5689.585473609859</DistanceMeters><HeartRateBpm><Value>159</Value></HeartRateBpm><Cadence>27</Cadence><Extensions><ext:TPX><ext:Watts>57.09375</ext:Watts><ext:Torque>20</ext:Torque></ext:TPX></Extensions></Trackpoint><Trackpoint><Time>2025-08-28T13:07:46.767Z</Time><DistanceMeters>5693.85407707571</DistanceMeters><HeartRateBpm><Value>159</Value></HeartRateBpm><Cadence>27</Cadence><Extensions><ext:TPX><ext:Watts>56.53125</ext:Watts><ext:Torque>20</ext:Torque></ext:TPX></Extensions></Trackpoint><Trackpoint><Time>2025-08-28T13:07:47.852Z</Time><DistanceMeters>5697.955463834688</DistanceMeters><HeartRateBpm><Value>159</Value></HeartRateBpm><Cadence>28</Cadence><Extensions><ext:TPX><ext:Watts>55.32258064516129</ext:Watts><ext:Torque>20</ext:Torque></ext:TPX></Extensions></Trackpoint><Trackpoint><Time>2025-08-28T13:07:48.972Z</Time><DistanceMeters>5702.202830467376</DistanceMeters><HeartRateBpm><Value>159</Value></HeartRateBpm><Cadence>27</Cadence><Extensions><ext:TPX><ext:Watts>56.25</ext:Watts><ext:Torque>20</ext:Torque></ext:TPX></Extensions></Trackpoint><Trackpoint><Time>2025-08-28T13:07:50.057Z</Time><DistanceMeters>5706.289868351395</DistanceMeters><HeartRateBpm><Value>159</Value></HeartRateBpm><Cadence>28</Cadence><Extensions><ext:TPX><ext:Watts>55.12903225806452</ext:Watts><ext:Torque>20</ext:Torque></ext:TPX></Extensions></Trackpoint><Trackpoint><Time>2025-08-28T13:07:51.177Z</Time><DistanceMeters>5710.400375392585</DistanceMeters><HeartRateBpm><Value>159</Value></HeartRateBpm><Cadence>27</Cadence><Extensions><ext:TPX><ext:Watts>54.4375</ext:Watts><ext:Torque>20</ext:Torque></ext:TPX></Extensions></Trackpoint><Trackpoint><Time>2025-08-28T13:07:52.298Z</Time><DistanceMeters>5714.392900027312</DistanceMeters><HeartRateBpm><Value>159</Value></HeartRateBpm><Cadence>27</Cadence><Extensions><ext:TPX><ext:Watts>52.875</ext:Watts><ext:Torque>20</ext:Torque></ext:TPX></Extensions></Trackpoint><Trackpoint><Time>2025-08-28T13:07:53.382Z</Time><DistanceMeters>5718.470371994692</DistanceMeters><HeartRateBpm><Value>158</Value></HeartRateBpm><Cadence>28</Cadence><Extensions><ext:TPX><ext:Watts>55.0</ext:Watts><ext:Torque>20</ext:Torque></ext:TPX></Extensions></Trackpoint><Trackpoint><Time>2025-08-28T13:07:54.467Z</Time><DistanceMeters>5722.294347171139</DistanceMeters><HeartRateBpm><Value>158</Value></HeartRateBpm><Cadence>28</Cadence><Extensions><ext:TPX><ext:Watts>51.58064516129032</ext:Watts><ext:Torque>20</ext:Torque></ext:TPX></Extensions></Trackpoint><Trackpoint><Time>2025-08-28T13:07:55.517Z</Time><DistanceMeters>5726.2812086503545</DistanceMeters><HeartRateBpm><Value>158</Value></HeartRateBpm><Cadence>28</Cadence><Extensions><ext:TPX><ext:Watts>55.733333333333334</ext:Watts><ext:Torque>20</ext:Torque></ext:TPX></Extensions></Trackpoint><Trackpoint><Time>2025-08-28T13:07:56.602Z</Time><DistanceMeters>5730.267804409664</DistanceMeters><HeartRateBpm><Value>158</Value></HeartRateBpm><Cadence>28</Cadence><Extensions><ext:TPX><ext:Watts>53.774193548387096</ext:Watts><ext:Torque>20</ext:Torque></ext:TPX></Extensions></Trackpoint><Trackpoint><Time>2025-08-28T13:07:57.687Z</Time><DistanceMeters>5734.395497439399</DistanceMeters><HeartRateBpm><Value>158</Value></HeartRateBpm><Cadence>28</Cadence><Extensions><ext:TPX><ext:Watts>55.67741935483871</ext:Watts><ext:Torque>20</ext:Torque></ext:TPX></Extensions></Trackpoint><Trackpoint><Time>2025-08-28T13:07:58.773Z</Time><DistanceMeters>5738.437097219383</DistanceMeters><HeartRateBpm><Value>159</Value></HeartRateBpm><Cadence>28</Cadence><Extensions><ext:TPX><ext:Watts>54.516129032258064</ext:Watts><ext:Torque>20</ext:Torque></ext:TPX></Extensions></Trackpoint><Trackpoint><Time>2025-08-28T13:07:59.857Z</Time><DistanceMeters>5742.44760777029</DistanceMeters><HeartRateBpm><Value>159</Value></HeartRateBpm><Cadence>28</Cadence><Extensions><ext:TPX><ext:Watts>54.096774193548384</ext:Watts><ext:Torque>20</ext:Torque></ext:TPX></Extensions></Trackpoint><Trackpoint><Time>2025-08-28T13:08:00.977Z</Time><DistanceMeters>5746.5156411451535</DistanceMeters><HeartRateBpm><Value>159</Value></HeartRateBpm><Cadence>27</Cadence><Extensions><ext:TPX><ext:Watts>53.875</ext:Watts><ext:Torque>20</ext:Torque></ext:TPX></Extensions></Trackpoint><Trackpoint><Time>2025-08-28T13:08:02.097Z</Time><DistanceMeters>5750.435016687872</DistanceMeters><HeartRateBpm><Value>159</Value></HeartRateBpm><Cadence>27</Cadence><Extensions><ext:TPX><ext:Watts>51.90625</ext:Watts><ext:Torque>20</ext:Torque></ext:TPX></Extensions></Trackpoint><Trackpoint><Time>2025-08-28T13:08:03.217Z</Time><DistanceMeters>5754.274164194196</DistanceMeters><HeartRateBpm><Value>159</Value></HeartRateBpm><Cadence>27</Cadence><Extensions><ext:TPX><ext:Watts>50.84375</ext:Watts><ext:Torque>20</ext:Torque></ext:TPX></Extensions></Trackpoint><Trackpoint><Time>2025-08-28T13:08:04.343Z</Time><DistanceMeters>5758.084773314654</DistanceMeters><HeartRateBpm><Value>159</Value></HeartRateBpm><Cadence>26</Cadence><Extensions><ext:TPX><ext:Watts>49.53125</ext:Watts><ext:Torque>20</ext:Torque></ext:TPX></Extensions></Trackpoint><Trackpoint><Time>2025-08-28T13:08:05.463Z</Time><DistanceMeters>5761.992350616727</DistanceMeters><HeartRateBpm><Value>159</Value></HeartRateBpm><Cadence>27</Cadence><Extensions><ext:TPX><ext:Watts>51.75</ext:Watts><ext:Torque>20</ext:Torque></ext:TPX></Extensions></Trackpoint><Trackpoint><Time>2025-08-28T13:08:06.583Z</Time><DistanceMeters>5765.937682288868</DistanceMeters><HeartRateBpm><Value>159</Value></HeartRateBpm><Cadence>27</Cadence><Extensions><ext:TPX><ext:Watts>52.25</ext:Watts><ext:Torque>20</ext:Torque></ext:TPX></Extensions></Trackpoint><Trackpoint><Time>2025-08-28T13:08:07.673Z</Time><DistanceMeters>5769.6038198407705</DistanceMeters><HeartRateBpm><Value>159</Value></HeartRateBpm><Cadence>28</Cadence><Extensions><ext:TPX><ext:Watts>49.45161290322581</ext:Watts><ext:Torque>20</ext:Torque></ext:TPX></Extensions></Trackpoint><Trackpoint><Time>2025-08-28T13:08:08.793Z</Time><DistanceMeters>5773.433528754577</DistanceMeters><HeartRateBpm><Value>159</Value></HeartRateBpm><Cadence>27</Cadence><Extensions><ext:TPX><ext:Watts>50.71875</ext:Watts><ext:Torque>20</ext:Torque></ext:TPX></Extensions></Trackpoint><Trackpoint><Time>2025-08-28T13:08:09.878Z</Time><DistanceMeters>5777.322073868337</DistanceMeters><HeartRateBpm><Value>159</Value></HeartRateBpm><Cadence>28</Cadence><Extensions><ext:TPX><ext:Watts>52.45161290322581</ext:Watts><ext:Torque>20</ext:Torque></ext:TPX></Extensions></Trackpoint><Trackpoint><Time>2025-08-28T13:08:10.998Z</Time><DistanceMeters>5781.2178529297635</DistanceMeters><HeartRateBpm><Value>159</Value></HeartRateBpm><Cadence>27</Cadence><Extensions><ext:TPX><ext:Watts>51.59375</ext:Watts><ext:Torque>20</ext:Torque></ext:TPX></Extensions></Trackpoint><Trackpoint><Time>2025-08-28T13:08:12.118Z</Time><DistanceMeters>5785.002728529114</DistanceMeters><HeartRateBpm><Value>158</Value></HeartRateBpm><Cadence>27</Cadence><Extensions><ext:TPX><ext:Watts>50.125</ext:Watts><ext:Torque>20</ext:Torque></ext:TPX></Extensions></Trackpoint><Trackpoint><Time>2025-08-28T13:08:13.238Z</Time><DistanceMeters>5788.860753220472</DistanceMeters><HeartRateBpm><Value>158</Value></HeartRateBpm><Cadence>27</Cadence><Extensions><ext:TPX><ext:Watts>51.09375</ext:Watts><ext:Torque>20</ext:Torque></ext:TPX></Extensions></Trackpoint><Trackpoint><Time>2025-08-28T13:08:14.358Z</Time><DistanceMeters>5792.770690170674</DistanceMeters><HeartRateBpm><Value>158</Value></HeartRateBpm><Cadence>27</Cadence><Extensions><ext:TPX><ext:Watts>51.78125</ext:Watts><ext:Torque>20</ext:Torque></ext:TPX></Extensions></Trackpoint><Trackpoint><Time>2025-08-28T13:08:15.513Z</Time><DistanceMeters>5796.68896014399</DistanceMeters><HeartRateBpm><Value>158</Value></HeartRateBpm><Cadence>26</Cadence><Extensions><ext:TPX><ext:Watts>49.96969696969697</ext:Watts><ext:Torque>20</ext:Torque></ext:TPX></Extensions></Trackpoint><Trackpoint><Time>2025-08-28T13:08:16.633Z</Time><DistanceMeters>5800.598897094192</DistanceMeters><HeartRateBpm><Value>158</Value></HeartRateBpm><Cadence>27</Cadence><Extensions><ext:TPX><ext:Watts>51.78125</ext:Watts><ext:Torque>20</ext:Torque></ext:TPX></Extensions></Trackpoint><Trackpoint><Time>2025-08-28T13:08:17.788Z</Time><DistanceMeters>5804.517167067507</DistanceMeters><HeartRateBpm><Value>158</Value></HeartRateBpm><Cadence>26</Cadence><Extensions><ext:TPX><ext:Watts>49.96969696969697</ext:Watts><ext:Torque>20</ext:Torque></ext:TPX></Extensions></Trackpoint><Trackpoint><Time>2025-08-28T13:08:18.908Z</Time><DistanceMeters>5808.573402201724</DistanceMeters><HeartRateBpm><Value>158</Value></HeartRateBpm><Cadence>27</Cadence><Extensions><ext:TPX><ext:Watts>53.71875</ext:Watts><ext:Torque>20</ext:Torque></ext:TPX></Extensions></Trackpoint><Trackpoint><Time>2025-08-28T13:08:20.028Z</Time><DistanceMeters>5812.313444486618</DistanceMeters><HeartRateBpm><Value>158</Value></HeartRateBpm><Cadence>27</Cadence><Extensions><ext:TPX><ext:Watts>49.53125</ext:Watts><ext:Torque>20</ext:Torque></ext:TPX></Extensions></Trackpoint><Trackpoint><Time>2025-08-28T13:08:21.148Z</Time><DistanceMeters>5816.230460381208</DistanceMeters><HeartRateBpm><Value>158</Value></HeartRateBpm><Cadence>27</Cadence><Extensions><ext:TPX><ext:Watts>51.875</ext:Watts><ext:Torque>20</ext:Torque></ext:TPX></Extensions></Trackpoint><Trackpoint><Time>2025-08-28T13:08:22.233Z</Time><DistanceMeters>5820.109439578328</DistanceMeters><HeartRateBpm><Value>157</Value></HeartRateBpm><Cadence>28</Cadence><Extensions><ext:TPX><ext:Watts>52.32258064516129</ext:Watts><ext:Torque>20</ext:Torque></ext:TPX></Extensions></Trackpoint><Trackpoint><Time>2025-08-28T13:08:23.318Z</Time><DistanceMeters>5824.215609295626</DistanceMeters><HeartRateBpm><Value>157</Value></HeartRateBpm><Cadence>28</Cadence><Extensions><ext:TPX><ext:Watts>55.38709677419355</ext:Watts><ext:Torque>20</ext:Torque></ext:TPX></Extensions></Trackpoint><Trackpoint><Time>2025-08-28T13:08:24.368Z</Time><DistanceMeters>5828.257313965047</DistanceMeters><HeartRateBpm><Value>158</Value></HeartRateBpm><Cadence>28</Cadence><Extensions><ext:TPX><ext:Watts>56.5</ext:Watts><ext:Torque>20</ext:Torque></ext:TPX></Extensions></Trackpoint><Trackpoint><Time>2025-08-28T13:08:25.383Z</Time><DistanceMeters>5832.3586168615175</DistanceMeters><HeartRateBpm><Value>158</Value></HeartRateBpm><Cadence>30</Cadence><Extensions><ext:TPX><ext:Watts>59.3448275862069</ext:Watts><ext:Torque>20</ext:Torque></ext:TPX></Extensions></Trackpoint><Trackpoint><Time>2025-08-28T13:08:26.468Z</Time><DistanceMeters>5836.562837224365</DistanceMeters><HeartRateBpm><Value>159</Value></HeartRateBpm><Cadence>28</Cadence><Extensions><ext:TPX><ext:Watts>56.70967741935484</ext:Watts><ext:Torque>20</ext:Torque></ext:TPX></Extensions></Trackpoint><Trackpoint><Time>2025-08-28T13:08:27.483Z</Time><DistanceMeters>5840.544985475383</DistanceMeters><HeartRateBpm><Value>159</Value></HeartRateBpm><Cadence>30</Cadence><Extensions><ext:TPX><ext:Watts>57.62068965517241</ext:Watts><ext:Torque>20</ext:Torque></ext:TPX></Extensions></Trackpoint><Trackpoint><Time>2025-08-28T13:08:28.498Z</Time><DistanceMeters>5844.6582038363995</DistanceMeters><HeartRateBpm><Value>160</Value></HeartRateBpm><Cadence>30</Cadence><Extensions><ext:TPX><ext:Watts>59.51724137931034</ext:Watts><ext:Torque>20</ext:Torque></ext:TPX></Extensions></Trackpoint><Trackpoint><Time>2025-08-28T13:08:29.513Z</Time><DistanceMeters>5848.871512099596</DistanceMeters><HeartRateBpm><Value>159</Value></HeartRateBpm><Cadence>30</Cadence><Extensions><ext:TPX><ext:Watts>60.96551724137931</ext:Watts><ext:Torque>20</ext:Torque></ext:TPX></Extensions></Trackpoint><Trackpoint><Time>2025-08-28T13:08:30.528Z</Time><DistanceMeters>5853.003795203884</DistanceMeters><HeartRateBpm><Value>159</Value></HeartRateBpm><Cadence>30</Cadence><Extensions><ext:TPX><ext:Watts>59.793103448275865</ext:Watts><ext:Torque>20</ext:Torque></ext:TPX></Extensions></Trackpoint><Trackpoint><Time>2025-08-28T13:08:31.543Z</Time><DistanceMeters>5857.1694416088985</DistanceMeters><HeartRateBpm><Value>159</Value></HeartRateBpm><Cadence>30</Cadence><Extensions><ext:TPX><ext:Watts>60.275862068965516</ext:Watts><ext:Torque>20</ext:Torque></ext:TPX></Extensions></Trackpoint><Trackpoint><Time>2025-08-28T13:08:32.523Z</Time><DistanceMeters>5861.012960266675</DistanceMeters><HeartRateBpm><Value>160</Value></HeartRateBpm><Cadence>30</Cadence><Extensions><ext:TPX><ext:Watts>57.5</ext:Watts><ext:Torque>20</ext:Torque></ext:TPX></Extensions></Trackpoint><Trackpoint><Time>2025-08-28T13:08:33.538Z</Time><DistanceMeters>5864.785396341697</DistanceMeters><HeartRateBpm><Value>160</Value></HeartRateBpm><Cadence>30</Cadence><Extensions><ext:TPX><ext:Watts>54.58620689655172</ext:Watts><ext:Torque>20</ext:Torque></ext:TPX></Extensions></Trackpoint><Trackpoint><Time>2025-08-28T13:08:34.518Z</Time><DistanceMeters>5868.817510014358</DistanceMeters><HeartRateBpm><Value>160</Value></HeartRateBpm><Cadence>30</Cadence><Extensions><ext:TPX><ext:Watts>60.32142857142857</ext:Watts><ext:Torque>20</ext:Torque></ext:TPX></Extensions></Trackpoint><Trackpoint><Time>2025-08-28T13:08:35.498Z</Time><DistanceMeters>5872.744583425564</DistanceMeters><HeartRateBpm><Value>160</Value></HeartRateBpm><Cadence>30</Cadence><Extensions><ext:TPX><ext:Watts>58.75</ext:Watts><ext:Torque>20</ext:Torque></ext:TPX></Extensions></Trackpoint><Trackpoint><Time>2025-08-28T13:08:36.443Z</Time><DistanceMeters>5876.706994455593</DistanceMeters><HeartRateBpm><Value>160</Value></HeartRateBpm><Cadence>32</Cadence><Extensions><ext:TPX><ext:Watts>61.22222222222222</ext:Watts><ext:Torque>20</ext:Torque></ext:TPX></Extensions></Trackpoint><Trackpoint><Time>2025-08-28T13:08:37.423Z</Time><DistanceMeters>5880.703298948213</DistanceMeters><HeartRateBpm><Value>160</Value></HeartRateBpm><Cadence>30</Cadence><Extensions><ext:TPX><ext:Watts>59.785714285714285</ext:Watts><ext:Torque>20</ext:Torque></ext:TPX></Extensions></Trackpoint><Trackpoint><Time>2025-08-28T13:08:38.368Z</Time><DistanceMeters>5884.90542026439</DistanceMeters><HeartRateBpm><Value>160</Value></HeartRateBpm><Cadence>32</Cadence><Extensions><ext:TPX><ext:Watts>64.92592592592592</ext:Watts><ext:Torque>20</ext:Torque></ext:TPX></Extensions></Trackpoint><Trackpoint><Time>2025-08-28T13:08:39.278Z</Time><DistanceMeters>5888.928240800972</DistanceMeters><HeartRateBpm><Value>160</Value></HeartRateBpm><Cadence>33</Cadence><Extensions><ext:TPX><ext:Watts>65.11538461538461</ext:Watts><ext:Torque>20</ext:Torque></ext:TPX></Extensions></Trackpoint><Trackpoint><Time>2025-08-28T13:08:40.223Z</Time><DistanceMeters>5893.08242005992</DistanceMeters><HeartRateBpm><Value>160</Value></HeartRateBpm><Cadence>32</Cadence><Extensions><ext:TPX><ext:Watts>64.18518518518519</ext:Watts><ext:Torque>20</ext:Torque></ext:TPX></Extensions></Trackpoint><Trackpoint><Time>2025-08-28T13:08:41.098Z</Time><DistanceMeters>5897.022794419122</DistanceMeters><HeartRateBpm><Value>160</Value></HeartRateBpm><Cadence>34</Cadence><Extensions><ext:TPX><ext:Watts>66.68</ext:Watts><ext:Torque>20</ext:Torque></ext:TPX></Extensions></Trackpoint><Trackpoint><Time>2025-08-28T13:08:42.043Z</Time><DistanceMeters>5901.117046106532</DistanceMeters><HeartRateBpm><Value>160</Value></HeartRateBpm><Cadence>32</Cadence><Extensions><ext:TPX><ext:Watts>63.25925925925926</ext:Watts><ext:Torque>20</ext:Torque></ext:TPX></Extensions></Trackpoint><Trackpoint><Time>2025-08-28T13:08:42.988Z</Time><DistanceMeters>5905.11061947376</DistanceMeters><HeartRateBpm><Value>161</Value></HeartRateBpm><Cadence>32</Cadence><Extensions><ext:TPX><ext:Watts>61.7037037037037</ext:Watts><ext:Torque>20</ext:Torque></ext:TPX></Extensions></Trackpoint><Trackpoint><Time>2025-08-28T13:08:43.898Z</Time><DistanceMeters>5908.620191790672</DistanceMeters><HeartRateBpm><Value>161</Value></HeartRateBpm><Cadence>33</Cadence><Extensions><ext:TPX><ext:Watts>56.80769230769231</ext:Watts><ext:Torque>20</ext:Torque></ext:TPX></Extensions></Trackpoint><Trackpoint><Time>2025-08-28T13:08:44.808Z</Time><DistanceMeters>5912.315103742465</DistanceMeters><HeartRateBpm><Value>161</Value></HeartRateBpm><Cadence>33</Cadence><Extensions><ext:TPX><ext:Watts>59.80769230769231</ext:Watts><ext:Torque>20</ext:Torque></ext:TPX></Extensions></Trackpoint><Trackpoint><Time>2025-08-28T13:08:45.823Z</Time><DistanceMeters>5916.185246626758</DistanceMeters><HeartRateBpm><Value>161</Value></HeartRateBpm><Cadence>30</Cadence><Extensions><ext:TPX><ext:Watts>56.0</ext:Watts><ext:Torque>20</ext:Torque></ext:TPX></Extensions></Trackpoint><Trackpoint><Time>2025-08-28T13:08:46.873Z</Time><DistanceMeters>5919.96704226434</DistanceMeters><HeartRateBpm><Value>161</Value></HeartRateBpm><Cadence>28</Cadence><Extensions><ext:TPX><ext:Watts>52.86666666666667</ext:Watts><ext:Torque>20</ext:Torque></ext:TPX></Extensions></Trackpoint><Trackpoint><Time>2025-08-28T13:08:47.888Z</Time><DistanceMeters>5923.741861432271</DistanceMeters><HeartRateBpm><Value>161</Value></HeartRateBpm><Cadence>30</Cadence><Extensions><ext:TPX><ext:Watts>54.62068965517241</ext:Watts><ext:Torque>20</ext:Torque></ext:TPX></Extensions></Trackpoint><Trackpoint><Time>2025-08-28T13:08:48.868Z</Time><DistanceMeters>5927.337103108428</DistanceMeters><HeartRateBpm><Value>161</Value></HeartRateBpm><Cadence>30</Cadence><Extensions><ext:TPX><ext:Watts>53.785714285714285</ext:Watts><ext:Torque>20</ext:Torque></ext:TPX></Extensions></Trackpoint><Trackpoint><Time>2025-08-28T13:08:49.814Z</Time><DistanceMeters>5931.251572081227</DistanceMeters><HeartRateBpm><Value>161</Value></HeartRateBpm><Cadence>32</Cadence><Extensions><ext:TPX><ext:Watts>60.48148148148148</ext:Watts><ext:Torque>20</ext:Torque></ext:TPX></Extensions></Trackpoint><Trackpoint><Time>2025-08-28T13:08:50.723Z</Time><DistanceMeters>5935.27914491614</DistanceMeters><HeartRateBpm><Value>161</Value></HeartRateBpm><Cadence>33</Cadence><Extensions><ext:TPX><ext:Watts>65.1923076923077</ext:Watts><ext:Torque>20</ext:Torque></ext:TPX></Extensions></Trackpoint><Trackpoint><Time>2025-08-28T13:08:51.668Z</Time><DistanceMeters>5939.275115386229</DistanceMeters><HeartRateBpm><Value>161</Value></HeartRateBpm><Cadence>32</Cadence><Extensions><ext:TPX><ext:Watts>61.74074074074074</ext:Watts><ext:Torque>20</ext:Torque></ext:TPX></Extensions></Trackpoint><Trackpoint><Time>2025-08-28T13:08:52.578Z</Time><DistanceMeters>5943.37159654693</DistanceMeters><HeartRateBpm><Value>161</Value></HeartRateBpm><Cadence>33</Cadence><Extensions><ext:TPX><ext:Watts>66.3076923076923</ext:Watts><ext:Torque>20</ext:Torque></ext:TPX></Extensions></Trackpoint><Trackpoint><Time>2025-08-28T13:08:53.488Z</Time><DistanceMeters>5947.396793232677</DistanceMeters><HeartRateBpm><Value>161</Value></HeartRateBpm><Cadence>33</Cadence><Extensions><ext:TPX><ext:Watts>65.15384615384616</ext:Watts><ext:Torque>20</ext:Torque></ext:TPX></Extensions></Trackpoint><Trackpoint><Time>2025-08-28T13:08:54.399Z</Time><DistanceMeters>5951.469512901726</DistanceMeters><HeartRateBpm><Value>162</Value></HeartRateBpm><Cadence>33</Cadence><Extensions><ext:TPX><ext:Watts>65.92307692307692</ext:Watts><ext:Torque>20</ext:Torque></ext:TPX></Extensions></Trackpoint><Trackpoint><Time>2025-08-28T13:08:55.273Z</Time><DistanceMeters>5955.28697216394</DistanceMeters><HeartRateBpm><Value>162</Value></HeartRateBpm><Cadence>34</Cadence><Extensions><ext:TPX><ext:Watts>64.6</ext:Watts><ext:Torque>20</ext:Torque></ext:TPX></Extensions></Trackpoint><Trackpoint><Time>2025-08-28T13:08:56.114Z</Time><DistanceMeters>5958.986368678946</DistanceMeters><HeartRateBpm><Value>162</Value></HeartRateBpm><Cadence>36</Cadence><Extensions><ext:TPX><ext:Watts>64.41666666666667</ext:Watts><ext:Torque>20</ext:Torque></ext:TPX></Extensions></Trackpoint><Trackpoint><Time>2025-08-28T13:08:57.023Z</Time><DistanceMeters>5963.142253568775</DistanceMeters><HeartRateBpm><Value>162</Value></HeartRateBpm><Cadence>33</Cadence><Extensions><ext:TPX><ext:Watts>67.26923076923077</ext:Watts><ext:Torque>20</ext:Torque></ext:TPX></Extensions></Trackpoint><Trackpoint><Time>2025-08-28T13:08:57.899Z</Time><DistanceMeters>5966.987069782723</DistanceMeters><HeartRateBpm><Value>162</Value></HeartRateBpm><Cadence>34</Cadence><Extensions><ext:TPX><ext:Watts>64.12</ext:Watts><ext:Torque>20</ext:Torque></ext:TPX></Extensions></Trackpoint><Trackpoint><Time>2025-08-28T13:08:58.808Z</Time><DistanceMeters>5970.798413043607</DistanceMeters><HeartRateBpm><Value>162</Value></HeartRateBpm><Cadence>33</Cadence><Extensions><ext:TPX><ext:Watts>61.69230769230769</ext:Watts><ext:Torque>20</ext:Torque></ext:TPX></Extensions></Trackpoint><Trackpoint><Time>2025-08-28T13:08:59.720Z</Time><DistanceMeters>5974.74282065774</DistanceMeters><HeartRateBpm><Value>162</Value></HeartRateBpm><Cadence>33</Cadence><Extensions><ext:TPX><ext:Watts>63.84615384615385</ext:Watts><ext:Torque>20</ext:Torque></ext:TPX></Extensions></Trackpoint><Trackpoint><Time>2025-08-28T13:09:00.559Z</Time><DistanceMeters>5978.412073498756</DistanceMeters><HeartRateBpm><Value>162</Value></HeartRateBpm><Cadence>36</Cadence><Extensions><ext:TPX><ext:Watts>64.79166666666667</ext:Watts><ext:Torque>20</ext:Torque></ext:TPX></Extensions></Trackpoint><Trackpoint><Time>2025-08-28T13:09:01.434Z</Time><DistanceMeters>5982.134982686364</DistanceMeters><HeartRateBpm><Value>162</Value></HeartRateBpm><Cadence>34</Cadence><Extensions><ext:TPX><ext:Watts>63.0</ext:Watts><ext:Torque>20</ext:Torque></ext:TPX></Extensions></Trackpoint><Trackpoint><Time>2025-08-28T13:09:02.344Z</Time><DistanceMeters>5986.077014151331</DistanceMeters><HeartRateBpm><Value>162</Value></HeartRateBpm><Cadence>33</Cadence><Extensions><ext:TPX><ext:Watts>63.80769230769231</ext:Watts><ext:Torque>20</ext:Torque></ext:TPX></Extensions></Trackpoint><Trackpoint><Time>2025-08-28T13:09:03.254Z</Time><DistanceMeters>5989.888357412216</DistanceMeters><HeartRateBpm><Value>163</Value></HeartRateBpm><Cadence>33</Cadence><Extensions><ext:TPX><ext:Watts>61.69230769230769</ext:Watts><ext:Torque>20</ext:Torque></ext:TPX></Extensions></Trackpoint><Trackpoint><Time>2025-08-28T13:09:04.129Z</Time><DistanceMeters>5993.566355314386</DistanceMeters><HeartRateBpm><Value>163</Value></HeartRateBpm><Cadence>34</Cadence><Extensions><ext:TPX><ext:Watts>62.24</ext:Watts><ext:Torque>20</ext:Torque></ext:TPX></Extensions></Trackpoint><Trackpoint><Time>2025-08-28T13:09:05.039Z</Time><DistanceMeters>5997.20661583538</DistanceMeters><HeartRateBpm><Value>163</Value></HeartRateBpm><Cadence>33</Cadence><Extensions><ext:TPX><ext:Watts>58.92307692307692</ext:Watts><ext:Torque>20</ext:Torque></ext:TPX></Extensions></Trackpoint><Trackpoint><Time>2025-08-28T13:09:05.914Z</Time><DistanceMeters>6000.7782449036185</DistanceMeters><HeartRateBpm><Value>164</Value></HeartRateBpm><Cadence>34</Cadence><Extensions><ext:TPX><ext:Watts>60.44</ext:Watts><ext:Torque>20</ext:Torque></ext:TPX></Extensions></Trackpoint><Trackpoint><Time>2025-08-28T13:09:06.894Z</Time><DistanceMeters>6004.242186252956</DistanceMeters><HeartRateBpm><Value>164</Value></HeartRateBpm><Cadence>30</Cadence><Extensions><ext:TPX><ext:Watts>51.82142857142857</ext:Watts><ext:Torque>20</ext:Torque></ext:TPX></Extensions></Trackpoint><Trackpoint><Time>2025-08-28T13:09:08.119Z</Time><DistanceMeters>6007.910722256261</DistanceMeters><HeartRateBpm><Value>164</Value></HeartRateBpm><Cadence>24</Cadence><Extensions><ext:TPX><ext:Watts>44.08571428571429</ext:Watts><ext:Torque>20</ext:Torque></ext:TPX></Extensions></Trackpoint><Trackpoint><Time>2025-08-28T13:09:08.679Z</Time><DistanceMeters>6008.075059619432</DistanceMeters><HeartRateBpm><Value>165</Value></HeartRateBpm><Cadence>54</Cadence><Extensions><ext:TPX><ext:Watts>4.3125</ext:Watts><ext:Torque>20</ext:Torque></ext:TPX></Extensions></Trackpoint><Trackpoint><Time>2025-08-28T13:09:09.064Z</Time><DistanceMeters>6008.077435768597</DistanceMeters><HeartRateBpm><Value>165</Value></HeartRateBpm><Cadence>78</Cadence><Extensions><ext:TPX><ext:Watts>0.09090909090909091</ext:Watts><ext:Torque>20</ext:Torque></ext:TPX></Extensions></Trackpoint><Trackpoint><Time>2025-08-28T13:09:11.339Z</Time><DistanceMeters>6012.030914436385</DistanceMeters><HeartRateBpm><Value>165</Value></HeartRateBpm><Cadence>28</Cadence><Extensions><ext:TPX><ext:Watts>55.266666666666666</ext:Watts><ext:Torque>20</ext:Torque></ext:TPX></Extensions></Trackpoint><Trackpoint><Time>2025-08-28T13:09:12.389Z</Time><DistanceMeters>6016.287222893562</DistanceMeters><HeartRateBpm><Value>165</Value></HeartRateBpm><Cadence>28</Cadence><Extensions><ext:TPX><ext:Watts>59.5</ext:Watts><ext:Torque>20</ext:Torque></ext:TPX></Extensions></Trackpoint><Trackpoint><Time>2025-08-28T13:09:13.404Z</Time><DistanceMeters>6020.359928675124</DistanceMeters><HeartRateBpm><Value>165</Value></HeartRateBpm><Cadence>30</Cadence><Extensions><ext:TPX><ext:Watts>58.93103448275862</ext:Watts><ext:Torque>20</ext:Torque></ext:TPX></Extensions></Trackpoint><Trackpoint><Time>2025-08-28T13:09:14.454Z</Time><DistanceMeters>6024.449323075158</DistanceMeters><HeartRateBpm><Value>166</Value></HeartRateBpm><Cadence>28</Cadence><Extensions><ext:TPX><ext:Watts>57.166666666666664</ext:Watts><ext:Torque>20</ext:Torque></ext:TPX></Extensions></Trackpoint><Trackpoint><Time>2025-08-28T13:09:15.504Z</Time><DistanceMeters>6028.395648283353</DistanceMeters><HeartRateBpm><Value>166</Value></HeartRateBpm><Cadence>28</Cadence><Extensions><ext:TPX><ext:Watts>55.166666666666664</ext:Watts><ext:Torque>20</ext:Torque></ext:TPX></Extensions></Trackpoint><Trackpoint><Time>2025-08-28T13:09:16.554Z</Time><DistanceMeters>6032.315744139712</DistanceMeters><HeartRateBpm><Value>166</Value></HeartRateBpm><Cadence>28</Cadence><Extensions><ext:TPX><ext:Watts>54.8</ext:Watts><ext:Torque>20</ext:Torque></ext:TPX></Extensions></Trackpoint><Trackpoint><Time>2025-08-28T13:09:17.639Z</Time><DistanceMeters>6036.189940378513</DistanceMeters><HeartRateBpm><Value>167</Value></HeartRateBpm><Cadence>28</Cadence><Extensions><ext:TPX><ext:Watts>52.25806451612903</ext:Watts><ext:Torque>20</ext:Torque></ext:TPX></Extensions></Trackpoint><Trackpoint><Time>2025-08-28T13:09:18.689Z</Time><DistanceMeters>6040.021810233238</DistanceMeters><HeartRateBpm><Value>167</Value></HeartRateBpm><Cadence>28</Cadence><Extensions><ext:TPX><ext:Watts>53.56666666666667</ext:Watts><ext:Torque>20</ext:Torque></ext:TPX></Extensions></Trackpoint><Trackpoint><Time>2025-08-28T13:09:19.809Z</Time><DistanceMeters>6044.151194459462</DistanceMeters><HeartRateBpm><Value>166</Value></HeartRateBpm><Cadence>27</Cadence><Extensions><ext:TPX><ext:Watts>54.6875</ext:Watts><ext:Torque>20</ext:Torque></ext:TPX></Extensions></Trackpoint><Trackpoint><Time>2025-08-28T13:09:20.894Z</Time><DistanceMeters>6048.104309510535</DistanceMeters><HeartRateBpm><Value>166</Value></HeartRateBpm><Cadence>28</Cadence><Extensions><ext:TPX><ext:Watts>53.32258064516129</ext:Watts><ext:Torque>20</ext:Torque></ext:TPX></Extensions></Trackpoint><Trackpoint><Time>2025-08-28T13:09:22.014Z</Time><DistanceMeters>6052.118070978425</DistanceMeters><HeartRateBpm><Value>166</Value></HeartRateBpm><Cadence>27</Cadence><Extensions><ext:TPX><ext:Watts>53.15625</ext:Watts><ext:Torque>20</ext:Torque></ext:TPX></Extensions></Trackpoint><Trackpoint><Time>2025-08-28T13:09:23.169Z</Time><DistanceMeters>6056.069607040053</DistanceMeters><HeartRateBpm><Value>165</Value></HeartRateBpm><Cadence>26</Cadence><Extensions><ext:TPX><ext:Watts>50.39393939393939</ext:Watts><ext:Torque>20</ext:Torque></ext:TPX></Extensions></Trackpoint><Trackpoint><Time>2025-08-28T13:09:24.289Z</Time><DistanceMeters>6059.904035250118</DistanceMeters><HeartRateBpm><Value>165</Value></HeartRateBpm><Cadence>27</Cadence><Extensions><ext:TPX><ext:Watts>50.78125</ext:Watts><ext:Torque>20</ext:Torque></ext:TPX></Extensions></Trackpoint><Trackpoint><Time>2025-08-28T13:09:25.444Z</Time><DistanceMeters>6063.822305223433</DistanceMeters><HeartRateBpm><Value>165</Value></HeartRateBpm><Cadence>26</Cadence><Extensions><ext:TPX><ext:Watts>49.96969696969697</ext:Watts><ext:Torque>20</ext:Torque></ext:TPX></Extensions></Trackpoint><Trackpoint><Time>2025-08-28T13:09:26.564Z</Time><DistanceMeters>6067.699207099826</DistanceMeters><HeartRateBpm><Value>165</Value></HeartRateBpm><Cadence>27</Cadence><Extensions><ext:TPX><ext:Watts>51.34375</ext:Watts><ext:Torque>20</ext:Torque></ext:TPX></Extensions></Trackpoint><Trackpoint><Time>2025-08-28T13:09:27.719Z</Time><DistanceMeters>6071.724403785573</DistanceMeters><HeartRateBpm><Value>164</Value></HeartRateBpm><Cadence>26</Cadence><Extensions><ext:TPX><ext:Watts>51.333333333333336</ext:Watts><ext:Torque>20</ext:Torque></ext:TPX></Extensions></Trackpoint><Trackpoint><Time>2025-08-28T13:09:28.909Z</Time><DistanceMeters>6075.837853446783</DistanceMeters><HeartRateBpm><Value>164</Value></HeartRateBpm><Cadence>25</Cadence><Extensions><ext:TPX><ext:Watts>50.44117647058823</ext:Watts><ext:Torque>20</ext:Torque></ext:TPX></Extensions></Trackpoint><Trackpoint><Time>2025-08-28T13:09:30.064Z</Time><DistanceMeters>6079.931958458319</DistanceMeters><HeartRateBpm><Value>164</Value></HeartRateBpm><Cadence>26</Cadence><Extensions><ext:TPX><ext:Watts>52.21212121212121</ext:Watts><ext:Torque>20</ext:Torque></ext:TPX></Extensions></Trackpoint><Trackpoint><Time>2025-08-28T13:09:31.254Z</Time><DistanceMeters>6084.1749278173165</DistanceMeters><HeartRateBpm><Value>165</Value></HeartRateBpm><Cadence>25</Cadence><Extensions><ext:TPX><ext:Watts>52.029411764705884</ext:Watts><ext:Torque>20</ext:Torque></ext:TPX></Extensions></Trackpoint><Trackpoint><Time>2025-08-28T13:09:32.409Z</Time><DistanceMeters>6088.340317303807</DistanceMeters><HeartRateBpm><Value>165</Value></HeartRateBpm><Cadence>26</Cadence><Extensions><ext:TPX><ext:Watts>53.121212121212125</ext:Watts><ext:Torque>20</ext:Torque></ext:TPX></Extensions></Trackpoint><Trackpoint><Time>2025-08-28T13:09:33.634Z</Time><DistanceMeters>6092.472472568709</DistanceMeters><HeartRateBpm><Value>165</Value></HeartRateBpm><Cadence>24</Cadence><Extensions><ext:TPX><ext:Watts>49.65714285714286</ext:Watts><ext:Torque>20</ext:Torque></ext:TPX></Extensions></Trackpoint><Trackpoint><Time>2025-08-28T13:09:34.789Z</Time><DistanceMeters>6096.73053187264</DistanceMeters><HeartRateBpm><Value>165</Value></HeartRateBpm><Cadence>26</Cadence><Extensions><ext:TPX><ext:Watts>54.303030303030305</ext:Watts><ext:Torque>20</ext:Torque></ext:TPX></Extensions></Trackpoint><Trackpoint><Time>2025-08-28T13:09:36.014Z</Time><DistanceMeters>6100.903105227015</DistanceMeters><HeartRateBpm><Value>165</Value></HeartRateBpm><Cadence>24</Cadence><Extensions><ext:TPX><ext:Watts>50.142857142857146</ext:Watts><ext:Torque>20</ext:Torque></ext:TPX></Extensions></Trackpoint><Trackpoint><Time>2025-08-28T13:09:37.240Z</Time><DistanceMeters>6105.251616147329</DistanceMeters><HeartRateBpm><Value>165</Value></HeartRateBpm><Cadence>24</Cadence><Extensions><ext:TPX><ext:Watts>52.25714285714286</ext:Watts><ext:Torque>20</ext:Torque></ext:TPX></Extensions></Trackpoint><Trackpoint><Time>2025-08-28T13:09:38.429Z</Time><DistanceMeters>6109.5953230490495</DistanceMeters><HeartRateBpm><Value>164</Value></HeartRateBpm><Cadence>25</Cadence><Extensions><ext:TPX><ext:Watts>53.26470588235294</ext:Watts><ext:Torque>20</ext:Torque></ext:TPX></Extensions></Trackpoint><Trackpoint><Time>2025-08-28T13:09:39.620Z</Time><DistanceMeters>6113.816705791749</DistanceMeters><HeartRateBpm><Value>164</Value></HeartRateBpm><Cadence>25</Cadence><Extensions><ext:TPX><ext:Watts>51.76470588235294</ext:Watts><ext:Torque>20</ext:Torque></ext:TPX></Extensions></Trackpoint><Trackpoint><Time>2025-08-28T13:09:40.846Z</Time><DistanceMeters>6118.070115325068</DistanceMeters><HeartRateBpm><Value>164</Value></HeartRateBpm><Cadence>24</Cadence><Extensions><ext:TPX><ext:Watts>51.114285714285714</ext:Watts><ext:Torque>20</ext:Torque></ext:TPX></Extensions></Trackpoint><Trackpoint><Time>2025-08-28T13:09:42.069Z</Time><DistanceMeters>6122.442401592131</DistanceMeters><HeartRateBpm><Value>164</Value></HeartRateBpm><Cadence>24</Cadence><Extensions><ext:TPX><ext:Watts>52.542857142857144</ext:Watts><ext:Torque>20</ext:Torque></ext:TPX></Extensions></Trackpoint><Trackpoint><Time>2025-08-28T13:09:43.259Z</Time><DistanceMeters>6126.730942696647</DistanceMeters><HeartRateBpm><Value>164</Value></HeartRateBpm><Cadence>25</Cadence><Extensions><ext:TPX><ext:Watts>52.588235294117645</ext:Watts><ext:Torque>20</ext:Torque></ext:TPX></Extensions></Trackpoint><Trackpoint><Time>2025-08-28T13:09:44.484Z</Time><DistanceMeters>6130.898760981671</DistanceMeters><HeartRateBpm><Value>163</Value></HeartRateBpm><Cadence>24</Cadence><Extensions><ext:TPX><ext:Watts>50.08571428571429</ext:Watts><ext:Torque>20</ext:Torque></ext:TPX></Extensions></Trackpoint><Trackpoint><Time>2025-08-28T13:09:45.745Z</Time><DistanceMeters>6135.169724095652</DistanceMeters><HeartRateBpm><Value>163</Value></HeartRateBpm><Cadence>24</Cadence><Extensions><ext:TPX><ext:Watts>50.27777777777778</ext:Watts><ext:Torque>20</ext:Torque></ext:TPX></Extensions></Trackpoint><Trackpoint><Time>2025-08-28T13:09:47.005Z</Time><DistanceMeters>6139.48316087596</DistanceMeters><HeartRateBpm><Value>163</Value></HeartRateBpm><Cadence>24</Cadence><Extensions><ext:TPX><ext:Watts>50.77777777777778</ext:Watts><ext:Torque>20</ext:Torque></ext:TPX></Extensions></Trackpoint><Trackpoint><Time>2025-08-28T13:09:48.265Z</Time><DistanceMeters>6143.7588432861985</DistanceMeters><HeartRateBpm><Value>163</Value></HeartRateBpm><Cadence>24</Cadence><Extensions><ext:TPX><ext:Watts>50.333333333333336</ext:Watts><ext:Torque>20</ext:Torque></ext:TPX></Extensions></Trackpoint><Trackpoint><Time>2025-08-28T13:09:49.525Z</Time><DistanceMeters>6148.053402881472</DistanceMeters><HeartRateBpm><Value>162</Value></HeartRateBpm><Cadence>24</Cadence><Extensions><ext:TPX><ext:Watts>50.55555555555556</ext:Watts><ext:Torque>20</ext:Torque></ext:TPX></Extensions></Trackpoint><Trackpoint><Time>2025-08-28T13:09:50.790Z</Time><DistanceMeters>6152.403188284025</DistanceMeters><HeartRateBpm><Value>162</Value></HeartRateBpm><Cadence>24</Cadence><Extensions><ext:TPX><ext:Watts>50.138888888888886</ext:Watts><ext:Torque>20</ext:Torque></ext:TPX></Extensions></Trackpoint><Trackpoint><Time>2025-08-28T13:09:52.050Z</Time><DistanceMeters>6156.72370400872</DistanceMeters><HeartRateBpm><Value>162</Value></HeartRateBpm><Cadence>24</Cadence><Extensions><ext:TPX><ext:Watts>50.861111111111114</ext:Watts><ext:Torque>20</ext:Torque></ext:TPX></Extensions></Trackpoint><Trackpoint><Time>2025-08-28T13:09:53.310Z</Time><DistanceMeters>6160.86724612372</DistanceMeters><HeartRateBpm><Value>162</Value></HeartRateBpm><Cadence>24</Cadence><Extensions><ext:TPX><ext:Watts>48.77777777777778</ext:Watts><ext:Torque>20</ext:Torque></ext:TPX></Extensions></Trackpoint><Trackpoint><Time>2025-08-28T13:09:54.570Z</Time><DistanceMeters>6165.194840792803</DistanceMeters><HeartRateBpm><Value>161</Value></HeartRateBpm><Cadence>24</Cadence><Extensions><ext:TPX><ext:Watts>50.94444444444444</ext:Watts><ext:Torque>20</ext:Torque></ext:TPX></Extensions></Trackpoint><Trackpoint><Time>2025-08-28T13:09:55.830Z</Time><DistanceMeters>6169.623900331445</DistanceMeters><HeartRateBpm><Value>161</Value></HeartRateBpm><Cadence>24</Cadence><Extensions><ext:TPX><ext:Watts>52.138888888888886</ext:Watts><ext:Torque>20</ext:Torque></ext:TPX></Extensions></Trackpoint><Trackpoint><Time>2025-08-28T13:09:57.055Z</Time><DistanceMeters>6174.065135104079</DistanceMeters><HeartRateBpm><Value>161</Value></HeartRateBpm><Cadence>24</Cadence><Extensions><ext:TPX><ext:Watts>53.371428571428574</ext:Watts><ext:Torque>20</ext:Torque></ext:TPX></Extensions></Trackpoint><Trackpoint><Time>2025-08-28T13:09:58.315Z</Time><DistanceMeters>6178.505992883367</DistanceMeters><HeartRateBpm><Value>161</Value></HeartRateBpm><Cadence>24</Cadence><Extensions><ext:TPX><ext:Watts>52.27777777777778</ext:Watts><ext:Torque>20</ext:Torque></ext:TPX></Extensions></Trackpoint><Trackpoint><Time>2025-08-28T13:09:59.575Z</Time><DistanceMeters>6183.036517291567</DistanceMeters><HeartRateBpm><Value>160</Value></HeartRateBpm><Cadence>24</Cadence><Extensions><ext:TPX><ext:Watts>53.333333333333336</ext:Watts><ext:Torque>20</ext:Torque></ext:TPX></Extensions></Trackpoint><Trackpoint><Time>2025-08-28T13:10:00.870Z</Time><DistanceMeters>6187.6721860676425</DistanceMeters><HeartRateBpm><Value>160</Value></HeartRateBpm><Cadence>23</Cadence><Extensions><ext:TPX><ext:Watts>52.2972972972973</ext:Watts><ext:Torque>20</ext:Torque></ext:TPX></Extensions></Trackpoint><Trackpoint><Time>2025-08-28T13:10:02.165Z</Time><DistanceMeters>6192.262336649018</DistanceMeters><HeartRateBpm><Value>160</Value></HeartRateBpm><Cadence>23</Cadence><Extensions><ext:TPX><ext:Watts>51.78378378378378</ext:Watts><ext:Torque>20</ext:Torque></ext:TPX></Extensions></Trackpoint><Trackpoint><Time>2025-08-28T13:10:03.460Z</Time><DistanceMeters>6196.780616396655</DistanceMeters><HeartRateBpm><Value>159</Value></HeartRateBpm><Cadence>23</Cadence><Extensions><ext:TPX><ext:Watts>50.972972972972975</ext:Watts><ext:Torque>20</ext:Torque></ext:TPX></Extensions></Trackpoint><Trackpoint><Time>2025-08-28T13:10:04.720Z</Time><DistanceMeters>6201.1695619171</DistanceMeters><HeartRateBpm><Value>159</Value></HeartRateBpm><Cadence>24</Cadence><Extensions><ext:TPX><ext:Watts>51.666666666666664</ext:Watts><ext:Torque>20</ext:Torque></ext:TPX></Extensions></Trackpoint><Trackpoint><Time>2025-08-28T13:10:05.981Z</Time><DistanceMeters>6205.6576126589725</DistanceMeters><HeartRateBpm><Value>158</Value></HeartRateBpm><Cadence>24</Cadence><Extensions><ext:TPX><ext:Watts>52.833333333333336</ext:Watts><ext:Torque>20</ext:Torque></ext:TPX></Extensions></Trackpoint><Trackpoint><Time>2025-08-28T13:10:07.275Z</Time><DistanceMeters>6210.036942128051</DistanceMeters><HeartRateBpm><Value>158</Value></HeartRateBpm><Cadence>23</Cadence><Extensions><ext:TPX><ext:Watts>49.4054054054054</ext:Watts><ext:Torque>20</ext:Torque></ext:TPX></Extensions></Trackpoint><Trackpoint><Time>2025-08-28T13:10:08.535Z</Time><DistanceMeters>6214.428247296624</DistanceMeters><HeartRateBpm><Value>158</Value></HeartRateBpm><Cadence>24</Cadence><Extensions><ext:TPX><ext:Watts>51.69444444444444</ext:Watts><ext:Torque>20</ext:Torque></ext:TPX></Extensions></Trackpoint><Trackpoint><Time>2025-08-28T13:10:09.830Z</Time><DistanceMeters>6218.877051904982</DistanceMeters><HeartRateBpm><Value>158</Value></HeartRateBpm><Cadence>23</Cadence><Extensions><ext:TPX><ext:Watts>50.189189189189186</ext:Watts><ext:Torque>20</ext:Torque></ext:TPX></Extensions></Trackpoint><Trackpoint><Time>2025-08-28T13:10:11.090Z</Time><DistanceMeters>6223.225883407228</DistanceMeters><HeartRateBpm><Value>158</Value></HeartRateBpm><Cadence>24</Cadence><Extensions><ext:TPX><ext:Watts>51.19444444444444</ext:Watts><ext:Torque>20</ext:Torque></ext:TPX></Extensions></Trackpoint><Trackpoint><Time>2025-08-28T13:10:12.420Z</Time><DistanceMeters>6227.6157231101215</DistanceMeters><HeartRateBpm><Value>157</Value></HeartRateBpm><Cadence>22</Cadence><Extensions><ext:TPX><ext:Watts>48.44736842105263</ext:Watts><ext:Torque>20</ext:Torque></ext:TPX></Extensions></Trackpoint><Trackpoint><Time>2025-08-28T13:10:13.715Z</Time><DistanceMeters>6232.105254524264</DistanceMeters><HeartRateBpm><Value>157</Value></HeartRateBpm><Cadence>23</Cadence><Extensions><ext:TPX><ext:Watts>50.648648648648646</ext:Watts><ext:Torque>20</ext:Torque></ext:TPX></Extensions></Trackpoint><Trackpoint><Time>2025-08-28T13:10:15.045Z</Time><DistanceMeters>6236.499863200218</DistanceMeters><HeartRateBpm><Value>157</Value></HeartRateBpm><Cadence>22</Cadence><Extensions><ext:TPX><ext:Watts>48.5</ext:Watts><ext:Torque>20</ext:Torque></ext:TPX></Extensions></Trackpoint><Trackpoint><Time>2025-08-28T13:10:16.305Z</Time><DistanceMeters>6240.79914209175</DistanceMeters><HeartRateBpm><Value>156</Value></HeartRateBpm><Cadence>24</Cadence><Extensions><ext:TPX><ext:Watts>50.611111111111114</ext:Watts><ext:Torque>20</ext:Torque></ext:TPX></Extensions></Trackpoint><Trackpoint><Time>2025-08-28T13:10:17.565Z</Time><DistanceMeters>6245.23292092665</DistanceMeters><HeartRateBpm><Value>156</Value></HeartRateBpm><Cadence>24</Cadence><Extensions><ext:TPX><ext:Watts>52.19444444444444</ext:Watts><ext:Torque>20</ext:Torque></ext:TPX></Extensions></Trackpoint><Trackpoint><Time>2025-08-28T13:10:18.860Z</Time><DistanceMeters>6249.729639424167</DistanceMeters><HeartRateBpm><Value>156</Value></HeartRateBpm><Cadence>23</Cadence><Extensions><ext:TPX><ext:Watts>50.729729729729726</ext:Watts><ext:Torque>20</ext:Torque></ext:TPX></Extensions></Trackpoint><Trackpoint><Time>2025-08-28T13:10:20.120Z</Time><DistanceMeters>6254.175216499713</DistanceMeters><HeartRateBpm><Value>156</Value></HeartRateBpm><Cadence>24</Cadence><Extensions><ext:TPX><ext:Watts>52.333333333333336</ext:Watts><ext:Torque>20</ext:Torque></ext:TPX></Extensions></Trackpoint><Trackpoint><Time>2025-08-28T13:10:21.415Z</Time><DistanceMeters>6258.669539302771</DistanceMeters><HeartRateBpm><Value>155</Value></HeartRateBpm><Cadence>23</Cadence><Extensions><ext:TPX><ext:Watts>50.7027027027027</ext:Watts><ext:Torque>20</ext:Torque></ext:TPX></Extensions></Trackpoint><Trackpoint><Time>2025-08-28T13:10:22.675Z</Time><DistanceMeters>6263.077362008249</DistanceMeters><HeartRateBpm><Value>155</Value></HeartRateBpm><Cadence>24</Cadence><Extensions><ext:TPX><ext:Watts>51.888888888888886</ext:Watts><ext:Torque>20</ext:Torque></ext:TPX></Extensions></Trackpoint><Trackpoint><Time>2025-08-28T13:10:23.900Z</Time><DistanceMeters>6267.494821434134</DistanceMeters><HeartRateBpm><Value>155</Value></HeartRateBpm><Cadence>24</Cadence><Extensions><ext:TPX><ext:Watts>53.08571428571429</ext:Watts><ext:Torque>20</ext:Torque></ext:TPX></Extensions></Trackpoint><Trackpoint><Time>2025-08-28T13:10:25.160Z</Time><DistanceMeters>6271.921521324646</DistanceMeters><HeartRateBpm><Value>155</Value></HeartRateBpm><Cadence>24</Cadence><Extensions><ext:TPX><ext:Watts>52.111111111111114</ext:Watts><ext:Torque>20</ext:Torque></ext:TPX></Extensions></Trackpoint><Trackpoint><Time>2025-08-28T13:10:26.420Z</Time><DistanceMeters>6276.4355281959415</DistanceMeters><HeartRateBpm><Value>154</Value></HeartRateBpm><Cadence>24</Cadence><Extensions><ext:TPX><ext:Watts>53.138888888888886</ext:Watts><ext:Torque>20</ext:Torque></ext:TPX></Extensions></Trackpoint><Trackpoint><Time>2025-08-28T13:10:27.680Z</Time><DistanceMeters>6280.914140345298</DistanceMeters><HeartRateBpm><Value>154</Value></HeartRateBpm><Cadence>24</Cadence><Extensions><ext:TPX><ext:Watts>52.72222222222222</ext:Watts><ext:Torque>20</ext:Torque></ext:TPX></Extensions></Trackpoint><Trackpoint><Time>2025-08-28T13:10:28.905Z</Time><DistanceMeters>6285.326844701833</DistanceMeters><HeartRateBpm><Value>154</Value></HeartRateBpm><Cadence>24</Cadence><Extensions><ext:TPX><ext:Watts>53.02857142857143</ext:Watts><ext:Torque>20</ext:Torque></ext:TPX></Extensions></Trackpoint><Trackpoint><Time>2025-08-28T13:10:30.130Z</Time><DistanceMeters>6289.834650445362</DistanceMeters><HeartRateBpm><Value>154</Value></HeartRateBpm><Cadence>24</Cadence><Extensions><ext:TPX><ext:Watts>54.17142857142857</ext:Watts><ext:Torque>20</ext:Torque></ext:TPX></Extensions></Trackpoint><Trackpoint><Time>2025-08-28T13:10:31.390Z</Time><DistanceMeters>6294.27550822465</DistanceMeters><HeartRateBpm><Value>154</Value></HeartRateBpm><Cadence>24</Cadence><Extensions><ext:TPX><ext:Watts>52.27777777777778</ext:Watts><ext:Torque>20</ext:Torque></ext:TPX></Extensions></Trackpoint><Trackpoint><Time>2025-08-28T13:10:32.616Z</Time><DistanceMeters>6298.750028482732</DistanceMeters><HeartRateBpm><Value>154</Value></HeartRateBpm><Cadence>24</Cadence><Extensions><ext:TPX><ext:Watts>53.77142857142857</ext:Watts><ext:Torque>20</ext:Torque></ext:TPX></Extensions></Trackpoint><Trackpoint><Time>2025-08-28T13:10:33.875Z</Time><DistanceMeters>6303.155491540081</DistanceMeters><HeartRateBpm><Value>154</Value></HeartRateBpm><Cadence>24</Cadence><Extensions><ext:TPX><ext:Watts>51.861111111111114</ext:Watts><ext:Torque>20</ext:Torque></ext:TPX></Extensions></Trackpoint><Trackpoint><Time>2025-08-28T13:10:35.135Z</Time><DistanceMeters>6307.563314245559</DistanceMeters><HeartRateBpm><Value>154</Value></HeartRateBpm><Cadence>24</Cadence><Extensions><ext:TPX><ext:Watts>51.888888888888886</ext:Watts><ext:Torque>20</ext:Torque></ext:TPX></Extensions></Trackpoint><Trackpoint><Time>2025-08-28T13:10:36.360Z</Time><DistanceMeters>6311.966508463394</DistanceMeters><HeartRateBpm><Value>154</Value></HeartRateBpm><Cadence>24</Cadence><Extensions><ext:TPX><ext:Watts>52.91428571428571</ext:Watts><ext:Torque>20</ext:Torque></ext:TPX></Extensions></Trackpoint><Trackpoint><Time>2025-08-28T13:10:37.620Z</Time><DistanceMeters>6316.126568115299</DistanceMeters><HeartRateBpm><Value>154</Value></HeartRateBpm><Cadence>24</Cadence><Extensions><ext:TPX><ext:Watts>48.97222222222222</ext:Watts><ext:Torque>20</ext:Torque></ext:TPX></Extensions></Trackpoint><Trackpoint><Time>2025-08-28T13:10:38.846Z</Time><DistanceMeters>6320.370467509919</DistanceMeters><HeartRateBpm><Value>154</Value></HeartRateBpm><Cadence>24</Cadence><Extensions><ext:TPX><ext:Watts>51.0</ext:Watts><ext:Torque>20</ext:Torque></ext:TPX></Extensions></Trackpoint><Trackpoint><Time>2025-08-28T13:10:40.070Z</Time><DistanceMeters>6324.666672667386</DistanceMeters><HeartRateBpm><Value>154</Value></HeartRateBpm><Cadence>24</Cadence><Extensions><ext:TPX><ext:Watts>51.628571428571426</ext:Watts><ext:Torque>20</ext:Torque></ext:TPX></Extensions></Trackpoint><Trackpoint><Time>2025-08-28T13:10:41.296Z</Time><DistanceMeters>6329.01042851835</DistanceMeters><HeartRateBpm><Value>154</Value></HeartRateBpm><Cadence>24</Cadence><Extensions><ext:TPX><ext:Watts>52.2</ext:Watts><ext:Torque>20</ext:Torque></ext:TPX></Extensions></Trackpoint><Trackpoint><Time>2025-08-28T13:10:42.486Z</Time><DistanceMeters>6333.3901131139</DistanceMeters><HeartRateBpm><Value>154</Value></HeartRateBpm><Cadence>25</Cadence><Extensions><ext:TPX><ext:Watts>53.705882352941174</ext:Watts><ext:Torque>20</ext:Torque></ext:TPX></Extensions></Trackpoint><Trackpoint><Time>2025-08-28T13:10:43.746Z</Time><DistanceMeters>6337.642199042846</DistanceMeters><HeartRateBpm><Value>153</Value></HeartRateBpm><Cadence>24</Cadence><Extensions><ext:TPX><ext:Watts>50.05555555555556</ext:Watts><ext:Torque>20</ext:Torque></ext:TPX></Extensions></Trackpoint><Trackpoint><Time>2025-08-28T13:10:44.936Z</Time><DistanceMeters>6341.930740147362</DistanceMeters><HeartRateBpm><Value>153</Value></HeartRateBpm><Cadence>25</Cadence><Extensions><ext:TPX><ext:Watts>52.588235294117645</ext:Watts><ext:Torque>20</ext:Torque></ext:TPX></Extensions></Trackpoint><Trackpoint><Time>2025-08-28T13:10:46.161Z</Time><DistanceMeters>6346.305403949099</DistanceMeters><HeartRateBpm><Value>153</Value></HeartRateBpm><Cadence>24</Cadence><Extensions><ext:TPX><ext:Watts>52.57142857142857</ext:Watts><ext:Torque>20</ext:Torque></ext:TPX></Extensions></Trackpoint><Trackpoint><Time>2025-08-28T13:10:47.386Z</Time><DistanceMeters>6350.44231428335</DistanceMeters><HeartRateBpm><Value>153</Value></HeartRateBpm><Cadence>24</Cadence><Extensions><ext:TPX><ext:Watts>49.714285714285715</ext:Watts><ext:Torque>20</ext:Torque></ext:TPX></Extensions></Trackpoint><Trackpoint><Time>2025-08-28T13:10:48.576Z</Time><DistanceMeters>6354.829194417667</DistanceMeters><HeartRateBpm><Value>153</Value></HeartRateBpm><Cadence>25</Cadence><Extensions><ext:TPX><ext:Watts>53.794117647058826</ext:Watts><ext:Torque>20</ext:Torque></ext:TPX></Extensions></Trackpoint><Trackpoint><Time>2025-08-28T13:10:49.801Z</Time><DistanceMeters>6359.260919051601</DistanceMeters><HeartRateBpm><Value>153</Value></HeartRateBpm><Cadence>24</Cadence><Extensions><ext:TPX><ext:Watts>53.25714285714286</ext:Watts><ext:Torque>20</ext:Torque></ext:TPX></Extensions></Trackpoint><Trackpoint><Time>2025-08-28T13:10:50.991Z</Time><DistanceMeters>6363.539866104428</DistanceMeters><HeartRateBpm><Value>153</Value></HeartRateBpm><Cadence>25</Cadence><Extensions><ext:TPX><ext:Watts>52.470588235294116</ext:Watts><ext:Torque>20</ext:Torque></ext:TPX></Extensions></Trackpoint><Trackpoint><Time>2025-08-28T13:10:52.216Z</Time><DistanceMeters>6367.9597030649875</DistanceMeters><HeartRateBpm><Value>152</Value></HeartRateBpm><Cadence>24</Cadence><Extensions><ext:TPX><ext:Watts>53.114285714285714</ext:Watts><ext:Torque>20</ext:Torque></ext:TPX></Extensions></Trackpoint><Trackpoint><Time>2025-08-28T13:10:53.406Z</Time><DistanceMeters>6372.111528932949</DistanceMeters><HeartRateBpm><Value>152</Value></HeartRateBpm><Cadence>25</Cadence><Extensions><ext:TPX><ext:Watts>50.911764705882355</ext:Watts><ext:Torque>20</ext:Torque></ext:TPX></Extensions></Trackpoint><Trackpoint><Time>2025-08-28T13:10:54.631Z</Time><DistanceMeters>6376.374448604968</DistanceMeters><HeartRateBpm><Value>152</Value></HeartRateBpm><Cadence>24</Cadence><Extensions><ext:TPX><ext:Watts>51.22857142857143</ext:Watts><ext:Torque>20</ext:Torque></ext:TPX></Extensions></Trackpoint><Trackpoint><Time>2025-08-28T13:10:55.821Z</Time><DistanceMeters>6380.591034321824</DistanceMeters><HeartRateBpm><Value>153</Value></HeartRateBpm><Cadence>25</Cadence><Extensions><ext:TPX><ext:Watts>51.705882352941174</ext:Watts><ext:Torque>20</ext:Torque></ext:TPX></Extensions></Trackpoint><Trackpoint><Time>2025-08-28T13:10:57.046Z</Time><DistanceMeters>6385.084574857304</DistanceMeters><HeartRateBpm><Value>153</Value></HeartRateBpm><Cadence>24</Cadence><Extensions><ext:TPX><ext:Watts>54.0</ext:Watts><ext:Torque>20</ext:Torque></ext:TPX></Extensions></Trackpoint><Trackpoint><Time>2025-08-28T13:10:58.271Z</Time><DistanceMeters>6389.309453974525</DistanceMeters><HeartRateBpm><Value>153</Value></HeartRateBpm><Cadence>24</Cadence><Extensions><ext:TPX><ext:Watts>50.77142857142857</ext:Watts><ext:Torque>20</ext:Torque></ext:TPX></Extensions></Trackpoint><Trackpoint><Time>2025-08-28T13:10:59.496Z</Time><DistanceMeters>6393.6484547561395</DistanceMeters><HeartRateBpm><Value>153</Value></HeartRateBpm><Cadence>24</Cadence><Extensions><ext:TPX><ext:Watts>52.142857142857146</ext:Watts><ext:Torque>20</ext:Torque></ext:TPX></Extensions></Trackpoint><Trackpoint><Time>2025-08-28T13:11:00.756Z</Time><DistanceMeters>6398.122347609237</DistanceMeters><HeartRateBpm><Value>153</Value></HeartRateBpm><Cadence>24</Cadence><Extensions><ext:TPX><ext:Watts>52.666666666666664</ext:Watts><ext:Torque>20</ext:Torque></ext:TPX></Extensions></Trackpoint><Trackpoint><Time>2025-08-28T13:11:01.946Z</Time><DistanceMeters>6402.370113994079</DistanceMeters><HeartRateBpm><Value>153</Value></HeartRateBpm><Cadence>25</Cadence><Extensions><ext:TPX><ext:Watts>52.088235294117645</ext:Watts><ext:Torque>20</ext:Torque></ext:TPX></Extensions></Trackpoint><Trackpoint><Time>2025-08-28T13:11:03.206Z</Time><DistanceMeters>6406.54197188663</DistanceMeters><HeartRateBpm><Value>153</Value></HeartRateBpm><Cadence>24</Cadence><Extensions><ext:TPX><ext:Watts>49.111111111111114</ext:Watts><ext:Torque>20</ext:Torque></ext:TPX></Extensions></Trackpoint><Trackpoint><Time>2025-08-28T13:11:04.431Z</Time><DistanceMeters>6410.968941451214</DistanceMeters><HeartRateBpm><Value>153</Value></HeartRateBpm><Cadence>24</Cadence><Extensions><ext:TPX><ext:Watts>53.2</ext:Watts><ext:Torque>20</ext:Torque></ext:TPX></Extensions></Trackpoint><Trackpoint><Time>2025-08-28T13:11:05.656Z</Time><DistanceMeters>6415.267524143356</DistanceMeters><HeartRateBpm><Value>153</Value></HeartRateBpm><Cadence>24</Cadence><Extensions><ext:TPX><ext:Watts>51.65714285714286</ext:Watts><ext:Torque>20</ext:Torque></ext:TPX></Extensions></Trackpoint><Trackpoint><Time>2025-08-28T13:11:06.916Z</Time><DistanceMeters>6419.616355645602</DistanceMeters><HeartRateBpm><Value>153</Value></HeartRateBpm><Cadence>24</Cadence><Extensions><ext:TPX><ext:Watts>51.19444444444444</ext:Watts><ext:Torque>20</ext:Torque></ext:TPX></Extensions></Trackpoint><Trackpoint><Time>2025-08-28T13:11:08.141Z</Time><DistanceMeters>6423.8982955950205</DistanceMeters><HeartRateBpm><Value>153</Value></HeartRateBpm><Cadence>24</Cadence><Extensions><ext:TPX><ext:Watts>51.457142857142856</ext:Watts><ext:Torque>20</ext:Torque></ext:TPX></Extensions></Trackpoint><Trackpoint><Time>2025-08-28T13:11:09.401Z</Time><DistanceMeters>6428.110267505769</DistanceMeters><HeartRateBpm><Value>153</Value></HeartRateBpm><Cadence>24</Cadence><Extensions><ext:TPX><ext:Watts>49.583333333333336</ext:Watts><ext:Torque>20</ext:Torque></ext:TPX></Extensions></Trackpoint><Trackpoint><Time>2025-08-28T13:11:10.591Z</Time><DistanceMeters>6432.216521628213</DistanceMeters><HeartRateBpm><Value>153</Value></HeartRateBpm><Cadence>25</Cadence><Extensions><ext:TPX><ext:Watts>50.35294117647059</ext:Watts><ext:Torque>20</ext:Torque></ext:TPX></Extensions></Trackpoint><Trackpoint><Time>2025-08-28T13:11:11.816Z</Time><DistanceMeters>6436.5174818550295</DistanceMeters><HeartRateBpm><Value>153</Value></HeartRateBpm><Cadence>24</Cadence><Extensions><ext:TPX><ext:Watts>51.68571428571428</ext:Watts><ext:Torque>20</ext:Torque></ext:TPX></Extensions></Trackpoint><Trackpoint><Time>2025-08-28T13:11:13.041Z</Time><DistanceMeters>6440.849350032619</DistanceMeters><HeartRateBpm><Value>153</Value></HeartRateBpm><Cadence>24</Cadence><Extensions><ext:TPX><ext:Watts>52.05714285714286</ext:Watts><ext:Torque>20</ext:Torque></ext:TPX></Extensions></Trackpoint><Trackpoint><Time>2025-08-28T13:11:14.266Z</Time><DistanceMeters>6445.228768903707</DistanceMeters><HeartRateBpm><Value>153</Value></HeartRateBpm><Cadence>24</Cadence><Extensions><ext:TPX><ext:Watts>52.628571428571426</ext:Watts><ext:Torque>20</ext:Torque></ext:TPX></Extensions></Trackpoint><Trackpoint><Time>2025-08-28T13:11:15.456Z</Time><DistanceMeters>6449.666017809385</DistanceMeters><HeartRateBpm><Value>153</Value></HeartRateBpm><Cadence>25</Cadence><Extensions><ext:TPX><ext:Watts>54.411764705882355</ext:Watts><ext:Torque>20</ext:Torque></ext:TPX></Extensions></Trackpoint><Trackpoint><Time>2025-08-28T13:11:16.681Z</Time><DistanceMeters>6453.990753382951</DistanceMeters><HeartRateBpm><Value>153</Value></HeartRateBpm><Cadence>24</Cadence><Extensions><ext:TPX><ext:Watts>51.97142857142857</ext:Watts><ext:Torque>20</ext:Torque></ext:TPX></Extensions></Trackpoint><Trackpoint><Time>2025-08-28T13:11:17.906Z</Time><DistanceMeters>6458.2798259363935</DistanceMeters><HeartRateBpm><Value>153</Value></HeartRateBpm><Cadence>24</Cadence><Extensions><ext:TPX><ext:Watts>51.542857142857144</ext:Watts><ext:Torque>20</ext:Torque></ext:TPX></Extensions></Trackpoint><Trackpoint><Time>2025-08-28T13:11:19.096Z</Time><DistanceMeters>6462.491614627405</DistanceMeters><HeartRateBpm><Value>153</Value></HeartRateBpm><Cadence>25</Cadence><Extensions><ext:TPX><ext:Watts>51.64705882352941</ext:Watts><ext:Torque>20</ext:Torque></ext:TPX></Extensions></Trackpoint><Trackpoint><Time>2025-08-28T13:11:20.286Z</Time><DistanceMeters>6466.849712606659</DistanceMeters><HeartRateBpm><Value>153</Value></HeartRateBpm><Cadence>25</Cadence><Extensions><ext:TPX><ext:Watts>53.44117647058823</ext:Watts><ext:Torque>20</ext:Torque></ext:TPX></Extensions></Trackpoint><Trackpoint><Time>2025-08-28T13:11:21.476Z</Time><DistanceMeters>6471.12146412072</DistanceMeters><HeartRateBpm><Value>153</Value></HeartRateBpm><Cadence>25</Cadence><Extensions><ext:TPX><ext:Watts>52.38235294117647</ext:Watts><ext:Torque>20</ext:Torque></ext:TPX></Extensions></Trackpoint><Trackpoint><Time>2025-08-28T13:11:22.701Z</Time><DistanceMeters>6475.294037475094</DistanceMeters><HeartRateBpm><Value>153</Value></HeartRateBpm><Cadence>24</Cadence><Extensions><ext:TPX><ext:Watts>50.142857142857146</ext:Watts><ext:Torque>20</ext:Torque></ext:TPX></Extensions></Trackpoint><Trackpoint><Time>2025-08-28T13:11:23.896Z</Time><DistanceMeters>6479.493833601496</DistanceMeters><HeartRateBpm><Value>153</Value></HeartRateBpm><Cadence>25</Cadence><Extensions><ext:TPX><ext:Watts>51.5</ext:Watts><ext:Torque>20</ext:Torque></ext:TPX></Extensions></Trackpoint><Trackpoint><Time>2025-08-28T13:11:25.087Z</Time><DistanceMeters>6483.58809515933</DistanceMeters><HeartRateBpm><Value>153</Value></HeartRateBpm><Cadence>25</Cadence><Extensions><ext:TPX><ext:Watts>50.205882352941174</ext:Watts><ext:Torque>20</ext:Torque></ext:TPX></Extensions></Trackpoint><Trackpoint><Time>2025-08-28T13:11:26.277Z</Time><DistanceMeters>6487.907816931831</DistanceMeters><HeartRateBpm><Value>153</Value></HeartRateBpm><Cadence>25</Cadence><Extensions><ext:TPX><ext:Watts>52.970588235294116</ext:Watts><ext:Torque>20</ext:Torque></ext:TPX></Extensions></Trackpoint><Trackpoint><Time>2025-08-28T13:11:27.467Z</Time><DistanceMeters>6492.239531268942</DistanceMeters><HeartRateBpm><Value>153</Value></HeartRateBpm><Cadence>25</Cadence><Extensions><ext:TPX><ext:Watts>53.11764705882353</ext:Watts><ext:Torque>20</ext:Torque></ext:TPX></Extensions></Trackpoint><Trackpoint><Time>2025-08-28T13:11:28.622Z</Time><DistanceMeters>6496.355021622965</DistanceMeters><HeartRateBpm><Value>153</Value></HeartRateBpm><Cadence>26</Cadence><Extensions><ext:TPX><ext:Watts>52.484848484848484</ext:Watts><ext:Torque>20</ext:Torque></ext:TPX></Extensions></Trackpoint><Trackpoint><Time>2025-08-28T13:11:29.811Z</Time><DistanceMeters>6500.458877232487</DistanceMeters><HeartRateBpm><Value>153</Value></HeartRateBpm><Cadence>25</Cadence><Extensions><ext:TPX><ext:Watts>50.3235294117647</ext:Watts><ext:Torque>20</ext:Torque></ext:TPX></Extensions></Trackpoint><Trackpoint><Time>2025-08-28T13:11:30.967Z</Time><DistanceMeters>6504.591000630665</DistanceMeters><HeartRateBpm><Value>153</Value></HeartRateBpm><Cadence>26</Cadence><Extensions><ext:TPX><ext:Watts>52.696969696969695</ext:Watts><ext:Torque>20</ext:Torque></ext:TPX></Extensions></Trackpoint><Trackpoint><Time>2025-08-28T13:11:32.122Z</Time><DistanceMeters>6508.552041288954</DistanceMeters><HeartRateBpm><Value>153</Value></HeartRateBpm><Cadence>26</Cadence><Extensions><ext:TPX><ext:Watts>50.515151515151516</ext:Watts><ext:Torque>20</ext:Torque></ext:TPX></Extensions></Trackpoint><Trackpoint><Time>2025-08-28T13:11:33.277Z</Time><DistanceMeters>6512.39189833982</DistanceMeters><HeartRateBpm><Value>153</Value></HeartRateBpm><Cadence>26</Cadence><Extensions><ext:TPX><ext:Watts>48.96969696969697</ext:Watts><ext:Torque>20</ext:Torque></ext:TPX></Extensions></Trackpoint><Trackpoint><Time>2025-08-28T13:11:34.467Z</Time><DistanceMeters>6516.690033496023</DistanceMeters><HeartRateBpm><Value>151</Value></HeartRateBpm><Cadence>25</Cadence><Extensions><ext:TPX><ext:Watts>52.705882352941174</ext:Watts><ext:Torque>20</ext:Torque></ext:TPX></Extensions></Trackpoint><Trackpoint><Time>2025-08-28T13:11:35.627Z</Time><DistanceMeters>6520.9243313083025</DistanceMeters><HeartRateBpm><Value>150</Value></HeartRateBpm><Cadence>26</Cadence><Extensions><ext:TPX><ext:Watts>54.0</ext:Watts><ext:Torque>20</ext:Torque></ext:TPX></Extensions></Trackpoint><Trackpoint><Time>2025-08-28T13:11:36.782Z</Time><DistanceMeters>6525.267931982178</DistanceMeters><HeartRateBpm><Value>150</Value></HeartRateBpm><Cadence>26</Cadence><Extensions><ext:TPX><ext:Watts>55.39393939393939</ext:Watts><ext:Torque>20</ext:Torque></ext:TPX></Extensions></Trackpoint><Trackpoint><Time>2025-08-28T13:11:37.937Z</Time><DistanceMeters>6529.397679231191</DistanceMeters><HeartRateBpm><Value>150</Value></HeartRateBpm><Cadence>26</Cadence><Extensions><ext:TPX><ext:Watts>52.666666666666664</ext:Watts><ext:Torque>20</ext:Torque></ext:TPX></Extensions></Trackpoint><Trackpoint><Time>2025-08-28T13:11:39.092Z</Time><DistanceMeters>6533.5559402701865</DistanceMeters><HeartRateBpm><Value>149</Value></HeartRateBpm><Cadence>26</Cadence><Extensions><ext:TPX><ext:Watts>53.03030303030303</ext:Watts><ext:Torque>20</ext:Torque></ext:TPX></Extensions></Trackpoint><Trackpoint><Time>2025-08-28T13:11:40.247Z</Time><DistanceMeters>6537.726082055007</DistanceMeters><HeartRateBpm><Value>149</Value></HeartRateBpm><Cadence>26</Cadence><Extensions><ext:TPX><ext:Watts>53.18181818181818</ext:Watts><ext:Torque>20</ext:Torque></ext:TPX></Extensions></Trackpoint><Trackpoint><Time>2025-08-28T13:11:41.402Z</Time><DistanceMeters>6541.941370673966</DistanceMeters><HeartRateBpm><Value>149</Value></HeartRateBpm><Cadence>26</Cadence><Extensions><ext:TPX><ext:Watts>53.75757575757576</ext:Watts><ext:Torque>20</ext:Torque></ext:TPX></Extensions></Trackpoint><Trackpoint><Time>2025-08-28T13:11:42.557Z</Time><DistanceMeters>6546.111512458787</DistanceMeters><HeartRateBpm><Value>149</Value></HeartRateBpm><Cadence>26</Cadence><Extensions><ext:TPX><ext:Watts>53.18181818181818</ext:Watts><ext:Torque>20</ext:Torque></ext:TPX></Extensions></Trackpoint><Trackpoint><Time>2025-08-28T13:11:43.747Z</Time><DistanceMeters>6550.210571042465</DistanceMeters><HeartRateBpm><Value>149</Value></HeartRateBpm><Cadence>25</Cadence><Extensions><ext:TPX><ext:Watts>50.26470588235294</ext:Watts><ext:Torque>20</ext:Torque></ext:TPX></Extensions></Trackpoint><Trackpoint><Time>2025-08-28T13:11:44.902Z</Time><DistanceMeters>6554.328437545652</DistanceMeters><HeartRateBpm><Value>149</Value></HeartRateBpm><Cadence>26</Cadence><Extensions><ext:TPX><ext:Watts>52.515151515151516</ext:Watts><ext:Torque>20</ext:Torque></ext:TPX></Extensions></Trackpoint><Trackpoint><Time>2025-08-28T13:11:46.092Z</Time><DistanceMeters>6558.362736280436</DistanceMeters><HeartRateBpm><Value>149</Value></HeartRateBpm><Cadence>25</Cadence><Extensions><ext:TPX><ext:Watts>49.470588235294116</ext:Watts><ext:Torque>20</ext:Torque></ext:TPX></Extensions></Trackpoint><Trackpoint><Time>2025-08-28T13:11:47.247Z</Time><DistanceMeters>6562.3023915962385</DistanceMeters><HeartRateBpm><Value>150</Value></HeartRateBpm><Cadence>26</Cadence><Extensions><ext:TPX><ext:Watts>50.24242424242424</ext:Watts><ext:Torque>20</ext:Torque></ext:TPX></Extensions></Trackpoint><Trackpoint><Time>2025-08-28T13:11:48.437Z</Time><DistanceMeters>6566.492593670952</DistanceMeters><HeartRateBpm><Value>150</Value></HeartRateBpm><Cadence>25</Cadence><Extensions><ext:TPX><ext:Watts>51.38235294117647</ext:Watts><ext:Torque>20</ext:Torque></ext:TPX></Extensions></Trackpoint><Trackpoint><Time>2025-08-28T13:11:49.662Z</Time><DistanceMeters>6570.898165423463</DistanceMeters><HeartRateBpm><Value>150</Value></HeartRateBpm><Cadence>24</Cadence><Extensions><ext:TPX><ext:Watts>52.94285714285714</ext:Watts><ext:Torque>20</ext:Torque></ext:TPX></Extensions></Trackpoint><Trackpoint><Time>2025-08-28T13:11:50.887Z</Time><DistanceMeters>6575.28709443325</DistanceMeters><HeartRateBpm><Value>150</Value></HeartRateBpm><Cadence>24</Cadence><Extensions><ext:TPX><ext:Watts>52.74285714285714</ext:Watts><ext:Torque>20</ext:Torque></ext:TPX></Extensions></Trackpoint><Trackpoint><Time>2025-08-28T13:11:52.112Z</Time><DistanceMeters>6579.664135769662</DistanceMeters><HeartRateBpm><Value>150</Value></HeartRateBpm><Cadence>24</Cadence><Extensions><ext:TPX><ext:Watts>52.6</ext:Watts><ext:Torque>20</ext:Torque></ext:TPX></Extensions></Trackpoint><Trackpoint><Time>2025-08-28T13:11:53.337Z</Time><DistanceMeters>6583.810556242613</DistanceMeters><HeartRateBpm><Value>150</Value></HeartRateBpm><Cadence>24</Cadence><Extensions><ext:TPX><ext:Watts>49.82857142857143</ext:Watts><ext:Torque>20</ext:Torque></ext:TPX></Extensions></Trackpoint><Trackpoint><Time>2025-08-28T13:11:54.562Z</Time><DistanceMeters>6587.9569767155635</DistanceMeters><HeartRateBpm><Value>150</Value></HeartRateBpm><Cadence>24</Cadence><Extensions><ext:TPX><ext:Watts>49.82857142857143</ext:Watts><ext:Torque>20</ext:Torque></ext:TPX></Extensions></Trackpoint><Trackpoint><Time>2025-08-28T13:11:55.788Z</Time><DistanceMeters>6592.205631179533</DistanceMeters><HeartRateBpm><Value>151</Value></HeartRateBpm><Cadence>24</Cadence><Extensions><ext:TPX><ext:Watts>51.05714285714286</ext:Watts><ext:Torque>20</ext:Torque></ext:TPX></Extensions></Trackpoint><Trackpoint><Time>2025-08-28T13:11:57.012Z</Time><DistanceMeters>6596.568407307896</DistanceMeters><HeartRateBpm><Value>151</Value></HeartRateBpm><Cadence>24</Cadence><Extensions><ext:TPX><ext:Watts>52.42857142857143</ext:Watts><ext:Torque>20</ext:Torque></ext:TPX></Extensions></Trackpoint><Trackpoint><Time>2025-08-28T13:11:58.237Z</Time><DistanceMeters>6600.985866733781</DistanceMeters><HeartRateBpm><Value>152</Value></HeartRateBpm><Cadence>24</Cadence><Extensions><ext:TPX><ext:Watts>53.08571428571429</ext:Watts><ext:Torque>20</ext:Torque></ext:TPX></Extensions></Trackpoint><Trackpoint><Time>2025-08-28T13:11:59.462Z</Time><DistanceMeters>6605.472274665237</DistanceMeters><HeartRateBpm><Value>152</Value></HeartRateBpm><Cadence>24</Cadence><Extensions><ext:TPX><ext:Watts>53.91428571428571</ext:Watts><ext:Torque>20</ext:Torque></ext:TPX></Extensions></Trackpoint><Trackpoint><Time>2025-08-28T13:12:00.687Z</Time><DistanceMeters>6609.915886972545</DistanceMeters><HeartRateBpm><Value>152</Value></HeartRateBpm><Cadence>24</Cadence><Extensions><ext:TPX><ext:Watts>53.4</ext:Watts><ext:Torque>20</ext:Torque></ext:TPX></Extensions></Trackpoint><Trackpoint><Time>2025-08-28T13:12:01.912Z</Time><DistanceMeters>6614.461733270872</DistanceMeters><HeartRateBpm><Value>152</Value></HeartRateBpm><Cadence>24</Cadence><Extensions><ext:TPX><ext:Watts>54.628571428571426</ext:Watts><ext:Torque>20</ext:Torque></ext:TPX></Extensions></Trackpoint><Trackpoint><Time>2025-08-28T13:12:03.172Z</Time><DistanceMeters>6618.994617327202</DistanceMeters><HeartRateBpm><Value>153</Value></HeartRateBpm><Cadence>24</Cadence><Extensions><ext:TPX><ext:Watts>53.361111111111114</ext:Watts><ext:Torque>20</ext:Torque></ext:TPX></Extensions></Trackpoint><Trackpoint><Time>2025-08-28T13:12:04.432Z</Time><DistanceMeters>6623.6171680124435</DistanceMeters><HeartRateBpm><Value>153</Value></HeartRateBpm><Cadence>24</Cadence><Extensions><ext:TPX><ext:Watts>54.416666666666664</ext:Watts><ext:Torque>20</ext:Torque></ext:TPX></Extensions></Trackpoint><Trackpoint><Time>2025-08-28T13:12:05.657Z</Time><DistanceMeters>6628.0940658051995</DistanceMeters><HeartRateBpm><Value>153</Value></HeartRateBpm><Cadence>24</Cadence><Extensions><ext:TPX><ext:Watts>53.8</ext:Watts><ext:Torque>20</ext:Torque></ext:TPX></Extensions></Trackpoint><Trackpoint><Time>2025-08-28T13:12:06.882Z</Time><DistanceMeters>6632.609004152753</DistanceMeters><HeartRateBpm><Value>153</Value></HeartRateBpm><Cadence>24</Cadence><Extensions><ext:TPX><ext:Watts>54.25714285714286</ext:Watts><ext:Torque>20</ext:Torque></ext:TPX></Extensions></Trackpoint><Trackpoint><Time>2025-08-28T13:12:08.107Z</Time><DistanceMeters>6636.976535350466</DistanceMeters><HeartRateBpm><Value>153</Value></HeartRateBpm><Cadence>24</Cadence><Extensions><ext:TPX><ext:Watts>52.48571428571429</ext:Watts><ext:Torque>20</ext:Torque></ext:TPX></Extensions></Trackpoint><Trackpoint><Time>2025-08-28T13:12:09.302Z</Time><DistanceMeters>6641.4017916915345</DistanceMeters><HeartRateBpm><Value>153</Value></HeartRateBpm><Cadence>25</Cadence><Extensions><ext:TPX><ext:Watts>54.26470588235294</ext:Watts><ext:Torque>20</ext:Torque></ext:TPX></Extensions></Trackpoint><Trackpoint><Time>2025-08-28T13:12:10.492Z</Time><DistanceMeters>6645.791070338773</DistanceMeters><HeartRateBpm><Value>153</Value></HeartRateBpm><Cadence>25</Cadence><Extensions><ext:TPX><ext:Watts>53.8235294117647</ext:Watts><ext:Torque>20</ext:Torque></ext:TPX></Extensions></Trackpoint><Trackpoint><Time>2025-08-28T13:12:11.682Z</Time><DistanceMeters>6650.1299802146505</DistanceMeters><HeartRateBpm><Value>153</Value></HeartRateBpm><Cadence>25</Cadence><Extensions><ext:TPX><ext:Watts>53.205882352941174</ext:Watts><ext:Torque>20</ext:Torque></ext:TPX></Extensions></Trackpoint><Trackpoint><Time>2025-08-28T13:12:12.872Z</Time><DistanceMeters>6654.3609570090375</DistanceMeters><HeartRateBpm><Value>153</Value></HeartRateBpm><Cadence>25</Cadence><Extensions><ext:TPX><ext:Watts>51.88235294117647</ext:Watts><ext:Torque>20</ext:Torque></ext:TPX></Extensions></Trackpoint><Trackpoint><Time>2025-08-28T13:12:14.062Z</Time><DistanceMeters>6658.6159189326445</DistanceMeters><HeartRateBpm><Value>153</Value></HeartRateBpm><Cadence>25</Cadence><Extensions><ext:TPX><ext:Watts>52.1764705882353</ext:Watts><ext:Torque>20</ext:Torque></ext:TPX></Extensions></Trackpoint><Trackpoint><Time>2025-08-28T13:12:15.252Z</Time><DistanceMeters>6662.80851952028</DistanceMeters><HeartRateBpm><Value>153</Value></HeartRateBpm><Cadence>25</Cadence><Extensions><ext:TPX><ext:Watts>51.411764705882355</ext:Watts><ext:Torque>20</ext:Torque></ext:TPX></Extensions></Trackpoint><Trackpoint><Time>2025-08-28T13:12:16.478Z</Time><DistanceMeters>6667.1475203018945</DistanceMeters><HeartRateBpm><Value>153</Value></HeartRateBpm><Cadence>24</Cadence><Extensions><ext:TPX><ext:Watts>52.142857142857146</ext:Watts><ext:Torque>20</ext:Torque></ext:TPX></Extensions></Trackpoint><Trackpoint><Time>2025-08-28T13:12:17.667Z</Time><DistanceMeters>6671.380895609204</DistanceMeters><HeartRateBpm><Value>153</Value></HeartRateBpm><Cadence>25</Cadence><Extensions><ext:TPX><ext:Watts>51.911764705882355</ext:Watts><ext:Torque>20</ext:Torque></ext:TPX></Extensions></Trackpoint><Trackpoint><Time>2025-08-28T13:12:18.893Z</Time><DistanceMeters>6675.746049272242</DistanceMeters><HeartRateBpm><Value>153</Value></HeartRateBpm><Cadence>24</Cadence><Extensions><ext:TPX><ext:Watts>52.457142857142856</ext:Watts><ext:Torque>20</ext:Torque></ext:TPX></Extensions></Trackpoint><Trackpoint><Time>2025-08-28T13:12:20.082Z</Time><DistanceMeters>6679.996214170005</DistanceMeters><HeartRateBpm><Value>154</Value></HeartRateBpm><Cadence>25</Cadence><Extensions><ext:TPX><ext:Watts>52.11764705882353</ext:Watts><ext:Torque>20</ext:Torque></ext:TPX></Extensions></Trackpoint><Trackpoint><Time>2025-08-28T13:12:21.308Z</Time><DistanceMeters>6684.230603425926</DistanceMeters><HeartRateBpm><Value>154</Value></HeartRateBpm><Cadence>24</Cadence><Extensions><ext:TPX><ext:Watts>50.885714285714286</ext:Watts><ext:Torque>20</ext:Torque></ext:TPX></Extensions></Trackpoint><Trackpoint><Time>2025-08-28T13:12:22.498Z</Time><DistanceMeters>6688.58870140518</DistanceMeters><HeartRateBpm><Value>154</Value></HeartRateBpm><Cadence>25</Cadence><Extensions><ext:TPX><ext:Watts>53.44117647058823</ext:Watts><ext:Torque>20</ext:Torque></ext:TPX></Extensions></Trackpoint><Trackpoint><Time>2025-08-28T13:12:23.722Z</Time><DistanceMeters>6692.870641354598</DistanceMeters><HeartRateBpm><Value>154</Value></HeartRateBpm><Cadence>24</Cadence><Extensions><ext:TPX><ext:Watts>51.457142857142856</ext:Watts><ext:Torque>20</ext:Torque></ext:TPX></Extensions></Trackpoint><Trackpoint><Time>2025-08-28T13:12:24.913Z</Time><DistanceMeters>6697.238333385539</DistanceMeters><HeartRateBpm><Value>154</Value></HeartRateBpm><Cadence>25</Cadence><Extensions><ext:TPX><ext:Watts>53.55882352941177</ext:Watts><ext:Torque>20</ext:Torque></ext:TPX></Extensions></Trackpoint><Trackpoint><Time>2025-08-28T13:12:26.138Z</Time><DistanceMeters>6701.598731979227</DistanceMeters><HeartRateBpm><Value>154</Value></HeartRateBpm><Cadence>24</Cadence><Extensions><ext:TPX><ext:Watts>52.4</ext:Watts><ext:Torque>20</ext:Torque></ext:TPX></Extensions></Trackpoint><Trackpoint><Time>2025-08-28T13:12:27.328Z</Time><DistanceMeters>6706.038379397827</DistanceMeters><HeartRateBpm><Value>154</Value></HeartRateBpm><Cadence>25</Cadence><Extensions><ext:TPX><ext:Watts>54.44117647058823</ext:Watts><ext:Torque>20</ext:Torque></ext:TPX></Extensions></Trackpoint><Trackpoint><Time>2025-08-28T13:12:28.553Z</Time><DistanceMeters>6710.524787329283</DistanceMeters><HeartRateBpm><Value>154</Value></HeartRateBpm><Cadence>24</Cadence><Extensions><ext:TPX><ext:Watts>53.91428571428571</ext:Watts><ext:Torque>20</ext:Torque></ext:TPX></Extensions></Trackpoint><Trackpoint><Time>2025-08-28T13:12:29.778Z</Time><DistanceMeters>6714.7972171400015</DistanceMeters><HeartRateBpm><Value>154</Value></HeartRateBpm><Cadence>24</Cadence><Extensions><ext:TPX><ext:Watts>51.34285714285714</ext:Watts><ext:Torque>20</ext:Torque></ext:TPX></Extensions></Trackpoint><Trackpoint><Time>2025-08-28T13:12:30.968Z</Time><DistanceMeters>6719.0953522962045</DistanceMeters><HeartRateBpm><Value>154</Value></HeartRateBpm><Cadence>25</Cadence><Extensions><ext:TPX><ext:Watts>52.705882352941174</ext:Watts><ext:Torque>20</ext:Torque></ext:TPX></Extensions></Trackpoint><Trackpoint><Time>2025-08-28T13:12:32.228Z</Time><DistanceMeters>6723.279008429402</DistanceMeters><HeartRateBpm><Value>154</Value></HeartRateBpm><Cadence>24</Cadence><Extensions><ext:TPX><ext:Watts>49.25</ext:Watts><ext:Torque>20</ext:Torque></ext:TPX></Extensions></Trackpoint><Trackpoint><Time>2025-08-28T13:12:33.453Z</Time><DistanceMeters>6727.64416209244</DistanceMeters><HeartRateBpm><Value>154</Value></HeartRateBpm><Cadence>24</Cadence><Extensions><ext:TPX><ext:Watts>52.457142857142856</ext:Watts><ext:Torque>20</ext:Torque></ext:TPX></Extensions></Trackpoint><Trackpoint><Time>2025-08-28T13:12:34.713Z</Time><DistanceMeters>6732.068502334822</DistanceMeters><HeartRateBpm><Value>153</Value></HeartRateBpm><Cadence>24</Cadence><Extensions><ext:TPX><ext:Watts>52.083333333333336</ext:Watts><ext:Torque>20</ext:Torque></ext:TPX></Extensions></Trackpoint><Trackpoint><Time>2025-08-28T13:12:35.938Z</Time><DistanceMeters>6736.564420404978</DistanceMeters><HeartRateBpm><Value>153</Value></HeartRateBpm><Cadence>24</Cadence><Extensions><ext:TPX><ext:Watts>54.02857142857143</ext:Watts><ext:Torque>20</ext:Torque></ext:TPX></Extensions></Trackpoint><Trackpoint><Time>2025-08-28T13:12:37.163Z</Time><DistanceMeters>6740.958104484114</DistanceMeters><HeartRateBpm><Value>153</Value></HeartRateBpm><Cadence>24</Cadence><Extensions><ext:TPX><ext:Watts>52.8</ext:Watts><ext:Torque>20</ext:Torque></ext:TPX></Extensions></Trackpoint><Trackpoint><Time>2025-08-28T13:12:38.353Z</Time><DistanceMeters>6745.407345954402</DistanceMeters><HeartRateBpm><Value>153</Value></HeartRateBpm><Cadence>25</Cadence><Extensions><ext:TPX><ext:Watts>54.55882352941177</ext:Watts><ext:Torque>20</ext:Torque></ext:TPX></Extensions></Trackpoint><Trackpoint><Time>2025-08-28T13:12:39.583Z</Time><DistanceMeters>6749.8842437471585</DistanceMeters><HeartRateBpm><Value>153</Value></HeartRateBpm><Cadence>24</Cadence><Extensions><ext:TPX><ext:Watts>53.8</ext:Watts><ext:Torque>20</ext:Torque></ext:TPX></Extensions></Trackpoint><Trackpoint><Time>2025-08-28T13:12:40.808Z</Time><DistanceMeters>6754.090102586981</DistanceMeters><HeartRateBpm><Value>153</Value></HeartRateBpm><Cadence>24</Cadence><Extensions><ext:TPX><ext:Watts>50.542857142857144</ext:Watts><ext:Torque>20</ext:Torque></ext:TPX></Extensions></Trackpoint><Trackpoint><Time>2025-08-28T13:12:42.033Z</Time><DistanceMeters>6758.383930209773</DistanceMeters><HeartRateBpm><Value>153</Value></HeartRateBpm><Cadence>24</Cadence><Extensions><ext:TPX><ext:Watts>51.6</ext:Watts><ext:Torque>20</ext:Torque></ext:TPX></Extensions></Trackpoint><Trackpoint><Time>2025-08-28T13:12:43.258Z</Time><DistanceMeters>6762.744328803461</DistanceMeters><HeartRateBpm><Value>153</Value></HeartRateBpm><Cadence>24</Cadence><Extensions><ext:TPX><ext:Watts>52.4</ext:Watts><ext:Torque>20</ext:Torque></ext:TPX></Extensions></Trackpoint><Trackpoint><Time>2025-08-28T13:12:44.483Z</Time><DistanceMeters>6766.988228198081</DistanceMeters><HeartRateBpm><Value>153</Value></HeartRateBpm><Cadence>24</Cadence><Extensions><ext:TPX><ext:Watts>51.0</ext:Watts><ext:Torque>20</ext:Torque></ext:TPX></Extensions></Trackpoint><Trackpoint><Time>2025-08-28T13:12:45.708Z</Time><DistanceMeters>6771.317718840996</DistanceMeters><HeartRateBpm><Value>153</Value></HeartRateBpm><Cadence>24</Cadence><Extensions><ext:TPX><ext:Watts>52.02857142857143</ext:Watts><ext:Torque>20</ext:Torque></ext:TPX></Extensions></Trackpoint><Trackpoint><Time>2025-08-28T13:12:46.933Z</Time><DistanceMeters>6775.706647850783</DistanceMeters><HeartRateBpm><Value>153</Value></HeartRateBpm><Cadence>24</Cadence><Extensions><ext:TPX><ext:Watts>52.74285714285714</ext:Watts><ext:Torque>20</ext:Torque></ext:TPX></Extensions></Trackpoint><Trackpoint><Time>2025-08-28T13:12:48.123Z</Time><DistanceMeters>6779.96160977439</DistanceMeters><HeartRateBpm><Value>153</Value></HeartRateBpm><Cadence>25</Cadence><Extensions><ext:TPX><ext:Watts>52.1764705882353</ext:Watts><ext:Torque>20</ext:Torque></ext:TPX></Extensions></Trackpoint><Trackpoint><Time>2025-08-28T13:12:49.313Z</Time><DistanceMeters>6784.36527949916</DistanceMeters><HeartRateBpm><Value>153</Value></HeartRateBpm><Cadence>25</Cadence><Extensions><ext:TPX><ext:Watts>54.0</ext:Watts><ext:Torque>20</ext:Torque></ext:TPX></Extensions></Trackpoint><Trackpoint><Time>2025-08-28T13:12:50.503Z</Time><DistanceMeters>6788.675407219974</DistanceMeters><HeartRateBpm><Value>153</Value></HeartRateBpm><Cadence>25</Cadence><Extensions><ext:TPX><ext:Watts>52.85294117647059</ext:Watts><ext:Torque>20</ext:Torque></ext:TPX></Extensions></Trackpoint><Trackpoint><Time>2025-08-28T13:12:51.728Z</Time><DistanceMeters>6793.071468833785</DistanceMeters><HeartRateBpm><Value>153</Value></HeartRateBpm><Cadence>24</Cadence><Extensions><ext:TPX><ext:Watts>52.82857142857143</ext:Watts><ext:Torque>20</ext:Torque></ext:TPX></Extensions></Trackpoint><Trackpoint><Time>2025-08-28T13:12:52.918Z</Time><DistanceMeters>6797.326430757392</DistanceMeters><HeartRateBpm><Value>153</Value></HeartRateBpm><Cadence>25</Cadence><Extensions><ext:TPX><ext:Watts>52.1764705882353</ext:Watts><ext:Torque>20</ext:Torque></ext:TPX></Extensions></Trackpoint><Trackpoint><Time>2025-08-28T13:12:54.143Z</Time><DistanceMeters>6801.796195946124</DistanceMeters><HeartRateBpm><Value>153</Value></HeartRateBpm><Cadence>24</Cadence><Extensions><ext:TPX><ext:Watts>53.714285714285715</ext:Watts><ext:Torque>20</ext:Torque></ext:TPX></Extensions></Trackpoint><Trackpoint><Time>2025-08-28T13:12:55.369Z</Time><DistanceMeters>6806.406235680672</DistanceMeters><HeartRateBpm><Value>154</Value></HeartRateBpm><Cadence>24</Cadence><Extensions><ext:TPX><ext:Watts>55.4</ext:Watts><ext:Torque>20</ext:Torque></ext:TPX></Extensions></Trackpoint><Trackpoint><Time>2025-08-28T13:12:56.593Z</Time><DistanceMeters>6810.85935812668</DistanceMeters><HeartRateBpm><Value>154</Value></HeartRateBpm><Cadence>24</Cadence><Extensions><ext:TPX><ext:Watts>53.51428571428571</ext:Watts><ext:Torque>20</ext:Torque></ext:TPX></Extensions></Trackpoint><Trackpoint><Time>2025-08-28T13:12:57.818Z</Time><DistanceMeters>6815.329123315411</DistanceMeters><HeartRateBpm><Value>154</Value></HeartRateBpm><Cadence>24</Cadence><Extensions><ext:TPX><ext:Watts>53.714285714285715</ext:Watts><ext:Torque>20</ext:Torque></ext:TPX></Extensions></Trackpoint><Trackpoint><Time>2025-08-28T13:12:59.043Z</Time><DistanceMeters>6819.85119426699</DistanceMeters><HeartRateBpm><Value>154</Value></HeartRateBpm><Cadence>24</Cadence><Extensions><ext:TPX><ext:Watts>54.34285714285714</ext:Watts><ext:Torque>20</ext:Torque></ext:TPX></Extensions></Trackpoint><Trackpoint><Time>2025-08-28T13:13:00.268Z</Time><DistanceMeters>6824.337602198446</DistanceMeters><HeartRateBpm><Value>154</Value></HeartRateBpm><Cadence>24</Cadence><Extensions><ext:TPX><ext:Watts>53.91428571428571</ext:Watts><ext:Torque>20</ext:Torque></ext:TPX></Extensions></Trackpoint><Trackpoint><Time>2025-08-28T13:13:01.493Z</Time><DistanceMeters>6828.942886863644</DistanceMeters><HeartRateBpm><Value>155</Value></HeartRateBpm><Cadence>24</Cadence><Extensions><ext:TPX><ext:Watts>55.34285714285714</ext:Watts><ext:Torque>20</ext:Torque></ext:TPX></Extensions></Trackpoint><Trackpoint><Time>2025-08-28T13:13:02.753Z</Time><DistanceMeters>6833.286999069632</DistanceMeters><HeartRateBpm><Value>155</Value></HeartRateBpm><Cadence>24</Cadence><Extensions><ext:TPX><ext:Watts>51.138888888888886</ext:Watts><ext:Torque>20</ext:Torque></ext:TPX></Extensions></Trackpoint><Trackpoint><Time>2025-08-28T13:13:03.978Z</Time><DistanceMeters>6837.718723703566</DistanceMeters><HeartRateBpm><Value>154</Value></HeartRateBpm><Cadence>24</Cadence><Extensions><ext:TPX><ext:Watts>53.25714285714286</ext:Watts><ext:Torque>20</ext:Torque></ext:TPX></Extensions></Trackpoint><Trackpoint><Time>2025-08-28T13:13:05.203Z</Time><DistanceMeters>6842.06247955453</DistanceMeters><HeartRateBpm><Value>154</Value></HeartRateBpm><Cadence>24</Cadence><Extensions><ext:TPX><ext:Watts>52.2</ext:Watts><ext:Torque>20</ext:Torque></ext:TPX></Extensions></Trackpoint><Trackpoint><Time>2025-08-28T13:13:06.428Z</Time><DistanceMeters>6846.363439781347</DistanceMeters><HeartRateBpm><Value>154</Value></HeartRateBpm><Cadence>24</Cadence><Extensions><ext:TPX><ext:Watts>51.68571428571428</ext:Watts><ext:Torque>20</ext:Torque></ext:TPX></Extensions></Trackpoint><Trackpoint><Time>2025-08-28T13:13:07.653Z</Time><DistanceMeters>6850.769011533857</DistanceMeters><HeartRateBpm><Value>154</Value></HeartRateBpm><Cadence>24</Cadence><Extensions><ext:TPX><ext:Watts>52.94285714285714</ext:Watts><ext:Torque>20</ext:Torque></ext:TPX></Extensions></Trackpoint><Trackpoint><Time>2025-08-28T13:13:08.914Z</Time><DistanceMeters>6855.228746498179</DistanceMeters><HeartRateBpm><Value>154</Value></HeartRateBpm><Cadence>24</Cadence><Extensions><ext:TPX><ext:Watts>52.5</ext:Watts><ext:Torque>20</ext:Torque></ext:TPX></Extensions></Trackpoint><Trackpoint><Time>2025-08-28T13:13:10.139Z</Time><DistanceMeters>6859.660471132113</DistanceMeters><HeartRateBpm><Value>154</Value></HeartRateBpm><Cadence>24</Cadence><Extensions><ext:TPX><ext:Watts>53.25714285714286</ext:Watts><ext:Torque>20</ext:Torque></ext:TPX></Extensions></Trackpoint><Trackpoint><Time>2025-08-28T13:13:11.363Z</Time><DistanceMeters>6864.158766736943</DistanceMeters><HeartRateBpm><Value>154</Value></HeartRateBpm><Cadence>24</Cadence><Extensions><ext:TPX><ext:Watts>54.05714285714286</ext:Watts><ext:Torque>20</ext:Torque></ext:TPX></Extensions></Trackpoint><Trackpoint><Time>2025-08-28T13:13:12.589Z</Time><DistanceMeters>6868.473992171809</DistanceMeters><HeartRateBpm><Value>154</Value></HeartRateBpm><Cadence>24</Cadence><Extensions><ext:TPX><ext:Watts>51.857142857142854</ext:Watts><ext:Torque>20</ext:Torque></ext:TPX></Extensions></Trackpoint><Trackpoint><Time>2025-08-28T13:13:13.813Z</Time><DistanceMeters>6872.9176044791175</DistanceMeters><HeartRateBpm><Value>154</Value></HeartRateBpm><Cadence>24</Cadence><Extensions><ext:TPX><ext:Watts>53.4</ext:Watts><ext:Torque>20</ext:Torque></ext:TPX></Extensions></Trackpoint><Trackpoint><Time>2025-08-28T13:13:15.039Z</Time><DistanceMeters>6877.247095122033</DistanceMeters><HeartRateBpm><Value>154</Value></HeartRateBpm><Cadence>24</Cadence><Extensions><ext:TPX><ext:Watts>52.02857142857143</ext:Watts><ext:Torque>20</ext:Torque></ext:TPX></Extensions></Trackpoint><Trackpoint><Time>2025-08-28T13:13:16.264Z</Time><DistanceMeters>6881.6455342705185</DistanceMeters><HeartRateBpm><Value>154</Value></HeartRateBpm><Cadence>24</Cadence><Extensions><ext:TPX><ext:Watts>52.857142857142854</ext:Watts><ext:Torque>20</ext:Torque></ext:TPX></Extensions></Trackpoint><Trackpoint><Time>2025-08-28T13:13:17.454Z</Time><DistanceMeters>6885.982045633474</DistanceMeters><HeartRateBpm><Value>154</Value></HeartRateBpm><Cadence>25</Cadence><Extensions><ext:TPX><ext:Watts>53.1764705882353</ext:Watts><ext:Torque>20</ext:Torque></ext:TPX></Extensions></Trackpoint><Trackpoint><Time>2025-08-28T13:13:18.679Z</Time><DistanceMeters>6890.28776092964</DistanceMeters><HeartRateBpm><Value>154</Value></HeartRateBpm><Cadence>24</Cadence><Extensions><ext:TPX><ext:Watts>51.74285714285714</ext:Watts><ext:Torque>20</ext:Torque></ext:TPX></Extensions></Trackpoint><Trackpoint><Time>2025-08-28T13:13:19.904Z</Time><DistanceMeters>6894.657669662028</DistanceMeters><HeartRateBpm><Value>154</Value></HeartRateBpm><Cadence>24</Cadence><Extensions><ext:TPX><ext:Watts>52.51428571428571</ext:Watts><ext:Torque>20</ext:Torque></ext:TPX></Extensions></Trackpoint><Trackpoint><Time>2025-08-28T13:13:21.094Z</Time><DistanceMeters>6899.116505184004</DistanceMeters><HeartRateBpm><Value>154</Value></HeartRateBpm><Cadence>25</Cadence><Extensions><ext:TPX><ext:Watts>54.6764705882353</ext:Watts><ext:Torque>20</ext:Torque></ext:TPX></Extensions></Trackpoint><Trackpoint><Time>2025-08-28T13:13:22.319Z</Time><DistanceMeters>6903.595780511436</DistanceMeters><HeartRateBpm><Value>154</Value></HeartRateBpm><Cadence>24</Cadence><Extensions><ext:TPX><ext:Watts>53.82857142857143</ext:Watts><ext:Torque>20</ext:Torque></ext:TPX></Extensions></Trackpoint><Trackpoint><Time>2025-08-28T13:13:23.544Z</Time><DistanceMeters>6908.096453650941</DistanceMeters><HeartRateBpm><Value>155</Value></HeartRateBpm><Cadence>24</Cadence><Extensions><ext:TPX><ext:Watts>54.08571428571429</ext:Watts><ext:Torque>20</ext:Torque></ext:TPX></Extensions></Trackpoint><Trackpoint><Time>2025-08-28T13:13:24.769Z</Time><DistanceMeters>6912.513913076826</DistanceMeters><HeartRateBpm><Value>155</Value></HeartRateBpm><Cadence>24</Cadence><Extensions><ext:TPX><ext:Watts>53.08571428571429</ext:Watts><ext:Torque>20</ext:Torque></ext:TPX></Extensions></Trackpoint><Trackpoint><Time>2025-08-28T13:13:25.959Z</Time><DistanceMeters>6916.888800646532</DistanceMeters><HeartRateBpm><Value>155</Value></HeartRateBpm><Cadence>25</Cadence><Extensions><ext:TPX><ext:Watts>53.64705882352941</ext:Watts><ext:Torque>20</ext:Torque></ext:TPX></Extensions></Trackpoint><Trackpoint><Time>2025-08-28T13:13:27.219Z</Time><DistanceMeters>6921.393368925311</DistanceMeters><HeartRateBpm><Value>155</Value></HeartRateBpm><Cadence>24</Cadence><Extensions><ext:TPX><ext:Watts>53.02777777777778</ext:Watts><ext:Torque>20</ext:Torque></ext:TPX></Extensions></Trackpoint><Trackpoint><Time>2025-08-28T13:13:28.409Z</Time><DistanceMeters>6925.900174705727</DistanceMeters><HeartRateBpm><Value>155</Value></HeartRateBpm><Cadence>25</Cadence><Extensions><ext:TPX><ext:Watts>55.26470588235294</ext:Watts><ext:Torque>20</ext:Torque></ext:TPX></Extensions></Trackpoint><Trackpoint><Time>2025-08-28T13:13:29.634Z</Time><DistanceMeters>6930.296236319538</DistanceMeters><HeartRateBpm><Value>156</Value></HeartRateBpm><Cadence>24</Cadence><Extensions><ext:TPX><ext:Watts>52.82857142857143</ext:Watts><ext:Torque>20</ext:Torque></ext:TPX></Extensions></Trackpoint><Trackpoint><Time>2025-08-28T13:13:30.859Z</Time><DistanceMeters>6934.7564913695705</DistanceMeters><HeartRateBpm><Value>156</Value></HeartRateBpm><Cadence>24</Cadence><Extensions><ext:TPX><ext:Watts>53.6</ext:Watts><ext:Torque>20</ext:Torque></ext:TPX></Extensions></Trackpoint><Trackpoint><Time>2025-08-28T13:13:32.084Z</Time><DistanceMeters>6939.090737081835</DistanceMeters><HeartRateBpm><Value>156</Value></HeartRateBpm><Cadence>24</Cadence><Extensions><ext:TPX><ext:Watts>52.08571428571429</ext:Watts><ext:Torque>20</ext:Torque></ext:TPX></Extensions></Trackpoint><Trackpoint><Time>2025-08-28T13:13:33.309Z</Time><DistanceMeters>6943.363166892554</DistanceMeters><HeartRateBpm><Value>156</Value></HeartRateBpm><Cadence>24</Cadence><Extensions><ext:TPX><ext:Watts>51.34285714285714</ext:Watts><ext:Torque>20</ext:Torque></ext:TPX></Extensions></Trackpoint><Trackpoint><Time>2025-08-28T13:13:34.499Z</Time><DistanceMeters>6947.8411905179055</DistanceMeters><HeartRateBpm><Value>156</Value></HeartRateBpm><Cadence>25</Cadence><Extensions><ext:TPX><ext:Watts>54.911764705882355</ext:Watts><ext:Torque>20</ext:Torque></ext:TPX></Extensions></Trackpoint><Trackpoint><Time>2025-08-28T13:13:35.689Z</Time><DistanceMeters>6952.336003733712</DistanceMeters><HeartRateBpm><Value>156</Value></HeartRateBpm><Cadence>25</Cadence><Extensions><ext:TPX><ext:Watts>55.11764705882353</ext:Watts><ext:Torque>20</ext:Torque></ext:TPX></Extensions></Trackpoint><Trackpoint><Time>2025-08-28T13:13:36.879Z</Time><DistanceMeters>6956.672515096667</DistanceMeters><HeartRateBpm><Value>156</Value></HeartRateBpm><Cadence>25</Cadence><Extensions><ext:TPX><ext:Watts>53.1764705882353</ext:Watts><ext:Torque>20</ext:Torque></ext:TPX></Extensions></Trackpoint><Trackpoint><Time>2025-08-28T13:13:38.069Z</Time><DistanceMeters>6960.99463538209</DistanceMeters><HeartRateBpm><Value>156</Value></HeartRateBpm><Cadence>25</Cadence><Extensions><ext:TPX><ext:Watts>53.0</ext:Watts><ext:Torque>20</ext:Torque></ext:TPX></Extensions></Trackpoint><Trackpoint><Time>2025-08-28T13:13:39.294Z</Time><DistanceMeters>6964.8224662086095</DistanceMeters><HeartRateBpm><Value>156</Value></HeartRateBpm><Cadence>24</Cadence><Extensions><ext:TPX><ext:Watts>46.0</ext:Watts><ext:Torque>20</ext:Torque></ext:TPX></Extensions></Trackpoint><Trackpoint><Time>2025-08-28T13:13:40.484Z</Time><DistanceMeters>6968.842373865862</DistanceMeters><HeartRateBpm><Value>156</Value></HeartRateBpm><Cadence>25</Cadence><Extensions><ext:TPX><ext:Watts>49.294117647058826</ext:Watts><ext:Torque>20</ext:Torque></ext:TPX></Extensions></Trackpoint><Trackpoint><Time>2025-08-28T13:13:41.674Z</Time><DistanceMeters>6973.162095638363</DistanceMeters><HeartRateBpm><Value>156</Value></HeartRateBpm><Cadence>25</Cadence><Extensions><ext:TPX><ext:Watts>52.970588235294116</ext:Watts><ext:Torque>20</ext:Torque></ext:TPX></Extensions></Trackpoint><Trackpoint><Time>2025-08-28T13:13:42.864Z</Time><DistanceMeters>6977.445839717035</DistanceMeters><HeartRateBpm><Value>156</Value></HeartRateBpm><Cadence>25</Cadence><Extensions><ext:TPX><ext:Watts>52.529411764705884</ext:Watts><ext:Torque>20</ext:Torque></ext:TPX></Extensions></Trackpoint><Trackpoint><Time>2025-08-28T13:13:44.054Z</Time><DistanceMeters>6981.63844030467</DistanceMeters><HeartRateBpm><Value>156</Value></HeartRateBpm><Cadence>25</Cadence><Extensions><ext:TPX><ext:Watts>51.411764705882355</ext:Watts><ext:Torque>20</ext:Torque></ext:TPX></Extensions></Trackpoint><Trackpoint><Time>2025-08-28T13:13:45.244Z</Time><DistanceMeters>6985.675137552377</DistanceMeters><HeartRateBpm><Value>156</Value></HeartRateBpm><Cadence>25</Cadence><Extensions><ext:TPX><ext:Watts>49.5</ext:Watts><ext:Torque>20</ext:Torque></ext:TPX></Extensions></Trackpoint><Trackpoint><Time>2025-08-28T13:13:46.434Z</Time><DistanceMeters>6989.735819929304</DistanceMeters><HeartRateBpm><Value>156</Value></HeartRateBpm><Cadence>25</Cadence><Extensions><ext:TPX><ext:Watts>49.794117647058826</ext:Watts><ext:Torque>20</ext:Torque></ext:TPX></Extensions></Trackpoint><Trackpoint><Time>2025-08-28T13:13:47.624Z</Time><DistanceMeters>6993.789306767464</DistanceMeters><HeartRateBpm><Value>156</Value></HeartRateBpm><Cadence>25</Cadence><Extensions><ext:TPX><ext:Watts>49.705882352941174</ext:Watts><ext:Torque>20</ext:Torque></ext:TPX></Extensions></Trackpoint><Trackpoint><Time>2025-08-28T13:13:48.849Z</Time><DistanceMeters>6997.909574358991</DistanceMeters><HeartRateBpm><Value>156</Value></HeartRateBpm><Cadence>24</Cadence><Extensions><ext:TPX><ext:Watts>49.51428571428571</ext:Watts><ext:Torque>20</ext:Torque></ext:TPX></Extensions></Trackpoint><Trackpoint><Time>2025-08-28T13:13:50.110Z</Time><DistanceMeters>7001.824230605452</DistanceMeters><HeartRateBpm><Value>156</Value></HeartRateBpm><Cadence>24</Cadence><Extensions><ext:TPX><ext:Watts>46.083333333333336</ext:Watts><ext:Torque>20</ext:Torque></ext:TPX></Extensions></Trackpoint><Trackpoint><Time>2025-08-28T13:13:51.369Z</Time><DistanceMeters>7005.9252990541245</DistanceMeters><HeartRateBpm><Value>156</Value></HeartRateBpm><Cadence>24</Cadence><Extensions><ext:TPX><ext:Watts>48.27777777777778</ext:Watts><ext:Torque>20</ext:Torque></ext:TPX></Extensions></Trackpoint><Trackpoint><Time>2025-08-28T13:13:51.999Z</Time><DistanceMeters>7006.1232114361665</DistanceMeters><HeartRateBpm><Value>156</Value></HeartRateBpm><Cadence>48</Cadence><Extensions><ext:TPX><ext:Watts>4.611111111111111</ext:Watts><ext:Torque>20</ext:Torque></ext:TPX></Extensions></Trackpoint><Trackpoint><Time>2025-08-28T13:13:54.939Z</Time><DistanceMeters>7010.06318725581</DistanceMeters><HeartRateBpm><Value>156</Value></HeartRateBpm><Cadence>20</Cadence><Extensions><ext:TPX><ext:Watts>38.651162790697676</ext:Watts><ext:Torque>20</ext:Torque></ext:TPX></Extensions></Trackpoint><Trackpoint><Time>2025-08-28T13:13:56.094Z</Time><DistanceMeters>7014.459063211319</DistanceMeters><HeartRateBpm><Value>156</Value></HeartRateBpm><Cadence>26</Cadence><Extensions><ext:TPX><ext:Watts>56.06060606060606</ext:Watts><ext:Torque>20</ext:Torque></ext:TPX></Extensions></Trackpoint><Trackpoint><Time>2025-08-28T13:13:57.319Z</Time><DistanceMeters>7019.1261637780635</DistanceMeters><HeartRateBpm><Value>156</Value></HeartRateBpm><Cadence>24</Cadence><Extensions><ext:TPX><ext:Watts>56.08571428571429</ext:Watts><ext:Torque>20</ext:Torque></ext:TPX></Extensions></Trackpoint><Trackpoint><Time>2025-08-28T13:13:58.510Z</Time><DistanceMeters>7023.736105614125</DistanceMeters><HeartRateBpm><Value>156</Value></HeartRateBpm><Cadence>25</Cadence><Extensions><ext:TPX><ext:Watts>56.529411764705884</ext:Watts><ext:Torque>20</ext:Torque></ext:TPX></Extensions></Trackpoint><Trackpoint><Time>2025-08-28T13:13:59.699Z</Time><DistanceMeters>7028.425198376613</DistanceMeters><HeartRateBpm><Value>156</Value></HeartRateBpm><Cadence>25</Cadence><Extensions><ext:TPX><ext:Watts>57.5</ext:Watts><ext:Torque>20</ext:Torque></ext:TPX></Extensions></Trackpoint><Trackpoint><Time>2025-08-28T13:14:00.890Z</Time><DistanceMeters>7033.044734264362</DistanceMeters><HeartRateBpm><Value>156</Value></HeartRateBpm><Cadence>25</Cadence><Extensions><ext:TPX><ext:Watts>56.64705882352941</ext:Watts><ext:Torque>20</ext:Torque></ext:TPX></Extensions></Trackpoint><Trackpoint><Time>2025-08-28T13:14:02.044Z</Time><DistanceMeters>7037.854060174605</DistanceMeters><HeartRateBpm><Value>156</Value></HeartRateBpm><Cadence>26</Cadence><Extensions><ext:TPX><ext:Watts>61.333333333333336</ext:Watts><ext:Torque>20</ext:Torque></ext:TPX></Extensions></Trackpoint><Trackpoint><Time>2025-08-28T13:14:03.234Z</Time><DistanceMeters>7042.55274698878</DistanceMeters><HeartRateBpm><Value>156</Value></HeartRateBpm><Cadence>25</Cadence><Extensions><ext:TPX><ext:Watts>57.61764705882353</ext:Watts><ext:Torque>20</ext:Torque></ext:TPX></Extensions></Trackpoint><Trackpoint><Time>2025-08-28T13:14:04.425Z</Time><DistanceMeters>7047.035567639977</DistanceMeters><HeartRateBpm><Value>155</Value></HeartRateBpm><Cadence>25</Cadence><Extensions><ext:TPX><ext:Watts>54.970588235294116</ext:Watts><ext:Torque>20</ext:Torque></ext:TPX></Extensions></Trackpoint><Trackpoint><Time>2025-08-28T13:14:05.615Z</Time><DistanceMeters>7051.693479734478</DistanceMeters><HeartRateBpm><Value>156</Value></HeartRateBpm><Cadence>25</Cadence><Extensions><ext:TPX><ext:Watts>57.11764705882353</ext:Watts><ext:Torque>20</ext:Torque></ext:TPX></Extensions></Trackpoint><Trackpoint><Time>2025-08-28T13:14:06.840Z</Time><DistanceMeters>7056.24645863683</DistanceMeters><HeartRateBpm><Value>156</Value></HeartRateBpm><Cadence>24</Cadence><Extensions><ext:TPX><ext:Watts>54.714285714285715</ext:Watts><ext:Torque>20</ext:Torque></ext:TPX></Extensions></Trackpoint><Trackpoint><Time>2025-08-28T13:14:08.030Z</Time><DistanceMeters>7060.69809862004</DistanceMeters><HeartRateBpm><Value>156</Value></HeartRateBpm><Cadence>25</Cadence><Extensions><ext:TPX><ext:Watts>54.588235294117645</ext:Watts><ext:Torque>20</ext:Torque></ext:TPX></Extensions></Trackpoint><Trackpoint><Time>2025-08-28T13:14:09.255Z</Time><DistanceMeters>7065.343801374711</DistanceMeters><HeartRateBpm><Value>156</Value></HeartRateBpm><Cadence>24</Cadence><Extensions><ext:TPX><ext:Watts>55.82857142857143</ext:Watts><ext:Torque>20</ext:Torque></ext:TPX></Extensions></Trackpoint><Trackpoint><Time>2025-08-28T13:14:10.480Z</Time><DistanceMeters>7069.884892603688</DistanceMeters><HeartRateBpm><Value>156</Value></HeartRateBpm><Cadence>24</Cadence><Extensions><ext:TPX><ext:Watts>54.57142857142857</ext:Watts><ext:Torque>20</ext:Torque></ext:TPX></Extensions></Trackpoint><Trackpoint><Time>2025-08-28T13:14:11.670Z</Time><DistanceMeters>7074.468450797608</DistanceMeters><HeartRateBpm><Value>156</Value></HeartRateBpm><Cadence>25</Cadence><Extensions><ext:TPX><ext:Watts>56.205882352941174</ext:Watts><ext:Torque>20</ext:Torque></ext:TPX></Extensions></Trackpoint><Trackpoint><Time>2025-08-28T13:14:12.895Z</Time><DistanceMeters>7079.19261219655</DistanceMeters><HeartRateBpm><Value>156</Value></HeartRateBpm><Cadence>24</Cadence><Extensions><ext:TPX><ext:Watts>56.77142857142857</ext:Watts><ext:Torque>20</ext:Torque></ext:TPX></Extensions></Trackpoint><Trackpoint><Time>2025-08-28T13:14:14.085Z</Time><DistanceMeters>7083.970449937151</DistanceMeters><HeartRateBpm><Value>156</Value></HeartRateBpm><Cadence>25</Cadence><Extensions><ext:TPX><ext:Watts>58.588235294117645</ext:Watts><ext:Torque>20</ext:Torque></ext:TPX></Extensions></Trackpoint><Trackpoint><Time>2025-08-28T13:14:15.310Z</Time><DistanceMeters>7088.74216202959</DistanceMeters><HeartRateBpm><Value>156</Value></HeartRateBpm><Cadence>24</Cadence><Extensions><ext:TPX><ext:Watts>57.34285714285714</ext:Watts><ext:Torque>20</ext:Torque></ext:TPX></Extensions></Trackpoint><Trackpoint><Time>2025-08-28T13:14:16.535Z</Time><DistanceMeters>7093.4473031511325</DistanceMeters><HeartRateBpm><Value>156</Value></HeartRateBpm><Cadence>24</Cadence><Extensions><ext:TPX><ext:Watts>56.542857142857144</ext:Watts><ext:Torque>20</ext:Torque></ext:TPX></Extensions></Trackpoint><Trackpoint><Time>2025-08-28T13:14:17.725Z</Time><DistanceMeters>7098.133997400698</DistanceMeters><HeartRateBpm><Value>156</Value></HeartRateBpm><Cadence>25</Cadence><Extensions><ext:TPX><ext:Watts>57.470588235294116</ext:Watts><ext:Torque>20</ext:Torque></ext:TPX></Extensions></Trackpoint><Trackpoint><Time>2025-08-28T13:14:18.915Z</Time><DistanceMeters>7102.943015809285</DistanceMeters><HeartRateBpm><Value>155</Value></HeartRateBpm><Cadence>25</Cadence><Extensions><ext:TPX><ext:Watts>58.970588235294116</ext:Watts><ext:Torque>20</ext:Torque></ext:TPX></Extensions></Trackpoint><Trackpoint><Time>2025-08-28T13:14:20.140Z</Time><DistanceMeters>7107.759901060545</DistanceMeters><HeartRateBpm><Value>156</Value></HeartRateBpm><Cadence>24</Cadence><Extensions><ext:TPX><ext:Watts>57.885714285714286</ext:Watts><ext:Torque>20</ext:Torque></ext:TPX></Extensions></Trackpoint><Trackpoint><Time>2025-08-28T13:14:21.365Z</Time><DistanceMeters>7112.43651176599</DistanceMeters><HeartRateBpm><Value>156</Value></HeartRateBpm><Cadence>24</Cadence><Extensions><ext:TPX><ext:Watts>56.2</ext:Watts><ext:Torque>20</ext:Torque></ext:TPX></Extensions></Trackpoint><Trackpoint><Time>2025-08-28T13:14:22.555Z</Time><DistanceMeters>7117.082431295881</DistanceMeters><HeartRateBpm><Value>156</Value></HeartRateBpm><Cadence>25</Cadence><Extensions><ext:TPX><ext:Watts>56.970588235294116</ext:Watts><ext:Torque>20</ext:Torque></ext:TPX></Extensions></Trackpoint><Trackpoint><Time>2025-08-28T13:14:23.780Z</Time><DistanceMeters>7121.737644189252</DistanceMeters><HeartRateBpm><Value>156</Value></HeartRateBpm><Cadence>24</Cadence><Extensions><ext:TPX><ext:Watts>55.94285714285714</ext:Watts><ext:Torque>20</ext:Torque></ext:TPX></Extensions></Trackpoint><Trackpoint><Time>2025-08-28T13:14:24.970Z</Time><DistanceMeters>7126.599429882122</DistanceMeters><HeartRateBpm><Value>156</Value></HeartRateBpm><Cadence>25</Cadence><Extensions><ext:TPX><ext:Watts>59.61764705882353</ext:Watts><ext:Torque>20</ext:Torque></ext:TPX></Extensions></Trackpoint><Trackpoint><Time>2025-08-28T13:14:26.160Z</Time><DistanceMeters>7131.310109260908</DistanceMeters><HeartRateBpm><Value>156</Value></HeartRateBpm><Cadence>25</Cadence><Extensions><ext:TPX><ext:Watts>57.76470588235294</ext:Watts><ext:Torque>20</ext:Torque></ext:TPX></Extensions></Trackpoint><Trackpoint><Time>2025-08-28T13:14:27.350Z</Time><DistanceMeters>7136.080751462742</DistanceMeters><HeartRateBpm><Value>156</Value></HeartRateBpm><Cadence>25</Cadence><Extensions><ext:TPX><ext:Watts>58.5</ext:Watts><ext:Torque>20</ext:Torque></ext:TPX></Extensions></Trackpoint><Trackpoint><Time>2025-08-28T13:14:28.575Z</Time><DistanceMeters>7140.957075080874</DistanceMeters><HeartRateBpm><Value>156</Value></HeartRateBpm><Cadence>24</Cadence><Extensions><ext:TPX><ext:Watts>58.6</ext:Watts><ext:Torque>20</ext:Torque></ext:TPX></Extensions></Trackpoint><Trackpoint><Time>2025-08-28T13:14:29.800Z</Time><DistanceMeters>7145.674103875791</DistanceMeters><HeartRateBpm><Value>156</Value></HeartRateBpm><Cadence>24</Cadence><Extensions><ext:TPX><ext:Watts>56.68571428571428</ext:Watts><ext:Torque>20</ext:Torque></ext:TPX></Extensions></Trackpoint><Trackpoint><Time>2025-08-28T13:14:31.025Z</Time><DistanceMeters>7150.291276214364</DistanceMeters><HeartRateBpm><Value>157</Value></HeartRateBpm><Cadence>24</Cadence><Extensions><ext:TPX><ext:Watts>55.48571428571429</ext:Watts><ext:Torque>20</ext:Torque></ext:TPX></Extensions></Trackpoint><Trackpoint><Time>2025-08-28T13:14:32.250Z</Time><DistanceMeters>7154.915581156962</DistanceMeters><HeartRateBpm><Value>157</Value></HeartRateBpm><Cadence>24</Cadence><Extensions><ext:TPX><ext:Watts>55.57142857142857</ext:Watts><ext:Torque>20</ext:Torque></ext:TPX></Extensions></Trackpoint><Trackpoint><Time>2025-08-28T13:14:33.510Z</Time><DistanceMeters>7159.575886212272</DistanceMeters><HeartRateBpm><Value>157</Value></HeartRateBpm><Cadence>24</Cadence><Extensions><ext:TPX><ext:Watts>54.861111111111114</ext:Watts><ext:Torque>20</ext:Torque></ext:TPX></Extensions></Trackpoint><Trackpoint><Time>2025-08-28T13:14:34.735Z</Time><DistanceMeters>7164.295292541864</DistanceMeters><HeartRateBpm><Value>157</Value></HeartRateBpm><Cadence>24</Cadence><Extensions><ext:TPX><ext:Watts>56.714285714285715</ext:Watts><ext:Torque>20</ext:Torque></ext:TPX></Extensions></Trackpoint><Trackpoint><Time>2025-08-28T13:14:35.960Z</Time><DistanceMeters>7168.817363493443</DistanceMeters><HeartRateBpm><Value>157</Value></HeartRateBpm><Cadence>24</Cadence><Extensions><ext:TPX><ext:Watts>54.34285714285714</ext:Watts><ext:Torque>20</ext:Torque></ext:TPX></Extensions></Trackpoint><Trackpoint><Time>2025-08-28T13:14:37.185Z</Time><DistanceMeters>7173.444045970715</DistanceMeters><HeartRateBpm><Value>157</Value></HeartRateBpm><Cadence>24</Cadence><Extensions><ext:TPX><ext:Watts>55.6</ext:Watts><ext:Torque>20</ext:Torque></ext:TPX></Extensions></Trackpoint><Trackpoint><Time>2025-08-28T13:14:38.410Z</Time><DistanceMeters>7178.0921262600605</DistanceMeters><HeartRateBpm><Value>158</Value></HeartRateBpm><Cadence>24</Cadence><Extensions><ext:TPX><ext:Watts>55.857142857142854</ext:Watts><ext:Torque>20</ext:Torque></ext:TPX></Extensions></Trackpoint><Trackpoint><Time>2025-08-28T13:14:39.635Z</Time><DistanceMeters>7182.818665193677</DistanceMeters><HeartRateBpm><Value>158</Value></HeartRateBpm><Cadence>24</Cadence><Extensions><ext:TPX><ext:Watts>56.8</ext:Watts><ext:Torque>20</ext:Torque></ext:TPX></Extensions></Trackpoint><Trackpoint><Time>2025-08-28T13:14:40.895Z</Time><DistanceMeters>7187.453014119565</DistanceMeters><HeartRateBpm><Value>158</Value></HeartRateBpm><Cadence>24</Cadence><Extensions><ext:TPX><ext:Watts>54.55555555555556</ext:Watts><ext:Torque>20</ext:Torque></ext:TPX></Extensions></Trackpoint><Trackpoint><Time>2025-08-28T13:14:42.050Z</Time><DistanceMeters>7192.191055554854</DistanceMeters><HeartRateBpm><Value>158</Value></HeartRateBpm><Cadence>26</Cadence><Extensions><ext:TPX><ext:Watts>60.42424242424242</ext:Watts><ext:Torque>20</ext:Torque></ext:TPX></Extensions></Trackpoint><Trackpoint><Time>2025-08-28T13:14:43.240Z</Time><DistanceMeters>7196.889742369029</DistanceMeters><HeartRateBpm><Value>158</Value></HeartRateBpm><Cadence>25</Cadence><Extensions><ext:TPX><ext:Watts>57.61764705882353</ext:Watts><ext:Torque>20</ext:Torque></ext:TPX></Extensions></Trackpoint><Trackpoint><Time>2025-08-28T13:14:44.430Z</Time><DistanceMeters>7201.624406877034</DistanceMeters><HeartRateBpm><Value>158</Value></HeartRateBpm><Cadence>25</Cadence><Extensions><ext:TPX><ext:Watts>58.05882352941177</ext:Watts><ext:Torque>20</ext:Torque></ext:TPX></Extensions></Trackpoint><Trackpoint><Time>2025-08-28T13:14:45.585Z</Time><DistanceMeters>7206.350567566497</DistanceMeters><HeartRateBpm><Value>157</Value></HeartRateBpm><Cadence>26</Cadence><Extensions><ext:TPX><ext:Watts>60.27272727272727</ext:Watts><ext:Torque>20</ext:Torque></ext:TPX></Extensions></Trackpoint><Trackpoint><Time>2025-08-28T13:14:46.775Z</Time><DistanceMeters>7211.169180026772</DistanceMeters><HeartRateBpm><Value>157</Value></HeartRateBpm><Cadence>25</Cadence><Extensions><ext:TPX><ext:Watts>59.088235294117645</ext:Watts><ext:Torque>20</ext:Torque></ext:TPX></Extensions></Trackpoint><Trackpoint><Time>2025-08-28T13:14:47.930Z</Time><DistanceMeters>7216.116322588593</DistanceMeters><HeartRateBpm><Value>157</Value></HeartRateBpm><Cadence>26</Cadence><Extensions><ext:TPX><ext:Watts>63.09090909090909</ext:Watts><ext:Torque>20</ext:Torque></ext:TPX></Extensions></Trackpoint><Trackpoint><Time>2025-08-28T13:14:49.120Z</Time><DistanceMeters>7220.9972963848395</DistanceMeters><HeartRateBpm><Value>157</Value></HeartRateBpm><Cadence>25</Cadence><Extensions><ext:TPX><ext:Watts>59.85294117647059</ext:Watts><ext:Torque>20</ext:Torque></ext:TPX></Extensions></Trackpoint><Trackpoint><Time>2025-08-28T13:14:50.310Z</Time><DistanceMeters>7225.957421107511</DistanceMeters><HeartRateBpm><Value>157</Value></HeartRateBpm><Cadence>25</Cadence><Extensions><ext:TPX><ext:Watts>60.8235294117647</ext:Watts><ext:Torque>20</ext:Torque></ext:TPX></Extensions></Trackpoint><Trackpoint><Time>2025-08-28T13:14:51.466Z</Time><DistanceMeters>7230.885554476012</DistanceMeters><HeartRateBpm><Value>157</Value></HeartRateBpm><Cadence>26</Cadence><Extensions><ext:TPX><ext:Watts>62.84848484848485</ext:Watts><ext:Torque>20</ext:Torque></ext:TPX></Extensions></Trackpoint><Trackpoint><Time>2025-08-28T13:14:52.621Z</Time><DistanceMeters>7235.507164602209</DistanceMeters><HeartRateBpm><Value>157</Value></HeartRateBpm><Cadence>26</Cadence><Extensions><ext:TPX><ext:Watts>58.93939393939394</ext:Watts><ext:Torque>20</ext:Torque></ext:TPX></Extensions></Trackpoint><Trackpoint><Time>2025-08-28T13:14:53.775Z</Time><DistanceMeters>7240.240453739168</DistanceMeters><HeartRateBpm><Value>157</Value></HeartRateBpm><Cadence>26</Cadence><Extensions><ext:TPX><ext:Watts>60.36363636363637</ext:Watts><ext:Torque>20</ext:Torque></ext:TPX></Extensions></Trackpoint><Trackpoint><Time>2025-08-28T13:14:54.966Z</Time><DistanceMeters>7245.109434970804</DistanceMeters><HeartRateBpm><Value>157</Value></HeartRateBpm><Cadence>25</Cadence><Extensions><ext:TPX><ext:Watts>59.705882352941174</ext:Watts><ext:Torque>20</ext:Torque></ext:TPX></Extensions></Trackpoint><Trackpoint><Time>2025-08-28T13:14:56.121Z</Time><DistanceMeters>7250.018559145983</DistanceMeters><HeartRateBpm><Value>157</Value></HeartRateBpm><Cadence>26</Cadence><Extensions><ext:TPX><ext:Watts>62.60606060606061</ext:Watts><ext:Torque>20</ext:Torque></ext:TPX></Extensions></Trackpoint><Trackpoint><Time>2025-08-28T13:14:57.311Z</Time><DistanceMeters>7254.8371716062575</DistanceMeters><HeartRateBpm><Value>158</Value></HeartRateBpm><Cadence>25</Cadence><Extensions><ext:TPX><ext:Watts>59.088235294117645</ext:Watts><ext:Torque>20</ext:Torque></ext:TPX></Extensions></Trackpoint><Trackpoint><Time>2025-08-28T13:14:58.466Z</Time><DistanceMeters>7259.72015814062</DistanceMeters><HeartRateBpm><Value>158</Value></HeartRateBpm><Cadence>26</Cadence><Extensions><ext:TPX><ext:Watts>62.27272727272727</ext:Watts><ext:Torque>20</ext:Torque></ext:TPX></Extensions></Trackpoint><Trackpoint><Time>2025-08-28T13:14:59.621Z</Time><DistanceMeters>7264.636410763294</DistanceMeters><HeartRateBpm><Value>158</Value></HeartRateBpm><Cadence>26</Cadence><Extensions><ext:TPX><ext:Watts>62.696969696969695</ext:Watts><ext:Torque>20</ext:Torque></ext:TPX></Extensions></Trackpoint><Trackpoint><Time>2025-08-28T13:15:00.775Z</Time><DistanceMeters>7269.623947860923</DistanceMeters><HeartRateBpm><Value>158</Value></HeartRateBpm><Cadence>26</Cadence><Extensions><ext:TPX><ext:Watts>63.60606060606061</ext:Watts><ext:Torque>20</ext:Torque></ext:TPX></Extensions></Trackpoint><Trackpoint><Time>2025-08-28T13:15:01.966Z</Time><DistanceMeters>7274.50492165717</DistanceMeters><HeartRateBpm><Value>158</Value></HeartRateBpm><Cadence>25</Cadence><Extensions><ext:TPX><ext:Watts>59.85294117647059</ext:Watts><ext:Torque>20</ext:Torque></ext:TPX></Extensions></Trackpoint><Trackpoint><Time>2025-08-28T13:15:03.086Z</Time><DistanceMeters>7279.16522671248</DistanceMeters><HeartRateBpm><Value>158</Value></HeartRateBpm><Cadence>27</Cadence><Extensions><ext:TPX><ext:Watts>61.71875</ext:Watts><ext:Torque>20</ext:Torque></ext:TPX></Extensions></Trackpoint><Trackpoint><Time>2025-08-28T13:15:04.276Z</Time><DistanceMeters>7284.120554409308</DistanceMeters><HeartRateBpm><Value>159</Value></HeartRateBpm><Cadence>25</Cadence><Extensions><ext:TPX><ext:Watts>60.76470588235294</ext:Watts><ext:Torque>20</ext:Torque></ext:TPX></Extensions></Trackpoint><Trackpoint><Time>2025-08-28T13:15:05.431Z</Time><DistanceMeters>7288.922751872056</DistanceMeters><HeartRateBpm><Value>159</Value></HeartRateBpm><Cadence>26</Cadence><Extensions><ext:TPX><ext:Watts>61.24242424242424</ext:Watts><ext:Torque>20</ext:Torque></ext:TPX></Extensions></Trackpoint><Trackpoint><Time>2025-08-28T13:15:06.586Z</Time><DistanceMeters>7293.800986108089</DistanceMeters><HeartRateBpm><Value>159</Value></HeartRateBpm><Cadence>26</Cadence><Extensions><ext:TPX><ext:Watts>62.21212121212121</ext:Watts><ext:Torque>20</ext:Torque></ext:TPX></Extensions></Trackpoint><Trackpoint><Time>2025-08-28T13:15:07.741Z</Time><DistanceMeters>7298.607935869168</DistanceMeters><HeartRateBpm><Value>159</Value></HeartRateBpm><Cadence>26</Cadence><Extensions><ext:TPX><ext:Watts>61.303030303030305</ext:Watts><ext:Torque>20</ext:Torque></ext:TPX></Extensions></Trackpoint><Trackpoint><Time>2025-08-28T13:15:08.896Z</Time><DistanceMeters>7303.450527867723</DistanceMeters><HeartRateBpm><Value>159</Value></HeartRateBpm><Cadence>26</Cadence><Extensions><ext:TPX><ext:Watts>61.75757575757576</ext:Watts><ext:Torque>20</ext:Torque></ext:TPX></Extensions></Trackpoint><Trackpoint><Time>2025-08-28T13:15:10.051Z</Time><DistanceMeters>7308.362028192068</DistanceMeters><HeartRateBpm><Value>160</Value></HeartRateBpm><Cadence>26</Cadence><Extensions><ext:TPX><ext:Watts>62.63636363636363</ext:Watts><ext:Torque>20</ext:Torque></ext:TPX></Extensions></Trackpoint><Trackpoint><Time>2025-08-28T13:15:11.241Z</Time><DistanceMeters>7312.796878584824</DistanceMeters><HeartRateBpm><Value>160</Value></HeartRateBpm><Cadence>25</Cadence><Extensions><ext:TPX><ext:Watts>54.38235294117647</ext:Watts><ext:Torque>20</ext:Torque></ext:TPX></Extensions></Trackpoint><Trackpoint><Time>2025-08-28T13:15:12.431Z</Time><DistanceMeters>7317.637077661397</DistanceMeters><HeartRateBpm><Value>160</Value></HeartRateBpm><Cadence>25</Cadence><Extensions><ext:TPX><ext:Watts>59.35294117647059</ext:Watts><ext:Torque>20</ext:Torque></ext:TPX></Extensions></Trackpoint><Trackpoint><Time>2025-08-28T13:15:13.591Z</Time><DistanceMeters>7322.348981455869</DistanceMeters><HeartRateBpm><Value>160</Value></HeartRateBpm><Cadence>26</Cadence><Extensions><ext:TPX><ext:Watts>60.09090909090909</ext:Watts><ext:Torque>20</ext:Torque></ext:TPX></Extensions></Trackpoint><Trackpoint><Time>2025-08-28T13:15:14.746Z</Time><DistanceMeters>7326.882674062956</DistanceMeters><HeartRateBpm><Value>160</Value></HeartRateBpm><Cadence>26</Cadence><Extensions><ext:TPX><ext:Watts>57.81818181818182</ext:Watts><ext:Torque>20</ext:Torque></ext:TPX></Extensions></Trackpoint><Trackpoint><Time>2025-08-28T13:15:15.936Z</Time><DistanceMeters>7331.569368312521</DistanceMeters><HeartRateBpm><Value>160</Value></HeartRateBpm><Cadence>25</Cadence><Extensions><ext:TPX><ext:Watts>57.470588235294116</ext:Watts><ext:Torque>20</ext:Torque></ext:TPX></Extensions></Trackpoint><Trackpoint><Time>2025-08-28T13:15:17.161Z</Time><DistanceMeters>7336.33632533561</DistanceMeters><HeartRateBpm><Value>160</Value></HeartRateBpm><Cadence>24</Cadence><Extensions><ext:TPX><ext:Watts>57.285714285714285</ext:Watts><ext:Torque>20</ext:Torque></ext:TPX></Extensions></Trackpoint><Trackpoint><Time>2025-08-28T13:15:18.351Z</Time><DistanceMeters>7340.96785378797</DistanceMeters><HeartRateBpm><Value>160</Value></HeartRateBpm><Cadence>25</Cadence><Extensions><ext:TPX><ext:Watts>56.794117647058826</ext:Watts><ext:Torque>20</ext:Torque></ext:TPX></Extensions></Trackpoint><Trackpoint><Time>2025-08-28T13:15:19.541Z</Time><DistanceMeters>7345.465065516698</DistanceMeters><HeartRateBpm><Value>160</Value></HeartRateBpm><Cadence>25</Cadence><Extensions><ext:TPX><ext:Watts>55.14705882352941</ext:Watts><ext:Torque>20</ext:Torque></ext:TPX></Extensions></Trackpoint><Trackpoint><Time>2025-08-28T13:15:20.696Z</Time><DistanceMeters>7350.036776510427</DistanceMeters><HeartRateBpm><Value>160</Value></HeartRateBpm><Cadence>26</Cadence><Extensions><ext:TPX><ext:Watts>58.303030303030305</ext:Watts><ext:Torque>20</ext:Torque></ext:TPX></Extensions></Trackpoint><Trackpoint><Time>2025-08-28T13:15:21.886Z</Time><DistanceMeters>7354.908156254985</DistanceMeters><HeartRateBpm><Value>160</Value></HeartRateBpm><Cadence>25</Cadence><Extensions><ext:TPX><ext:Watts>59.73529411764706</ext:Watts><ext:Torque>20</ext:Torque></ext:TPX></Extensions></Trackpoint><Trackpoint><Time>2025-08-28T13:15:23.111Z</Time><DistanceMeters>7359.779724803768</DistanceMeters><HeartRateBpm><Value>160</Value></HeartRateBpm><Cadence>24</Cadence><Extensions><ext:TPX><ext:Watts>58.542857142857144</ext:Watts><ext:Torque>20</ext:Torque></ext:TPX></Extensions></Trackpoint><Trackpoint><Time>2025-08-28T13:15:24.301Z</Time><DistanceMeters>7364.720661423064</DistanceMeters><HeartRateBpm><Value>160</Value></HeartRateBpm><Cadence>25</Cadence><Extensions><ext:TPX><ext:Watts>60.588235294117645</ext:Watts><ext:Torque>20</ext:Torque></ext:TPX></Extensions></Trackpoint><Trackpoint><Time>2025-08-28T13:15:25.526Z</Time><DistanceMeters>7369.485240911477</DistanceMeters><HeartRateBpm><Value>160</Value></HeartRateBpm><Cadence>24</Cadence><Extensions><ext:TPX><ext:Watts>57.25714285714286</ext:Watts><ext:Torque>20</ext:Torque></ext:TPX></Extensions></Trackpoint><Trackpoint><Time>2025-08-28T13:15:26.716Z</Time><DistanceMeters>7374.267875677922</DistanceMeters><HeartRateBpm><Value>160</Value></HeartRateBpm><Cadence>25</Cadence><Extensions><ext:TPX><ext:Watts>58.64705882352941</ext:Watts><ext:Torque>20</ext:Torque></ext:TPX></Extensions></Trackpoint><Trackpoint><Time>2025-08-28T13:15:27.906Z</Time><DistanceMeters>7379.220804861829</DistanceMeters><HeartRateBpm><Value>160</Value></HeartRateBpm><Cadence>25</Cadence><Extensions><ext:TPX><ext:Watts>60.73529411764706</ext:Watts><ext:Torque>20</ext:Torque></ext:TPX></Extensions></Trackpoint><Trackpoint><Time>2025-08-28T13:15:29.096Z</Time><DistanceMeters>7384.178531071579</DistanceMeters><HeartRateBpm><Value>160</Value></HeartRateBpm><Cadence>25</Cadence><Extensions><ext:TPX><ext:Watts>60.794117647058826</ext:Watts><ext:Torque>20</ext:Torque></ext:TPX></Extensions></Trackpoint><Trackpoint><Time>2025-08-28T13:15:30.321Z</Time><DistanceMeters>7388.893182331821</DistanceMeters><HeartRateBpm><Value>160</Value></HeartRateBpm><Cadence>24</Cadence><Extensions><ext:TPX><ext:Watts>56.65714285714286</ext:Watts><ext:Torque>20</ext:Torque></ext:TPX></Extensions></Trackpoint><Trackpoint><Time>2025-08-28T13:15:31.511Z</Time><DistanceMeters>7393.954044597216</DistanceMeters><HeartRateBpm><Value>161</Value></HeartRateBpm><Cadence>25</Cadence><Extensions><ext:TPX><ext:Watts>62.05882352941177</ext:Watts><ext:Torque>20</ext:Torque></ext:TPX></Extensions></Trackpoint><Trackpoint><Time>2025-08-28T13:15:32.701Z</Time><DistanceMeters>7398.803837725477</DistanceMeters><HeartRateBpm><Value>161</Value></HeartRateBpm><Cadence>25</Cadence><Extensions><ext:TPX><ext:Watts>59.470588235294116</ext:Watts><ext:Torque>20</ext:Torque></ext:TPX></Extensions></Trackpoint><Trackpoint><Time>2025-08-28T13:15:33.926Z</Time><DistanceMeters>7403.696804086333</DistanceMeters><HeartRateBpm><Value>161</Value></HeartRateBpm><Cadence>24</Cadence><Extensions><ext:TPX><ext:Watts>58.8</ext:Watts><ext:Torque>20</ext:Torque></ext:TPX></Extensions></Trackpoint><Trackpoint><Time>2025-08-28T13:15:35.151Z</Time><DistanceMeters>7408.513689337594</DistanceMeters><HeartRateBpm><Value>161</Value></HeartRateBpm><Cadence>24</Cadence><Extensions><ext:TPX><ext:Watts>57.885714285714286</ext:Watts><ext:Torque>20</ext:Torque></ext:TPX></Extensions></Trackpoint><Trackpoint><Time>2025-08-28T13:15:36.271Z</Time><DistanceMeters>7412.421266639667</DistanceMeters><HeartRateBpm><Value>161</Value></HeartRateBpm><Cadence>27</Cadence><Extensions><ext:TPX><ext:Watts>51.75</ext:Watts><ext:Torque>20</ext:Torque></ext:TPX></Extensions></Trackpoint><Trackpoint><Time>2025-08-28T13:15:37.426Z</Time><DistanceMeters>7416.263499839698</DistanceMeters><HeartRateBpm><Value>161</Value></HeartRateBpm><Cadence>26</Cadence><Extensions><ext:TPX><ext:Watts>49.0</ext:Watts><ext:Torque>20</ext:Torque></ext:TPX></Extensions></Trackpoint><Trackpoint><Time>2025-08-28T13:15:38.616Z</Time><DistanceMeters>7421.026946502767</DistanceMeters><HeartRateBpm><Value>161</Value></HeartRateBpm><Cadence>25</Cadence><Extensions><ext:TPX><ext:Watts>58.411764705882355</ext:Watts><ext:Torque>20</ext:Torque></ext:TPX></Extensions></Trackpoint><Trackpoint><Time>2025-08-28T13:15:39.806Z</Time><DistanceMeters>7425.8383634242755</DistanceMeters><HeartRateBpm><Value>161</Value></HeartRateBpm><Cadence>25</Cadence><Extensions><ext:TPX><ext:Watts>59.0</ext:Watts><ext:Torque>20</ext:Torque></ext:TPX></Extensions></Trackpoint><Trackpoint><Time>2025-08-28T13:15:40.962Z</Time><DistanceMeters>7429.982367568279</DistanceMeters><HeartRateBpm><Value>161</Value></HeartRateBpm><Cadence>26</Cadence><Extensions><ext:TPX><ext:Watts>52.84848484848485</ext:Watts><ext:Torque>20</ext:Torque></ext:TPX></Extensions></Trackpoint><Trackpoint><Time>2025-08-28T13:15:42.116Z</Time><DistanceMeters>7434.532693219522</DistanceMeters><HeartRateBpm><Value>161</Value></HeartRateBpm><Cadence>26</Cadence><Extensions><ext:TPX><ext:Watts>58.03030303030303</ext:Watts><ext:Torque>20</ext:Torque></ext:TPX></Extensions></Trackpoint><Trackpoint><Time>2025-08-28T13:15:43.307Z</Time><DistanceMeters>7439.142635055584</DistanceMeters><HeartRateBpm><Value>161</Value></HeartRateBpm><Cadence>25</Cadence><Extensions><ext:TPX><ext:Watts>56.529411764705884</ext:Watts><ext:Torque>20</ext:Torque></ext:TPX></Extensions></Trackpoint><Trackpoint><Time>2025-08-28T13:15:44.496Z</Time><DistanceMeters>7443.750178378724</DistanceMeters><HeartRateBpm><Value>161</Value></HeartRateBpm><Cadence>25</Cadence><Extensions><ext:TPX><ext:Watts>56.5</ext:Watts><ext:Torque>20</ext:Torque></ext:TPX></Extensions></Trackpoint><Trackpoint><Time>2025-08-28T13:15:45.651Z</Time><DistanceMeters>7448.162687378389</DistanceMeters><HeartRateBpm><Value>161</Value></HeartRateBpm><Cadence>26</Cadence><Extensions><ext:TPX><ext:Watts>56.27272727272727</ext:Watts><ext:Torque>20</ext:Torque></ext:TPX></Extensions></Trackpoint><Trackpoint><Time>2025-08-28T13:15:46.807Z</Time><DistanceMeters>7452.439755875641</DistanceMeters><HeartRateBpm><Value>161</Value></HeartRateBpm><Cadence>26</Cadence><Extensions><ext:TPX><ext:Watts>54.54545454545455</ext:Watts><ext:Torque>20</ext:Torque></ext:TPX></Extensions></Trackpoint><Trackpoint><Time>2025-08-28T13:15:47.962Z</Time><DistanceMeters>7456.961567736902</DistanceMeters><HeartRateBpm><Value>161</Value></HeartRateBpm><Cadence>26</Cadence><Extensions><ext:TPX><ext:Watts>57.666666666666664</ext:Watts><ext:Torque>20</ext:Torque></ext:TPX></Extensions></Trackpoint><Trackpoint><Time>2025-08-28T13:15:49.152Z</Time><DistanceMeters>7461.650660499389</DistanceMeters><HeartRateBpm><Value>161</Value></HeartRateBpm><Cadence>25</Cadence><Extensions><ext:TPX><ext:Watts>57.5</ext:Watts><ext:Torque>20</ext:Torque></ext:TPX></Extensions></Trackpoint><Trackpoint><Time>2025-08-28T13:15:50.307Z</Time><DistanceMeters>7466.122573228183</DistanceMeters><HeartRateBpm><Value>161</Value></HeartRateBpm><Cadence>26</Cadence><Extensions><ext:TPX><ext:Watts>57.03030303030303</ext:Watts><ext:Torque>20</ext:Torque></ext:TPX></Extensions></Trackpoint><Trackpoint><Time>2025-08-28T13:15:51.497Z</Time><DistanceMeters>7470.617386443989</DistanceMeters><HeartRateBpm><Value>161</Value></HeartRateBpm><Cadence>25</Cadence><Extensions><ext:TPX><ext:Watts>55.11764705882353</ext:Watts><ext:Torque>20</ext:Torque></ext:TPX></Extensions></Trackpoint><Trackpoint><Time>2025-08-28T13:15:52.652Z</Time><DistanceMeters>7475.243748868516</DistanceMeters><HeartRateBpm><Value>161</Value></HeartRateBpm><Cadence>26</Cadence><Extensions><ext:TPX><ext:Watts>59.0</ext:Watts><ext:Torque>20</ext:Torque></ext:TPX></Extensions></Trackpoint><Trackpoint><Time>2025-08-28T13:15:53.877Z</Time><DistanceMeters>7479.967910267458</DistanceMeters><HeartRateBpm><Value>161</Value></HeartRateBpm><Cadence>24</Cadence><Extensions><ext:TPX><ext:Watts>56.77142857142857</ext:Watts><ext:Torque>20</ext:Torque></ext:TPX></Extensions></Trackpoint><Trackpoint><Time>2025-08-28T13:15:55.067Z</Time><DistanceMeters>7484.704973288385</DistanceMeters><HeartRateBpm><Value>161</Value></HeartRateBpm><Cadence>25</Cadence><Extensions><ext:TPX><ext:Watts>58.088235294117645</ext:Watts><ext:Torque>20</ext:Torque></ext:TPX></Extensions></Trackpoint><Trackpoint><Time>2025-08-28T13:15:56.222Z</Time><DistanceMeters>7489.457271618665</DistanceMeters><HeartRateBpm><Value>161</Value></HeartRateBpm><Cadence>26</Cadence><Extensions><ext:TPX><ext:Watts>60.60606060606061</ext:Watts><ext:Torque>20</ext:Torque></ext:TPX></Extensions></Trackpoint><Trackpoint><Time>2025-08-28T13:15:57.447Z</Time><DistanceMeters>7494.283667008625</DistanceMeters><HeartRateBpm><Value>162</Value></HeartRateBpm><Cadence>24</Cadence><Extensions><ext:TPX><ext:Watts>58.0</ext:Watts><ext:Torque>20</ext:Torque></ext:TPX></Extensions></Trackpoint><Trackpoint><Time>2025-08-28T13:15:58.637Z</Time><DistanceMeters>7499.121467572276</DistanceMeters><HeartRateBpm><Value>162</Value></HeartRateBpm><Cadence>25</Cadence><Extensions><ext:TPX><ext:Watts>59.3235294117647</ext:Watts><ext:Torque>20</ext:Torque></ext:TPX></Extensions></Trackpoint><Trackpoint><Time>2025-08-28T13:15:59.827Z</Time><DistanceMeters>7503.836943976905</DistanceMeters><HeartRateBpm><Value>162</Value></HeartRateBpm><Cadence>25</Cadence><Extensions><ext:TPX><ext:Watts>57.8235294117647</ext:Watts><ext:Torque>20</ext:Torque></ext:TPX></Extensions></Trackpoint><Trackpoint><Time>2025-08-28T13:16:01.017Z</Time><DistanceMeters>7508.5164426877045</DistanceMeters><HeartRateBpm><Value>162</Value></HeartRateBpm><Cadence>25</Cadence><Extensions><ext:TPX><ext:Watts>57.38235294117647</ext:Watts><ext:Torque>20</ext:Torque></ext:TPX></Extensions></Trackpoint><Trackpoint><Time>2025-08-28T13:16:02.242Z</Time><DistanceMeters>7513.059911451357</DistanceMeters><HeartRateBpm><Value>162</Value></HeartRateBpm><Cadence>24</Cadence><Extensions><ext:TPX><ext:Watts>54.6</ext:Watts><ext:Torque>20</ext:Torque></ext:TPX></Extensions></Trackpoint><Trackpoint><Time>2025-08-28T13:16:03.432Z</Time><DistanceMeters>7517.789778933518</DistanceMeters><HeartRateBpm><Value>162</Value></HeartRateBpm><Cadence>25</Cadence><Extensions><ext:TPX><ext:Watts>58.0</ext:Watts><ext:Torque>20</ext:Torque></ext:TPX></Extensions></Trackpoint><Trackpoint><Time>2025-08-28T13:16:04.657Z</Time><DistanceMeters>7522.385553460018</DistanceMeters><HeartRateBpm><Value>162</Value></HeartRateBpm><Cadence>24</Cadence><Extensions><ext:TPX><ext:Watts>55.22857142857143</ext:Watts><ext:Torque>20</ext:Torque></ext:TPX></Extensions></Trackpoint><Trackpoint><Time>2025-08-28T13:16:05.882Z</Time><DistanceMeters>7527.216703919328</DistanceMeters><HeartRateBpm><Value>163</Value></HeartRateBpm><Cadence>24</Cadence><Extensions><ext:TPX><ext:Watts>58.05714285714286</ext:Watts><ext:Torque>20</ext:Torque></ext:TPX></Extensions></Trackpoint><Trackpoint><Time>2025-08-28T13:16:07.072Z</Time><DistanceMeters>7532.107271767262</DistanceMeters><HeartRateBpm><Value>163</Value></HeartRateBpm><Cadence>25</Cadence><Extensions><ext:TPX><ext:Watts>59.970588235294116</ext:Watts><ext:Torque>20</ext:Torque></ext:TPX></Extensions></Trackpoint><Trackpoint><Time>2025-08-28T13:16:08.262Z</Time><DistanceMeters>7536.810755607282</DistanceMeters><HeartRateBpm><Value>163</Value></HeartRateBpm><Cadence>25</Cadence><Extensions><ext:TPX><ext:Watts>57.6764705882353</ext:Watts><ext:Torque>20</ext:Torque></ext:TPX></Extensions></Trackpoint><Trackpoint><Time>2025-08-28T13:16:09.452Z</Time><DistanceMeters>7541.550217141131</DistanceMeters><HeartRateBpm><Value>163</Value></HeartRateBpm><Cadence>25</Cadence><Extensions><ext:TPX><ext:Watts>58.11764705882353</ext:Watts><ext:Torque>20</ext:Torque></ext:TPX></Extensions></Trackpoint><Trackpoint><Time>2025-08-28T13:16:10.677Z</Time><DistanceMeters>7546.376612531091</DistanceMeters><HeartRateBpm><Value>163</Value></HeartRateBpm><Cadence>24</Cadence><Extensions><ext:TPX><ext:Watts>58.0</ext:Watts><ext:Torque>20</ext:Torque></ext:TPX></Extensions></Trackpoint><Trackpoint><Time>2025-08-28T13:16:11.867Z</Time><DistanceMeters>7551.336737253763</DistanceMeters><HeartRateBpm><Value>163</Value></HeartRateBpm><Cadence>25</Cadence><Extensions><ext:TPX><ext:Watts>60.8235294117647</ext:Watts><ext:Torque>20</ext:Torque></ext:TPX></Extensions></Trackpoint><Trackpoint><Time>2025-08-28T13:16:13.057Z</Time><DistanceMeters>7555.905904370151</DistanceMeters><HeartRateBpm><Value>163</Value></HeartRateBpm><Cadence>25</Cadence><Extensions><ext:TPX><ext:Watts>56.029411764705884</ext:Watts><ext:Torque>20</ext:Torque></ext:TPX></Extensions></Trackpoint><Trackpoint><Time>2025-08-28T13:16:14.282Z</Time><DistanceMeters>7560.782227988283</DistanceMeters><HeartRateBpm><Value>163</Value></HeartRateBpm><Cadence>24</Cadence><Extensions><ext:TPX><ext:Watts>58.6</ext:Watts><ext:Torque>20</ext:Torque></ext:TPX></Extensions></Trackpoint><Trackpoint><Time>2025-08-28T13:16:15.472Z</Time><DistanceMeters>7565.5552687030395</DistanceMeters><HeartRateBpm><Value>163</Value></HeartRateBpm><Cadence>25</Cadence><Extensions><ext:TPX><ext:Watts>58.529411764705884</ext:Watts><ext:Torque>20</ext:Torque></ext:TPX></Extensions></Trackpoint><Trackpoint><Time>2025-08-28T13:16:16.662Z</Time><DistanceMeters>7570.215579310463</DistanceMeters><HeartRateBpm><Value>163</Value></HeartRateBpm><Cadence>25</Cadence><Extensions><ext:TPX><ext:Watts>57.14705882352941</ext:Watts><ext:Torque>20</ext:Torque></ext:TPX></Extensions></Trackpoint><Trackpoint><Time>2025-08-28T13:16:17.887Z</Time><DistanceMeters>7575.18224924624</DistanceMeters><HeartRateBpm><Value>163</Value></HeartRateBpm><Cadence>24</Cadence><Extensions><ext:TPX><ext:Watts>59.68571428571428</ext:Watts><ext:Torque>20</ext:Torque></ext:TPX></Extensions></Trackpoint><Trackpoint><Time>2025-08-28T13:16:19.113Z</Time><DistanceMeters>7580.075215607096</DistanceMeters><HeartRateBpm><Value>163</Value></HeartRateBpm><Cadence>24</Cadence><Extensions><ext:TPX><ext:Watts>58.8</ext:Watts><ext:Torque>20</ext:Torque></ext:TPX></Extensions></Trackpoint><Trackpoint><Time>2025-08-28T13:16:20.337Z</Time><DistanceMeters>7585.101323909744</DistanceMeters><HeartRateBpm><Value>163</Value></HeartRateBpm><Cadence>24</Cadence><Extensions><ext:TPX><ext:Watts>60.4</ext:Watts><ext:Torque>20</ext:Torque></ext:TPX></Extensions></Trackpoint><Trackpoint><Time>2025-08-28T13:16:21.562Z</Time><DistanceMeters>7590.170227836539</DistanceMeters><HeartRateBpm><Value>163</Value></HeartRateBpm><Cadence>24</Cadence><Extensions><ext:TPX><ext:Watts>60.91428571428571</ext:Watts><ext:Torque>20</ext:Torque></ext:TPX></Extensions></Trackpoint><Trackpoint><Time>2025-08-28T13:16:22.822Z</Time><DistanceMeters>7595.064138056648</DistanceMeters><HeartRateBpm><Value>163</Value></HeartRateBpm><Cadence>24</Cadence><Extensions><ext:TPX><ext:Watts>57.611111111111114</ext:Watts><ext:Torque>20</ext:Torque></ext:TPX></Extensions></Trackpoint><Trackpoint><Time>2025-08-28T13:16:24.082Z</Time><DistanceMeters>7600.153899071485</DistanceMeters><HeartRateBpm><Value>163</Value></HeartRateBpm><Cadence>24</Cadence><Extensions><ext:TPX><ext:Watts>59.916666666666664</ext:Watts><ext:Torque>20</ext:Torque></ext:TPX></Extensions></Trackpoint><Trackpoint><Time>2025-08-28T13:16:25.307Z</Time><DistanceMeters>7605.24182327568</DistanceMeters><HeartRateBpm><Value>163</Value></HeartRateBpm><Cadence>24</Cadence><Extensions><ext:TPX><ext:Watts>61.142857142857146</ext:Watts><ext:Torque>20</ext:Torque></ext:TPX></Extensions></Trackpoint><Trackpoint><Time>2025-08-28T13:16:26.532Z</Time><DistanceMeters>7610.267931578328</DistanceMeters><HeartRateBpm><Value>163</Value></HeartRateBpm><Cadence>24</Cadence><Extensions><ext:TPX><ext:Watts>60.4</ext:Watts><ext:Torque>20</ext:Torque></ext:TPX></Extensions></Trackpoint><Trackpoint><Time>2025-08-28T13:16:27.757Z</Time><DistanceMeters>7615.339213039799</DistanceMeters><HeartRateBpm><Value>163</Value></HeartRateBpm><Cadence>24</Cadence><Extensions><ext:TPX><ext:Watts>60.94285714285714</ext:Watts><ext:Torque>20</ext:Torque></ext:TPX></Extensions></Trackpoint><Trackpoint><Time>2025-08-28T13:16:28.948Z</Time><DistanceMeters>7620.472030692854</DistanceMeters><HeartRateBpm><Value>163</Value></HeartRateBpm><Cadence>25</Cadence><Extensions><ext:TPX><ext:Watts>62.94117647058823</ext:Watts><ext:Torque>20</ext:Torque></ext:TPX></Extensions></Trackpoint><Trackpoint><Time>2025-08-28T13:16:30.172Z</Time><DistanceMeters>7625.61463819457</DistanceMeters><HeartRateBpm><Value>162</Value></HeartRateBpm><Cadence>24</Cadence><Extensions><ext:TPX><ext:Watts>61.8</ext:Watts><ext:Torque>20</ext:Torque></ext:TPX></Extensions></Trackpoint><Trackpoint><Time>2025-08-28T13:16:31.432Z</Time><DistanceMeters>7630.770469357027</DistanceMeters><HeartRateBpm><Value>162</Value></HeartRateBpm><Cadence>24</Cadence><Extensions><ext:TPX><ext:Watts>60.69444444444444</ext:Watts><ext:Torque>20</ext:Torque></ext:TPX></Extensions></Trackpoint><Trackpoint><Time>2025-08-28T13:16:32.693Z</Time><DistanceMeters>7635.926300519483</DistanceMeters><HeartRateBpm><Value>162</Value></HeartRateBpm><Cadence>24</Cadence><Extensions><ext:TPX><ext:Watts>60.69444444444444</ext:Watts><ext:Torque>20</ext:Torque></ext:TPX></Extensions></Trackpoint><Trackpoint><Time>2025-08-28T13:16:33.917Z</Time><DistanceMeters>7641.102193506647</DistanceMeters><HeartRateBpm><Value>162</Value></HeartRateBpm><Cadence>24</Cadence><Extensions><ext:TPX><ext:Watts>62.2</ext:Watts><ext:Torque>20</ext:Torque></ext:TPX></Extensions></Trackpoint><Trackpoint><Time>2025-08-28T13:16:35.177Z</Time><DistanceMeters>7646.420840390024</DistanceMeters><HeartRateBpm><Value>162</Value></HeartRateBpm><Cadence>24</Cadence><Extensions><ext:TPX><ext:Watts>62.611111111111114</ext:Watts><ext:Torque>20</ext:Torque></ext:TPX></Extensions></Trackpoint><Trackpoint><Time>2025-08-28T13:16:36.473Z</Time><DistanceMeters>7651.859066809503</DistanceMeters><HeartRateBpm><Value>162</Value></HeartRateBpm><Cadence>23</Cadence><Extensions><ext:TPX><ext:Watts>61.351351351351354</ext:Watts><ext:Torque>20</ext:Torque></ext:TPX></Extensions></Trackpoint><Trackpoint><Time>2025-08-28T13:16:37.698Z</Time><DistanceMeters>7656.835246883979</DistanceMeters><HeartRateBpm><Value>162</Value></HeartRateBpm><Cadence>24</Cadence><Extensions><ext:TPX><ext:Watts>59.8</ext:Watts><ext:Torque>20</ext:Torque></ext:TPX></Extensions></Trackpoint><Trackpoint><Time>2025-08-28T13:16:38.957Z</Time><DistanceMeters>7661.81646408487</DistanceMeters><HeartRateBpm><Value>162</Value></HeartRateBpm><Cadence>24</Cadence><Extensions><ext:TPX><ext:Watts>58.638888888888886</ext:Watts><ext:Torque>20</ext:Torque></ext:TPX></Extensions></Trackpoint><Trackpoint><Time>2025-08-28T13:16:40.218Z</Time><DistanceMeters>7666.856672488992</DistanceMeters><HeartRateBpm><Value>162</Value></HeartRateBpm><Cadence>24</Cadence><Extensions><ext:TPX><ext:Watts>59.333333333333336</ext:Watts><ext:Torque>20</ext:Torque></ext:TPX></Extensions></Trackpoint><Trackpoint><Time>2025-08-28T13:16:41.513Z</Time><DistanceMeters>7671.772637516645</DistanceMeters><HeartRateBpm><Value>162</Value></HeartRateBpm><Cadence>23</Cadence><Extensions><ext:TPX><ext:Watts>55.45945945945946</ext:Watts><ext:Torque>20</ext:Torque></ext:TPX></Extensions></Trackpoint><Trackpoint><Time>2025-08-28T13:16:42.807Z</Time><DistanceMeters>7676.7892217115295</DistanceMeters><HeartRateBpm><Value>162</Value></HeartRateBpm><Cadence>23</Cadence><Extensions><ext:TPX><ext:Watts>56.5945945945946</ext:Watts><ext:Torque>20</ext:Torque></ext:TPX></Extensions></Trackpoint><Trackpoint><Time>2025-08-28T13:16:44.068Z</Time><DistanceMeters>7681.279632101532</DistanceMeters><HeartRateBpm><Value>162</Value></HeartRateBpm><Cadence>24</Cadence><Extensions><ext:TPX><ext:Watts>52.861111111111114</ext:Watts><ext:Torque>20</ext:Torque></ext:TPX></Extensions></Trackpoint><Trackpoint><Time>2025-08-28T13:16:45.328Z</Time><DistanceMeters>7686.161744080994</DistanceMeters><HeartRateBpm><Value>162</Value></HeartRateBpm><Cadence>24</Cadence><Extensions><ext:TPX><ext:Watts>57.47222222222222</ext:Watts><ext:Torque>20</ext:Torque></ext:TPX></Extensions></Trackpoint><Trackpoint><Time>2025-08-28T13:16:46.558Z</Time><DistanceMeters>7690.912058361359</DistanceMeters><HeartRateBpm><Value>162</Value></HeartRateBpm><Cadence>24</Cadence><Extensions><ext:TPX><ext:Watts>57.08571428571429</ext:Watts><ext:Torque>20</ext:Torque></ext:TPX></Extensions></Trackpoint><Trackpoint><Time>2025-08-28T13:16:47.818Z</Time><DistanceMeters>7695.775293155787</DistanceMeters><HeartRateBpm><Value>162</Value></HeartRateBpm><Cadence>24</Cadence><Extensions><ext:TPX><ext:Watts>57.25</ext:Watts><ext:Torque>20</ext:Torque></ext:TPX></Extensions></Trackpoint><Trackpoint><Time>2025-08-28T13:16:49.078Z</Time><DistanceMeters>7700.409642081675</DistanceMeters><HeartRateBpm><Value>162</Value></HeartRateBpm><Cadence>24</Cadence><Extensions><ext:TPX><ext:Watts>54.55555555555556</ext:Watts><ext:Torque>20</ext:Torque></ext:TPX></Extensions></Trackpoint><Trackpoint><Time>2025-08-28T13:16:50.373Z</Time><DistanceMeters>7705.1914482196835</DistanceMeters><HeartRateBpm><Value>162</Value></HeartRateBpm><Cadence>23</Cadence><Extensions><ext:TPX><ext:Watts>53.945945945945944</ext:Watts><ext:Torque>20</ext:Torque></ext:TPX></Extensions></Trackpoint><Trackpoint><Time>2025-08-28T13:16:51.633Z</Time><DistanceMeters>7709.880069052545</DistanceMeters><HeartRateBpm><Value>162</Value></HeartRateBpm><Cadence>24</Cadence><Extensions><ext:TPX><ext:Watts>55.19444444444444</ext:Watts><ext:Torque>20</ext:Torque></ext:TPX></Extensions></Trackpoint><Trackpoint><Time>2025-08-28T13:16:52.893Z</Time><DistanceMeters>7714.785777513299</DistanceMeters><HeartRateBpm><Value>162</Value></HeartRateBpm><Cadence>24</Cadence><Extensions><ext:TPX><ext:Watts>57.75</ext:Watts><ext:Torque>20</ext:Torque></ext:TPX></Extensions></Trackpoint><Trackpoint><Time>2025-08-28T13:16:54.188Z</Time><DistanceMeters>7719.629871707213</DistanceMeters><HeartRateBpm><Value>162</Value></HeartRateBpm><Cadence>23</Cadence><Extensions><ext:TPX><ext:Watts>54.648648648648646</ext:Watts><ext:Torque>20</ext:Torque></ext:TPX></Extensions></Trackpoint><Trackpoint><Time>2025-08-28T13:16:55.483Z</Time><DistanceMeters>7724.553023818239</DistanceMeters><HeartRateBpm><Value>162</Value></HeartRateBpm><Cadence>23</Cadence><Extensions><ext:TPX><ext:Watts>55.54054054054054</ext:Watts><ext:Torque>20</ext:Torque></ext:TPX></Extensions></Trackpoint><Trackpoint><Time>2025-08-28T13:16:56.778Z</Time><DistanceMeters>7729.397118012153</DistanceMeters><HeartRateBpm><Value>162</Value></HeartRateBpm><Cadence>23</Cadence><Extensions><ext:TPX><ext:Watts>54.648648648648646</ext:Watts><ext:Torque>20</ext:Torque></ext:TPX></Extensions></Trackpoint><Trackpoint><Time>2025-08-28T13:16:58.073Z</Time><DistanceMeters>7734.327457206553</DistanceMeters><HeartRateBpm><Value>162</Value></HeartRateBpm><Cadence>23</Cadence><Extensions><ext:TPX><ext:Watts>55.62162162162162</ext:Watts><ext:Torque>20</ext:Torque></ext:TPX></Extensions></Trackpoint><Trackpoint><Time>2025-08-28T13:16:59.368Z</Time><DistanceMeters>7739.207486817337</DistanceMeters><HeartRateBpm><Value>162</Value></HeartRateBpm><Cadence>23</Cadence><Extensions><ext:TPX><ext:Watts>55.054054054054056</ext:Watts><ext:Torque>20</ext:Torque></ext:TPX></Extensions></Trackpoint><Trackpoint><Time>2025-08-28T13:17:00.598Z</Time><DistanceMeters>7744.010106860548</DistanceMeters><HeartRateBpm><Value>162</Value></HeartRateBpm><Cadence>24</Cadence><Extensions><ext:TPX><ext:Watts>57.714285714285715</ext:Watts><ext:Torque>20</ext:Torque></ext:TPX></Extensions></Trackpoint><Trackpoint><Time>2025-08-28T13:17:01.858Z</Time><DistanceMeters>7748.951210043241</DistanceMeters><HeartRateBpm><Value>162</Value></HeartRateBpm><Cadence>24</Cadence><Extensions><ext:TPX><ext:Watts>58.166666666666664</ext:Watts><ext:Torque>20</ext:Torque></ext:TPX></Extensions></Trackpoint><Trackpoint><Time>2025-08-28T13:17:03.118Z</Time><DistanceMeters>7753.753093986307</DistanceMeters><HeartRateBpm><Value>163</Value></HeartRateBpm><Cadence>24</Cadence><Extensions><ext:TPX><ext:Watts>56.52777777777778</ext:Watts><ext:Torque>20</ext:Torque></ext:TPX></Extensions></Trackpoint><Trackpoint><Time>2025-08-28T13:17:04.378Z</Time><DistanceMeters>7758.481828837366</DistanceMeters><HeartRateBpm><Value>163</Value></HeartRateBpm><Cadence>24</Cadence><Extensions><ext:TPX><ext:Watts>55.666666666666664</ext:Watts><ext:Torque>20</ext:Torque></ext:TPX></Extensions></Trackpoint><Trackpoint><Time>2025-08-28T13:17:05.638Z</Time><DistanceMeters>7763.243598762235</DistanceMeters><HeartRateBpm><Value>163</Value></HeartRateBpm><Cadence>24</Cadence><Extensions><ext:TPX><ext:Watts>56.05555555555556</ext:Watts><ext:Torque>20</ext:Torque></ext:TPX></Extensions></Trackpoint><Trackpoint><Time>2025-08-28T13:17:06.898Z</Time><DistanceMeters>7767.840193318055</DistanceMeters><HeartRateBpm><Value>163</Value></HeartRateBpm><Cadence>24</Cadence><Extensions><ext:TPX><ext:Watts>54.111111111111114</ext:Watts><ext:Torque>20</ext:Torque></ext:TPX></Extensions></Trackpoint><Trackpoint><Time>2025-08-28T13:17:08.123Z</Time><DistanceMeters>7772.471630864677</DistanceMeters><HeartRateBpm><Value>163</Value></HeartRateBpm><Cadence>24</Cadence><Extensions><ext:TPX><ext:Watts>55.65714285714286</ext:Watts><ext:Torque>20</ext:Torque></ext:TPX></Extensions></Trackpoint><Trackpoint><Time>2025-08-28T13:17:09.348Z</Time><DistanceMeters>7777.2480980264645</DistanceMeters><HeartRateBpm><Value>163</Value></HeartRateBpm><Cadence>24</Cadence><Extensions><ext:TPX><ext:Watts>57.4</ext:Watts><ext:Torque>20</ext:Torque></ext:TPX></Extensions></Trackpoint><Trackpoint><Time>2025-08-28T13:17:10.608Z</Time><DistanceMeters>7781.887166248611</DistanceMeters><HeartRateBpm><Value>163</Value></HeartRateBpm><Cadence>24</Cadence><Extensions><ext:TPX><ext:Watts>54.611111111111114</ext:Watts><ext:Torque>20</ext:Torque></ext:TPX></Extensions></Trackpoint><Trackpoint><Time>2025-08-28T13:17:11.833Z</Time><DistanceMeters>7786.73258191597</DistanceMeters><HeartRateBpm><Value>163</Value></HeartRateBpm><Cadence>24</Cadence><Extensions><ext:TPX><ext:Watts>58.22857142857143</ext:Watts><ext:Torque>20</ext:Torque></ext:TPX></Extensions></Trackpoint><Trackpoint><Time>2025-08-28T13:17:13.093Z</Time><DistanceMeters>7791.621772839819</DistanceMeters><HeartRateBpm><Value>163</Value></HeartRateBpm><Cadence>24</Cadence><Extensions><ext:TPX><ext:Watts>57.55555555555556</ext:Watts><ext:Torque>20</ext:Torque></ext:TPX></Extensions></Trackpoint><Trackpoint><Time>2025-08-28T13:17:14.318Z</Time><DistanceMeters>7796.410127674982</DistanceMeters><HeartRateBpm><Value>163</Value></HeartRateBpm><Cadence>24</Cadence><Extensions><ext:TPX><ext:Watts>57.542857142857144</ext:Watts><ext:Torque>20</ext:Torque></ext:TPX></Extensions></Trackpoint><Trackpoint><Time>2025-08-28T13:17:15.543Z</Time><DistanceMeters>7801.0772282417265</DistanceMeters><HeartRateBpm><Value>163</Value></HeartRateBpm><Cadence>24</Cadence><Extensions><ext:TPX><ext:Watts>56.08571428571429</ext:Watts><ext:Torque>20</ext:Torque></ext:TPX></Extensions></Trackpoint><Trackpoint><Time>2025-08-28T13:17:16.768Z</Time><DistanceMeters>7805.760971551195</DistanceMeters><HeartRateBpm><Value>163</Value></HeartRateBpm><Cadence>24</Cadence><Extensions><ext:TPX><ext:Watts>56.285714285714285</ext:Watts><ext:Torque>20</ext:Torque></ext:TPX></Extensions></Trackpoint><Trackpoint><Time>2025-08-28T13:17:17.993Z</Time><DistanceMeters>7810.5279285742845</DistanceMeters><HeartRateBpm><Value>163</Value></HeartRateBpm><Cadence>24</Cadence><Extensions><ext:TPX><ext:Watts>57.285714285714285</ext:Watts><ext:Torque>20</ext:Torque></ext:TPX></Extensions></Trackpoint><Trackpoint><Time>2025-08-28T13:17:19.184Z</Time><DistanceMeters>7815.425691960984</DistanceMeters><HeartRateBpm><Value>163</Value></HeartRateBpm><Cadence>25</Cadence><Extensions><ext:TPX><ext:Watts>60.05882352941177</ext:Watts><ext:Torque>20</ext:Torque></ext:TPX></Extensions></Trackpoint><Trackpoint><Time>2025-08-28T13:17:20.443Z</Time><DistanceMeters>7820.237014496568</DistanceMeters><HeartRateBpm><Value>163</Value></HeartRateBpm><Cadence>24</Cadence><Extensions><ext:TPX><ext:Watts>56.638888888888886</ext:Watts><ext:Torque>20</ext:Torque></ext:TPX></Extensions></Trackpoint><Trackpoint><Time>2025-08-28T13:17:21.668Z</Time><DistanceMeters>7824.849431765791</DistanceMeters><HeartRateBpm><Value>163</Value></HeartRateBpm><Cadence>24</Cadence><Extensions><ext:TPX><ext:Watts>55.42857142857143</ext:Watts><ext:Torque>20</ext:Torque></ext:TPX></Extensions></Trackpoint><Trackpoint><Time>2025-08-28T13:17:22.858Z</Time><DistanceMeters>7829.507343860293</DistanceMeters><HeartRateBpm><Value>162</Value></HeartRateBpm><Cadence>25</Cadence><Extensions><ext:TPX><ext:Watts>57.11764705882353</ext:Watts><ext:Torque>20</ext:Torque></ext:TPX></Extensions></Trackpoint><Trackpoint><Time>2025-08-28T13:17:24.084Z</Time><DistanceMeters>7834.122138664191</DistanceMeters><HeartRateBpm><Value>162</Value></HeartRateBpm><Cadence>24</Cadence><Extensions><ext:TPX><ext:Watts>55.457142857142856</ext:Watts><ext:Torque>20</ext:Torque></ext:TPX></Extensions></Trackpoint><Trackpoint><Time>2025-08-28T13:17:25.239Z</Time><DistanceMeters>7838.898198486122</DistanceMeters><HeartRateBpm><Value>162</Value></HeartRateBpm><Cadence>26</Cadence><Extensions><ext:TPX><ext:Watts>60.90909090909091</ext:Watts><ext:Torque>20</ext:Torque></ext:TPX></Extensions></Trackpoint><Trackpoint><Time>2025-08-28T13:17:26.463Z</Time><DistanceMeters>7843.75787936153</DistanceMeters><HeartRateBpm><Value>162</Value></HeartRateBpm><Cadence>24</Cadence><Extensions><ext:TPX><ext:Watts>58.4</ext:Watts><ext:Torque>20</ext:Torque></ext:TPX></Extensions></Trackpoint><Trackpoint><Time>2025-08-28T13:17:27.654Z</Time><DistanceMeters>7848.650845722386</DistanceMeters><HeartRateBpm><Value>162</Value></HeartRateBpm><Cadence>25</Cadence><Extensions><ext:TPX><ext:Watts>60.0</ext:Watts><ext:Torque>20</ext:Torque></ext:TPX></Extensions></Trackpoint><Trackpoint><Time>2025-08-28T13:17:28.879Z</Time><DistanceMeters>7853.439200557549</DistanceMeters><HeartRateBpm><Value>162</Value></HeartRateBpm><Cadence>24</Cadence><Extensions><ext:TPX><ext:Watts>57.542857142857144</ext:Watts><ext:Torque>20</ext:Torque></ext:TPX></Extensions></Trackpoint><Trackpoint><Time>2025-08-28T13:17:30.069Z</Time><DistanceMeters>7858.121097781271</DistanceMeters><HeartRateBpm><Value>162</Value></HeartRateBpm><Cadence>25</Cadence><Extensions><ext:TPX><ext:Watts>57.411764705882355</ext:Watts><ext:Torque>20</ext:Torque></ext:TPX></Extensions></Trackpoint><Trackpoint><Time>2025-08-28T13:17:31.259Z</Time><DistanceMeters>7862.795799466226</DistanceMeters><HeartRateBpm><Value>162</Value></HeartRateBpm><Cadence>25</Cadence><Extensions><ext:TPX><ext:Watts>57.3235294117647</ext:Watts><ext:Torque>20</ext:Torque></ext:TPX></Extensions></Trackpoint><Trackpoint><Time>2025-08-28T13:17:32.484Z</Time><DistanceMeters>7867.565134023989</DistanceMeters><HeartRateBpm><Value>162</Value></HeartRateBpm><Cadence>24</Cadence><Extensions><ext:TPX><ext:Watts>57.31428571428572</ext:Watts><ext:Torque>20</ext:Torque></ext:TPX></Extensions></Trackpoint><Trackpoint><Time>2025-08-28T13:17:33.674Z</Time><DistanceMeters>7871.865667693114</DistanceMeters><HeartRateBpm><Value>162</Value></HeartRateBpm><Cadence>25</Cadence><Extensions><ext:TPX><ext:Watts>52.73529411764706</ext:Watts><ext:Torque>20</ext:Torque></ext:TPX></Extensions></Trackpoint><Trackpoint><Time>2025-08-28T13:17:34.864Z</Time><DistanceMeters>7876.458819938722</DistanceMeters><HeartRateBpm><Value>162</Value></HeartRateBpm><Cadence>25</Cadence><Extensions><ext:TPX><ext:Watts>56.3235294117647</ext:Watts><ext:Torque>20</ext:Torque></ext:TPX></Extensions></Trackpoint><Trackpoint><Time>2025-08-28T13:17:36.089Z</Time><DistanceMeters>7881.080747346644</DistanceMeters><HeartRateBpm><Value>162</Value></HeartRateBpm><Cadence>24</Cadence><Extensions><ext:TPX><ext:Watts>55.542857142857144</ext:Watts><ext:Torque>20</ext:Torque></ext:TPX></Extensions></Trackpoint><Trackpoint><Time>2025-08-28T13:17:37.314Z</Time><DistanceMeters>7885.826306557659</DistanceMeters><HeartRateBpm><Value>162</Value></HeartRateBpm><Cadence>24</Cadence><Extensions><ext:TPX><ext:Watts>57.02857142857143</ext:Watts><ext:Torque>20</ext:Torque></ext:TPX></Extensions></Trackpoint><Trackpoint><Time>2025-08-28T13:17:38.539Z</Time><DistanceMeters>7890.735915661239</DistanceMeters><HeartRateBpm><Value>162</Value></HeartRateBpm><Cadence>24</Cadence><Extensions><ext:TPX><ext:Watts>59.0</ext:Watts><ext:Torque>20</ext:Torque></ext:TPX></Extensions></Trackpoint><Trackpoint><Time>2025-08-28T13:17:39.799Z</Time><DistanceMeters>7895.5873522150205</DistanceMeters><HeartRateBpm><Value>162</Value></HeartRateBpm><Cadence>24</Cadence><Extensions><ext:TPX><ext:Watts>57.111111111111114</ext:Watts><ext:Torque>20</ext:Torque></ext:TPX></Extensions></Trackpoint><Trackpoint><Time>2025-08-28T13:17:41.059Z</Time><DistanceMeters>7900.500139620162</DistanceMeters><HeartRateBpm><Value>162</Value></HeartRateBpm><Cadence>24</Cadence><Extensions><ext:TPX><ext:Watts>57.833333333333336</ext:Watts><ext:Torque>20</ext:Torque></ext:TPX></Extensions></Trackpoint><Trackpoint><Time>2025-08-28T13:17:42.319Z</Time><DistanceMeters>7905.132128897922</DistanceMeters><HeartRateBpm><Value>162</Value></HeartRateBpm><Cadence>24</Cadence><Extensions><ext:TPX><ext:Watts>54.52777777777778</ext:Watts><ext:Torque>20</ext:Torque></ext:TPX></Extensions></Trackpoint><Trackpoint><Time>2025-08-28T13:17:43.544Z</Time><DistanceMeters>7910.003697446704</DistanceMeters><HeartRateBpm><Value>162</Value></HeartRateBpm><Cadence>24</Cadence><Extensions><ext:TPX><ext:Watts>58.542857142857144</ext:Watts><ext:Torque>20</ext:Torque></ext:TPX></Extensions></Trackpoint><Trackpoint><Time>2025-08-28T13:17:44.769Z</Time><DistanceMeters>7915.032183284027</DistanceMeters><HeartRateBpm><Value>162</Value></HeartRateBpm><Cadence>24</Cadence><Extensions><ext:TPX><ext:Watts>60.42857142857143</ext:Watts><ext:Torque>20</ext:Torque></ext:TPX></Extensions></Trackpoint><Trackpoint><Time>2025-08-28T13:17:45.994Z</Time><DistanceMeters>7920.032138705252</DistanceMeters><HeartRateBpm><Value>162</Value></HeartRateBpm><Cadence>24</Cadence><Extensions><ext:TPX><ext:Watts>60.08571428571429</ext:Watts><ext:Torque>20</ext:Torque></ext:TPX></Extensions></Trackpoint><Trackpoint><Time>2025-08-28T13:17:47.184Z</Time><DistanceMeters>7924.992263427924</DistanceMeters><HeartRateBpm><Value>162</Value></HeartRateBpm><Cadence>25</Cadence><Extensions><ext:TPX><ext:Watts>60.8235294117647</ext:Watts><ext:Torque>20</ext:Torque></ext:TPX></Extensions></Trackpoint><Trackpoint><Time>2025-08-28T13:17:48.374Z</Time><DistanceMeters>7930.002756921957</DistanceMeters><HeartRateBpm><Value>162</Value></HeartRateBpm><Cadence>25</Cadence><Extensions><ext:TPX><ext:Watts>61.44117647058823</ext:Watts><ext:Torque>20</ext:Torque></ext:TPX></Extensions></Trackpoint><Trackpoint><Time>2025-08-28T13:17:49.564Z</Time><DistanceMeters>7935.154762678389</DistanceMeters><HeartRateBpm><Value>162</Value></HeartRateBpm><Cadence>25</Cadence><Extensions><ext:TPX><ext:Watts>63.1764705882353</ext:Watts><ext:Torque>20</ext:Torque></ext:TPX></Extensions></Trackpoint><Trackpoint><Time>2025-08-28T13:17:50.754Z</Time><DistanceMeters>7940.13887253028</DistanceMeters><HeartRateBpm><Value>161</Value></HeartRateBpm><Cadence>25</Cadence><Extensions><ext:TPX><ext:Watts>61.11764705882353</ext:Watts><ext:Torque>20</ext:Torque></ext:TPX></Extensions></Trackpoint><Trackpoint><Time>2025-08-28T13:17:51.944Z</Time><DistanceMeters>7945.142170485548</DistanceMeters><HeartRateBpm><Value>161</Value></HeartRateBpm><Cadence>25</Cadence><Extensions><ext:TPX><ext:Watts>61.35294117647059</ext:Watts><ext:Torque>20</ext:Torque></ext:TPX></Extensions></Trackpoint><Trackpoint><Time>2025-08-28T13:17:53.134Z</Time><DistanceMeters>7949.982369562121</DistanceMeters><HeartRateBpm><Value>161</Value></HeartRateBpm><Cadence>25</Cadence><Extensions><ext:TPX><ext:Watts>59.35294117647059</ext:Watts><ext:Torque>20</ext:Torque></ext:TPX></Extensions></Trackpoint><Trackpoint><Time>2025-08-28T13:17:54.289Z</Time><DistanceMeters>7954.430520799263</DistanceMeters><HeartRateBpm><Value>161</Value></HeartRateBpm><Cadence>26</Cadence><Extensions><ext:TPX><ext:Watts>56.72727272727273</ext:Watts><ext:Torque>20</ext:Torque></ext:TPX></Extensions></Trackpoint><Trackpoint><Time>2025-08-28T13:17:55.479Z</Time><DistanceMeters>7959.3306826988855</DistanceMeters><HeartRateBpm><Value>161</Value></HeartRateBpm><Cadence>25</Cadence><Extensions><ext:TPX><ext:Watts>60.088235294117645</ext:Watts><ext:Torque>20</ext:Torque></ext:TPX></Extensions></Trackpoint><Trackpoint><Time>2025-08-28T13:17:56.704Z</Time><DistanceMeters>7964.0382013551025</DistanceMeters><HeartRateBpm><Value>161</Value></HeartRateBpm><Cadence>24</Cadence><Extensions><ext:TPX><ext:Watts>56.57142857142857</ext:Watts><ext:Torque>20</ext:Torque></ext:TPX></Extensions></Trackpoint><Trackpoint><Time>2025-08-28T13:17:57.929Z</Time><DistanceMeters>7968.733832337945</DistanceMeters><HeartRateBpm><Value>161</Value></HeartRateBpm><Cadence>24</Cadence><Extensions><ext:TPX><ext:Watts>56.42857142857143</ext:Watts><ext:Torque>20</ext:Torque></ext:TPX></Extensions></Trackpoint><Trackpoint><Time>2025-08-28T13:17:59.119Z</Time><DistanceMeters>7973.566835875752</DistanceMeters><HeartRateBpm><Value>161</Value></HeartRateBpm><Cadence>25</Cadence><Extensions><ext:TPX><ext:Watts>59.26470588235294</ext:Watts><ext:Torque>20</ext:Torque></ext:TPX></Extensions></Trackpoint><Trackpoint><Time>2025-08-28T13:18:00.344Z</Time><DistanceMeters>7978.388476196363</DistanceMeters><HeartRateBpm><Value>161</Value></HeartRateBpm><Cadence>24</Cadence><Extensions><ext:TPX><ext:Watts>57.94285714285714</ext:Watts><ext:Torque>20</ext:Torque></ext:TPX></Extensions></Trackpoint><Trackpoint><Time>2025-08-28T13:18:01.569Z</Time><DistanceMeters>7983.088862248555</DistanceMeters><HeartRateBpm><Value>161</Value></HeartRateBpm><Cadence>24</Cadence><Extensions><ext:TPX><ext:Watts>56.48571428571429</ext:Watts><ext:Torque>20</ext:Torque></ext:TPX></Extensions></Trackpoint><Trackpoint><Time>2025-08-28T13:18:02.760Z</Time><DistanceMeters>7987.813932704872</DistanceMeters><HeartRateBpm><Value>162</Value></HeartRateBpm><Cadence>25</Cadence><Extensions><ext:TPX><ext:Watts>57.94117647058823</ext:Watts><ext:Torque>20</ext:Torque></ext:TPX></Extensions></Trackpoint><Trackpoint><Time>2025-08-28T13:18:03.984Z</Time><DistanceMeters>7992.10062772364</DistanceMeters><HeartRateBpm><Value>162</Value></HeartRateBpm><Cadence>24</Cadence><Extensions><ext:TPX><ext:Watts>51.51428571428571</ext:Watts><ext:Torque>20</ext:Torque></ext:TPX></Extensions></Trackpoint><Trackpoint><Time>2025-08-28T13:18:05.209Z</Time><DistanceMeters>7996.927023113601</DistanceMeters><HeartRateBpm><Value>162</Value></HeartRateBpm><Cadence>24</Cadence><Extensions><ext:TPX><ext:Watts>58.0</ext:Watts><ext:Torque>20</ext:Torque></ext:TPX></Extensions></Trackpoint><Trackpoint><Time>2025-08-28T13:18:06.469Z</Time><DistanceMeters>8001.636880779625</DistanceMeters><HeartRateBpm><Value>162</Value></HeartRateBpm><Cadence>24</Cadence><Extensions><ext:TPX><ext:Watts>55.44444444444444</ext:Watts><ext:Torque>20</ext:Torque></ext:TPX></Extensions></Trackpoint><Trackpoint><Time>2025-08-28T13:18:07.764Z</Time><DistanceMeters>8005.894029831349</DistanceMeters><HeartRateBpm><Value>162</Value></HeartRateBpm><Cadence>23</Cadence><Extensions><ext:TPX><ext:Watts>48.027027027027025</ext:Watts><ext:Torque>20</ext:Torque></ext:TPX></Extensions></Trackpoint><Trackpoint><Time>2025-08-28T13:18:11.054Z</Time><DistanceMeters>8009.793172646491</DistanceMeters><HeartRateBpm><Value>162</Value></HeartRateBpm><Cadence>9</Cadence><Extensions><ext:TPX><ext:Watts>17.21276595744681</ext:Watts><ext:Torque>20</ext:Torque></ext:TPX></Extensions></Trackpoint><Trackpoint><Time>2025-08-28T13:18:12.209Z</Time><DistanceMeters>8014.490819545973</DistanceMeters><HeartRateBpm><Value>162</Value></HeartRateBpm><Cadence>26</Cadence><Extensions><ext:TPX><ext:Watts>59.90909090909091</ext:Watts><ext:Torque>20</ext:Torque></ext:TPX></Extensions></Trackpoint><Trackpoint><Time>2025-08-28T13:18:13.364Z</Time><DistanceMeters>8019.423705212804</DistanceMeters><HeartRateBpm><Value>162</Value></HeartRateBpm><Cadence>26</Cadence><Extensions><ext:TPX><ext:Watts>62.90909090909091</ext:Watts><ext:Torque>20</ext:Torque></ext:TPX></Extensions></Trackpoint><Trackpoint><Time>2025-08-28T13:18:14.519Z</Time><DistanceMeters>8024.273425658855</DistanceMeters><HeartRateBpm><Value>162</Value></HeartRateBpm><Cadence>26</Cadence><Extensions><ext:TPX><ext:Watts>61.84848484848485</ext:Watts><ext:Torque>20</ext:Torque></ext:TPX></Extensions></Trackpoint><Trackpoint><Time>2025-08-28T13:18:15.709Z</Time><DistanceMeters>8029.288716178732</DistanceMeters><HeartRateBpm><Value>162</Value></HeartRateBpm><Cadence>25</Cadence><Extensions><ext:TPX><ext:Watts>61.5</ext:Watts><ext:Torque>20</ext:Torque></ext:TPX></Extensions></Trackpoint><Trackpoint><Time>2025-08-28T13:18:16.865Z</Time><DistanceMeters>8034.231106442223</DistanceMeters><HeartRateBpm><Value>162</Value></HeartRateBpm><Cadence>26</Cadence><Extensions><ext:TPX><ext:Watts>63.03030303030303</ext:Watts><ext:Torque>20</ext:Torque></ext:TPX></Extensions></Trackpoint><Trackpoint><Time>2025-08-28T13:18:18.019Z</Time><DistanceMeters>8039.380221683081</DistanceMeters><HeartRateBpm><Value>162</Value></HeartRateBpm><Cadence>26</Cadence><Extensions><ext:TPX><ext:Watts>65.66666666666667</ext:Watts><ext:Torque>20</ext:Torque></ext:TPX></Extensions></Trackpoint><Trackpoint><Time>2025-08-28T13:18:19.174Z</Time><DistanceMeters>8044.583988354738</DistanceMeters><HeartRateBpm><Value>162</Value></HeartRateBpm><Cadence>26</Cadence><Extensions><ext:TPX><ext:Watts>66.36363636363636</ext:Watts><ext:Torque>20</ext:Torque></ext:TPX></Extensions></Trackpoint><Trackpoint><Time>2025-08-28T13:18:20.365Z</Time><DistanceMeters>8050.02621417473</DistanceMeters><HeartRateBpm><Value>162</Value></HeartRateBpm><Cadence>25</Cadence><Extensions><ext:TPX><ext:Watts>66.73529411764706</ext:Watts><ext:Torque>20</ext:Torque></ext:TPX></Extensions></Trackpoint><Trackpoint><Time>2025-08-28T13:18:21.519Z</Time><DistanceMeters>8055.220476249726</DistanceMeters><HeartRateBpm><Value>162</Value></HeartRateBpm><Cadence>26</Cadence><Extensions><ext:TPX><ext:Watts>66.24242424242425</ext:Watts><ext:Torque>20</ext:Torque></ext:TPX></Extensions></Trackpoint><Trackpoint><Time>2025-08-28T13:18:22.675Z</Time><DistanceMeters>8060.521665037153</DistanceMeters><HeartRateBpm><Value>162</Value></HeartRateBpm><Cadence>26</Cadence><Extensions><ext:TPX><ext:Watts>67.60606060606061</ext:Watts><ext:Torque>20</ext:Torque></ext:TPX></Extensions></Trackpoint><Trackpoint><Time>2025-08-28T13:18:23.795Z</Time><DistanceMeters>8065.210285870015</DistanceMeters><HeartRateBpm><Value>162</Value></HeartRateBpm><Cadence>27</Cadence><Extensions><ext:TPX><ext:Watts>62.09375</ext:Watts><ext:Torque>20</ext:Torque></ext:TPX></Extensions></Trackpoint><Trackpoint><Time>2025-08-28T13:18:24.950Z</Time><DistanceMeters>8070.471080121634</DistanceMeters><HeartRateBpm><Value>161</Value></HeartRateBpm><Cadence>26</Cadence><Extensions><ext:TPX><ext:Watts>67.0909090909091</ext:Watts><ext:Torque>20</ext:Torque></ext:TPX></Extensions></Trackpoint><Trackpoint><Time>2025-08-28T13:18:26.105Z</Time><DistanceMeters>8075.65108530164</DistanceMeters><HeartRateBpm><Value>161</Value></HeartRateBpm><Cadence>26</Cadence><Extensions><ext:TPX><ext:Watts>66.06060606060606</ext:Watts><ext:Torque>20</ext:Torque></ext:TPX></Extensions></Trackpoint><Trackpoint><Time>2025-08-28T13:18:27.260Z</Time><DistanceMeters>8080.681393084241</DistanceMeters><HeartRateBpm><Value>161</Value></HeartRateBpm><Cadence>26</Cadence><Extensions><ext:TPX><ext:Watts>64.15151515151516</ext:Watts><ext:Torque>20</ext:Torque></ext:TPX></Extensions></Trackpoint><Trackpoint><Time>2025-08-28T13:18:28.415Z</Time><DistanceMeters>8085.547746574448</DistanceMeters><HeartRateBpm><Value>161</Value></HeartRateBpm><Cadence>26</Cadence><Extensions><ext:TPX><ext:Watts>62.06060606060606</ext:Watts><ext:Torque>20</ext:Torque></ext:TPX></Extensions></Trackpoint><Trackpoint><Time>2025-08-28T13:18:29.605Z</Time><DistanceMeters>8090.584623710623</DistanceMeters><HeartRateBpm><Value>161</Value></HeartRateBpm><Cadence>25</Cadence><Extensions><ext:TPX><ext:Watts>61.76470588235294</ext:Watts><ext:Torque>20</ext:Torque></ext:TPX></Extensions></Trackpoint><Trackpoint><Time>2025-08-28T13:18:30.760Z</Time><DistanceMeters>8095.52939012328</DistanceMeters><HeartRateBpm><Value>161</Value></HeartRateBpm><Cadence>26</Cadence><Extensions><ext:TPX><ext:Watts>63.06060606060606</ext:Watts><ext:Torque>20</ext:Torque></ext:TPX></Extensions></Trackpoint><Trackpoint><Time>2025-08-28T13:18:31.880Z</Time><DistanceMeters>8100.380826677061</DistanceMeters><HeartRateBpm><Value>162</Value></HeartRateBpm><Cadence>27</Cadence><Extensions><ext:TPX><ext:Watts>64.25</ext:Watts><ext:Torque>20</ext:Torque></ext:TPX></Extensions></Trackpoint><Trackpoint><Time>2025-08-28T13:18:33.035Z</Time><DistanceMeters>8105.221042526451</DistanceMeters><HeartRateBpm><Value>162</Value></HeartRateBpm><Cadence>26</Cadence><Extensions><ext:TPX><ext:Watts>61.72727272727273</ext:Watts><ext:Torque>20</ext:Torque></ext:TPX></Extensions></Trackpoint><Trackpoint><Time>2025-08-28T13:18:34.190Z</Time><DistanceMeters>8110.1848181324285</DistanceMeters><HeartRateBpm><Value>162</Value></HeartRateBpm><Cadence>26</Cadence><Extensions><ext:TPX><ext:Watts>63.303030303030305</ext:Watts><ext:Torque>20</ext:Torque></ext:TPX></Extensions></Trackpoint><Trackpoint><Time>2025-08-28T13:18:35.345Z</Time><DistanceMeters>8114.875336584415</DistanceMeters><HeartRateBpm><Value>162</Value></HeartRateBpm><Cadence>26</Cadence><Extensions><ext:TPX><ext:Watts>59.81818181818182</ext:Watts><ext:Torque>20</ext:Torque></ext:TPX></Extensions></Trackpoint><Trackpoint><Time>2025-08-28T13:18:36.500Z</Time><DistanceMeters>8119.829607593731</DistanceMeters><HeartRateBpm><Value>162</Value></HeartRateBpm><Cadence>26</Cadence><Extensions><ext:TPX><ext:Watts>63.18181818181818</ext:Watts><ext:Torque>20</ext:Torque></ext:TPX></Extensions></Trackpoint><Trackpoint><Time>2025-08-28T13:18:37.690Z</Time><DistanceMeters>8124.547482511282</DistanceMeters><HeartRateBpm><Value>162</Value></HeartRateBpm><Cadence>25</Cadence><Extensions><ext:TPX><ext:Watts>57.85294117647059</ext:Watts><ext:Torque>20</ext:Torque></ext:TPX></Extensions></Trackpoint><Trackpoint><Time>2025-08-28T13:18:38.810Z</Time><DistanceMeters>8129.460269916424</DistanceMeters><HeartRateBpm><Value>162</Value></HeartRateBpm><Cadence>27</Cadence><Extensions><ext:TPX><ext:Watts>65.0625</ext:Watts><ext:Torque>20</ext:Torque></ext:TPX></Extensions></Trackpoint><Trackpoint><Time>2025-08-28T13:18:39.965Z</Time><DistanceMeters>8134.222072843365</DistanceMeters><HeartRateBpm><Value>162</Value></HeartRateBpm><Cadence>26</Cadence><Extensions><ext:TPX><ext:Watts>60.72727272727273</ext:Watts><ext:Torque>20</ext:Torque></ext:TPX></Extensions></Trackpoint><Trackpoint><Time>2025-08-28T13:18:41.125Z</Time><DistanceMeters>8139.352178890902</DistanceMeters><HeartRateBpm><Value>162</Value></HeartRateBpm><Cadence>26</Cadence><Extensions><ext:TPX><ext:Watts>65.42424242424242</ext:Watts><ext:Torque>20</ext:Torque></ext:TPX></Extensions></Trackpoint><Trackpoint><Time>2025-08-28T13:18:42.280Z</Time><DistanceMeters>8144.40862431432</DistanceMeters><HeartRateBpm><Value>162</Value></HeartRateBpm><Cadence>26</Cadence><Extensions><ext:TPX><ext:Watts>64.48484848484848</ext:Watts><ext:Torque>20</ext:Torque></ext:TPX></Extensions></Trackpoint><Trackpoint><Time>2025-08-28T13:18:43.435Z</Time><DistanceMeters>8149.610014836811</DistanceMeters><HeartRateBpm><Value>162</Value></HeartRateBpm><Cadence>26</Cadence><Extensions><ext:TPX><ext:Watts>66.33333333333333</ext:Watts><ext:Torque>20</ext:Torque></ext:TPX></Extensions></Trackpoint><Trackpoint><Time>2025-08-28T13:18:44.590Z</Time><DistanceMeters>8154.687845602715</DistanceMeters><HeartRateBpm><Value>162</Value></HeartRateBpm><Cadence>26</Cadence><Extensions><ext:TPX><ext:Watts>64.75757575757575</ext:Watts><ext:Torque>20</ext:Torque></ext:TPX></Extensions></Trackpoint><Trackpoint><Time>2025-08-28T13:18:45.710Z</Time><DistanceMeters>8159.704457525545</DistanceMeters><HeartRateBpm><Value>162</Value></HeartRateBpm><Cadence>27</Cadence><Extensions><ext:TPX><ext:Watts>66.4375</ext:Watts><ext:Torque>20</ext:Torque></ext:TPX></Extensions></Trackpoint><Trackpoint><Time>2025-08-28T13:18:46.835Z</Time><DistanceMeters>8164.902272616038</DistanceMeters><HeartRateBpm><Value>162</Value></HeartRateBpm><Cadence>26</Cadence><Extensions><ext:TPX><ext:Watts>67.5625</ext:Watts><ext:Torque>20</ext:Torque></ext:TPX></Extensions></Trackpoint><Trackpoint><Time>2025-08-28T13:18:47.955Z</Time><DistanceMeters>8170.154849351796</DistanceMeters><HeartRateBpm><Value>162</Value></HeartRateBpm><Cadence>27</Cadence><Extensions><ext:TPX><ext:Watts>69.5625</ext:Watts><ext:Torque>20</ext:Torque></ext:TPX></Extensions></Trackpoint><Trackpoint><Time>2025-08-28T13:18:49.040Z</Time><DistanceMeters>8175.131517483243</DistanceMeters><HeartRateBpm><Value>162</Value></HeartRateBpm><Cadence>28</Cadence><Extensions><ext:TPX><ext:Watts>67.12903225806451</ext:Watts><ext:Torque>20</ext:Torque></ext:TPX></Extensions></Trackpoint><Trackpoint><Time>2025-08-28T13:18:50.195Z</Time><DistanceMeters>8180.432706270671</DistanceMeters><HeartRateBpm><Value>162</Value></HeartRateBpm><Cadence>26</Cadence><Extensions><ext:TPX><ext:Watts>67.60606060606061</ext:Watts><ext:Torque>20</ext:Torque></ext:TPX></Extensions></Trackpoint><Trackpoint><Time>2025-08-28T13:18:51.315Z</Time><DistanceMeters>8185.779668931598</DistanceMeters><HeartRateBpm><Value>163</Value></HeartRateBpm><Cadence>27</Cadence><Extensions><ext:TPX><ext:Watts>70.8125</ext:Watts><ext:Torque>20</ext:Torque></ext:TPX></Extensions></Trackpoint><Trackpoint><Time>2025-08-28T13:18:52.400Z</Time><DistanceMeters>8191.088752666252</DistanceMeters><HeartRateBpm><Value>163</Value></HeartRateBpm><Cadence>28</Cadence><Extensions><ext:TPX><ext:Watts>71.61290322580645</ext:Watts><ext:Torque>20</ext:Torque></ext:TPX></Extensions></Trackpoint><Trackpoint><Time>2025-08-28T13:18:53.520Z</Time><DistanceMeters>8196.423917086533</DistanceMeters><HeartRateBpm><Value>163</Value></HeartRateBpm><Cadence>27</Cadence><Extensions><ext:TPX><ext:Watts>70.65625</ext:Watts><ext:Torque>20</ext:Torque></ext:TPX></Extensions></Trackpoint><Trackpoint><Time>2025-08-28T13:18:54.640Z</Time><DistanceMeters>8201.912458635217</DistanceMeters><HeartRateBpm><Value>163</Value></HeartRateBpm><Cadence>27</Cadence><Extensions><ext:TPX><ext:Watts>72.6875</ext:Watts><ext:Torque>20</ext:Torque></ext:TPX></Extensions></Trackpoint><Trackpoint><Time>2025-08-28T13:18:55.725Z</Time><DistanceMeters>8207.290895265503</DistanceMeters><HeartRateBpm><Value>163</Value></HeartRateBpm><Cadence>28</Cadence><Extensions><ext:TPX><ext:Watts>72.54838709677419</ext:Watts><ext:Torque>20</ext:Torque></ext:TPX></Extensions></Trackpoint><Trackpoint><Time>2025-08-28T13:18:56.845Z</Time><DistanceMeters>8212.51279657558</DistanceMeters><HeartRateBpm><Value>164</Value></HeartRateBpm><Cadence>27</Cadence><Extensions><ext:TPX><ext:Watts>69.15625</ext:Watts><ext:Torque>20</ext:Torque></ext:TPX></Extensions></Trackpoint><Trackpoint><Time>2025-08-28T13:18:57.931Z</Time><DistanceMeters>8217.802748476955</DistanceMeters><HeartRateBpm><Value>164</Value></HeartRateBpm><Cadence>28</Cadence><Extensions><ext:TPX><ext:Watts>71.35483870967742</ext:Watts><ext:Torque>20</ext:Torque></ext:TPX></Extensions></Trackpoint><Trackpoint><Time>2025-08-28T13:18:59.050Z</Time><DistanceMeters>8222.9656585838</DistanceMeters><HeartRateBpm><Value>164</Value></HeartRateBpm><Cadence>27</Cadence><Extensions><ext:TPX><ext:Watts>68.375</ext:Watts><ext:Torque>20</ext:Torque></ext:TPX></Extensions></Trackpoint><Trackpoint><Time>2025-08-28T13:19:00.170Z</Time><DistanceMeters>8228.255989689625</DistanceMeters><HeartRateBpm><Value>165</Value></HeartRateBpm><Cadence>27</Cadence><Extensions><ext:TPX><ext:Watts>70.0625</ext:Watts><ext:Torque>20</ext:Torque></ext:TPX></Extensions></Trackpoint><Trackpoint><Time>2025-08-28T13:19:01.290Z</Time><DistanceMeters>8233.553399739838</DistanceMeters><HeartRateBpm><Value>165</Value></HeartRateBpm><Cadence>27</Cadence><Extensions><ext:TPX><ext:Watts>70.15625</ext:Watts><ext:Torque>20</ext:Torque></ext:TPX></Extensions></Trackpoint><Trackpoint><Time>2025-08-28T13:19:02.410Z</Time><DistanceMeters>8238.909800993282</DistanceMeters><HeartRateBpm><Value>165</Value></HeartRateBpm><Cadence>27</Cadence><Extensions><ext:TPX><ext:Watts>70.9375</ext:Watts><ext:Torque>20</ext:Torque></ext:TPX></Extensions></Trackpoint><Trackpoint><Time>2025-08-28T13:19:03.530Z</Time><DistanceMeters>8244.148219840265</DistanceMeters><HeartRateBpm><Value>166</Value></HeartRateBpm><Cadence>27</Cadence><Extensions><ext:TPX><ext:Watts>69.375</ext:Watts><ext:Torque>20</ext:Torque></ext:TPX></Extensions></Trackpoint><Trackpoint><Time>2025-08-28T13:19:04.685Z</Time><DistanceMeters>8249.501683909324</DistanceMeters><HeartRateBpm><Value>166</Value></HeartRateBpm><Cadence>26</Cadence><Extensions><ext:TPX><ext:Watts>68.27272727272727</ext:Watts><ext:Torque>20</ext:Torque></ext:TPX></Extensions></Trackpoint><Trackpoint><Time>2025-08-28T13:19:05.805Z</Time><DistanceMeters>8253.876471540992</DistanceMeters><HeartRateBpm><Value>166</Value></HeartRateBpm><Cadence>27</Cadence><Extensions><ext:TPX><ext:Watts>57.9375</ext:Watts><ext:Torque>20</ext:Torque></ext:TPX></Extensions></Trackpoint><Trackpoint><Time>2025-08-28T13:19:06.890Z</Time><DistanceMeters>8258.848356714121</DistanceMeters><HeartRateBpm><Value>166</Value></HeartRateBpm><Cadence>28</Cadence><Extensions><ext:TPX><ext:Watts>67.06451612903226</ext:Watts><ext:Torque>20</ext:Torque></ext:TPX></Extensions></Trackpoint><Trackpoint><Time>2025-08-28T13:19:08.045Z</Time><DistanceMeters>8263.824013065925</DistanceMeters><HeartRateBpm><Value>166</Value></HeartRateBpm><Cadence>26</Cadence><Extensions><ext:TPX><ext:Watts>63.45454545454545</ext:Watts><ext:Torque>20</ext:Torque></ext:TPX></Extensions></Trackpoint><Trackpoint><Time>2025-08-28T13:19:09.201Z</Time><DistanceMeters>8268.82343090938</DistanceMeters><HeartRateBpm><Value>166</Value></HeartRateBpm><Cadence>26</Cadence><Extensions><ext:TPX><ext:Watts>63.75757575757576</ext:Watts><ext:Torque>20</ext:Torque></ext:TPX></Extensions></Trackpoint><Trackpoint><Time>2025-08-28T13:19:10.320Z</Time><DistanceMeters>8273.604078019283</DistanceMeters><HeartRateBpm><Value>166</Value></HeartRateBpm><Cadence>27</Cadence><Extensions><ext:TPX><ext:Watts>63.3125</ext:Watts><ext:Torque>20</ext:Torque></ext:TPX></Extensions></Trackpoint><Trackpoint><Time>2025-08-28T13:19:11.441Z</Time><DistanceMeters>8278.413040906738</DistanceMeters><HeartRateBpm><Value>166</Value></HeartRateBpm><Cadence>27</Cadence><Extensions><ext:TPX><ext:Watts>63.6875</ext:Watts><ext:Torque>20</ext:Torque></ext:TPX></Extensions></Trackpoint><Trackpoint><Time>2025-08-28T13:19:12.595Z</Time><DistanceMeters>8283.293651291935</DistanceMeters><HeartRateBpm><Value>166</Value></HeartRateBpm><Cadence>26</Cadence><Extensions><ext:TPX><ext:Watts>62.24242424242424</ext:Watts><ext:Torque>20</ext:Torque></ext:TPX></Extensions></Trackpoint><Trackpoint><Time>2025-08-28T13:19:13.716Z</Time><DistanceMeters>8287.998789661702</DistanceMeters><HeartRateBpm><Value>166</Value></HeartRateBpm><Cadence>27</Cadence><Extensions><ext:TPX><ext:Watts>62.3125</ext:Watts><ext:Torque>20</ext:Torque></ext:TPX></Extensions></Trackpoint><Trackpoint><Time>2025-08-28T13:19:14.871Z</Time><DistanceMeters>8292.896033091056</DistanceMeters><HeartRateBpm><Value>166</Value></HeartRateBpm><Cadence>26</Cadence><Extensions><ext:TPX><ext:Watts>62.45454545454545</ext:Watts><ext:Torque>20</ext:Torque></ext:TPX></Extensions></Trackpoint><Trackpoint><Time>2025-08-28T13:19:16.026Z</Time><DistanceMeters>8297.560413902225</DistanceMeters><HeartRateBpm><Value>166</Value></HeartRateBpm><Cadence>26</Cadence><Extensions><ext:TPX><ext:Watts>59.484848484848484</ext:Watts><ext:Torque>20</ext:Torque></ext:TPX></Extensions></Trackpoint><Trackpoint><Time>2025-08-28T13:19:17.216Z</Time><DistanceMeters>8302.278288819776</DistanceMeters><HeartRateBpm><Value>165</Value></HeartRateBpm><Cadence>25</Cadence><Extensions><ext:TPX><ext:Watts>57.85294117647059</ext:Watts><ext:Torque>20</ext:Torque></ext:TPX></Extensions></Trackpoint><Trackpoint><Time>2025-08-28T13:19:18.371Z</Time><DistanceMeters>8306.907027393469</DistanceMeters><HeartRateBpm><Value>166</Value></HeartRateBpm><Cadence>26</Cadence><Extensions><ext:TPX><ext:Watts>59.03030303030303</ext:Watts><ext:Torque>20</ext:Torque></ext:TPX></Extensions></Trackpoint><Trackpoint><Time>2025-08-28T13:19:19.491Z</Time><DistanceMeters>8311.607446466976</DistanceMeters><HeartRateBpm><Value>166</Value></HeartRateBpm><Cadence>27</Cadence><Extensions><ext:TPX><ext:Watts>62.25</ext:Watts><ext:Torque>20</ext:Torque></ext:TPX></Extensions></Trackpoint><Trackpoint><Time>2025-08-28T13:19:20.646Z</Time><DistanceMeters>8316.333607156439</DistanceMeters><HeartRateBpm><Value>166</Value></HeartRateBpm><Cadence>26</Cadence><Extensions><ext:TPX><ext:Watts>60.27272727272727</ext:Watts><ext:Torque>20</ext:Torque></ext:TPX></Extensions></Trackpoint><Trackpoint><Time>2025-08-28T13:19:21.801Z</Time><DistanceMeters>8321.382924132362</DistanceMeters><HeartRateBpm><Value>166</Value></HeartRateBpm><Cadence>26</Cadence><Extensions><ext:TPX><ext:Watts>64.39393939393939</ext:Watts><ext:Torque>20</ext:Torque></ext:TPX></Extensions></Trackpoint><Trackpoint><Time>2025-08-28T13:19:22.956Z</Time><DistanceMeters>8326.144727059302</DistanceMeters><HeartRateBpm><Value>166</Value></HeartRateBpm><Cadence>26</Cadence><Extensions><ext:TPX><ext:Watts>60.72727272727273</ext:Watts><ext:Torque>20</ext:Torque></ext:TPX></Extensions></Trackpoint><Trackpoint><Time>2025-08-28T13:19:24.146Z</Time><DistanceMeters>8331.253559583138</DistanceMeters><HeartRateBpm><Value>166</Value></HeartRateBpm><Cadence>25</Cadence><Extensions><ext:TPX><ext:Watts>62.64705882352941</ext:Watts><ext:Torque>20</ext:Torque></ext:TPX></Extensions></Trackpoint><Trackpoint><Time>2025-08-28T13:19:25.271Z</Time><DistanceMeters>8335.535385982845</DistanceMeters><HeartRateBpm><Value>166</Value></HeartRateBpm><Cadence>26</Cadence><Extensions><ext:TPX><ext:Watts>55.65625</ext:Watts><ext:Torque>20</ext:Torque></ext:TPX></Extensions></Trackpoint><Trackpoint><Time>2025-08-28T13:19:26.426Z</Time><DistanceMeters>8340.078583186592</DistanceMeters><HeartRateBpm><Value>166</Value></HeartRateBpm><Cadence>26</Cadence><Extensions><ext:TPX><ext:Watts>57.93939393939394</ext:Watts><ext:Torque>20</ext:Torque></ext:TPX></Extensions></Trackpoint><Trackpoint><Time>2025-08-28T13:19:27.581Z</Time><DistanceMeters>8344.780982384404</DistanceMeters><HeartRateBpm><Value>166</Value></HeartRateBpm><Cadence>26</Cadence><Extensions><ext:TPX><ext:Watts>59.96969696969697</ext:Watts><ext:Torque>20</ext:Torque></ext:TPX></Extensions></Trackpoint><Trackpoint><Time>2025-08-28T13:19:28.806Z</Time><DistanceMeters>8349.474235832571</DistanceMeters><HeartRateBpm><Value>166</Value></HeartRateBpm><Cadence>24</Cadence><Extensions><ext:TPX><ext:Watts>56.4</ext:Watts><ext:Torque>20</ext:Torque></ext:TPX></Extensions></Trackpoint><Trackpoint><Time>2025-08-28T13:19:29.961Z</Time><DistanceMeters>8354.12435974875</DistanceMeters><HeartRateBpm><Value>166</Value></HeartRateBpm><Cadence>26</Cadence><Extensions><ext:TPX><ext:Watts>59.303030303030305</ext:Watts><ext:Torque>20</ext:Torque></ext:TPX></Extensions></Trackpoint><Trackpoint><Time>2025-08-28T13:19:31.116Z</Time><DistanceMeters>8358.729336830791</DistanceMeters><HeartRateBpm><Value>166</Value></HeartRateBpm><Cadence>26</Cadence><Extensions><ext:TPX><ext:Watts>58.72727272727273</ext:Watts><ext:Torque>20</ext:Torque></ext:TPX></Extensions></Trackpoint><Trackpoint><Time>2025-08-28T13:19:32.271Z</Time><DistanceMeters>8363.488763608566</DistanceMeters><HeartRateBpm><Value>166</Value></HeartRateBpm><Cadence>26</Cadence><Extensions><ext:TPX><ext:Watts>60.696969696969695</ext:Watts><ext:Torque>20</ext:Torque></ext:TPX></Extensions></Trackpoint><Trackpoint><Time>2025-08-28T13:19:33.496Z</Time><DistanceMeters>8368.241455423606</DistanceMeters><HeartRateBpm><Value>166</Value></HeartRateBpm><Cadence>24</Cadence><Extensions><ext:TPX><ext:Watts>57.114285714285714</ext:Watts><ext:Torque>20</ext:Torque></ext:TPX></Extensions></Trackpoint><Trackpoint><Time>2025-08-28T13:19:34.651Z</Time><DistanceMeters>8372.969992262235</DistanceMeters><HeartRateBpm><Value>166</Value></HeartRateBpm><Cadence>26</Cadence><Extensions><ext:TPX><ext:Watts>60.303030303030305</ext:Watts><ext:Torque>20</ext:Torque></ext:TPX></Extensions></Trackpoint><Trackpoint><Time>2025-08-28T13:19:35.806Z</Time><DistanceMeters>8377.750804382496</DistanceMeters><HeartRateBpm><Value>166</Value></HeartRateBpm><Cadence>26</Cadence><Extensions><ext:TPX><ext:Watts>60.96969696969697</ext:Watts><ext:Torque>20</ext:Torque></ext:TPX></Extensions></Trackpoint><Trackpoint><Time>2025-08-28T13:19:36.996Z</Time><DistanceMeters>8382.648567769196</DistanceMeters><HeartRateBpm><Value>166</Value></HeartRateBpm><Cadence>25</Cadence><Extensions><ext:TPX><ext:Watts>60.05882352941177</ext:Watts><ext:Torque>20</ext:Torque></ext:TPX></Extensions></Trackpoint><Trackpoint><Time>2025-08-28T13:19:38.186Z</Time><DistanceMeters>8387.615888030634</DistanceMeters><HeartRateBpm><Value>166</Value></HeartRateBpm><Cadence>25</Cadence><Extensions><ext:TPX><ext:Watts>60.911764705882355</ext:Watts><ext:Torque>20</ext:Torque></ext:TPX></Extensions></Trackpoint><Trackpoint><Time>2025-08-28T13:19:39.376Z</Time><DistanceMeters>8392.691141373562</DistanceMeters><HeartRateBpm><Value>166</Value></HeartRateBpm><Cadence>25</Cadence><Extensions><ext:TPX><ext:Watts>62.23529411764706</ext:Watts><ext:Torque>20</ext:Torque></ext:TPX></Extensions></Trackpoint><Trackpoint><Time>2025-08-28T13:19:40.566Z</Time><DistanceMeters>8397.814364974929</DistanceMeters><HeartRateBpm><Value>166</Value></HeartRateBpm><Cadence>25</Cadence><Extensions><ext:TPX><ext:Watts>62.8235294117647</ext:Watts><ext:Torque>20</ext:Torque></ext:TPX></Extensions></Trackpoint><Trackpoint><Time>2025-08-28T13:19:41.791Z</Time><DistanceMeters>8402.966482615344</DistanceMeters><HeartRateBpm><Value>166</Value></HeartRateBpm><Cadence>24</Cadence><Extensions><ext:TPX><ext:Watts>61.91428571428571</ext:Watts><ext:Torque>20</ext:Torque></ext:TPX></Extensions></Trackpoint><Trackpoint><Time>2025-08-28T13:19:42.981Z</Time><DistanceMeters>8408.099300268399</DistanceMeters><HeartRateBpm><Value>166</Value></HeartRateBpm><Cadence>25</Cadence><Extensions><ext:TPX><ext:Watts>62.94117647058823</ext:Watts><ext:Torque>20</ext:Torque></ext:TPX></Extensions></Trackpoint><Trackpoint><Time>2025-08-28T13:19:44.171Z</Time><DistanceMeters>8413.210531305156</DistanceMeters><HeartRateBpm><Value>166</Value></HeartRateBpm><Cadence>25</Cadence><Extensions><ext:TPX><ext:Watts>62.6764705882353</ext:Watts><ext:Torque>20</ext:Torque></ext:TPX></Extensions></Trackpoint><Trackpoint><Time>2025-08-28T13:19:45.361Z</Time><DistanceMeters>8418.218626286267</DistanceMeters><HeartRateBpm><Value>166</Value></HeartRateBpm><Cadence>25</Cadence><Extensions><ext:TPX><ext:Watts>61.411764705882355</ext:Watts><ext:Torque>20</ext:Torque></ext:TPX></Extensions></Trackpoint><Trackpoint><Time>2025-08-28T13:19:46.551Z</Time><DistanceMeters>8423.555317537692</DistanceMeters><HeartRateBpm><Value>166</Value></HeartRateBpm><Cadence>25</Cadence><Extensions><ext:TPX><ext:Watts>65.44117647058823</ext:Watts><ext:Torque>20</ext:Torque></ext:TPX></Extensions></Trackpoint><Trackpoint><Time>2025-08-28T13:19:47.741Z</Time><DistanceMeters>8428.812857862691</DistanceMeters><HeartRateBpm><Value>166</Value></HeartRateBpm><Cadence>25</Cadence><Extensions><ext:TPX><ext:Watts>64.47058823529412</ext:Watts><ext:Torque>20</ext:Torque></ext:TPX></Extensions></Trackpoint><Trackpoint><Time>2025-08-28T13:19:48.931Z</Time><DistanceMeters>8434.012833877561</DistanceMeters><HeartRateBpm><Value>166</Value></HeartRateBpm><Cadence>25</Cadence><Extensions><ext:TPX><ext:Watts>63.76470588235294</ext:Watts><ext:Torque>20</ext:Torque></ext:TPX></Extensions></Trackpoint><Trackpoint><Time>2025-08-28T13:19:50.086Z</Time><DistanceMeters>8438.544150335483</DistanceMeters><HeartRateBpm><Value>166</Value></HeartRateBpm><Cadence>26</Cadence><Extensions><ext:TPX><ext:Watts>57.78787878787879</ext:Watts><ext:Torque>20</ext:Torque></ext:TPX></Extensions></Trackpoint><Trackpoint><Time>2025-08-28T13:19:51.206Z</Time><DistanceMeters>8442.973209874124</DistanceMeters><HeartRateBpm><Value>166</Value></HeartRateBpm><Cadence>27</Cadence><Extensions><ext:TPX><ext:Watts>58.65625</ext:Watts><ext:Torque>20</ext:Torque></ext:TPX></Extensions></Trackpoint><Trackpoint><Time>2025-08-28T13:19:52.361Z</Time><DistanceMeters>8447.718379756909</DistanceMeters><HeartRateBpm><Value>166</Value></HeartRateBpm><Cadence>26</Cadence><Extensions><ext:TPX><ext:Watts>60.515151515151516</ext:Watts><ext:Torque>20</ext:Torque></ext:TPX></Extensions></Trackpoint><Trackpoint><Time>2025-08-28T13:19:53.516Z</Time><DistanceMeters>8452.560971755463</DistanceMeters><HeartRateBpm><Value>166</Value></HeartRateBpm><Cadence>26</Cadence><Extensions><ext:TPX><ext:Watts>61.75757575757576</ext:Watts><ext:Torque>20</ext:Torque></ext:TPX></Extensions></Trackpoint><Trackpoint><Time>2025-08-28T13:19:54.671Z</Time><DistanceMeters>8457.546132703927</DistanceMeters><HeartRateBpm><Value>166</Value></HeartRateBpm><Cadence>26</Cadence><Extensions><ext:TPX><ext:Watts>63.57575757575758</ext:Watts><ext:Torque>20</ext:Torque></ext:TPX></Extensions></Trackpoint><Trackpoint><Time>2025-08-28T13:19:55.826Z</Time><DistanceMeters>8462.585945083189</DistanceMeters><HeartRateBpm><Value>166</Value></HeartRateBpm><Cadence>26</Cadence><Extensions><ext:TPX><ext:Watts>64.27272727272727</ext:Watts><ext:Torque>20</ext:Torque></ext:TPX></Extensions></Trackpoint><Trackpoint><Time>2025-08-28T13:19:57.016Z</Time><DistanceMeters>8467.435738211449</DistanceMeters><HeartRateBpm><Value>166</Value></HeartRateBpm><Cadence>25</Cadence><Extensions><ext:TPX><ext:Watts>59.470588235294116</ext:Watts><ext:Torque>20</ext:Torque></ext:TPX></Extensions></Trackpoint><Trackpoint><Time>2025-08-28T13:19:58.206Z</Time><DistanceMeters>8472.232764055425</DistanceMeters><HeartRateBpm><Value>166</Value></HeartRateBpm><Cadence>25</Cadence><Extensions><ext:TPX><ext:Watts>58.8235294117647</ext:Watts><ext:Torque>20</ext:Torque></ext:TPX></Extensions></Trackpoint><Trackpoint><Time>2025-08-28T13:19:59.396Z</Time><DistanceMeters>8477.046579489856</DistanceMeters><HeartRateBpm><Value>166</Value></HeartRateBpm><Cadence>25</Cadence><Extensions><ext:TPX><ext:Watts>59.029411764705884</ext:Watts><ext:Torque>20</ext:Torque></ext:TPX></Extensions></Trackpoint><Trackpoint><Time>2025-08-28T13:20:00.586Z</Time><DistanceMeters>8481.819620204613</DistanceMeters><HeartRateBpm><Value>166</Value></HeartRateBpm><Cadence>25</Cadence><Extensions><ext:TPX><ext:Watts>58.529411764705884</ext:Watts><ext:Torque>20</ext:Torque></ext:TPX></Extensions></Trackpoint><Trackpoint><Time>2025-08-28T13:20:01.777Z</Time><DistanceMeters>8486.68860143625</DistanceMeters><HeartRateBpm><Value>166</Value></HeartRateBpm><Cadence>25</Cadence><Extensions><ext:TPX><ext:Watts>59.705882352941174</ext:Watts><ext:Torque>20</ext:Torque></ext:TPX></Extensions></Trackpoint><Trackpoint><Time>2025-08-28T13:20:02.967Z</Time><DistanceMeters>8491.859795296057</DistanceMeters><HeartRateBpm><Value>166</Value></HeartRateBpm><Cadence>25</Cadence><Extensions><ext:TPX><ext:Watts>63.411764705882355</ext:Watts><ext:Torque>20</ext:Torque></ext:TPX></Extensions></Trackpoint><Trackpoint><Time>2025-08-28T13:20:04.192Z</Time><DistanceMeters>8496.790802211712</DistanceMeters><HeartRateBpm><Value>166</Value></HeartRateBpm><Cadence>24</Cadence><Extensions><ext:TPX><ext:Watts>59.25714285714286</ext:Watts><ext:Torque>20</ext:Torque></ext:TPX></Extensions></Trackpoint><Trackpoint><Time>2025-08-28T13:20:05.382Z</Time><DistanceMeters>8501.56624143939</DistanceMeters><HeartRateBpm><Value>166</Value></HeartRateBpm><Cadence>25</Cadence><Extensions><ext:TPX><ext:Watts>58.55882352941177</ext:Watts><ext:Torque>20</ext:Torque></ext:TPX></Extensions></Trackpoint><Trackpoint><Time>2025-08-28T13:20:06.607Z</Time><DistanceMeters>8506.321310789104</DistanceMeters><HeartRateBpm><Value>166</Value></HeartRateBpm><Cadence>24</Cadence><Extensions><ext:TPX><ext:Watts>57.142857142857146</ext:Watts><ext:Torque>20</ext:Torque></ext:TPX></Extensions></Trackpoint><Trackpoint><Time>2025-08-28T13:20:07.832Z</Time><DistanceMeters>8511.161971387113</DistanceMeters><HeartRateBpm><Value>166</Value></HeartRateBpm><Cadence>24</Cadence><Extensions><ext:TPX><ext:Watts>58.17142857142857</ext:Watts><ext:Torque>20</ext:Torque></ext:TPX></Extensions></Trackpoint><Trackpoint><Time>2025-08-28T13:20:09.092Z</Time><DistanceMeters>8515.973293922696</DistanceMeters><HeartRateBpm><Value>166</Value></HeartRateBpm><Cadence>24</Cadence><Extensions><ext:TPX><ext:Watts>56.638888888888886</ext:Watts><ext:Torque>20</ext:Torque></ext:TPX></Extensions></Trackpoint><Trackpoint><Time>2025-08-28T13:20:10.282Z</Time><DistanceMeters>8520.626408991353</DistanceMeters><HeartRateBpm><Value>166</Value></HeartRateBpm><Cadence>25</Cadence><Extensions><ext:TPX><ext:Watts>57.05882352941177</ext:Watts><ext:Torque>20</ext:Torque></ext:TPX></Extensions></Trackpoint><Trackpoint><Time>2025-08-28T13:20:11.507Z</Time><DistanceMeters>8525.350570390294</DistanceMeters><HeartRateBpm><Value>166</Value></HeartRateBpm><Cadence>24</Cadence><Extensions><ext:TPX><ext:Watts>56.77142857142857</ext:Watts><ext:Torque>20</ext:Torque></ext:TPX></Extensions></Trackpoint><Trackpoint><Time>2025-08-28T13:20:12.732Z</Time><DistanceMeters>8530.262557028549</DistanceMeters><HeartRateBpm><Value>166</Value></HeartRateBpm><Cadence>24</Cadence><Extensions><ext:TPX><ext:Watts>59.02857142857143</ext:Watts><ext:Torque>20</ext:Torque></ext:TPX></Extensions></Trackpoint><Trackpoint><Time>2025-08-28T13:20:13.922Z</Time><DistanceMeters>8535.304231190568</DistanceMeters><HeartRateBpm><Value>165</Value></HeartRateBpm><Cadence>25</Cadence><Extensions><ext:TPX><ext:Watts>61.8235294117647</ext:Watts><ext:Torque>20</ext:Torque></ext:TPX></Extensions></Trackpoint><Trackpoint><Time>2025-08-28T13:20:15.147Z</Time><DistanceMeters>8540.34698223594</DistanceMeters><HeartRateBpm><Value>165</Value></HeartRateBpm><Cadence>24</Cadence><Extensions><ext:TPX><ext:Watts>60.6</ext:Watts><ext:Torque>20</ext:Torque></ext:TPX></Extensions></Trackpoint><Trackpoint><Time>2025-08-28T13:20:16.372Z</Time><DistanceMeters>8545.294631894318</DistanceMeters><HeartRateBpm><Value>165</Value></HeartRateBpm><Cadence>24</Cadence><Extensions><ext:TPX><ext:Watts>59.457142857142856</ext:Watts><ext:Torque>20</ext:Torque></ext:TPX></Extensions></Trackpoint><Trackpoint><Time>2025-08-28T13:20:17.597Z</Time><DistanceMeters>8550.247036622046</DistanceMeters><HeartRateBpm><Value>165</Value></HeartRateBpm><Cadence>24</Cadence><Extensions><ext:TPX><ext:Watts>59.51428571428571</ext:Watts><ext:Torque>20</ext:Torque></ext:TPX></Extensions></Trackpoint><Trackpoint><Time>2025-08-28T13:20:18.822Z</Time><DistanceMeters>8555.071054477332</DistanceMeters><HeartRateBpm><Value>165</Value></HeartRateBpm><Cadence>24</Cadence><Extensions><ext:TPX><ext:Watts>57.97142857142857</ext:Watts><ext:Torque>20</ext:Torque></ext:TPX></Extensions></Trackpoint><Trackpoint><Time>2025-08-28T13:20:20.047Z</Time><DistanceMeters>8559.947378095465</DistanceMeters><HeartRateBpm><Value>165</Value></HeartRateBpm><Cadence>24</Cadence><Extensions><ext:TPX><ext:Watts>58.6</ext:Watts><ext:Torque>20</ext:Torque></ext:TPX></Extensions></Trackpoint><Trackpoint><Time>2025-08-28T13:20:21.272Z</Time><DistanceMeters>8564.923558169941</DistanceMeters><HeartRateBpm><Value>165</Value></HeartRateBpm><Cadence>24</Cadence><Extensions><ext:TPX><ext:Watts>59.8</ext:Watts><ext:Torque>20</ext:Torque></ext:TPX></Extensions></Trackpoint><Trackpoint><Time>2025-08-28T13:20:22.497Z</Time><DistanceMeters>8569.388568289323</DistanceMeters><HeartRateBpm><Value>165</Value></HeartRateBpm><Cadence>24</Cadence><Extensions><ext:TPX><ext:Watts>53.65714285714286</ext:Watts><ext:Torque>20</ext:Torque></ext:TPX></Extensions></Trackpoint><Trackpoint><Time>2025-08-28T13:20:23.652Z</Time><DistanceMeters>8574.302444762832</DistanceMeters><HeartRateBpm><Value>165</Value></HeartRateBpm><Cadence>26</Cadence><Extensions><ext:TPX><ext:Watts>62.666666666666664</ext:Watts><ext:Torque>20</ext:Torque></ext:TPX></Extensions></Trackpoint><Trackpoint><Time>2025-08-28T13:20:24.807Z</Time><DistanceMeters>8579.204440490515</DistanceMeters><HeartRateBpm><Value>164</Value></HeartRateBpm><Cadence>26</Cadence><Extensions><ext:TPX><ext:Watts>62.515151515151516</ext:Watts><ext:Torque>20</ext:Torque></ext:TPX></Extensions></Trackpoint><Trackpoint><Time>2025-08-28T13:20:25.997Z</Time><DistanceMeters>8584.483567431811</DistanceMeters><HeartRateBpm><Value>164</Value></HeartRateBpm><Cadence>25</Cadence><Extensions><ext:TPX><ext:Watts>64.73529411764706</ext:Watts><ext:Torque>20</ext:Torque></ext:TPX></Extensions></Trackpoint><Trackpoint><Time>2025-08-28T13:20:27.152Z</Time><DistanceMeters>8589.689710252633</DistanceMeters><HeartRateBpm><Value>164</Value></HeartRateBpm><Cadence>26</Cadence><Extensions><ext:TPX><ext:Watts>66.39393939393939</ext:Watts><ext:Torque>20</ext:Torque></ext:TPX></Extensions></Trackpoint><Trackpoint><Time>2025-08-28T13:20:28.307Z</Time><DistanceMeters>8594.831697045996</DistanceMeters><HeartRateBpm><Value>164</Value></HeartRateBpm><Cadence>26</Cadence><Extensions><ext:TPX><ext:Watts>65.57575757575758</ext:Watts><ext:Torque>20</ext:Torque></ext:TPX></Extensions></Trackpoint><Trackpoint><Time>2025-08-28T13:20:29.462Z</Time><DistanceMeters>8600.047344463479</DistanceMeters><HeartRateBpm><Value>164</Value></HeartRateBpm><Cadence>26</Cadence><Extensions><ext:TPX><ext:Watts>66.51515151515152</ext:Watts><ext:Torque>20</ext:Torque></ext:TPX></Extensions></Trackpoint><Trackpoint><Time>2025-08-28T13:20:30.617Z</Time><DistanceMeters>8605.339028654245</DistanceMeters><HeartRateBpm><Value>164</Value></HeartRateBpm><Cadence>26</Cadence><Extensions><ext:TPX><ext:Watts>67.48484848484848</ext:Watts><ext:Torque>20</ext:Torque></ext:TPX></Extensions></Trackpoint><Trackpoint><Time>2025-08-28T13:20:31.807Z</Time><DistanceMeters>8610.649336263528</DistanceMeters><HeartRateBpm><Value>164</Value></HeartRateBpm><Cadence>25</Cadence><Extensions><ext:TPX><ext:Watts>65.11764705882354</ext:Watts><ext:Torque>20</ext:Torque></ext:TPX></Extensions></Trackpoint><Trackpoint><Time>2025-08-28T13:20:32.997Z</Time><DistanceMeters>8615.930861717747</DistanceMeters><HeartRateBpm><Value>164</Value></HeartRateBpm><Cadence>25</Cadence><Extensions><ext:TPX><ext:Watts>64.76470588235294</ext:Watts><ext:Torque>20</ext:Torque></ext:TPX></Extensions></Trackpoint><Trackpoint><Time>2025-08-28T13:20:34.187Z</Time><DistanceMeters>8621.236372301186</DistanceMeters><HeartRateBpm><Value>164</Value></HeartRateBpm><Cadence>25</Cadence><Extensions><ext:TPX><ext:Watts>65.05882352941177</ext:Watts><ext:Torque>20</ext:Torque></ext:TPX></Extensions></Trackpoint><Trackpoint><Time>2025-08-28T13:20:35.377Z</Time><DistanceMeters>8626.673801095334</DistanceMeters><HeartRateBpm><Value>165</Value></HeartRateBpm><Cadence>25</Cadence><Extensions><ext:TPX><ext:Watts>66.67647058823529</ext:Watts><ext:Torque>20</ext:Torque></ext:TPX></Extensions></Trackpoint><Trackpoint><Time>2025-08-28T13:20:36.602Z</Time><DistanceMeters>8632.082692480635</DistanceMeters><HeartRateBpm><Value>164</Value></HeartRateBpm><Cadence>24</Cadence><Extensions><ext:TPX><ext:Watts>65.0</ext:Watts><ext:Torque>20</ext:Torque></ext:TPX></Extensions></Trackpoint><Trackpoint><Time>2025-08-28T13:20:37.792Z</Time><DistanceMeters>8637.464955477577</DistanceMeters><HeartRateBpm><Value>164</Value></HeartRateBpm><Cadence>25</Cadence><Extensions><ext:TPX><ext:Watts>66.0</ext:Watts><ext:Torque>20</ext:Torque></ext:TPX></Extensions></Trackpoint><Trackpoint><Time>2025-08-28T13:20:39.017Z</Time><DistanceMeters>8643.040274290117</DistanceMeters><HeartRateBpm><Value>164</Value></HeartRateBpm><Cadence>24</Cadence><Extensions><ext:TPX><ext:Watts>67.0</ext:Watts><ext:Torque>20</ext:Torque></ext:TPX></Extensions></Trackpoint><Trackpoint><Time>2025-08-28T13:20:40.242Z</Time><DistanceMeters>8648.256585366753</DistanceMeters><HeartRateBpm><Value>164</Value></HeartRateBpm><Cadence>24</Cadence><Extensions><ext:TPX><ext:Watts>62.68571428571428</ext:Watts><ext:Torque>20</ext:Torque></ext:TPX></Extensions></Trackpoint><Trackpoint><Time>2025-08-28T13:20:41.432Z</Time><DistanceMeters>8653.770766574404</DistanceMeters><HeartRateBpm><Value>164</Value></HeartRateBpm><Cadence>25</Cadence><Extensions><ext:TPX><ext:Watts>67.61764705882354</ext:Watts><ext:Torque>20</ext:Torque></ext:TPX></Extensions></Trackpoint><Trackpoint><Time>2025-08-28T13:20:42.657Z</Time><DistanceMeters>8659.303289762796</DistanceMeters><HeartRateBpm><Value>164</Value></HeartRateBpm><Cadence>24</Cadence><Extensions><ext:TPX><ext:Watts>66.48571428571428</ext:Watts><ext:Torque>20</ext:Torque></ext:TPX></Extensions></Trackpoint><Trackpoint><Time>2025-08-28T13:20:43.882Z</Time><DistanceMeters>8664.569529067605</DistanceMeters><HeartRateBpm><Value>163</Value></HeartRateBpm><Cadence>24</Cadence><Extensions><ext:TPX><ext:Watts>63.285714285714285</ext:Watts><ext:Torque>20</ext:Torque></ext:TPX></Extensions></Trackpoint><Trackpoint><Time>2025-08-28T13:20:45.107Z</Time><DistanceMeters>8669.740666985419</DistanceMeters><HeartRateBpm><Value>163</Value></HeartRateBpm><Cadence>24</Cadence><Extensions><ext:TPX><ext:Watts>62.142857142857146</ext:Watts><ext:Torque>20</ext:Torque></ext:TPX></Extensions></Trackpoint><Trackpoint><Time>2025-08-28T13:20:46.332Z</Time><DistanceMeters>8674.833346258964</DistanceMeters><HeartRateBpm><Value>163</Value></HeartRateBpm><Cadence>24</Cadence><Extensions><ext:TPX><ext:Watts>61.2</ext:Watts><ext:Torque>20</ext:Torque></ext:TPX></Extensions></Trackpoint><Trackpoint><Time>2025-08-28T13:20:47.557Z</Time><DistanceMeters>8679.514712033757</DistanceMeters><HeartRateBpm><Value>163</Value></HeartRateBpm><Cadence>24</Cadence><Extensions><ext:TPX><ext:Watts>56.25714285714286</ext:Watts><ext:Torque>20</ext:Torque></ext:TPX></Extensions></Trackpoint><Trackpoint><Time>2025-08-28T13:20:48.747Z</Time><DistanceMeters>8684.772252358756</DistanceMeters><HeartRateBpm><Value>163</Value></HeartRateBpm><Cadence>25</Cadence><Extensions><ext:TPX><ext:Watts>64.47058823529412</ext:Watts><ext:Torque>20</ext:Torque></ext:TPX></Extensions></Trackpoint><Trackpoint><Time>2025-08-28T13:20:49.972Z</Time><DistanceMeters>8689.998073574092</DistanceMeters><HeartRateBpm><Value>163</Value></HeartRateBpm><Cadence>24</Cadence><Extensions><ext:TPX><ext:Watts>62.8</ext:Watts><ext:Torque>20</ext:Torque></ext:TPX></Extensions></Trackpoint><Trackpoint><Time>2025-08-28T13:20:51.167Z</Time><DistanceMeters>8695.3875321098</DistanceMeters><HeartRateBpm><Value>163</Value></HeartRateBpm><Cadence>25</Cadence><Extensions><ext:TPX><ext:Watts>66.08823529411765</ext:Watts><ext:Torque>20</ext:Torque></ext:TPX></Extensions></Trackpoint><Trackpoint><Time>2025-08-28T13:20:52.392Z</Time><DistanceMeters>8700.687056900057</DistanceMeters><HeartRateBpm><Value>163</Value></HeartRateBpm><Cadence>24</Cadence><Extensions><ext:TPX><ext:Watts>63.68571428571428</ext:Watts><ext:Torque>20</ext:Torque></ext:TPX></Extensions></Trackpoint><Trackpoint><Time>2025-08-28T13:20:53.653Z</Time><DistanceMeters>8705.993905542788</DistanceMeters><HeartRateBpm><Value>164</Value></HeartRateBpm><Cadence>24</Cadence><Extensions><ext:TPX><ext:Watts>62.47222222222222</ext:Watts><ext:Torque>20</ext:Torque></ext:TPX></Extensions></Trackpoint><Trackpoint><Time>2025-08-28T13:20:54.842Z</Time><DistanceMeters>8711.409747720638</DistanceMeters><HeartRateBpm><Value>164</Value></HeartRateBpm><Cadence>25</Cadence><Extensions><ext:TPX><ext:Watts>66.41176470588235</ext:Watts><ext:Torque>20</ext:Torque></ext:TPX></Extensions></Trackpoint><Trackpoint><Time>2025-08-28T13:20:56.068Z</Time><DistanceMeters>8716.735425392319</DistanceMeters><HeartRateBpm><Value>164</Value></HeartRateBpm><Cadence>24</Cadence><Extensions><ext:TPX><ext:Watts>64.0</ext:Watts><ext:Torque>20</ext:Torque></ext:TPX></Extensions></Trackpoint><Trackpoint><Time>2025-08-28T13:20:57.258Z</Time><DistanceMeters>8722.112891363417</DistanceMeters><HeartRateBpm><Value>164</Value></HeartRateBpm><Cadence>25</Cadence><Extensions><ext:TPX><ext:Watts>65.94117647058823</ext:Watts><ext:Torque>20</ext:Torque></ext:TPX></Extensions></Trackpoint><Trackpoint><Time>2025-08-28T13:20:58.448Z</Time><DistanceMeters>8727.48556030867</DistanceMeters><HeartRateBpm><Value>164</Value></HeartRateBpm><Cadence>25</Cadence><Extensions><ext:TPX><ext:Watts>65.88235294117646</ext:Watts><ext:Torque>20</ext:Torque></ext:TPX></Extensions></Trackpoint><Trackpoint><Time>2025-08-28T13:20:59.708Z</Time><DistanceMeters>8732.709821266877</DistanceMeters><HeartRateBpm><Value>164</Value></HeartRateBpm><Cadence>24</Cadence><Extensions><ext:TPX><ext:Watts>61.5</ext:Watts><ext:Torque>20</ext:Torque></ext:TPX></Extensions></Trackpoint><Trackpoint><Time>2025-08-28T13:21:00.968Z</Time><DistanceMeters>8737.922283984437</DistanceMeters><HeartRateBpm><Value>164</Value></HeartRateBpm><Cadence>24</Cadence><Extensions><ext:TPX><ext:Watts>61.361111111111114</ext:Watts><ext:Torque>20</ext:Torque></ext:TPX></Extensions></Trackpoint><Trackpoint><Time>2025-08-28T13:21:02.193Z</Time><DistanceMeters>8742.988810376557</DistanceMeters><HeartRateBpm><Value>165</Value></HeartRateBpm><Cadence>24</Cadence><Extensions><ext:TPX><ext:Watts>60.885714285714286</ext:Watts><ext:Torque>20</ext:Torque></ext:TPX></Extensions></Trackpoint><Trackpoint><Time>2025-08-28T13:21:03.488Z</Time><DistanceMeters>8747.74426387553</DistanceMeters><HeartRateBpm><Value>165</Value></HeartRateBpm><Cadence>23</Cadence><Extensions><ext:TPX><ext:Watts>53.648648648648646</ext:Watts><ext:Torque>20</ext:Torque></ext:TPX></Extensions></Trackpoint><Trackpoint><Time>2025-08-28T13:21:04.748Z</Time><DistanceMeters>8752.668849521318</DistanceMeters><HeartRateBpm><Value>165</Value></HeartRateBpm><Cadence>24</Cadence><Extensions><ext:TPX><ext:Watts>57.97222222222222</ext:Watts><ext:Torque>20</ext:Torque></ext:TPX></Extensions></Trackpoint><Trackpoint><Time>2025-08-28T13:21:05.973Z</Time><DistanceMeters>8757.768661398888</DistanceMeters><HeartRateBpm><Value>165</Value></HeartRateBpm><Cadence>24</Cadence><Extensions><ext:TPX><ext:Watts>61.285714285714285</ext:Watts><ext:Torque>20</ext:Torque></ext:TPX></Extensions></Trackpoint><Trackpoint><Time>2025-08-28T13:21:07.233Z</Time><DistanceMeters>8762.577624286343</DistanceMeters><HeartRateBpm><Value>165</Value></HeartRateBpm><Cadence>24</Cadence><Extensions><ext:TPX><ext:Watts>56.611111111111114</ext:Watts><ext:Torque>20</ext:Torque></ext:TPX></Extensions></Trackpoint><Trackpoint><Time>2025-08-28T13:21:08.568Z</Time><DistanceMeters>8767.606506379445</DistanceMeters><HeartRateBpm><Value>165</Value></HeartRateBpm><Cadence>22</Cadence><Extensions><ext:TPX><ext:Watts>55.5</ext:Watts><ext:Torque>20</ext:Torque></ext:TPX></Extensions></Trackpoint><Trackpoint><Time>2025-08-28T13:21:09.793Z</Time><DistanceMeters>8772.497095205626</DistanceMeters><HeartRateBpm><Value>165</Value></HeartRateBpm><Cadence>24</Cadence><Extensions><ext:TPX><ext:Watts>58.77142857142857</ext:Watts><ext:Torque>20</ext:Torque></ext:TPX></Extensions></Trackpoint><Trackpoint><Time>2025-08-28T13:21:11.053Z</Time><DistanceMeters>8777.317856333728</DistanceMeters><HeartRateBpm><Value>165</Value></HeartRateBpm><Cadence>24</Cadence><Extensions><ext:TPX><ext:Watts>56.75</ext:Watts><ext:Torque>20</ext:Torque></ext:TPX></Extensions></Trackpoint><Trackpoint><Time>2025-08-28T13:21:12.313Z</Time><DistanceMeters>8782.301433182749</DistanceMeters><HeartRateBpm><Value>165</Value></HeartRateBpm><Cadence>24</Cadence><Extensions><ext:TPX><ext:Watts>58.666666666666664</ext:Watts><ext:Torque>20</ext:Torque></ext:TPX></Extensions></Trackpoint><Trackpoint><Time>2025-08-28T13:21:13.503Z</Time><DistanceMeters>8786.820231527776</DistanceMeters><HeartRateBpm><Value>165</Value></HeartRateBpm><Cadence>25</Cadence><Extensions><ext:TPX><ext:Watts>55.411764705882355</ext:Watts><ext:Torque>20</ext:Torque></ext:TPX></Extensions></Trackpoint><Trackpoint><Time>2025-08-28T13:21:14.728Z</Time><DistanceMeters>8791.24720109236</DistanceMeters><HeartRateBpm><Value>165</Value></HeartRateBpm><Cadence>24</Cadence><Extensions><ext:TPX><ext:Watts>53.2</ext:Watts><ext:Torque>20</ext:Torque></ext:TPX></Extensions></Trackpoint><Trackpoint><Time>2025-08-28T13:21:15.953Z</Time><DistanceMeters>8795.914301659104</DistanceMeters><HeartRateBpm><Value>165</Value></HeartRateBpm><Cadence>24</Cadence><Extensions><ext:TPX><ext:Watts>56.08571428571429</ext:Watts><ext:Torque>20</ext:Torque></ext:TPX></Extensions></Trackpoint><Trackpoint><Time>2025-08-28T13:21:17.213Z</Time><DistanceMeters>8800.744501379722</DistanceMeters><HeartRateBpm><Value>165</Value></HeartRateBpm><Cadence>24</Cadence><Extensions><ext:TPX><ext:Watts>56.861111111111114</ext:Watts><ext:Torque>20</ext:Torque></ext:TPX></Extensions></Trackpoint><Trackpoint><Time>2025-08-28T13:21:18.438Z</Time><DistanceMeters>8805.627957601879</DistanceMeters><HeartRateBpm><Value>165</Value></HeartRateBpm><Cadence>24</Cadence><Extensions><ext:TPX><ext:Watts>58.68571428571428</ext:Watts><ext:Torque>20</ext:Torque></ext:TPX></Extensions></Trackpoint><Trackpoint><Time>2025-08-28T13:21:19.698Z</Time><DistanceMeters>8810.243429342732</DistanceMeters><HeartRateBpm><Value>164</Value></HeartRateBpm><Cadence>24</Cadence><Extensions><ext:TPX><ext:Watts>54.333333333333336</ext:Watts><ext:Torque>20</ext:Torque></ext:TPX></Extensions></Trackpoint><Trackpoint><Time>2025-08-28T13:21:20.958Z</Time><DistanceMeters>8815.158576396003</DistanceMeters><HeartRateBpm><Value>164</Value></HeartRateBpm><Cadence>24</Cadence><Extensions><ext:TPX><ext:Watts>57.861111111111114</ext:Watts><ext:Torque>20</ext:Torque></ext:TPX></Extensions></Trackpoint><Trackpoint><Time>2025-08-28T13:21:22.183Z</Time><DistanceMeters>8820.04203261816</DistanceMeters><HeartRateBpm><Value>164</Value></HeartRateBpm><Cadence>24</Cadence><Extensions><ext:TPX><ext:Watts>58.68571428571428</ext:Watts><ext:Torque>20</ext:Torque></ext:TPX></Extensions></Trackpoint><Trackpoint><Time>2025-08-28T13:21:23.443Z</Time><DistanceMeters>8824.610311396427</DistanceMeters><HeartRateBpm><Value>164</Value></HeartRateBpm><Cadence>24</Cadence><Extensions><ext:TPX><ext:Watts>53.77777777777778</ext:Watts><ext:Torque>20</ext:Torque></ext:TPX></Extensions></Trackpoint><Trackpoint><Time>2025-08-28T13:21:24.668Z</Time><DistanceMeters>8829.348738003418</DistanceMeters><HeartRateBpm><Value>164</Value></HeartRateBpm><Cadence>24</Cadence><Extensions><ext:TPX><ext:Watts>56.94285714285714</ext:Watts><ext:Torque>20</ext:Torque></ext:TPX></Extensions></Trackpoint><Trackpoint><Time>2025-08-28T13:21:25.893Z</Time><DistanceMeters>8833.963532807316</DistanceMeters><HeartRateBpm><Value>164</Value></HeartRateBpm><Cadence>24</Cadence><Extensions><ext:TPX><ext:Watts>55.457142857142856</ext:Watts><ext:Torque>20</ext:Torque></ext:TPX></Extensions></Trackpoint><Trackpoint><Time>2025-08-28T13:21:27.118Z</Time><DistanceMeters>8838.630633374061</DistanceMeters><HeartRateBpm><Value>164</Value></HeartRateBpm><Cadence>24</Cadence><Extensions><ext:TPX><ext:Watts>56.08571428571429</ext:Watts><ext:Torque>20</ext:Torque></ext:TPX></Extensions></Trackpoint><Trackpoint><Time>2025-08-28T13:21:28.343Z</Time><DistanceMeters>8843.39759039715</DistanceMeters><HeartRateBpm><Value>164</Value></HeartRateBpm><Cadence>24</Cadence><Extensions><ext:TPX><ext:Watts>57.285714285714285</ext:Watts><ext:Torque>20</ext:Torque></ext:TPX></Extensions></Trackpoint><Trackpoint><Time>2025-08-28T13:21:29.568Z</Time><DistanceMeters>8848.107486588042</DistanceMeters><HeartRateBpm><Value>164</Value></HeartRateBpm><Cadence>24</Cadence><Extensions><ext:TPX><ext:Watts>56.6</ext:Watts><ext:Torque>20</ext:Torque></ext:TPX></Extensions></Trackpoint><Trackpoint><Time>2025-08-28T13:21:30.793Z</Time><DistanceMeters>8852.826892917634</DistanceMeters><HeartRateBpm><Value>164</Value></HeartRateBpm><Cadence>24</Cadence><Extensions><ext:TPX><ext:Watts>56.714285714285715</ext:Watts><ext:Torque>20</ext:Torque></ext:TPX></Extensions></Trackpoint><Trackpoint><Time>2025-08-28T13:21:32.018Z</Time><DistanceMeters>8857.543921712551</DistanceMeters><HeartRateBpm><Value>164</Value></HeartRateBpm><Cadence>24</Cadence><Extensions><ext:TPX><ext:Watts>56.68571428571428</ext:Watts><ext:Torque>20</ext:Torque></ext:TPX></Extensions></Trackpoint><Trackpoint><Time>2025-08-28T13:21:33.243Z</Time><DistanceMeters>8861.609506006558</DistanceMeters><HeartRateBpm><Value>164</Value></HeartRateBpm><Cadence>24</Cadence><Extensions><ext:TPX><ext:Watts>48.857142857142854</ext:Watts><ext:Torque>20</ext:Torque></ext:TPX></Extensions></Trackpoint><Trackpoint><Time>2025-08-28T13:21:34.433Z</Time><DistanceMeters>8865.612624073357</DistanceMeters><HeartRateBpm><Value>165</Value></HeartRateBpm><Cadence>25</Cadence><Extensions><ext:TPX><ext:Watts>49.088235294117645</ext:Watts><ext:Torque>20</ext:Torque></ext:TPX></Extensions></Trackpoint><Trackpoint><Time>2025-08-28T13:21:35.623Z</Time><DistanceMeters>8869.80282614807</DistanceMeters><HeartRateBpm><Value>165</Value></HeartRateBpm><Cadence>25</Cadence><Extensions><ext:TPX><ext:Watts>51.38235294117647</ext:Watts><ext:Torque>20</ext:Torque></ext:TPX></Extensions></Trackpoint><Trackpoint><Time>2025-08-28T13:21:36.813Z</Time><DistanceMeters>8874.535092143153</DistanceMeters><HeartRateBpm><Value>165</Value></HeartRateBpm><Cadence>25</Cadence><Extensions><ext:TPX><ext:Watts>58.029411764705884</ext:Watts><ext:Torque>20</ext:Torque></ext:TPX></Extensions></Trackpoint><Trackpoint><Time>2025-08-28T13:21:38.003Z</Time><DistanceMeters>8879.281749215768</DistanceMeters><HeartRateBpm><Value>165</Value></HeartRateBpm><Cadence>25</Cadence><Extensions><ext:TPX><ext:Watts>58.205882352941174</ext:Watts><ext:Torque>20</ext:Torque></ext:TPX></Extensions></Trackpoint><Trackpoint><Time>2025-08-28T13:21:39.193Z</Time><DistanceMeters>8883.786156483262</DistanceMeters><HeartRateBpm><Value>165</Value></HeartRateBpm><Cadence>25</Cadence><Extensions><ext:TPX><ext:Watts>55.23529411764706</ext:Watts><ext:Torque>20</ext:Torque></ext:TPX></Extensions></Trackpoint><Trackpoint><Time>2025-08-28T13:21:40.383Z</Time><DistanceMeters>8888.518422478344</DistanceMeters><HeartRateBpm><Value>165</Value></HeartRateBpm><Cadence>25</Cadence><Extensions><ext:TPX><ext:Watts>58.029411764705884</ext:Watts><ext:Torque>20</ext:Torque></ext:TPX></Extensions></Trackpoint><Trackpoint><Time>2025-08-28T13:21:41.573Z</Time><DistanceMeters>8893.089988107655</DistanceMeters><HeartRateBpm><Value>165</Value></HeartRateBpm><Cadence>25</Cadence><Extensions><ext:TPX><ext:Watts>56.05882352941177</ext:Watts><ext:Torque>20</ext:Torque></ext:TPX></Extensions></Trackpoint><Trackpoint><Time>2025-08-28T13:21:42.763Z</Time><DistanceMeters>8897.745501689235</DistanceMeters><HeartRateBpm><Value>165</Value></HeartRateBpm><Cadence>25</Cadence><Extensions><ext:TPX><ext:Watts>57.088235294117645</ext:Watts><ext:Torque>20</ext:Torque></ext:TPX></Extensions></Trackpoint><Trackpoint><Time>2025-08-28T13:21:43.953Z</Time><DistanceMeters>8902.63846805009</DistanceMeters><HeartRateBpm><Value>165</Value></HeartRateBpm><Cadence>25</Cadence><Extensions><ext:TPX><ext:Watts>60.0</ext:Watts><ext:Torque>20</ext:Torque></ext:TPX></Extensions></Trackpoint><Trackpoint><Time>2025-08-28T13:21:45.143Z</Time><DistanceMeters>8907.562615078932</DistanceMeters><HeartRateBpm><Value>165</Value></HeartRateBpm><Cadence>25</Cadence><Extensions><ext:TPX><ext:Watts>60.38235294117647</ext:Watts><ext:Torque>20</ext:Torque></ext:TPX></Extensions></Trackpoint><Trackpoint><Time>2025-08-28T13:21:46.368Z</Time><DistanceMeters>8912.17740988283</DistanceMeters><HeartRateBpm><Value>165</Value></HeartRateBpm><Cadence>24</Cadence><Extensions><ext:TPX><ext:Watts>55.457142857142856</ext:Watts><ext:Torque>20</ext:Torque></ext:TPX></Extensions></Trackpoint><Trackpoint><Time>2025-08-28T13:21:47.559Z</Time><DistanceMeters>8916.938458032977</DistanceMeters><HeartRateBpm><Value>165</Value></HeartRateBpm><Cadence>25</Cadence><Extensions><ext:TPX><ext:Watts>58.38235294117647</ext:Watts><ext:Torque>20</ext:Torque></ext:TPX></Extensions></Trackpoint><Trackpoint><Time>2025-08-28T13:21:48.748Z</Time><DistanceMeters>8921.809837777535</DistanceMeters><HeartRateBpm><Value>165</Value></HeartRateBpm><Cadence>25</Cadence><Extensions><ext:TPX><ext:Watts>59.73529411764706</ext:Watts><ext:Torque>20</ext:Torque></ext:TPX></Extensions></Trackpoint><Trackpoint><Time>2025-08-28T13:21:49.939Z</Time><DistanceMeters>8926.822729784491</DistanceMeters><HeartRateBpm><Value>165</Value></HeartRateBpm><Cadence>25</Cadence><Extensions><ext:TPX><ext:Watts>61.470588235294116</ext:Watts><ext:Torque>20</ext:Torque></ext:TPX></Extensions></Trackpoint><Trackpoint><Time>2025-08-28T13:21:51.129Z</Time><DistanceMeters>8931.67012439983</DistanceMeters><HeartRateBpm><Value>165</Value></HeartRateBpm><Cadence>25</Cadence><Extensions><ext:TPX><ext:Watts>59.44117647058823</ext:Watts><ext:Torque>20</ext:Torque></ext:TPX></Extensions></Trackpoint><Trackpoint><Time>2025-08-28T13:21:52.319Z</Time><DistanceMeters>8936.368811214006</DistanceMeters><HeartRateBpm><Value>165</Value></HeartRateBpm><Cadence>25</Cadence><Extensions><ext:TPX><ext:Watts>57.61764705882353</ext:Watts><ext:Torque>20</ext:Torque></ext:TPX></Extensions></Trackpoint><Trackpoint><Time>2025-08-28T13:21:53.579Z</Time><DistanceMeters>8940.939449640404</DistanceMeters><HeartRateBpm><Value>165</Value></HeartRateBpm><Cadence>24</Cadence><Extensions><ext:TPX><ext:Watts>53.80555555555556</ext:Watts><ext:Torque>20</ext:Torque></ext:TPX></Extensions></Trackpoint><Trackpoint><Time>2025-08-28T13:21:54.804Z</Time><DistanceMeters>8945.501938681455</DistanceMeters><HeartRateBpm><Value>165</Value></HeartRateBpm><Cadence>24</Cadence><Extensions><ext:TPX><ext:Watts>54.82857142857143</ext:Watts><ext:Torque>20</ext:Torque></ext:TPX></Extensions></Trackpoint><Trackpoint><Time>2025-08-28T13:21:55.994Z</Time><DistanceMeters>8950.512432175488</DistanceMeters><HeartRateBpm><Value>165</Value></HeartRateBpm><Cadence>25</Cadence><Extensions><ext:TPX><ext:Watts>61.44117647058823</ext:Watts><ext:Torque>20</ext:Torque></ext:TPX></Extensions></Trackpoint><Trackpoint><Time>2025-08-28T13:21:57.219Z</Time><DistanceMeters>8955.417286209718</DistanceMeters><HeartRateBpm><Value>165</Value></HeartRateBpm><Cadence>24</Cadence><Extensions><ext:TPX><ext:Watts>58.94285714285714</ext:Watts><ext:Torque>20</ext:Torque></ext:TPX></Extensions></Trackpoint><Trackpoint><Time>2025-08-28T13:21:58.444Z</Time><DistanceMeters>8960.559893711436</DistanceMeters><HeartRateBpm><Value>165</Value></HeartRateBpm><Cadence>24</Cadence><Extensions><ext:TPX><ext:Watts>61.8</ext:Watts><ext:Torque>20</ext:Torque></ext:TPX></Extensions></Trackpoint><Trackpoint><Time>2025-08-28T13:21:59.669Z</Time><DistanceMeters>8965.71201135185</DistanceMeters><HeartRateBpm><Value>164</Value></HeartRateBpm><Cadence>24</Cadence><Extensions><ext:TPX><ext:Watts>61.91428571428571</ext:Watts><ext:Torque>20</ext:Torque></ext:TPX></Extensions></Trackpoint><Trackpoint><Time>2025-08-28T13:22:00.859Z</Time><DistanceMeters>8969.729520496181</DistanceMeters><HeartRateBpm><Value>164</Value></HeartRateBpm><Cadence>25</Cadence><Extensions><ext:TPX><ext:Watts>49.26470588235294</ext:Watts><ext:Torque>20</ext:Torque></ext:TPX></Extensions></Trackpoint><Trackpoint><Time>2025-08-28T13:22:02.049Z</Time><DistanceMeters>8974.339462332242</DistanceMeters><HeartRateBpm><Value>164</Value></HeartRateBpm><Cadence>25</Cadence><Extensions><ext:TPX><ext:Watts>56.529411764705884</ext:Watts><ext:Torque>20</ext:Torque></ext:TPX></Extensions></Trackpoint><Trackpoint><Time>2025-08-28T13:22:03.239Z</Time><DistanceMeters>8979.054938736872</DistanceMeters><HeartRateBpm><Value>164</Value></HeartRateBpm><Cadence>25</Cadence><Extensions><ext:TPX><ext:Watts>57.8235294117647</ext:Watts><ext:Torque>20</ext:Torque></ext:TPX></Extensions></Trackpoint><Trackpoint><Time>2025-08-28T13:22:04.464Z</Time><DistanceMeters>8983.926507285654</DistanceMeters><HeartRateBpm><Value>164</Value></HeartRateBpm><Cadence>24</Cadence><Extensions><ext:TPX><ext:Watts>58.542857142857144</ext:Watts><ext:Torque>20</ext:Torque></ext:TPX></Extensions></Trackpoint><Trackpoint><Time>2025-08-28T13:22:05.689Z</Time><DistanceMeters>8988.721994724841</DistanceMeters><HeartRateBpm><Value>164</Value></HeartRateBpm><Cadence>24</Cadence><Extensions><ext:TPX><ext:Watts>57.628571428571426</ext:Watts><ext:Torque>20</ext:Torque></ext:TPX></Extensions></Trackpoint><Trackpoint><Time>2025-08-28T13:22:06.914Z</Time><DistanceMeters>8993.574542996224</DistanceMeters><HeartRateBpm><Value>164</Value></HeartRateBpm><Cadence>24</Cadence><Extensions><ext:TPX><ext:Watts>58.31428571428572</ext:Watts><ext:Torque>20</ext:Torque></ext:TPX></Extensions></Trackpoint><Trackpoint><Time>2025-08-28T13:22:08.174Z</Time><DistanceMeters>8998.359909402387</DistanceMeters><HeartRateBpm><Value>164</Value></HeartRateBpm><Cadence>24</Cadence><Extensions><ext:TPX><ext:Watts>56.333333333333336</ext:Watts><ext:Torque>20</ext:Torque></ext:TPX></Extensions></Trackpoint><Trackpoint><Time>2025-08-28T13:22:09.399Z</Time><DistanceMeters>9003.302803991415</DistanceMeters><HeartRateBpm><Value>164</Value></HeartRateBpm><Cadence>24</Cadence><Extensions><ext:TPX><ext:Watts>59.4</ext:Watts><ext:Torque>20</ext:Torque></ext:TPX></Extensions></Trackpoint><Trackpoint><Time>2025-08-28T13:22:10.659Z</Time><DistanceMeters>9007.866363473426</DistanceMeters><HeartRateBpm><Value>164</Value></HeartRateBpm><Cadence>24</Cadence><Extensions><ext:TPX><ext:Watts>53.72222222222222</ext:Watts><ext:Torque>20</ext:Torque></ext:TPX></Extensions></Trackpoint><Trackpoint><Time>2025-08-28T13:22:11.884Z</Time><DistanceMeters>9011.962855718204</DistanceMeters><HeartRateBpm><Value>164</Value></HeartRateBpm><Cadence>24</Cadence><Extensions><ext:TPX><ext:Watts>49.22857142857143</ext:Watts><ext:Torque>20</ext:Torque></ext:TPX></Extensions></Trackpoint><Trackpoint><Time>2025-08-28T13:22:13.039Z</Time><DistanceMeters>9012.05314938648</DistanceMeters><HeartRateBpm><Value>164</Value></HeartRateBpm><Cadence>26</Cadence><Extensions><ext:TPX><ext:Watts>1.1515151515151516</ext:Watts><ext:Torque>20</ext:Torque></ext:TPX></Extensions></Trackpoint><Trackpoint><Time>2025-08-28T13:22:15.139Z</Time><DistanceMeters>9016.017891246527</DistanceMeters><HeartRateBpm><Value>164</Value></HeartRateBpm><Cadence>25</Cadence><Extensions><ext:TPX><ext:Watts>48.61764705882353</ext:Watts><ext:Torque>20</ext:Torque></ext:TPX></Extensions></Trackpoint><Trackpoint><Time>2025-08-28T13:22:16.329Z</Time><DistanceMeters>9020.915654633227</DistanceMeters><HeartRateBpm><Value>164</Value></HeartRateBpm><Cadence>25</Cadence><Extensions><ext:TPX><ext:Watts>60.05882352941177</ext:Watts><ext:Torque>20</ext:Torque></ext:TPX></Extensions></Trackpoint><Trackpoint><Time>2025-08-28T13:22:17.519Z</Time><DistanceMeters>9026.079652954268</DistanceMeters><HeartRateBpm><Value>164</Value></HeartRateBpm><Cadence>25</Cadence><Extensions><ext:TPX><ext:Watts>63.3235294117647</ext:Watts><ext:Torque>20</ext:Torque></ext:TPX></Extensions></Trackpoint><Trackpoint><Time>2025-08-28T13:22:18.709Z</Time><DistanceMeters>9031.418742718613</DistanceMeters><HeartRateBpm><Value>164</Value></HeartRateBpm><Cadence>25</Cadence><Extensions><ext:TPX><ext:Watts>65.47058823529412</ext:Watts><ext:Torque>20</ext:Torque></ext:TPX></Extensions></Trackpoint><Trackpoint><Time>2025-08-28T13:22:19.864Z</Time><DistanceMeters>9036.591619451123</DistanceMeters><HeartRateBpm><Value>164</Value></HeartRateBpm><Cadence>26</Cadence><Extensions><ext:TPX><ext:Watts>65.96969696969697</ext:Watts><ext:Torque>20</ext:Torque></ext:TPX></Extensions></Trackpoint><Trackpoint><Time>2025-08-28T13:22:21.054Z</Time><DistanceMeters>9041.961889883454</DistanceMeters><HeartRateBpm><Value>164</Value></HeartRateBpm><Cadence>25</Cadence><Extensions><ext:TPX><ext:Watts>65.8529411764706</ext:Watts><ext:Torque>20</ext:Torque></ext:TPX></Extensions></Trackpoint><Trackpoint><Time>2025-08-28T13:22:22.244Z</Time><DistanceMeters>9047.298581134879</DistanceMeters><HeartRateBpm><Value>164</Value></HeartRateBpm><Cadence>25</Cadence><Extensions><ext:TPX><ext:Watts>65.44117647058823</ext:Watts><ext:Torque>20</ext:Torque></ext:TPX></Extensions></Trackpoint><Trackpoint><Time>2025-08-28T13:22:23.399Z</Time><DistanceMeters>9052.533237745682</DistanceMeters><HeartRateBpm><Value>163</Value></HeartRateBpm><Cadence>26</Cadence><Extensions><ext:TPX><ext:Watts>66.75757575757575</ext:Watts><ext:Torque>20</ext:Torque></ext:TPX></Extensions></Trackpoint><Trackpoint><Time>2025-08-28T13:22:24.589Z</Time><DistanceMeters>9058.287270245532</DistanceMeters><HeartRateBpm><Value>163</Value></HeartRateBpm><Cadence>25</Cadence><Extensions><ext:TPX><ext:Watts>70.55882352941177</ext:Watts><ext:Torque>20</ext:Torque></ext:TPX></Extensions></Trackpoint><Trackpoint><Time>2025-08-28T13:22:25.779Z</Time><DistanceMeters>9064.03890423246</DistanceMeters><HeartRateBpm><Value>163</Value></HeartRateBpm><Cadence>25</Cadence><Extensions><ext:TPX><ext:Watts>70.52941176470588</ext:Watts><ext:Torque>20</ext:Torque></ext:TPX></Extensions></Trackpoint><Trackpoint><Time>2025-08-28T13:22:26.969Z</Time><DistanceMeters>9069.752162012637</DistanceMeters><HeartRateBpm><Value>163</Value></HeartRateBpm><Cadence>25</Cadence><Extensions><ext:TPX><ext:Watts>70.05882352941177</ext:Watts><ext:Torque>20</ext:Torque></ext:TPX></Extensions></Trackpoint><Trackpoint><Time>2025-08-28T13:22:28.194Z</Time><DistanceMeters>9075.562856757988</DistanceMeters><HeartRateBpm><Value>163</Value></HeartRateBpm><Cadence>24</Cadence><Extensions><ext:TPX><ext:Watts>69.82857142857142</ext:Watts><ext:Torque>20</ext:Torque></ext:TPX></Extensions></Trackpoint><Trackpoint><Time>2025-08-28T13:22:29.419Z</Time><DistanceMeters>9081.34977615659</DistanceMeters><HeartRateBpm><Value>162</Value></HeartRateBpm><Cadence>24</Cadence><Extensions><ext:TPX><ext:Watts>69.54285714285714</ext:Watts><ext:Torque>20</ext:Torque></ext:TPX></Extensions></Trackpoint><Trackpoint><Time>2025-08-28T13:22:30.574Z</Time><DistanceMeters>9086.77214855144</DistanceMeters><HeartRateBpm><Value>162</Value></HeartRateBpm><Cadence>26</Cadence><Extensions><ext:TPX><ext:Watts>69.15151515151516</ext:Watts><ext:Torque>20</ext:Torque></ext:TPX></Extensions></Trackpoint><Trackpoint><Time>2025-08-28T13:22:31.834Z</Time><DistanceMeters>9092.39990933975</DistanceMeters><HeartRateBpm><Value>162</Value></HeartRateBpm><Cadence>24</Cadence><Extensions><ext:TPX><ext:Watts>66.25</ext:Watts><ext:Torque>20</ext:Torque></ext:TPX></Extensions></Trackpoint><Trackpoint><Time>2025-08-28T13:22:33.024Z</Time><DistanceMeters>9098.04361024519</DistanceMeters><HeartRateBpm><Value>162</Value></HeartRateBpm><Cadence>25</Cadence><Extensions><ext:TPX><ext:Watts>69.20588235294117</ext:Watts><ext:Torque>20</ext:Torque></ext:TPX></Extensions></Trackpoint><Trackpoint><Time>2025-08-28T13:22:34.250Z</Time><DistanceMeters>9103.763958672896</DistanceMeters><HeartRateBpm><Value>162</Value></HeartRateBpm><Cadence>24</Cadence><Extensions><ext:TPX><ext:Watts>68.74285714285715</ext:Watts><ext:Torque>20</ext:Torque></ext:TPX></Extensions></Trackpoint><Trackpoint><Time>2025-08-28T13:22:35.439Z</Time><DistanceMeters>9109.398065526648</DistanceMeters><HeartRateBpm><Value>162</Value></HeartRateBpm><Cadence>25</Cadence><Extensions><ext:TPX><ext:Watts>69.08823529411765</ext:Watts><ext:Torque>20</ext:Torque></ext:TPX></Extensions></Trackpoint><Trackpoint><Time>2025-08-28T13:22:36.664Z</Time><DistanceMeters>9115.225403014723</DistanceMeters><HeartRateBpm><Value>162</Value></HeartRateBpm><Cadence>24</Cadence><Extensions><ext:TPX><ext:Watts>70.02857142857142</ext:Watts><ext:Torque>20</ext:Torque></ext:TPX></Extensions></Trackpoint><Trackpoint><Time>2025-08-28T13:22:37.889Z</Time><DistanceMeters>9120.660447281447</DistanceMeters><HeartRateBpm><Value>162</Value></HeartRateBpm><Cadence>24</Cadence><Extensions><ext:TPX><ext:Watts>65.31428571428572</ext:Watts><ext:Torque>20</ext:Torque></ext:TPX></Extensions></Trackpoint><Trackpoint><Time>2025-08-28T13:22:39.120Z</Time><DistanceMeters>9126.074093736097</DistanceMeters><HeartRateBpm><Value>162</Value></HeartRateBpm><Cadence>24</Cadence><Extensions><ext:TPX><ext:Watts>65.05714285714286</ext:Watts><ext:Torque>20</ext:Torque></ext:TPX></Extensions></Trackpoint><Trackpoint><Time>2025-08-28T13:22:40.344Z</Time><DistanceMeters>9131.16201794029</DistanceMeters><HeartRateBpm><Value>163</Value></HeartRateBpm><Cadence>24</Cadence><Extensions><ext:TPX><ext:Watts>61.142857142857146</ext:Watts><ext:Torque>20</ext:Torque></ext:TPX></Extensions></Trackpoint><Trackpoint><Time>2025-08-28T13:22:41.604Z</Time><DistanceMeters>9136.459427990503</DistanceMeters><HeartRateBpm><Value>163</Value></HeartRateBpm><Cadence>24</Cadence><Extensions><ext:TPX><ext:Watts>62.361111111111114</ext:Watts><ext:Torque>20</ext:Torque></ext:TPX></Extensions></Trackpoint><Trackpoint><Time>2025-08-28T13:22:42.865Z</Time><DistanceMeters>9141.511434635273</DistanceMeters><HeartRateBpm><Value>163</Value></HeartRateBpm><Cadence>24</Cadence><Extensions><ext:TPX><ext:Watts>59.47222222222222</ext:Watts><ext:Torque>20</ext:Torque></ext:TPX></Extensions></Trackpoint><Trackpoint><Time>2025-08-28T13:22:44.124Z</Time><DistanceMeters>9146.367590485313</DistanceMeters><HeartRateBpm><Value>163</Value></HeartRateBpm><Cadence>24</Cadence><Extensions><ext:TPX><ext:Watts>57.166666666666664</ext:Watts><ext:Torque>20</ext:Torque></ext:TPX></Extensions></Trackpoint><Trackpoint><Time>2025-08-28T13:22:45.350Z</Time><DistanceMeters>9151.365168371864</DistanceMeters><HeartRateBpm><Value>163</Value></HeartRateBpm><Cadence>24</Cadence><Extensions><ext:TPX><ext:Watts>60.05714285714286</ext:Watts><ext:Torque>20</ext:Torque></ext:TPX></Extensions></Trackpoint><Trackpoint><Time>2025-08-28T13:22:46.574Z</Time><DistanceMeters>9156.795457569238</DistanceMeters><HeartRateBpm><Value>163</Value></HeartRateBpm><Cadence>24</Cadence><Extensions><ext:TPX><ext:Watts>65.25714285714285</ext:Watts><ext:Torque>20</ext:Torque></ext:TPX></Extensions></Trackpoint><Trackpoint><Time>2025-08-28T13:22:47.800Z</Time><DistanceMeters>9162.209104023888</DistanceMeters><HeartRateBpm><Value>164</Value></HeartRateBpm><Cadence>24</Cadence><Extensions><ext:TPX><ext:Watts>65.05714285714286</ext:Watts><ext:Torque>20</ext:Torque></ext:TPX></Extensions></Trackpoint><Trackpoint><Time>2025-08-28T13:22:49.060Z</Time><DistanceMeters>9167.501794777843</DistanceMeters><HeartRateBpm><Value>164</Value></HeartRateBpm><Cadence>24</Cadence><Extensions><ext:TPX><ext:Watts>62.30555555555556</ext:Watts><ext:Torque>20</ext:Torque></ext:TPX></Extensions></Trackpoint><Trackpoint><Time>2025-08-28T13:22:50.320Z</Time><DistanceMeters>9172.636389107138</DistanceMeters><HeartRateBpm><Value>164</Value></HeartRateBpm><Cadence>24</Cadence><Extensions><ext:TPX><ext:Watts>60.44444444444444</ext:Watts><ext:Torque>20</ext:Torque></ext:TPX></Extensions></Trackpoint><Trackpoint><Time>2025-08-28T13:22:51.620Z</Time><DistanceMeters>9177.995557609505</DistanceMeters><HeartRateBpm><Value>164</Value></HeartRateBpm><Cadence>23</Cadence><Extensions><ext:TPX><ext:Watts>60.45945945945946</ext:Watts><ext:Torque>20</ext:Torque></ext:TPX></Extensions></Trackpoint><Trackpoint><Time>2025-08-28T13:22:52.880Z</Time><DistanceMeters>9183.184423845772</DistanceMeters><HeartRateBpm><Value>164</Value></HeartRateBpm><Cadence>24</Cadence><Extensions><ext:TPX><ext:Watts>61.083333333333336</ext:Watts><ext:Torque>20</ext:Torque></ext:TPX></Extensions></Trackpoint><Trackpoint><Time>2025-08-28T13:22:54.140Z</Time><DistanceMeters>9188.446439174048</DistanceMeters><HeartRateBpm><Value>164</Value></HeartRateBpm><Cadence>24</Cadence><Extensions><ext:TPX><ext:Watts>61.94444444444444</ext:Watts><ext:Torque>20</ext:Torque></ext:TPX></Extensions></Trackpoint><Trackpoint><Time>2025-08-28T13:22:55.400Z</Time><DistanceMeters>9193.727331687356</DistanceMeters><HeartRateBpm><Value>164</Value></HeartRateBpm><Cadence>24</Cadence><Extensions><ext:TPX><ext:Watts>62.166666666666664</ext:Watts><ext:Torque>20</ext:Torque></ext:TPX></Extensions></Trackpoint><Trackpoint><Time>2025-08-28T13:22:56.695Z</Time><DistanceMeters>9198.902031716463</DistanceMeters><HeartRateBpm><Value>165</Value></HeartRateBpm><Cadence>23</Cadence><Extensions><ext:TPX><ext:Watts>58.37837837837838</ext:Watts><ext:Torque>20</ext:Torque></ext:TPX></Extensions></Trackpoint><Trackpoint><Time>2025-08-28T13:22:57.955Z</Time><DistanceMeters>9204.029547101369</DistanceMeters><HeartRateBpm><Value>165</Value></HeartRateBpm><Cadence>24</Cadence><Extensions><ext:TPX><ext:Watts>60.361111111111114</ext:Watts><ext:Torque>20</ext:Torque></ext:TPX></Extensions></Trackpoint><Trackpoint><Time>2025-08-28T13:22:59.180Z</Time><DistanceMeters>9209.310051614228</DistanceMeters><HeartRateBpm><Value>165</Value></HeartRateBpm><Cadence>24</Cadence><Extensions><ext:TPX><ext:Watts>63.457142857142856</ext:Watts><ext:Torque>20</ext:Torque></ext:TPX></Extensions></Trackpoint><Trackpoint><Time>2025-08-28T13:23:00.475Z</Time><DistanceMeters>9214.31705303128</DistanceMeters><HeartRateBpm><Value>165</Value></HeartRateBpm><Cadence>23</Cadence><Extensions><ext:TPX><ext:Watts>56.486486486486484</ext:Watts><ext:Torque>20</ext:Torque></ext:TPX></Extensions></Trackpoint><Trackpoint><Time>2025-08-28T13:23:01.700Z</Time><DistanceMeters>9219.338406264578</DistanceMeters><HeartRateBpm><Value>165</Value></HeartRateBpm><Cadence>24</Cadence><Extensions><ext:TPX><ext:Watts>60.34285714285714</ext:Watts><ext:Torque>20</ext:Torque></ext:TPX></Extensions></Trackpoint><Trackpoint><Time>2025-08-28T13:23:02.960Z</Time><DistanceMeters>9224.126132318868</DistanceMeters><HeartRateBpm><Value>165</Value></HeartRateBpm><Cadence>24</Cadence><Extensions><ext:TPX><ext:Watts>56.361111111111114</ext:Watts><ext:Torque>20</ext:Torque></ext:TPX></Extensions></Trackpoint><Trackpoint><Time>2025-08-28T13:23:04.185Z</Time><DistanceMeters>9229.035741422449</DistanceMeters><HeartRateBpm><Value>165</Value></HeartRateBpm><Cadence>24</Cadence><Extensions><ext:TPX><ext:Watts>59.0</ext:Watts><ext:Torque>20</ext:Torque></ext:TPX></Extensions></Trackpoint><Trackpoint><Time>2025-08-28T13:23:05.410Z</Time><DistanceMeters>9234.235409756362</DistanceMeters><HeartRateBpm><Value>165</Value></HeartRateBpm><Cadence>24</Cadence><Extensions><ext:TPX><ext:Watts>62.48571428571429</ext:Watts><ext:Torque>20</ext:Torque></ext:TPX></Extensions></Trackpoint><Trackpoint><Time>2025-08-28T13:23:06.705Z</Time><DistanceMeters>9239.338238951732</DistanceMeters><HeartRateBpm><Value>165</Value></HeartRateBpm><Cadence>23</Cadence><Extensions><ext:TPX><ext:Watts>57.567567567567565</ext:Watts><ext:Torque>20</ext:Torque></ext:TPX></Extensions></Trackpoint><Trackpoint><Time>2025-08-28T13:23:07.965Z</Time><DistanceMeters>9244.503508706706</DistanceMeters><HeartRateBpm><Value>165</Value></HeartRateBpm><Cadence>24</Cadence><Extensions><ext:TPX><ext:Watts>60.80555555555556</ext:Watts><ext:Torque>20</ext:Torque></ext:TPX></Extensions></Trackpoint><Trackpoint><Time>2025-08-28T13:23:09.260Z</Time><DistanceMeters>9249.527279984964</DistanceMeters><HeartRateBpm><Value>165</Value></HeartRateBpm><Cadence>23</Cadence><Extensions><ext:TPX><ext:Watts>56.67567567567568</ext:Watts><ext:Torque>20</ext:Torque></ext:TPX></Extensions></Trackpoint><Trackpoint><Time>2025-08-28T13:23:10.555Z</Time><DistanceMeters>9254.76187237552</DistanceMeters><HeartRateBpm><Value>165</Value></HeartRateBpm><Cadence>23</Cadence><Extensions><ext:TPX><ext:Watts>59.054054054054056</ext:Watts><ext:Torque>20</ext:Torque></ext:TPX></Extensions></Trackpoint><Trackpoint><Time>2025-08-28T13:23:11.850Z</Time><DistanceMeters>9259.821579070647</DistanceMeters><HeartRateBpm><Value>165</Value></HeartRateBpm><Cadence>23</Cadence><Extensions><ext:TPX><ext:Watts>57.08108108108108</ext:Watts><ext:Torque>20</ext:Torque></ext:TPX></Extensions></Trackpoint><Trackpoint><Time>2025-08-28T13:23:13.145Z</Time><DistanceMeters>9265.489792158087</DistanceMeters><HeartRateBpm><Value>165</Value></HeartRateBpm><Cadence>23</Cadence><Extensions><ext:TPX><ext:Watts>63.945945945945944</ext:Watts><ext:Torque>20</ext:Torque></ext:TPX></Extensions></Trackpoint><Trackpoint><Time>2025-08-28T13:23:14.440Z</Time><DistanceMeters>9271.203523440226</DistanceMeters><HeartRateBpm><Value>164</Value></HeartRateBpm><Cadence>23</Cadence><Extensions><ext:TPX><ext:Watts>64.45945945945945</ext:Watts><ext:Torque>20</ext:Torque></ext:TPX></Extensions></Trackpoint><Trackpoint><Time>2025-08-28T13:23:15.770Z</Time><DistanceMeters>9277.057437872927</DistanceMeters><HeartRateBpm><Value>164</Value></HeartRateBpm><Cadence>22</Cadence><Extensions><ext:TPX><ext:Watts>64.60526315789474</ext:Watts><ext:Torque>20</ext:Torque></ext:TPX></Extensions></Trackpoint><Trackpoint><Time>2025-08-28T13:23:17.065Z</Time><DistanceMeters>9282.725650960367</DistanceMeters><HeartRateBpm><Value>164</Value></HeartRateBpm><Cadence>23</Cadence><Extensions><ext:TPX><ext:Watts>63.945945945945944</ext:Watts><ext:Torque>20</ext:Torque></ext:TPX></Extensions></Trackpoint><Trackpoint><Time>2025-08-28T13:23:17.800Z</Time><DistanceMeters>9283.312882695507</DistanceMeters><HeartRateBpm><Value>164</Value></HeartRateBpm><Cadence>41</Cadence><Extensions><ext:TPX><ext:Watts>11.80952380952381</ext:Watts><ext:Torque>20</ext:Torque></ext:TPX></Extensions></Trackpoint><Trackpoint><Time>2025-08-28T13:23:18.325Z</Time><DistanceMeters>9283.405877670202</DistanceMeters><HeartRateBpm><Value>164</Value></HeartRateBpm><Cadence>57</Cadence><Extensions><ext:TPX><ext:Watts>2.6</ext:Watts><ext:Torque>20</ext:Torque></ext:TPX></Extensions></Trackpoint><Trackpoint><Time>2025-08-28T13:23:18.815Z</Time><DistanceMeters>9283.463172358268</DistanceMeters><HeartRateBpm><Value>164</Value></HeartRateBpm><Cadence>61</Cadence><Extensions><ext:TPX><ext:Watts>1.7142857142857142</ext:Watts><ext:Torque>20</ext:Torque></ext:TPX></Extensions></Trackpoint><Trackpoint><Time>2025-08-28T13:23:20.110Z</Time><DistanceMeters>9287.880832938672</DistanceMeters><HeartRateBpm><Value>164</Value></HeartRateBpm><Cadence>23</Cadence><Extensions><ext:TPX><ext:Watts>49.83783783783784</ext:Watts><ext:Torque>20</ext:Torque></ext:TPX></Extensions></Trackpoint><Trackpoint><Time>2025-08-28T13:23:21.335Z</Time><DistanceMeters>9292.904563706645</DistanceMeters><HeartRateBpm><Value>164</Value></HeartRateBpm><Cadence>24</Cadence><Extensions><ext:TPX><ext:Watts>60.371428571428574</ext:Watts><ext:Torque>20</ext:Torque></ext:TPX></Extensions></Trackpoint><Trackpoint><Time>2025-08-28T13:23:22.525Z</Time><DistanceMeters>9298.032584333856</DistanceMeters><HeartRateBpm><Value>164</Value></HeartRateBpm><Cadence>25</Cadence><Extensions><ext:TPX><ext:Watts>62.88235294117647</ext:Watts><ext:Torque>20</ext:Torque></ext:TPX></Extensions></Trackpoint><Trackpoint><Time>2025-08-28T13:23:23.750Z</Time><DistanceMeters>9303.220364994395</DistanceMeters><HeartRateBpm><Value>164</Value></HeartRateBpm><Cadence>24</Cadence><Extensions><ext:TPX><ext:Watts>62.34285714285714</ext:Watts><ext:Torque>20</ext:Torque></ext:TPX></Extensions></Trackpoint><Trackpoint><Time>2025-08-28T13:23:24.975Z</Time><DistanceMeters>9308.239340693019</DistanceMeters><HeartRateBpm><Value>164</Value></HeartRateBpm><Cadence>24</Cadence><Extensions><ext:TPX><ext:Watts>60.31428571428572</ext:Watts><ext:Torque>20</ext:Torque></ext:TPX></Extensions></Trackpoint><Trackpoint><Time>2025-08-28T13:23:26.165Z</Time><DistanceMeters>9313.412933065747</DistanceMeters><HeartRateBpm><Value>163</Value></HeartRateBpm><Cadence>25</Cadence><Extensions><ext:TPX><ext:Watts>63.44117647058823</ext:Watts><ext:Torque>20</ext:Torque></ext:TPX></Extensions></Trackpoint><Trackpoint><Time>2025-08-28T13:23:27.391Z</Time><DistanceMeters>9318.562673171487</DistanceMeters><HeartRateBpm><Value>163</Value></HeartRateBpm><Cadence>24</Cadence><Extensions><ext:TPX><ext:Watts>61.885714285714286</ext:Watts><ext:Torque>20</ext:Torque></ext:TPX></Extensions></Trackpoint><Trackpoint><Time>2025-08-28T13:23:28.651Z</Time><DistanceMeters>9323.586364038705</DistanceMeters><HeartRateBpm><Value>163</Value></HeartRateBpm><Cadence>24</Cadence><Extensions><ext:TPX><ext:Watts>59.138888888888886</ext:Watts><ext:Torque>20</ext:Torque></ext:TPX></Extensions></Trackpoint><Trackpoint><Time>2025-08-28T13:23:29.945Z</Time><DistanceMeters>9328.516703233105</DistanceMeters><HeartRateBpm><Value>163</Value></HeartRateBpm><Cadence>23</Cadence><Extensions><ext:TPX><ext:Watts>55.62162162162162</ext:Watts><ext:Torque>20</ext:Torque></ext:TPX></Extensions></Trackpoint><Trackpoint><Time>2025-08-28T13:23:31.206Z</Time><DistanceMeters>9333.264315269198</DistanceMeters><HeartRateBpm><Value>163</Value></HeartRateBpm><Cadence>24</Cadence><Extensions><ext:TPX><ext:Watts>55.888888888888886</ext:Watts><ext:Torque>20</ext:Torque></ext:TPX></Extensions></Trackpoint><Trackpoint><Time>2025-08-28T13:23:32.536Z</Time><DistanceMeters>9338.147743683932</DistanceMeters><HeartRateBpm><Value>163</Value></HeartRateBpm><Cadence>22</Cadence><Extensions><ext:TPX><ext:Watts>53.89473684210526</ext:Watts><ext:Torque>20</ext:Torque></ext:TPX></Extensions></Trackpoint><Trackpoint><Time>2025-08-28T13:23:33.830Z</Time><DistanceMeters>9342.903197182904</DistanceMeters><HeartRateBpm><Value>163</Value></HeartRateBpm><Cadence>23</Cadence><Extensions><ext:TPX><ext:Watts>53.648648648648646</ext:Watts><ext:Torque>20</ext:Torque></ext:TPX></Extensions></Trackpoint><Trackpoint><Time>2025-08-28T13:23:35.161Z</Time><DistanceMeters>9347.808085976414</DistanceMeters><HeartRateBpm><Value>163</Value></HeartRateBpm><Cadence>22</Cadence><Extensions><ext:TPX><ext:Watts>54.13157894736842</ext:Watts><ext:Torque>20</ext:Torque></ext:TPX></Extensions></Trackpoint><Trackpoint><Time>2025-08-28T13:23:36.491Z</Time><DistanceMeters>9352.526984820533</DistanceMeters><HeartRateBpm><Value>163</Value></HeartRateBpm><Cadence>22</Cadence><Extensions><ext:TPX><ext:Watts>52.078947368421055</ext:Watts><ext:Torque>20</ext:Torque></ext:TPX></Extensions></Trackpoint><Trackpoint><Time>2025-08-28T13:23:37.821Z</Time><DistanceMeters>9357.27211301649</DistanceMeters><HeartRateBpm><Value>163</Value></HeartRateBpm><Cadence>22</Cadence><Extensions><ext:TPX><ext:Watts>52.36842105263158</ext:Watts><ext:Torque>20</ext:Torque></ext:TPX></Extensions></Trackpoint><Trackpoint><Time>2025-08-28T13:23:39.151Z</Time><DistanceMeters>9361.948091103059</DistanceMeters><HeartRateBpm><Value>163</Value></HeartRateBpm><Cadence>22</Cadence><Extensions><ext:TPX><ext:Watts>51.60526315789474</ext:Watts><ext:Torque>20</ext:Torque></ext:TPX></Extensions></Trackpoint><Trackpoint><Time>2025-08-28T13:23:40.481Z</Time><DistanceMeters>9366.776676327589</DistanceMeters><HeartRateBpm><Value>163</Value></HeartRateBpm><Cadence>22</Cadence><Extensions><ext:TPX><ext:Watts>53.28947368421053</ext:Watts><ext:Torque>20</ext:Torque></ext:TPX></Extensions></Trackpoint><Trackpoint><Time>2025-08-28T13:23:41.776Z</Time><DistanceMeters>9371.860339967296</DistanceMeters><HeartRateBpm><Value>163</Value></HeartRateBpm><Cadence>23</Cadence><Extensions><ext:TPX><ext:Watts>57.351351351351354</ext:Watts><ext:Torque>20</ext:Torque></ext:TPX></Extensions></Trackpoint><Trackpoint><Time>2025-08-28T13:23:43.106Z</Time><DistanceMeters>9376.908297952643</DistanceMeters><HeartRateBpm><Value>163</Value></HeartRateBpm><Cadence>22</Cadence><Extensions><ext:TPX><ext:Watts>55.71052631578947</ext:Watts><ext:Torque>20</ext:Torque></ext:TPX></Extensions></Trackpoint><Trackpoint><Time>2025-08-28T13:23:44.436Z</Time><DistanceMeters>9381.932411072685</DistanceMeters><HeartRateBpm><Value>163</Value></HeartRateBpm><Cadence>22</Cadence><Extensions><ext:TPX><ext:Watts>55.44736842105263</ext:Watts><ext:Torque>20</ext:Torque></ext:TPX></Extensions></Trackpoint><Trackpoint><Time>2025-08-28T13:23:45.801Z</Time><DistanceMeters>9386.969847302782</DistanceMeters><HeartRateBpm><Value>163</Value></HeartRateBpm><Cadence>22</Cadence><Extensions><ext:TPX><ext:Watts>54.35897435897436</ext:Watts><ext:Torque>20</ext:Torque></ext:TPX></Extensions></Trackpoint><Trackpoint><Time>2025-08-28T13:23:47.096Z</Time><DistanceMeters>9392.343389971897</DistanceMeters><HeartRateBpm><Value>163</Value></HeartRateBpm><Cadence>23</Cadence><Extensions><ext:TPX><ext:Watts>60.62162162162162</ext:Watts><ext:Torque>20</ext:Torque></ext:TPX></Extensions></Trackpoint><Trackpoint><Time>2025-08-28T13:23:48.426Z</Time><DistanceMeters>9397.536801635613</DistanceMeters><HeartRateBpm><Value>163</Value></HeartRateBpm><Cadence>22</Cadence><Extensions><ext:TPX><ext:Watts>57.31578947368421</ext:Watts><ext:Torque>20</ext:Torque></ext:TPX></Extensions></Trackpoint><Trackpoint><Time>2025-08-28T13:23:49.726Z</Time><DistanceMeters>9402.737854303758</DistanceMeters><HeartRateBpm><Value>163</Value></HeartRateBpm><Cadence>23</Cadence><Extensions><ext:TPX><ext:Watts>58.67567567567568</ext:Watts><ext:Torque>20</ext:Torque></ext:TPX></Extensions></Trackpoint><Trackpoint><Time>2025-08-28T13:23:51.021Z</Time><DistanceMeters>9407.828705026837</DistanceMeters><HeartRateBpm><Value>162</Value></HeartRateBpm><Cadence>23</Cadence><Extensions><ext:TPX><ext:Watts>57.432432432432435</ext:Watts><ext:Torque>20</ext:Torque></ext:TPX></Extensions></Trackpoint><Trackpoint><Time>2025-08-28T13:23:52.351Z</Time><DistanceMeters>9412.883816471776</DistanceMeters><HeartRateBpm><Value>162</Value></HeartRateBpm><Cadence>22</Cadence><Extensions><ext:TPX><ext:Watts>55.78947368421053</ext:Watts><ext:Torque>20</ext:Torque></ext:TPX></Extensions></Trackpoint><Trackpoint><Time>2025-08-28T13:23:53.648Z</Time><DistanceMeters>9418.151948584742</DistanceMeters><HeartRateBpm><Value>162</Value></HeartRateBpm><Cadence>23</Cadence><Extensions><ext:TPX><ext:Watts>59.432432432432435</ext:Watts><ext:Torque>20</ext:Torque></ext:TPX></Extensions></Trackpoint><Trackpoint><Time>2025-08-28T13:23:54.976Z</Time><DistanceMeters>9423.207060029681</DistanceMeters><HeartRateBpm><Value>162</Value></HeartRateBpm><Cadence>22</Cadence><Extensions><ext:TPX><ext:Watts>55.78947368421053</ext:Watts><ext:Torque>20</ext:Torque></ext:TPX></Extensions></Trackpoint><Trackpoint><Time>2025-08-28T13:23:56.271Z</Time><DistanceMeters>9428.470400753731</DistanceMeters><HeartRateBpm><Value>162</Value></HeartRateBpm><Cadence>23</Cadence><Extensions><ext:TPX><ext:Watts>59.37837837837838</ext:Watts><ext:Torque>20</ext:Torque></ext:TPX></Extensions></Trackpoint><Trackpoint><Time>2025-08-28T13:23:57.571Z</Time><DistanceMeters>9433.788842450314</DistanceMeters><HeartRateBpm><Value>161</Value></HeartRateBpm><Cadence>23</Cadence><Extensions><ext:TPX><ext:Watts>60.0</ext:Watts><ext:Torque>20</ext:Torque></ext:TPX></Extensions></Trackpoint><Trackpoint><Time>2025-08-28T13:23:58.866Z</Time><DistanceMeters>9439.02343484087</DistanceMeters><HeartRateBpm><Value>161</Value></HeartRateBpm><Cadence>23</Cadence><Extensions><ext:TPX><ext:Watts>59.054054054054056</ext:Watts><ext:Torque>20</ext:Torque></ext:TPX></Extensions></Trackpoint><Trackpoint><Time>2025-08-28T13:24:00.091Z</Time><DistanceMeters>9444.237368382832</DistanceMeters><HeartRateBpm><Value>161</Value></HeartRateBpm><Cadence>24</Cadence><Extensions><ext:TPX><ext:Watts>62.65714285714286</ext:Watts><ext:Torque>20</ext:Torque></ext:TPX></Extensions></Trackpoint><Trackpoint><Time>2025-08-28T13:24:01.351Z</Time><DistanceMeters>9449.412076730323</DistanceMeters><HeartRateBpm><Value>161</Value></HeartRateBpm><Cadence>24</Cadence><Extensions><ext:TPX><ext:Watts>60.916666666666664</ext:Watts><ext:Torque>20</ext:Torque></ext:TPX></Extensions></Trackpoint><Trackpoint><Time>2025-08-28T13:24:02.576Z</Time><DistanceMeters>9454.740131936678</DistanceMeters><HeartRateBpm><Value>161</Value></HeartRateBpm><Cadence>24</Cadence><Extensions><ext:TPX><ext:Watts>64.02857142857142</ext:Watts><ext:Torque>20</ext:Torque></ext:TPX></Extensions></Trackpoint><Trackpoint><Time>2025-08-28T13:24:03.766Z</Time><DistanceMeters>9459.71224922396</DistanceMeters><HeartRateBpm><Value>161</Value></HeartRateBpm><Cadence>25</Cadence><Extensions><ext:TPX><ext:Watts>60.970588235294116</ext:Watts><ext:Torque>20</ext:Torque></ext:TPX></Extensions></Trackpoint><Trackpoint><Time>2025-08-28T13:24:04.956Z</Time><DistanceMeters>9464.727539743837</DistanceMeters><HeartRateBpm><Value>161</Value></HeartRateBpm><Cadence>25</Cadence><Extensions><ext:TPX><ext:Watts>61.5</ext:Watts><ext:Torque>20</ext:Torque></ext:TPX></Extensions></Trackpoint><Trackpoint><Time>2025-08-28T13:24:06.216Z</Time><DistanceMeters>9469.857414776872</DistanceMeters><HeartRateBpm><Value>161</Value></HeartRateBpm><Cadence>24</Cadence><Extensions><ext:TPX><ext:Watts>60.388888888888886</ext:Watts><ext:Torque>20</ext:Torque></ext:TPX></Extensions></Trackpoint><Trackpoint><Time>2025-08-28T13:24:07.406Z</Time><DistanceMeters>9475.12694766648</DistanceMeters><HeartRateBpm><Value>161</Value></HeartRateBpm><Cadence>25</Cadence><Extensions><ext:TPX><ext:Watts>64.61764705882354</ext:Watts><ext:Torque>20</ext:Torque></ext:TPX></Extensions></Trackpoint><Trackpoint><Time>2025-08-28T13:24:08.631Z</Time><DistanceMeters>9480.195851593277</DistanceMeters><HeartRateBpm><Value>161</Value></HeartRateBpm><Cadence>24</Cadence><Extensions><ext:TPX><ext:Watts>60.91428571428571</ext:Watts><ext:Torque>20</ext:Torque></ext:TPX></Extensions></Trackpoint><Trackpoint><Time>2025-08-28T13:24:09.856Z</Time><DistanceMeters>9485.416917739263</DistanceMeters><HeartRateBpm><Value>161</Value></HeartRateBpm><Cadence>24</Cadence><Extensions><ext:TPX><ext:Watts>62.74285714285714</ext:Watts><ext:Torque>20</ext:Torque></ext:TPX></Extensions></Trackpoint><Trackpoint><Time>2025-08-28T13:24:11.046Z</Time><DistanceMeters>9490.580916060304</DistanceMeters><HeartRateBpm><Value>161</Value></HeartRateBpm><Cadence>25</Cadence><Extensions><ext:TPX><ext:Watts>63.3235294117647</ext:Watts><ext:Torque>20</ext:Torque></ext:TPX></Extensions></Trackpoint><Trackpoint><Time>2025-08-28T13:24:12.271Z</Time><DistanceMeters>9495.856665503812</DistanceMeters><HeartRateBpm><Value>161</Value></HeartRateBpm><Cadence>24</Cadence><Extensions><ext:TPX><ext:Watts>63.4</ext:Watts><ext:Torque>20</ext:Torque></ext:TPX></Extensions></Trackpoint><Trackpoint><Time>2025-08-28T13:24:13.496Z</Time><DistanceMeters>9501.198985918216</DistanceMeters><HeartRateBpm><Value>161</Value></HeartRateBpm><Cadence>24</Cadence><Extensions><ext:TPX><ext:Watts>64.2</ext:Watts><ext:Torque>20</ext:Torque></ext:TPX></Extensions></Trackpoint><Trackpoint><Time>2025-08-28T13:24:14.686Z</Time><DistanceMeters>9506.132726998745</DistanceMeters><HeartRateBpm><Value>161</Value></HeartRateBpm><Cadence>25</Cadence><Extensions><ext:TPX><ext:Watts>60.5</ext:Watts><ext:Torque>20</ext:Torque></ext:TPX></Extensions></Trackpoint><Trackpoint><Time>2025-08-28T13:24:15.876Z</Time><DistanceMeters>9511.296725319786</DistanceMeters><HeartRateBpm><Value>161</Value></HeartRateBpm><Cadence>25</Cadence><Extensions><ext:TPX><ext:Watts>63.3235294117647</ext:Watts><ext:Torque>20</ext:Torque></ext:TPX></Extensions></Trackpoint><Trackpoint><Time>2025-08-28T13:24:17.171Z</Time><DistanceMeters>9516.533713404799</DistanceMeters><HeartRateBpm><Value>161</Value></HeartRateBpm><Cadence>23</Cadence><Extensions><ext:TPX><ext:Watts>59.08108108108108</ext:Watts><ext:Torque>20</ext:Torque></ext:TPX></Extensions></Trackpoint><Trackpoint><Time>2025-08-28T13:24:18.501Z</Time><DistanceMeters>9520.444271315035</DistanceMeters><HeartRateBpm><Value>161</Value></HeartRateBpm><Cadence>22</Cadence><Extensions><ext:TPX><ext:Watts>43.1578947368421</ext:Watts><ext:Torque>20</ext:Torque></ext:TPX></Extensions></Trackpoint><Trackpoint><Time>2025-08-28T13:24:19.796Z</Time><DistanceMeters>9524.076144113242</DistanceMeters><HeartRateBpm><Value>161</Value></HeartRateBpm><Cadence>23</Cadence><Extensions><ext:TPX><ext:Watts>40.972972972972975</ext:Watts><ext:Torque>20</ext:Torque></ext:TPX></Extensions></Trackpoint><Trackpoint><Time>2025-08-28T13:24:21.162Z</Time><DistanceMeters>9528.980515990092</DistanceMeters><HeartRateBpm><Value>161</Value></HeartRateBpm><Cadence>22</Cadence><Extensions><ext:TPX><ext:Watts>52.92307692307692</ext:Watts><ext:Torque>20</ext:Torque></ext:TPX></Extensions></Trackpoint><Trackpoint><Time>2025-08-28T13:24:22.421Z</Time><DistanceMeters>9533.050909013084</DistanceMeters><HeartRateBpm><Value>161</Value></HeartRateBpm><Cadence>24</Cadence><Extensions><ext:TPX><ext:Watts>47.916666666666664</ext:Watts><ext:Torque>20</ext:Torque></ext:TPX></Extensions></Trackpoint><Trackpoint><Time>2025-08-28T13:24:23.647Z</Time><DistanceMeters>9537.739407391902</DistanceMeters><HeartRateBpm><Value>161</Value></HeartRateBpm><Cadence>24</Cadence><Extensions><ext:TPX><ext:Watts>56.34285714285714</ext:Watts><ext:Torque>20</ext:Torque></ext:TPX></Extensions></Trackpoint><Trackpoint><Time>2025-08-28T13:24:24.912Z</Time><DistanceMeters>9542.472359486426</DistanceMeters><HeartRateBpm><Value>161</Value></HeartRateBpm><Cadence>24</Cadence><Extensions><ext:TPX><ext:Watts>54.55555555555556</ext:Watts><ext:Torque>20</ext:Torque></ext:TPX></Extensions></Trackpoint><Trackpoint><Time>2025-08-28T13:24:26.172Z</Time><DistanceMeters>9547.118506652962</DistanceMeters><HeartRateBpm><Value>161</Value></HeartRateBpm><Cadence>24</Cadence><Extensions><ext:TPX><ext:Watts>54.69444444444444</ext:Watts><ext:Torque>20</ext:Torque></ext:TPX></Extensions></Trackpoint><Trackpoint><Time>2025-08-28T13:24:27.432Z</Time><DistanceMeters>9552.071408076301</DistanceMeters><HeartRateBpm><Value>162</Value></HeartRateBpm><Cadence>24</Cadence><Extensions><ext:TPX><ext:Watts>58.30555555555556</ext:Watts><ext:Torque>20</ext:Torque></ext:TPX></Extensions></Trackpoint><Trackpoint><Time>2025-08-28T13:24:28.692Z</Time><DistanceMeters>9556.99127442583</DistanceMeters><HeartRateBpm><Value>162</Value></HeartRateBpm><Cadence>24</Cadence><Extensions><ext:TPX><ext:Watts>57.916666666666664</ext:Watts><ext:Torque>20</ext:Torque></ext:TPX></Extensions></Trackpoint><Trackpoint><Time>2025-08-28T13:24:29.952Z</Time><DistanceMeters>9562.007886348661</DistanceMeters><HeartRateBpm><Value>162</Value></HeartRateBpm><Cadence>24</Cadence><Extensions><ext:TPX><ext:Watts>59.05555555555556</ext:Watts><ext:Torque>20</ext:Torque></ext:TPX></Extensions></Trackpoint><Trackpoint><Time>2025-08-28T13:24:31.212Z</Time><DistanceMeters>9567.02685791962</DistanceMeters><HeartRateBpm><Value>162</Value></HeartRateBpm><Cadence>24</Cadence><Extensions><ext:TPX><ext:Watts>59.083333333333336</ext:Watts><ext:Torque>20</ext:Torque></ext:TPX></Extensions></Trackpoint><Trackpoint><Time>2025-08-28T13:24:32.437Z</Time><DistanceMeters>9572.076741569017</DistanceMeters><HeartRateBpm><Value>162</Value></HeartRateBpm><Cadence>24</Cadence><Extensions><ext:TPX><ext:Watts>60.68571428571428</ext:Watts><ext:Torque>20</ext:Torque></ext:TPX></Extensions></Trackpoint><Trackpoint><Time>2025-08-28T13:24:33.732Z</Time><DistanceMeters>9577.277794237161</DistanceMeters><HeartRateBpm><Value>162</Value></HeartRateBpm><Cadence>23</Cadence><Extensions><ext:TPX><ext:Watts>58.67567567567568</ext:Watts><ext:Torque>20</ext:Torque></ext:TPX></Extensions></Trackpoint><Trackpoint><Time>2025-08-28T13:24:35.028Z</Time><DistanceMeters>9582.442911488437</DistanceMeters><HeartRateBpm><Value>162</Value></HeartRateBpm><Cadence>23</Cadence><Extensions><ext:TPX><ext:Watts>58.270270270270274</ext:Watts><ext:Torque>20</ext:Torque></ext:TPX></Extensions></Trackpoint><Trackpoint><Time>2025-08-28T13:24:36.322Z</Time><DistanceMeters>9587.667921101161</DistanceMeters><HeartRateBpm><Value>162</Value></HeartRateBpm><Cadence>23</Cadence><Extensions><ext:TPX><ext:Watts>58.945945945945944</ext:Watts><ext:Torque>20</ext:Torque></ext:TPX></Extensions></Trackpoint><Trackpoint><Time>2025-08-28T13:24:37.652Z</Time><DistanceMeters>9592.677727302018</DistanceMeters><HeartRateBpm><Value>162</Value></HeartRateBpm><Cadence>22</Cadence><Extensions><ext:TPX><ext:Watts>55.28947368421053</ext:Watts><ext:Torque>20</ext:Torque></ext:TPX></Extensions></Trackpoint><Trackpoint><Time>2025-08-28T13:24:38.982Z</Time><DistanceMeters>9597.768606044916</DistanceMeters><HeartRateBpm><Value>162</Value></HeartRateBpm><Cadence>22</Cadence><Extensions><ext:TPX><ext:Watts>56.18421052631579</ext:Watts><ext:Torque>20</ext:Torque></ext:TPX></Extensions></Trackpoint><Trackpoint><Time>2025-08-28T13:24:40.277Z</Time><DistanceMeters>9602.864248156913</DistanceMeters><HeartRateBpm><Value>162</Value></HeartRateBpm><Cadence>23</Cadence><Extensions><ext:TPX><ext:Watts>57.486486486486484</ext:Watts><ext:Torque>20</ext:Torque></ext:TPX></Extensions></Trackpoint><Trackpoint><Time>2025-08-28T13:24:41.537Z</Time><DistanceMeters>9607.788833802702</DistanceMeters><HeartRateBpm><Value>162</Value></HeartRateBpm><Cadence>24</Cadence><Extensions><ext:TPX><ext:Watts>57.97222222222222</ext:Watts><ext:Torque>20</ext:Torque></ext:TPX></Extensions></Trackpoint><Trackpoint><Time>2025-08-28T13:24:42.867Z</Time><DistanceMeters>9612.667493244375</DistanceMeters><HeartRateBpm><Value>162</Value></HeartRateBpm><Cadence>22</Cadence><Extensions><ext:TPX><ext:Watts>53.8421052631579</ext:Watts><ext:Torque>20</ext:Torque></ext:TPX></Extensions></Trackpoint><Trackpoint><Time>2025-08-28T13:24:44.197Z</Time><DistanceMeters>9617.486540522781</DistanceMeters><HeartRateBpm><Value>162</Value></HeartRateBpm><Cadence>22</Cadence><Extensions><ext:TPX><ext:Watts>53.18421052631579</ext:Watts><ext:Torque>20</ext:Torque></ext:TPX></Extensions></Trackpoint><Trackpoint><Time>2025-08-28T13:24:45.492Z</Time><DistanceMeters>9622.507916106582</DistanceMeters><HeartRateBpm><Value>162</Value></HeartRateBpm><Cadence>23</Cadence><Extensions><ext:TPX><ext:Watts>56.648648648648646</ext:Watts><ext:Torque>20</ext:Torque></ext:TPX></Extensions></Trackpoint><Trackpoint><Time>2025-08-28T13:24:46.822Z</Time><DistanceMeters>9627.510568847847</DistanceMeters><HeartRateBpm><Value>162</Value></HeartRateBpm><Cadence>22</Cadence><Extensions><ext:TPX><ext:Watts>55.21052631578947</ext:Watts><ext:Torque>20</ext:Torque></ext:TPX></Extensions></Trackpoint><Trackpoint><Time>2025-08-28T13:24:48.117Z</Time><DistanceMeters>9632.637354987797</DistanceMeters><HeartRateBpm><Value>162</Value></HeartRateBpm><Cadence>23</Cadence><Extensions><ext:TPX><ext:Watts>57.83783783783784</ext:Watts><ext:Torque>20</ext:Torque></ext:TPX></Extensions></Trackpoint><Trackpoint><Time>2025-08-28T13:24:49.412Z</Time><DistanceMeters>9637.543737237618</DistanceMeters><HeartRateBpm><Value>161</Value></HeartRateBpm><Cadence>23</Cadence><Extensions><ext:TPX><ext:Watts>55.351351351351354</ext:Watts><ext:Torque>20</ext:Torque></ext:TPX></Extensions></Trackpoint><Trackpoint><Time>2025-08-28T13:24:50.742Z</Time><DistanceMeters>9642.553543438475</DistanceMeters><HeartRateBpm><Value>161</Value></HeartRateBpm><Cadence>22</Cadence><Extensions><ext:TPX><ext:Watts>55.28947368421053</ext:Watts><ext:Torque>20</ext:Torque></ext:TPX></Extensions></Trackpoint><Trackpoint><Time>2025-08-28T13:24:52.037Z</Time><DistanceMeters>9647.60366735577</DistanceMeters><HeartRateBpm><Value>161</Value></HeartRateBpm><Cadence>23</Cadence><Extensions><ext:TPX><ext:Watts>56.972972972972975</ext:Watts><ext:Torque>20</ext:Torque></ext:TPX></Extensions></Trackpoint><Trackpoint><Time>2025-08-28T13:24:53.332Z</Time><DistanceMeters>9651.743427379057</DistanceMeters><HeartRateBpm><Value>161</Value></HeartRateBpm><Cadence>23</Cadence><Extensions><ext:TPX><ext:Watts>46.7027027027027</ext:Watts><ext:Torque>20</ext:Torque></ext:TPX></Extensions></Trackpoint><Trackpoint><Time>2025-08-28T13:24:54.662Z</Time><DistanceMeters>9656.672161037872</DistanceMeters><HeartRateBpm><Value>160</Value></HeartRateBpm><Cadence>22</Cadence><Extensions><ext:TPX><ext:Watts>54.39473684210526</ext:Watts><ext:Torque>20</ext:Torque></ext:TPX></Extensions></Trackpoint><Trackpoint><Time>2025-08-28T13:24:56.027Z</Time><DistanceMeters>9661.47435850062</DistanceMeters><HeartRateBpm><Value>160</Value></HeartRateBpm><Cadence>22</Cadence><Extensions><ext:TPX><ext:Watts>51.82051282051282</ext:Watts><ext:Torque>20</ext:Torque></ext:TPX></Extensions></Trackpoint><Trackpoint><Time>2025-08-28T13:24:57.322Z</Time><DistanceMeters>9666.471777139841</DistanceMeters><HeartRateBpm><Value>160</Value></HeartRateBpm><Cadence>23</Cadence><Extensions><ext:TPX><ext:Watts>56.37837837837838</ext:Watts><ext:Torque>20</ext:Torque></ext:TPX></Extensions></Trackpoint><Trackpoint><Time>2025-08-28T13:24:58.652Z</Time><DistanceMeters>9671.631805992129</DistanceMeters><HeartRateBpm><Value>160</Value></HeartRateBpm><Cadence>22</Cadence><Extensions><ext:TPX><ext:Watts>56.94736842105263</ext:Watts><ext:Torque>20</ext:Torque></ext:TPX></Extensions></Trackpoint><Trackpoint><Time>2025-08-28T13:24:59.947Z</Time><DistanceMeters>9676.978996022206</DistanceMeters><HeartRateBpm><Value>160</Value></HeartRateBpm><Cadence>23</Cadence><Extensions><ext:TPX><ext:Watts>60.32432432432432</ext:Watts><ext:Torque>20</ext:Torque></ext:TPX></Extensions></Trackpoint><Trackpoint><Time>2025-08-28T13:25:01.312Z</Time><DistanceMeters>9682.332460091266</DistanceMeters><HeartRateBpm><Value>160</Value></HeartRateBpm><Cadence>22</Cadence><Extensions><ext:TPX><ext:Watts>57.76923076923077</ext:Watts><ext:Torque>20</ext:Torque></ext:TPX></Extensions></Trackpoint><Trackpoint><Time>2025-08-28T13:25:02.642Z</Time><DistanceMeters>9687.640327108451</DistanceMeters><HeartRateBpm><Value>160</Value></HeartRateBpm><Cadence>22</Cadence><Extensions><ext:TPX><ext:Watts>58.578947368421055</ext:Watts><ext:Torque>20</ext:Torque></ext:TPX></Extensions></Trackpoint><Trackpoint><Time>2025-08-28T13:25:03.937Z</Time><DistanceMeters>9692.891689360213</DistanceMeters><HeartRateBpm><Value>160</Value></HeartRateBpm><Cadence>23</Cadence><Extensions><ext:TPX><ext:Watts>59.24324324324324</ext:Watts><ext:Torque>20</ext:Torque></ext:TPX></Extensions></Trackpoint><Trackpoint><Time>2025-08-28T13:25:05.267Z</Time><DistanceMeters>9698.225785729235</DistanceMeters><HeartRateBpm><Value>160</Value></HeartRateBpm><Cadence>22</Cadence><Extensions><ext:TPX><ext:Watts>58.86842105263158</ext:Watts><ext:Torque>20</ext:Torque></ext:TPX></Extensions></Trackpoint><Trackpoint><Time>2025-08-28T13:25:06.597Z</Time><DistanceMeters>9703.316664472133</DistanceMeters><HeartRateBpm><Value>160</Value></HeartRateBpm><Cadence>22</Cadence><Extensions><ext:TPX><ext:Watts>56.18421052631579</ext:Watts><ext:Torque>20</ext:Torque></ext:TPX></Extensions></Trackpoint><Trackpoint><Time>2025-08-28T13:25:07.857Z</Time><DistanceMeters>9708.524407893434</DistanceMeters><HeartRateBpm><Value>160</Value></HeartRateBpm><Cadence>24</Cadence><Extensions><ext:TPX><ext:Watts>61.30555555555556</ext:Watts><ext:Torque>20</ext:Torque></ext:TPX></Extensions></Trackpoint><Trackpoint><Time>2025-08-28T13:25:09.152Z</Time><DistanceMeters>9713.81649695098</DistanceMeters><HeartRateBpm><Value>160</Value></HeartRateBpm><Cadence>23</Cadence><Extensions><ext:TPX><ext:Watts>59.7027027027027</ext:Watts><ext:Torque>20</ext:Torque></ext:TPX></Extensions></Trackpoint><Trackpoint><Time>2025-08-28T13:25:10.447Z</Time><DistanceMeters>9718.950470174303</DistanceMeters><HeartRateBpm><Value>160</Value></HeartRateBpm><Cadence>23</Cadence><Extensions><ext:TPX><ext:Watts>57.91891891891892</ext:Watts><ext:Torque>20</ext:Torque></ext:TPX></Extensions></Trackpoint><Trackpoint><Time>2025-08-28T13:25:11.743Z</Time><DistanceMeters>9724.189853953774</DistanceMeters><HeartRateBpm><Value>160</Value></HeartRateBpm><Cadence>23</Cadence><Extensions><ext:TPX><ext:Watts>59.108108108108105</ext:Watts><ext:Torque>20</ext:Torque></ext:TPX></Extensions></Trackpoint><Trackpoint><Time>2025-08-28T13:25:13.073Z</Time><DistanceMeters>9729.376112157897</DistanceMeters><HeartRateBpm><Value>160</Value></HeartRateBpm><Cadence>22</Cadence><Extensions><ext:TPX><ext:Watts>57.23684210526316</ext:Watts><ext:Torque>20</ext:Torque></ext:TPX></Extensions></Trackpoint><Trackpoint><Time>2025-08-28T13:25:14.403Z</Time><DistanceMeters>9733.930481431404</DistanceMeters><HeartRateBpm><Value>160</Value></HeartRateBpm><Cadence>22</Cadence><Extensions><ext:TPX><ext:Watts>50.26315789473684</ext:Watts><ext:Torque>20</ext:Torque></ext:TPX></Extensions></Trackpoint><Trackpoint><Time>2025-08-28T13:25:15.662Z</Time><DistanceMeters>9738.89518109539</DistanceMeters><HeartRateBpm><Value>160</Value></HeartRateBpm><Cadence>24</Cadence><Extensions><ext:TPX><ext:Watts>58.44444444444444</ext:Watts><ext:Torque>20</ext:Torque></ext:TPX></Extensions></Trackpoint><Trackpoint><Time>2025-08-28T13:25:16.888Z</Time><DistanceMeters>9744.159042865524</DistanceMeters><HeartRateBpm><Value>161</Value></HeartRateBpm><Cadence>24</Cadence><Extensions><ext:TPX><ext:Watts>63.25714285714286</ext:Watts><ext:Torque>20</ext:Torque></ext:TPX></Extensions></Trackpoint><Trackpoint><Time>2025-08-28T13:25:18.183Z</Time><DistanceMeters>9749.379261089332</DistanceMeters><HeartRateBpm><Value>161</Value></HeartRateBpm><Cadence>23</Cadence><Extensions><ext:TPX><ext:Watts>58.891891891891895</ext:Watts><ext:Torque>20</ext:Torque></ext:TPX></Extensions></Trackpoint><Trackpoint><Time>2025-08-28T13:25:19.477Z</Time><DistanceMeters>9754.410219450965</DistanceMeters><HeartRateBpm><Value>161</Value></HeartRateBpm><Cadence>23</Cadence><Extensions><ext:TPX><ext:Watts>56.75675675675676</ext:Watts><ext:Torque>20</ext:Torque></ext:TPX></Extensions></Trackpoint><Trackpoint><Time>2025-08-28T13:25:20.773Z</Time><DistanceMeters>9759.762200869958</DistanceMeters><HeartRateBpm><Value>161</Value></HeartRateBpm><Cadence>23</Cadence><Extensions><ext:TPX><ext:Watts>60.37837837837838</ext:Watts><ext:Torque>20</ext:Torque></ext:TPX></Extensions></Trackpoint><Trackpoint><Time>2025-08-28T13:25:22.068Z</Time><DistanceMeters>9764.845864509665</DistanceMeters><HeartRateBpm><Value>160</Value></HeartRateBpm><Cadence>23</Cadence><Extensions><ext:TPX><ext:Watts>57.351351351351354</ext:Watts><ext:Torque>20</ext:Torque></ext:TPX></Extensions></Trackpoint><Trackpoint><Time>2025-08-28T13:25:23.328Z</Time><DistanceMeters>9770.051248282836</DistanceMeters><HeartRateBpm><Value>160</Value></HeartRateBpm><Cadence>24</Cadence><Extensions><ext:TPX><ext:Watts>61.27777777777778</ext:Watts><ext:Torque>20</ext:Torque></ext:TPX></Extensions></Trackpoint><Trackpoint><Time>2025-08-28T13:25:24.623Z</Time><DistanceMeters>9775.54217998039</DistanceMeters><HeartRateBpm><Value>160</Value></HeartRateBpm><Cadence>23</Cadence><Extensions><ext:TPX><ext:Watts>61.945945945945944</ext:Watts><ext:Torque>20</ext:Torque></ext:TPX></Extensions></Trackpoint><Trackpoint><Time>2025-08-28T13:25:25.918Z</Time><DistanceMeters>9781.145709317465</DistanceMeters><HeartRateBpm><Value>160</Value></HeartRateBpm><Cadence>23</Cadence><Extensions><ext:TPX><ext:Watts>63.21621621621622</ext:Watts><ext:Torque>20</ext:Torque></ext:TPX></Extensions></Trackpoint><Trackpoint><Time>2025-08-28T13:25:27.213Z</Time><DistanceMeters>9786.437798375011</DistanceMeters><HeartRateBpm><Value>160</Value></HeartRateBpm><Cadence>23</Cadence><Extensions><ext:TPX><ext:Watts>59.7027027027027</ext:Watts><ext:Torque>20</ext:Torque></ext:TPX></Extensions></Trackpoint><Trackpoint><Time>2025-08-28T13:25:28.508Z</Time><DistanceMeters>9791.624476876408</DistanceMeters><HeartRateBpm><Value>160</Value></HeartRateBpm><Cadence>23</Cadence><Extensions><ext:TPX><ext:Watts>58.513513513513516</ext:Watts><ext:Torque>20</ext:Torque></ext:TPX></Extensions></Trackpoint><Trackpoint><Time>2025-08-28T13:25:29.803Z</Time><DistanceMeters>9796.336807875137</DistanceMeters><HeartRateBpm><Value>160</Value></HeartRateBpm><Cadence>23</Cadence><Extensions><ext:TPX><ext:Watts>53.16216216216216</ext:Watts><ext:Torque>20</ext:Torque></ext:TPX></Extensions></Trackpoint><Trackpoint><Time>2025-08-28T13:25:31.098Z</Time><DistanceMeters>9801.293499708574</DistanceMeters><HeartRateBpm><Value>160</Value></HeartRateBpm><Cadence>23</Cadence><Extensions><ext:TPX><ext:Watts>55.91891891891892</ext:Watts><ext:Torque>20</ext:Torque></ext:TPX></Extensions></Trackpoint><Trackpoint><Time>2025-08-28T13:25:32.358Z</Time><DistanceMeters>9806.281795853853</DistanceMeters><HeartRateBpm><Value>160</Value></HeartRateBpm><Cadence>24</Cadence><Extensions><ext:TPX><ext:Watts>58.72222222222222</ext:Watts><ext:Torque>20</ext:Torque></ext:TPX></Extensions></Trackpoint><Trackpoint><Time>2025-08-28T13:25:33.653Z</Time><DistanceMeters>9811.437330327297</DistanceMeters><HeartRateBpm><Value>160</Value></HeartRateBpm><Cadence>23</Cadence><Extensions><ext:TPX><ext:Watts>58.16216216216216</ext:Watts><ext:Torque>20</ext:Torque></ext:TPX></Extensions></Trackpoint><Trackpoint><Time>2025-08-28T13:25:34.878Z</Time><DistanceMeters>9816.449173421895</DistanceMeters><HeartRateBpm><Value>160</Value></HeartRateBpm><Cadence>24</Cadence><Extensions><ext:TPX><ext:Watts>60.22857142857143</ext:Watts><ext:Torque>20</ext:Torque></ext:TPX></Extensions></Trackpoint><Trackpoint><Time>2025-08-28T13:25:36.173Z</Time><DistanceMeters>9821.643039006667</DistanceMeters><HeartRateBpm><Value>160</Value></HeartRateBpm><Cadence>23</Cadence><Extensions><ext:TPX><ext:Watts>58.5945945945946</ext:Watts><ext:Torque>20</ext:Torque></ext:TPX></Extensions></Trackpoint><Trackpoint><Time>2025-08-28T13:25:37.468Z</Time><DistanceMeters>9826.491924589498</DistanceMeters><HeartRateBpm><Value>160</Value></HeartRateBpm><Cadence>23</Cadence><Extensions><ext:TPX><ext:Watts>54.7027027027027</ext:Watts><ext:Torque>20</ext:Torque></ext:TPX></Extensions></Trackpoint><Trackpoint><Time>2025-08-28T13:25:38.693Z</Time><DistanceMeters>9830.552753814154</DistanceMeters><HeartRateBpm><Value>160</Value></HeartRateBpm><Cadence>24</Cadence><Extensions><ext:TPX><ext:Watts>48.8</ext:Watts><ext:Torque>20</ext:Torque></ext:TPX></Extensions></Trackpoint><Trackpoint><Time>2025-08-28T13:25:39.918Z</Time><DistanceMeters>9835.001121190811</DistanceMeters><HeartRateBpm><Value>160</Value></HeartRateBpm><Cadence>24</Cadence><Extensions><ext:TPX><ext:Watts>53.457142857142856</ext:Watts><ext:Torque>20</ext:Torque></ext:TPX></Extensions></Trackpoint><Trackpoint><Time>2025-08-28T13:25:41.178Z</Time><DistanceMeters>9839.98705768796</DistanceMeters><HeartRateBpm><Value>160</Value></HeartRateBpm><Cadence>24</Cadence><Extensions><ext:TPX><ext:Watts>58.69444444444444</ext:Watts><ext:Torque>20</ext:Torque></ext:TPX></Extensions></Trackpoint><Trackpoint><Time>2025-08-28T13:25:42.473Z</Time><DistanceMeters>9845.183318967189</DistanceMeters><HeartRateBpm><Value>160</Value></HeartRateBpm><Cadence>23</Cadence><Extensions><ext:TPX><ext:Watts>58.62162162162162</ext:Watts><ext:Torque>20</ext:Torque></ext:TPX></Extensions></Trackpoint><Trackpoint><Time>2025-08-28T13:25:43.768Z</Time><DistanceMeters>9850.223860106653</DistanceMeters><HeartRateBpm><Value>160</Value></HeartRateBpm><Cadence>23</Cadence><Extensions><ext:TPX><ext:Watts>56.86486486486486</ext:Watts><ext:Torque>20</ext:Torque></ext:TPX></Extensions></Trackpoint><Trackpoint><Time>2025-08-28T13:25:45.063Z</Time><DistanceMeters>9855.362624718891</DistanceMeters><HeartRateBpm><Value>160</Value></HeartRateBpm><Cadence>23</Cadence><Extensions><ext:TPX><ext:Watts>57.972972972972975</ext:Watts><ext:Torque>20</ext:Torque></ext:TPX></Extensions></Trackpoint><Trackpoint><Time>2025-08-28T13:25:46.324Z</Time><DistanceMeters>9860.459464678117</DistanceMeters><HeartRateBpm><Value>160</Value></HeartRateBpm><Cadence>24</Cadence><Extensions><ext:TPX><ext:Watts>60.0</ext:Watts><ext:Torque>20</ext:Torque></ext:TPX></Extensions></Trackpoint><Trackpoint><Time>2025-08-28T13:25:47.653Z</Time><DistanceMeters>9865.392967309994</DistanceMeters><HeartRateBpm><Value>160</Value></HeartRateBpm><Cadence>22</Cadence><Extensions><ext:TPX><ext:Watts>54.44736842105263</ext:Watts><ext:Torque>20</ext:Torque></ext:TPX></Extensions></Trackpoint><Trackpoint><Time>2025-08-28T13:25:48.948Z</Time><DistanceMeters>9870.51256636657</DistanceMeters><HeartRateBpm><Value>160</Value></HeartRateBpm><Cadence>23</Cadence><Extensions><ext:TPX><ext:Watts>57.75675675675676</ext:Watts><ext:Torque>20</ext:Torque></ext:TPX></Extensions></Trackpoint><Trackpoint><Time>2025-08-28T13:25:50.278Z</Time><DistanceMeters>9875.255310075996</DistanceMeters><HeartRateBpm><Value>160</Value></HeartRateBpm><Cadence>22</Cadence><Extensions><ext:TPX><ext:Watts>52.3421052631579</ext:Watts><ext:Torque>20</ext:Torque></ext:TPX></Extensions></Trackpoint><Trackpoint><Time>2025-08-28T13:25:51.573Z</Time><DistanceMeters>9880.20481482606</DistanceMeters><HeartRateBpm><Value>160</Value></HeartRateBpm><Cadence>23</Cadence><Extensions><ext:TPX><ext:Watts>55.83783783783784</ext:Watts><ext:Torque>20</ext:Torque></ext:TPX></Extensions></Trackpoint><Trackpoint><Time>2025-08-28T13:25:52.868Z</Time><DistanceMeters>9885.266917215646</DistanceMeters><HeartRateBpm><Value>160</Value></HeartRateBpm><Cadence>23</Cadence><Extensions><ext:TPX><ext:Watts>57.108108108108105</ext:Watts><ext:Torque>20</ext:Torque></ext:TPX></Extensions></Trackpoint><Trackpoint><Time>2025-08-28T13:25:54.198Z</Time><DistanceMeters>9890.360180445075</DistanceMeters><HeartRateBpm><Value>160</Value></HeartRateBpm><Cadence>22</Cadence><Extensions><ext:TPX><ext:Watts>56.21052631578947</ext:Watts><ext:Torque>20</ext:Torque></ext:TPX></Extensions></Trackpoint><Trackpoint><Time>2025-08-28T13:25:55.493Z</Time><DistanceMeters>9895.525297696351</DistanceMeters><HeartRateBpm><Value>160</Value></HeartRateBpm><Cadence>23</Cadence><Extensions><ext:TPX><ext:Watts>58.270270270270274</ext:Watts><ext:Torque>20</ext:Torque></ext:TPX></Extensions></Trackpoint><Trackpoint><Time>2025-08-28T13:25:56.824Z</Time><DistanceMeters>9901.073997853131</DistanceMeters><HeartRateBpm><Value>160</Value></HeartRateBpm><Cadence>22</Cadence><Extensions><ext:TPX><ext:Watts>61.23684210526316</ext:Watts><ext:Torque>20</ext:Torque></ext:TPX></Extensions></Trackpoint><Trackpoint><Time>2025-08-28T13:25:58.153Z</Time><DistanceMeters>9906.17203005562</DistanceMeters><HeartRateBpm><Value>161</Value></HeartRateBpm><Cadence>22</Cadence><Extensions><ext:TPX><ext:Watts>56.26315789473684</ext:Watts><ext:Torque>20</ext:Torque></ext:TPX></Extensions></Trackpoint><Trackpoint><Time>2025-08-28T13:25:59.483Z</Time><DistanceMeters>9911.463205667093</DistanceMeters><HeartRateBpm><Value>161</Value></HeartRateBpm><Cadence>22</Cadence><Extensions><ext:TPX><ext:Watts>58.39473684210526</ext:Watts><ext:Torque>20</ext:Torque></ext:TPX></Extensions></Trackpoint><Trackpoint><Time>2025-08-28T13:26:00.778Z</Time><DistanceMeters>9916.805604308254</DistanceMeters><HeartRateBpm><Value>161</Value></HeartRateBpm><Cadence>23</Cadence><Extensions><ext:TPX><ext:Watts>60.270270270270274</ext:Watts><ext:Torque>20</ext:Torque></ext:TPX></Extensions></Trackpoint><Trackpoint><Time>2025-08-28T13:26:02.143Z</Time><DistanceMeters>9921.790765256717</DistanceMeters><HeartRateBpm><Value>161</Value></HeartRateBpm><Cadence>22</Cadence><Extensions><ext:TPX><ext:Watts>53.794871794871796</ext:Watts><ext:Torque>20</ext:Torque></ext:TPX></Extensions></Trackpoint><Trackpoint><Time>2025-08-28T13:26:03.438Z</Time><DistanceMeters>9926.975048063658</DistanceMeters><HeartRateBpm><Value>161</Value></HeartRateBpm><Cadence>23</Cadence><Extensions><ext:TPX><ext:Watts>58.486486486486484</ext:Watts><ext:Torque>20</ext:Torque></ext:TPX></Extensions></Trackpoint><Trackpoint><Time>2025-08-28T13:26:04.768Z</Time><DistanceMeters>9932.206611511863</DistanceMeters><HeartRateBpm><Value>161</Value></HeartRateBpm><Cadence>22</Cadence><Extensions><ext:TPX><ext:Watts>57.73684210526316</ext:Watts><ext:Torque>20</ext:Torque></ext:TPX></Extensions></Trackpoint><Trackpoint><Time>2025-08-28T13:26:06.098Z</Time><DistanceMeters>9937.276029875986</DistanceMeters><HeartRateBpm><Value>161</Value></HeartRateBpm><Cadence>22</Cadence><Extensions><ext:TPX><ext:Watts>55.94736842105263</ext:Watts><ext:Torque>20</ext:Torque></ext:TPX></Extensions></Trackpoint><Trackpoint><Time>2025-08-28T13:26:07.428Z</Time><DistanceMeters>9942.326372347863</DistanceMeters><HeartRateBpm><Value>162</Value></HeartRateBpm><Cadence>22</Cadence><Extensions><ext:TPX><ext:Watts>55.73684210526316</ext:Watts><ext:Torque>20</ext:Torque></ext:TPX></Extensions></Trackpoint><Trackpoint><Time>2025-08-28T13:26:08.723Z</Time><DistanceMeters>9947.515446543719</DistanceMeters><HeartRateBpm><Value>162</Value></HeartRateBpm><Cadence>23</Cadence><Extensions><ext:TPX><ext:Watts>58.54054054054054</ext:Watts><ext:Torque>20</ext:Torque></ext:TPX></Extensions></Trackpoint><Trackpoint><Time>2025-08-28T13:26:10.053Z</Time><DistanceMeters>9952.639708098046</DistanceMeters><HeartRateBpm><Value>162</Value></HeartRateBpm><Cadence>22</Cadence><Extensions><ext:TPX><ext:Watts>56.55263157894737</ext:Watts><ext:Torque>20</ext:Torque></ext:TPX></Extensions></Trackpoint><Trackpoint><Time>2025-08-28T13:26:11.418Z</Time><DistanceMeters>9957.807832532226</DistanceMeters><HeartRateBpm><Value>162</Value></HeartRateBpm><Cadence>22</Cadence><Extensions><ext:TPX><ext:Watts>55.76923076923077</ext:Watts><ext:Torque>20</ext:Torque></ext:TPX></Extensions></Trackpoint><Trackpoint><Time>2025-08-28T13:26:12.748Z</Time><DistanceMeters>9963.001244195942</DistanceMeters><HeartRateBpm><Value>162</Value></HeartRateBpm><Cadence>22</Cadence><Extensions><ext:TPX><ext:Watts>57.31578947368421</ext:Watts><ext:Torque>20</ext:Torque></ext:TPX></Extensions></Trackpoint><Trackpoint><Time>2025-08-28T13:26:14.043Z</Time><DistanceMeters>9968.144800197097</DistanceMeters><HeartRateBpm><Value>162</Value></HeartRateBpm><Cadence>23</Cadence><Extensions><ext:TPX><ext:Watts>58.027027027027025</ext:Watts><ext:Torque>20</ext:Torque></ext:TPX></Extensions></Trackpoint><Trackpoint><Time>2025-08-28T13:26:15.373Z</Time><DistanceMeters>9973.238063426526</DistanceMeters><HeartRateBpm><Value>162</Value></HeartRateBpm><Cadence>22</Cadence><Extensions><ext:TPX><ext:Watts>56.21052631578947</ext:Watts><ext:Torque>20</ext:Torque></ext:TPX></Extensions></Trackpoint><Trackpoint><Time>2025-08-28T13:26:16.673Z</Time><DistanceMeters>9978.494217067204</DistanceMeters><HeartRateBpm><Value>162</Value></HeartRateBpm><Cadence>23</Cadence><Extensions><ext:TPX><ext:Watts>59.2972972972973</ext:Watts><ext:Torque>20</ext:Torque></ext:TPX></Extensions></Trackpoint><Trackpoint><Time>2025-08-28T13:26:18.003Z</Time><DistanceMeters>9983.422950726019</DistanceMeters><HeartRateBpm><Value>162</Value></HeartRateBpm><Cadence>22</Cadence><Extensions><ext:TPX><ext:Watts>54.39473684210526</ext:Watts><ext:Torque>20</ext:Torque></ext:TPX></Extensions></Trackpoint><Trackpoint><Time>2025-08-28T13:26:19.298Z</Time><DistanceMeters>9988.568902421632</DistanceMeters><HeartRateBpm><Value>162</Value></HeartRateBpm><Cadence>23</Cadence><Extensions><ext:TPX><ext:Watts>58.054054054054056</ext:Watts><ext:Torque>20</ext:Torque></ext:TPX></Extensions></Trackpoint><Trackpoint><Time>2025-08-28T13:26:20.628Z</Time><DistanceMeters>9993.557248243713</DistanceMeters><HeartRateBpm><Value>161</Value></HeartRateBpm><Cadence>22</Cadence><Extensions><ext:TPX><ext:Watts>55.05263157894737</ext:Watts><ext:Torque>20</ext:Torque></ext:TPX></Extensions></Trackpoint><Trackpoint><Time>2025-08-28T13:26:21.923Z</Time><DistanceMeters>9998.58341521643</DistanceMeters><HeartRateBpm><Value>161</Value></HeartRateBpm><Cadence>23</Cadence><Extensions><ext:TPX><ext:Watts>56.7027027027027</ext:Watts><ext:Torque>20</ext:Torque></ext:TPX></Extensions></Trackpoint><Trackpoint><Time>2025-08-28T13:26:23.253Z</Time><DistanceMeters>10003.855514935656</DistanceMeters><HeartRateBpm><Value>161</Value></HeartRateBpm><Cadence>22</Cadence><Extensions><ext:TPX><ext:Watts>58.18421052631579</ext:Watts><ext:Torque>20</ext:Torque></ext:TPX></Extensions></Trackpoint><Trackpoint><Time>2025-08-28T13:26:24.583Z</Time><DistanceMeters>10008.693638106308</DistanceMeters><HeartRateBpm><Value>161</Value></HeartRateBpm><Cadence>22</Cadence><Extensions><ext:TPX><ext:Watts>53.39473684210526</ext:Watts><ext:Torque>20</ext:Torque></ext:TPX></Extensions></Trackpoint><Trackpoint><Time>2025-08-28T13:26:28.468Z</Time><DistanceMeters>10011.792042676869</DistanceMeters><HeartRateBpm><Value>160</Value></HeartRateBpm><Cadence>10</Cadence><Extensions><ext:TPX><ext:Watts>15.19767441860465</ext:Watts><ext:Torque>20</ext:Torque></ext:TPX></Extensions></Trackpoint><Trackpoint><Time>2025-08-28T13:26:29.728Z</Time><DistanceMeters>10016.80157565531</DistanceMeters><HeartRateBpm><Value>160</Value></HeartRateBpm><Cadence>24</Cadence><Extensions><ext:TPX><ext:Watts>58.97222222222222</ext:Watts><ext:Torque>20</ext:Torque></ext:TPX></Extensions></Trackpoint><Trackpoint><Time>2025-08-28T13:26:30.988Z</Time><DistanceMeters>10021.957406817768</DistanceMeters><HeartRateBpm><Value>160</Value></HeartRateBpm><Cadence>24</Cadence><Extensions><ext:TPX><ext:Watts>60.69444444444444</ext:Watts><ext:Torque>20</ext:Torque></ext:TPX></Extensions></Trackpoint><Trackpoint><Time>2025-08-28T13:26:32.213Z</Time><DistanceMeters>10027.183228033104</DistanceMeters><HeartRateBpm><Value>160</Value></HeartRateBpm><Cadence>24</Cadence><Extensions><ext:TPX><ext:Watts>62.8</ext:Watts><ext:Torque>20</ext:Torque></ext:TPX></Extensions></Trackpoint><Trackpoint><Time>2025-08-28T13:26:33.473Z</Time><DistanceMeters>10032.76379585883</DistanceMeters><HeartRateBpm><Value>160</Value></HeartRateBpm><Cadence>24</Cadence><Extensions><ext:TPX><ext:Watts>65.69444444444444</ext:Watts><ext:Torque>20</ext:Torque></ext:TPX></Extensions></Trackpoint><Trackpoint><Time>2025-08-28T13:26:34.733Z</Time><DistanceMeters>10038.603924978775</DistanceMeters><HeartRateBpm><Value>160</Value></HeartRateBpm><Cadence>24</Cadence><Extensions><ext:TPX><ext:Watts>68.75</ext:Watts><ext:Torque>20</ext:Torque></ext:TPX></Extensions></Trackpoint><Trackpoint><Time>2025-08-28T13:26:35.993Z</Time><DistanceMeters>10044.389782191747</DistanceMeters><HeartRateBpm><Value>160</Value></HeartRateBpm><Cadence>24</Cadence><Extensions><ext:TPX><ext:Watts>68.11111111111111</ext:Watts><ext:Torque>20</ext:Torque></ext:TPX></Extensions></Trackpoint><Trackpoint><Time>2025-08-28T13:26:37.253Z</Time><DistanceMeters>10050.173279756591</DistanceMeters><HeartRateBpm><Value>159</Value></HeartRateBpm><Cadence>24</Cadence><Extensions><ext:TPX><ext:Watts>68.08333333333333</ext:Watts><ext:Torque>20</ext:Torque></ext:TPX></Extensions></Trackpoint><Trackpoint><Time>2025-08-28T13:26:38.478Z</Time><DistanceMeters>10056.449971298214</DistanceMeters><HeartRateBpm><Value>159</Value></HeartRateBpm><Cadence>24</Cadence><Extensions><ext:TPX><ext:Watts>75.42857142857143</ext:Watts><ext:Torque>20</ext:Torque></ext:TPX></Extensions></Trackpoint><Trackpoint><Time>2025-08-28T13:26:39.738Z</Time><DistanceMeters>10062.707758137041</DistanceMeters><HeartRateBpm><Value>159</Value></HeartRateBpm><Cadence>24</Cadence><Extensions><ext:TPX><ext:Watts>73.66666666666667</ext:Watts><ext:Torque>20</ext:Torque></ext:TPX></Extensions></Trackpoint><Trackpoint><Time>2025-08-28T13:26:40.998Z</Time><DistanceMeters>10068.507773238789</DistanceMeters><HeartRateBpm><Value>159</Value></HeartRateBpm><Cadence>24</Cadence><Extensions><ext:TPX><ext:Watts>68.27777777777777</ext:Watts><ext:Torque>20</ext:Torque></ext:TPX></Extensions></Trackpoint><Trackpoint><Time>2025-08-28T13:26:42.258Z</Time><DistanceMeters>10074.388016376932</DistanceMeters><HeartRateBpm><Value>159</Value></HeartRateBpm><Cadence>24</Cadence><Extensions><ext:TPX><ext:Watts>69.22222222222223</ext:Watts><ext:Torque>20</ext:Torque></ext:TPX></Extensions></Trackpoint><Trackpoint><Time>2025-08-28T13:26:43.518Z</Time><DistanceMeters>10080.67411899331</DistanceMeters><HeartRateBpm><Value>159</Value></HeartRateBpm><Cadence>24</Cadence><Extensions><ext:TPX><ext:Watts>74.0</ext:Watts><ext:Torque>20</ext:Torque></ext:TPX></Extensions></Trackpoint><Trackpoint><Time>2025-08-28T13:26:44.813Z</Time><DistanceMeters>10086.907715972817</DistanceMeters><HeartRateBpm><Value>159</Value></HeartRateBpm><Cadence>23</Cadence><Extensions><ext:TPX><ext:Watts>70.32432432432432</ext:Watts><ext:Torque>20</ext:Torque></ext:TPX></Extensions></Trackpoint><Trackpoint><Time>2025-08-28T13:26:46.073Z</Time><DistanceMeters>10092.974371313172</DistanceMeters><HeartRateBpm><Value>159</Value></HeartRateBpm><Cadence>24</Cadence><Extensions><ext:TPX><ext:Watts>71.41666666666667</ext:Watts><ext:Torque>20</ext:Torque></ext:TPX></Extensions></Trackpoint><Trackpoint><Time>2025-08-28T13:26:47.403Z</Time><DistanceMeters>10098.96897045118</DistanceMeters><HeartRateBpm><Value>159</Value></HeartRateBpm><Cadence>22</Cadence><Extensions><ext:TPX><ext:Watts>66.15789473684211</ext:Watts><ext:Torque>20</ext:Torque></ext:TPX></Extensions></Trackpoint><Trackpoint><Time>2025-08-28T13:26:48.698Z</Time><DistanceMeters>10105.02768173526</DistanceMeters><HeartRateBpm><Value>159</Value></HeartRateBpm><Cadence>23</Cadence><Extensions><ext:TPX><ext:Watts>68.35135135135135</ext:Watts><ext:Torque>20</ext:Torque></ext:TPX></Extensions></Trackpoint><Trackpoint><Time>2025-08-28T13:26:50.028Z</Time><DistanceMeters>10111.058048171228</DistanceMeters><HeartRateBpm><Value>159</Value></HeartRateBpm><Cadence>22</Cadence><Extensions><ext:TPX><ext:Watts>66.55263157894737</ext:Watts><ext:Torque>20</ext:Torque></ext:TPX></Extensions></Trackpoint><Trackpoint><Time>2025-08-28T13:26:51.393Z</Time><DistanceMeters>10117.005549531574</DistanceMeters><HeartRateBpm><Value>160</Value></HeartRateBpm><Cadence>22</Cadence><Extensions><ext:TPX><ext:Watts>64.17948717948718</ext:Watts><ext:Torque>20</ext:Torque></ext:TPX></Extensions></Trackpoint><Trackpoint><Time>2025-08-28T13:26:52.723Z</Time><DistanceMeters>10122.92146061407</DistanceMeters><HeartRateBpm><Value>161</Value></HeartRateBpm><Cadence>22</Cadence><Extensions><ext:TPX><ext:Watts>65.28947368421052</ext:Watts><ext:Torque>20</ext:Torque></ext:TPX></Extensions></Trackpoint><Trackpoint><Time>2025-08-28T13:26:54.088Z</Time><DistanceMeters>10128.871338123581</DistanceMeters><HeartRateBpm><Value>161</Value></HeartRateBpm><Cadence>22</Cadence><Extensions><ext:TPX><ext:Watts>64.2051282051282</ext:Watts><ext:Torque>20</ext:Torque></ext:TPX></Extensions></Trackpoint><Trackpoint><Time>2025-08-28T13:26:55.418Z</Time><DistanceMeters>10134.706176664036</DistanceMeters><HeartRateBpm><Value>162</Value></HeartRateBpm><Cadence>22</Cadence><Extensions><ext:TPX><ext:Watts>64.39473684210526</ext:Watts><ext:Torque>20</ext:Torque></ext:TPX></Extensions></Trackpoint><Trackpoint><Time>2025-08-28T13:26:56.748Z</Time><DistanceMeters>10140.486172014287</DistanceMeters><HeartRateBpm><Value>162</Value></HeartRateBpm><Cadence>22</Cadence><Extensions><ext:TPX><ext:Watts>63.78947368421053</ext:Watts><ext:Torque>20</ext:Torque></ext:TPX></Extensions></Trackpoint><Trackpoint><Time>2025-08-28T13:26:58.078Z</Time><DistanceMeters>10146.571381640459</DistanceMeters><HeartRateBpm><Value>162</Value></HeartRateBpm><Cadence>22</Cadence><Extensions><ext:TPX><ext:Watts>67.15789473684211</ext:Watts><ext:Torque>20</ext:Torque></ext:TPX></Extensions></Trackpoint><Trackpoint><Time>2025-08-28T13:26:59.443Z</Time><DistanceMeters>10152.495121509153</DistanceMeters><HeartRateBpm><Value>163</Value></HeartRateBpm><Cadence>22</Cadence><Extensions><ext:TPX><ext:Watts>63.92307692307692</ext:Watts><ext:Torque>20</ext:Torque></ext:TPX></Extensions></Trackpoint><Trackpoint><Time>2025-08-28T13:27:00.773Z</Time><DistanceMeters>10158.151123559812</DistanceMeters><HeartRateBpm><Value>163</Value></HeartRateBpm><Cadence>22</Cadence><Extensions><ext:TPX><ext:Watts>62.421052631578945</ext:Watts><ext:Torque>20</ext:Torque></ext:TPX></Extensions></Trackpoint><Trackpoint><Time>2025-08-28T13:27:02.103Z</Time><DistanceMeters>10164.21964178027</DistanceMeters><HeartRateBpm><Value>163</Value></HeartRateBpm><Cadence>22</Cadence><Extensions><ext:TPX><ext:Watts>66.97368421052632</ext:Watts><ext:Torque>20</ext:Torque></ext:TPX></Extensions></Trackpoint><Trackpoint><Time>2025-08-28T13:27:03.433Z</Time><DistanceMeters>10170.10932351093</DistanceMeters><HeartRateBpm><Value>164</Value></HeartRateBpm><Cadence>22</Cadence><Extensions><ext:TPX><ext:Watts>65.0</ext:Watts><ext:Torque>20</ext:Torque></ext:TPX></Extensions></Trackpoint><Trackpoint><Time>2025-08-28T13:27:04.798Z</Time><DistanceMeters>10176.037815677953</DistanceMeters><HeartRateBpm><Value>164</Value></HeartRateBpm><Cadence>22</Cadence><Extensions><ext:TPX><ext:Watts>63.97435897435897</ext:Watts><ext:Torque>20</ext:Torque></ext:TPX></Extensions></Trackpoint><Trackpoint><Time>2025-08-28T13:27:06.128Z</Time><DistanceMeters>10181.944188814328</DistanceMeters><HeartRateBpm><Value>164</Value></HeartRateBpm><Cadence>22</Cadence><Extensions><ext:TPX><ext:Watts>65.1842105263158</ext:Watts><ext:Torque>20</ext:Torque></ext:TPX></Extensions></Trackpoint><Trackpoint><Time>2025-08-28T13:27:07.458Z</Time><DistanceMeters>10187.922096546621</DistanceMeters><HeartRateBpm><Value>164</Value></HeartRateBpm><Cadence>22</Cadence><Extensions><ext:TPX><ext:Watts>65.97368421052632</ext:Watts><ext:Torque>20</ext:Torque></ext:TPX></Extensions></Trackpoint><Trackpoint><Time>2025-08-28T13:27:08.823Z</Time><DistanceMeters>10193.893359398618</DistanceMeters><HeartRateBpm><Value>164</Value></HeartRateBpm><Cadence>22</Cadence><Extensions><ext:TPX><ext:Watts>64.43589743589743</ext:Watts><ext:Torque>20</ext:Torque></ext:TPX></Extensions></Trackpoint><Trackpoint><Time>2025-08-28T13:27:10.153Z</Time><DistanceMeters>10199.809270481115</DistanceMeters><HeartRateBpm><Value>164</Value></HeartRateBpm><Cadence>22</Cadence><Extensions><ext:TPX><ext:Watts>65.28947368421052</ext:Watts><ext:Torque>20</ext:Torque></ext:TPX></Extensions></Trackpoint><Trackpoint><Time>2025-08-28T13:27:11.518Z</Time><DistanceMeters>10205.723505753149</DistanceMeters><HeartRateBpm><Value>165</Value></HeartRateBpm><Cadence>22</Cadence><Extensions><ext:TPX><ext:Watts>63.82051282051282</ext:Watts><ext:Torque>20</ext:Torque></ext:TPX></Extensions></Trackpoint><Trackpoint><Time>2025-08-28T13:27:12.883Z</Time><DistanceMeters>10211.69239245598</DistanceMeters><HeartRateBpm><Value>165</Value></HeartRateBpm><Cadence>22</Cadence><Extensions><ext:TPX><ext:Watts>64.41025641025641</ext:Watts><ext:Torque>20</ext:Torque></ext:TPX></Extensions></Trackpoint><Trackpoint><Time>2025-08-28T13:27:14.248Z</Time><DistanceMeters>10217.55910474471</DistanceMeters><HeartRateBpm><Value>165</Value></HeartRateBpm><Cadence>22</Cadence><Extensions><ext:TPX><ext:Watts>63.30769230769231</ext:Watts><ext:Torque>20</ext:Torque></ext:TPX></Extensions></Trackpoint><Trackpoint><Time>2025-08-28T13:27:15.613Z</Time><DistanceMeters>10223.271367337707</DistanceMeters><HeartRateBpm><Value>165</Value></HeartRateBpm><Cadence>22</Cadence><Extensions><ext:TPX><ext:Watts>61.64102564102564</ext:Watts><ext:Torque>20</ext:Torque></ext:TPX></Extensions></Trackpoint><Trackpoint><Time>2025-08-28T13:27:16.978Z</Time><DistanceMeters>10229.18085031141</DistanceMeters><HeartRateBpm><Value>165</Value></HeartRateBpm><Cadence>22</Cadence><Extensions><ext:TPX><ext:Watts>63.76923076923077</ext:Watts><ext:Torque>20</ext:Torque></ext:TPX></Extensions></Trackpoint><Trackpoint><Time>2025-08-28T13:27:18.308Z</Time><DistanceMeters>10234.87500414656</DistanceMeters><HeartRateBpm><Value>165</Value></HeartRateBpm><Cadence>22</Cadence><Extensions><ext:TPX><ext:Watts>62.8421052631579</ext:Watts><ext:Torque>20</ext:Torque></ext:TPX></Extensions></Trackpoint><Trackpoint><Time>2025-08-28T13:27:19.673Z</Time><DistanceMeters>10240.713202645307</DistanceMeters><HeartRateBpm><Value>165</Value></HeartRateBpm><Cadence>22</Cadence><Extensions><ext:TPX><ext:Watts>63.0</ext:Watts><ext:Torque>20</ext:Torque></ext:TPX></Extensions></Trackpoint><Trackpoint><Time>2025-08-28T13:27:21.003Z</Time><DistanceMeters>10246.559963618416</DistanceMeters><HeartRateBpm><Value>165</Value></HeartRateBpm><Cadence>22</Cadence><Extensions><ext:TPX><ext:Watts>64.52631578947368</ext:Watts><ext:Torque>20</ext:Torque></ext:TPX></Extensions></Trackpoint><Trackpoint><Time>2025-08-28T13:27:22.333Z</Time><DistanceMeters>10252.080049936829</DistanceMeters><HeartRateBpm><Value>165</Value></HeartRateBpm><Cadence>22</Cadence><Extensions><ext:TPX><ext:Watts>60.921052631578945</ext:Watts><ext:Torque>20</ext:Torque></ext:TPX></Extensions></Trackpoint><Trackpoint><Time>2025-08-28T13:27:23.698Z</Time><DistanceMeters>10257.500046182513</DistanceMeters><HeartRateBpm><Value>166</Value></HeartRateBpm><Cadence>22</Cadence><Extensions><ext:TPX><ext:Watts>58.48717948717949</ext:Watts><ext:Torque>20</ext:Torque></ext:TPX></Extensions></Trackpoint><Trackpoint><Time>2025-08-28T13:27:25.063Z</Time><DistanceMeters>10262.851134102408</DistanceMeters><HeartRateBpm><Value>166</Value></HeartRateBpm><Cadence>22</Cadence><Extensions><ext:TPX><ext:Watts>57.743589743589745</ext:Watts><ext:Torque>20</ext:Torque></ext:TPX></Extensions></Trackpoint><Trackpoint><Time>2025-08-28T13:27:26.393Z</Time><DistanceMeters>10268.2996858249</DistanceMeters><HeartRateBpm><Value>166</Value></HeartRateBpm><Cadence>22</Cadence><Extensions><ext:TPX><ext:Watts>60.13157894736842</ext:Watts><ext:Torque>20</ext:Torque></ext:TPX></Extensions></Trackpoint><Trackpoint><Time>2025-08-28T13:27:27.793Z</Time><DistanceMeters>10273.951251621549</DistanceMeters><HeartRateBpm><Value>166</Value></HeartRateBpm><Cadence>22</Cadence><Extensions><ext:TPX><ext:Watts>59.6</ext:Watts><ext:Torque>20</ext:Torque></ext:TPX></Extensions></Trackpoint><Trackpoint><Time>2025-08-28T13:27:29.193Z</Time><DistanceMeters>10279.368125717749</DistanceMeters><HeartRateBpm><Value>166</Value></HeartRateBpm><Cadence>22</Cadence><Extensions><ext:TPX><ext:Watts>57.125</ext:Watts><ext:Torque>20</ext:Torque></ext:TPX></Extensions></Trackpoint><Trackpoint><Time>2025-08-28T13:27:30.558Z</Time><DistanceMeters>10284.764360471781</DistanceMeters><HeartRateBpm><Value>166</Value></HeartRateBpm><Cadence>22</Cadence><Extensions><ext:TPX><ext:Watts>58.23076923076923</ext:Watts><ext:Torque>20</ext:Torque></ext:TPX></Extensions></Trackpoint><Trackpoint><Time>2025-08-28T13:27:31.958Z</Time><DistanceMeters>10290.171752075034</DistanceMeters><HeartRateBpm><Value>166</Value></HeartRateBpm><Cadence>22</Cadence><Extensions><ext:TPX><ext:Watts>57.025</ext:Watts><ext:Torque>20</ext:Torque></ext:TPX></Extensions></Trackpoint><Trackpoint><Time>2025-08-28T13:27:33.288Z</Time><DistanceMeters>10295.415237955893</DistanceMeters><HeartRateBpm><Value>166</Value></HeartRateBpm><Cadence>22</Cadence><Extensions><ext:TPX><ext:Watts>57.86842105263158</ext:Watts><ext:Torque>20</ext:Torque></ext:TPX></Extensions></Trackpoint><Trackpoint><Time>2025-08-28T13:27:34.618Z</Time><DistanceMeters>10301.22384714451</DistanceMeters><HeartRateBpm><Value>166</Value></HeartRateBpm><Cadence>22</Cadence><Extensions><ext:TPX><ext:Watts>64.10526315789474</ext:Watts><ext:Torque>20</ext:Torque></ext:TPX></Extensions></Trackpoint><Trackpoint><Time>2025-08-28T13:27:35.983Z</Time><DistanceMeters>10306.959871229159</DistanceMeters><HeartRateBpm><Value>166</Value></HeartRateBpm><Cadence>22</Cadence><Extensions><ext:TPX><ext:Watts>61.8974358974359</ext:Watts><ext:Torque>20</ext:Torque></ext:TPX></Extensions></Trackpoint><Trackpoint><Time>2025-08-28T13:27:37.208Z</Time><DistanceMeters>10310.257511823185</DistanceMeters><HeartRateBpm><Value>166</Value></HeartRateBpm><Cadence>24</Cadence><Extensions><ext:TPX><ext:Watts>39.628571428571426</ext:Watts><ext:Torque>20</ext:Torque></ext:TPX></Extensions></Trackpoint><Trackpoint><Time>2025-08-28T13:27:38.573Z</Time><DistanceMeters>10315.85809540542</DistanceMeters><HeartRateBpm><Value>166</Value></HeartRateBpm><Cadence>22</Cadence><Extensions><ext:TPX><ext:Watts>60.43589743589744</ext:Watts><ext:Torque>20</ext:Torque></ext:TPX></Extensions></Trackpoint><Trackpoint><Time>2025-08-28T13:27:39.868Z</Time><DistanceMeters>10321.068730851395</DistanceMeters><HeartRateBpm><Value>166</Value></HeartRateBpm><Cadence>23</Cadence><Extensions><ext:TPX><ext:Watts>58.78378378378378</ext:Watts><ext:Torque>20</ext:Torque></ext:TPX></Extensions></Trackpoint><Trackpoint><Time>2025-08-28T13:27:41.163Z</Time><DistanceMeters>10326.509352965331</DistanceMeters><HeartRateBpm><Value>166</Value></HeartRateBpm><Cadence>23</Cadence><Extensions><ext:TPX><ext:Watts>61.37837837837838</ext:Watts><ext:Torque>20</ext:Torque></ext:TPX></Extensions></Trackpoint><Trackpoint><Time>2025-08-28T13:27:42.493Z</Time><DistanceMeters>10331.955520201294</DistanceMeters><HeartRateBpm><Value>165</Value></HeartRateBpm><Cadence>22</Cadence><Extensions><ext:TPX><ext:Watts>60.10526315789474</ext:Watts><ext:Torque>20</ext:Torque></ext:TPX></Extensions></Trackpoint><Trackpoint><Time>2025-08-28T13:27:43.753Z</Time><DistanceMeters>10336.76448308875</DistanceMeters><HeartRateBpm><Value>165</Value></HeartRateBpm><Cadence>24</Cadence><Extensions><ext:TPX><ext:Watts>56.611111111111114</ext:Watts><ext:Torque>20</ext:Torque></ext:TPX></Extensions></Trackpoint><Trackpoint><Time>2025-08-28T13:27:44.978Z</Time><DistanceMeters>10342.025967324209</DistanceMeters><HeartRateBpm><Value>165</Value></HeartRateBpm><Cadence>24</Cadence><Extensions><ext:TPX><ext:Watts>63.22857142857143</ext:Watts><ext:Torque>20</ext:Torque></ext:TPX></Extensions></Trackpoint><Trackpoint><Time>2025-08-28T13:27:46.168Z</Time><DistanceMeters>10347.55214109647</DistanceMeters><HeartRateBpm><Value>165</Value></HeartRateBpm><Cadence>25</Cadence><Extensions><ext:TPX><ext:Watts>67.76470588235294</ext:Watts><ext:Torque>20</ext:Torque></ext:TPX></Extensions></Trackpoint><Trackpoint><Time>2025-08-28T13:27:47.358Z</Time><DistanceMeters>10353.008757993994</DistanceMeters><HeartRateBpm><Value>165</Value></HeartRateBpm><Cadence>25</Cadence><Extensions><ext:TPX><ext:Watts>66.91176470588235</ext:Watts><ext:Torque>20</ext:Torque></ext:TPX></Extensions></Trackpoint><Trackpoint><Time>2025-08-28T13:27:48.513Z</Time><DistanceMeters>10358.62835076955</DistanceMeters><HeartRateBpm><Value>165</Value></HeartRateBpm><Cadence>26</Cadence><Extensions><ext:TPX><ext:Watts>71.66666666666667</ext:Watts><ext:Torque>20</ext:Torque></ext:TPX></Extensions></Trackpoint><Trackpoint><Time>2025-08-28T13:27:49.668Z</Time><DistanceMeters>10364.40714553917</DistanceMeters><HeartRateBpm><Value>165</Value></HeartRateBpm><Cadence>26</Cadence><Extensions><ext:TPX><ext:Watts>73.6969696969697</ext:Watts><ext:Torque>20</ext:Torque></ext:TPX></Extensions></Trackpoint><Trackpoint><Time>2025-08-28T13:27:50.788Z</Time><DistanceMeters>10369.784783625779</DistanceMeters><HeartRateBpm><Value>165</Value></HeartRateBpm><Cadence>27</Cadence><Extensions><ext:TPX><ext:Watts>71.21875</ext:Watts><ext:Torque>20</ext:Torque></ext:TPX></Extensions></Trackpoint><Trackpoint><Time>2025-08-28T13:27:51.943Z</Time><DistanceMeters>10375.76317492527</DistanceMeters><HeartRateBpm><Value>165</Value></HeartRateBpm><Cadence>26</Cadence><Extensions><ext:TPX><ext:Watts>76.24242424242425</ext:Watts><ext:Torque>20</ext:Torque></ext:TPX></Extensions></Trackpoint><Trackpoint><Time>2025-08-28T13:27:53.133Z</Time><DistanceMeters>10381.181415616042</DistanceMeters><HeartRateBpm><Value>164</Value></HeartRateBpm><Cadence>25</Cadence><Extensions><ext:TPX><ext:Watts>66.44117647058823</ext:Watts><ext:Torque>20</ext:Torque></ext:TPX></Extensions></Trackpoint><Trackpoint><Time>2025-08-28T13:27:54.323Z</Time><DistanceMeters>10386.81072544395</DistanceMeters><HeartRateBpm><Value>164</Value></HeartRateBpm><Cadence>25</Cadence><Extensions><ext:TPX><ext:Watts>69.02941176470588</ext:Watts><ext:Torque>20</ext:Torque></ext:TPX></Extensions></Trackpoint><Trackpoint><Time>2025-08-28T13:27:55.518Z</Time><DistanceMeters>10392.300921522381</DistanceMeters><HeartRateBpm><Value>165</Value></HeartRateBpm><Cadence>25</Cadence><Extensions><ext:TPX><ext:Watts>67.32352941176471</ext:Watts><ext:Torque>20</ext:Torque></ext:TPX></Extensions></Trackpoint><Trackpoint><Time>2025-08-28T13:27:56.743Z</Time><DistanceMeters>10397.840577314799</DistanceMeters><HeartRateBpm><Value>165</Value></HeartRateBpm><Cadence>24</Cadence><Extensions><ext:TPX><ext:Watts>66.57142857142857</ext:Watts><ext:Torque>20</ext:Torque></ext:TPX></Extensions></Trackpoint><Trackpoint><Time>2025-08-28T13:27:57.898Z</Time><DistanceMeters>10403.488683880336</DistanceMeters><HeartRateBpm><Value>165</Value></HeartRateBpm><Cadence>26</Cadence><Extensions><ext:TPX><ext:Watts>72.03030303030303</ext:Watts><ext:Torque>20</ext:Torque></ext:TPX></Extensions></Trackpoint><Trackpoint><Time>2025-08-28T13:27:59.123Z</Time><DistanceMeters>10409.218542446743</DistanceMeters><HeartRateBpm><Value>165</Value></HeartRateBpm><Cadence>24</Cadence><Extensions><ext:TPX><ext:Watts>68.85714285714286</ext:Watts><ext:Torque>20</ext:Torque></ext:TPX></Extensions></Trackpoint><Trackpoint><Time>2025-08-28T13:28:00.348Z</Time><DistanceMeters>10414.651209178792</DistanceMeters><HeartRateBpm><Value>165</Value></HeartRateBpm><Cadence>24</Cadence><Extensions><ext:TPX><ext:Watts>65.28571428571429</ext:Watts><ext:Torque>20</ext:Torque></ext:TPX></Extensions></Trackpoint><Trackpoint><Time>2025-08-28T13:28:01.538Z</Time><DistanceMeters>10420.419632756173</DistanceMeters><HeartRateBpm><Value>166</Value></HeartRateBpm><Cadence>25</Cadence><Extensions><ext:TPX><ext:Watts>70.73529411764706</ext:Watts><ext:Torque>20</ext:Torque></ext:TPX></Extensions></Trackpoint><Trackpoint><Time>2025-08-28T13:28:02.728Z</Time><DistanceMeters>10426.027355967783</DistanceMeters><HeartRateBpm><Value>166</Value></HeartRateBpm><Cadence>25</Cadence><Extensions><ext:TPX><ext:Watts>68.76470588235294</ext:Watts><ext:Torque>20</ext:Torque></ext:TPX></Extensions></Trackpoint><Trackpoint><Time>2025-08-28T13:28:03.918Z</Time><DistanceMeters>10431.567920817575</DistanceMeters><HeartRateBpm><Value>166</Value></HeartRateBpm><Cadence>25</Cadence><Extensions><ext:TPX><ext:Watts>67.94117647058823</ext:Watts><ext:Torque>20</ext:Torque></ext:TPX></Extensions></Trackpoint><Trackpoint><Time>2025-08-28T13:28:05.038Z</Time><DistanceMeters>10437.257032457248</DistanceMeters><HeartRateBpm><Value>166</Value></HeartRateBpm><Cadence>27</Cadence><Extensions><ext:TPX><ext:Watts>75.34375</ext:Watts><ext:Torque>20</ext:Torque></ext:TPX></Extensions></Trackpoint><Trackpoint><Time>2025-08-28T13:28:06.228Z</Time><DistanceMeters>10442.922319978985</DistanceMeters><HeartRateBpm><Value>166</Value></HeartRateBpm><Cadence>25</Cadence><Extensions><ext:TPX><ext:Watts>69.47058823529412</ext:Watts><ext:Torque>20</ext:Torque></ext:TPX></Extensions></Trackpoint><Trackpoint><Time>2025-08-28T13:28:07.593Z</Time><DistanceMeters>10448.674977107788</DistanceMeters><HeartRateBpm><Value>166</Value></HeartRateBpm><Cadence>22</Cadence><Extensions><ext:TPX><ext:Watts>62.07692307692308</ext:Watts><ext:Torque>20</ext:Torque></ext:TPX></Extensions></Trackpoint><Trackpoint><Time>2025-08-28T13:28:08.223Z</Time><DistanceMeters>10449.082724304526</DistanceMeters><HeartRateBpm><Value>166</Value></HeartRateBpm><Cadence>48</Cadence><Extensions><ext:TPX><ext:Watts>9.5</ext:Watts><ext:Torque>20</ext:Torque></ext:TPX></Extensions></Trackpoint><Trackpoint><Time>2025-08-28T13:28:08.678Z</Time><DistanceMeters>10449.089852752022</DistanceMeters><HeartRateBpm><Value>166</Value></HeartRateBpm><Cadence>66</Cadence><Extensions><ext:TPX><ext:Watts>0.23076923076923078</ext:Watts><ext:Torque>49</ext:Torque></ext:TPX></Extensions></Trackpoint><Trackpoint><Time>2025-08-28T13:28:10.673Z</Time><DistanceMeters>10449.0994018667</DistanceMeters><HeartRateBpm><Value>167</Value></HeartRateBpm><Cadence>61</Cadence><Extensions><ext:TPX><ext:Watts>0.2857142857142857</ext:Watts><ext:Torque>57</ext:Torque></ext:TPX></Extensions></Trackpoint><Trackpoint><Time>2025-08-28T13:28:11.898Z</Time><DistanceMeters>10449.10178635323</DistanceMeters><HeartRateBpm><Value>167</Value></HeartRateBpm><Cadence>95</Cadence><Extensions><ext:TPX><ext:Watts>0.1111111111111111</ext:Watts><ext:Torque>20</ext:Torque></ext:TPX></Extensions></Trackpoint><Trackpoint><Time>2025-08-28T13:28:12.248Z</Time><DistanceMeters>10449.108939812822</DistanceMeters><HeartRateBpm><Value>167</Value></HeartRateBpm><Cadence>86</Cadence><Extensions><ext:TPX><ext:Watts>0.3</ext:Watts><ext:Torque>20</ext:Torque></ext:TPX></Extensions></Trackpoint><Trackpoint><Time>2025-08-28T13:28:12.598Z</Time><DistanceMeters>10449.120862245476</DistanceMeters><HeartRateBpm><Value>167</Value></HeartRateBpm><Cadence>86</Cadence><Extensions><ext:TPX><ext:Watts>0.5</ext:Watts><ext:Torque>20</ext:Torque></ext:TPX></Extensions></Trackpoint><Trackpoint><Time>2025-08-28T13:28:12.948Z</Time><DistanceMeters>10449.125631218538</DistanceMeters><HeartRateBpm><Value>167</Value></HeartRateBpm><Cadence>86</Cadence><Extensions><ext:TPX><ext:Watts>0.2</ext:Watts><ext:Torque>20</ext:Torque></ext:TPX></Extensions></Trackpoint><Trackpoint><Time>2025-08-28T13:28:13.263Z</Time><DistanceMeters>10449.13516916466</DistanceMeters><HeartRateBpm><Value>167</Value></HeartRateBpm><Cadence>95</Cadence><Extensions><ext:TPX><ext:Watts>0.4444444444444444</ext:Watts><ext:Torque>63</ext:Torque></ext:TPX></Extensions></Trackpoint><Trackpoint><Time>2025-08-28T13:28:15.188Z</Time><DistanceMeters>10450.507878202357</DistanceMeters><HeartRateBpm><Value>167</Value></HeartRateBpm><Cadence>16</Cadence><Extensions><ext:TPX><ext:Watts>10.436363636363636</ext:Watts><ext:Torque>20</ext:Torque></ext:TPX></Extensions></Trackpoint><Trackpoint><Time>2025-08-28T13:28:16.483Z</Time><DistanceMeters>10455.399886285431</DistanceMeters><HeartRateBpm><Value>167</Value></HeartRateBpm><Cadence>23</Cadence><Extensions><ext:TPX><ext:Watts>55.189189189189186</ext:Watts><ext:Torque>20</ext:Torque></ext:TPX></Extensions></Trackpoint><Trackpoint><Time>2025-08-28T13:28:17.743Z</Time><DistanceMeters>10460.635945484284</DistanceMeters><HeartRateBpm><Value>167</Value></HeartRateBpm><Cadence>24</Cadence><Extensions><ext:TPX><ext:Watts>61.638888888888886</ext:Watts><ext:Torque>20</ext:Torque></ext:TPX></Extensions></Trackpoint><Trackpoint><Time>2025-08-28T13:28:18.968Z</Time><DistanceMeters>10465.692961737706</DistanceMeters><HeartRateBpm><Value>166</Value></HeartRateBpm><Cadence>24</Cadence><Extensions><ext:TPX><ext:Watts>60.77142857142857</ext:Watts><ext:Torque>20</ext:Torque></ext:TPX></Extensions></Trackpoint><Trackpoint><Time>2025-08-28T13:28:20.228Z</Time><DistanceMeters>10470.650582457305</DistanceMeters><HeartRateBpm><Value>166</Value></HeartRateBpm><Cadence>24</Cadence><Extensions><ext:TPX><ext:Watts>58.361111111111114</ext:Watts><ext:Torque>20</ext:Torque></ext:TPX></Extensions></Trackpoint><Trackpoint><Time>2025-08-28T13:28:21.453Z</Time><DistanceMeters>10475.583966907634</DistanceMeters><HeartRateBpm><Value>166</Value></HeartRateBpm><Cadence>24</Cadence><Extensions><ext:TPX><ext:Watts>59.285714285714285</ext:Watts><ext:Torque>20</ext:Torque></ext:TPX></Extensions></Trackpoint><Trackpoint><Time>2025-08-28T13:28:22.713Z</Time><DistanceMeters>10480.447201702062</DistanceMeters><HeartRateBpm><Value>167</Value></HeartRateBpm><Cadence>24</Cadence><Extensions><ext:TPX><ext:Watts>57.25</ext:Watts><ext:Torque>20</ext:Torque></ext:TPX></Extensions></Trackpoint><Trackpoint><Time>2025-08-28T13:28:23.973Z</Time><DistanceMeters>10485.397743477271</DistanceMeters><HeartRateBpm><Value>166</Value></HeartRateBpm><Cadence>24</Cadence><Extensions><ext:TPX><ext:Watts>58.27777777777778</ext:Watts><ext:Torque>20</ext:Torque></ext:TPX></Extensions></Trackpoint><Trackpoint><Time>2025-08-28T13:28:25.198Z</Time><DistanceMeters>10490.162322965685</DistanceMeters><HeartRateBpm><Value>166</Value></HeartRateBpm><Cadence>24</Cadence><Extensions><ext:TPX><ext:Watts>57.25714285714286</ext:Watts><ext:Torque>20</ext:Torque></ext:TPX></Extensions></Trackpoint><Trackpoint><Time>2025-08-28T13:28:26.458Z</Time><DistanceMeters>10494.138330063506</DistanceMeters><HeartRateBpm><Value>165</Value></HeartRateBpm><Cadence>24</Cadence><Extensions><ext:TPX><ext:Watts>46.80555555555556</ext:Watts><ext:Torque>20</ext:Torque></ext:TPX></Extensions></Trackpoint><Trackpoint><Time>2025-08-28T13:28:27.718Z</Time><DistanceMeters>10499.093591134975</DistanceMeters><HeartRateBpm><Value>165</Value></HeartRateBpm><Cadence>24</Cadence><Extensions><ext:TPX><ext:Watts>58.333333333333336</ext:Watts><ext:Torque>20</ext:Torque></ext:TPX></Extensions></Trackpoint><Trackpoint><Time>2025-08-28T13:28:28.978Z</Time><DistanceMeters>10503.923790855593</DistanceMeters><HeartRateBpm><Value>165</Value></HeartRateBpm><Cadence>24</Cadence><Extensions><ext:TPX><ext:Watts>56.861111111111114</ext:Watts><ext:Torque>20</ext:Torque></ext:TPX></Extensions></Trackpoint><Trackpoint><Time>2025-08-28T13:28:30.273Z</Time><DistanceMeters>10509.11046935699</DistanceMeters><HeartRateBpm><Value>165</Value></HeartRateBpm><Cadence>23</Cadence><Extensions><ext:TPX><ext:Watts>58.513513513513516</ext:Watts><ext:Torque>20</ext:Torque></ext:TPX></Extensions></Trackpoint><Trackpoint><Time>2025-08-28T13:28:31.533Z</Time><DistanceMeters>10513.985502392065</DistanceMeters><HeartRateBpm><Value>164</Value></HeartRateBpm><Cadence>24</Cadence><Extensions><ext:TPX><ext:Watts>57.388888888888886</ext:Watts><ext:Torque>20</ext:Torque></ext:TPX></Extensions></Trackpoint><Trackpoint><Time>2025-08-28T13:28:32.828Z</Time><DistanceMeters>10519.03562630936</DistanceMeters><HeartRateBpm><Value>164</Value></HeartRateBpm><Cadence>23</Cadence><Extensions><ext:TPX><ext:Watts>56.972972972972975</ext:Watts><ext:Torque>20</ext:Torque></ext:TPX></Extensions></Trackpoint><Trackpoint><Time>2025-08-28T13:28:34.123Z</Time><DistanceMeters>10524.042627726412</DistanceMeters><HeartRateBpm><Value>164</Value></HeartRateBpm><Cadence>23</Cadence><Extensions><ext:TPX><ext:Watts>56.486486486486484</ext:Watts><ext:Torque>20</ext:Torque></ext:TPX></Extensions></Trackpoint><Trackpoint><Time>2025-08-28T13:28:35.418Z</Time><DistanceMeters>10528.97536261527</DistanceMeters><HeartRateBpm><Value>164</Value></HeartRateBpm><Cadence>23</Cadence><Extensions><ext:TPX><ext:Watts>55.648648648648646</ext:Watts><ext:Torque>20</ext:Torque></ext:TPX></Extensions></Trackpoint><Trackpoint><Time>2025-08-28T13:28:36.748Z</Time><DistanceMeters>10533.858791030005</DistanceMeters><HeartRateBpm><Value>164</Value></HeartRateBpm><Cadence>22</Cadence><Extensions><ext:TPX><ext:Watts>53.89473684210526</ext:Watts><ext:Torque>20</ext:Torque></ext:TPX></Extensions></Trackpoint><Trackpoint><Time>2025-08-28T13:28:38.078Z</Time><DistanceMeters>10538.720759065964</DistanceMeters><HeartRateBpm><Value>164</Value></HeartRateBpm><Cadence>22</Cadence><Extensions><ext:TPX><ext:Watts>53.6578947368421</ext:Watts><ext:Torque>20</ext:Torque></ext:TPX></Extensions></Trackpoint><Trackpoint><Time>2025-08-28T13:28:39.373Z</Time><DistanceMeters>10543.78046576109</DistanceMeters><HeartRateBpm><Value>164</Value></HeartRateBpm><Cadence>23</Cadence><Extensions><ext:TPX><ext:Watts>57.08108108108108</ext:Watts><ext:Torque>20</ext:Torque></ext:TPX></Extensions></Trackpoint><Trackpoint><Time>2025-08-28T13:28:40.633Z</Time><DistanceMeters>10548.841910998377</DistanceMeters><HeartRateBpm><Value>164</Value></HeartRateBpm><Cadence>24</Cadence><Extensions><ext:TPX><ext:Watts>59.583333333333336</ext:Watts><ext:Torque>20</ext:Torque></ext:TPX></Extensions></Trackpoint><Trackpoint><Time>2025-08-28T13:28:41.963Z</Time><DistanceMeters>10553.744415305357</DistanceMeters><HeartRateBpm><Value>164</Value></HeartRateBpm><Cadence>22</Cadence><Extensions><ext:TPX><ext:Watts>54.10526315789474</ext:Watts><ext:Torque>20</ext:Torque></ext:TPX></Extensions></Trackpoint><Trackpoint><Time>2025-08-28T13:28:43.293Z</Time><DistanceMeters>10558.608767827845</DistanceMeters><HeartRateBpm><Value>164</Value></HeartRateBpm><Cadence>22</Cadence><Extensions><ext:TPX><ext:Watts>53.68421052631579</ext:Watts><ext:Torque>20</ext:Torque></ext:TPX></Extensions></Trackpoint><Trackpoint><Time>2025-08-28T13:28:44.623Z</Time><DistanceMeters>10563.64718786707</DistanceMeters><HeartRateBpm><Value>164</Value></HeartRateBpm><Cadence>22</Cadence><Extensions><ext:TPX><ext:Watts>55.60526315789474</ext:Watts><ext:Torque>20</ext:Torque></ext:TPX></Extensions></Trackpoint><Trackpoint><Time>2025-08-28T13:28:45.953Z</Time><DistanceMeters>10568.594997418131</DistanceMeters><HeartRateBpm><Value>164</Value></HeartRateBpm><Cadence>22</Cadence><Extensions><ext:TPX><ext:Watts>54.60526315789474</ext:Watts><ext:Torque>20</ext:Torque></ext:TPX></Extensions></Trackpoint><Trackpoint><Time>2025-08-28T13:28:47.248Z</Time><DistanceMeters>10573.405551889635</DistanceMeters><HeartRateBpm><Value>164</Value></HeartRateBpm><Cadence>23</Cadence><Extensions><ext:TPX><ext:Watts>54.270270270270274</ext:Watts><ext:Torque>20</ext:Torque></ext:TPX></Extensions></Trackpoint><Trackpoint><Time>2025-08-28T13:28:48.543Z</Time><DistanceMeters>10578.517963862836</DistanceMeters><HeartRateBpm><Value>164</Value></HeartRateBpm><Cadence>23</Cadence><Extensions><ext:TPX><ext:Watts>57.67567567567568</ext:Watts><ext:Torque>20</ext:Torque></ext:TPX></Extensions></Trackpoint><Trackpoint><Time>2025-08-28T13:28:49.873Z</Time><DistanceMeters>10583.658916822878</DistanceMeters><HeartRateBpm><Value>164</Value></HeartRateBpm><Cadence>22</Cadence><Extensions><ext:TPX><ext:Watts>56.73684210526316</ext:Watts><ext:Torque>20</ext:Torque></ext:TPX></Extensions></Trackpoint><Trackpoint><Time>2025-08-28T13:28:51.203Z</Time><DistanceMeters>10588.53519177802</DistanceMeters><HeartRateBpm><Value>164</Value></HeartRateBpm><Cadence>22</Cadence><Extensions><ext:TPX><ext:Watts>53.81578947368421</ext:Watts><ext:Torque>20</ext:Torque></ext:TPX></Extensions></Trackpoint><Trackpoint><Time>2025-08-28T13:28:52.533Z</Time><DistanceMeters>10593.344701110305</DistanceMeters><HeartRateBpm><Value>163</Value></HeartRateBpm><Cadence>22</Cadence><Extensions><ext:TPX><ext:Watts>53.078947368421055</ext:Watts><ext:Torque>20</ext:Torque></ext:TPX></Extensions></Trackpoint><Trackpoint><Time>2025-08-28T13:28:53.863Z</Time><DistanceMeters>10598.526190341368</DistanceMeters><HeartRateBpm><Value>163</Value></HeartRateBpm><Cadence>22</Cadence><Extensions><ext:TPX><ext:Watts>57.18421052631579</ext:Watts><ext:Torque>20</ext:Torque></ext:TPX></Extensions></Trackpoint><Trackpoint><Time>2025-08-28T13:28:55.228Z</Time><DistanceMeters>10603.456699859034</DistanceMeters><HeartRateBpm><Value>163</Value></HeartRateBpm><Cadence>22</Cadence><Extensions><ext:TPX><ext:Watts>53.205128205128204</ext:Watts><ext:Torque>20</ext:Torque></ext:TPX></Extensions></Trackpoint><Trackpoint><Time>2025-08-28T13:28:56.558Z</Time><DistanceMeters>10608.094526161112</DistanceMeters><HeartRateBpm><Value>163</Value></HeartRateBpm><Cadence>22</Cadence><Extensions><ext:TPX><ext:Watts>51.18421052631579</ext:Watts><ext:Torque>20</ext:Torque></ext:TPX></Extensions></Trackpoint><Trackpoint><Time>2025-08-28T13:28:57.888Z</Time><DistanceMeters>10612.796733599518</DistanceMeters><HeartRateBpm><Value>163</Value></HeartRateBpm><Cadence>22</Cadence><Extensions><ext:TPX><ext:Watts>51.89473684210526</ext:Watts><ext:Torque>20</ext:Torque></ext:TPX></Extensions></Trackpoint><Trackpoint><Time>2025-08-28T13:28:59.218Z</Time><DistanceMeters>10617.873305423233</DistanceMeters><HeartRateBpm><Value>163</Value></HeartRateBpm><Cadence>22</Cadence><Extensions><ext:TPX><ext:Watts>56.026315789473685</ext:Watts><ext:Torque>20</ext:Torque></ext:TPX></Extensions></Trackpoint><Trackpoint><Time>2025-08-28T13:29:00.549Z</Time><DistanceMeters>10622.775809730212</DistanceMeters><HeartRateBpm><Value>163</Value></HeartRateBpm><Cadence>22</Cadence><Extensions><ext:TPX><ext:Watts>54.10526315789474</ext:Watts><ext:Torque>20</ext:Torque></ext:TPX></Extensions></Trackpoint><Trackpoint><Time>2025-08-28T13:29:01.884Z</Time><DistanceMeters>10627.869072959642</DistanceMeters><HeartRateBpm><Value>163</Value></HeartRateBpm><Cadence>22</Cadence><Extensions><ext:TPX><ext:Watts>56.21052631578947</ext:Watts><ext:Torque>20</ext:Torque></ext:TPX></Extensions></Trackpoint><Trackpoint><Time>2025-08-28T13:29:03.213Z</Time><DistanceMeters>10632.757270347436</DistanceMeters><HeartRateBpm><Value>163</Value></HeartRateBpm><Cadence>22</Cadence><Extensions><ext:TPX><ext:Watts>53.94736842105263</ext:Watts><ext:Torque>20</ext:Torque></ext:TPX></Extensions></Trackpoint><Trackpoint><Time>2025-08-28T13:29:04.543Z</Time><DistanceMeters>10637.483322651147</DistanceMeters><HeartRateBpm><Value>163</Value></HeartRateBpm><Cadence>22</Cadence><Extensions><ext:TPX><ext:Watts>52.1578947368421</ext:Watts><ext:Torque>20</ext:Torque></ext:TPX></Extensions></Trackpoint><Trackpoint><Time>2025-08-28T13:29:05.873Z</Time><DistanceMeters>10642.230835333636</DistanceMeters><HeartRateBpm><Value>163</Value></HeartRateBpm><Cadence>22</Cadence><Extensions><ext:TPX><ext:Watts>52.39473684210526</ext:Watts><ext:Torque>20</ext:Torque></ext:TPX></Extensions></Trackpoint><Trackpoint><Time>2025-08-28T13:29:07.203Z</Time><DistanceMeters>10647.045113638982</DistanceMeters><HeartRateBpm><Value>163</Value></HeartRateBpm><Cadence>22</Cadence><Extensions><ext:TPX><ext:Watts>53.13157894736842</ext:Watts><ext:Torque>20</ext:Torque></ext:TPX></Extensions></Trackpoint><Trackpoint><Time>2025-08-28T13:29:08.533Z</Time><DistanceMeters>10651.995307676574</DistanceMeters><HeartRateBpm><Value>163</Value></HeartRateBpm><Cadence>22</Cadence><Extensions><ext:TPX><ext:Watts>54.63157894736842</ext:Watts><ext:Torque>20</ext:Torque></ext:TPX></Extensions></Trackpoint><Trackpoint><Time>2025-08-28T13:29:09.898Z</Time><DistanceMeters>10656.785624393497</DistanceMeters><HeartRateBpm><Value>163</Value></HeartRateBpm><Cadence>22</Cadence><Extensions><ext:TPX><ext:Watts>51.69230769230769</ext:Watts><ext:Torque>20</ext:Torque></ext:TPX></Extensions></Trackpoint><Trackpoint><Time>2025-08-28T13:29:11.158Z</Time><DistanceMeters>10660.417122864445</DistanceMeters><HeartRateBpm><Value>163</Value></HeartRateBpm><Cadence>24</Cadence><Extensions><ext:TPX><ext:Watts>42.75</ext:Watts><ext:Torque>20</ext:Torque></ext:TPX></Extensions></Trackpoint><Trackpoint><Time>2025-08-28T13:29:12.523Z</Time><DistanceMeters>10665.292980951312</DistanceMeters><HeartRateBpm><Value>163</Value></HeartRateBpm><Cadence>22</Cadence><Extensions><ext:TPX><ext:Watts>52.61538461538461</ext:Watts><ext:Torque>20</ext:Torque></ext:TPX></Extensions></Trackpoint><Trackpoint><Time>2025-08-28T13:29:13.818Z</Time><DistanceMeters>10670.117909589562</DistanceMeters><HeartRateBpm><Value>163</Value></HeartRateBpm><Cadence>23</Cadence><Extensions><ext:TPX><ext:Watts>54.432432432432435</ext:Watts><ext:Torque>20</ext:Torque></ext:TPX></Extensions></Trackpoint><Trackpoint><Time>2025-08-28T13:29:15.148Z</Time><DistanceMeters>10675.421007633688</DistanceMeters><HeartRateBpm><Value>163</Value></HeartRateBpm><Cadence>22</Cadence><Extensions><ext:TPX><ext:Watts>58.526315789473685</ext:Watts><ext:Torque>20</ext:Torque></ext:TPX></Extensions></Trackpoint><Trackpoint><Time>2025-08-28T13:29:16.478Z</Time><DistanceMeters>10680.70979875863</DistanceMeters><HeartRateBpm><Value>162</Value></HeartRateBpm><Cadence>22</Cadence><Extensions><ext:TPX><ext:Watts>58.36842105263158</ext:Watts><ext:Torque>20</ext:Torque></ext:TPX></Extensions></Trackpoint><Trackpoint><Time>2025-08-28T13:29:17.808Z</Time><DistanceMeters>10686.000974370101</DistanceMeters><HeartRateBpm><Value>162</Value></HeartRateBpm><Cadence>22</Cadence><Extensions><ext:TPX><ext:Watts>58.39473684210526</ext:Watts><ext:Torque>20</ext:Torque></ext:TPX></Extensions></Trackpoint><Trackpoint><Time>2025-08-28T13:29:19.138Z</Time><DistanceMeters>10691.313610360348</DistanceMeters><HeartRateBpm><Value>162</Value></HeartRateBpm><Cadence>22</Cadence><Extensions><ext:TPX><ext:Watts>58.63157894736842</ext:Watts><ext:Torque>20</ext:Torque></ext:TPX></Extensions></Trackpoint><Trackpoint><Time>2025-08-28T13:29:20.468Z</Time><DistanceMeters>10696.514175483657</DistanceMeters><HeartRateBpm><Value>162</Value></HeartRateBpm><Cadence>22</Cadence><Extensions><ext:TPX><ext:Watts>57.39473684210526</ext:Watts><ext:Torque>20</ext:Torque></ext:TPX></Extensions></Trackpoint><Trackpoint><Time>2025-08-28T13:29:21.833Z</Time><DistanceMeters>10701.7393274978</DistanceMeters><HeartRateBpm><Value>162</Value></HeartRateBpm><Cadence>22</Cadence><Extensions><ext:TPX><ext:Watts>56.38461538461539</ext:Watts><ext:Torque>20</ext:Torque></ext:TPX></Extensions></Trackpoint><Trackpoint><Time>2025-08-28T13:29:23.163Z</Time><DistanceMeters>10706.842128673352</DistanceMeters><HeartRateBpm><Value>162</Value></HeartRateBpm><Cadence>22</Cadence><Extensions><ext:TPX><ext:Watts>56.31578947368421</ext:Watts><ext:Torque>20</ext:Torque></ext:TPX></Extensions></Trackpoint><Trackpoint><Time>2025-08-28T13:29:24.528Z</Time><DistanceMeters>10711.777390489347</DistanceMeters><HeartRateBpm><Value>162</Value></HeartRateBpm><Cadence>22</Cadence><Extensions><ext:TPX><ext:Watts>53.256410256410255</ext:Watts><ext:Torque>20</ext:Torque></ext:TPX></Extensions></Trackpoint><Trackpoint><Time>2025-08-28T13:29:25.893Z</Time><DistanceMeters>10717.071450829279</DistanceMeters><HeartRateBpm><Value>162</Value></HeartRateBpm><Cadence>22</Cadence><Extensions><ext:TPX><ext:Watts>57.12820512820513</ext:Watts><ext:Torque>20</ext:Torque></ext:TPX></Extensions></Trackpoint><Trackpoint><Time>2025-08-28T13:29:27.223Z</Time><DistanceMeters>10722.279169412179</DistanceMeters><HeartRateBpm><Value>162</Value></HeartRateBpm><Cadence>22</Cadence><Extensions><ext:TPX><ext:Watts>57.473684210526315</ext:Watts><ext:Torque>20</ext:Torque></ext:TPX></Extensions></Trackpoint><Trackpoint><Time>2025-08-28T13:29:28.553Z</Time><DistanceMeters>10727.470196589364</DistanceMeters><HeartRateBpm><Value>162</Value></HeartRateBpm><Cadence>22</Cadence><Extensions><ext:TPX><ext:Watts>57.28947368421053</ext:Watts><ext:Torque>20</ext:Torque></ext:TPX></Extensions></Trackpoint><Trackpoint><Time>2025-08-28T13:29:29.918Z</Time><DistanceMeters>10732.59079804024</DistanceMeters><HeartRateBpm><Value>162</Value></HeartRateBpm><Cadence>22</Cadence><Extensions><ext:TPX><ext:Watts>55.256410256410255</ext:Watts><ext:Torque>20</ext:Torque></ext:TPX></Extensions></Trackpoint><Trackpoint><Time>2025-08-28T13:29:31.248Z</Time><DistanceMeters>10737.664985377425</DistanceMeters><HeartRateBpm><Value>162</Value></HeartRateBpm><Cadence>22</Cadence><Extensions><ext:TPX><ext:Watts>56.0</ext:Watts><ext:Torque>20</ext:Torque></ext:TPX></Extensions></Trackpoint><Trackpoint><Time>2025-08-28T13:29:32.543Z</Time><DistanceMeters>10742.66959110002</DistanceMeters><HeartRateBpm><Value>162</Value></HeartRateBpm><Cadence>23</Cadence><Extensions><ext:TPX><ext:Watts>56.45945945945946</ext:Watts><ext:Torque>20</ext:Torque></ext:TPX></Extensions></Trackpoint><Trackpoint><Time>2025-08-28T13:29:33.873Z</Time><DistanceMeters>10747.729471518021</DistanceMeters><HeartRateBpm><Value>162</Value></HeartRateBpm><Cadence>22</Cadence><Extensions><ext:TPX><ext:Watts>55.8421052631579</ext:Watts><ext:Torque>20</ext:Torque></ext:TPX></Extensions></Trackpoint><Trackpoint><Time>2025-08-28T13:29:35.168Z</Time><DistanceMeters>10752.896984463756</DistanceMeters><HeartRateBpm><Value>161</Value></HeartRateBpm><Cadence>23</Cadence><Extensions><ext:TPX><ext:Watts>58.2972972972973</ext:Watts><ext:Torque>20</ext:Torque></ext:TPX></Extensions></Trackpoint><Trackpoint><Time>2025-08-28T13:29:36.498Z</Time><DistanceMeters>10758.109472019716</DistanceMeters><HeartRateBpm><Value>161</Value></HeartRateBpm><Cadence>22</Cadence><Extensions><ext:TPX><ext:Watts>57.526315789473685</ext:Watts><ext:Torque>20</ext:Torque></ext:TPX></Extensions></Trackpoint><Trackpoint><Time>2025-08-28T13:29:37.863Z</Time><DistanceMeters>10763.154036697308</DistanceMeters><HeartRateBpm><Value>161</Value></HeartRateBpm><Cadence>22</Cadence><Extensions><ext:TPX><ext:Watts>54.43589743589744</ext:Watts><ext:Torque>20</ext:Torque></ext:TPX></Extensions></Trackpoint><Trackpoint><Time>2025-08-28T13:29:39.158Z</Time><DistanceMeters>10768.194577836772</DistanceMeters><HeartRateBpm><Value>161</Value></HeartRateBpm><Cadence>23</Cadence><Extensions><ext:TPX><ext:Watts>56.86486486486486</ext:Watts><ext:Torque>20</ext:Torque></ext:TPX></Extensions></Trackpoint><Trackpoint><Time>2025-08-28T13:29:40.489Z</Time><DistanceMeters>10773.221075443344</DistanceMeters><HeartRateBpm><Value>161</Value></HeartRateBpm><Cadence>22</Cadence><Extensions><ext:TPX><ext:Watts>55.473684210526315</ext:Watts><ext:Torque>20</ext:Torque></ext:TPX></Extensions></Trackpoint><Trackpoint><Time>2025-08-28T13:29:41.818Z</Time><DistanceMeters>10777.96143466624</DistanceMeters><HeartRateBpm><Value>161</Value></HeartRateBpm><Cadence>22</Cadence><Extensions><ext:TPX><ext:Watts>52.31578947368421</ext:Watts><ext:Torque>20</ext:Torque></ext:TPX></Extensions></Trackpoint><Trackpoint><Time>2025-08-28T13:29:43.148Z</Time><DistanceMeters>10783.228765412405</DistanceMeters><HeartRateBpm><Value>161</Value></HeartRateBpm><Cadence>22</Cadence><Extensions><ext:TPX><ext:Watts>58.13157894736842</ext:Watts><ext:Torque>20</ext:Torque></ext:TPX></Extensions></Trackpoint><Trackpoint><Time>2025-08-28T13:29:44.444Z</Time><DistanceMeters>10788.635847803931</DistanceMeters><HeartRateBpm><Value>161</Value></HeartRateBpm><Cadence>23</Cadence><Extensions><ext:TPX><ext:Watts>61.0</ext:Watts><ext:Torque>20</ext:Torque></ext:TPX></Extensions></Trackpoint><Trackpoint><Time>2025-08-28T13:29:45.739Z</Time><DistanceMeters>10794.047721584373</DistanceMeters><HeartRateBpm><Value>160</Value></HeartRateBpm><Cadence>23</Cadence><Extensions><ext:TPX><ext:Watts>61.054054054054056</ext:Watts><ext:Torque>20</ext:Torque></ext:TPX></Extensions></Trackpoint><Trackpoint><Time>2025-08-28T13:29:47.069Z</Time><DistanceMeters>10799.322205790131</DistanceMeters><HeartRateBpm><Value>160</Value></HeartRateBpm><Cadence>22</Cadence><Extensions><ext:TPX><ext:Watts>58.21052631578947</ext:Watts><ext:Torque>20</ext:Torque></ext:TPX></Extensions></Trackpoint><Trackpoint><Time>2025-08-28T13:29:48.398Z</Time><DistanceMeters>10805.01635962528</DistanceMeters><HeartRateBpm><Value>160</Value></HeartRateBpm><Cadence>22</Cadence><Extensions><ext:TPX><ext:Watts>62.8421052631579</ext:Watts><ext:Torque>20</ext:Torque></ext:TPX></Extensions></Trackpoint><Trackpoint><Time>2025-08-28T13:29:49.728Z</Time><DistanceMeters>10810.412452644101</DistanceMeters><HeartRateBpm><Value>160</Value></HeartRateBpm><Cadence>22</Cadence><Extensions><ext:TPX><ext:Watts>59.55263157894737</ext:Watts><ext:Torque>20</ext:Torque></ext:TPX></Extensions></Trackpoint><Trackpoint><Time>2025-08-28T13:29:51.024Z</Time><DistanceMeters>10815.872240313702</DistanceMeters><HeartRateBpm><Value>160</Value></HeartRateBpm><Cadence>23</Cadence><Extensions><ext:TPX><ext:Watts>61.5945945945946</ext:Watts><ext:Torque>20</ext:Torque></ext:TPX></Extensions></Trackpoint><Trackpoint><Time>2025-08-28T13:29:52.389Z</Time><DistanceMeters>10821.25184202358</DistanceMeters><HeartRateBpm><Value>160</Value></HeartRateBpm><Cadence>22</Cadence><Extensions><ext:TPX><ext:Watts>58.05128205128205</ext:Watts><ext:Torque>20</ext:Torque></ext:TPX></Extensions></Trackpoint><Trackpoint><Time>2025-08-28T13:29:53.684Z</Time><DistanceMeters>10826.622988998237</DistanceMeters><HeartRateBpm><Value>160</Value></HeartRateBpm><Cadence>23</Cadence><Extensions><ext:TPX><ext:Watts>60.5945945945946</ext:Watts><ext:Torque>20</ext:Torque></ext:TPX></Extensions></Trackpoint><Trackpoint><Time>2025-08-28T13:29:55.013Z</Time><DistanceMeters>10831.988083692158</DistanceMeters><HeartRateBpm><Value>160</Value></HeartRateBpm><Cadence>22</Cadence><Extensions><ext:TPX><ext:Watts>59.21052631578947</ext:Watts><ext:Torque>20</ext:Torque></ext:TPX></Extensions></Trackpoint><Trackpoint><Time>2025-08-28T13:29:56.414Z</Time><DistanceMeters>10837.127594869648</DistanceMeters><HeartRateBpm><Value>161</Value></HeartRateBpm><Cadence>22</Cadence><Extensions><ext:TPX><ext:Watts>54.2</ext:Watts><ext:Torque>20</ext:Torque></ext:TPX></Extensions></Trackpoint><Trackpoint><Time>2025-08-28T13:29:57.779Z</Time><DistanceMeters>10841.868012454102</DistanceMeters><HeartRateBpm><Value>161</Value></HeartRateBpm><Cadence>22</Cadence><Extensions><ext:TPX><ext:Watts>51.15384615384615</ext:Watts><ext:Torque>20</ext:Torque></ext:TPX></Extensions></Trackpoint><Trackpoint><Time>2025-08-28T13:29:59.144Z</Time><DistanceMeters>10847.124054407392</DistanceMeters><HeartRateBpm><Value>161</Value></HeartRateBpm><Cadence>22</Cadence><Extensions><ext:TPX><ext:Watts>56.717948717948715</ext:Watts><ext:Torque>20</ext:Torque></ext:TPX></Extensions></Trackpoint><Trackpoint><Time>2025-08-28T13:30:00.474Z</Time><DistanceMeters>10852.238778015597</DistanceMeters><HeartRateBpm><Value>161</Value></HeartRateBpm><Cadence>22</Cadence><Extensions><ext:TPX><ext:Watts>56.44736842105263</ext:Watts><ext:Torque>20</ext:Torque></ext:TPX></Extensions></Trackpoint><Trackpoint><Time>2025-08-28T13:30:01.839Z</Time><DistanceMeters>10857.245324306547</DistanceMeters><HeartRateBpm><Value>161</Value></HeartRateBpm><Cadence>22</Cadence><Extensions><ext:TPX><ext:Watts>54.02564102564103</ext:Watts><ext:Torque>20</ext:Torque></ext:TPX></Extensions></Trackpoint><Trackpoint><Time>2025-08-28T13:30:03.204Z</Time><DistanceMeters>10862.161576929222</DistanceMeters><HeartRateBpm><Value>162</Value></HeartRateBpm><Cadence>22</Cadence><Extensions><ext:TPX><ext:Watts>53.05128205128205</ext:Watts><ext:Torque>20</ext:Torque></ext:TPX></Extensions></Trackpoint><Trackpoint><Time>2025-08-28T13:30:04.569Z</Time><DistanceMeters>10867.410490435017</DistanceMeters><HeartRateBpm><Value>162</Value></HeartRateBpm><Cadence>22</Cadence><Extensions><ext:TPX><ext:Watts>56.64102564102564</ext:Watts><ext:Torque>20</ext:Torque></ext:TPX></Extensions></Trackpoint><Trackpoint><Time>2025-08-28T13:30:05.898Z</Time><DistanceMeters>10872.525214043222</DistanceMeters><HeartRateBpm><Value>162</Value></HeartRateBpm><Cadence>22</Cadence><Extensions><ext:TPX><ext:Watts>56.44736842105263</ext:Watts><ext:Torque>20</ext:Torque></ext:TPX></Extensions></Trackpoint><Trackpoint><Time>2025-08-28T13:30:07.229Z</Time><DistanceMeters>10877.87600181796</DistanceMeters><HeartRateBpm><Value>162</Value></HeartRateBpm><Cadence>22</Cadence><Extensions><ext:TPX><ext:Watts>59.05263157894737</ext:Watts><ext:Torque>20</ext:Torque></ext:TPX></Extensions></Trackpoint><Trackpoint><Time>2025-08-28T13:30:08.594Z</Time><DistanceMeters>10882.849282020597</DistanceMeters><HeartRateBpm><Value>162</Value></HeartRateBpm><Cadence>22</Cadence><Extensions><ext:TPX><ext:Watts>53.666666666666664</ext:Watts><ext:Torque>20</ext:Torque></ext:TPX></Extensions></Trackpoint><Trackpoint><Time>2025-08-28T13:30:09.959Z</Time><DistanceMeters>10887.675240974997</DistanceMeters><HeartRateBpm><Value>162</Value></HeartRateBpm><Cadence>22</Cadence><Extensions><ext:TPX><ext:Watts>52.07692307692308</ext:Watts><ext:Torque>20</ext:Torque></ext:TPX></Extensions></Trackpoint><Trackpoint><Time>2025-08-28T13:30:11.289Z</Time><DistanceMeters>10891.547647100742</DistanceMeters><HeartRateBpm><Value>162</Value></HeartRateBpm><Cadence>22</Cadence><Extensions><ext:TPX><ext:Watts>42.73684210526316</ext:Watts><ext:Torque>20</ext:Torque></ext:TPX></Extensions></Trackpoint><Trackpoint><Time>2025-08-28T13:30:12.549Z</Time><DistanceMeters>10895.745461122715</DistanceMeters><HeartRateBpm><Value>162</Value></HeartRateBpm><Cadence>24</Cadence><Extensions><ext:TPX><ext:Watts>49.416666666666664</ext:Watts><ext:Torque>20</ext:Torque></ext:TPX></Extensions></Trackpoint><Trackpoint><Time>2025-08-28T13:30:13.774Z</Time><DistanceMeters>10900.345990718564</DistanceMeters><HeartRateBpm><Value>162</Value></HeartRateBpm><Cadence>24</Cadence><Extensions><ext:TPX><ext:Watts>55.285714285714285</ext:Watts><ext:Torque>20</ext:Torque></ext:TPX></Extensions></Trackpoint><Trackpoint><Time>2025-08-28T13:30:15.069Z</Time><DistanceMeters>10905.364970607907</DistanceMeters><HeartRateBpm><Value>162</Value></HeartRateBpm><Cadence>23</Cadence><Extensions><ext:TPX><ext:Watts>56.62162162162162</ext:Watts><ext:Torque>20</ext:Torque></ext:TPX></Extensions></Trackpoint><Trackpoint><Time>2025-08-28T13:30:16.329Z</Time><DistanceMeters>10910.327310623763</DistanceMeters><HeartRateBpm><Value>162</Value></HeartRateBpm><Cadence>24</Cadence><Extensions><ext:TPX><ext:Watts>58.416666666666664</ext:Watts><ext:Torque>20</ext:Torque></ext:TPX></Extensions></Trackpoint><Trackpoint><Time>2025-08-28T13:30:17.589Z</Time><DistanceMeters>10915.1268349187</DistanceMeters><HeartRateBpm><Value>162</Value></HeartRateBpm><Cadence>24</Cadence><Extensions><ext:TPX><ext:Watts>56.5</ext:Watts><ext:Torque>20</ext:Torque></ext:TPX></Extensions></Trackpoint><Trackpoint><Time>2025-08-28T13:30:18.884Z</Time><DistanceMeters>10920.049987029726</DistanceMeters><HeartRateBpm><Value>162</Value></HeartRateBpm><Cadence>23</Cadence><Extensions><ext:TPX><ext:Watts>55.54054054054054</ext:Watts><ext:Torque>20</ext:Torque></ext:TPX></Extensions></Trackpoint><Trackpoint><Time>2025-08-28T13:30:20.179Z</Time><DistanceMeters>10924.817419000987</DistanceMeters><HeartRateBpm><Value>162</Value></HeartRateBpm><Cadence>23</Cadence><Extensions><ext:TPX><ext:Watts>53.78378378378378</ext:Watts><ext:Torque>20</ext:Torque></ext:TPX></Extensions></Trackpoint><Trackpoint><Time>2025-08-28T13:30:21.474Z</Time><DistanceMeters>10929.321324581877</DistanceMeters><HeartRateBpm><Value>162</Value></HeartRateBpm><Cadence>23</Cadence><Extensions><ext:TPX><ext:Watts>50.810810810810814</ext:Watts><ext:Torque>20</ext:Torque></ext:TPX></Extensions></Trackpoint><Trackpoint><Time>2025-08-28T13:30:22.769Z</Time><DistanceMeters>10934.060008219643</DistanceMeters><HeartRateBpm><Value>162</Value></HeartRateBpm><Cadence>23</Cadence><Extensions><ext:TPX><ext:Watts>53.45945945945946</ext:Watts><ext:Torque>20</ext:Torque></ext:TPX></Extensions></Trackpoint><Trackpoint><Time>2025-08-28T13:30:24.029Z</Time><DistanceMeters>10939.097856975637</DistanceMeters><HeartRateBpm><Value>162</Value></HeartRateBpm><Cadence>24</Cadence><Extensions><ext:TPX><ext:Watts>59.30555555555556</ext:Watts><ext:Torque>20</ext:Torque></ext:TPX></Extensions></Trackpoint><Trackpoint><Time>2025-08-28T13:30:25.289Z</Time><DistanceMeters>10944.16874080544</DistanceMeters><HeartRateBpm><Value>162</Value></HeartRateBpm><Cadence>24</Cadence><Extensions><ext:TPX><ext:Watts>59.69444444444444</ext:Watts><ext:Torque>20</ext:Torque></ext:TPX></Extensions></Trackpoint><Trackpoint><Time>2025-08-28T13:30:26.584Z</Time><DistanceMeters>10949.381771945875</DistanceMeters><HeartRateBpm><Value>162</Value></HeartRateBpm><Cadence>23</Cadence><Extensions><ext:TPX><ext:Watts>58.810810810810814</ext:Watts><ext:Torque>20</ext:Torque></ext:TPX></Extensions></Trackpoint><Trackpoint><Time>2025-08-28T13:30:27.844Z</Time><DistanceMeters>10954.398383868705</DistanceMeters><HeartRateBpm><Value>162</Value></HeartRateBpm><Cadence>24</Cadence><Extensions><ext:TPX><ext:Watts>59.05555555555556</ext:Watts><ext:Torque>20</ext:Torque></ext:TPX></Extensions></Trackpoint><Trackpoint><Time>2025-08-28T13:30:29.139Z</Time><DistanceMeters>10959.66891167613</DistanceMeters><HeartRateBpm><Value>162</Value></HeartRateBpm><Cadence>23</Cadence><Extensions><ext:TPX><ext:Watts>59.45945945945946</ext:Watts><ext:Torque>20</ext:Torque></ext:TPX></Extensions></Trackpoint><Trackpoint><Time>2025-08-28T13:30:30.469Z</Time><DistanceMeters>10964.786019770865</DistanceMeters><HeartRateBpm><Value>162</Value></HeartRateBpm><Cadence>22</Cadence><Extensions><ext:TPX><ext:Watts>56.473684210526315</ext:Watts><ext:Torque>20</ext:Torque></ext:TPX></Extensions></Trackpoint><Trackpoint><Time>2025-08-28T13:30:31.764Z</Time><DistanceMeters>10969.886453271778</DistanceMeters><HeartRateBpm><Value>162</Value></HeartRateBpm><Cadence>23</Cadence><Extensions><ext:TPX><ext:Watts>57.54054054054054</ext:Watts><ext:Torque>20</ext:Torque></ext:TPX></Extensions></Trackpoint><Trackpoint><Time>2025-08-28T13:30:33.094Z</Time><DistanceMeters>10975.244394506108</DistanceMeters><HeartRateBpm><Value>162</Value></HeartRateBpm><Cadence>22</Cadence><Extensions><ext:TPX><ext:Watts>59.13157894736842</ext:Watts><ext:Torque>20</ext:Torque></ext:TPX></Extensions></Trackpoint><Trackpoint><Time>2025-08-28T13:30:34.424Z</Time><DistanceMeters>10980.487880386967</DistanceMeters><HeartRateBpm><Value>162</Value></HeartRateBpm><Cadence>22</Cadence><Extensions><ext:TPX><ext:Watts>57.86842105263158</ext:Watts><ext:Torque>20</ext:Torque></ext:TPX></Extensions></Trackpoint><Trackpoint><Time>2025-08-28T13:30:35.754Z</Time><DistanceMeters>10984.489048785366</DistanceMeters><HeartRateBpm><Value>162</Value></HeartRateBpm><Cadence>22</Cadence><Extensions><ext:TPX><ext:Watts>44.1578947368421</ext:Watts><ext:Torque>20</ext:Torque></ext:TPX></Extensions></Trackpoint><Trackpoint><Time>2025-08-28T13:30:37.119Z</Time><DistanceMeters>10988.371676521205</DistanceMeters><HeartRateBpm><Value>162</Value></HeartRateBpm><Cadence>22</Cadence><Extensions><ext:TPX><ext:Watts>41.8974358974359</ext:Watts><ext:Torque>20</ext:Torque></ext:TPX></Extensions></Trackpoint><Trackpoint><Time>2025-08-28T13:30:38.589Z</Time><DistanceMeters>10991.748258998257</DistanceMeters><HeartRateBpm><Value>162</Value></HeartRateBpm><Cadence>20</Cadence><Extensions><ext:TPX><ext:Watts>33.95238095238095</ext:Watts><ext:Torque>20</ext:Torque></ext:TPX></Extensions></Trackpoint><Trackpoint><Time>2025-08-28T13:30:39.989Z</Time><DistanceMeters>10996.095982014638</DistanceMeters><HeartRateBpm><Value>162</Value></HeartRateBpm><Cadence>22</Cadence><Extensions><ext:TPX><ext:Watts>45.85</ext:Watts><ext:Torque>20</ext:Torque></ext:TPX></Extensions></Trackpoint><Trackpoint><Time>2025-08-28T13:30:41.424Z</Time><DistanceMeters>11000.55231316598</DistanceMeters><HeartRateBpm><Value>162</Value></HeartRateBpm><Cadence>21</Cadence><Extensions><ext:TPX><ext:Watts>45.90243902439025</ext:Watts><ext:Torque>20</ext:Torque></ext:TPX></Extensions></Trackpoint><Trackpoint><Time>2025-08-28T13:30:42.859Z</Time><DistanceMeters>11005.655072799955</DistanceMeters><HeartRateBpm><Value>163</Value></HeartRateBpm><Cadence>21</Cadence><Extensions><ext:TPX><ext:Watts>52.5609756097561</ext:Watts><ext:Torque>20</ext:Torque></ext:TPX></Extensions></Trackpoint><Trackpoint><Time>2025-08-28T13:30:43.559Z</Time><DistanceMeters>11005.970365690455</DistanceMeters><HeartRateBpm><Value>163</Value></HeartRateBpm><Cadence>43</Cadence><Extensions><ext:TPX><ext:Watts>6.65</ext:Watts><ext:Torque>20</ext:Torque></ext:TPX></Extensions></Trackpoint><Trackpoint><Time>2025-08-28T13:30:44.049Z</Time><DistanceMeters>11005.982302083801</DistanceMeters><HeartRateBpm><Value>163</Value></HeartRateBpm><Cadence>61</Cadence><Extensions><ext:TPX><ext:Watts>0.35714285714285715</ext:Watts><ext:Torque>20</ext:Torque></ext:TPX></Extensions></Trackpoint></Track></Lap></Activity></Activities></TrainingCenterDatabase>