<?xml version='1.0' encoding='utf-8'?>
<TrainingCenterDatabase xmlns:ext="http://www.garmin.com/xmlschemas/ActivityExtension/v2" xmlns:xsi="http://www.w3.org/2001/XMLSchema-instance" xsi:schemaLocation="http://www.garmin.com/xmlschemas/TrainingCenterDatabase/v2 http://www.garmin.com/xmlschemas/TrainingCenterDatabasev2.xsd"><Activities><Activity Sport="Other"><Id>2025-09-14T10:35:56.638Z</Id><Notes>SkiErg Intervalltraining</Notes><Lap StartTime="2025-09-14T10:35:56.638Z"><TotalTimeSeconds>3051</TotalTimeSeconds><DistanceMeters>0</DistanceMeters><Calories>0</Calories><Intensity>Active</Intensity><TriggerMethod>Manual</TriggerMethod><Track><Trackpoint><Time>2025-09-14T10:35:56.638Z</Time><DistanceMeters>0.10059167791012602</DistanceMeters><HeartRateBpm><Value>67</Value></HeartRateBpm><Cadence>10</Cadence><Extensions><ext:TPX><ext:Watts>0.5180722891566265</ext:Watts><ext:Torque>30</ext:Torque></ext:TPX></Extensions></Trackpoint><Trackpoint><Time>2025-09-14T10:35:59.403Z</Time><DistanceMeters>0.11701417720337204</DistanceMeters><HeartRateBpm><Value>67</Value></HeartRateBpm><Cadence>11</Cadence><Extensions><ext:TPX><ext:Watts>0.08860759493670886</ext:Watts><ext:Torque>20</ext:Torque></ext:TPX></Extensions></Trackpoint><Trackpoint><Time>2025-09-14T10:36:15.418Z</Time><DistanceMeters>0.21443629297411165</DistanceMeters><HeartRateBpm><Value>65</Value></HeartRateBpm><Cadence>16</Cadence><Extensions><ext:TPX><ext:Watts>0.7884615384615384</ext:Watts><ext:Torque>20</ext:Torque></ext:TPX></Extensions></Trackpoint><Trackpoint><Time>2025-09-14T10:36:18.918Z</Time><DistanceMeters>0.5565852717184013</DistanceMeters><HeartRateBpm><Value>62</Value></HeartRateBpm><Cadence>27</Cadence><Extensions><ext:TPX><ext:Watts>4.53125</ext:Watts><ext:Torque>51</ext:Torque></ext:TPX></Extensions></Trackpoint><Trackpoint><Time>2025-09-14T10:36:20.388Z</Time><DistanceMeters>2.4863992400197272</DistanceMeters><HeartRateBpm><Value>62</Value></HeartRateBpm><Cadence>20</Cadence><Extensions><ext:TPX><ext:Watts>19.404761904761905</ext:Watts><ext:Torque>37</ext:Torque></ext:TPX></Extensions></Trackpoint><Trackpoint><Time>2025-09-14T10:36:21.613Z</Time><DistanceMeters>5.562929109285039</DistanceMeters><HeartRateBpm><Value>63</Value></HeartRateBpm><Cadence>24</Cadence><Extensions><ext:TPX><ext:Watts>36.97142857142857</ext:Watts><ext:Torque>20</ext:Torque></ext:TPX></Extensions></Trackpoint><Trackpoint><Time>2025-09-14T10:36:22.838Z</Time><DistanceMeters>8.829661752538934</DistanceMeters><HeartRateBpm><Value>64</Value></HeartRateBpm><Cadence>24</Cadence><Extensions><ext:TPX><ext:Watts>39.25714285714286</ext:Watts><ext:Torque>20</ext:Torque></ext:TPX></Extensions></Trackpoint><Trackpoint><Time>2025-09-14T10:36:24.063Z</Time><DistanceMeters>12.029823424896824</DistanceMeters><HeartRateBpm><Value>64</Value></HeartRateBpm><Cadence>24</Cadence><Extensions><ext:TPX><ext:Watts>38.457142857142856</ext:Watts><ext:Torque>20</ext:Torque></ext:TPX></Extensions></Trackpoint><Trackpoint><Time>2025-09-14T10:36:25.293Z</Time><DistanceMeters>15.455850891366156</DistanceMeters><HeartRateBpm><Value>65</Value></HeartRateBpm><Cadence>24</Cadence><Extensions><ext:TPX><ext:Watts>41.17142857142857</ext:Watts><ext:Torque>20</ext:Torque></ext:TPX></Extensions></Trackpoint><Trackpoint><Time>2025-09-14T10:36:26.483Z</Time><DistanceMeters>18.81376898214987</DistanceMeters><HeartRateBpm><Value>65</Value></HeartRateBpm><Cadence>25</Cadence><Extensions><ext:TPX><ext:Watts>41.1764705882353</ext:Watts><ext:Torque>20</ext:Torque></ext:TPX></Extensions></Trackpoint><Trackpoint><Time>2025-09-14T10:36:27.678Z</Time><DistanceMeters>22.315597848252885</DistanceMeters><HeartRateBpm><Value>68</Value></HeartRateBpm><Cadence>25</Cadence><Extensions><ext:TPX><ext:Watts>42.94117647058823</ext:Watts><ext:Torque>20</ext:Torque></ext:TPX></Extensions></Trackpoint><Trackpoint><Time>2025-09-14T10:36:28.873Z</Time><DistanceMeters>25.901374666625493</DistanceMeters><HeartRateBpm><Value>69</Value></HeartRateBpm><Cadence>25</Cadence><Extensions><ext:TPX><ext:Watts>43.970588235294116</ext:Watts><ext:Torque>20</ext:Torque></ext:TPX></Extensions></Trackpoint><Trackpoint><Time>2025-09-14T10:36:30.063Z</Time><DistanceMeters>29.355233274288743</DistanceMeters><HeartRateBpm><Value>71</Value></HeartRateBpm><Cadence>25</Cadence><Extensions><ext:TPX><ext:Watts>42.35294117647059</ext:Watts><ext:Torque>20</ext:Torque></ext:TPX></Extensions></Trackpoint><Trackpoint><Time>2025-09-14T10:36:31.258Z</Time><DistanceMeters>32.58842869312906</DistanceMeters><HeartRateBpm><Value>72</Value></HeartRateBpm><Cadence>25</Cadence><Extensions><ext:TPX><ext:Watts>39.64705882352941</ext:Watts><ext:Torque>20</ext:Torque></ext:TPX></Extensions></Trackpoint><Trackpoint><Time>2025-09-14T10:36:32.414Z</Time><DistanceMeters>35.677422607811046</DistanceMeters><HeartRateBpm><Value>74</Value></HeartRateBpm><Cadence>26</Cadence><Extensions><ext:TPX><ext:Watts>39.39393939393939</ext:Watts><ext:Torque>20</ext:Torque></ext:TPX></Extensions></Trackpoint><Trackpoint><Time>2025-09-14T10:36:33.568Z</Time><DistanceMeters>38.67849900338285</DistanceMeters><HeartRateBpm><Value>76</Value></HeartRateBpm><Cadence>26</Cadence><Extensions><ext:TPX><ext:Watts>38.27272727272727</ext:Watts><ext:Torque>20</ext:Torque></ext:TPX></Extensions></Trackpoint><Trackpoint><Time>2025-09-14T10:36:34.728Z</Time><DistanceMeters>41.69620844311064</DistanceMeters><HeartRateBpm><Value>76</Value></HeartRateBpm><Cadence>26</Cadence><Extensions><ext:TPX><ext:Watts>38.484848484848484</ext:Watts><ext:Torque>20</ext:Torque></ext:TPX></Extensions></Trackpoint><Trackpoint><Time>2025-09-14T10:36:35.888Z</Time><DistanceMeters>44.80421155111375</DistanceMeters><HeartRateBpm><Value>77</Value></HeartRateBpm><Cadence>26</Cadence><Extensions><ext:TPX><ext:Watts>39.63636363636363</ext:Watts><ext:Torque>20</ext:Torque></ext:TPX></Extensions></Trackpoint><Trackpoint><Time>2025-09-14T10:36:37.044Z</Time><DistanceMeters>47.81004024501584</DistanceMeters><HeartRateBpm><Value>78</Value></HeartRateBpm><Cadence>26</Cadence><Extensions><ext:TPX><ext:Watts>38.333333333333336</ext:Watts><ext:Torque>20</ext:Torque></ext:TPX></Extensions></Trackpoint><Trackpoint><Time>2025-09-14T10:36:38.198Z</Time><DistanceMeters>50.88002496637671</DistanceMeters><HeartRateBpm><Value>79</Value></HeartRateBpm><Cadence>26</Cadence><Extensions><ext:TPX><ext:Watts>39.15151515151515</ext:Watts><ext:Torque>20</ext:Torque></ext:TPX></Extensions></Trackpoint><Trackpoint><Time>2025-09-14T10:36:39.403Z</Time><DistanceMeters>54.01248284249352</DistanceMeters><HeartRateBpm><Value>79</Value></HeartRateBpm><Cadence>25</Cadence><Extensions><ext:TPX><ext:Watts>38.411764705882355</ext:Watts><ext:Torque>20</ext:Torque></ext:TPX></Extensions></Trackpoint><Trackpoint><Time>2025-09-14T10:36:40.524Z</Time><DistanceMeters>57.05406928112379</DistanceMeters><HeartRateBpm><Value>81</Value></HeartRateBpm><Cadence>27</Cadence><Extensions><ext:TPX><ext:Watts>40.28125</ext:Watts><ext:Torque>20</ext:Torque></ext:TPX></Extensions></Trackpoint><Trackpoint><Time>2025-09-14T10:36:41.678Z</Time><DistanceMeters>60.12880630081494</DistanceMeters><HeartRateBpm><Value>82</Value></HeartRateBpm><Cadence>26</Cadence><Extensions><ext:TPX><ext:Watts>39.21212121212121</ext:Watts><ext:Torque>20</ext:Torque></ext:TPX></Extensions></Trackpoint><Trackpoint><Time>2025-09-14T10:36:42.834Z</Time><DistanceMeters>63.186910276350105</DistanceMeters><HeartRateBpm><Value>83</Value></HeartRateBpm><Cadence>26</Cadence><Extensions><ext:TPX><ext:Watts>39.0</ext:Watts><ext:Torque>20</ext:Torque></ext:TPX></Extensions></Trackpoint><Trackpoint><Time>2025-09-14T10:36:43.988Z</Time><DistanceMeters>66.14283983778425</DistanceMeters><HeartRateBpm><Value>84</Value></HeartRateBpm><Cadence>26</Cadence><Extensions><ext:TPX><ext:Watts>37.696969696969695</ext:Watts><ext:Torque>20</ext:Torque></ext:TPX></Extensions></Trackpoint><Trackpoint><Time>2025-09-14T10:36:45.144Z</Time><DistanceMeters>69.27935673576904</DistanceMeters><HeartRateBpm><Value>84</Value></HeartRateBpm><Cadence>26</Cadence><Extensions><ext:TPX><ext:Watts>40.0</ext:Watts><ext:Torque>20</ext:Torque></ext:TPX></Extensions></Trackpoint><Trackpoint><Time>2025-09-14T10:36:46.298Z</Time><DistanceMeters>72.34221300963449</DistanceMeters><HeartRateBpm><Value>85</Value></HeartRateBpm><Cadence>26</Cadence><Extensions><ext:TPX><ext:Watts>39.06060606060606</ext:Watts><ext:Torque>20</ext:Torque></ext:TPX></Extensions></Trackpoint><Trackpoint><Time>2025-09-14T10:36:47.523Z</Time><DistanceMeters>75.57090509809066</DistanceMeters><HeartRateBpm><Value>85</Value></HeartRateBpm><Cadence>24</Cadence><Extensions><ext:TPX><ext:Watts>38.8</ext:Watts><ext:Torque>20</ext:Torque></ext:TPX></Extensions></Trackpoint><Trackpoint><Time>2025-09-14T10:36:48.684Z</Time><DistanceMeters>78.67890820609377</DistanceMeters><HeartRateBpm><Value>85</Value></HeartRateBpm><Cadence>26</Cadence><Extensions><ext:TPX><ext:Watts>39.63636363636363</ext:Watts><ext:Torque>20</ext:Torque></ext:TPX></Extensions></Trackpoint><Trackpoint><Time>2025-09-14T10:36:49.838Z</Time><DistanceMeters>81.69186534749127</DistanceMeters><HeartRateBpm><Value>85</Value></HeartRateBpm><Cadence>26</Cadence><Extensions><ext:TPX><ext:Watts>38.42424242424242</ext:Watts><ext:Torque>20</ext:Torque></ext:TPX></Extensions></Trackpoint><Trackpoint><Time>2025-09-14T10:36:50.994Z</Time><DistanceMeters>84.69294174306309</DistanceMeters><HeartRateBpm><Value>84</Value></HeartRateBpm><Cadence>26</Cadence><Extensions><ext:TPX><ext:Watts>38.27272727272727</ext:Watts><ext:Torque>20</ext:Torque></ext:TPX></Extensions></Trackpoint><Trackpoint><Time>2025-09-14T10:36:52.148Z</Time><DistanceMeters>87.66075205032294</DistanceMeters><HeartRateBpm><Value>84</Value></HeartRateBpm><Cadence>26</Cadence><Extensions><ext:TPX><ext:Watts>37.84848484848485</ext:Watts><ext:Torque>20</ext:Torque></ext:TPX></Extensions></Trackpoint><Trackpoint><Time>2025-09-14T10:36:53.304Z</Time><DistanceMeters>90.71172757836268</DistanceMeters><HeartRateBpm><Value>84</Value></HeartRateBpm><Cadence>26</Cadence><Extensions><ext:TPX><ext:Watts>38.90909090909091</ext:Watts><ext:Torque>20</ext:Torque></ext:TPX></Extensions></Trackpoint><Trackpoint><Time>2025-09-14T10:36:54.458Z</Time><DistanceMeters>93.62726260398945</DistanceMeters><HeartRateBpm><Value>84</Value></HeartRateBpm><Cadence>26</Cadence><Extensions><ext:TPX><ext:Watts>37.18181818181818</ext:Watts><ext:Torque>20</ext:Torque></ext:TPX></Extensions></Trackpoint><Trackpoint><Time>2025-09-14T10:36:55.614Z</Time><DistanceMeters>96.64021974538696</DistanceMeters><HeartRateBpm><Value>84</Value></HeartRateBpm><Cadence>26</Cadence><Extensions><ext:TPX><ext:Watts>38.42424242424242</ext:Watts><ext:Torque>20</ext:Torque></ext:TPX></Extensions></Trackpoint><Trackpoint><Time>2025-09-14T10:36:56.768Z</Time><DistanceMeters>99.68644297509643</DistanceMeters><HeartRateBpm><Value>84</Value></HeartRateBpm><Cadence>26</Cadence><Extensions><ext:TPX><ext:Watts>38.84848484848485</ext:Watts><ext:Torque>20</ext:Torque></ext:TPX></Extensions></Trackpoint><Trackpoint><Time>2025-09-14T10:36:57.888Z</Time><DistanceMeters>102.63600313668513</DistanceMeters><HeartRateBpm><Value>85</Value></HeartRateBpm><Cadence>27</Cadence><Extensions><ext:TPX><ext:Watts>39.0625</ext:Watts><ext:Torque>20</ext:Torque></ext:TPX></Extensions></Trackpoint><Trackpoint><Time>2025-09-14T10:36:59.048Z</Time><DistanceMeters>105.68697866472488</DistanceMeters><HeartRateBpm><Value>85</Value></HeartRateBpm><Cadence>26</Cadence><Extensions><ext:TPX><ext:Watts>38.90909090909091</ext:Watts><ext:Torque>20</ext:Torque></ext:TPX></Extensions></Trackpoint><Trackpoint><Time>2025-09-14T10:37:00.168Z</Time><DistanceMeters>108.58934586372816</DistanceMeters><HeartRateBpm><Value>85</Value></HeartRateBpm><Cadence>27</Cadence><Extensions><ext:TPX><ext:Watts>38.4375</ext:Watts><ext:Torque>20</ext:Torque></ext:TPX></Extensions></Trackpoint><Trackpoint><Time>2025-09-14T10:37:01.324Z</Time><DistanceMeters>111.60705530345594</DistanceMeters><HeartRateBpm><Value>86</Value></HeartRateBpm><Cadence>26</Cadence><Extensions><ext:TPX><ext:Watts>38.484848484848484</ext:Watts><ext:Torque>20</ext:Torque></ext:TPX></Extensions></Trackpoint><Trackpoint><Time>2025-09-14T10:37:02.478Z</Time><DistanceMeters>114.86237965969772</DistanceMeters><HeartRateBpm><Value>86</Value></HeartRateBpm><Cadence>26</Cadence><Extensions><ext:TPX><ext:Watts>41.515151515151516</ext:Watts><ext:Torque>20</ext:Torque></ext:TPX></Extensions></Trackpoint><Trackpoint><Time>2025-09-14T10:37:03.634Z</Time><DistanceMeters>118.22938302670109</DistanceMeters><HeartRateBpm><Value>87</Value></HeartRateBpm><Cadence>26</Cadence><Extensions><ext:TPX><ext:Watts>42.93939393939394</ext:Watts><ext:Torque>20</ext:Torque></ext:TPX></Extensions></Trackpoint><Trackpoint><Time>2025-09-14T10:37:04.789Z</Time><DistanceMeters>121.57737720038334</DistanceMeters><HeartRateBpm><Value>87</Value></HeartRateBpm><Cadence>26</Cadence><Extensions><ext:TPX><ext:Watts>42.696969696969695</ext:Watts><ext:Torque>20</ext:Torque></ext:TPX></Extensions></Trackpoint><Trackpoint><Time>2025-09-14T10:37:05.953Z</Time><DistanceMeters>125.0275457881666</DistanceMeters><HeartRateBpm><Value>88</Value></HeartRateBpm><Cadence>26</Cadence><Extensions><ext:TPX><ext:Watts>44.0</ext:Watts><ext:Torque>20</ext:Torque></ext:TPX></Extensions></Trackpoint><Trackpoint><Time>2025-09-14T10:37:07.144Z</Time><DistanceMeters>128.44302818907803</DistanceMeters><HeartRateBpm><Value>88</Value></HeartRateBpm><Cadence>25</Cadence><Extensions><ext:TPX><ext:Watts>41.88235294117647</ext:Watts><ext:Torque>20</ext:Torque></ext:TPX></Extensions></Trackpoint><Trackpoint><Time>2025-09-14T10:37:08.334Z</Time><DistanceMeters>131.8944882838193</DistanceMeters><HeartRateBpm><Value>88</Value></HeartRateBpm><Cadence>25</Cadence><Extensions><ext:TPX><ext:Watts>42.3235294117647</ext:Watts><ext:Torque>20</ext:Torque></ext:TPX></Extensions></Trackpoint><Trackpoint><Time>2025-09-14T10:37:09.488Z</Time><DistanceMeters>135.38505140740995</DistanceMeters><HeartRateBpm><Value>89</Value></HeartRateBpm><Cadence>26</Cadence><Extensions><ext:TPX><ext:Watts>44.515151515151516</ext:Watts><ext:Torque>20</ext:Torque></ext:TPX></Extensions></Trackpoint><Trackpoint><Time>2025-09-14T10:37:10.714Z</Time><DistanceMeters>138.94184328099644</DistanceMeters><HeartRateBpm><Value>89</Value></HeartRateBpm><Cadence>24</Cadence><Extensions><ext:TPX><ext:Watts>42.74285714285714</ext:Watts><ext:Torque>20</ext:Torque></ext:TPX></Extensions></Trackpoint><Trackpoint><Time>2025-09-14T10:37:11.869Z</Time><DistanceMeters>142.25894751553187</DistanceMeters><HeartRateBpm><Value>90</Value></HeartRateBpm><Cadence>26</Cadence><Extensions><ext:TPX><ext:Watts>42.303030303030305</ext:Watts><ext:Torque>20</ext:Torque></ext:TPX></Extensions></Trackpoint><Trackpoint><Time>2025-09-14T10:37:13.024Z</Time><DistanceMeters>145.51189572260853</DistanceMeters><HeartRateBpm><Value>90</Value></HeartRateBpm><Cadence>26</Cadence><Extensions><ext:TPX><ext:Watts>41.484848484848484</ext:Watts><ext:Torque>20</ext:Torque></ext:TPX></Extensions></Trackpoint><Trackpoint><Time>2025-09-14T10:37:14.144Z</Time><DistanceMeters>148.64786808640963</DistanceMeters><HeartRateBpm><Value>91</Value></HeartRateBpm><Cadence>27</Cadence><Extensions><ext:TPX><ext:Watts>41.53125</ext:Watts><ext:Torque>20</ext:Torque></ext:TPX></Extensions></Trackpoint><Trackpoint><Time>2025-09-14T10:37:15.299Z</Time><DistanceMeters>151.76775194023844</DistanceMeters><HeartRateBpm><Value>91</Value></HeartRateBpm><Cadence>26</Cadence><Extensions><ext:TPX><ext:Watts>39.78787878787879</ext:Watts><ext:Torque>20</ext:Torque></ext:TPX></Extensions></Trackpoint><Trackpoint><Time>2025-09-14T10:37:16.419Z</Time><DistanceMeters>154.54741743651962</DistanceMeters><HeartRateBpm><Value>92</Value></HeartRateBpm><Cadence>27</Cadence><Extensions><ext:TPX><ext:Watts>36.8125</ext:Watts><ext:Torque>20</ext:Torque></ext:TPX></Extensions></Trackpoint><Trackpoint><Time>2025-09-14T10:37:17.539Z</Time><DistanceMeters>157.51113548688394</DistanceMeters><HeartRateBpm><Value>92</Value></HeartRateBpm><Cadence>27</Cadence><Extensions><ext:TPX><ext:Watts>39.25</ext:Watts><ext:Torque>20</ext:Torque></ext:TPX></Extensions></Trackpoint><Trackpoint><Time>2025-09-14T10:37:18.659Z</Time><DistanceMeters>160.47013424098972</DistanceMeters><HeartRateBpm><Value>93</Value></HeartRateBpm><Cadence>27</Cadence><Extensions><ext:TPX><ext:Watts>39.1875</ext:Watts><ext:Torque>20</ext:Torque></ext:TPX></Extensions></Trackpoint><Trackpoint><Time>2025-09-14T10:37:19.779Z</Time><DistanceMeters>163.4456505320004</DistanceMeters><HeartRateBpm><Value>93</Value></HeartRateBpm><Cadence>27</Cadence><Extensions><ext:TPX><ext:Watts>39.40625</ext:Watts><ext:Torque>20</ext:Torque></ext:TPX></Extensions></Trackpoint><Trackpoint><Time>2025-09-14T10:37:20.904Z</Time><DistanceMeters>166.45086277210964</DistanceMeters><HeartRateBpm><Value>94</Value></HeartRateBpm><Cadence>26</Cadence><Extensions><ext:TPX><ext:Watts>39.0625</ext:Watts><ext:Torque>20</ext:Torque></ext:TPX></Extensions></Trackpoint><Trackpoint><Time>2025-09-14T10:37:22.059Z</Time><DistanceMeters>169.44718686935119</DistanceMeters><HeartRateBpm><Value>94</Value></HeartRateBpm><Cadence>26</Cadence><Extensions><ext:TPX><ext:Watts>38.21212121212121</ext:Watts><ext:Torque>20</ext:Torque></ext:TPX></Extensions></Trackpoint><Trackpoint><Time>2025-09-14T10:37:23.214Z</Time><DistanceMeters>172.58607991650112</DistanceMeters><HeartRateBpm><Value>95</Value></HeartRateBpm><Cadence>26</Cadence><Extensions><ext:TPX><ext:Watts>40.03030303030303</ext:Watts><ext:Torque>20</ext:Torque></ext:TPX></Extensions></Trackpoint><Trackpoint><Time>2025-09-14T10:37:24.334Z</Time><DistanceMeters>175.53328042996054</DistanceMeters><HeartRateBpm><Value>95</Value></HeartRateBpm><Cadence>27</Cadence><Extensions><ext:TPX><ext:Watts>39.03125</ext:Watts><ext:Torque>20</ext:Torque></ext:TPX></Extensions></Trackpoint><Trackpoint><Time>2025-09-14T10:37:25.454Z</Time><DistanceMeters>178.54655109103956</DistanceMeters><HeartRateBpm><Value>96</Value></HeartRateBpm><Cadence>27</Cadence><Extensions><ext:TPX><ext:Watts>39.90625</ext:Watts><ext:Torque>20</ext:Torque></ext:TPX></Extensions></Trackpoint><Trackpoint><Time>2025-09-14T10:37:26.574Z</Time><DistanceMeters>181.50554984514534</DistanceMeters><HeartRateBpm><Value>96</Value></HeartRateBpm><Cadence>27</Cadence><Extensions><ext:TPX><ext:Watts>39.1875</ext:Watts><ext:Torque>20</ext:Torque></ext:TPX></Extensions></Trackpoint><Trackpoint><Time>2025-09-14T10:37:27.729Z</Time><DistanceMeters>184.57315841734106</DistanceMeters><HeartRateBpm><Value>96</Value></HeartRateBpm><Cadence>26</Cadence><Extensions><ext:TPX><ext:Watts>39.121212121212125</ext:Watts><ext:Torque>20</ext:Torque></ext:TPX></Extensions></Trackpoint><Trackpoint><Time>2025-09-14T10:37:28.848Z</Time><DistanceMeters>187.53687646770538</DistanceMeters><HeartRateBpm><Value>96</Value></HeartRateBpm><Cadence>27</Cadence><Extensions><ext:TPX><ext:Watts>39.25</ext:Watts><ext:Torque>20</ext:Torque></ext:TPX></Extensions></Trackpoint><Trackpoint><Time>2025-09-14T10:37:30.004Z</Time><DistanceMeters>190.5498336091029</DistanceMeters><HeartRateBpm><Value>96</Value></HeartRateBpm><Cadence>26</Cadence><Extensions><ext:TPX><ext:Watts>38.42424242424242</ext:Watts><ext:Torque>20</ext:Torque></ext:TPX></Extensions></Trackpoint><Trackpoint><Time>2025-09-14T10:37:31.124Z</Time><DistanceMeters>193.5560253257941</DistanceMeters><HeartRateBpm><Value>96</Value></HeartRateBpm><Cadence>27</Cadence><Extensions><ext:TPX><ext:Watts>39.8125</ext:Watts><ext:Torque>20</ext:Torque></ext:TPX></Extensions></Trackpoint><Trackpoint><Time>2025-09-14T10:37:32.244Z</Time><DistanceMeters>196.5315416168048</DistanceMeters><HeartRateBpm><Value>96</Value></HeartRateBpm><Cadence>27</Cadence><Extensions><ext:TPX><ext:Watts>39.40625</ext:Watts><ext:Torque>20</ext:Torque></ext:TPX></Extensions></Trackpoint><Trackpoint><Time>2025-09-14T10:37:33.364Z</Time><DistanceMeters>199.50705790781547</DistanceMeters><HeartRateBpm><Value>96</Value></HeartRateBpm><Cadence>27</Cadence><Extensions><ext:TPX><ext:Watts>39.40625</ext:Watts><ext:Torque>20</ext:Torque></ext:TPX></Extensions></Trackpoint><Trackpoint><Time>2025-09-14T10:37:34.484Z</Time><DistanceMeters>202.5934776609019</DistanceMeters><HeartRateBpm><Value>97</Value></HeartRateBpm><Cadence>27</Cadence><Extensions><ext:TPX><ext:Watts>40.875</ext:Watts><ext:Torque>20</ext:Torque></ext:TPX></Extensions></Trackpoint><Trackpoint><Time>2025-09-14T10:37:35.645Z</Time><DistanceMeters>205.55415952066633</DistanceMeters><HeartRateBpm><Value>97</Value></HeartRateBpm><Cadence>26</Cadence><Extensions><ext:TPX><ext:Watts>37.75757575757576</ext:Watts><ext:Torque>20</ext:Torque></ext:TPX></Extensions></Trackpoint><Trackpoint><Time>2025-09-14T10:37:36.799Z</Time><DistanceMeters>208.5053367837702</DistanceMeters><HeartRateBpm><Value>97</Value></HeartRateBpm><Cadence>26</Cadence><Extensions><ext:TPX><ext:Watts>37.63636363636363</ext:Watts><ext:Torque>20</ext:Torque></ext:TPX></Extensions></Trackpoint><Trackpoint><Time>2025-09-14T10:37:37.919Z</Time><DistanceMeters>211.4855723710394</DistanceMeters><HeartRateBpm><Value>98</Value></HeartRateBpm><Cadence>27</Cadence><Extensions><ext:TPX><ext:Watts>39.46875</ext:Watts><ext:Torque>20</ext:Torque></ext:TPX></Extensions></Trackpoint><Trackpoint><Time>2025-09-14T10:37:39.039Z</Time><DistanceMeters>214.42097464385247</DistanceMeters><HeartRateBpm><Value>98</Value></HeartRateBpm><Cadence>27</Cadence><Extensions><ext:TPX><ext:Watts>38.875</ext:Watts><ext:Torque>20</ext:Torque></ext:TPX></Extensions></Trackpoint><Trackpoint><Time>2025-09-14T10:37:40.159Z</Time><DistanceMeters>217.3587365647948</DistanceMeters><HeartRateBpm><Value>98</Value></HeartRateBpm><Cadence>27</Cadence><Extensions><ext:TPX><ext:Watts>38.90625</ext:Watts><ext:Torque>20</ext:Torque></ext:TPX></Extensions></Trackpoint><Trackpoint><Time>2025-09-14T10:37:41.279Z</Time><DistanceMeters>220.2445862268932</DistanceMeters><HeartRateBpm><Value>98</Value></HeartRateBpm><Cadence>27</Cadence><Extensions><ext:TPX><ext:Watts>38.21875</ext:Watts><ext:Torque>20</ext:Torque></ext:TPX></Extensions></Trackpoint><Trackpoint><Time>2025-09-14T10:37:42.434Z</Time><DistanceMeters>223.30981864992378</DistanceMeters><HeartRateBpm><Value>98</Value></HeartRateBpm><Cadence>26</Cadence><Extensions><ext:TPX><ext:Watts>39.09090909090909</ext:Watts><ext:Torque>20</ext:Torque></ext:TPX></Extensions></Trackpoint><Trackpoint><Time>2025-09-14T10:37:43.519Z</Time><DistanceMeters>226.21546582902465</DistanceMeters><HeartRateBpm><Value>98</Value></HeartRateBpm><Cadence>28</Cadence><Extensions><ext:TPX><ext:Watts>39.193548387096776</ext:Watts><ext:Torque>20</ext:Torque></ext:TPX></Extensions></Trackpoint><Trackpoint><Time>2025-09-14T10:37:44.604Z</Time><DistanceMeters>229.11872152896575</DistanceMeters><HeartRateBpm><Value>98</Value></HeartRateBpm><Cadence>28</Cadence><Extensions><ext:TPX><ext:Watts>39.16129032258065</ext:Watts><ext:Torque>20</ext:Torque></ext:TPX></Extensions></Trackpoint><Trackpoint><Time>2025-09-14T10:37:45.724Z</Time><DistanceMeters>231.9762554135129</DistanceMeters><HeartRateBpm><Value>98</Value></HeartRateBpm><Cadence>27</Cadence><Extensions><ext:TPX><ext:Watts>37.84375</ext:Watts><ext:Torque>20</ext:Torque></ext:TPX></Extensions></Trackpoint><Trackpoint><Time>2025-09-14T10:37:46.844Z</Time><DistanceMeters>234.8526664830942</DistanceMeters><HeartRateBpm><Value>98</Value></HeartRateBpm><Cadence>27</Cadence><Extensions><ext:TPX><ext:Watts>38.09375</ext:Watts><ext:Torque>20</ext:Torque></ext:TPX></Extensions></Trackpoint><Trackpoint><Time>2025-09-14T10:37:47.964Z</Time><DistanceMeters>237.71491966389988</DistanceMeters><HeartRateBpm><Value>99</Value></HeartRateBpm><Cadence>27</Cadence><Extensions><ext:TPX><ext:Watts>37.90625</ext:Watts><ext:Torque>20</ext:Torque></ext:TPX></Extensions></Trackpoint><Trackpoint><Time>2025-09-14T10:37:49.049Z</Time><DistanceMeters>240.70187713443238</DistanceMeters><HeartRateBpm><Value>99</Value></HeartRateBpm><Cadence>28</Cadence><Extensions><ext:TPX><ext:Watts>40.29032258064516</ext:Watts><ext:Torque>20</ext:Torque></ext:TPX></Extensions></Trackpoint><Trackpoint><Time>2025-09-14T10:37:50.134Z</Time><DistanceMeters>243.66013685504782</DistanceMeters><HeartRateBpm><Value>99</Value></HeartRateBpm><Cadence>28</Cadence><Extensions><ext:TPX><ext:Watts>39.903225806451616</ext:Watts><ext:Torque>20</ext:Torque></ext:TPX></Extensions></Trackpoint><Trackpoint><Time>2025-09-14T10:37:51.259Z</Time><DistanceMeters>246.7518992076722</DistanceMeters><HeartRateBpm><Value>99</Value></HeartRateBpm><Cadence>26</Cadence><Extensions><ext:TPX><ext:Watts>40.1875</ext:Watts><ext:Torque>20</ext:Torque></ext:TPX></Extensions></Trackpoint><Trackpoint><Time>2025-09-14T10:37:52.344Z</Time><DistanceMeters>249.69341857416939</DistanceMeters><HeartRateBpm><Value>100</Value></HeartRateBpm><Cadence>28</Cadence><Extensions><ext:TPX><ext:Watts>39.67741935483871</ext:Watts><ext:Torque>20</ext:Torque></ext:TPX></Extensions></Trackpoint><Trackpoint><Time>2025-09-14T10:37:53.429Z</Time><DistanceMeters>252.68755048218114</DistanceMeters><HeartRateBpm><Value>100</Value></HeartRateBpm><Cadence>28</Cadence><Extensions><ext:TPX><ext:Watts>40.38709677419355</ext:Watts><ext:Torque>20</ext:Torque></ext:TPX></Extensions></Trackpoint><Trackpoint><Time>2025-09-14T10:37:54.514Z</Time><DistanceMeters>255.60515505708076</DistanceMeters><HeartRateBpm><Value>101</Value></HeartRateBpm><Cadence>28</Cadence><Extensions><ext:TPX><ext:Watts>39.354838709677416</ext:Watts><ext:Torque>20</ext:Torque></ext:TPX></Extensions></Trackpoint><Trackpoint><Time>2025-09-14T10:37:55.564Z</Time><DistanceMeters>258.59053219343167</DistanceMeters><HeartRateBpm><Value>101</Value></HeartRateBpm><Cadence>28</Cadence><Extensions><ext:TPX><ext:Watts>41.733333333333334</ext:Watts><ext:Torque>20</ext:Torque></ext:TPX></Extensions></Trackpoint><Trackpoint><Time>2025-09-14T10:37:56.649Z</Time><DistanceMeters>261.5846641014434</DistanceMeters><HeartRateBpm><Value>102</Value></HeartRateBpm><Cadence>28</Cadence><Extensions><ext:TPX><ext:Watts>40.38709677419355</ext:Watts><ext:Torque>20</ext:Torque></ext:TPX></Extensions></Trackpoint><Trackpoint><Time>2025-09-14T10:37:57.734Z</Time><DistanceMeters>264.59075340525396</DistanceMeters><HeartRateBpm><Value>102</Value></HeartRateBpm><Cadence>28</Cadence><Extensions><ext:TPX><ext:Watts>40.54838709677419</ext:Watts><ext:Torque>20</ext:Torque></ext:TPX></Extensions></Trackpoint><Trackpoint><Time>2025-09-14T10:37:58.784Z</Time><DistanceMeters>267.57613054160487</DistanceMeters><HeartRateBpm><Value>102</Value></HeartRateBpm><Cadence>28</Cadence><Extensions><ext:TPX><ext:Watts>41.733333333333334</ext:Watts><ext:Torque>20</ext:Torque></ext:TPX></Extensions></Trackpoint><Trackpoint><Time>2025-09-14T10:37:59.904Z</Time><DistanceMeters>270.5091731662887</DistanceMeters><HeartRateBpm><Value>102</Value></HeartRateBpm><Cadence>27</Cadence><Extensions><ext:TPX><ext:Watts>38.84375</ext:Watts><ext:Torque>20</ext:Torque></ext:TPX></Extensions></Trackpoint><Trackpoint><Time>2025-09-14T10:38:00.989Z</Time><DistanceMeters>273.5941812823711</DistanceMeters><HeartRateBpm><Value>102</Value></HeartRateBpm><Cadence>28</Cadence><Extensions><ext:TPX><ext:Watts>41.61290322580645</ext:Watts><ext:Torque>20</ext:Torque></ext:TPX></Extensions></Trackpoint><Trackpoint><Time>2025-09-14T10:38:02.079Z</Time><DistanceMeters>276.71267010669004</DistanceMeters><HeartRateBpm><Value>103</Value></HeartRateBpm><Cadence>28</Cadence><Extensions><ext:TPX><ext:Watts>42.064516129032256</ext:Watts><ext:Torque>20</ext:Torque></ext:TPX></Extensions></Trackpoint><Trackpoint><Time>2025-09-14T10:38:03.164Z</Time><DistanceMeters>279.6900616605835</DistanceMeters><HeartRateBpm><Value>103</Value></HeartRateBpm><Cadence>28</Cadence><Extensions><ext:TPX><ext:Watts>40.16129032258065</ext:Watts><ext:Torque>20</ext:Torque></ext:TPX></Extensions></Trackpoint><Trackpoint><Time>2025-09-14T10:38:04.284Z</Time><DistanceMeters>282.74344633986016</DistanceMeters><HeartRateBpm><Value>103</Value></HeartRateBpm><Cadence>27</Cadence><Extensions><ext:TPX><ext:Watts>40.4375</ext:Watts><ext:Torque>20</ext:Torque></ext:TPX></Extensions></Trackpoint><Trackpoint><Time>2025-09-14T10:38:05.369Z</Time><DistanceMeters>285.8093226226645</DistanceMeters><HeartRateBpm><Value>104</Value></HeartRateBpm><Cadence>28</Cadence><Extensions><ext:TPX><ext:Watts>41.354838709677416</ext:Watts><ext:Torque>20</ext:Torque></ext:TPX></Extensions></Trackpoint><Trackpoint><Time>2025-09-14T10:38:06.454Z</Time><DistanceMeters>288.8871563012677</DistanceMeters><HeartRateBpm><Value>104</Value></HeartRateBpm><Cadence>28</Cadence><Extensions><ext:TPX><ext:Watts>41.516129032258064</ext:Watts><ext:Torque>20</ext:Torque></ext:TPX></Extensions></Trackpoint><Trackpoint><Time>2025-09-14T10:38:07.539Z</Time><DistanceMeters>291.89563708423793</DistanceMeters><HeartRateBpm><Value>104</Value></HeartRateBpm><Cadence>28</Cadence><Extensions><ext:TPX><ext:Watts>40.58064516129032</ext:Watts><ext:Torque>20</ext:Torque></ext:TPX></Extensions></Trackpoint><Trackpoint><Time>2025-09-14T10:38:08.659Z</Time><DistanceMeters>294.8900305602828</DistanceMeters><HeartRateBpm><Value>104</Value></HeartRateBpm><Cadence>27</Cadence><Extensions><ext:TPX><ext:Watts>39.65625</ext:Watts><ext:Torque>20</ext:Torque></ext:TPX></Extensions></Trackpoint><Trackpoint><Time>2025-09-14T10:38:09.709Z</Time><DistanceMeters>297.8301024525517</DistanceMeters><HeartRateBpm><Value>104</Value></HeartRateBpm><Cadence>28</Cadence><Extensions><ext:TPX><ext:Watts>41.1</ext:Watts><ext:Torque>20</ext:Torque></ext:TPX></Extensions></Trackpoint><Trackpoint><Time>2025-09-14T10:38:10.764Z</Time><DistanceMeters>300.78686575053507</DistanceMeters><HeartRateBpm><Value>104</Value></HeartRateBpm><Cadence>28</Cadence><Extensions><ext:TPX><ext:Watts>41.333333333333336</ext:Watts><ext:Torque>20</ext:Torque></ext:TPX></Extensions></Trackpoint><Trackpoint><Time>2025-09-14T10:38:11.849Z</Time><DistanceMeters>303.81447836678336</DistanceMeters><HeartRateBpm><Value>104</Value></HeartRateBpm><Cadence>28</Cadence><Extensions><ext:TPX><ext:Watts>40.83870967741935</ext:Watts><ext:Torque>20</ext:Torque></ext:TPX></Extensions></Trackpoint><Trackpoint><Time>2025-09-14T10:38:12.899Z</Time><DistanceMeters>306.8070089627262</DistanceMeters><HeartRateBpm><Value>104</Value></HeartRateBpm><Cadence>28</Cadence><Extensions><ext:TPX><ext:Watts>41.833333333333336</ext:Watts><ext:Torque>20</ext:Torque></ext:TPX></Extensions></Trackpoint><Trackpoint><Time>2025-09-14T10:38:13.984Z</Time><DistanceMeters>309.829838620655</DistanceMeters><HeartRateBpm><Value>104</Value></HeartRateBpm><Cadence>28</Cadence><Extensions><ext:TPX><ext:Watts>40.774193548387096</ext:Watts><ext:Torque>20</ext:Torque></ext:TPX></Extensions></Trackpoint><Trackpoint><Time>2025-09-14T10:38:15.069Z</Time><DistanceMeters>312.93637004917514</DistanceMeters><HeartRateBpm><Value>104</Value></HeartRateBpm><Cadence>28</Cadence><Extensions><ext:TPX><ext:Watts>41.903225806451616</ext:Watts><ext:Torque>20</ext:Torque></ext:TPX></Extensions></Trackpoint><Trackpoint><Time>2025-09-14T10:38:16.154Z</Time><DistanceMeters>315.8157109575187</DistanceMeters><HeartRateBpm><Value>104</Value></HeartRateBpm><Cadence>28</Cadence><Extensions><ext:TPX><ext:Watts>38.83870967741935</ext:Watts><ext:Torque>20</ext:Torque></ext:TPX></Extensions></Trackpoint><Trackpoint><Time>2025-09-14T10:38:17.204Z</Time><DistanceMeters>318.70332414611374</DistanceMeters><HeartRateBpm><Value>104</Value></HeartRateBpm><Cadence>28</Cadence><Extensions><ext:TPX><ext:Watts>40.36666666666667</ext:Watts><ext:Torque>20</ext:Torque></ext:TPX></Extensions></Trackpoint><Trackpoint><Time>2025-09-14T10:38:18.324Z</Time><DistanceMeters>321.6623229002195</DistanceMeters><HeartRateBpm><Value>104</Value></HeartRateBpm><Cadence>27</Cadence><Extensions><ext:TPX><ext:Watts>39.1875</ext:Watts><ext:Torque>20</ext:Torque></ext:TPX></Extensions></Trackpoint><Trackpoint><Time>2025-09-14T10:38:19.409Z</Time><DistanceMeters>324.62058262083497</DistanceMeters><HeartRateBpm><Value>104</Value></HeartRateBpm><Cadence>28</Cadence><Extensions><ext:TPX><ext:Watts>39.903225806451616</ext:Watts><ext:Torque>20</ext:Torque></ext:TPX></Extensions></Trackpoint><Trackpoint><Time>2025-09-14T10:38:20.564Z</Time><DistanceMeters>327.4743377681681</DistanceMeters><HeartRateBpm><Value>104</Value></HeartRateBpm><Cadence>26</Cadence><Extensions><ext:TPX><ext:Watts>36.39393939393939</ext:Watts><ext:Torque>20</ext:Torque></ext:TPX></Extensions></Trackpoint><Trackpoint><Time>2025-09-14T10:38:21.654Z</Time><DistanceMeters>330.42064009298474</DistanceMeters><HeartRateBpm><Value>104</Value></HeartRateBpm><Cadence>28</Cadence><Extensions><ext:TPX><ext:Watts>39.74193548387097</ext:Watts><ext:Torque>20</ext:Torque></ext:TPX></Extensions></Trackpoint><Trackpoint><Time>2025-09-14T10:38:22.775Z</Time><DistanceMeters>333.3112090513417</DistanceMeters><HeartRateBpm><Value>105</Value></HeartRateBpm><Cadence>27</Cadence><Extensions><ext:TPX><ext:Watts>38.28125</ext:Watts><ext:Torque>20</ext:Torque></ext:TPX></Extensions></Trackpoint><Trackpoint><Time>2025-09-14T10:38:23.859Z</Time><DistanceMeters>336.2718602511169</DistanceMeters><HeartRateBpm><Value>104</Value></HeartRateBpm><Cadence>28</Cadence><Extensions><ext:TPX><ext:Watts>39.935483870967744</ext:Watts><ext:Torque>20</ext:Torque></ext:TPX></Extensions></Trackpoint><Trackpoint><Time>2025-09-14T10:38:24.944Z</Time><DistanceMeters>339.1248948887032</DistanceMeters><HeartRateBpm><Value>104</Value></HeartRateBpm><Cadence>28</Cadence><Extensions><ext:TPX><ext:Watts>38.483870967741936</ext:Watts><ext:Torque>20</ext:Torque></ext:TPX></Extensions></Trackpoint><Trackpoint><Time>2025-09-14T10:38:26.064Z</Time><DistanceMeters>342.06265680964555</DistanceMeters><HeartRateBpm><Value>104</Value></HeartRateBpm><Cadence>27</Cadence><Extensions><ext:TPX><ext:Watts>38.90625</ext:Watts><ext:Torque>20</ext:Torque></ext:TPX></Extensions></Trackpoint><Trackpoint><Time>2025-09-14T10:38:27.114Z</Time><DistanceMeters>344.9383475655874</DistanceMeters><HeartRateBpm><Value>104</Value></HeartRateBpm><Cadence>28</Cadence><Extensions><ext:TPX><ext:Watts>40.2</ext:Watts><ext:Torque>20</ext:Torque></ext:TPX></Extensions></Trackpoint><Trackpoint><Time>2025-09-14T10:38:28.199Z</Time><DistanceMeters>347.8607350988065</DistanceMeters><HeartRateBpm><Value>104</Value></HeartRateBpm><Cadence>28</Cadence><Extensions><ext:TPX><ext:Watts>39.41935483870968</ext:Watts><ext:Torque>20</ext:Torque></ext:TPX></Extensions></Trackpoint><Trackpoint><Time>2025-09-14T10:38:29.284Z</Time><DistanceMeters>350.69942086143425</DistanceMeters><HeartRateBpm><Value>104</Value></HeartRateBpm><Cadence>28</Cadence><Extensions><ext:TPX><ext:Watts>38.29032258064516</ext:Watts><ext:Torque>20</ext:Torque></ext:TPX></Extensions></Trackpoint><Trackpoint><Time>2025-09-14T10:38:30.375Z</Time><DistanceMeters>353.62898283213264</DistanceMeters><HeartRateBpm><Value>104</Value></HeartRateBpm><Cadence>28</Cadence><Extensions><ext:TPX><ext:Watts>39.516129032258064</ext:Watts><ext:Torque>20</ext:Torque></ext:TPX></Extensions></Trackpoint><Trackpoint><Time>2025-09-14T10:38:31.494Z</Time><DistanceMeters>356.5006746054554</DistanceMeters><HeartRateBpm><Value>104</Value></HeartRateBpm><Cadence>27</Cadence><Extensions><ext:TPX><ext:Watts>38.03125</ext:Watts><ext:Torque>20</ext:Torque></ext:TPX></Extensions></Trackpoint><Trackpoint><Time>2025-09-14T10:38:32.579Z</Time><DistanceMeters>359.46850024270987</DistanceMeters><HeartRateBpm><Value>104</Value></HeartRateBpm><Cadence>28</Cadence><Extensions><ext:TPX><ext:Watts>40.03225806451613</ext:Watts><ext:Torque>20</ext:Torque></ext:TPX></Extensions></Trackpoint><Trackpoint><Time>2025-09-14T10:38:33.699Z</Time><DistanceMeters>362.3425516641619</DistanceMeters><HeartRateBpm><Value>105</Value></HeartRateBpm><Cadence>27</Cadence><Extensions><ext:TPX><ext:Watts>38.0625</ext:Watts><ext:Torque>20</ext:Torque></ext:TPX></Extensions></Trackpoint><Trackpoint><Time>2025-09-14T10:38:34.785Z</Time><DistanceMeters>365.3438580096529</DistanceMeters><HeartRateBpm><Value>104</Value></HeartRateBpm><Cadence>28</Cadence><Extensions><ext:TPX><ext:Watts>40.483870967741936</ext:Watts><ext:Torque>20</ext:Torque></ext:TPX></Extensions></Trackpoint><Trackpoint><Time>2025-09-14T10:38:35.905Z</Time><DistanceMeters>368.22262872736343</DistanceMeters><HeartRateBpm><Value>104</Value></HeartRateBpm><Cadence>27</Cadence><Extensions><ext:TPX><ext:Watts>38.125</ext:Watts><ext:Torque>20</ext:Torque></ext:TPX></Extensions></Trackpoint><Trackpoint><Time>2025-09-14T10:38:36.989Z</Time><DistanceMeters>371.12349294814476</DistanceMeters><HeartRateBpm><Value>104</Value></HeartRateBpm><Cadence>28</Cadence><Extensions><ext:TPX><ext:Watts>39.12903225806452</ext:Watts><ext:Torque>20</ext:Torque></ext:TPX></Extensions></Trackpoint><Trackpoint><Time>2025-09-14T10:38:38.079Z</Time><DistanceMeters>373.9215235650567</DistanceMeters><HeartRateBpm><Value>104</Value></HeartRateBpm><Cadence>28</Cadence><Extensions><ext:TPX><ext:Watts>37.74193548387097</ext:Watts><ext:Torque>20</ext:Torque></ext:TPX></Extensions></Trackpoint><Trackpoint><Time>2025-09-14T10:38:39.164Z</Time><DistanceMeters>376.8247792649978</DistanceMeters><HeartRateBpm><Value>104</Value></HeartRateBpm><Cadence>28</Cadence><Extensions><ext:TPX><ext:Watts>39.16129032258065</ext:Watts><ext:Torque>20</ext:Torque></ext:TPX></Extensions></Trackpoint><Trackpoint><Time>2025-09-14T10:38:40.285Z</Time><DistanceMeters>379.63983948321805</DistanceMeters><HeartRateBpm><Value>104</Value></HeartRateBpm><Cadence>27</Cadence><Extensions><ext:TPX><ext:Watts>37.28125</ext:Watts><ext:Torque>20</ext:Torque></ext:TPX></Extensions></Trackpoint><Trackpoint><Time>2025-09-14T10:38:41.375Z</Time><DistanceMeters>382.58135884971523</DistanceMeters><HeartRateBpm><Value>104</Value></HeartRateBpm><Cadence>28</Cadence><Extensions><ext:TPX><ext:Watts>39.67741935483871</ext:Watts><ext:Torque>20</ext:Torque></ext:TPX></Extensions></Trackpoint><Trackpoint><Time>2025-09-14T10:38:42.500Z</Time><DistanceMeters>385.44472507209133</DistanceMeters><HeartRateBpm><Value>103</Value></HeartRateBpm><Cadence>26</Cadence><Extensions><ext:TPX><ext:Watts>37.21875</ext:Watts><ext:Torque>20</ext:Torque></ext:TPX></Extensions></Trackpoint><Trackpoint><Time>2025-09-14T10:38:43.619Z</Time><DistanceMeters>388.28102212347505</DistanceMeters><HeartRateBpm><Value>103</Value></HeartRateBpm><Cadence>27</Cadence><Extensions><ext:TPX><ext:Watts>37.5625</ext:Watts><ext:Torque>20</ext:Torque></ext:TPX></Extensions></Trackpoint><Trackpoint><Time>2025-09-14T10:38:44.705Z</Time><DistanceMeters>391.16992894845765</DistanceMeters><HeartRateBpm><Value>103</Value></HeartRateBpm><Cadence>28</Cadence><Extensions><ext:TPX><ext:Watts>38.96774193548387</ext:Watts><ext:Torque>20</ext:Torque></ext:TPX></Extensions></Trackpoint><Trackpoint><Time>2025-09-14T10:38:45.825Z</Time><DistanceMeters>394.09589262875363</DistanceMeters><HeartRateBpm><Value>102</Value></HeartRateBpm><Cadence>27</Cadence><Extensions><ext:TPX><ext:Watts>38.75</ext:Watts><ext:Torque>20</ext:Torque></ext:TPX></Extensions></Trackpoint><Trackpoint><Time>2025-09-14T10:38:46.945Z</Time><DistanceMeters>396.94162827265444</DistanceMeters><HeartRateBpm><Value>102</Value></HeartRateBpm><Cadence>27</Cadence><Extensions><ext:TPX><ext:Watts>37.6875</ext:Watts><ext:Torque>20</ext:Torque></ext:TPX></Extensions></Trackpoint><Trackpoint><Time>2025-09-14T10:38:48.035Z</Time><DistanceMeters>399.8640158058736</DistanceMeters><HeartRateBpm><Value>103</Value></HeartRateBpm><Cadence>28</Cadence><Extensions><ext:TPX><ext:Watts>39.41935483870968</ext:Watts><ext:Torque>20</ext:Torque></ext:TPX></Extensions></Trackpoint><Trackpoint><Time>2025-09-14T10:38:49.155Z</Time><DistanceMeters>402.77582159739393</DistanceMeters><HeartRateBpm><Value>104</Value></HeartRateBpm><Cadence>27</Cadence><Extensions><ext:TPX><ext:Watts>38.5625</ext:Watts><ext:Torque>20</ext:Torque></ext:TPX></Extensions></Trackpoint><Trackpoint><Time>2025-09-14T10:38:50.245Z</Time><DistanceMeters>405.8034342136422</DistanceMeters><HeartRateBpm><Value>105</Value></HeartRateBpm><Cadence>28</Cadence><Extensions><ext:TPX><ext:Watts>40.83870967741935</ext:Watts><ext:Torque>20</ext:Torque></ext:TPX></Extensions></Trackpoint><Trackpoint><Time>2025-09-14T10:38:52.100Z</Time><DistanceMeters>408.7749880766622</DistanceMeters><HeartRateBpm><Value>106</Value></HeartRateBpm><Cadence>16</Cadence><Extensions><ext:TPX><ext:Watts>23.32075471698113</ext:Watts><ext:Torque>58</ext:Torque></ext:TPX></Extensions></Trackpoint><Trackpoint><Time>2025-09-14T10:38:56.130Z</Time><DistanceMeters>411.588348688188</DistanceMeters><HeartRateBpm><Value>110</Value></HeartRateBpm><Cadence>22</Cadence><Extensions><ext:TPX><ext:Watts>30.358974358974358</ext:Watts><ext:Torque>20</ext:Torque></ext:TPX></Extensions></Trackpoint><Trackpoint><Time>2025-09-14T10:38:57.215Z</Time><DistanceMeters>414.44377480493404</DistanceMeters><HeartRateBpm><Value>111</Value></HeartRateBpm><Cadence>28</Cadence><Extensions><ext:TPX><ext:Watts>38.516129032258064</ext:Watts><ext:Torque>20</ext:Torque></ext:TPX></Extensions></Trackpoint><Trackpoint><Time>2025-09-14T10:38:58.300Z</Time><DistanceMeters>417.3661623381532</DistanceMeters><HeartRateBpm><Value>110</Value></HeartRateBpm><Cadence>28</Cadence><Extensions><ext:TPX><ext:Watts>39.41935483870968</ext:Watts><ext:Torque>20</ext:Torque></ext:TPX></Extensions></Trackpoint><Trackpoint><Time>2025-09-14T10:38:59.385Z</Time><DistanceMeters>420.23593732985773</DistanceMeters><HeartRateBpm><Value>109</Value></HeartRateBpm><Cadence>28</Cadence><Extensions><ext:TPX><ext:Watts>38.70967741935484</ext:Watts><ext:Torque>20</ext:Torque></ext:TPX></Extensions></Trackpoint><Trackpoint><Time>2025-09-14T10:39:00.505Z</Time><DistanceMeters>423.03683965930236</DistanceMeters><HeartRateBpm><Value>107</Value></HeartRateBpm><Cadence>27</Cadence><Extensions><ext:TPX><ext:Watts>37.09375</ext:Watts><ext:Torque>20</ext:Torque></ext:TPX></Extensions></Trackpoint><Trackpoint><Time>2025-09-14T10:39:01.590Z</Time><DistanceMeters>425.5407183395646</DistanceMeters><HeartRateBpm><Value>105</Value></HeartRateBpm><Cadence>28</Cadence><Extensions><ext:TPX><ext:Watts>33.774193548387096</ext:Watts><ext:Torque>20</ext:Torque></ext:TPX></Extensions></Trackpoint><Trackpoint><Time>2025-09-14T10:39:02.680Z</Time><DistanceMeters>428.3411404356363</DistanceMeters><HeartRateBpm><Value>105</Value></HeartRateBpm><Cadence>28</Cadence><Extensions><ext:TPX><ext:Watts>37.774193548387096</ext:Watts><ext:Torque>20</ext:Torque></ext:TPX></Extensions></Trackpoint><Trackpoint><Time>2025-09-14T10:39:03.765Z</Time><DistanceMeters>431.1726517607848</DistanceMeters><HeartRateBpm><Value>104</Value></HeartRateBpm><Cadence>28</Cadence><Extensions><ext:TPX><ext:Watts>38.193548387096776</ext:Watts><ext:Torque>20</ext:Torque></ext:TPX></Extensions></Trackpoint><Trackpoint><Time>2025-09-14T10:39:04.850Z</Time><DistanceMeters>434.0232949192113</DistanceMeters><HeartRateBpm><Value>104</Value></HeartRateBpm><Cadence>28</Cadence><Extensions><ext:TPX><ext:Watts>38.45161290322581</ext:Watts><ext:Torque>20</ext:Torque></ext:TPX></Extensions></Trackpoint><Trackpoint><Time>2025-09-14T10:39:05.972Z</Time><DistanceMeters>436.81934438740893</DistanceMeters><HeartRateBpm><Value>103</Value></HeartRateBpm><Cadence>26</Cadence><Extensions><ext:TPX><ext:Watts>36.34375</ext:Watts><ext:Torque>20</ext:Torque></ext:TPX></Extensions></Trackpoint><Trackpoint><Time>2025-09-14T10:39:07.090Z</Time><DistanceMeters>439.63912390188773</DistanceMeters><HeartRateBpm><Value>103</Value></HeartRateBpm><Cadence>27</Cadence><Extensions><ext:TPX><ext:Watts>37.34375</ext:Watts><ext:Torque>20</ext:Torque></ext:TPX></Extensions></Trackpoint><Trackpoint><Time>2025-09-14T10:39:08.210Z</Time><DistanceMeters>442.4140701019104</DistanceMeters><HeartRateBpm><Value>103</Value></HeartRateBpm><Cadence>27</Cadence><Extensions><ext:TPX><ext:Watts>36.75</ext:Watts><ext:Torque>20</ext:Torque></ext:TPX></Extensions></Trackpoint><Trackpoint><Time>2025-09-14T10:39:09.330Z</Time><DistanceMeters>445.20789348696724</DistanceMeters><HeartRateBpm><Value>103</Value></HeartRateBpm><Cadence>27</Cadence><Extensions><ext:TPX><ext:Watts>37.0</ext:Watts><ext:Torque>20</ext:Torque></ext:TPX></Extensions></Trackpoint><Trackpoint><Time>2025-09-14T10:39:10.450Z</Time><DistanceMeters>448.0371115939631</DistanceMeters><HeartRateBpm><Value>103</Value></HeartRateBpm><Cadence>27</Cadence><Extensions><ext:TPX><ext:Watts>37.46875</ext:Watts><ext:Torque>20</ext:Torque></ext:TPX></Extensions></Trackpoint><Trackpoint><Time>2025-09-14T10:39:11.570Z</Time><DistanceMeters>450.9135226635444</DistanceMeters><HeartRateBpm><Value>103</Value></HeartRateBpm><Cadence>27</Cadence><Extensions><ext:TPX><ext:Watts>38.09375</ext:Watts><ext:Torque>20</ext:Torque></ext:TPX></Extensions></Trackpoint><Trackpoint><Time>2025-09-14T10:39:12.725Z</Time><DistanceMeters>453.7981677500244</DistanceMeters><HeartRateBpm><Value>102</Value></HeartRateBpm><Cadence>26</Cadence><Extensions><ext:TPX><ext:Watts>36.78787878787879</ext:Watts><ext:Torque>20</ext:Torque></ext:TPX></Extensions></Trackpoint><Trackpoint><Time>2025-09-14T10:39:13.880Z</Time><DistanceMeters>456.7041981789906</DistanceMeters><HeartRateBpm><Value>102</Value></HeartRateBpm><Cadence>26</Cadence><Extensions><ext:TPX><ext:Watts>37.06060606060606</ext:Watts><ext:Torque>20</ext:Torque></ext:TPX></Extensions></Trackpoint><Trackpoint><Time>2025-09-14T10:39:15.070Z</Time><DistanceMeters>459.73591851238393</DistanceMeters><HeartRateBpm><Value>102</Value></HeartRateBpm><Cadence>25</Cadence><Extensions><ext:TPX><ext:Watts>37.1764705882353</ext:Watts><ext:Torque>20</ext:Torque></ext:TPX></Extensions></Trackpoint><Trackpoint><Time>2025-09-14T10:39:16.155Z</Time><DistanceMeters>462.5411235667751</DistanceMeters><HeartRateBpm><Value>102</Value></HeartRateBpm><Cadence>28</Cadence><Extensions><ext:TPX><ext:Watts>37.83870967741935</ext:Watts><ext:Torque>20</ext:Torque></ext:TPX></Extensions></Trackpoint><Trackpoint><Time>2025-09-14T10:39:17.310Z</Time><DistanceMeters>465.5041815757047</DistanceMeters><HeartRateBpm><Value>102</Value></HeartRateBpm><Cadence>26</Cadence><Extensions><ext:TPX><ext:Watts>37.78787878787879</ext:Watts><ext:Torque>20</ext:Torque></ext:TPX></Extensions></Trackpoint><Trackpoint><Time>2025-09-14T10:39:18.465Z</Time><DistanceMeters>468.564661700405</DistanceMeters><HeartRateBpm><Value>103</Value></HeartRateBpm><Cadence>26</Cadence><Extensions><ext:TPX><ext:Watts>39.03030303030303</ext:Watts><ext:Torque>20</ext:Torque></ext:TPX></Extensions></Trackpoint><Trackpoint><Time>2025-09-14T10:39:19.620Z</Time><DistanceMeters>471.53960045516027</DistanceMeters><HeartRateBpm><Value>104</Value></HeartRateBpm><Cadence>26</Cadence><Extensions><ext:TPX><ext:Watts>37.93939393939394</ext:Watts><ext:Torque>20</ext:Torque></ext:TPX></Extensions></Trackpoint><Trackpoint><Time>2025-09-14T10:39:20.740Z</Time><DistanceMeters>474.52455533868806</DistanceMeters><HeartRateBpm><Value>105</Value></HeartRateBpm><Cadence>27</Cadence><Extensions><ext:TPX><ext:Watts>39.53125</ext:Watts><ext:Torque>20</ext:Torque></ext:TPX></Extensions></Trackpoint><Trackpoint><Time>2025-09-14T10:39:21.865Z</Time><DistanceMeters>477.58025514443113</DistanceMeters><HeartRateBpm><Value>106</Value></HeartRateBpm><Cadence>26</Cadence><Extensions><ext:TPX><ext:Watts>39.71875</ext:Watts><ext:Torque>20</ext:Torque></ext:TPX></Extensions></Trackpoint><Trackpoint><Time>2025-09-14T10:39:22.985Z</Time><DistanceMeters>480.4920609359515</DistanceMeters><HeartRateBpm><Value>108</Value></HeartRateBpm><Cadence>27</Cadence><Extensions><ext:TPX><ext:Watts>38.5625</ext:Watts><ext:Torque>20</ext:Torque></ext:TPX></Extensions></Trackpoint><Trackpoint><Time>2025-09-14T10:39:24.105Z</Time><DistanceMeters>483.4675772269622</DistanceMeters><HeartRateBpm><Value>109</Value></HeartRateBpm><Cadence>27</Cadence><Extensions><ext:TPX><ext:Watts>39.40625</ext:Watts><ext:Torque>20</ext:Torque></ext:TPX></Extensions></Trackpoint><Trackpoint><Time>2025-09-14T10:39:25.225Z</Time><DistanceMeters>486.48084788804124</DistanceMeters><HeartRateBpm><Value>110</Value></HeartRateBpm><Cadence>27</Cadence><Extensions><ext:TPX><ext:Watts>39.90625</ext:Watts><ext:Torque>20</ext:Torque></ext:TPX></Extensions></Trackpoint><Trackpoint><Time>2025-09-14T10:39:26.380Z</Time><DistanceMeters>489.49380502943876</DistanceMeters><HeartRateBpm><Value>111</Value></HeartRateBpm><Cadence>26</Cadence><Extensions><ext:TPX><ext:Watts>38.42424242424242</ext:Watts><ext:Torque>20</ext:Torque></ext:TPX></Extensions></Trackpoint><Trackpoint><Time>2025-09-14T10:39:27.500Z</Time><DistanceMeters>492.4056108209591</DistanceMeters><HeartRateBpm><Value>111</Value></HeartRateBpm><Cadence>27</Cadence><Extensions><ext:TPX><ext:Watts>38.5625</ext:Watts><ext:Torque>20</ext:Torque></ext:TPX></Extensions></Trackpoint><Trackpoint><Time>2025-09-14T10:39:28.586Z</Time><DistanceMeters>495.3471301874563</DistanceMeters><HeartRateBpm><Value>112</Value></HeartRateBpm><Cadence>28</Cadence><Extensions><ext:TPX><ext:Watts>39.67741935483871</ext:Watts><ext:Torque>20</ext:Torque></ext:TPX></Extensions></Trackpoint><Trackpoint><Time>2025-09-14T10:39:29.706Z</Time><DistanceMeters>498.1905061832278</DistanceMeters><HeartRateBpm><Value>113</Value></HeartRateBpm><Cadence>27</Cadence><Extensions><ext:TPX><ext:Watts>37.65625</ext:Watts><ext:Torque>20</ext:Torque></ext:TPX></Extensions></Trackpoint><Trackpoint><Time>2025-09-14T10:39:30.825Z</Time><DistanceMeters>501.1164698635238</DistanceMeters><HeartRateBpm><Value>113</Value></HeartRateBpm><Cadence>27</Cadence><Extensions><ext:TPX><ext:Watts>38.75</ext:Watts><ext:Torque>20</ext:Torque></ext:TPX></Extensions></Trackpoint><Trackpoint><Time>2025-09-14T10:39:31.947Z</Time><DistanceMeters>504.0038777838207</DistanceMeters><HeartRateBpm><Value>113</Value></HeartRateBpm><Cadence>26</Cadence><Extensions><ext:TPX><ext:Watts>37.53125</ext:Watts><ext:Torque>20</ext:Torque></ext:TPX></Extensions></Trackpoint><Trackpoint><Time>2025-09-14T10:39:33.100Z</Time><DistanceMeters>506.9384220027686</DistanceMeters><HeartRateBpm><Value>113</Value></HeartRateBpm><Cadence>26</Cadence><Extensions><ext:TPX><ext:Watts>37.42424242424242</ext:Watts><ext:Torque>20</ext:Torque></ext:TPX></Extensions></Trackpoint><Trackpoint><Time>2025-09-14T10:39:34.185Z</Time><DistanceMeters>509.8632010151475</DistanceMeters><HeartRateBpm><Value>114</Value></HeartRateBpm><Cadence>28</Cadence><Extensions><ext:TPX><ext:Watts>39.45161290322581</ext:Watts><ext:Torque>20</ext:Torque></ext:TPX></Extensions></Trackpoint><Trackpoint><Time>2025-09-14T10:39:35.340Z</Time><DistanceMeters>512.7858644882697</DistanceMeters><HeartRateBpm><Value>114</Value></HeartRateBpm><Cadence>26</Cadence><Extensions><ext:TPX><ext:Watts>37.27272727272727</ext:Watts><ext:Torque>20</ext:Torque></ext:TPX></Extensions></Trackpoint><Trackpoint><Time>2025-09-14T10:39:36.460Z</Time><DistanceMeters>515.7425035942462</DistanceMeters><HeartRateBpm><Value>114</Value></HeartRateBpm><Cadence>27</Cadence><Extensions><ext:TPX><ext:Watts>39.15625</ext:Watts><ext:Torque>20</ext:Torque></ext:TPX></Extensions></Trackpoint><Trackpoint><Time>2025-09-14T10:39:37.615Z</Time><DistanceMeters>518.6295248298912</DistanceMeters><HeartRateBpm><Value>115</Value></HeartRateBpm><Cadence>26</Cadence><Extensions><ext:TPX><ext:Watts>36.81818181818182</ext:Watts><ext:Torque>20</ext:Torque></ext:TPX></Extensions></Trackpoint><Trackpoint><Time>2025-09-14T10:39:38.735Z</Time><DistanceMeters>521.5389709732823</DistanceMeters><HeartRateBpm><Value>115</Value></HeartRateBpm><Cadence>27</Cadence><Extensions><ext:TPX><ext:Watts>38.53125</ext:Watts><ext:Torque>20</ext:Torque></ext:TPX></Extensions></Trackpoint><Trackpoint><Time>2025-09-14T10:39:39.890Z</Time><DistanceMeters>524.5162858772027</DistanceMeters><HeartRateBpm><Value>116</Value></HeartRateBpm><Cadence>26</Cadence><Extensions><ext:TPX><ext:Watts>37.96969696969697</ext:Watts><ext:Torque>20</ext:Torque></ext:TPX></Extensions></Trackpoint><Trackpoint><Time>2025-09-14T10:39:41.050Z</Time><DistanceMeters>527.389050217857</DistanceMeters><HeartRateBpm><Value>116</Value></HeartRateBpm><Cadence>26</Cadence><Extensions><ext:TPX><ext:Watts>36.63636363636363</ext:Watts><ext:Torque>20</ext:Torque></ext:TPX></Extensions></Trackpoint><Trackpoint><Time>2025-09-14T10:39:42.206Z</Time><DistanceMeters>530.3354751826305</DistanceMeters><HeartRateBpm><Value>116</Value></HeartRateBpm><Cadence>26</Cadence><Extensions><ext:TPX><ext:Watts>37.57575757575758</ext:Watts><ext:Torque>20</ext:Torque></ext:TPX></Extensions></Trackpoint><Trackpoint><Time>2025-09-14T10:39:43.395Z</Time><DistanceMeters>533.3671955160238</DistanceMeters><HeartRateBpm><Value>116</Value></HeartRateBpm><Cadence>25</Cadence><Extensions><ext:TPX><ext:Watts>37.1764705882353</ext:Watts><ext:Torque>20</ext:Torque></ext:TPX></Extensions></Trackpoint><Trackpoint><Time>2025-09-14T10:39:44.550Z</Time><DistanceMeters>536.3183727791277</DistanceMeters><HeartRateBpm><Value>116</Value></HeartRateBpm><Cadence>26</Cadence><Extensions><ext:TPX><ext:Watts>37.63636363636363</ext:Watts><ext:Torque>20</ext:Torque></ext:TPX></Extensions></Trackpoint><Trackpoint><Time>2025-09-14T10:39:45.740Z</Time><DistanceMeters>539.3141154186911</DistanceMeters><HeartRateBpm><Value>115</Value></HeartRateBpm><Cadence>25</Cadence><Extensions><ext:TPX><ext:Watts>36.73529411764706</ext:Watts><ext:Torque>20</ext:Torque></ext:TPX></Extensions></Trackpoint><Trackpoint><Time>2025-09-14T10:39:46.895Z</Time><DistanceMeters>542.2676688309601</DistanceMeters><HeartRateBpm><Value>115</Value></HeartRateBpm><Cadence>26</Cadence><Extensions><ext:TPX><ext:Watts>37.666666666666664</ext:Watts><ext:Torque>20</ext:Torque></ext:TPX></Extensions></Trackpoint><Trackpoint><Time>2025-09-14T10:39:48.085Z</Time><DistanceMeters>545.165072440722</DistanceMeters><HeartRateBpm><Value>115</Value></HeartRateBpm><Cadence>25</Cadence><Extensions><ext:TPX><ext:Watts>35.529411764705884</ext:Watts><ext:Torque>20</ext:Torque></ext:TPX></Extensions></Trackpoint><Trackpoint><Time>2025-09-14T10:39:49.240Z</Time><DistanceMeters>548.0972405105048</DistanceMeters><HeartRateBpm><Value>115</Value></HeartRateBpm><Cadence>26</Cadence><Extensions><ext:TPX><ext:Watts>37.39393939393939</ext:Watts><ext:Torque>20</ext:Torque></ext:TPX></Extensions></Trackpoint><Trackpoint><Time>2025-09-14T10:39:50.396Z</Time><DistanceMeters>550.9913901936453</DistanceMeters><HeartRateBpm><Value>115</Value></HeartRateBpm><Cadence>26</Cadence><Extensions><ext:TPX><ext:Watts>36.90909090909091</ext:Watts><ext:Torque>20</ext:Torque></ext:TPX></Extensions></Trackpoint><Trackpoint><Time>2025-09-14T10:39:51.550Z</Time><DistanceMeters>553.923558263428</DistanceMeters><HeartRateBpm><Value>115</Value></HeartRateBpm><Cadence>26</Cadence><Extensions><ext:TPX><ext:Watts>37.39393939393939</ext:Watts><ext:Torque>20</ext:Torque></ext:TPX></Extensions></Trackpoint><Trackpoint><Time>2025-09-14T10:39:52.670Z</Time><DistanceMeters>556.7669342591996</DistanceMeters><HeartRateBpm><Value>115</Value></HeartRateBpm><Cadence>27</Cadence><Extensions><ext:TPX><ext:Watts>37.65625</ext:Watts><ext:Torque>20</ext:Torque></ext:TPX></Extensions></Trackpoint><Trackpoint><Time>2025-09-14T10:39:53.860Z</Time><DistanceMeters>559.774669463373</DistanceMeters><HeartRateBpm><Value>115</Value></HeartRateBpm><Cadence>25</Cadence><Extensions><ext:TPX><ext:Watts>36.88235294117647</ext:Watts><ext:Torque>20</ext:Torque></ext:TPX></Extensions></Trackpoint><Trackpoint><Time>2025-09-14T10:39:55.056Z</Time><DistanceMeters>562.873548158582</DistanceMeters><HeartRateBpm><Value>115</Value></HeartRateBpm><Cadence>25</Cadence><Extensions><ext:TPX><ext:Watts>38.0</ext:Watts><ext:Torque>20</ext:Torque></ext:TPX></Extensions></Trackpoint><Trackpoint><Time>2025-09-14T10:39:56.245Z</Time><DistanceMeters>566.2050826072239</DistanceMeters><HeartRateBpm><Value>115</Value></HeartRateBpm><Cadence>25</Cadence><Extensions><ext:TPX><ext:Watts>40.85294117647059</ext:Watts><ext:Torque>20</ext:Torque></ext:TPX></Extensions></Trackpoint><Trackpoint><Time>2025-09-14T10:39:57.435Z</Time><DistanceMeters>569.3351419704187</DistanceMeters><HeartRateBpm><Value>115</Value></HeartRateBpm><Cadence>25</Cadence><Extensions><ext:TPX><ext:Watts>38.38235294117647</ext:Watts><ext:Torque>20</ext:Torque></ext:TPX></Extensions></Trackpoint><Trackpoint><Time>2025-09-14T10:39:58.590Z</Time><DistanceMeters>572.5453194925228</DistanceMeters><HeartRateBpm><Value>115</Value></HeartRateBpm><Cadence>26</Cadence><Extensions><ext:TPX><ext:Watts>40.93939393939394</ext:Watts><ext:Torque>20</ext:Torque></ext:TPX></Extensions></Trackpoint><Trackpoint><Time>2025-09-14T10:39:59.786Z</Time><DistanceMeters>575.6346041360439</DistanceMeters><HeartRateBpm><Value>115</Value></HeartRateBpm><Cadence>25</Cadence><Extensions><ext:TPX><ext:Watts>37.88235294117647</ext:Watts><ext:Torque>20</ext:Torque></ext:TPX></Extensions></Trackpoint><Trackpoint><Time>2025-09-14T10:40:00.940Z</Time><DistanceMeters>578.7473595423772</DistanceMeters><HeartRateBpm><Value>114</Value></HeartRateBpm><Cadence>26</Cadence><Extensions><ext:TPX><ext:Watts>39.696969696969695</ext:Watts><ext:Torque>20</ext:Torque></ext:TPX></Extensions></Trackpoint><Trackpoint><Time>2025-09-14T10:40:02.096Z</Time><DistanceMeters>581.9195186778392</DistanceMeters><HeartRateBpm><Value>114</Value></HeartRateBpm><Cadence>26</Cadence><Extensions><ext:TPX><ext:Watts>40.45454545454545</ext:Watts><ext:Torque>20</ext:Torque></ext:TPX></Extensions></Trackpoint><Trackpoint><Time>2025-09-14T10:40:03.286Z</Time><DistanceMeters>585.1886917905093</DistanceMeters><HeartRateBpm><Value>114</Value></HeartRateBpm><Cadence>25</Cadence><Extensions><ext:TPX><ext:Watts>40.088235294117645</ext:Watts><ext:Torque>20</ext:Torque></ext:TPX></Extensions></Trackpoint><Trackpoint><Time>2025-09-14T10:40:04.476Z</Time><DistanceMeters>588.4818500323994</DistanceMeters><HeartRateBpm><Value>114</Value></HeartRateBpm><Cadence>25</Cadence><Extensions><ext:TPX><ext:Watts>40.38235294117647</ext:Watts><ext:Torque>20</ext:Torque></ext:TPX></Extensions></Trackpoint><Trackpoint><Time>2025-09-14T10:40:05.701Z</Time><DistanceMeters>591.7604703490276</DistanceMeters><HeartRateBpm><Value>114</Value></HeartRateBpm><Cadence>24</Cadence><Extensions><ext:TPX><ext:Watts>39.4</ext:Watts><ext:Torque>20</ext:Torque></ext:TPX></Extensions></Trackpoint><Trackpoint><Time>2025-09-14T10:40:06.892Z</Time><DistanceMeters>594.974477664492</DistanceMeters><HeartRateBpm><Value>114</Value></HeartRateBpm><Cadence>25</Cadence><Extensions><ext:TPX><ext:Watts>39.411764705882355</ext:Watts><ext:Torque>20</ext:Torque></ext:TPX></Extensions></Trackpoint><Trackpoint><Time>2025-09-14T10:40:08.080Z</Time><DistanceMeters>598.186603793351</DistanceMeters><HeartRateBpm><Value>114</Value></HeartRateBpm><Cadence>26</Cadence><Extensions><ext:TPX><ext:Watts>40.1764705882353</ext:Watts><ext:Torque>20</ext:Torque></ext:TPX></Extensions></Trackpoint><Trackpoint><Time>2025-09-14T10:40:09.270Z</Time><DistanceMeters>601.3334527469997</DistanceMeters><HeartRateBpm><Value>114</Value></HeartRateBpm><Cadence>25</Cadence><Extensions><ext:TPX><ext:Watts>38.588235294117645</ext:Watts><ext:Torque>20</ext:Torque></ext:TPX></Extensions></Trackpoint><Trackpoint><Time>2025-09-14T10:40:10.496Z</Time><DistanceMeters>604.5645223701307</DistanceMeters><HeartRateBpm><Value>114</Value></HeartRateBpm><Cadence>24</Cadence><Extensions><ext:TPX><ext:Watts>38.82857142857143</ext:Watts><ext:Torque>20</ext:Torque></ext:TPX></Extensions></Trackpoint><Trackpoint><Time>2025-09-14T10:40:11.720Z</Time><DistanceMeters>607.8883158455811</DistanceMeters><HeartRateBpm><Value>113</Value></HeartRateBpm><Cadence>24</Cadence><Extensions><ext:TPX><ext:Watts>39.94285714285714</ext:Watts><ext:Torque>20</ext:Torque></ext:TPX></Extensions></Trackpoint><Trackpoint><Time>2025-09-14T10:40:12.946Z</Time><DistanceMeters>611.3404961934739</DistanceMeters><HeartRateBpm><Value>113</Value></HeartRateBpm><Cadence>24</Cadence><Extensions><ext:TPX><ext:Watts>41.48571428571429</ext:Watts><ext:Torque>20</ext:Torque></ext:TPX></Extensions></Trackpoint><Trackpoint><Time>2025-09-14T10:40:14.171Z</Time><DistanceMeters>614.6310041834763</DistanceMeters><HeartRateBpm><Value>113</Value></HeartRateBpm><Cadence>24</Cadence><Extensions><ext:TPX><ext:Watts>39.542857142857144</ext:Watts><ext:Torque>20</ext:Torque></ext:TPX></Extensions></Trackpoint><Trackpoint><Time>2025-09-14T10:40:15.361Z</Time><DistanceMeters>617.9073728349124</DistanceMeters><HeartRateBpm><Value>113</Value></HeartRateBpm><Cadence>25</Cadence><Extensions><ext:TPX><ext:Watts>40.1764705882353</ext:Watts><ext:Torque>20</ext:Torque></ext:TPX></Extensions></Trackpoint><Trackpoint><Time>2025-09-14T10:40:16.628Z</Time><DistanceMeters>621.2305606853954</DistanceMeters><HeartRateBpm><Value>113</Value></HeartRateBpm><Cadence>24</Cadence><Extensions><ext:TPX><ext:Watts>38.30555555555556</ext:Watts><ext:Torque>20</ext:Torque></ext:TPX></Extensions></Trackpoint><Trackpoint><Time>2025-09-14T10:40:17.850Z</Time><DistanceMeters>624.3879267336058</DistanceMeters><HeartRateBpm><Value>113</Value></HeartRateBpm><Cadence>24</Cadence><Extensions><ext:TPX><ext:Watts>37.94285714285714</ext:Watts><ext:Torque>20</ext:Torque></ext:TPX></Extensions></Trackpoint><Trackpoint><Time>2025-09-14T10:40:19.041Z</Time><DistanceMeters>627.4460307091409</DistanceMeters><HeartRateBpm><Value>113</Value></HeartRateBpm><Cadence>25</Cadence><Extensions><ext:TPX><ext:Watts>37.5</ext:Watts><ext:Torque>20</ext:Torque></ext:TPX></Extensions></Trackpoint><Trackpoint><Time>2025-09-14T10:40:20.266Z</Time><DistanceMeters>630.5487134598296</DistanceMeters><HeartRateBpm><Value>113</Value></HeartRateBpm><Cadence>24</Cadence><Extensions><ext:TPX><ext:Watts>37.285714285714285</ext:Watts><ext:Torque>20</ext:Torque></ext:TPX></Extensions></Trackpoint><Trackpoint><Time>2025-09-14T10:40:21.496Z</Time><DistanceMeters>633.7179671814143</DistanceMeters><HeartRateBpm><Value>113</Value></HeartRateBpm><Cadence>24</Cadence><Extensions><ext:TPX><ext:Watts>38.08571428571429</ext:Watts><ext:Torque>20</ext:Torque></ext:TPX></Extensions></Trackpoint><Trackpoint><Time>2025-09-14T10:40:22.756Z</Time><DistanceMeters>636.7949483419836</DistanceMeters><HeartRateBpm><Value>113</Value></HeartRateBpm><Cadence>24</Cadence><Extensions><ext:TPX><ext:Watts>36.22222222222222</ext:Watts><ext:Torque>20</ext:Torque></ext:TPX></Extensions></Trackpoint><Trackpoint><Time>2025-09-14T10:40:23.986Z</Time><DistanceMeters>639.9000086273472</DistanceMeters><HeartRateBpm><Value>113</Value></HeartRateBpm><Cadence>24</Cadence><Extensions><ext:TPX><ext:Watts>37.31428571428572</ext:Watts><ext:Torque>20</ext:Torque></ext:TPX></Extensions></Trackpoint><Trackpoint><Time>2025-09-14T10:40:25.216Z</Time><DistanceMeters>643.0169565860851</DistanceMeters><HeartRateBpm><Value>113</Value></HeartRateBpm><Cadence>24</Cadence><Extensions><ext:TPX><ext:Watts>37.457142857142856</ext:Watts><ext:Torque>20</ext:Torque></ext:TPX></Extensions></Trackpoint><Trackpoint><Time>2025-09-14T10:40:26.446Z</Time><DistanceMeters>646.1434146835225</DistanceMeters><HeartRateBpm><Value>113</Value></HeartRateBpm><Cadence>24</Cadence><Extensions><ext:TPX><ext:Watts>37.57142857142857</ext:Watts><ext:Torque>20</ext:Torque></ext:TPX></Extensions></Trackpoint><Trackpoint><Time>2025-09-14T10:40:27.706Z</Time><DistanceMeters>649.2935449360992</DistanceMeters><HeartRateBpm><Value>112</Value></HeartRateBpm><Cadence>24</Cadence><Extensions><ext:TPX><ext:Watts>37.083333333333336</ext:Watts><ext:Torque>20</ext:Torque></ext:TPX></Extensions></Trackpoint><Trackpoint><Time>2025-09-14T10:40:28.971Z</Time><DistanceMeters>652.5106992366032</DistanceMeters><HeartRateBpm><Value>112</Value></HeartRateBpm><Cadence>24</Cadence><Extensions><ext:TPX><ext:Watts>37.083333333333336</ext:Watts><ext:Torque>20</ext:Torque></ext:TPX></Extensions></Trackpoint><Trackpoint><Time>2025-09-14T10:40:30.231Z</Time><DistanceMeters>655.6230751191116</DistanceMeters><HeartRateBpm><Value>112</Value></HeartRateBpm><Cadence>24</Cadence><Extensions><ext:TPX><ext:Watts>36.638888888888886</ext:Watts><ext:Torque>20</ext:Torque></ext:TPX></Extensions></Trackpoint><Trackpoint><Time>2025-09-14T10:40:31.491Z</Time><DistanceMeters>658.7425299460078</DistanceMeters><HeartRateBpm><Value>112</Value></HeartRateBpm><Cadence>24</Cadence><Extensions><ext:TPX><ext:Watts>36.72222222222222</ext:Watts><ext:Torque>20</ext:Torque></ext:TPX></Extensions></Trackpoint><Trackpoint><Time>2025-09-14T10:40:32.786Z</Time><DistanceMeters>661.888076769257</DistanceMeters><HeartRateBpm><Value>111</Value></HeartRateBpm><Cadence>23</Cadence><Extensions><ext:TPX><ext:Watts>35.486486486486484</ext:Watts><ext:Torque>20</ext:Torque></ext:TPX></Extensions></Trackpoint><Trackpoint><Time>2025-09-14T10:40:34.046Z</Time><DistanceMeters>665.0075315961533</DistanceMeters><HeartRateBpm><Value>111</Value></HeartRateBpm><Cadence>24</Cadence><Extensions><ext:TPX><ext:Watts>36.72222222222222</ext:Watts><ext:Torque>20</ext:Torque></ext:TPX></Extensions></Trackpoint><Trackpoint><Time>2025-09-14T10:40:35.341Z</Time><DistanceMeters>668.2465105032614</DistanceMeters><HeartRateBpm><Value>111</Value></HeartRateBpm><Cadence>23</Cadence><Extensions><ext:TPX><ext:Watts>36.54054054054054</ext:Watts><ext:Torque>20</ext:Torque></ext:TPX></Extensions></Trackpoint><Trackpoint><Time>2025-09-14T10:40:36.606Z</Time><DistanceMeters>671.446795829905</DistanceMeters><HeartRateBpm><Value>111</Value></HeartRateBpm><Cadence>24</Cadence><Extensions><ext:TPX><ext:Watts>36.888888888888886</ext:Watts><ext:Torque>20</ext:Torque></ext:TPX></Extensions></Trackpoint><Trackpoint><Time>2025-09-14T10:40:37.866Z</Time><DistanceMeters>674.5426541755085</DistanceMeters><HeartRateBpm><Value>112</Value></HeartRateBpm><Cadence>24</Cadence><Extensions><ext:TPX><ext:Watts>36.44444444444444</ext:Watts><ext:Torque>20</ext:Torque></ext:TPX></Extensions></Trackpoint><Trackpoint><Time>2025-09-14T10:40:39.161Z</Time><DistanceMeters>677.80079863828</DistanceMeters><HeartRateBpm><Value>112</Value></HeartRateBpm><Cadence>23</Cadence><Extensions><ext:TPX><ext:Watts>36.75675675675676</ext:Watts><ext:Torque>20</ext:Torque></ext:TPX></Extensions></Trackpoint><Trackpoint><Time>2025-09-14T10:40:40.456Z</Time><DistanceMeters>681.0182162952668</DistanceMeters><HeartRateBpm><Value>112</Value></HeartRateBpm><Cadence>23</Cadence><Extensions><ext:TPX><ext:Watts>36.2972972972973</ext:Watts><ext:Torque>20</ext:Torque></ext:TPX></Extensions></Trackpoint><Trackpoint><Time>2025-09-14T10:40:41.751Z</Time><DistanceMeters>684.254799507917</DistanceMeters><HeartRateBpm><Value>113</Value></HeartRateBpm><Cadence>23</Cadence><Extensions><ext:TPX><ext:Watts>36.513513513513516</ext:Watts><ext:Torque>20</ext:Torque></ext:TPX></Extensions></Trackpoint><Trackpoint><Time>2025-09-14T10:40:43.051Z</Time><DistanceMeters>687.5416923041836</DistanceMeters><HeartRateBpm><Value>113</Value></HeartRateBpm><Cadence>23</Cadence><Extensions><ext:TPX><ext:Watts>37.08108108108108</ext:Watts><ext:Torque>20</ext:Torque></ext:TPX></Extensions></Trackpoint><Trackpoint><Time>2025-09-14T10:40:44.311Z</Time><DistanceMeters>690.7083400936652</DistanceMeters><HeartRateBpm><Value>113</Value></HeartRateBpm><Cadence>24</Cadence><Extensions><ext:TPX><ext:Watts>37.27777777777778</ext:Watts><ext:Torque>20</ext:Torque></ext:TPX></Extensions></Trackpoint><Trackpoint><Time>2025-09-14T10:40:45.571Z</Time><DistanceMeters>693.8537510499834</DistanceMeters><HeartRateBpm><Value>114</Value></HeartRateBpm><Cadence>24</Cadence><Extensions><ext:TPX><ext:Watts>37.02777777777778</ext:Watts><ext:Torque>20</ext:Torque></ext:TPX></Extensions></Trackpoint><Trackpoint><Time>2025-09-14T10:40:46.761Z</Time><DistanceMeters>697.0701568783699</DistanceMeters><HeartRateBpm><Value>114</Value></HeartRateBpm><Cadence>25</Cadence><Extensions><ext:TPX><ext:Watts>39.44117647058823</ext:Watts><ext:Torque>20</ext:Torque></ext:TPX></Extensions></Trackpoint><Trackpoint><Time>2025-09-14T10:40:48.021Z</Time><DistanceMeters>700.2509625566271</DistanceMeters><HeartRateBpm><Value>114</Value></HeartRateBpm><Cadence>24</Cadence><Extensions><ext:TPX><ext:Watts>37.44444444444444</ext:Watts><ext:Torque>20</ext:Torque></ext:TPX></Extensions></Trackpoint><Trackpoint><Time>2025-09-14T10:40:49.247Z</Time><DistanceMeters>703.417838743537</DistanceMeters><HeartRateBpm><Value>114</Value></HeartRateBpm><Cadence>24</Cadence><Extensions><ext:TPX><ext:Watts>38.05714285714286</ext:Watts><ext:Torque>20</ext:Torque></ext:TPX></Extensions></Trackpoint><Trackpoint><Time>2025-09-14T10:40:50.436Z</Time><DistanceMeters>706.5359055421219</DistanceMeters><HeartRateBpm><Value>114</Value></HeartRateBpm><Cadence>25</Cadence><Extensions><ext:TPX><ext:Watts>38.23529411764706</ext:Watts><ext:Torque>20</ext:Torque></ext:TPX></Extensions></Trackpoint><Trackpoint><Time>2025-09-14T10:40:51.697Z</Time><DistanceMeters>709.6435621283717</DistanceMeters><HeartRateBpm><Value>114</Value></HeartRateBpm><Cadence>24</Cadence><Extensions><ext:TPX><ext:Watts>36.583333333333336</ext:Watts><ext:Torque>20</ext:Torque></ext:TPX></Extensions></Trackpoint><Trackpoint><Time>2025-09-14T10:40:52.886Z</Time><DistanceMeters>712.7760200044886</DistanceMeters><HeartRateBpm><Value>114</Value></HeartRateBpm><Cadence>25</Cadence><Extensions><ext:TPX><ext:Watts>38.411764705882355</ext:Watts><ext:Torque>20</ext:Torque></ext:TPX></Extensions></Trackpoint><Trackpoint><Time>2025-09-14T10:40:54.111Z</Time><DistanceMeters>716.0213548356688</DistanceMeters><HeartRateBpm><Value>115</Value></HeartRateBpm><Cadence>24</Cadence><Extensions><ext:TPX><ext:Watts>39.0</ext:Watts><ext:Torque>20</ext:Torque></ext:TPX></Extensions></Trackpoint><Trackpoint><Time>2025-09-14T10:40:55.371Z</Time><DistanceMeters>719.1785640326334</DistanceMeters><HeartRateBpm><Value>115</Value></HeartRateBpm><Cadence>24</Cadence><Extensions><ext:TPX><ext:Watts>37.166666666666664</ext:Watts><ext:Torque>20</ext:Torque></ext:TPX></Extensions></Trackpoint><Trackpoint><Time>2025-09-14T10:40:56.631Z</Time><DistanceMeters>722.2508258969442</DistanceMeters><HeartRateBpm><Value>115</Value></HeartRateBpm><Cadence>24</Cadence><Extensions><ext:TPX><ext:Watts>36.166666666666664</ext:Watts><ext:Torque>20</ext:Torque></ext:TPX></Extensions></Trackpoint><Trackpoint><Time>2025-09-14T10:40:57.891Z</Time><DistanceMeters>725.3797193163575</DistanceMeters><HeartRateBpm><Value>115</Value></HeartRateBpm><Cadence>24</Cadence><Extensions><ext:TPX><ext:Watts>36.833333333333336</ext:Watts><ext:Torque>20</ext:Torque></ext:TPX></Extensions></Trackpoint><Trackpoint><Time>2025-09-14T10:40:59.116Z</Time><DistanceMeters>728.5037998791199</DistanceMeters><HeartRateBpm><Value>115</Value></HeartRateBpm><Cadence>24</Cadence><Extensions><ext:TPX><ext:Watts>37.542857142857144</ext:Watts><ext:Torque>20</ext:Torque></ext:TPX></Extensions></Trackpoint><Trackpoint><Time>2025-09-14T10:41:00.341Z</Time><DistanceMeters>731.6469007192812</DistanceMeters><HeartRateBpm><Value>115</Value></HeartRateBpm><Cadence>24</Cadence><Extensions><ext:TPX><ext:Watts>37.77142857142857</ext:Watts><ext:Torque>20</ext:Torque></ext:TPX></Extensions></Trackpoint><Trackpoint><Time>2025-09-14T10:41:01.566Z</Time><DistanceMeters>734.7567160739945</DistanceMeters><HeartRateBpm><Value>115</Value></HeartRateBpm><Cadence>24</Cadence><Extensions><ext:TPX><ext:Watts>37.371428571428574</ext:Watts><ext:Torque>20</ext:Torque></ext:TPX></Extensions></Trackpoint><Trackpoint><Time>2025-09-14T10:41:02.826Z</Time><DistanceMeters>737.8384165308224</DistanceMeters><HeartRateBpm><Value>115</Value></HeartRateBpm><Cadence>24</Cadence><Extensions><ext:TPX><ext:Watts>36.27777777777778</ext:Watts><ext:Torque>20</ext:Torque></ext:TPX></Extensions></Trackpoint><Trackpoint><Time>2025-09-14T10:41:04.051Z</Time><DistanceMeters>740.9292116081369</DistanceMeters><HeartRateBpm><Value>115</Value></HeartRateBpm><Cadence>24</Cadence><Extensions><ext:TPX><ext:Watts>37.142857142857146</ext:Watts><ext:Torque>20</ext:Torque></ext:TPX></Extensions></Trackpoint><Trackpoint><Time>2025-09-14T10:41:05.276Z</Time><DistanceMeters>744.0390269628502</DistanceMeters><HeartRateBpm><Value>115</Value></HeartRateBpm><Cadence>24</Cadence><Extensions><ext:TPX><ext:Watts>37.371428571428574</ext:Watts><ext:Torque>20</ext:Torque></ext:TPX></Extensions></Trackpoint><Trackpoint><Time>2025-09-14T10:41:06.431Z</Time><DistanceMeters>747.1066355350459</DistanceMeters><HeartRateBpm><Value>115</Value></HeartRateBpm><Cadence>26</Cadence><Extensions><ext:TPX><ext:Watts>39.121212121212125</ext:Watts><ext:Torque>20</ext:Torque></ext:TPX></Extensions></Trackpoint><Trackpoint><Time>2025-09-14T10:41:07.656Z</Time><DistanceMeters>750.1998081470352</DistanceMeters><HeartRateBpm><Value>114</Value></HeartRateBpm><Cadence>24</Cadence><Extensions><ext:TPX><ext:Watts>37.17142857142857</ext:Watts><ext:Torque>20</ext:Torque></ext:TPX></Extensions></Trackpoint><Trackpoint><Time>2025-09-14T10:41:08.851Z</Time><DistanceMeters>753.3106794068542</DistanceMeters><HeartRateBpm><Value>114</Value></HeartRateBpm><Cadence>25</Cadence><Extensions><ext:TPX><ext:Watts>38.14705882352941</ext:Watts><ext:Torque>20</ext:Torque></ext:TPX></Extensions></Trackpoint><Trackpoint><Time>2025-09-14T10:41:10.076Z</Time><DistanceMeters>756.3634339293709</DistanceMeters><HeartRateBpm><Value>114</Value></HeartRateBpm><Cadence>24</Cadence><Extensions><ext:TPX><ext:Watts>36.68571428571428</ext:Watts><ext:Torque>20</ext:Torque></ext:TPX></Extensions></Trackpoint><Trackpoint><Time>2025-09-14T10:41:11.231Z</Time><DistanceMeters>759.3621341757776</DistanceMeters><HeartRateBpm><Value>114</Value></HeartRateBpm><Cadence>26</Cadence><Extensions><ext:TPX><ext:Watts>38.24242424242424</ext:Watts><ext:Torque>20</ext:Torque></ext:TPX></Extensions></Trackpoint><Trackpoint><Time>2025-09-14T10:41:12.457Z</Time><DistanceMeters>762.4125111636195</DistanceMeters><HeartRateBpm><Value>114</Value></HeartRateBpm><Cadence>24</Cadence><Extensions><ext:TPX><ext:Watts>36.65714285714286</ext:Watts><ext:Torque>20</ext:Torque></ext:TPX></Extensions></Trackpoint><Trackpoint><Time>2025-09-14T10:41:13.646Z</Time><DistanceMeters>765.3410954413672</DistanceMeters><HeartRateBpm><Value>113</Value></HeartRateBpm><Cadence>25</Cadence><Extensions><ext:TPX><ext:Watts>35.911764705882355</ext:Watts><ext:Torque>20</ext:Torque></ext:TPX></Extensions></Trackpoint><Trackpoint><Time>2025-09-14T10:41:14.801Z</Time><DistanceMeters>768.3207864944527</DistanceMeters><HeartRateBpm><Value>113</Value></HeartRateBpm><Cadence>26</Cadence><Extensions><ext:TPX><ext:Watts>38.0</ext:Watts><ext:Torque>20</ext:Torque></ext:TPX></Extensions></Trackpoint><Trackpoint><Time>2025-09-14T10:41:15.956Z</Time><DistanceMeters>771.3266151883548</DistanceMeters><HeartRateBpm><Value>113</Value></HeartRateBpm><Cadence>26</Cadence><Extensions><ext:TPX><ext:Watts>38.333333333333336</ext:Watts><ext:Torque>20</ext:Torque></ext:TPX></Extensions></Trackpoint><Trackpoint><Time>2025-09-14T10:41:17.112Z</Time><DistanceMeters>774.2635355564679</DistanceMeters><HeartRateBpm><Value>113</Value></HeartRateBpm><Cadence>26</Cadence><Extensions><ext:TPX><ext:Watts>37.45454545454545</ext:Watts><ext:Torque>20</ext:Torque></ext:TPX></Extensions></Trackpoint><Trackpoint><Time>2025-09-14T10:41:18.306Z</Time><DistanceMeters>777.3744068162869</DistanceMeters><HeartRateBpm><Value>113</Value></HeartRateBpm><Cadence>25</Cadence><Extensions><ext:TPX><ext:Watts>38.14705882352941</ext:Watts><ext:Torque>20</ext:Torque></ext:TPX></Extensions></Trackpoint><Trackpoint><Time>2025-09-14T10:41:19.461Z</Time><DistanceMeters>780.3707309135284</DistanceMeters><HeartRateBpm><Value>113</Value></HeartRateBpm><Cadence>26</Cadence><Extensions><ext:TPX><ext:Watts>38.21212121212121</ext:Watts><ext:Torque>20</ext:Torque></ext:TPX></Extensions></Trackpoint><Trackpoint><Time>2025-09-14T10:41:20.616Z</Time><DistanceMeters>783.3765596074305</DistanceMeters><HeartRateBpm><Value>113</Value></HeartRateBpm><Cadence>26</Cadence><Extensions><ext:TPX><ext:Watts>38.333333333333336</ext:Watts><ext:Torque>20</ext:Torque></ext:TPX></Extensions></Trackpoint><Trackpoint><Time>2025-09-14T10:41:21.807Z</Time><DistanceMeters>786.3387230660861</DistanceMeters><HeartRateBpm><Value>113</Value></HeartRateBpm><Cadence>25</Cadence><Extensions><ext:TPX><ext:Watts>36.3235294117647</ext:Watts><ext:Torque>20</ext:Torque></ext:TPX></Extensions></Trackpoint><Trackpoint><Time>2025-09-14T10:41:22.961Z</Time><DistanceMeters>789.3564325058139</DistanceMeters><HeartRateBpm><Value>113</Value></HeartRateBpm><Cadence>26</Cadence><Extensions><ext:TPX><ext:Watts>38.484848484848484</ext:Watts><ext:Torque>20</ext:Torque></ext:TPX></Extensions></Trackpoint><Trackpoint><Time>2025-09-14T10:41:24.116Z</Time><DistanceMeters>792.3931511388629</DistanceMeters><HeartRateBpm><Value>113</Value></HeartRateBpm><Cadence>26</Cadence><Extensions><ext:TPX><ext:Watts>38.72727272727273</ext:Watts><ext:Torque>20</ext:Torque></ext:TPX></Extensions></Trackpoint><Trackpoint><Time>2025-09-14T10:41:25.237Z</Time><DistanceMeters>795.4017025036834</DistanceMeters><HeartRateBpm><Value>113</Value></HeartRateBpm><Cadence>27</Cadence><Extensions><ext:TPX><ext:Watts>39.84375</ext:Watts><ext:Torque>20</ext:Torque></ext:TPX></Extensions></Trackpoint><Trackpoint><Time>2025-09-14T10:41:26.391Z</Time><DistanceMeters>798.4716872250442</DistanceMeters><HeartRateBpm><Value>113</Value></HeartRateBpm><Cadence>26</Cadence><Extensions><ext:TPX><ext:Watts>39.15151515151515</ext:Watts><ext:Torque>20</ext:Torque></ext:TPX></Extensions></Trackpoint><Trackpoint><Time>2025-09-14T10:41:27.581Z</Time><DistanceMeters>801.5657688944092</DistanceMeters><HeartRateBpm><Value>114</Value></HeartRateBpm><Cadence>25</Cadence><Extensions><ext:TPX><ext:Watts>37.94117647058823</ext:Watts><ext:Torque>20</ext:Torque></ext:TPX></Extensions></Trackpoint><Trackpoint><Time>2025-09-14T10:41:28.737Z</Time><DistanceMeters>804.5050654116874</DistanceMeters><HeartRateBpm><Value>114</Value></HeartRateBpm><Cadence>26</Cadence><Extensions><ext:TPX><ext:Watts>37.484848484848484</ext:Watts><ext:Torque>20</ext:Torque></ext:TPX></Extensions></Trackpoint><Trackpoint><Time>2025-09-14T10:41:29.857Z</Time><DistanceMeters>807.4735027583102</DistanceMeters><HeartRateBpm><Value>114</Value></HeartRateBpm><Cadence>27</Cadence><Extensions><ext:TPX><ext:Watts>39.3125</ext:Watts><ext:Torque>20</ext:Torque></ext:TPX></Extensions></Trackpoint><Trackpoint><Time>2025-09-14T10:41:31.046Z</Time><DistanceMeters>810.5412007855334</DistanceMeters><HeartRateBpm><Value>114</Value></HeartRateBpm><Cadence>25</Cadence><Extensions><ext:TPX><ext:Watts>37.61764705882353</ext:Watts><ext:Torque>20</ext:Torque></ext:TPX></Extensions></Trackpoint><Trackpoint><Time>2025-09-14T10:41:32.167Z</Time><DistanceMeters>813.3704188925293</DistanceMeters><HeartRateBpm><Value>114</Value></HeartRateBpm><Cadence>27</Cadence><Extensions><ext:TPX><ext:Watts>37.46875</ext:Watts><ext:Torque>20</ext:Torque></ext:TPX></Extensions></Trackpoint><Trackpoint><Time>2025-09-14T10:41:33.357Z</Time><DistanceMeters>816.4021392259226</DistanceMeters><HeartRateBpm><Value>114</Value></HeartRateBpm><Cadence>25</Cadence><Extensions><ext:TPX><ext:Watts>37.1764705882353</ext:Watts><ext:Torque>20</ext:Torque></ext:TPX></Extensions></Trackpoint><Trackpoint><Time>2025-09-14T10:41:34.512Z</Time><DistanceMeters>819.4032156214944</DistanceMeters><HeartRateBpm><Value>114</Value></HeartRateBpm><Cadence>26</Cadence><Extensions><ext:TPX><ext:Watts>38.27272727272727</ext:Watts><ext:Torque>20</ext:Torque></ext:TPX></Extensions></Trackpoint><Trackpoint><Time>2025-09-14T10:41:35.701Z</Time><DistanceMeters>822.4613195970295</DistanceMeters><HeartRateBpm><Value>115</Value></HeartRateBpm><Cadence>25</Cadence><Extensions><ext:TPX><ext:Watts>37.5</ext:Watts><ext:Torque>20</ext:Torque></ext:TPX></Extensions></Trackpoint><Trackpoint><Time>2025-09-14T10:41:36.857Z</Time><DistanceMeters>825.4505152467756</DistanceMeters><HeartRateBpm><Value>115</Value></HeartRateBpm><Cadence>26</Cadence><Extensions><ext:TPX><ext:Watts>38.121212121212125</ext:Watts><ext:Torque>20</ext:Torque></ext:TPX></Extensions></Trackpoint><Trackpoint><Time>2025-09-14T10:41:38.047Z</Time><DistanceMeters>828.4654459897149</DistanceMeters><HeartRateBpm><Value>116</Value></HeartRateBpm><Cadence>25</Cadence><Extensions><ext:TPX><ext:Watts>36.970588235294116</ext:Watts><ext:Torque>20</ext:Torque></ext:TPX></Extensions></Trackpoint><Trackpoint><Time>2025-09-14T10:41:39.202Z</Time><DistanceMeters>831.4902838769381</DistanceMeters><HeartRateBpm><Value>116</Value></HeartRateBpm><Cadence>26</Cadence><Extensions><ext:TPX><ext:Watts>38.57575757575758</ext:Watts><ext:Torque>20</ext:Torque></ext:TPX></Extensions></Trackpoint><Trackpoint><Time>2025-09-14T10:41:40.391Z</Time><DistanceMeters>834.5579819041612</DistanceMeters><HeartRateBpm><Value>116</Value></HeartRateBpm><Cadence>25</Cadence><Extensions><ext:TPX><ext:Watts>37.61764705882353</ext:Watts><ext:Torque>20</ext:Torque></ext:TPX></Extensions></Trackpoint><Trackpoint><Time>2025-09-14T10:41:41.591Z</Time><DistanceMeters>837.6160858796964</DistanceMeters><HeartRateBpm><Value>117</Value></HeartRateBpm><Cadence>25</Cadence><Extensions><ext:TPX><ext:Watts>37.5</ext:Watts><ext:Torque>20</ext:Torque></ext:TPX></Extensions></Trackpoint><Trackpoint><Time>2025-09-14T10:41:42.747Z</Time><DistanceMeters>840.6456760652499</DistanceMeters><HeartRateBpm><Value>117</Value></HeartRateBpm><Cadence>26</Cadence><Extensions><ext:TPX><ext:Watts>38.63636363636363</ext:Watts><ext:Torque>20</ext:Torque></ext:TPX></Extensions></Trackpoint><Trackpoint><Time>2025-09-14T10:41:43.937Z</Time><DistanceMeters>843.7757354284447</DistanceMeters><HeartRateBpm><Value>117</Value></HeartRateBpm><Cadence>25</Cadence><Extensions><ext:TPX><ext:Watts>38.38235294117647</ext:Watts><ext:Torque>20</ext:Torque></ext:TPX></Extensions></Trackpoint><Trackpoint><Time>2025-09-14T10:41:45.091Z</Time><DistanceMeters>846.8314632548147</DistanceMeters><HeartRateBpm><Value>117</Value></HeartRateBpm><Cadence>26</Cadence><Extensions><ext:TPX><ext:Watts>38.96969696969697</ext:Watts><ext:Torque>20</ext:Torque></ext:TPX></Extensions></Trackpoint><Trackpoint><Time>2025-09-14T10:41:46.287Z</Time><DistanceMeters>849.9711166696975</DistanceMeters><HeartRateBpm><Value>118</Value></HeartRateBpm><Cadence>25</Cadence><Extensions><ext:TPX><ext:Watts>38.5</ext:Watts><ext:Torque>20</ext:Torque></ext:TPX></Extensions></Trackpoint><Trackpoint><Time>2025-09-14T10:41:47.477Z</Time><DistanceMeters>853.1155671104242</DistanceMeters><HeartRateBpm><Value>118</Value></HeartRateBpm><Cadence>25</Cadence><Extensions><ext:TPX><ext:Watts>38.55882352941177</ext:Watts><ext:Torque>20</ext:Torque></ext:TPX></Extensions></Trackpoint><Trackpoint><Time>2025-09-14T10:41:48.632Z</Time><DistanceMeters>856.1879279809502</DistanceMeters><HeartRateBpm><Value>118</Value></HeartRateBpm><Cadence>26</Cadence><Extensions><ext:TPX><ext:Watts>39.18181818181818</ext:Watts><ext:Torque>20</ext:Torque></ext:TPX></Extensions></Trackpoint><Trackpoint><Time>2025-09-14T10:41:49.792Z</Time><DistanceMeters>859.2674172989716</DistanceMeters><HeartRateBpm><Value>118</Value></HeartRateBpm><Cadence>26</Cadence><Extensions><ext:TPX><ext:Watts>39.27272727272727</ext:Watts><ext:Torque>20</ext:Torque></ext:TPX></Extensions></Trackpoint><Trackpoint><Time>2025-09-14T10:41:50.981Z</Time><DistanceMeters>862.3447093778827</DistanceMeters><HeartRateBpm><Value>118</Value></HeartRateBpm><Cadence>25</Cadence><Extensions><ext:TPX><ext:Watts>37.73529411764706</ext:Watts><ext:Torque>20</ext:Torque></ext:TPX></Extensions></Trackpoint><Trackpoint><Time>2025-09-14T10:41:52.172Z</Time><DistanceMeters>865.5563181804251</DistanceMeters><HeartRateBpm><Value>118</Value></HeartRateBpm><Cadence>25</Cadence><Extensions><ext:TPX><ext:Watts>39.38235294117647</ext:Watts><ext:Torque>20</ext:Torque></ext:TPX></Extensions></Trackpoint><Trackpoint><Time>2025-09-14T10:41:53.292Z</Time><DistanceMeters>868.446887138782</DistanceMeters><HeartRateBpm><Value>118</Value></HeartRateBpm><Cadence>27</Cadence><Extensions><ext:TPX><ext:Watts>38.28125</ext:Watts><ext:Torque>20</ext:Torque></ext:TPX></Extensions></Trackpoint><Trackpoint><Time>2025-09-14T10:41:54.447Z</Time><DistanceMeters>871.4907342193263</DistanceMeters><HeartRateBpm><Value>118</Value></HeartRateBpm><Cadence>26</Cadence><Extensions><ext:TPX><ext:Watts>38.81818181818182</ext:Watts><ext:Torque>20</ext:Torque></ext:TPX></Extensions></Trackpoint><Trackpoint><Time>2025-09-14T10:41:55.602Z</Time><DistanceMeters>874.3611224108155</DistanceMeters><HeartRateBpm><Value>118</Value></HeartRateBpm><Cadence>26</Cadence><Extensions><ext:TPX><ext:Watts>36.60606060606061</ext:Watts><ext:Torque>20</ext:Torque></ext:TPX></Extensions></Trackpoint><Trackpoint><Time>2025-09-14T10:41:56.757Z</Time><DistanceMeters>877.3669511047176</DistanceMeters><HeartRateBpm><Value>118</Value></HeartRateBpm><Cadence>26</Cadence><Extensions><ext:TPX><ext:Watts>38.333333333333336</ext:Watts><ext:Torque>20</ext:Torque></ext:TPX></Extensions></Trackpoint><Trackpoint><Time>2025-09-14T10:41:57.947Z</Time><DistanceMeters>880.3387086150611</DistanceMeters><HeartRateBpm><Value>118</Value></HeartRateBpm><Cadence>25</Cadence><Extensions><ext:TPX><ext:Watts>36.44117647058823</ext:Watts><ext:Torque>20</ext:Torque></ext:TPX></Extensions></Trackpoint><Trackpoint><Time>2025-09-14T10:41:59.101Z</Time><DistanceMeters>883.2970143256604</DistanceMeters><HeartRateBpm><Value>117</Value></HeartRateBpm><Cadence>26</Cadence><Extensions><ext:TPX><ext:Watts>37.72727272727273</ext:Watts><ext:Torque>20</ext:Torque></ext:TPX></Extensions></Trackpoint><Trackpoint><Time>2025-09-14T10:42:00.257Z</Time><DistanceMeters>886.345613704535</DistanceMeters><HeartRateBpm><Value>117</Value></HeartRateBpm><Cadence>26</Cadence><Extensions><ext:TPX><ext:Watts>38.878787878787875</ext:Watts><ext:Torque>20</ext:Torque></ext:TPX></Extensions></Trackpoint><Trackpoint><Time>2025-09-14T10:42:01.447Z</Time><DistanceMeters>889.4396953739</DistanceMeters><HeartRateBpm><Value>117</Value></HeartRateBpm><Cadence>25</Cadence><Extensions><ext:TPX><ext:Watts>37.94117647058823</ext:Watts><ext:Torque>20</ext:Torque></ext:TPX></Extensions></Trackpoint><Trackpoint><Time>2025-09-14T10:42:02.607Z</Time><DistanceMeters>892.4669094102884</DistanceMeters><HeartRateBpm><Value>117</Value></HeartRateBpm><Cadence>26</Cadence><Extensions><ext:TPX><ext:Watts>38.60606060606061</ext:Watts><ext:Torque>20</ext:Torque></ext:TPX></Extensions></Trackpoint><Trackpoint><Time>2025-09-14T10:42:03.762Z</Time><DistanceMeters>895.4941234466768</DistanceMeters><HeartRateBpm><Value>117</Value></HeartRateBpm><Cadence>26</Cadence><Extensions><ext:TPX><ext:Watts>38.60606060606061</ext:Watts><ext:Torque>20</ext:Torque></ext:TPX></Extensions></Trackpoint><Trackpoint><Time>2025-09-14T10:42:04.922Z</Time><DistanceMeters>898.419163068964</DistanceMeters><HeartRateBpm><Value>117</Value></HeartRateBpm><Cadence>26</Cadence><Extensions><ext:TPX><ext:Watts>37.303030303030305</ext:Watts><ext:Torque>20</ext:Torque></ext:TPX></Extensions></Trackpoint><Trackpoint><Time>2025-09-14T10:42:06.077Z</Time><DistanceMeters>901.4202394645358</DistanceMeters><HeartRateBpm><Value>116</Value></HeartRateBpm><Cadence>26</Cadence><Extensions><ext:TPX><ext:Watts>38.27272727272727</ext:Watts><ext:Torque>20</ext:Torque></ext:TPX></Extensions></Trackpoint><Trackpoint><Time>2025-09-14T10:42:07.232Z</Time><DistanceMeters>904.5044810808876</DistanceMeters><HeartRateBpm><Value>116</Value></HeartRateBpm><Cadence>26</Cadence><Extensions><ext:TPX><ext:Watts>39.333333333333336</ext:Watts><ext:Torque>20</ext:Torque></ext:TPX></Extensions></Trackpoint><Trackpoint><Time>2025-09-14T10:42:08.387Z</Time><DistanceMeters>907.4247684048446</DistanceMeters><HeartRateBpm><Value>115</Value></HeartRateBpm><Cadence>26</Cadence><Extensions><ext:TPX><ext:Watts>37.24242424242424</ext:Watts><ext:Torque>20</ext:Torque></ext:TPX></Extensions></Trackpoint><Trackpoint><Time>2025-09-14T10:42:09.512Z</Time><DistanceMeters>910.5381682855977</DistanceMeters><HeartRateBpm><Value>115</Value></HeartRateBpm><Cadence>26</Cadence><Extensions><ext:TPX><ext:Watts>40.46875</ext:Watts><ext:Torque>20</ext:Torque></ext:TPX></Extensions></Trackpoint><Trackpoint><Time>2025-09-14T10:42:10.702Z</Time><DistanceMeters>913.7066038555444</DistanceMeters><HeartRateBpm><Value>114</Value></HeartRateBpm><Cadence>25</Cadence><Extensions><ext:TPX><ext:Watts>38.85294117647059</ext:Watts><ext:Torque>20</ext:Torque></ext:TPX></Extensions></Trackpoint><Trackpoint><Time>2025-09-14T10:42:11.862Z</Time><DistanceMeters>916.4201662021343</DistanceMeters><HeartRateBpm><Value>114</Value></HeartRateBpm><Cadence>26</Cadence><Extensions><ext:TPX><ext:Watts>34.60606060606061</ext:Watts><ext:Torque>20</ext:Torque></ext:TPX></Extensions></Trackpoint><Trackpoint><Time>2025-09-14T10:42:13.052Z</Time><DistanceMeters>919.5262404361092</DistanceMeters><HeartRateBpm><Value>114</Value></HeartRateBpm><Cadence>25</Cadence><Extensions><ext:TPX><ext:Watts>38.088235294117645</ext:Watts><ext:Torque>20</ext:Torque></ext:TPX></Extensions></Trackpoint><Trackpoint><Time>2025-09-14T10:42:14.207Z</Time><DistanceMeters>922.5035553400296</DistanceMeters><HeartRateBpm><Value>114</Value></HeartRateBpm><Cadence>26</Cadence><Extensions><ext:TPX><ext:Watts>37.96969696969697</ext:Watts><ext:Torque>20</ext:Torque></ext:TPX></Extensions></Trackpoint><Trackpoint><Time>2025-09-14T10:42:15.432Z</Time><DistanceMeters>925.6014830213686</DistanceMeters><HeartRateBpm><Value>114</Value></HeartRateBpm><Cadence>24</Cadence><Extensions><ext:TPX><ext:Watts>37.22857142857143</ext:Watts><ext:Torque>20</ext:Torque></ext:TPX></Extensions></Trackpoint><Trackpoint><Time>2025-09-14T10:42:16.552Z</Time><DistanceMeters>928.6029554418013</DistanceMeters><HeartRateBpm><Value>113</Value></HeartRateBpm><Cadence>27</Cadence><Extensions><ext:TPX><ext:Watts>39.75</ext:Watts><ext:Torque>20</ext:Torque></ext:TPX></Extensions></Trackpoint><Trackpoint><Time>2025-09-14T10:42:17.707Z</Time><DistanceMeters>931.6087841357034</DistanceMeters><HeartRateBpm><Value>113</Value></HeartRateBpm><Cadence>26</Cadence><Extensions><ext:TPX><ext:Watts>38.333333333333336</ext:Watts><ext:Torque>20</ext:Torque></ext:TPX></Extensions></Trackpoint><Trackpoint><Time>2025-09-14T10:42:18.897Z</Time><DistanceMeters>934.6908732404585</DistanceMeters><HeartRateBpm><Value>113</Value></HeartRateBpm><Cadence>25</Cadence><Extensions><ext:TPX><ext:Watts>37.794117647058826</ext:Watts><ext:Torque>20</ext:Torque></ext:TPX></Extensions></Trackpoint><Trackpoint><Time>2025-09-14T10:42:20.052Z</Time><DistanceMeters>937.7323441718377</DistanceMeters><HeartRateBpm><Value>113</Value></HeartRateBpm><Cadence>26</Cadence><Extensions><ext:TPX><ext:Watts>38.78787878787879</ext:Watts><ext:Torque>20</ext:Torque></ext:TPX></Extensions></Trackpoint><Trackpoint><Time>2025-09-14T10:42:21.207Z</Time><DistanceMeters>940.7785674015471</DistanceMeters><HeartRateBpm><Value>113</Value></HeartRateBpm><Cadence>26</Cadence><Extensions><ext:TPX><ext:Watts>38.84848484848485</ext:Watts><ext:Torque>20</ext:Torque></ext:TPX></Extensions></Trackpoint><Trackpoint><Time>2025-09-14T10:42:22.362Z</Time><DistanceMeters>943.7630107529629</DistanceMeters><HeartRateBpm><Value>113</Value></HeartRateBpm><Cadence>26</Cadence><Extensions><ext:TPX><ext:Watts>38.06060606060606</ext:Watts><ext:Torque>20</ext:Torque></ext:TPX></Extensions></Trackpoint><Trackpoint><Time>2025-09-14T10:42:23.517Z</Time><DistanceMeters>946.6476558394429</DistanceMeters><HeartRateBpm><Value>113</Value></HeartRateBpm><Cadence>26</Cadence><Extensions><ext:TPX><ext:Watts>36.78787878787879</ext:Watts><ext:Torque>20</ext:Torque></ext:TPX></Extensions></Trackpoint><Trackpoint><Time>2025-09-14T10:42:24.672Z</Time><DistanceMeters>949.5822000583908</DistanceMeters><HeartRateBpm><Value>113</Value></HeartRateBpm><Cadence>26</Cadence><Extensions><ext:TPX><ext:Watts>37.42424242424242</ext:Watts><ext:Torque>20</ext:Torque></ext:TPX></Extensions></Trackpoint><Trackpoint><Time>2025-09-14T10:42:25.792Z</Time><DistanceMeters>952.4892865536526</DistanceMeters><HeartRateBpm><Value>114</Value></HeartRateBpm><Cadence>27</Cadence><Extensions><ext:TPX><ext:Watts>38.5</ext:Watts><ext:Torque>20</ext:Torque></ext:TPX></Extensions></Trackpoint><Trackpoint><Time>2025-09-14T10:42:26.948Z</Time><DistanceMeters>955.4737299050685</DistanceMeters><HeartRateBpm><Value>114</Value></HeartRateBpm><Cadence>26</Cadence><Extensions><ext:TPX><ext:Watts>38.06060606060606</ext:Watts><ext:Torque>20</ext:Torque></ext:TPX></Extensions></Trackpoint><Trackpoint><Time>2025-09-14T10:42:28.067Z</Time><DistanceMeters>958.4940795105352</DistanceMeters><HeartRateBpm><Value>114</Value></HeartRateBpm><Cadence>27</Cadence><Extensions><ext:TPX><ext:Watts>40.0</ext:Watts><ext:Torque>20</ext:Torque></ext:TPX></Extensions></Trackpoint><Trackpoint><Time>2025-09-14T10:42:29.222Z</Time><DistanceMeters>961.4880274586117</DistanceMeters><HeartRateBpm><Value>114</Value></HeartRateBpm><Cadence>26</Cadence><Extensions><ext:TPX><ext:Watts>38.18181818181818</ext:Watts><ext:Torque>20</ext:Torque></ext:TPX></Extensions></Trackpoint><Trackpoint><Time>2025-09-14T10:42:30.342Z</Time><DistanceMeters>964.539052489759</DistanceMeters><HeartRateBpm><Value>115</Value></HeartRateBpm><Cadence>27</Cadence><Extensions><ext:TPX><ext:Watts>40.40625</ext:Watts><ext:Torque>20</ext:Torque></ext:TPX></Extensions></Trackpoint><Trackpoint><Time>2025-09-14T10:42:31.497Z</Time><DistanceMeters>967.5900280177988</DistanceMeters><HeartRateBpm><Value>115</Value></HeartRateBpm><Cadence>26</Cadence><Extensions><ext:TPX><ext:Watts>38.90909090909091</ext:Watts><ext:Torque>20</ext:Torque></ext:TPX></Extensions></Trackpoint><Trackpoint><Time>2025-09-14T10:42:32.652Z</Time><DistanceMeters>970.6552604408294</DistanceMeters><HeartRateBpm><Value>116</Value></HeartRateBpm><Cadence>26</Cadence><Extensions><ext:TPX><ext:Watts>39.09090909090909</ext:Watts><ext:Torque>20</ext:Torque></ext:TPX></Extensions></Trackpoint><Trackpoint><Time>2025-09-14T10:42:33.772Z</Time><DistanceMeters>973.7157240644938</DistanceMeters><HeartRateBpm><Value>117</Value></HeartRateBpm><Cadence>27</Cadence><Extensions><ext:TPX><ext:Watts>40.53125</ext:Watts><ext:Torque>20</ext:Torque></ext:TPX></Extensions></Trackpoint><Trackpoint><Time>2025-09-14T10:42:34.927Z</Time><DistanceMeters>976.7880849350198</DistanceMeters><HeartRateBpm><Value>117</Value></HeartRateBpm><Cadence>26</Cadence><Extensions><ext:TPX><ext:Watts>39.18181818181818</ext:Watts><ext:Torque>20</ext:Torque></ext:TPX></Extensions></Trackpoint><Trackpoint><Time>2025-09-14T10:42:36.117Z</Time><DistanceMeters>979.9253398369806</DistanceMeters><HeartRateBpm><Value>118</Value></HeartRateBpm><Cadence>25</Cadence><Extensions><ext:TPX><ext:Watts>38.470588235294116</ext:Watts><ext:Torque>20</ext:Torque></ext:TPX></Extensions></Trackpoint><Trackpoint><Time>2025-09-14T10:42:37.273Z</Time><DistanceMeters>982.9644346191947</DistanceMeters><HeartRateBpm><Value>118</Value></HeartRateBpm><Cadence>26</Cadence><Extensions><ext:TPX><ext:Watts>38.75757575757576</ext:Watts><ext:Torque>20</ext:Torque></ext:TPX></Extensions></Trackpoint><Trackpoint><Time>2025-09-14T10:42:38.427Z</Time><DistanceMeters>986.0391716388858</DistanceMeters><HeartRateBpm><Value>118</Value></HeartRateBpm><Cadence>26</Cadence><Extensions><ext:TPX><ext:Watts>39.21212121212121</ext:Watts><ext:Torque>20</ext:Torque></ext:TPX></Extensions></Trackpoint><Trackpoint><Time>2025-09-14T10:42:39.617Z</Time><DistanceMeters>989.1764265408466</DistanceMeters><HeartRateBpm><Value>119</Value></HeartRateBpm><Cadence>25</Cadence><Extensions><ext:TPX><ext:Watts>38.470588235294116</ext:Watts><ext:Torque>20</ext:Torque></ext:TPX></Extensions></Trackpoint><Trackpoint><Time>2025-09-14T10:42:40.812Z</Time><DistanceMeters>992.3160799557294</DistanceMeters><HeartRateBpm><Value>119</Value></HeartRateBpm><Cadence>25</Cadence><Extensions><ext:TPX><ext:Watts>38.5</ext:Watts><ext:Torque>20</ext:Torque></ext:TPX></Extensions></Trackpoint><Trackpoint><Time>2025-09-14T10:42:41.967Z</Time><DistanceMeters>995.450220704549</DistanceMeters><HeartRateBpm><Value>119</Value></HeartRateBpm><Cadence>26</Cadence><Extensions><ext:TPX><ext:Watts>39.96969696969697</ext:Watts><ext:Torque>20</ext:Torque></ext:TPX></Extensions></Trackpoint><Trackpoint><Time>2025-09-14T10:42:43.157Z</Time><DistanceMeters>998.5059261671622</DistanceMeters><HeartRateBpm><Value>119</Value></HeartRateBpm><Cadence>25</Cadence><Extensions><ext:TPX><ext:Watts>37.470588235294116</ext:Watts><ext:Torque>20</ext:Torque></ext:TPX></Extensions></Trackpoint><Trackpoint><Time>2025-09-14T10:42:44.317Z</Time><DistanceMeters>1001.5141310102294</DistanceMeters><HeartRateBpm><Value>119</Value></HeartRateBpm><Cadence>26</Cadence><Extensions><ext:TPX><ext:Watts>38.36363636363637</ext:Watts><ext:Torque>20</ext:Torque></ext:TPX></Extensions></Trackpoint><Trackpoint><Time>2025-09-14T10:42:45.507Z</Time><DistanceMeters>1004.5434528307007</DistanceMeters><HeartRateBpm><Value>119</Value></HeartRateBpm><Cadence>25</Cadence><Extensions><ext:TPX><ext:Watts>37.14705882352941</ext:Watts><ext:Torque>20</ext:Torque></ext:TPX></Extensions></Trackpoint><Trackpoint><Time>2025-09-14T10:42:46.698Z</Time><DistanceMeters>1007.6591211163636</DistanceMeters><HeartRateBpm><Value>119</Value></HeartRateBpm><Cadence>25</Cadence><Extensions><ext:TPX><ext:Watts>38.205882352941174</ext:Watts><ext:Torque>20</ext:Torque></ext:TPX></Extensions></Trackpoint><Trackpoint><Time>2025-09-14T10:42:47.887Z</Time><DistanceMeters>1010.87552694475</DistanceMeters><HeartRateBpm><Value>119</Value></HeartRateBpm><Cadence>25</Cadence><Extensions><ext:TPX><ext:Watts>39.44117647058823</ext:Watts><ext:Torque>20</ext:Torque></ext:TPX></Extensions></Trackpoint><Trackpoint><Time>2025-09-14T10:42:49.047Z</Time><DistanceMeters>1013.8694748928265</DistanceMeters><HeartRateBpm><Value>118</Value></HeartRateBpm><Cadence>26</Cadence><Extensions><ext:TPX><ext:Watts>38.18181818181818</ext:Watts><ext:Torque>20</ext:Torque></ext:TPX></Extensions></Trackpoint><Trackpoint><Time>2025-09-14T10:42:50.239Z</Time><DistanceMeters>1016.855623480702</DistanceMeters><HeartRateBpm><Value>118</Value></HeartRateBpm><Cadence>25</Cadence><Extensions><ext:TPX><ext:Watts>36.61764705882353</ext:Watts><ext:Torque>20</ext:Torque></ext:TPX></Extensions></Trackpoint><Trackpoint><Time>2025-09-14T10:42:51.427Z</Time><DistanceMeters>1019.8890368820402</DistanceMeters><HeartRateBpm><Value>118</Value></HeartRateBpm><Cadence>26</Cadence><Extensions><ext:TPX><ext:Watts>37.94117647058823</ext:Watts><ext:Torque>20</ext:Torque></ext:TPX></Extensions></Trackpoint><Trackpoint><Time>2025-09-14T10:42:52.652Z</Time><DistanceMeters>1022.9655667513055</DistanceMeters><HeartRateBpm><Value>117</Value></HeartRateBpm><Cadence>24</Cadence><Extensions><ext:TPX><ext:Watts>36.97142857142857</ext:Watts><ext:Torque>20</ext:Torque></ext:TPX></Extensions></Trackpoint><Trackpoint><Time>2025-09-14T10:42:53.818Z</Time><DistanceMeters>1026.1732749419243</DistanceMeters><HeartRateBpm><Value>117</Value></HeartRateBpm><Cadence>26</Cadence><Extensions><ext:TPX><ext:Watts>40.121212121212125</ext:Watts><ext:Torque>20</ext:Torque></ext:TPX></Extensions></Trackpoint><Trackpoint><Time>2025-09-14T10:42:55.047Z</Time><DistanceMeters>1029.3900793570062</DistanceMeters><HeartRateBpm><Value>116</Value></HeartRateBpm><Cadence>24</Cadence><Extensions><ext:TPX><ext:Watts>38.65714285714286</ext:Watts><ext:Torque>20</ext:Torque></ext:TPX></Extensions></Trackpoint><Trackpoint><Time>2025-09-14T10:42:56.237Z</Time><DistanceMeters>1032.6712450342864</DistanceMeters><HeartRateBpm><Value>116</Value></HeartRateBpm><Cadence>25</Cadence><Extensions><ext:TPX><ext:Watts>40.23529411764706</ext:Watts><ext:Torque>20</ext:Torque></ext:TPX></Extensions></Trackpoint><Trackpoint><Time>2025-09-14T10:42:57.392Z</Time><DistanceMeters>1035.8006334847757</DistanceMeters><HeartRateBpm><Value>116</Value></HeartRateBpm><Cadence>26</Cadence><Extensions><ext:TPX><ext:Watts>39.90909090909091</ext:Watts><ext:Torque>20</ext:Torque></ext:TPX></Extensions></Trackpoint><Trackpoint><Time>2025-09-14T10:42:58.583Z</Time><DistanceMeters>1038.9043092058287</DistanceMeters><HeartRateBpm><Value>115</Value></HeartRateBpm><Cadence>25</Cadence><Extensions><ext:TPX><ext:Watts>38.05882352941177</ext:Watts><ext:Torque>20</ext:Torque></ext:TPX></Extensions></Trackpoint><Trackpoint><Time>2025-09-14T10:42:59.772Z</Time><DistanceMeters>1042.0871358533072</DistanceMeters><HeartRateBpm><Value>115</Value></HeartRateBpm><Cadence>25</Cadence><Extensions><ext:TPX><ext:Watts>39.029411764705884</ext:Watts><ext:Torque>20</ext:Torque></ext:TPX></Extensions></Trackpoint><Trackpoint><Time>2025-09-14T10:43:00.858Z</Time><DistanceMeters>1045.2510627816616</DistanceMeters><HeartRateBpm><Value>115</Value></HeartRateBpm><Cadence>28</Cadence><Extensions><ext:TPX><ext:Watts>42.67741935483871</ext:Watts><ext:Torque>20</ext:Torque></ext:TPX></Extensions></Trackpoint><Trackpoint><Time>2025-09-14T10:43:02.012Z</Time><DistanceMeters>1048.4921302429125</DistanceMeters><HeartRateBpm><Value>115</Value></HeartRateBpm><Cadence>26</Cadence><Extensions><ext:TPX><ext:Watts>41.333333333333336</ext:Watts><ext:Torque>20</ext:Torque></ext:TPX></Extensions></Trackpoint><Trackpoint><Time>2025-09-14T10:43:03.173Z</Time><DistanceMeters>1051.5074635334752</DistanceMeters><HeartRateBpm><Value>115</Value></HeartRateBpm><Cadence>26</Cadence><Extensions><ext:TPX><ext:Watts>38.45454545454545</ext:Watts><ext:Torque>20</ext:Torque></ext:TPX></Extensions></Trackpoint><Trackpoint><Time>2025-09-14T10:43:04.362Z</Time><DistanceMeters>1054.6567110000458</DistanceMeters><HeartRateBpm><Value>115</Value></HeartRateBpm><Cadence>25</Cadence><Extensions><ext:TPX><ext:Watts>38.61764705882353</ext:Watts><ext:Torque>20</ext:Torque></ext:TPX></Extensions></Trackpoint><Trackpoint><Time>2025-09-14T10:43:05.588Z</Time><DistanceMeters>1057.8140770482562</DistanceMeters><HeartRateBpm><Value>114</Value></HeartRateBpm><Cadence>24</Cadence><Extensions><ext:TPX><ext:Watts>37.94285714285714</ext:Watts><ext:Torque>20</ext:Torque></ext:TPX></Extensions></Trackpoint><Trackpoint><Time>2025-09-14T10:43:06.742Z</Time><DistanceMeters>1060.7700066096904</DistanceMeters><HeartRateBpm><Value>114</Value></HeartRateBpm><Cadence>26</Cadence><Extensions><ext:TPX><ext:Watts>37.696969696969695</ext:Watts><ext:Torque>20</ext:Torque></ext:TPX></Extensions></Trackpoint><Trackpoint><Time>2025-09-14T10:43:07.898Z</Time><DistanceMeters>1063.7568261102715</DistanceMeters><HeartRateBpm><Value>114</Value></HeartRateBpm><Cadence>26</Cadence><Extensions><ext:TPX><ext:Watts>38.09090909090909</ext:Watts><ext:Torque>20</ext:Torque></ext:TPX></Extensions></Trackpoint><Trackpoint><Time>2025-09-14T10:43:09.052Z</Time><DistanceMeters>1066.7769116991644</DistanceMeters><HeartRateBpm><Value>114</Value></HeartRateBpm><Cadence>26</Cadence><Extensions><ext:TPX><ext:Watts>38.515151515151516</ext:Watts><ext:Torque>20</ext:Torque></ext:TPX></Extensions></Trackpoint><Trackpoint><Time>2025-09-14T10:43:10.243Z</Time><DistanceMeters>1069.8949784977492</DistanceMeters><HeartRateBpm><Value>114</Value></HeartRateBpm><Cadence>25</Cadence><Extensions><ext:TPX><ext:Watts>38.23529411764706</ext:Watts><ext:Torque>20</ext:Torque></ext:TPX></Extensions></Trackpoint><Trackpoint><Time>2025-09-14T10:43:11.398Z</Time><DistanceMeters>1072.9055594899817</DistanceMeters><HeartRateBpm><Value>114</Value></HeartRateBpm><Cadence>26</Cadence><Extensions><ext:TPX><ext:Watts>38.39393939393939</ext:Watts><ext:Torque>20</ext:Torque></ext:TPX></Extensions></Trackpoint><Trackpoint><Time>2025-09-14T10:43:12.552Z</Time><DistanceMeters>1075.9565350180214</DistanceMeters><HeartRateBpm><Value>114</Value></HeartRateBpm><Cadence>26</Cadence><Extensions><ext:TPX><ext:Watts>38.90909090909091</ext:Watts><ext:Torque>20</ext:Torque></ext:TPX></Extensions></Trackpoint><Trackpoint><Time>2025-09-14T10:43:13.742Z</Time><DistanceMeters>1079.11537653628</DistanceMeters><HeartRateBpm><Value>114</Value></HeartRateBpm><Cadence>25</Cadence><Extensions><ext:TPX><ext:Watts>38.73529411764706</ext:Watts><ext:Torque>20</ext:Torque></ext:TPX></Extensions></Trackpoint><Trackpoint><Time>2025-09-14T10:43:14.898Z</Time><DistanceMeters>1082.2305080917786</DistanceMeters><HeartRateBpm><Value>115</Value></HeartRateBpm><Cadence>26</Cadence><Extensions><ext:TPX><ext:Watts>39.72727272727273</ext:Watts><ext:Torque>20</ext:Torque></ext:TPX></Extensions></Trackpoint><Trackpoint><Time>2025-09-14T10:43:16.088Z</Time><DistanceMeters>1085.415733252179</DistanceMeters><HeartRateBpm><Value>115</Value></HeartRateBpm><Cadence>25</Cadence><Extensions><ext:TPX><ext:Watts>39.05882352941177</ext:Watts><ext:Torque>20</ext:Torque></ext:TPX></Extensions></Trackpoint><Trackpoint><Time>2025-09-14T10:43:17.248Z</Time><DistanceMeters>1088.4809656752097</DistanceMeters><HeartRateBpm><Value>115</Value></HeartRateBpm><Cadence>26</Cadence><Extensions><ext:TPX><ext:Watts>39.09090909090909</ext:Watts><ext:Torque>20</ext:Torque></ext:TPX></Extensions></Trackpoint><Trackpoint><Time>2025-09-14T10:43:18.403Z</Time><DistanceMeters>1091.489170518277</DistanceMeters><HeartRateBpm><Value>115</Value></HeartRateBpm><Cadence>26</Cadence><Extensions><ext:TPX><ext:Watts>38.36363636363637</ext:Watts><ext:Torque>20</ext:Torque></ext:TPX></Extensions></Trackpoint><Trackpoint><Time>2025-09-14T10:43:19.558Z</Time><DistanceMeters>1094.5710359854636</DistanceMeters><HeartRateBpm><Value>115</Value></HeartRateBpm><Cadence>26</Cadence><Extensions><ext:TPX><ext:Watts>39.303030303030305</ext:Watts><ext:Torque>20</ext:Torque></ext:TPX></Extensions></Trackpoint><Trackpoint><Time>2025-09-14T10:43:20.718Z</Time><DistanceMeters>1097.6932959884575</DistanceMeters><HeartRateBpm><Value>116</Value></HeartRateBpm><Cadence>26</Cadence><Extensions><ext:TPX><ext:Watts>39.81818181818182</ext:Watts><ext:Torque>20</ext:Torque></ext:TPX></Extensions></Trackpoint><Trackpoint><Time>2025-09-14T10:43:21.908Z</Time><DistanceMeters>1100.902506278078</DistanceMeters><HeartRateBpm><Value>116</Value></HeartRateBpm><Cadence>25</Cadence><Extensions><ext:TPX><ext:Watts>39.35294117647059</ext:Watts><ext:Torque>20</ext:Torque></ext:TPX></Extensions></Trackpoint><Trackpoint><Time>2025-09-14T10:43:23.062Z</Time><DistanceMeters>1104.0318947285673</DistanceMeters><HeartRateBpm><Value>116</Value></HeartRateBpm><Cadence>26</Cadence><Extensions><ext:TPX><ext:Watts>39.90909090909091</ext:Watts><ext:Torque>20</ext:Torque></ext:TPX></Extensions></Trackpoint><Trackpoint><Time>2025-09-14T10:43:24.223Z</Time><DistanceMeters>1107.2634575931577</DistanceMeters><HeartRateBpm><Value>117</Value></HeartRateBpm><Cadence>26</Cadence><Extensions><ext:TPX><ext:Watts>41.21212121212121</ext:Watts><ext:Torque>20</ext:Torque></ext:TPX></Extensions></Trackpoint><Trackpoint><Time>2025-09-14T10:43:25.413Z</Time><DistanceMeters>1110.5374277316719</DistanceMeters><HeartRateBpm><Value>117</Value></HeartRateBpm><Cadence>25</Cadence><Extensions><ext:TPX><ext:Watts>40.14705882352941</ext:Watts><ext:Torque>20</ext:Torque></ext:TPX></Extensions></Trackpoint><Trackpoint><Time>2025-09-14T10:43:26.603Z</Time><DistanceMeters>1113.811397870186</DistanceMeters><HeartRateBpm><Value>118</Value></HeartRateBpm><Cadence>25</Cadence><Extensions><ext:TPX><ext:Watts>40.14705882352941</ext:Watts><ext:Torque>20</ext:Torque></ext:TPX></Extensions></Trackpoint><Trackpoint><Time>2025-09-14T10:43:27.798Z</Time><DistanceMeters>1117.0445932890264</DistanceMeters><HeartRateBpm><Value>119</Value></HeartRateBpm><Cadence>25</Cadence><Extensions><ext:TPX><ext:Watts>39.64705882352941</ext:Watts><ext:Torque>20</ext:Torque></ext:TPX></Extensions></Trackpoint><Trackpoint><Time>2025-09-14T10:43:28.953Z</Time><DistanceMeters>1120.2500185128001</DistanceMeters><HeartRateBpm><Value>119</Value></HeartRateBpm><Cadence>26</Cadence><Extensions><ext:TPX><ext:Watts>40.878787878787875</ext:Watts><ext:Torque>20</ext:Torque></ext:TPX></Extensions></Trackpoint><Trackpoint><Time>2025-09-14T10:43:30.178Z</Time><DistanceMeters>1123.4787106012564</DistanceMeters><HeartRateBpm><Value>120</Value></HeartRateBpm><Cadence>24</Cadence><Extensions><ext:TPX><ext:Watts>38.8</ext:Watts><ext:Torque>20</ext:Torque></ext:TPX></Extensions></Trackpoint><Trackpoint><Time>2025-09-14T10:43:31.368Z</Time><DistanceMeters>1126.5775892964652</DistanceMeters><HeartRateBpm><Value>120</Value></HeartRateBpm><Cadence>25</Cadence><Extensions><ext:TPX><ext:Watts>38.0</ext:Watts><ext:Torque>20</ext:Torque></ext:TPX></Extensions></Trackpoint><Trackpoint><Time>2025-09-14T10:43:32.593Z</Time><DistanceMeters>1129.8609646824432</DistanceMeters><HeartRateBpm><Value>120</Value></HeartRateBpm><Cadence>24</Cadence><Extensions><ext:TPX><ext:Watts>39.457142857142856</ext:Watts><ext:Torque>20</ext:Torque></ext:TPX></Extensions></Trackpoint><Trackpoint><Time>2025-09-14T10:43:33.818Z</Time><DistanceMeters>1133.1490951377707</DistanceMeters><HeartRateBpm><Value>120</Value></HeartRateBpm><Cadence>24</Cadence><Extensions><ext:TPX><ext:Watts>39.51428571428571</ext:Watts><ext:Torque>20</ext:Torque></ext:TPX></Extensions></Trackpoint><Trackpoint><Time>2025-09-14T10:43:35.043Z</Time><DistanceMeters>1136.375409691552</DistanceMeters><HeartRateBpm><Value>120</Value></HeartRateBpm><Cadence>24</Cadence><Extensions><ext:TPX><ext:Watts>38.77142857142857</ext:Watts><ext:Torque>20</ext:Torque></ext:TPX></Extensions></Trackpoint><Trackpoint><Time>2025-09-14T10:43:36.236Z</Time><DistanceMeters>1139.5270556710448</DistanceMeters><HeartRateBpm><Value>120</Value></HeartRateBpm><Cadence>25</Cadence><Extensions><ext:TPX><ext:Watts>38.64705882352941</ext:Watts><ext:Torque>20</ext:Torque></ext:TPX></Extensions></Trackpoint><Trackpoint><Time>2025-09-14T10:43:37.458Z</Time><DistanceMeters>1142.7795231062496</DistanceMeters><HeartRateBpm><Value>119</Value></HeartRateBpm><Cadence>24</Cadence><Extensions><ext:TPX><ext:Watts>39.08571428571429</ext:Watts><ext:Torque>20</ext:Torque></ext:TPX></Extensions></Trackpoint><Trackpoint><Time>2025-09-14T10:43:38.683Z</Time><DistanceMeters>1145.9820623132823</DistanceMeters><HeartRateBpm><Value>119</Value></HeartRateBpm><Cadence>24</Cadence><Extensions><ext:TPX><ext:Watts>38.48571428571429</ext:Watts><ext:Torque>20</ext:Torque></ext:TPX></Extensions></Trackpoint><Trackpoint><Time>2025-09-14T10:43:39.873Z</Time><DistanceMeters>1149.131309779853</DistanceMeters><HeartRateBpm><Value>118</Value></HeartRateBpm><Cadence>25</Cadence><Extensions><ext:TPX><ext:Watts>38.61764705882353</ext:Watts><ext:Torque>20</ext:Torque></ext:TPX></Extensions></Trackpoint><Trackpoint><Time>2025-09-14T10:43:41.098Z</Time><DistanceMeters>1152.3813996803829</DistanceMeters><HeartRateBpm><Value>118</Value></HeartRateBpm><Cadence>24</Cadence><Extensions><ext:TPX><ext:Watts>39.05714285714286</ext:Watts><ext:Torque>20</ext:Torque></ext:TPX></Extensions></Trackpoint><Trackpoint><Time>2025-09-14T10:43:42.288Z</Time><DistanceMeters>1155.6241891509112</DistanceMeters><HeartRateBpm><Value>118</Value></HeartRateBpm><Cadence>25</Cadence><Extensions><ext:TPX><ext:Watts>39.76470588235294</ext:Watts><ext:Torque>20</ext:Torque></ext:TPX></Extensions></Trackpoint><Trackpoint><Time>2025-09-14T10:43:43.483Z</Time><DistanceMeters>1158.8717756472834</DistanceMeters><HeartRateBpm><Value>118</Value></HeartRateBpm><Cadence>25</Cadence><Extensions><ext:TPX><ext:Watts>39.8235294117647</ext:Watts><ext:Torque>20</ext:Torque></ext:TPX></Extensions></Trackpoint><Trackpoint><Time>2025-09-14T10:43:44.638Z</Time><DistanceMeters>1161.9488888161397</DistanceMeters><HeartRateBpm><Value>117</Value></HeartRateBpm><Cadence>26</Cadence><Extensions><ext:TPX><ext:Watts>39.24242424242424</ext:Watts><ext:Torque>20</ext:Torque></ext:TPX></Extensions></Trackpoint><Trackpoint><Time>2025-09-14T10:43:45.828Z</Time><DistanceMeters>1165.1724901832922</DistanceMeters><HeartRateBpm><Value>117</Value></HeartRateBpm><Cadence>25</Cadence><Extensions><ext:TPX><ext:Watts>39.529411764705884</ext:Watts><ext:Torque>20</ext:Torque></ext:TPX></Extensions></Trackpoint><Trackpoint><Time>2025-09-14T10:43:47.018Z</Time><DistanceMeters>1168.3817004729126</DistanceMeters><HeartRateBpm><Value>117</Value></HeartRateBpm><Cadence>25</Cadence><Extensions><ext:TPX><ext:Watts>39.35294117647059</ext:Watts><ext:Torque>20</ext:Torque></ext:TPX></Extensions></Trackpoint><Trackpoint><Time>2025-09-14T10:43:48.178Z</Time><DistanceMeters>1171.5015843267413</DistanceMeters><HeartRateBpm><Value>117</Value></HeartRateBpm><Cadence>26</Cadence><Extensions><ext:TPX><ext:Watts>39.78787878787879</ext:Watts><ext:Torque>20</ext:Torque></ext:TPX></Extensions></Trackpoint><Trackpoint><Time>2025-09-14T10:43:49.333Z</Time><DistanceMeters>1174.6404773738911</DistanceMeters><HeartRateBpm><Value>116</Value></HeartRateBpm><Cadence>26</Cadence><Extensions><ext:TPX><ext:Watts>40.03030303030303</ext:Watts><ext:Torque>20</ext:Torque></ext:TPX></Extensions></Trackpoint><Trackpoint><Time>2025-09-14T10:43:50.523Z</Time><DistanceMeters>1177.8328980730575</DistanceMeters><HeartRateBpm><Value>116</Value></HeartRateBpm><Cadence>25</Cadence><Extensions><ext:TPX><ext:Watts>39.14705882352941</ext:Watts><ext:Torque>20</ext:Torque></ext:TPX></Extensions></Trackpoint><Trackpoint><Time>2025-09-14T10:43:51.713Z</Time><DistanceMeters>1181.0205217463802</DistanceMeters><HeartRateBpm><Value>116</Value></HeartRateBpm><Cadence>25</Cadence><Extensions><ext:TPX><ext:Watts>39.088235294117645</ext:Watts><ext:Torque>20</ext:Torque></ext:TPX></Extensions></Trackpoint><Trackpoint><Time>2025-09-14T10:43:52.868Z</Time><DistanceMeters>1184.0810018710804</DistanceMeters><HeartRateBpm><Value>116</Value></HeartRateBpm><Cadence>26</Cadence><Extensions><ext:TPX><ext:Watts>39.03030303030303</ext:Watts><ext:Torque>20</ext:Torque></ext:TPX></Extensions></Trackpoint><Trackpoint><Time>2025-09-14T10:43:54.023Z</Time><DistanceMeters>1187.314940884836</DistanceMeters><HeartRateBpm><Value>116</Value></HeartRateBpm><Cadence>26</Cadence><Extensions><ext:TPX><ext:Watts>41.24242424242424</ext:Watts><ext:Torque>20</ext:Torque></ext:TPX></Extensions></Trackpoint><Trackpoint><Time>2025-09-14T10:43:55.213Z</Time><DistanceMeters>1190.4545942997188</DistanceMeters><HeartRateBpm><Value>116</Value></HeartRateBpm><Cadence>25</Cadence><Extensions><ext:TPX><ext:Watts>38.5</ext:Watts><ext:Torque>20</ext:Torque></ext:TPX></Extensions></Trackpoint><Trackpoint><Time>2025-09-14T10:43:56.403Z</Time><DistanceMeters>1193.740557002843</DistanceMeters><HeartRateBpm><Value>116</Value></HeartRateBpm><Cadence>25</Cadence><Extensions><ext:TPX><ext:Watts>40.294117647058826</ext:Watts><ext:Torque>20</ext:Torque></ext:TPX></Extensions></Trackpoint><Trackpoint><Time>2025-09-14T10:43:57.558Z</Time><DistanceMeters>1196.9768721657636</DistanceMeters><HeartRateBpm><Value>116</Value></HeartRateBpm><Cadence>26</Cadence><Extensions><ext:TPX><ext:Watts>41.27272727272727</ext:Watts><ext:Torque>20</ext:Torque></ext:TPX></Extensions></Trackpoint><Trackpoint><Time>2025-09-14T10:43:58.718Z</Time><DistanceMeters>1200.1989304336935</DistanceMeters><HeartRateBpm><Value>116</Value></HeartRateBpm><Cadence>26</Cadence><Extensions><ext:TPX><ext:Watts>41.09090909090909</ext:Watts><ext:Torque>20</ext:Torque></ext:TPX></Extensions></Trackpoint><Trackpoint><Time>2025-09-14T10:43:59.873Z</Time><DistanceMeters>1203.4257409999536</DistanceMeters><HeartRateBpm><Value>116</Value></HeartRateBpm><Cadence>26</Cadence><Extensions><ext:TPX><ext:Watts>41.15151515151515</ext:Watts><ext:Torque>20</ext:Torque></ext:TPX></Extensions></Trackpoint><Trackpoint><Time>2025-09-14T10:44:01.028Z</Time><DistanceMeters>1206.6382946712229</DistanceMeters><HeartRateBpm><Value>116</Value></HeartRateBpm><Cadence>26</Cadence><Extensions><ext:TPX><ext:Watts>40.96969696969697</ext:Watts><ext:Torque>20</ext:Torque></ext:TPX></Extensions></Trackpoint><Trackpoint><Time>2025-09-14T10:44:02.218Z</Time><DistanceMeters>1209.912264809737</DistanceMeters><HeartRateBpm><Value>116</Value></HeartRateBpm><Cadence>25</Cadence><Extensions><ext:TPX><ext:Watts>40.14705882352941</ext:Watts><ext:Torque>20</ext:Torque></ext:TPX></Extensions></Trackpoint><Trackpoint><Time>2025-09-14T10:44:03.413Z</Time><DistanceMeters>1213.2677843875988</DistanceMeters><HeartRateBpm><Value>116</Value></HeartRateBpm><Cadence>25</Cadence><Extensions><ext:TPX><ext:Watts>41.14705882352941</ext:Watts><ext:Torque>20</ext:Torque></ext:TPX></Extensions></Trackpoint><Trackpoint><Time>2025-09-14T10:44:04.568Z</Time><DistanceMeters>1216.4732096113726</DistanceMeters><HeartRateBpm><Value>117</Value></HeartRateBpm><Cadence>26</Cadence><Extensions><ext:TPX><ext:Watts>40.878787878787875</ext:Watts><ext:Torque>20</ext:Torque></ext:TPX></Extensions></Trackpoint><Trackpoint><Time>2025-09-14T10:44:05.763Z</Time><DistanceMeters>1219.6512392330071</DistanceMeters><HeartRateBpm><Value>117</Value></HeartRateBpm><Cadence>25</Cadence><Extensions><ext:TPX><ext:Watts>38.970588235294116</ext:Watts><ext:Torque>20</ext:Torque></ext:TPX></Extensions></Trackpoint><Trackpoint><Time>2025-09-14T10:44:06.919Z</Time><DistanceMeters>1222.854288307616</DistanceMeters><HeartRateBpm><Value>117</Value></HeartRateBpm><Cadence>26</Cadence><Extensions><ext:TPX><ext:Watts>40.84848484848485</ext:Watts><ext:Torque>20</ext:Torque></ext:TPX></Extensions></Trackpoint><Trackpoint><Time>2025-09-14T10:44:08.108Z</Time><DistanceMeters>1226.094679265222</DistanceMeters><HeartRateBpm><Value>116</Value></HeartRateBpm><Cadence>25</Cadence><Extensions><ext:TPX><ext:Watts>39.73529411764706</ext:Watts><ext:Torque>20</ext:Torque></ext:TPX></Extensions></Trackpoint><Trackpoint><Time>2025-09-14T10:44:09.298Z</Time><DistanceMeters>1229.3206791452965</DistanceMeters><HeartRateBpm><Value>116</Value></HeartRateBpm><Cadence>25</Cadence><Extensions><ext:TPX><ext:Watts>39.55882352941177</ext:Watts><ext:Torque>20</ext:Torque></ext:TPX></Extensions></Trackpoint><Trackpoint><Time>2025-09-14T10:44:10.493Z</Time><DistanceMeters>1232.5634686158248</DistanceMeters><HeartRateBpm><Value>116</Value></HeartRateBpm><Cadence>25</Cadence><Extensions><ext:TPX><ext:Watts>39.76470588235294</ext:Watts><ext:Torque>20</ext:Torque></ext:TPX></Extensions></Trackpoint><Trackpoint><Time>2025-09-14T10:44:11.683Z</Time><DistanceMeters>1235.9213867066085</DistanceMeters><HeartRateBpm><Value>116</Value></HeartRateBpm><Cadence>25</Cadence><Extensions><ext:TPX><ext:Watts>41.1764705882353</ext:Watts><ext:Torque>20</ext:Torque></ext:TPX></Extensions></Trackpoint><Trackpoint><Time>2025-09-14T10:44:12.873Z</Time><DistanceMeters>1239.2649137198603</DistanceMeters><HeartRateBpm><Value>115</Value></HeartRateBpm><Cadence>25</Cadence><Extensions><ext:TPX><ext:Watts>41.0</ext:Watts><ext:Torque>20</ext:Torque></ext:TPX></Extensions></Trackpoint><Trackpoint><Time>2025-09-14T10:44:14.063Z</Time><DistanceMeters>1242.5628689875944</DistanceMeters><HeartRateBpm><Value>115</Value></HeartRateBpm><Cadence>25</Cadence><Extensions><ext:TPX><ext:Watts>40.44117647058823</ext:Watts><ext:Torque>20</ext:Torque></ext:TPX></Extensions></Trackpoint><Trackpoint><Time>2025-09-14T10:44:15.255Z</Time><DistanceMeters>1245.8560272294844</DistanceMeters><HeartRateBpm><Value>115</Value></HeartRateBpm><Cadence>25</Cadence><Extensions><ext:TPX><ext:Watts>40.38235294117647</ext:Watts><ext:Torque>20</ext:Torque></ext:TPX></Extensions></Trackpoint><Trackpoint><Time>2025-09-14T10:44:16.448Z</Time><DistanceMeters>1249.0820271095588</DistanceMeters><HeartRateBpm><Value>115</Value></HeartRateBpm><Cadence>25</Cadence><Extensions><ext:TPX><ext:Watts>39.55882352941177</ext:Watts><ext:Torque>20</ext:Torque></ext:TPX></Extensions></Trackpoint><Trackpoint><Time>2025-09-14T10:44:17.673Z</Time><DistanceMeters>1252.3558923568373</DistanceMeters><HeartRateBpm><Value>115</Value></HeartRateBpm><Cadence>24</Cadence><Extensions><ext:TPX><ext:Watts>39.34285714285714</ext:Watts><ext:Torque>20</ext:Torque></ext:TPX></Extensions></Trackpoint><Trackpoint><Time>2025-09-14T10:44:18.829Z</Time><DistanceMeters>1255.589831370593</DistanceMeters><HeartRateBpm><Value>115</Value></HeartRateBpm><Cadence>26</Cadence><Extensions><ext:TPX><ext:Watts>41.24242424242424</ext:Watts><ext:Torque>20</ext:Torque></ext:TPX></Extensions></Trackpoint><Trackpoint><Time>2025-09-14T10:44:20.053Z</Time><DistanceMeters>1258.8922270339697</DistanceMeters><HeartRateBpm><Value>115</Value></HeartRateBpm><Cadence>24</Cadence><Extensions><ext:TPX><ext:Watts>39.68571428571428</ext:Watts><ext:Torque>20</ext:Torque></ext:TPX></Extensions></Trackpoint><Trackpoint><Time>2025-09-14T10:44:21.243Z</Time><DistanceMeters>1262.2069718921575</DistanceMeters><HeartRateBpm><Value>115</Value></HeartRateBpm><Cadence>25</Cadence><Extensions><ext:TPX><ext:Watts>40.64705882352941</ext:Watts><ext:Torque>20</ext:Torque></ext:TPX></Extensions></Trackpoint><Trackpoint><Time>2025-09-14T10:44:22.433Z</Time><DistanceMeters>1265.4737464919058</DistanceMeters><HeartRateBpm><Value>115</Value></HeartRateBpm><Cadence>25</Cadence><Extensions><ext:TPX><ext:Watts>40.05882352941177</ext:Watts><ext:Torque>20</ext:Torque></ext:TPX></Extensions></Trackpoint><Trackpoint><Time>2025-09-14T10:44:23.588Z</Time><DistanceMeters>1268.7148139531566</DistanceMeters><HeartRateBpm><Value>115</Value></HeartRateBpm><Cadence>26</Cadence><Extensions><ext:TPX><ext:Watts>41.333333333333336</ext:Watts><ext:Torque>20</ext:Torque></ext:TPX></Extensions></Trackpoint><Trackpoint><Time>2025-09-14T10:44:24.779Z</Time><DistanceMeters>1271.931219781543</DistanceMeters><HeartRateBpm><Value>115</Value></HeartRateBpm><Cadence>25</Cadence><Extensions><ext:TPX><ext:Watts>39.44117647058823</ext:Watts><ext:Torque>20</ext:Torque></ext:TPX></Extensions></Trackpoint><Trackpoint><Time>2025-09-14T10:44:25.968Z</Time><DistanceMeters>1275.1188434548656</DistanceMeters><HeartRateBpm><Value>115</Value></HeartRateBpm><Cadence>25</Cadence><Extensions><ext:TPX><ext:Watts>39.088235294117645</ext:Watts><ext:Torque>20</ext:Torque></ext:TPX></Extensions></Trackpoint><Trackpoint><Time>2025-09-14T10:44:27.163Z</Time><DistanceMeters>1278.3712269770817</DistanceMeters><HeartRateBpm><Value>115</Value></HeartRateBpm><Cadence>25</Cadence><Extensions><ext:TPX><ext:Watts>39.88235294117647</ext:Watts><ext:Torque>20</ext:Torque></ext:TPX></Extensions></Trackpoint><Trackpoint><Time>2025-09-14T10:44:28.359Z</Time><DistanceMeters>1281.5612491633262</DistanceMeters><HeartRateBpm><Value>115</Value></HeartRateBpm><Cadence>25</Cadence><Extensions><ext:TPX><ext:Watts>39.11764705882353</ext:Watts><ext:Torque>20</ext:Torque></ext:TPX></Extensions></Trackpoint><Trackpoint><Time>2025-09-14T10:44:29.551Z</Time><DistanceMeters>1284.8088356596984</DistanceMeters><HeartRateBpm><Value>115</Value></HeartRateBpm><Cadence>25</Cadence><Extensions><ext:TPX><ext:Watts>39.8235294117647</ext:Watts><ext:Torque>20</ext:Torque></ext:TPX></Extensions></Trackpoint><Trackpoint><Time>2025-09-14T10:44:30.773Z</Time><DistanceMeters>1287.9590691038843</DistanceMeters><HeartRateBpm><Value>115</Value></HeartRateBpm><Cadence>24</Cadence><Extensions><ext:TPX><ext:Watts>37.857142857142854</ext:Watts><ext:Torque>20</ext:Torque></ext:TPX></Extensions></Trackpoint><Trackpoint><Time>2025-09-14T10:44:31.963Z</Time><DistanceMeters>1291.2594228845403</DistanceMeters><HeartRateBpm><Value>115</Value></HeartRateBpm><Cadence>25</Cadence><Extensions><ext:TPX><ext:Watts>40.470588235294116</ext:Watts><ext:Torque>20</ext:Torque></ext:TPX></Extensions></Trackpoint><Trackpoint><Time>2025-09-14T10:44:33.153Z</Time><DistanceMeters>1294.5118064067565</DistanceMeters><HeartRateBpm><Value>115</Value></HeartRateBpm><Cadence>25</Cadence><Extensions><ext:TPX><ext:Watts>39.88235294117647</ext:Watts><ext:Torque>20</ext:Torque></ext:TPX></Extensions></Trackpoint><Trackpoint><Time>2025-09-14T10:44:34.349Z</Time><DistanceMeters>1297.713821157611</DistanceMeters><HeartRateBpm><Value>114</Value></HeartRateBpm><Cadence>25</Cadence><Extensions><ext:TPX><ext:Watts>39.26470588235294</ext:Watts><ext:Torque>20</ext:Torque></ext:TPX></Extensions></Trackpoint><Trackpoint><Time>2025-09-14T10:44:35.539Z</Time><DistanceMeters>1301.0573481708627</DistanceMeters><HeartRateBpm><Value>114</Value></HeartRateBpm><Cadence>25</Cadence><Extensions><ext:TPX><ext:Watts>41.0</ext:Watts><ext:Torque>20</ext:Torque></ext:TPX></Extensions></Trackpoint><Trackpoint><Time>2025-09-14T10:44:36.694Z</Time><DistanceMeters>1304.3483147645816</DistanceMeters><HeartRateBpm><Value>114</Value></HeartRateBpm><Cadence>26</Cadence><Extensions><ext:TPX><ext:Watts>41.96969696969697</ext:Watts><ext:Torque>20</ext:Torque></ext:TPX></Extensions></Trackpoint><Trackpoint><Time>2025-09-14T10:44:37.883Z</Time><DistanceMeters>1307.6654581356916</DistanceMeters><HeartRateBpm><Value>113</Value></HeartRateBpm><Cadence>25</Cadence><Extensions><ext:TPX><ext:Watts>40.6764705882353</ext:Watts><ext:Torque>20</ext:Torque></ext:TPX></Extensions></Trackpoint><Trackpoint><Time>2025-09-14T10:44:39.073Z</Time><DistanceMeters>1310.9945940714115</DistanceMeters><HeartRateBpm><Value>113</Value></HeartRateBpm><Cadence>25</Cadence><Extensions><ext:TPX><ext:Watts>40.8235294117647</ext:Watts><ext:Torque>20</ext:Torque></ext:TPX></Extensions></Trackpoint><Trackpoint><Time>2025-09-14T10:44:40.264Z</Time><DistanceMeters>1314.2373835419398</DistanceMeters><HeartRateBpm><Value>113</Value></HeartRateBpm><Cadence>25</Cadence><Extensions><ext:TPX><ext:Watts>39.76470588235294</ext:Watts><ext:Torque>20</ext:Torque></ext:TPX></Extensions></Trackpoint><Trackpoint><Time>2025-09-14T10:44:41.453Z</Time><DistanceMeters>1317.5737150164257</DistanceMeters><HeartRateBpm><Value>113</Value></HeartRateBpm><Cadence>25</Cadence><Extensions><ext:TPX><ext:Watts>40.911764705882355</ext:Watts><ext:Torque>20</ext:Torque></ext:TPX></Extensions></Trackpoint><Trackpoint><Time>2025-09-14T10:44:42.609Z</Time><DistanceMeters>1321.0357643500347</DistanceMeters><HeartRateBpm><Value>112</Value></HeartRateBpm><Cadence>26</Cadence><Extensions><ext:TPX><ext:Watts>44.15151515151515</ext:Watts><ext:Torque>20</ext:Torque></ext:TPX></Extensions></Trackpoint><Trackpoint><Time>2025-09-14T10:44:43.764Z</Time><DistanceMeters>1324.3433639879095</DistanceMeters><HeartRateBpm><Value>112</Value></HeartRateBpm><Cadence>26</Cadence><Extensions><ext:TPX><ext:Watts>42.18181818181818</ext:Watts><ext:Torque>20</ext:Torque></ext:TPX></Extensions></Trackpoint><Trackpoint><Time>2025-09-14T10:44:44.919Z</Time><DistanceMeters>1327.6129452391422</DistanceMeters><HeartRateBpm><Value>112</Value></HeartRateBpm><Cadence>26</Cadence><Extensions><ext:TPX><ext:Watts>41.696969696969695</ext:Watts><ext:Torque>20</ext:Torque></ext:TPX></Extensions></Trackpoint><Trackpoint><Time>2025-09-14T10:44:46.073Z</Time><DistanceMeters>1330.9609394128245</DistanceMeters><HeartRateBpm><Value>112</Value></HeartRateBpm><Cadence>26</Cadence><Extensions><ext:TPX><ext:Watts>42.696969696969695</ext:Watts><ext:Torque>20</ext:Torque></ext:TPX></Extensions></Trackpoint><Trackpoint><Time>2025-09-14T10:44:47.199Z</Time><DistanceMeters>1334.2065686321425</DistanceMeters><HeartRateBpm><Value>112</Value></HeartRateBpm><Cadence>26</Cadence><Extensions><ext:TPX><ext:Watts>42.1875</ext:Watts><ext:Torque>20</ext:Torque></ext:TPX></Extensions></Trackpoint><Trackpoint><Time>2025-09-14T10:44:48.354Z</Time><DistanceMeters>1337.526049015843</DistanceMeters><HeartRateBpm><Value>112</Value></HeartRateBpm><Cadence>26</Cadence><Extensions><ext:TPX><ext:Watts>42.333333333333336</ext:Watts><ext:Torque>20</ext:Torque></ext:TPX></Extensions></Trackpoint><Trackpoint><Time>2025-09-14T10:44:49.509Z</Time><DistanceMeters>1340.852657847039</DistanceMeters><HeartRateBpm><Value>112</Value></HeartRateBpm><Cadence>26</Cadence><Extensions><ext:TPX><ext:Watts>42.42424242424242</ext:Watts><ext:Torque>20</ext:Torque></ext:TPX></Extensions></Trackpoint><Trackpoint><Time>2025-09-14T10:44:50.699Z</Time><DistanceMeters>1344.2249670153547</DistanceMeters><HeartRateBpm><Value>113</Value></HeartRateBpm><Cadence>25</Cadence><Extensions><ext:TPX><ext:Watts>41.35294117647059</ext:Watts><ext:Torque>20</ext:Torque></ext:TPX></Extensions></Trackpoint><Trackpoint><Time>2025-09-14T10:44:51.859Z</Time><DistanceMeters>1347.4684106257707</DistanceMeters><HeartRateBpm><Value>113</Value></HeartRateBpm><Cadence>26</Cadence><Extensions><ext:TPX><ext:Watts>41.36363636363637</ext:Watts><ext:Torque>20</ext:Torque></ext:TPX></Extensions></Trackpoint><Trackpoint><Time>2025-09-14T10:44:53.049Z</Time><DistanceMeters>1350.8623064103842</DistanceMeters><HeartRateBpm><Value>114</Value></HeartRateBpm><Cadence>25</Cadence><Extensions><ext:TPX><ext:Watts>41.61764705882353</ext:Watts><ext:Torque>20</ext:Torque></ext:TPX></Extensions></Trackpoint><Trackpoint><Time>2025-09-14T10:44:54.239Z</Time><DistanceMeters>1354.1698557298062</DistanceMeters><HeartRateBpm><Value>114</Value></HeartRateBpm><Cadence>25</Cadence><Extensions><ext:TPX><ext:Watts>40.55882352941177</ext:Watts><ext:Torque>20</ext:Torque></ext:TPX></Extensions></Trackpoint><Trackpoint><Time>2025-09-14T10:44:55.429Z</Time><DistanceMeters>1357.496593152604</DistanceMeters><HeartRateBpm><Value>115</Value></HeartRateBpm><Cadence>25</Cadence><Extensions><ext:TPX><ext:Watts>40.794117647058826</ext:Watts><ext:Torque>20</ext:Torque></ext:TPX></Extensions></Trackpoint><Trackpoint><Time>2025-09-14T10:44:56.584Z</Time><DistanceMeters>1360.858844221277</DistanceMeters><HeartRateBpm><Value>115</Value></HeartRateBpm><Cadence>26</Cadence><Extensions><ext:TPX><ext:Watts>42.878787878787875</ext:Watts><ext:Torque>20</ext:Torque></ext:TPX></Extensions></Trackpoint><Trackpoint><Time>2025-09-14T10:44:57.810Z</Time><DistanceMeters>1364.075648636359</DistanceMeters><HeartRateBpm><Value>116</Value></HeartRateBpm><Cadence>24</Cadence><Extensions><ext:TPX><ext:Watts>38.65714285714286</ext:Watts><ext:Torque>20</ext:Torque></ext:TPX></Extensions></Trackpoint><Trackpoint><Time>2025-09-14T10:44:58.964Z</Time><DistanceMeters>1367.302459202619</DistanceMeters><HeartRateBpm><Value>116</Value></HeartRateBpm><Cadence>26</Cadence><Extensions><ext:TPX><ext:Watts>41.15151515151515</ext:Watts><ext:Torque>20</ext:Torque></ext:TPX></Extensions></Trackpoint><Trackpoint><Time>2025-09-14T10:45:00.154Z</Time><DistanceMeters>1370.5596397506793</DistanceMeters><HeartRateBpm><Value>116</Value></HeartRateBpm><Cadence>25</Cadence><Extensions><ext:TPX><ext:Watts>39.94117647058823</ext:Watts><ext:Torque>20</ext:Torque></ext:TPX></Extensions></Trackpoint><Trackpoint><Time>2025-09-14T10:45:01.349Z</Time><DistanceMeters>1373.891174199321</DistanceMeters><HeartRateBpm><Value>116</Value></HeartRateBpm><Cadence>25</Cadence><Extensions><ext:TPX><ext:Watts>40.85294117647059</ext:Watts><ext:Torque>20</ext:Torque></ext:TPX></Extensions></Trackpoint><Trackpoint><Time>2025-09-14T10:45:02.539Z</Time><DistanceMeters>1377.1531517732253</DistanceMeters><HeartRateBpm><Value>116</Value></HeartRateBpm><Cadence>25</Cadence><Extensions><ext:TPX><ext:Watts>40.0</ext:Watts><ext:Torque>20</ext:Torque></ext:TPX></Extensions></Trackpoint><Trackpoint><Time>2025-09-14T10:45:03.729Z</Time><DistanceMeters>1380.3551665240798</DistanceMeters><HeartRateBpm><Value>116</Value></HeartRateBpm><Cadence>25</Cadence><Extensions><ext:TPX><ext:Watts>39.26470588235294</ext:Watts><ext:Torque>20</ext:Torque></ext:TPX></Extensions></Trackpoint><Trackpoint><Time>2025-09-14T10:45:04.919Z</Time><DistanceMeters>1383.621941123828</DistanceMeters><HeartRateBpm><Value>116</Value></HeartRateBpm><Cadence>25</Cadence><Extensions><ext:TPX><ext:Watts>40.05882352941177</ext:Watts><ext:Torque>20</ext:Torque></ext:TPX></Extensions></Trackpoint><Trackpoint><Time>2025-09-14T10:45:06.109Z</Time><DistanceMeters>1386.951077059548</DistanceMeters><HeartRateBpm><Value>116</Value></HeartRateBpm><Cadence>25</Cadence><Extensions><ext:TPX><ext:Watts>40.8235294117647</ext:Watts><ext:Torque>20</ext:Torque></ext:TPX></Extensions></Trackpoint><Trackpoint><Time>2025-09-14T10:45:07.264Z</Time><DistanceMeters>1390.4582732272945</DistanceMeters><HeartRateBpm><Value>116</Value></HeartRateBpm><Cadence>26</Cadence><Extensions><ext:TPX><ext:Watts>44.72727272727273</ext:Watts><ext:Torque>20</ext:Torque></ext:TPX></Extensions></Trackpoint><Trackpoint><Time>2025-09-14T10:45:08.454Z</Time><DistanceMeters>1394.089621791185</DistanceMeters><HeartRateBpm><Value>115</Value></HeartRateBpm><Cadence>25</Cadence><Extensions><ext:TPX><ext:Watts>44.529411764705884</ext:Watts><ext:Torque>20</ext:Torque></ext:TPX></Extensions></Trackpoint><Trackpoint><Time>2025-09-14T10:45:09.644Z</Time><DistanceMeters>1397.6466164544938</DistanceMeters><HeartRateBpm><Value>115</Value></HeartRateBpm><Cadence>25</Cadence><Extensions><ext:TPX><ext:Watts>43.61764705882353</ext:Watts><ext:Torque>20</ext:Torque></ext:TPX></Extensions></Trackpoint><Trackpoint><Time>2025-09-14T10:45:10.799Z</Time><DistanceMeters>1401.1585649205708</DistanceMeters><HeartRateBpm><Value>114</Value></HeartRateBpm><Cadence>26</Cadence><Extensions><ext:TPX><ext:Watts>44.78787878787879</ext:Watts><ext:Torque>20</ext:Torque></ext:TPX></Extensions></Trackpoint><Trackpoint><Time>2025-09-14T10:45:11.954Z</Time><DistanceMeters>1404.7014033257944</DistanceMeters><HeartRateBpm><Value>114</Value></HeartRateBpm><Cadence>26</Cadence><Extensions><ext:TPX><ext:Watts>45.18181818181818</ext:Watts><ext:Torque>20</ext:Torque></ext:TPX></Extensions></Trackpoint><Trackpoint><Time>2025-09-14T10:45:13.074Z</Time><DistanceMeters>1408.240875519701</DistanceMeters><HeartRateBpm><Value>114</Value></HeartRateBpm><Cadence>27</Cadence><Extensions><ext:TPX><ext:Watts>46.875</ext:Watts><ext:Torque>20</ext:Torque></ext:TPX></Extensions></Trackpoint><Trackpoint><Time>2025-09-14T10:45:14.199Z</Time><DistanceMeters>1411.8351093588715</DistanceMeters><HeartRateBpm><Value>113</Value></HeartRateBpm><Cadence>26</Cadence><Extensions><ext:TPX><ext:Watts>46.71875</ext:Watts><ext:Torque>20</ext:Torque></ext:TPX></Extensions></Trackpoint><Trackpoint><Time>2025-09-14T10:45:15.354Z</Time><DistanceMeters>1415.3518101232787</DistanceMeters><HeartRateBpm><Value>113</Value></HeartRateBpm><Cadence>26</Cadence><Extensions><ext:TPX><ext:Watts>44.84848484848485</ext:Watts><ext:Torque>20</ext:Torque></ext:TPX></Extensions></Trackpoint><Trackpoint><Time>2025-09-14T10:45:16.474Z</Time><DistanceMeters>1418.8936419653144</DistanceMeters><HeartRateBpm><Value>113</Value></HeartRateBpm><Cadence>27</Cadence><Extensions><ext:TPX><ext:Watts>46.90625</ext:Watts><ext:Torque>20</ext:Torque></ext:TPX></Extensions></Trackpoint><Trackpoint><Time>2025-09-14T10:45:17.629Z</Time><DistanceMeters>1422.5172694421528</DistanceMeters><HeartRateBpm><Value>113</Value></HeartRateBpm><Cadence>26</Cadence><Extensions><ext:TPX><ext:Watts>46.21212121212121</ext:Watts><ext:Torque>20</ext:Torque></ext:TPX></Extensions></Trackpoint><Trackpoint><Time>2025-09-14T10:45:18.784Z</Time><DistanceMeters>1425.9603095824407</DistanceMeters><HeartRateBpm><Value>113</Value></HeartRateBpm><Cadence>26</Cadence><Extensions><ext:TPX><ext:Watts>43.90909090909091</ext:Watts><ext:Torque>20</ext:Torque></ext:TPX></Extensions></Trackpoint><Trackpoint><Time>2025-09-14T10:45:19.939Z</Time><DistanceMeters>1429.308303756123</DistanceMeters><HeartRateBpm><Value>113</Value></HeartRateBpm><Cadence>26</Cadence><Extensions><ext:TPX><ext:Watts>42.696969696969695</ext:Watts><ext:Torque>20</ext:Torque></ext:TPX></Extensions></Trackpoint><Trackpoint><Time>2025-09-14T10:45:21.129Z</Time><DistanceMeters>1432.6902069761265</DistanceMeters><HeartRateBpm><Value>114</Value></HeartRateBpm><Cadence>25</Cadence><Extensions><ext:TPX><ext:Watts>41.470588235294116</ext:Watts><ext:Torque>20</ext:Torque></ext:TPX></Extensions></Trackpoint><Trackpoint><Time>2025-09-14T10:45:22.319Z</Time><DistanceMeters>1435.9953577826266</DistanceMeters><HeartRateBpm><Value>114</Value></HeartRateBpm><Cadence>25</Cadence><Extensions><ext:TPX><ext:Watts>40.529411764705884</ext:Watts><ext:Torque>20</ext:Torque></ext:TPX></Extensions></Trackpoint><Trackpoint><Time>2025-09-14T10:45:23.474Z</Time><DistanceMeters>1439.2696913321895</DistanceMeters><HeartRateBpm><Value>114</Value></HeartRateBpm><Cadence>26</Cadence><Extensions><ext:TPX><ext:Watts>41.75757575757576</ext:Watts><ext:Torque>20</ext:Torque></ext:TPX></Extensions></Trackpoint><Trackpoint><Time>2025-09-14T10:45:24.664Z</Time><DistanceMeters>1442.5460599836256</DistanceMeters><HeartRateBpm><Value>115</Value></HeartRateBpm><Cadence>25</Cadence><Extensions><ext:TPX><ext:Watts>40.1764705882353</ext:Watts><ext:Torque>20</ext:Torque></ext:TPX></Extensions></Trackpoint><Trackpoint><Time>2025-09-14T10:45:25.854Z</Time><DistanceMeters>1445.6833148855865</DistanceMeters><HeartRateBpm><Value>115</Value></HeartRateBpm><Cadence>25</Cadence><Extensions><ext:TPX><ext:Watts>38.470588235294116</ext:Watts><ext:Torque>20</ext:Torque></ext:TPX></Extensions></Trackpoint><Trackpoint><Time>2025-09-14T10:45:26.974Z</Time><DistanceMeters>1448.7131030835703</DistanceMeters><HeartRateBpm><Value>116</Value></HeartRateBpm><Cadence>27</Cadence><Extensions><ext:TPX><ext:Watts>40.125</ext:Watts><ext:Torque>20</ext:Torque></ext:TPX></Extensions></Trackpoint><Trackpoint><Time>2025-09-14T10:45:28.129Z</Time><DistanceMeters>1451.8733814732066</DistanceMeters><HeartRateBpm><Value>116</Value></HeartRateBpm><Cadence>26</Cadence><Extensions><ext:TPX><ext:Watts>40.303030303030305</ext:Watts><ext:Torque>20</ext:Torque></ext:TPX></Extensions></Trackpoint><Trackpoint><Time>2025-09-14T10:45:29.284Z</Time><DistanceMeters>1455.123953531118</DistanceMeters><HeartRateBpm><Value>116</Value></HeartRateBpm><Cadence>26</Cadence><Extensions><ext:TPX><ext:Watts>41.45454545454545</ext:Watts><ext:Torque>20</ext:Torque></ext:TPX></Extensions></Trackpoint><Trackpoint><Time>2025-09-14T10:45:30.409Z</Time><DistanceMeters>1458.4561328629513</DistanceMeters><HeartRateBpm><Value>117</Value></HeartRateBpm><Cadence>26</Cadence><Extensions><ext:TPX><ext:Watts>43.3125</ext:Watts><ext:Torque>20</ext:Torque></ext:TPX></Extensions></Trackpoint><Trackpoint><Time>2025-09-14T10:45:31.529Z</Time><DistanceMeters>1461.771438484577</DistanceMeters><HeartRateBpm><Value>117</Value></HeartRateBpm><Cadence>27</Cadence><Extensions><ext:TPX><ext:Watts>43.90625</ext:Watts><ext:Torque>20</ext:Torque></ext:TPX></Extensions></Trackpoint><Trackpoint><Time>2025-09-14T10:45:32.684Z</Time><DistanceMeters>1465.1717079398923</DistanceMeters><HeartRateBpm><Value>117</Value></HeartRateBpm><Cadence>26</Cadence><Extensions><ext:TPX><ext:Watts>43.36363636363637</ext:Watts><ext:Torque>20</ext:Torque></ext:TPX></Extensions></Trackpoint><Trackpoint><Time>2025-09-14T10:45:33.804Z</Time><DistanceMeters>1468.590838079206</DistanceMeters><HeartRateBpm><Value>118</Value></HeartRateBpm><Cadence>27</Cadence><Extensions><ext:TPX><ext:Watts>45.28125</ext:Watts><ext:Torque>20</ext:Torque></ext:TPX></Extensions></Trackpoint><Trackpoint><Time>2025-09-14T10:45:34.959Z</Time><DistanceMeters>1471.8723000762643</DistanceMeters><HeartRateBpm><Value>118</Value></HeartRateBpm><Cadence>26</Cadence><Extensions><ext:TPX><ext:Watts>41.84848484848485</ext:Watts><ext:Torque>20</ext:Torque></ext:TPX></Extensions></Trackpoint><Trackpoint><Time>2025-09-14T10:45:36.119Z</Time><DistanceMeters>1475.2892025757355</DistanceMeters><HeartRateBpm><Value>118</Value></HeartRateBpm><Cadence>26</Cadence><Extensions><ext:TPX><ext:Watts>43.57575757575758</ext:Watts><ext:Torque>20</ext:Torque></ext:TPX></Extensions></Trackpoint><Trackpoint><Time>2025-09-14T10:45:37.314Z</Time><DistanceMeters>1478.7262715929448</DistanceMeters><HeartRateBpm><Value>119</Value></HeartRateBpm><Cadence>25</Cadence><Extensions><ext:TPX><ext:Watts>42.14705882352941</ext:Watts><ext:Torque>20</ext:Torque></ext:TPX></Extensions></Trackpoint><Trackpoint><Time>2025-09-14T10:45:38.469Z</Time><DistanceMeters>1482.259605401508</DistanceMeters><HeartRateBpm><Value>119</Value></HeartRateBpm><Cadence>26</Cadence><Extensions><ext:TPX><ext:Watts>45.06060606060606</ext:Watts><ext:Torque>20</ext:Torque></ext:TPX></Extensions></Trackpoint><Trackpoint><Time>2025-09-14T10:45:39.624Z</Time><DistanceMeters>1485.8119484033923</DistanceMeters><HeartRateBpm><Value>120</Value></HeartRateBpm><Cadence>26</Cadence><Extensions><ext:TPX><ext:Watts>45.303030303030305</ext:Watts><ext:Torque>20</ext:Torque></ext:TPX></Extensions></Trackpoint><Trackpoint><Time>2025-09-14T10:45:40.744Z</Time><DistanceMeters>1489.2971486903255</DistanceMeters><HeartRateBpm><Value>120</Value></HeartRateBpm><Cadence>27</Cadence><Extensions><ext:TPX><ext:Watts>46.15625</ext:Watts><ext:Torque>20</ext:Torque></ext:TPX></Extensions></Trackpoint><Trackpoint><Time>2025-09-14T10:45:41.934Z</Time><DistanceMeters>1492.9452868446697</DistanceMeters><HeartRateBpm><Value>120</Value></HeartRateBpm><Cadence>25</Cadence><Extensions><ext:TPX><ext:Watts>44.73529411764706</ext:Watts><ext:Torque>20</ext:Torque></ext:TPX></Extensions></Trackpoint><Trackpoint><Time>2025-09-14T10:45:43.054Z</Time><DistanceMeters>1496.6806098333057</DistanceMeters><HeartRateBpm><Value>121</Value></HeartRateBpm><Cadence>27</Cadence><Extensions><ext:TPX><ext:Watts>49.46875</ext:Watts><ext:Torque>20</ext:Torque></ext:TPX></Extensions></Trackpoint><Trackpoint><Time>2025-09-14T10:45:44.139Z</Time><DistanceMeters>1500.4782787389947</DistanceMeters><HeartRateBpm><Value>121</Value></HeartRateBpm><Cadence>28</Cadence><Extensions><ext:TPX><ext:Watts>51.225806451612904</ext:Watts><ext:Torque>20</ext:Torque></ext:TPX></Extensions></Trackpoint><Trackpoint><Time>2025-09-14T10:45:45.294Z</Time><DistanceMeters>1504.2991265965397</DistanceMeters><HeartRateBpm><Value>122</Value></HeartRateBpm><Cadence>26</Cadence><Extensions><ext:TPX><ext:Watts>48.72727272727273</ext:Watts><ext:Torque>20</ext:Torque></ext:TPX></Extensions></Trackpoint><Trackpoint><Time>2025-09-14T10:45:46.380Z</Time><DistanceMeters>1508.056140356513</DistanceMeters><HeartRateBpm><Value>122</Value></HeartRateBpm><Cadence>28</Cadence><Extensions><ext:TPX><ext:Watts>50.67741935483871</ext:Watts><ext:Torque>20</ext:Torque></ext:TPX></Extensions></Trackpoint><Trackpoint><Time>2025-09-14T10:45:47.534Z</Time><DistanceMeters>1511.8128321865993</DistanceMeters><HeartRateBpm><Value>123</Value></HeartRateBpm><Cadence>26</Cadence><Extensions><ext:TPX><ext:Watts>47.90909090909091</ext:Watts><ext:Torque>20</ext:Torque></ext:TPX></Extensions></Trackpoint><Trackpoint><Time>2025-09-14T10:45:48.620Z</Time><DistanceMeters>1515.5578885507737</DistanceMeters><HeartRateBpm><Value>123</Value></HeartRateBpm><Cadence>28</Cadence><Extensions><ext:TPX><ext:Watts>50.516129032258064</ext:Watts><ext:Torque>20</ext:Torque></ext:TPX></Extensions></Trackpoint><Trackpoint><Time>2025-09-14T10:45:49.740Z</Time><DistanceMeters>1519.2837729468924</DistanceMeters><HeartRateBpm><Value>123</Value></HeartRateBpm><Cadence>27</Cadence><Extensions><ext:TPX><ext:Watts>49.34375</ext:Watts><ext:Torque>20</ext:Torque></ext:TPX></Extensions></Trackpoint><Trackpoint><Time>2025-09-14T10:45:50.864Z</Time><DistanceMeters>1522.991002766291</DistanceMeters><HeartRateBpm><Value>124</Value></HeartRateBpm><Cadence>26</Cadence><Extensions><ext:TPX><ext:Watts>48.1875</ext:Watts><ext:Torque>20</ext:Torque></ext:TPX></Extensions></Trackpoint><Trackpoint><Time>2025-09-14T10:45:52.020Z</Time><DistanceMeters>1526.7714560880288</DistanceMeters><HeartRateBpm><Value>124</Value></HeartRateBpm><Cadence>26</Cadence><Extensions><ext:TPX><ext:Watts>48.21212121212121</ext:Watts><ext:Torque>20</ext:Torque></ext:TPX></Extensions></Trackpoint><Trackpoint><Time>2025-09-14T10:45:53.140Z</Time><DistanceMeters>1530.622401834999</DistanceMeters><HeartRateBpm><Value>124</Value></HeartRateBpm><Cadence>27</Cadence><Extensions><ext:TPX><ext:Watts>51.0</ext:Watts><ext:Torque>20</ext:Torque></ext:TPX></Extensions></Trackpoint><Trackpoint><Time>2025-09-14T10:45:54.294Z</Time><DistanceMeters>1534.3101853392961</DistanceMeters><HeartRateBpm><Value>124</Value></HeartRateBpm><Cadence>26</Cadence><Extensions><ext:TPX><ext:Watts>47.03030303030303</ext:Watts><ext:Torque>20</ext:Torque></ext:TPX></Extensions></Trackpoint><Trackpoint><Time>2025-09-14T10:45:55.415Z</Time><DistanceMeters>1538.1800082713005</DistanceMeters><HeartRateBpm><Value>124</Value></HeartRateBpm><Cadence>27</Cadence><Extensions><ext:TPX><ext:Watts>51.25</ext:Watts><ext:Torque>20</ext:Torque></ext:TPX></Extensions></Trackpoint><Trackpoint><Time>2025-09-14T10:45:56.604Z</Time><DistanceMeters>1542.2478861869927</DistanceMeters><HeartRateBpm><Value>125</Value></HeartRateBpm><Cadence>25</Cadence><Extensions><ext:TPX><ext:Watts>49.88235294117647</ext:Watts><ext:Torque>20</ext:Torque></ext:TPX></Extensions></Trackpoint><Trackpoint><Time>2025-09-14T10:45:57.760Z</Time><DistanceMeters>1545.9451742879505</DistanceMeters><HeartRateBpm><Value>125</Value></HeartRateBpm><Cadence>26</Cadence><Extensions><ext:TPX><ext:Watts>47.15151515151515</ext:Watts><ext:Torque>20</ext:Torque></ext:TPX></Extensions></Trackpoint><Trackpoint><Time>2025-09-14T10:45:58.920Z</Time><DistanceMeters>1549.8681965595968</DistanceMeters><HeartRateBpm><Value>125</Value></HeartRateBpm><Cadence>26</Cadence><Extensions><ext:TPX><ext:Watts>50.03030303030303</ext:Watts><ext:Torque>20</ext:Torque></ext:TPX></Extensions></Trackpoint><Trackpoint><Time>2025-09-14T10:46:00.074Z</Time><DistanceMeters>1553.7484481462704</DistanceMeters><HeartRateBpm><Value>125</Value></HeartRateBpm><Cadence>26</Cadence><Extensions><ext:TPX><ext:Watts>49.484848484848484</ext:Watts><ext:Torque>20</ext:Torque></ext:TPX></Extensions></Trackpoint><Trackpoint><Time>2025-09-14T10:46:01.229Z</Time><DistanceMeters>1557.6667181195862</DistanceMeters><HeartRateBpm><Value>125</Value></HeartRateBpm><Cadence>26</Cadence><Extensions><ext:TPX><ext:Watts>49.96969696969697</ext:Watts><ext:Torque>20</ext:Torque></ext:TPX></Extensions></Trackpoint><Trackpoint><Time>2025-09-14T10:46:02.384Z</Time><DistanceMeters>1561.499446722957</DistanceMeters><HeartRateBpm><Value>125</Value></HeartRateBpm><Cadence>26</Cadence><Extensions><ext:TPX><ext:Watts>48.878787878787875</ext:Watts><ext:Torque>20</ext:Torque></ext:TPX></Extensions></Trackpoint><Trackpoint><Time>2025-09-14T10:46:03.540Z</Time><DistanceMeters>1565.5270195578692</DistanceMeters><HeartRateBpm><Value>124</Value></HeartRateBpm><Cadence>26</Cadence><Extensions><ext:TPX><ext:Watts>51.36363636363637</ext:Watts><ext:Torque>20</ext:Torque></ext:TPX></Extensions></Trackpoint><Trackpoint><Time>2025-09-14T10:46:04.660Z</Time><DistanceMeters>1569.4817898225274</DistanceMeters><HeartRateBpm><Value>124</Value></HeartRateBpm><Cadence>27</Cadence><Extensions><ext:TPX><ext:Watts>52.375</ext:Watts><ext:Torque>20</ext:Torque></ext:TPX></Extensions></Trackpoint><Trackpoint><Time>2025-09-14T10:46:05.780Z</Time><DistanceMeters>1573.4224021984098</DistanceMeters><HeartRateBpm><Value>124</Value></HeartRateBpm><Cadence>27</Cadence><Extensions><ext:TPX><ext:Watts>52.1875</ext:Watts><ext:Torque>20</ext:Torque></ext:TPX></Extensions></Trackpoint><Trackpoint><Time>2025-09-14T10:46:06.900Z</Time><DistanceMeters>1577.551786424634</DistanceMeters><HeartRateBpm><Value>124</Value></HeartRateBpm><Cadence>27</Cadence><Extensions><ext:TPX><ext:Watts>54.6875</ext:Watts><ext:Torque>20</ext:Torque></ext:TPX></Extensions></Trackpoint><Trackpoint><Time>2025-09-14T10:46:08.025Z</Time><DistanceMeters>1581.732637693074</DistanceMeters><HeartRateBpm><Value>124</Value></HeartRateBpm><Cadence>26</Cadence><Extensions><ext:TPX><ext:Watts>54.34375</ext:Watts><ext:Torque>20</ext:Torque></ext:TPX></Extensions></Trackpoint><Trackpoint><Time>2025-09-14T10:46:09.144Z</Time><DistanceMeters>1585.7888728272908</DistanceMeters><HeartRateBpm><Value>124</Value></HeartRateBpm><Cadence>27</Cadence><Extensions><ext:TPX><ext:Watts>53.71875</ext:Watts><ext:Torque>20</ext:Torque></ext:TPX></Extensions></Trackpoint><Trackpoint><Time>2025-09-14T10:46:10.230Z</Time><DistanceMeters>1589.9763528360197</DistanceMeters><HeartRateBpm><Value>124</Value></HeartRateBpm><Cadence>28</Cadence><Extensions><ext:TPX><ext:Watts>56.483870967741936</ext:Watts><ext:Torque>20</ext:Torque></ext:TPX></Extensions></Trackpoint><Trackpoint><Time>2025-09-14T10:46:11.350Z</Time><DistanceMeters>1594.1434914323122</DistanceMeters><HeartRateBpm><Value>124</Value></HeartRateBpm><Cadence>27</Cadence><Extensions><ext:TPX><ext:Watts>55.1875</ext:Watts><ext:Torque>20</ext:Torque></ext:TPX></Extensions></Trackpoint><Trackpoint><Time>2025-09-14T10:46:12.435Z</Time><DistanceMeters>1598.2281378371717</DistanceMeters><HeartRateBpm><Value>124</Value></HeartRateBpm><Cadence>28</Cadence><Extensions><ext:TPX><ext:Watts>55.096774193548384</ext:Watts><ext:Torque>20</ext:Torque></ext:TPX></Extensions></Trackpoint><Trackpoint><Time>2025-09-14T10:46:13.520Z</Time><DistanceMeters>1602.5160599706103</DistanceMeters><HeartRateBpm><Value>125</Value></HeartRateBpm><Cadence>28</Cadence><Extensions><ext:TPX><ext:Watts>57.83870967741935</ext:Watts><ext:Torque>20</ext:Torque></ext:TPX></Extensions></Trackpoint><Trackpoint><Time>2025-09-14T10:46:14.570Z</Time><DistanceMeters>1606.7747529143185</DistanceMeters><HeartRateBpm><Value>125</Value></HeartRateBpm><Cadence>28</Cadence><Extensions><ext:TPX><ext:Watts>59.53333333333333</ext:Watts><ext:Torque>20</ext:Torque></ext:TPX></Extensions></Trackpoint><Trackpoint><Time>2025-09-14T10:46:15.620Z</Time><DistanceMeters>1611.1574391576196</DistanceMeters><HeartRateBpm><Value>125</Value></HeartRateBpm><Cadence>28</Cadence><Extensions><ext:TPX><ext:Watts>61.266666666666666</ext:Watts><ext:Torque>20</ext:Torque></ext:TPX></Extensions></Trackpoint><Trackpoint><Time>2025-09-14T10:46:16.705Z</Time><DistanceMeters>1615.4525357285374</DistanceMeters><HeartRateBpm><Value>125</Value></HeartRateBpm><Cadence>28</Cadence><Extensions><ext:TPX><ext:Watts>57.935483870967744</ext:Watts><ext:Torque>20</ext:Torque></ext:TPX></Extensions></Trackpoint><Trackpoint><Time>2025-09-14T10:46:17.760Z</Time><DistanceMeters>1619.844759917961</DistanceMeters><HeartRateBpm><Value>125</Value></HeartRateBpm><Cadence>28</Cadence><Extensions><ext:TPX><ext:Watts>61.4</ext:Watts><ext:Torque>20</ext:Torque></ext:TPX></Extensions></Trackpoint><Trackpoint><Time>2025-09-14T10:46:18.810Z</Time><DistanceMeters>1624.1201442673837</DistanceMeters><HeartRateBpm><Value>125</Value></HeartRateBpm><Cadence>28</Cadence><Extensions><ext:TPX><ext:Watts>59.766666666666666</ext:Watts><ext:Torque>20</ext:Torque></ext:TPX></Extensions></Trackpoint><Trackpoint><Time>2025-09-14T10:46:19.895Z</Time><DistanceMeters>1628.420023796621</DistanceMeters><HeartRateBpm><Value>126</Value></HeartRateBpm><Cadence>28</Cadence><Extensions><ext:TPX><ext:Watts>58.0</ext:Watts><ext:Torque>20</ext:Torque></ext:TPX></Extensions></Trackpoint><Trackpoint><Time>2025-09-14T10:46:20.945Z</Time><DistanceMeters>1632.7168685248193</DistanceMeters><HeartRateBpm><Value>126</Value></HeartRateBpm><Cadence>28</Cadence><Extensions><ext:TPX><ext:Watts>60.06666666666667</ext:Watts><ext:Torque>20</ext:Torque></ext:TPX></Extensions></Trackpoint><Trackpoint><Time>2025-09-14T10:46:21.995Z</Time><DistanceMeters>1637.0518650375077</DistanceMeters><HeartRateBpm><Value>126</Value></HeartRateBpm><Cadence>28</Cadence><Extensions><ext:TPX><ext:Watts>60.6</ext:Watts><ext:Torque>20</ext:Torque></ext:TPX></Extensions></Trackpoint><Trackpoint><Time>2025-09-14T10:46:23.080Z</Time><DistanceMeters>1641.449795212295</DistanceMeters><HeartRateBpm><Value>127</Value></HeartRateBpm><Cadence>28</Cadence><Extensions><ext:TPX><ext:Watts>59.32258064516129</ext:Watts><ext:Torque>20</ext:Torque></ext:TPX></Extensions></Trackpoint><Trackpoint><Time>2025-09-14T10:46:24.165Z</Time><DistanceMeters>1645.732934387414</DistanceMeters><HeartRateBpm><Value>127</Value></HeartRateBpm><Cadence>28</Cadence><Extensions><ext:TPX><ext:Watts>57.774193548387096</ext:Watts><ext:Torque>20</ext:Torque></ext:TPX></Extensions></Trackpoint><Trackpoint><Time>2025-09-14T10:46:25.215Z</Time><DistanceMeters>1649.9010168429581</DistanceMeters><HeartRateBpm><Value>128</Value></HeartRateBpm><Cadence>28</Cadence><Extensions><ext:TPX><ext:Watts>58.266666666666666</ext:Watts><ext:Torque>20</ext:Torque></ext:TPX></Extensions></Trackpoint><Trackpoint><Time>2025-09-14T10:46:26.265Z</Time><DistanceMeters>1654.1263269752376</DistanceMeters><HeartRateBpm><Value>128</Value></HeartRateBpm><Cadence>28</Cadence><Extensions><ext:TPX><ext:Watts>59.06666666666667</ext:Watts><ext:Torque>20</ext:Torque></ext:TPX></Extensions></Trackpoint><Trackpoint><Time>2025-09-14T10:46:27.350Z</Time><DistanceMeters>1658.2779347965702</DistanceMeters><HeartRateBpm><Value>128</Value></HeartRateBpm><Cadence>28</Cadence><Extensions><ext:TPX><ext:Watts>56.0</ext:Watts><ext:Torque>20</ext:Torque></ext:TPX></Extensions></Trackpoint><Trackpoint><Time>2025-09-14T10:46:28.435Z</Time><DistanceMeters>1662.4941125552161</DistanceMeters><HeartRateBpm><Value>129</Value></HeartRateBpm><Cadence>28</Cadence><Extensions><ext:TPX><ext:Watts>56.87096774193548</ext:Watts><ext:Torque>20</ext:Torque></ext:TPX></Extensions></Trackpoint><Trackpoint><Time>2025-09-14T10:46:29.490Z</Time><DistanceMeters>1666.6455036050459</DistanceMeters><HeartRateBpm><Value>129</Value></HeartRateBpm><Cadence>28</Cadence><Extensions><ext:TPX><ext:Watts>58.03333333333333</ext:Watts><ext:Torque>20</ext:Torque></ext:TPX></Extensions></Trackpoint><Trackpoint><Time>2025-09-14T10:46:30.575Z</Time><DistanceMeters>1670.8999450302479</DistanceMeters><HeartRateBpm><Value>130</Value></HeartRateBpm><Cadence>28</Cadence><Extensions><ext:TPX><ext:Watts>57.38709677419355</ext:Watts><ext:Torque>20</ext:Torque></ext:TPX></Extensions></Trackpoint><Trackpoint><Time>2025-09-14T10:46:31.660Z</Time><DistanceMeters>1675.104165393095</DistanceMeters><HeartRateBpm><Value>130</Value></HeartRateBpm><Cadence>28</Cadence><Extensions><ext:TPX><ext:Watts>56.70967741935484</ext:Watts><ext:Torque>20</ext:Torque></ext:TPX></Extensions></Trackpoint><Trackpoint><Time>2025-09-14T10:46:32.745Z</Time><DistanceMeters>1679.2820794851848</DistanceMeters><HeartRateBpm><Value>131</Value></HeartRateBpm><Cadence>28</Cadence><Extensions><ext:TPX><ext:Watts>56.354838709677416</ext:Watts><ext:Torque>20</ext:Torque></ext:TPX></Extensions></Trackpoint><Trackpoint><Time>2025-09-14T10:46:33.830Z</Time><DistanceMeters>1683.3571599734053</DistanceMeters><HeartRateBpm><Value>131</Value></HeartRateBpm><Cadence>28</Cadence><Extensions><ext:TPX><ext:Watts>54.96774193548387</ext:Watts><ext:Torque>20</ext:Torque></ext:TPX></Extensions></Trackpoint><Trackpoint><Time>2025-09-14T10:46:34.915Z</Time><DistanceMeters>1687.4441978574246</DistanceMeters><HeartRateBpm><Value>131</Value></HeartRateBpm><Cadence>28</Cadence><Extensions><ext:TPX><ext:Watts>55.12903225806452</ext:Watts><ext:Torque>20</ext:Torque></ext:TPX></Extensions></Trackpoint><Trackpoint><Time>2025-09-14T10:46:36.000Z</Time><DistanceMeters>1691.5886312412779</DistanceMeters><HeartRateBpm><Value>131</Value></HeartRateBpm><Cadence>28</Cadence><Extensions><ext:TPX><ext:Watts>55.903225806451616</ext:Watts><ext:Torque>20</ext:Torque></ext:TPX></Extensions></Trackpoint><Trackpoint><Time>2025-09-14T10:46:37.085Z</Time><DistanceMeters>1695.8980766871541</DistanceMeters><HeartRateBpm><Value>132</Value></HeartRateBpm><Cadence>28</Cadence><Extensions><ext:TPX><ext:Watts>58.12903225806452</ext:Watts><ext:Torque>20</ext:Torque></ext:TPX></Extensions></Trackpoint><Trackpoint><Time>2025-09-14T10:46:38.210Z</Time><DistanceMeters>1700.2592406900008</DistanceMeters><HeartRateBpm><Value>132</Value></HeartRateBpm><Cadence>26</Cadence><Extensions><ext:TPX><ext:Watts>56.6875</ext:Watts><ext:Torque>20</ext:Torque></ext:TPX></Extensions></Trackpoint><Trackpoint><Time>2025-09-14T10:46:39.330Z</Time><DistanceMeters>1704.4617740082324</DistanceMeters><HeartRateBpm><Value>132</Value></HeartRateBpm><Cadence>27</Cadence><Extensions><ext:TPX><ext:Watts>55.65625</ext:Watts><ext:Torque>20</ext:Torque></ext:TPX></Extensions></Trackpoint><Trackpoint><Time>2025-09-14T10:46:40.450Z</Time><DistanceMeters>1708.6359915489127</DistanceMeters><HeartRateBpm><Value>132</Value></HeartRateBpm><Cadence>27</Cadence><Extensions><ext:TPX><ext:Watts>55.28125</ext:Watts><ext:Torque>20</ext:Torque></ext:TPX></Extensions></Trackpoint><Trackpoint><Time>2025-09-14T10:46:41.570Z</Time><DistanceMeters>1712.826726626498</DistanceMeters><HeartRateBpm><Value>132</Value></HeartRateBpm><Cadence>27</Cadence><Extensions><ext:TPX><ext:Watts>55.5</ext:Watts><ext:Torque>20</ext:Torque></ext:TPX></Extensions></Trackpoint><Trackpoint><Time>2025-09-14T10:46:42.690Z</Time><DistanceMeters>1717.0033038153076</DistanceMeters><HeartRateBpm><Value>132</Value></HeartRateBpm><Cadence>27</Cadence><Extensions><ext:TPX><ext:Watts>55.3125</ext:Watts><ext:Torque>20</ext:Torque></ext:TPX></Extensions></Trackpoint><Trackpoint><Time>2025-09-14T10:46:43.810Z</Time><DistanceMeters>1721.0147056350684</DistanceMeters><HeartRateBpm><Value>132</Value></HeartRateBpm><Cadence>27</Cadence><Extensions><ext:TPX><ext:Watts>53.125</ext:Watts><ext:Torque>20</ext:Torque></ext:TPX></Extensions></Trackpoint><Trackpoint><Time>2025-09-14T10:46:44.895Z</Time><DistanceMeters>1725.1137009148863</DistanceMeters><HeartRateBpm><Value>132</Value></HeartRateBpm><Cadence>28</Cadence><Extensions><ext:TPX><ext:Watts>55.29032258064516</ext:Watts><ext:Torque>20</ext:Torque></ext:TPX></Extensions></Trackpoint><Trackpoint><Time>2025-09-14T10:46:45.985Z</Time><DistanceMeters>1729.2987894444555</DistanceMeters><HeartRateBpm><Value>133</Value></HeartRateBpm><Cadence>28</Cadence><Extensions><ext:TPX><ext:Watts>56.45161290322581</ext:Watts><ext:Torque>20</ext:Torque></ext:TPX></Extensions></Trackpoint><Trackpoint><Time>2025-09-14T10:46:47.035Z</Time><DistanceMeters>1733.6099410918375</DistanceMeters><HeartRateBpm><Value>133</Value></HeartRateBpm><Cadence>28</Cadence><Extensions><ext:TPX><ext:Watts>60.266666666666666</ext:Watts><ext:Torque>20</ext:Torque></ext:TPX></Extensions></Trackpoint><Trackpoint><Time>2025-09-14T10:46:48.085Z</Time><DistanceMeters>1737.775639060851</DistanceMeters><HeartRateBpm><Value>133</Value></HeartRateBpm><Cadence>28</Cadence><Extensions><ext:TPX><ext:Watts>58.233333333333334</ext:Watts><ext:Torque>20</ext:Torque></ext:TPX></Extensions></Trackpoint><Trackpoint><Time>2025-09-14T10:46:49.135Z</Time><DistanceMeters>1741.9747198412936</DistanceMeters><HeartRateBpm><Value>133</Value></HeartRateBpm><Cadence>28</Cadence><Extensions><ext:TPX><ext:Watts>58.7</ext:Watts><ext:Torque>20</ext:Torque></ext:TPX></Extensions></Trackpoint><Trackpoint><Time>2025-09-14T10:46:50.185Z</Time><DistanceMeters>1746.2667955964307</DistanceMeters><HeartRateBpm><Value>133</Value></HeartRateBpm><Cadence>28</Cadence><Extensions><ext:TPX><ext:Watts>60.0</ext:Watts><ext:Torque>20</ext:Torque></ext:TPX></Extensions></Trackpoint><Trackpoint><Time>2025-09-14T10:46:51.270Z</Time><DistanceMeters>1750.5236285007925</DistanceMeters><HeartRateBpm><Value>133</Value></HeartRateBpm><Cadence>28</Cadence><Extensions><ext:TPX><ext:Watts>57.41935483870968</ext:Watts><ext:Torque>20</ext:Torque></ext:TPX></Extensions></Trackpoint><Trackpoint><Time>2025-09-14T10:46:52.355Z</Time><DistanceMeters>1754.7302403427993</DistanceMeters><HeartRateBpm><Value>133</Value></HeartRateBpm><Cadence>28</Cadence><Extensions><ext:TPX><ext:Watts>56.74193548387097</ext:Watts><ext:Torque>20</ext:Torque></ext:TPX></Extensions></Trackpoint><Trackpoint><Time>2025-09-14T10:46:53.440Z</Time><DistanceMeters>1759.0683835385928</DistanceMeters><HeartRateBpm><Value>134</Value></HeartRateBpm><Cadence>28</Cadence><Extensions><ext:TPX><ext:Watts>58.516129032258064</ext:Watts><ext:Torque>20</ext:Torque></ext:TPX></Extensions></Trackpoint><Trackpoint><Time>2025-09-14T10:46:54.525Z</Time><DistanceMeters>1763.224774318245</DistanceMeters><HeartRateBpm><Value>135</Value></HeartRateBpm><Cadence>28</Cadence><Extensions><ext:TPX><ext:Watts>56.064516129032256</ext:Watts><ext:Torque>20</ext:Torque></ext:TPX></Extensions></Trackpoint><Trackpoint><Time>2025-09-14T10:46:55.575Z</Time><DistanceMeters>1767.4310085582792</DistanceMeters><HeartRateBpm><Value>135</Value></HeartRateBpm><Cadence>28</Cadence><Extensions><ext:TPX><ext:Watts>58.8</ext:Watts><ext:Torque>20</ext:Torque></ext:TPX></Extensions></Trackpoint><Trackpoint><Time>2025-09-14T10:46:56.695Z</Time><DistanceMeters>1771.7420856904573</DistanceMeters><HeartRateBpm><Value>136</Value></HeartRateBpm><Cadence>27</Cadence><Extensions><ext:TPX><ext:Watts>57.09375</ext:Watts><ext:Torque>20</ext:Torque></ext:TPX></Extensions></Trackpoint><Trackpoint><Time>2025-09-14T10:46:57.781Z</Time><DistanceMeters>1776.0443566988545</DistanceMeters><HeartRateBpm><Value>137</Value></HeartRateBpm><Cadence>28</Cadence><Extensions><ext:TPX><ext:Watts>58.03225806451613</ext:Watts><ext:Torque>20</ext:Torque></ext:TPX></Extensions></Trackpoint><Trackpoint><Time>2025-09-14T10:46:58.870Z</Time><DistanceMeters>1780.3585851030502</DistanceMeters><HeartRateBpm><Value>137</Value></HeartRateBpm><Cadence>28</Cadence><Extensions><ext:TPX><ext:Watts>58.193548387096776</ext:Watts><ext:Torque>20</ext:Torque></ext:TPX></Extensions></Trackpoint><Trackpoint><Time>2025-09-14T10:46:59.955Z</Time><DistanceMeters>1784.5173673618622</DistanceMeters><HeartRateBpm><Value>138</Value></HeartRateBpm><Cadence>28</Cadence><Extensions><ext:TPX><ext:Watts>56.096774193548384</ext:Watts><ext:Torque>20</ext:Torque></ext:TPX></Extensions></Trackpoint><Trackpoint><Time>2025-09-14T10:47:01.040Z</Time><DistanceMeters>1788.676149620674</DistanceMeters><HeartRateBpm><Value>138</Value></HeartRateBpm><Cadence>28</Cadence><Extensions><ext:TPX><ext:Watts>56.096774193548384</ext:Watts><ext:Torque>20</ext:Torque></ext:TPX></Extensions></Trackpoint><Trackpoint><Time>2025-09-14T10:47:02.125Z</Time><DistanceMeters>1792.8516722336042</DistanceMeters><HeartRateBpm><Value>139</Value></HeartRateBpm><Cadence>28</Cadence><Extensions><ext:TPX><ext:Watts>56.32258064516129</ext:Watts><ext:Torque>20</ext:Torque></ext:TPX></Extensions></Trackpoint><Trackpoint><Time>2025-09-14T10:47:03.245Z</Time><DistanceMeters>1797.056565199965</DistanceMeters><HeartRateBpm><Value>139</Value></HeartRateBpm><Cadence>27</Cadence><Extensions><ext:TPX><ext:Watts>55.6875</ext:Watts><ext:Torque>20</ext:Torque></ext:TPX></Extensions></Trackpoint><Trackpoint><Time>2025-09-14T10:47:04.370Z</Time><DistanceMeters>1801.3311790902965</DistanceMeters><HeartRateBpm><Value>140</Value></HeartRateBpm><Cadence>26</Cadence><Extensions><ext:TPX><ext:Watts>55.5625</ext:Watts><ext:Torque>20</ext:Torque></ext:TPX></Extensions></Trackpoint><Trackpoint><Time>2025-09-14T10:47:05.460Z</Time><DistanceMeters>1805.5951864321376</DistanceMeters><HeartRateBpm><Value>140</Value></HeartRateBpm><Cadence>28</Cadence><Extensions><ext:TPX><ext:Watts>57.516129032258064</ext:Watts><ext:Torque>20</ext:Torque></ext:TPX></Extensions></Trackpoint><Trackpoint><Time>2025-09-14T10:47:06.580Z</Time><DistanceMeters>1809.8897460274106</DistanceMeters><HeartRateBpm><Value>141</Value></HeartRateBpm><Cadence>27</Cadence><Extensions><ext:TPX><ext:Watts>56.875</ext:Watts><ext:Torque>20</ext:Torque></ext:TPX></Extensions></Trackpoint><Trackpoint><Time>2025-09-14T10:47:07.665Z</Time><DistanceMeters>1814.015047577986</DistanceMeters><HeartRateBpm><Value>141</Value></HeartRateBpm><Cadence>28</Cadence><Extensions><ext:TPX><ext:Watts>55.645161290322584</ext:Watts><ext:Torque>20</ext:Torque></ext:TPX></Extensions></Trackpoint><Trackpoint><Time>2025-09-14T10:47:08.785Z</Time><DistanceMeters>1818.1656686373738</DistanceMeters><HeartRateBpm><Value>142</Value></HeartRateBpm><Cadence>27</Cadence><Extensions><ext:TPX><ext:Watts>54.96875</ext:Watts><ext:Torque>20</ext:Torque></ext:TPX></Extensions></Trackpoint><Trackpoint><Time>2025-09-14T10:47:09.905Z</Time><DistanceMeters>1822.4885440101982</DistanceMeters><HeartRateBpm><Value>142</Value></HeartRateBpm><Cadence>27</Cadence><Extensions><ext:TPX><ext:Watts>57.25</ext:Watts><ext:Torque>20</ext:Torque></ext:TPX></Extensions></Trackpoint><Trackpoint><Time>2025-09-14T10:47:11.031Z</Time><DistanceMeters>1826.7511370515692</DistanceMeters><HeartRateBpm><Value>142</Value></HeartRateBpm><Cadence>26</Cadence><Extensions><ext:TPX><ext:Watts>55.40625</ext:Watts><ext:Torque>20</ext:Torque></ext:TPX></Extensions></Trackpoint><Trackpoint><Time>2025-09-14T10:47:12.115Z</Time><DistanceMeters>1831.0414506641675</DistanceMeters><HeartRateBpm><Value>142</Value></HeartRateBpm><Cadence>28</Cadence><Extensions><ext:TPX><ext:Watts>57.87096774193548</ext:Watts><ext:Torque>20</ext:Torque></ext:TPX></Extensions></Trackpoint><Trackpoint><Time>2025-09-14T10:47:13.235Z</Time><DistanceMeters>1835.2298260936236</DistanceMeters><HeartRateBpm><Value>142</Value></HeartRateBpm><Cadence>27</Cadence><Extensions><ext:TPX><ext:Watts>55.46875</ext:Watts><ext:Torque>20</ext:Torque></ext:TPX></Extensions></Trackpoint><Trackpoint><Time>2025-09-14T10:47:14.355Z</Time><DistanceMeters>1839.5291049851553</DistanceMeters><HeartRateBpm><Value>143</Value></HeartRateBpm><Cadence>27</Cadence><Extensions><ext:TPX><ext:Watts>56.9375</ext:Watts><ext:Torque>20</ext:Torque></ext:TPX></Extensions></Trackpoint><Trackpoint><Time>2025-09-14T10:47:15.441Z</Time><DistanceMeters>1843.903120368345</DistanceMeters><HeartRateBpm><Value>143</Value></HeartRateBpm><Cadence>28</Cadence><Extensions><ext:TPX><ext:Watts>59.0</ext:Watts><ext:Torque>20</ext:Torque></ext:TPX></Extensions></Trackpoint><Trackpoint><Time>2025-09-14T10:47:16.525Z</Time><DistanceMeters>1848.1814765851445</DistanceMeters><HeartRateBpm><Value>143</Value></HeartRateBpm><Cadence>28</Cadence><Extensions><ext:TPX><ext:Watts>57.70967741935484</ext:Watts><ext:Torque>20</ext:Torque></ext:TPX></Extensions></Trackpoint><Trackpoint><Time>2025-09-14T10:47:17.651Z</Time><DistanceMeters>1852.4080070796342</DistanceMeters><HeartRateBpm><Value>143</Value></HeartRateBpm><Cadence>26</Cadence><Extensions><ext:TPX><ext:Watts>54.9375</ext:Watts><ext:Torque>20</ext:Torque></ext:TPX></Extensions></Trackpoint><Trackpoint><Time>2025-09-14T10:47:18.771Z</Time><DistanceMeters>1856.4264878437828</DistanceMeters><HeartRateBpm><Value>143</Value></HeartRateBpm><Cadence>27</Cadence><Extensions><ext:TPX><ext:Watts>53.21875</ext:Watts><ext:Torque>20</ext:Torque></ext:TPX></Extensions></Trackpoint><Trackpoint><Time>2025-09-14T10:47:19.891Z</Time><DistanceMeters>1860.3505826827604</DistanceMeters><HeartRateBpm><Value>143</Value></HeartRateBpm><Cadence>27</Cadence><Extensions><ext:TPX><ext:Watts>51.96875</ext:Watts><ext:Torque>20</ext:Torque></ext:TPX></Extensions></Trackpoint><Trackpoint><Time>2025-09-14T10:47:20.975Z</Time><DistanceMeters>1864.1673834217274</DistanceMeters><HeartRateBpm><Value>143</Value></HeartRateBpm><Cadence>28</Cadence><Extensions><ext:TPX><ext:Watts>51.483870967741936</ext:Watts><ext:Torque>20</ext:Torque></ext:TPX></Extensions></Trackpoint><Trackpoint><Time>2025-09-14T10:47:22.061Z</Time><DistanceMeters>1867.9626608482567</DistanceMeters><HeartRateBpm><Value>143</Value></HeartRateBpm><Cadence>28</Cadence><Extensions><ext:TPX><ext:Watts>51.193548387096776</ext:Watts><ext:Torque>20</ext:Torque></ext:TPX></Extensions></Trackpoint><Trackpoint><Time>2025-09-14T10:47:23.151Z</Time><DistanceMeters>1871.8631633578152</DistanceMeters><HeartRateBpm><Value>143</Value></HeartRateBpm><Cadence>28</Cadence><Extensions><ext:TPX><ext:Watts>52.61290322580645</ext:Watts><ext:Torque>20</ext:Torque></ext:TPX></Extensions></Trackpoint><Trackpoint><Time>2025-09-14T10:47:24.305Z</Time><DistanceMeters>1875.729158049498</DistanceMeters><HeartRateBpm><Value>143</Value></HeartRateBpm><Cadence>26</Cadence><Extensions><ext:TPX><ext:Watts>49.303030303030305</ext:Watts><ext:Torque>20</ext:Torque></ext:TPX></Extensions></Trackpoint><Trackpoint><Time>2025-09-14T10:47:25.425Z</Time><DistanceMeters>1879.4668406862631</DistanceMeters><HeartRateBpm><Value>143</Value></HeartRateBpm><Cadence>27</Cadence><Extensions><ext:TPX><ext:Watts>49.5</ext:Watts><ext:Torque>20</ext:Torque></ext:TPX></Extensions></Trackpoint><Trackpoint><Time>2025-09-14T10:47:26.551Z</Time><DistanceMeters>1883.1067537514834</DistanceMeters><HeartRateBpm><Value>143</Value></HeartRateBpm><Cadence>26</Cadence><Extensions><ext:TPX><ext:Watts>47.3125</ext:Watts><ext:Torque>20</ext:Torque></ext:TPX></Extensions></Trackpoint><Trackpoint><Time>2025-09-14T10:47:27.671Z</Time><DistanceMeters>1886.830278499473</DistanceMeters><HeartRateBpm><Value>143</Value></HeartRateBpm><Cadence>27</Cadence><Extensions><ext:TPX><ext:Watts>49.3125</ext:Watts><ext:Torque>20</ext:Torque></ext:TPX></Extensions></Trackpoint><Trackpoint><Time>2025-09-14T10:47:28.791Z</Time><DistanceMeters>1890.513689229265</DistanceMeters><HeartRateBpm><Value>143</Value></HeartRateBpm><Cadence>27</Cadence><Extensions><ext:TPX><ext:Watts>48.78125</ext:Watts><ext:Torque>20</ext:Torque></ext:TPX></Extensions></Trackpoint><Trackpoint><Time>2025-09-14T10:47:29.876Z</Time><DistanceMeters>1894.2396137601615</DistanceMeters><HeartRateBpm><Value>143</Value></HeartRateBpm><Cadence>28</Cadence><Extensions><ext:TPX><ext:Watts>50.25806451612903</ext:Watts><ext:Torque>20</ext:Torque></ext:TPX></Extensions></Trackpoint><Trackpoint><Time>2025-09-14T10:47:30.966Z</Time><DistanceMeters>1898.1353333114005</DistanceMeters><HeartRateBpm><Value>143</Value></HeartRateBpm><Cadence>28</Cadence><Extensions><ext:TPX><ext:Watts>52.54838709677419</ext:Watts><ext:Torque>20</ext:Torque></ext:TPX></Extensions></Trackpoint><Trackpoint><Time>2025-09-14T10:47:32.051Z</Time><DistanceMeters>1902.093231320793</DistanceMeters><HeartRateBpm><Value>143</Value></HeartRateBpm><Cadence>28</Cadence><Extensions><ext:TPX><ext:Watts>53.38709677419355</ext:Watts><ext:Torque>20</ext:Torque></ext:TPX></Extensions></Trackpoint><Trackpoint><Time>2025-09-14T10:47:33.066Z</Time><DistanceMeters>1905.9323939972685</DistanceMeters><HeartRateBpm><Value>143</Value></HeartRateBpm><Cadence>30</Cadence><Extensions><ext:TPX><ext:Watts>55.55172413793103</ext:Watts><ext:Torque>20</ext:Torque></ext:TPX></Extensions></Trackpoint><Trackpoint><Time>2025-09-14T10:47:34.115Z</Time><DistanceMeters>1909.7404189866872</DistanceMeters><HeartRateBpm><Value>142</Value></HeartRateBpm><Cadence>28</Cadence><Extensions><ext:TPX><ext:Watts>53.233333333333334</ext:Watts><ext:Torque>20</ext:Torque></ext:TPX></Extensions></Trackpoint><Trackpoint><Time>2025-09-14T10:47:35.165Z</Time><DistanceMeters>1913.6772062487603</DistanceMeters><HeartRateBpm><Value>142</Value></HeartRateBpm><Cadence>28</Cadence><Extensions><ext:TPX><ext:Watts>55.03333333333333</ext:Watts><ext:Torque>20</ext:Torque></ext:TPX></Extensions></Trackpoint><Trackpoint><Time>2025-09-14T10:47:36.251Z</Time><DistanceMeters>1917.4246540920944</DistanceMeters><HeartRateBpm><Value>142</Value></HeartRateBpm><Cadence>28</Cadence><Extensions><ext:TPX><ext:Watts>50.54838709677419</ext:Watts><ext:Torque>20</ext:Torque></ext:TPX></Extensions></Trackpoint><Trackpoint><Time>2025-09-14T10:47:37.271Z</Time><DistanceMeters>1921.2733491402062</DistanceMeters><HeartRateBpm><Value>142</Value></HeartRateBpm><Cadence>30</Cadence><Extensions><ext:TPX><ext:Watts>55.689655172413794</ext:Watts><ext:Torque>20</ext:Torque></ext:TPX></Extensions></Trackpoint><Trackpoint><Time>2025-09-14T10:47:38.321Z</Time><DistanceMeters>1925.2292122945241</DistanceMeters><HeartRateBpm><Value>142</Value></HeartRateBpm><Cadence>28</Cadence><Extensions><ext:TPX><ext:Watts>55.3</ext:Watts><ext:Torque>20</ext:Torque></ext:TPX></Extensions></Trackpoint><Trackpoint><Time>2025-09-14T10:47:39.336Z</Time><DistanceMeters>1929.0493102277271</DistanceMeters><HeartRateBpm><Value>142</Value></HeartRateBpm><Cadence>30</Cadence><Extensions><ext:TPX><ext:Watts>55.275862068965516</ext:Watts><ext:Torque>20</ext:Torque></ext:TPX></Extensions></Trackpoint><Trackpoint><Time>2025-09-14T10:47:40.386Z</Time><DistanceMeters>1933.019480301229</DistanceMeters><HeartRateBpm><Value>142</Value></HeartRateBpm><Cadence>28</Cadence><Extensions><ext:TPX><ext:Watts>55.5</ext:Watts><ext:Torque>20</ext:Torque></ext:TPX></Extensions></Trackpoint><Trackpoint><Time>2025-09-14T10:47:41.401Z</Time><DistanceMeters>1936.8514936989773</DistanceMeters><HeartRateBpm><Value>142</Value></HeartRateBpm><Cadence>30</Cadence><Extensions><ext:TPX><ext:Watts>55.44827586206897</ext:Watts><ext:Torque>20</ext:Torque></ext:TPX></Extensions></Trackpoint><Trackpoint><Time>2025-09-14T10:47:42.416Z</Time><DistanceMeters>1940.8312588570866</DistanceMeters><HeartRateBpm><Value>142</Value></HeartRateBpm><Cadence>30</Cadence><Extensions><ext:TPX><ext:Watts>57.58620689655172</ext:Watts><ext:Torque>20</ext:Torque></ext:TPX></Extensions></Trackpoint><Trackpoint><Time>2025-09-14T10:47:43.466Z</Time><DistanceMeters>1944.7751995787514</DistanceMeters><HeartRateBpm><Value>142</Value></HeartRateBpm><Cadence>28</Cadence><Extensions><ext:TPX><ext:Watts>55.13333333333333</ext:Watts><ext:Torque>20</ext:Torque></ext:TPX></Extensions></Trackpoint><Trackpoint><Time>2025-09-14T10:47:44.481Z</Time><DistanceMeters>1948.6072129764998</DistanceMeters><HeartRateBpm><Value>142</Value></HeartRateBpm><Cadence>30</Cadence><Extensions><ext:TPX><ext:Watts>55.44827586206897</ext:Watts><ext:Torque>20</ext:Torque></ext:TPX></Extensions></Trackpoint><Trackpoint><Time>2025-09-14T10:47:45.531Z</Time><DistanceMeters>1952.393777587143</DistanceMeters><HeartRateBpm><Value>143</Value></HeartRateBpm><Cadence>28</Cadence><Extensions><ext:TPX><ext:Watts>52.93333333333333</ext:Watts><ext:Torque>20</ext:Torque></ext:TPX></Extensions></Trackpoint><Trackpoint><Time>2025-09-14T10:47:46.511Z</Time><DistanceMeters>1956.263556310283</DistanceMeters><HeartRateBpm><Value>143</Value></HeartRateBpm><Cadence>30</Cadence><Extensions><ext:TPX><ext:Watts>57.892857142857146</ext:Watts><ext:Torque>20</ext:Torque></ext:TPX></Extensions></Trackpoint><Trackpoint><Time>2025-09-14T10:47:47.561Z</Time><DistanceMeters>1960.1598073013354</DistanceMeters><HeartRateBpm><Value>143</Value></HeartRateBpm><Cadence>28</Cadence><Extensions><ext:TPX><ext:Watts>54.46666666666667</ext:Watts><ext:Torque>20</ext:Torque></ext:TPX></Extensions></Trackpoint><Trackpoint><Time>2025-09-14T10:47:48.576Z</Time><DistanceMeters>1964.05139802181</DistanceMeters><HeartRateBpm><Value>143</Value></HeartRateBpm><Cadence>30</Cadence><Extensions><ext:TPX><ext:Watts>56.310344827586206</ext:Watts><ext:Torque>20</ext:Torque></ext:TPX></Extensions></Trackpoint><Trackpoint><Time>2025-09-14T10:47:49.596Z</Time><DistanceMeters>1968.0216308082831</DistanceMeters><HeartRateBpm><Value>143</Value></HeartRateBpm><Cadence>30</Cadence><Extensions><ext:TPX><ext:Watts>57.44827586206897</ext:Watts><ext:Torque>20</ext:Torque></ext:TPX></Extensions></Trackpoint><Trackpoint><Time>2025-09-14T10:47:50.611Z</Time><DistanceMeters>1971.977565037302</DistanceMeters><HeartRateBpm><Value>143</Value></HeartRateBpm><Cadence>30</Cadence><Extensions><ext:TPX><ext:Watts>57.241379310344826</ext:Watts><ext:Torque>20</ext:Torque></ext:TPX></Extensions></Trackpoint><Trackpoint><Time>2025-09-14T10:47:51.661Z</Time><DistanceMeters>1975.9668110030489</DistanceMeters><HeartRateBpm><Value>143</Value></HeartRateBpm><Cadence>28</Cadence><Extensions><ext:TPX><ext:Watts>55.766666666666666</ext:Watts><ext:Torque>20</ext:Torque></ext:TPX></Extensions></Trackpoint><Trackpoint><Time>2025-09-14T10:47:52.711Z</Time><DistanceMeters>1979.851139561448</DistanceMeters><HeartRateBpm><Value>143</Value></HeartRateBpm><Cadence>28</Cadence><Extensions><ext:TPX><ext:Watts>54.3</ext:Watts><ext:Torque>20</ext:Torque></ext:TPX></Extensions></Trackpoint><Trackpoint><Time>2025-09-14T10:47:53.761Z</Time><DistanceMeters>1983.678240443112</DistanceMeters><HeartRateBpm><Value>143</Value></HeartRateBpm><Cadence>28</Cadence><Extensions><ext:TPX><ext:Watts>53.5</ext:Watts><ext:Torque>20</ext:Torque></ext:TPX></Extensions></Trackpoint><Trackpoint><Time>2025-09-14T10:47:54.851Z</Time><DistanceMeters>1987.5739599943508</DistanceMeters><HeartRateBpm><Value>144</Value></HeartRateBpm><Cadence>28</Cadence><Extensions><ext:TPX><ext:Watts>52.54838709677419</ext:Watts><ext:Torque>20</ext:Torque></ext:TPX></Extensions></Trackpoint><Trackpoint><Time>2025-09-14T10:47:55.906Z</Time><DistanceMeters>1991.288990009075</DistanceMeters><HeartRateBpm><Value>143</Value></HeartRateBpm><Cadence>28</Cadence><Extensions><ext:TPX><ext:Watts>51.93333333333333</ext:Watts><ext:Torque>20</ext:Torque></ext:TPX></Extensions></Trackpoint><Trackpoint><Time>2025-09-14T10:47:56.956Z</Time><DistanceMeters>1995.0207114295135</DistanceMeters><HeartRateBpm><Value>143</Value></HeartRateBpm><Cadence>28</Cadence><Extensions><ext:TPX><ext:Watts>52.166666666666664</ext:Watts><ext:Torque>20</ext:Torque></ext:TPX></Extensions></Trackpoint><Trackpoint><Time>2025-09-14T10:47:58.042Z</Time><DistanceMeters>1998.8733843558769</DistanceMeters><HeartRateBpm><Value>143</Value></HeartRateBpm><Cadence>28</Cadence><Extensions><ext:TPX><ext:Watts>51.96774193548387</ext:Watts><ext:Torque>20</ext:Torque></ext:TPX></Extensions></Trackpoint><Trackpoint><Time>2025-09-14T10:47:59.091Z</Time><DistanceMeters>2002.5502625861109</DistanceMeters><HeartRateBpm><Value>143</Value></HeartRateBpm><Cadence>28</Cadence><Extensions><ext:TPX><ext:Watts>51.4</ext:Watts><ext:Torque>20</ext:Torque></ext:TPX></Extensions></Trackpoint><Trackpoint><Time>2025-09-14T10:48:00.141Z</Time><DistanceMeters>2006.2056804375693</DistanceMeters><HeartRateBpm><Value>143</Value></HeartRateBpm><Cadence>28</Cadence><Extensions><ext:TPX><ext:Watts>51.1</ext:Watts><ext:Torque>20</ext:Torque></ext:TPX></Extensions></Trackpoint><Trackpoint><Time>2025-09-14T10:48:01.191Z</Time><DistanceMeters>2009.98270710209</DistanceMeters><HeartRateBpm><Value>143</Value></HeartRateBpm><Cadence>28</Cadence><Extensions><ext:TPX><ext:Watts>52.8</ext:Watts><ext:Torque>20</ext:Torque></ext:TPX></Extensions></Trackpoint><Trackpoint><Time>2025-09-14T10:48:02.241Z</Time><DistanceMeters>2013.7740406857945</DistanceMeters><HeartRateBpm><Value>143</Value></HeartRateBpm><Cadence>28</Cadence><Extensions><ext:TPX><ext:Watts>53.0</ext:Watts><ext:Torque>20</ext:Torque></ext:TPX></Extensions></Trackpoint><Trackpoint><Time>2025-09-14T10:48:03.256Z</Time><DistanceMeters>2017.3963419075467</DistanceMeters><HeartRateBpm><Value>142</Value></HeartRateBpm><Cadence>30</Cadence><Extensions><ext:TPX><ext:Watts>52.41379310344828</ext:Watts><ext:Torque>20</ext:Torque></ext:TPX></Extensions></Trackpoint><Trackpoint><Time>2025-09-14T10:48:04.306Z</Time><DistanceMeters>2021.323591223497</DistanceMeters><HeartRateBpm><Value>142</Value></HeartRateBpm><Cadence>28</Cadence><Extensions><ext:TPX><ext:Watts>54.9</ext:Watts><ext:Torque>20</ext:Torque></ext:TPX></Extensions></Trackpoint><Trackpoint><Time>2025-09-14T10:48:05.391Z</Time><DistanceMeters>2025.1738726707006</DistanceMeters><HeartRateBpm><Value>142</Value></HeartRateBpm><Cadence>28</Cadence><Extensions><ext:TPX><ext:Watts>51.935483870967744</ext:Watts><ext:Torque>20</ext:Torque></ext:TPX></Extensions></Trackpoint><Trackpoint><Time>2025-09-14T10:48:06.441Z</Time><DistanceMeters>2029.0605857156302</DistanceMeters><HeartRateBpm><Value>142</Value></HeartRateBpm><Cadence>28</Cadence><Extensions><ext:TPX><ext:Watts>54.333333333333336</ext:Watts><ext:Torque>20</ext:Torque></ext:TPX></Extensions></Trackpoint><Trackpoint><Time>2025-09-14T10:48:07.496Z</Time><DistanceMeters>2033.004526437295</DistanceMeters><HeartRateBpm><Value>142</Value></HeartRateBpm><Cadence>28</Cadence><Extensions><ext:TPX><ext:Watts>55.13333333333333</ext:Watts><ext:Torque>20</ext:Torque></ext:TPX></Extensions></Trackpoint><Trackpoint><Time>2025-09-14T10:48:08.582Z</Time><DistanceMeters>2036.909811905173</DistanceMeters><HeartRateBpm><Value>142</Value></HeartRateBpm><Cadence>28</Cadence><Extensions><ext:TPX><ext:Watts>52.67741935483871</ext:Watts><ext:Torque>20</ext:Torque></ext:TPX></Extensions></Trackpoint><Trackpoint><Time>2025-09-14T10:48:09.631Z</Time><DistanceMeters>2040.8680595460216</DistanceMeters><HeartRateBpm><Value>142</Value></HeartRateBpm><Cadence>28</Cadence><Extensions><ext:TPX><ext:Watts>55.333333333333336</ext:Watts><ext:Torque>20</ext:Torque></ext:TPX></Extensions></Trackpoint><Trackpoint><Time>2025-09-14T10:48:10.716Z</Time><DistanceMeters>2044.7757364930594</DistanceMeters><HeartRateBpm><Value>142</Value></HeartRateBpm><Cadence>28</Cadence><Extensions><ext:TPX><ext:Watts>52.70967741935484</ext:Watts><ext:Torque>20</ext:Torque></ext:TPX></Extensions></Trackpoint><Trackpoint><Time>2025-09-14T10:48:11.766Z</Time><DistanceMeters>2048.6600650514583</DistanceMeters><HeartRateBpm><Value>142</Value></HeartRateBpm><Cadence>28</Cadence><Extensions><ext:TPX><ext:Watts>54.3</ext:Watts><ext:Torque>20</ext:Torque></ext:TPX></Extensions></Trackpoint><Trackpoint><Time>2025-09-14T10:48:12.821Z</Time><DistanceMeters>2052.5610850155717</DistanceMeters><HeartRateBpm><Value>142</Value></HeartRateBpm><Cadence>28</Cadence><Extensions><ext:TPX><ext:Watts>54.53333333333333</ext:Watts><ext:Torque>20</ext:Torque></ext:TPX></Extensions></Trackpoint><Trackpoint><Time>2025-09-14T10:48:13.906Z</Time><DistanceMeters>2056.540506337402</DistanceMeters><HeartRateBpm><Value>142</Value></HeartRateBpm><Cadence>28</Cadence><Extensions><ext:TPX><ext:Watts>53.67741935483871</ext:Watts><ext:Torque>20</ext:Torque></ext:TPX></Extensions></Trackpoint><Trackpoint><Time>2025-09-14T10:48:14.992Z</Time><DistanceMeters>2060.620369783942</DistanceMeters><HeartRateBpm><Value>143</Value></HeartRateBpm><Cadence>28</Cadence><Extensions><ext:TPX><ext:Watts>55.03225806451613</ext:Watts><ext:Torque>20</ext:Torque></ext:TPX></Extensions></Trackpoint><Trackpoint><Time>2025-09-14T10:48:16.076Z</Time><DistanceMeters>2064.7313224595587</DistanceMeters><HeartRateBpm><Value>143</Value></HeartRateBpm><Cadence>28</Cadence><Extensions><ext:TPX><ext:Watts>55.45161290322581</ext:Watts><ext:Torque>20</ext:Torque></ext:TPX></Extensions></Trackpoint><Trackpoint><Time>2025-09-14T10:48:17.196Z</Time><DistanceMeters>2068.6577769466658</DistanceMeters><HeartRateBpm><Value>143</Value></HeartRateBpm><Cadence>27</Cadence><Extensions><ext:TPX><ext:Watts>52.0</ext:Watts><ext:Torque>20</ext:Torque></ext:TPX></Extensions></Trackpoint><Trackpoint><Time>2025-09-14T10:48:18.351Z</Time><DistanceMeters>2072.6259460524498</DistanceMeters><HeartRateBpm><Value>143</Value></HeartRateBpm><Cadence>26</Cadence><Extensions><ext:TPX><ext:Watts>50.60606060606061</ext:Watts><ext:Torque>20</ext:Torque></ext:TPX></Extensions></Trackpoint><Trackpoint><Time>2025-09-14T10:48:19.436Z</Time><DistanceMeters>2076.6675458324335</DistanceMeters><HeartRateBpm><Value>143</Value></HeartRateBpm><Cadence>28</Cadence><Extensions><ext:TPX><ext:Watts>54.516129032258064</ext:Watts><ext:Torque>20</ext:Torque></ext:TPX></Extensions></Trackpoint><Trackpoint><Time>2025-09-14T10:48:20.556Z</Time><DistanceMeters>2080.6388336339965</DistanceMeters><HeartRateBpm><Value>143</Value></HeartRateBpm><Cadence>27</Cadence><Extensions><ext:TPX><ext:Watts>52.59375</ext:Watts><ext:Torque>20</ext:Torque></ext:TPX></Extensions></Trackpoint><Trackpoint><Time>2025-09-14T10:48:21.712Z</Time><DistanceMeters>2084.6283880822666</DistanceMeters><HeartRateBpm><Value>143</Value></HeartRateBpm><Cadence>26</Cadence><Extensions><ext:TPX><ext:Watts>50.878787878787875</ext:Watts><ext:Torque>20</ext:Torque></ext:TPX></Extensions></Trackpoint><Trackpoint><Time>2025-09-14T10:48:22.831Z</Time><DistanceMeters>2088.587877643183</DistanceMeters><HeartRateBpm><Value>143</Value></HeartRateBpm><Cadence>27</Cadence><Extensions><ext:TPX><ext:Watts>52.4375</ext:Watts><ext:Torque>20</ext:Torque></ext:TPX></Extensions></Trackpoint><Trackpoint><Time>2025-09-14T10:48:23.956Z</Time><DistanceMeters>2092.7494955532866</DistanceMeters><HeartRateBpm><Value>144</Value></HeartRateBpm><Cadence>26</Cadence><Extensions><ext:TPX><ext:Watts>54.09375</ext:Watts><ext:Torque>20</ext:Torque></ext:TPX></Extensions></Trackpoint><Trackpoint><Time>2025-09-14T10:48:25.112Z</Time><DistanceMeters>2096.6939031674187</DistanceMeters><HeartRateBpm><Value>144</Value></HeartRateBpm><Cadence>26</Cadence><Extensions><ext:TPX><ext:Watts>50.303030303030305</ext:Watts><ext:Torque>20</ext:Torque></ext:TPX></Extensions></Trackpoint><Trackpoint><Time>2025-09-14T10:48:26.196Z</Time><DistanceMeters>2100.5537505312614</DistanceMeters><HeartRateBpm><Value>143</Value></HeartRateBpm><Cadence>28</Cadence><Extensions><ext:TPX><ext:Watts>52.064516129032256</ext:Watts><ext:Torque>20</ext:Torque></ext:TPX></Extensions></Trackpoint><Trackpoint><Time>2025-09-14T10:48:27.316Z</Time><DistanceMeters>2104.4448102964293</DistanceMeters><HeartRateBpm><Value>143</Value></HeartRateBpm><Cadence>27</Cadence><Extensions><ext:TPX><ext:Watts>51.53125</ext:Watts><ext:Torque>20</ext:Torque></ext:TPX></Extensions></Trackpoint><Trackpoint><Time>2025-09-14T10:48:28.471Z</Time><DistanceMeters>2108.346447225589</DistanceMeters><HeartRateBpm><Value>143</Value></HeartRateBpm><Cadence>26</Cadence><Extensions><ext:TPX><ext:Watts>49.75757575757576</ext:Watts><ext:Torque>20</ext:Torque></ext:TPX></Extensions></Trackpoint><Trackpoint><Time>2025-09-14T10:48:29.592Z</Time><DistanceMeters>2112.1313228249396</DistanceMeters><HeartRateBpm><Value>143</Value></HeartRateBpm><Cadence>27</Cadence><Extensions><ext:TPX><ext:Watts>50.125</ext:Watts><ext:Torque>20</ext:Torque></ext:TPX></Extensions></Trackpoint><Trackpoint><Time>2025-09-14T10:48:30.712Z</Time><DistanceMeters>2116.0129439975904</DistanceMeters><HeartRateBpm><Value>142</Value></HeartRateBpm><Cadence>27</Cadence><Extensions><ext:TPX><ext:Watts>51.40625</ext:Watts><ext:Torque>20</ext:Torque></ext:TPX></Extensions></Trackpoint><Trackpoint><Time>2025-09-14T10:48:31.832Z</Time><DistanceMeters>2119.7907406525533</DistanceMeters><HeartRateBpm><Value>142</Value></HeartRateBpm><Cadence>27</Cadence><Extensions><ext:TPX><ext:Watts>50.03125</ext:Watts><ext:Torque>20</ext:Torque></ext:TPX></Extensions></Trackpoint><Trackpoint><Time>2025-09-14T10:48:32.956Z</Time><DistanceMeters>2123.7480041303293</DistanceMeters><HeartRateBpm><Value>142</Value></HeartRateBpm><Cadence>26</Cadence><Extensions><ext:TPX><ext:Watts>51.4375</ext:Watts><ext:Torque>20</ext:Torque></ext:TPX></Extensions></Trackpoint><Trackpoint><Time>2025-09-14T10:48:34.111Z</Time><DistanceMeters>2127.7256778327737</DistanceMeters><HeartRateBpm><Value>141</Value></HeartRateBpm><Cadence>26</Cadence><Extensions><ext:TPX><ext:Watts>50.72727272727273</ext:Watts><ext:Torque>20</ext:Torque></ext:TPX></Extensions></Trackpoint><Trackpoint><Time>2025-09-14T10:48:35.266Z</Time><DistanceMeters>2131.7603791151814</DistanceMeters><HeartRateBpm><Value>141</Value></HeartRateBpm><Cadence>26</Cadence><Extensions><ext:TPX><ext:Watts>51.45454545454545</ext:Watts><ext:Torque>20</ext:Torque></ext:TPX></Extensions></Trackpoint><Trackpoint><Time>2025-09-14T10:48:36.422Z</Time><DistanceMeters>2135.8259703367357</DistanceMeters><HeartRateBpm><Value>141</Value></HeartRateBpm><Cadence>26</Cadence><Extensions><ext:TPX><ext:Watts>51.84848484848485</ext:Watts><ext:Torque>20</ext:Torque></ext:TPX></Extensions></Trackpoint><Trackpoint><Time>2025-09-14T10:48:37.612Z</Time><DistanceMeters>2139.838682455222</DistanceMeters><HeartRateBpm><Value>141</Value></HeartRateBpm><Cadence>25</Cadence><Extensions><ext:TPX><ext:Watts>49.205882352941174</ext:Watts><ext:Torque>20</ext:Torque></ext:TPX></Extensions></Trackpoint><Trackpoint><Time>2025-09-14T10:48:38.696Z</Time><DistanceMeters>2143.8946311101645</DistanceMeters><HeartRateBpm><Value>141</Value></HeartRateBpm><Cadence>28</Cadence><Extensions><ext:TPX><ext:Watts>54.70967741935484</ext:Watts><ext:Torque>20</ext:Torque></ext:TPX></Extensions></Trackpoint><Trackpoint><Time>2025-09-14T10:48:39.852Z</Time><DistanceMeters>2147.905570900921</DistanceMeters><HeartRateBpm><Value>140</Value></HeartRateBpm><Cadence>26</Cadence><Extensions><ext:TPX><ext:Watts>51.15151515151515</ext:Watts><ext:Torque>20</ext:Torque></ext:TPX></Extensions></Trackpoint><Trackpoint><Time>2025-09-14T10:48:40.976Z</Time><DistanceMeters>2152.0215095849744</DistanceMeters><HeartRateBpm><Value>140</Value></HeartRateBpm><Cadence>26</Cadence><Extensions><ext:TPX><ext:Watts>53.5</ext:Watts><ext:Torque>20</ext:Torque></ext:TPX></Extensions></Trackpoint><Trackpoint><Time>2025-09-14T10:48:42.097Z</Time><DistanceMeters>2156.0517885897693</DistanceMeters><HeartRateBpm><Value>140</Value></HeartRateBpm><Cadence>27</Cadence><Extensions><ext:TPX><ext:Watts>53.375</ext:Watts><ext:Torque>20</ext:Torque></ext:TPX></Extensions></Trackpoint><Trackpoint><Time>2025-09-14T10:48:43.252Z</Time><DistanceMeters>2160.072232977186</DistanceMeters><HeartRateBpm><Value>140</Value></HeartRateBpm><Cadence>26</Cadence><Extensions><ext:TPX><ext:Watts>51.27272727272727</ext:Watts><ext:Torque>20</ext:Torque></ext:TPX></Extensions></Trackpoint><Trackpoint><Time>2025-09-14T10:48:44.412Z</Time><DistanceMeters>2164.12831960208</DistanceMeters><HeartRateBpm><Value>140</Value></HeartRateBpm><Cadence>26</Cadence><Extensions><ext:TPX><ext:Watts>51.72727272727273</ext:Watts><ext:Torque>20</ext:Torque></ext:TPX></Extensions></Trackpoint><Trackpoint><Time>2025-09-14T10:48:45.567Z</Time><DistanceMeters>2168.2105438677904</DistanceMeters><HeartRateBpm><Value>140</Value></HeartRateBpm><Cadence>26</Cadence><Extensions><ext:TPX><ext:Watts>52.06060606060606</ext:Watts><ext:Torque>20</ext:Torque></ext:TPX></Extensions></Trackpoint><Trackpoint><Time>2025-09-14T10:48:46.722Z</Time><DistanceMeters>2171.891198924592</DistanceMeters><HeartRateBpm><Value>140</Value></HeartRateBpm><Cadence>26</Cadence><Extensions><ext:TPX><ext:Watts>46.93939393939394</ext:Watts><ext:Torque>20</ext:Torque></ext:TPX></Extensions></Trackpoint><Trackpoint><Time>2025-09-14T10:48:47.877Z</Time><DistanceMeters>2175.925900207</DistanceMeters><HeartRateBpm><Value>140</Value></HeartRateBpm><Cadence>26</Cadence><Extensions><ext:TPX><ext:Watts>51.45454545454545</ext:Watts><ext:Torque>20</ext:Torque></ext:TPX></Extensions></Trackpoint><Trackpoint><Time>2025-09-14T10:48:49.037Z</Time><DistanceMeters>2179.865555522802</DistanceMeters><HeartRateBpm><Value>140</Value></HeartRateBpm><Cadence>26</Cadence><Extensions><ext:TPX><ext:Watts>50.24242424242424</ext:Watts><ext:Torque>20</ext:Torque></ext:TPX></Extensions></Trackpoint><Trackpoint><Time>2025-09-14T10:48:50.192Z</Time><DistanceMeters>2183.916889849366</DistanceMeters><HeartRateBpm><Value>140</Value></HeartRateBpm><Cadence>26</Cadence><Extensions><ext:TPX><ext:Watts>51.666666666666664</ext:Watts><ext:Torque>20</ext:Torque></ext:TPX></Extensions></Trackpoint><Trackpoint><Time>2025-09-14T10:48:51.312Z</Time><DistanceMeters>2188.01323900178</DistanceMeters><HeartRateBpm><Value>140</Value></HeartRateBpm><Cadence>27</Cadence><Extensions><ext:TPX><ext:Watts>54.25</ext:Watts><ext:Torque>20</ext:Torque></ext:TPX></Extensions></Trackpoint><Trackpoint><Time>2025-09-14T10:48:52.467Z</Time><DistanceMeters>2192.000417300885</DistanceMeters><HeartRateBpm><Value>140</Value></HeartRateBpm><Cadence>26</Cadence><Extensions><ext:TPX><ext:Watts>50.84848484848485</ext:Watts><ext:Torque>20</ext:Torque></ext:TPX></Extensions></Trackpoint><Trackpoint><Time>2025-09-14T10:48:53.622Z</Time><DistanceMeters>2196.172935234871</DistanceMeters><HeartRateBpm><Value>140</Value></HeartRateBpm><Cadence>26</Cadence><Extensions><ext:TPX><ext:Watts>53.21212121212121</ext:Watts><ext:Torque>20</ext:Torque></ext:TPX></Extensions></Trackpoint><Trackpoint><Time>2025-09-14T10:48:54.742Z</Time><DistanceMeters>2200.167819517727</DistanceMeters><HeartRateBpm><Value>140</Value></HeartRateBpm><Cadence>27</Cadence><Extensions><ext:TPX><ext:Watts>52.90625</ext:Watts><ext:Torque>20</ext:Torque></ext:TPX></Extensions></Trackpoint><Trackpoint><Time>2025-09-14T10:48:55.827Z</Time><DistanceMeters>2204.2213766935097</DistanceMeters><HeartRateBpm><Value>140</Value></HeartRateBpm><Cadence>28</Cadence><Extensions><ext:TPX><ext:Watts>54.67741935483871</ext:Watts><ext:Torque>20</ext:Torque></ext:TPX></Extensions></Trackpoint><Trackpoint><Time>2025-09-14T10:48:56.982Z</Time><DistanceMeters>2208.4342891633028</DistanceMeters><HeartRateBpm><Value>140</Value></HeartRateBpm><Cadence>26</Cadence><Extensions><ext:TPX><ext:Watts>53.72727272727273</ext:Watts><ext:Torque>20</ext:Torque></ext:TPX></Extensions></Trackpoint><Trackpoint><Time>2025-09-14T10:48:58.137Z</Time><DistanceMeters>2212.4167151640772</DistanceMeters><HeartRateBpm><Value>140</Value></HeartRateBpm><Cadence>26</Cadence><Extensions><ext:TPX><ext:Watts>50.78787878787879</ext:Watts><ext:Torque>20</ext:Torque></ext:TPX></Extensions></Trackpoint><Trackpoint><Time>2025-09-14T10:48:59.257Z</Time><DistanceMeters>2216.317213521762</DistanceMeters><HeartRateBpm><Value>140</Value></HeartRateBpm><Cadence>27</Cadence><Extensions><ext:TPX><ext:Watts>51.65625</ext:Watts><ext:Torque>20</ext:Torque></ext:TPX></Extensions></Trackpoint><Trackpoint><Time>2025-09-14T10:49:00.377Z</Time><DistanceMeters>2220.2177118794466</DistanceMeters><HeartRateBpm><Value>140</Value></HeartRateBpm><Cadence>27</Cadence><Extensions><ext:TPX><ext:Watts>51.65625</ext:Watts><ext:Torque>20</ext:Torque></ext:TPX></Extensions></Trackpoint><Trackpoint><Time>2025-09-14T10:49:01.497Z</Time><DistanceMeters>2224.1606839034584</DistanceMeters><HeartRateBpm><Value>140</Value></HeartRateBpm><Cadence>27</Cadence><Extensions><ext:TPX><ext:Watts>52.21875</ext:Watts><ext:Torque>20</ext:Torque></ext:TPX></Extensions></Trackpoint><Trackpoint><Time>2025-09-14T10:49:02.617Z</Time><DistanceMeters>2228.117813816246</DistanceMeters><HeartRateBpm><Value>140</Value></HeartRateBpm><Cadence>27</Cadence><Extensions><ext:TPX><ext:Watts>52.40625</ext:Watts><ext:Torque>20</ext:Torque></ext:TPX></Extensions></Trackpoint><Trackpoint><Time>2025-09-14T10:49:03.737Z</Time><DistanceMeters>2232.0607858402577</DistanceMeters><HeartRateBpm><Value>140</Value></HeartRateBpm><Cadence>27</Cadence><Extensions><ext:TPX><ext:Watts>52.21875</ext:Watts><ext:Torque>20</ext:Torque></ext:TPX></Extensions></Trackpoint><Trackpoint><Time>2025-09-14T10:49:04.857Z</Time><DistanceMeters>2236.017915753045</DistanceMeters><HeartRateBpm><Value>140</Value></HeartRateBpm><Cadence>27</Cadence><Extensions><ext:TPX><ext:Watts>52.40625</ext:Watts><ext:Torque>20</ext:Torque></ext:TPX></Extensions></Trackpoint><Trackpoint><Time>2025-09-14T10:49:05.942Z</Time><DistanceMeters>2240.1432173036205</DistanceMeters><HeartRateBpm><Value>140</Value></HeartRateBpm><Cadence>28</Cadence><Extensions><ext:TPX><ext:Watts>55.645161290322584</ext:Watts><ext:Torque>20</ext:Torque></ext:TPX></Extensions></Trackpoint><Trackpoint><Time>2025-09-14T10:49:07.097Z</Time><DistanceMeters>2244.070991873597</DistanceMeters><HeartRateBpm><Value>140</Value></HeartRateBpm><Cadence>26</Cadence><Extensions><ext:TPX><ext:Watts>50.09090909090909</ext:Watts><ext:Torque>20</ext:Torque></ext:TPX></Extensions></Trackpoint><Trackpoint><Time>2025-09-14T10:49:08.218Z</Time><DistanceMeters>2247.9691305831525</DistanceMeters><HeartRateBpm><Value>140</Value></HeartRateBpm><Cadence>27</Cadence><Extensions><ext:TPX><ext:Watts>51.625</ext:Watts><ext:Torque>20</ext:Torque></ext:TPX></Extensions></Trackpoint><Trackpoint><Time>2025-09-14T10:49:09.302Z</Time><DistanceMeters>2251.9605093007817</DistanceMeters><HeartRateBpm><Value>140</Value></HeartRateBpm><Cadence>28</Cadence><Extensions><ext:TPX><ext:Watts>53.83870967741935</ext:Watts><ext:Torque>20</ext:Torque></ext:TPX></Extensions></Trackpoint><Trackpoint><Time>2025-09-14T10:49:10.422Z</Time><DistanceMeters>2255.9459549911203</DistanceMeters><HeartRateBpm><Value>140</Value></HeartRateBpm><Cadence>27</Cadence><Extensions><ext:TPX><ext:Watts>52.78125</ext:Watts><ext:Torque>20</ext:Torque></ext:TPX></Extensions></Trackpoint><Trackpoint><Time>2025-09-14T10:49:11.547Z</Time><DistanceMeters>2259.987364411619</DistanceMeters><HeartRateBpm><Value>140</Value></HeartRateBpm><Cadence>26</Cadence><Extensions><ext:TPX><ext:Watts>52.53125</ext:Watts><ext:Torque>20</ext:Torque></ext:TPX></Extensions></Trackpoint><Trackpoint><Time>2025-09-14T10:49:12.707Z</Time><DistanceMeters>2263.9008820866047</DistanceMeters><HeartRateBpm><Value>140</Value></HeartRateBpm><Cadence>26</Cadence><Extensions><ext:TPX><ext:Watts>49.90909090909091</ext:Watts><ext:Torque>20</ext:Torque></ext:TPX></Extensions></Trackpoint><Trackpoint><Time>2025-09-14T10:49:13.827Z</Time><DistanceMeters>2267.8603716475213</DistanceMeters><HeartRateBpm><Value>140</Value></HeartRateBpm><Cadence>27</Cadence><Extensions><ext:TPX><ext:Watts>52.4375</ext:Watts><ext:Torque>20</ext:Torque></ext:TPX></Extensions></Trackpoint><Trackpoint><Time>2025-09-14T10:49:14.952Z</Time><DistanceMeters>2271.7935934273764</DistanceMeters><HeartRateBpm><Value>140</Value></HeartRateBpm><Cadence>26</Cadence><Extensions><ext:TPX><ext:Watts>51.125</ext:Watts><ext:Torque>20</ext:Torque></ext:TPX></Extensions></Trackpoint><Trackpoint><Time>2025-09-14T10:49:16.037Z</Time><DistanceMeters>2275.8160613740824</DistanceMeters><HeartRateBpm><Value>140</Value></HeartRateBpm><Cadence>28</Cadence><Extensions><ext:TPX><ext:Watts>54.25806451612903</ext:Watts><ext:Torque>20</ext:Torque></ext:TPX></Extensions></Trackpoint><Trackpoint><Time>2025-09-14T10:49:17.192Z</Time><DistanceMeters>2279.848386507325</DistanceMeters><HeartRateBpm><Value>140</Value></HeartRateBpm><Cadence>26</Cadence><Extensions><ext:TPX><ext:Watts>51.42424242424242</ext:Watts><ext:Torque>20</ext:Torque></ext:TPX></Extensions></Trackpoint><Trackpoint><Time>2025-09-14T10:49:18.277Z</Time><DistanceMeters>2283.763237891842</DistanceMeters><HeartRateBpm><Value>140</Value></HeartRateBpm><Cadence>28</Cadence><Extensions><ext:TPX><ext:Watts>52.806451612903224</ext:Watts><ext:Torque>20</ext:Torque></ext:TPX></Extensions></Trackpoint><Trackpoint><Time>2025-09-14T10:49:19.397Z</Time><DistanceMeters>2287.8100344335417</DistanceMeters><HeartRateBpm><Value>140</Value></HeartRateBpm><Cadence>27</Cadence><Extensions><ext:TPX><ext:Watts>53.59375</ext:Watts><ext:Torque>20</ext:Torque></ext:TPX></Extensions></Trackpoint><Trackpoint><Time>2025-09-14T10:49:20.482Z</Time><DistanceMeters>2291.9138126716794</DistanceMeters><HeartRateBpm><Value>140</Value></HeartRateBpm><Cadence>28</Cadence><Extensions><ext:TPX><ext:Watts>55.354838709677416</ext:Watts><ext:Torque>20</ext:Torque></ext:TPX></Extensions></Trackpoint><Trackpoint><Time>2025-09-14T10:49:21.567Z</Time><DistanceMeters>2295.9434550558644</DistanceMeters><HeartRateBpm><Value>141</Value></HeartRateBpm><Cadence>28</Cadence><Extensions><ext:TPX><ext:Watts>54.354838709677416</ext:Watts><ext:Torque>20</ext:Torque></ext:TPX></Extensions></Trackpoint><Trackpoint><Time>2025-09-14T10:49:22.652Z</Time><DistanceMeters>2299.985054835848</DistanceMeters><HeartRateBpm><Value>141</Value></HeartRateBpm><Cadence>28</Cadence><Extensions><ext:TPX><ext:Watts>54.516129032258064</ext:Watts><ext:Torque>20</ext:Torque></ext:TPX></Extensions></Trackpoint><Trackpoint><Time>2025-09-14T10:49:23.772Z</Time><DistanceMeters>2303.998816303738</DistanceMeters><HeartRateBpm><Value>141</Value></HeartRateBpm><Cadence>27</Cadence><Extensions><ext:TPX><ext:Watts>53.15625</ext:Watts><ext:Torque>20</ext:Torque></ext:TPX></Extensions></Trackpoint><Trackpoint><Time>2025-09-14T10:49:24.867Z</Time><DistanceMeters>2308.124117854313</DistanceMeters><HeartRateBpm><Value>141</Value></HeartRateBpm><Cadence>28</Cadence><Extensions><ext:TPX><ext:Watts>55.645161290322584</ext:Watts><ext:Torque>20</ext:Torque></ext:TPX></Extensions></Trackpoint><Trackpoint><Time>2025-09-14T10:49:25.992Z</Time><DistanceMeters>2312.3458400092186</DistanceMeters><HeartRateBpm><Value>141</Value></HeartRateBpm><Cadence>26</Cadence><Extensions><ext:TPX><ext:Watts>54.875</ext:Watts><ext:Torque>20</ext:Torque></ext:TPX></Extensions></Trackpoint><Trackpoint><Time>2025-09-14T10:49:27.077Z</Time><DistanceMeters>2316.5500603720657</DistanceMeters><HeartRateBpm><Value>141</Value></HeartRateBpm><Cadence>28</Cadence><Extensions><ext:TPX><ext:Watts>56.70967741935484</ext:Watts><ext:Torque>20</ext:Torque></ext:TPX></Extensions></Trackpoint><Trackpoint><Time>2025-09-14T10:49:28.162Z</Time><DistanceMeters>2320.68253636012</DistanceMeters><HeartRateBpm><Value>141</Value></HeartRateBpm><Cadence>28</Cadence><Extensions><ext:TPX><ext:Watts>55.74193548387097</ext:Watts><ext:Torque>20</ext:Torque></ext:TPX></Extensions></Trackpoint><Trackpoint><Time>2025-09-14T10:49:29.247Z</Time><DistanceMeters>2324.819795306494</DistanceMeters><HeartRateBpm><Value>142</Value></HeartRateBpm><Cadence>28</Cadence><Extensions><ext:TPX><ext:Watts>55.806451612903224</ext:Watts><ext:Torque>20</ext:Torque></ext:TPX></Extensions></Trackpoint><Trackpoint><Time>2025-09-14T10:49:30.332Z</Time><DistanceMeters>2329.1196748357315</DistanceMeters><HeartRateBpm><Value>142</Value></HeartRateBpm><Cadence>28</Cadence><Extensions><ext:TPX><ext:Watts>58.0</ext:Watts><ext:Torque>20</ext:Torque></ext:TPX></Extensions></Trackpoint><Trackpoint><Time>2025-09-14T10:49:31.487Z</Time><DistanceMeters>2333.2422936372495</DistanceMeters><HeartRateBpm><Value>142</Value></HeartRateBpm><Cadence>26</Cadence><Extensions><ext:TPX><ext:Watts>52.57575757575758</ext:Watts><ext:Torque>20</ext:Torque></ext:TPX></Extensions></Trackpoint><Trackpoint><Time>2025-09-14T10:49:32.642Z</Time><DistanceMeters>2337.307884858804</DistanceMeters><HeartRateBpm><Value>142</Value></HeartRateBpm><Cadence>26</Cadence><Extensions><ext:TPX><ext:Watts>51.84848484848485</ext:Watts><ext:Torque>20</ext:Torque></ext:TPX></Extensions></Trackpoint><Trackpoint><Time>2025-09-14T10:49:33.832Z</Time><DistanceMeters>2341.402146416638</DistanceMeters><HeartRateBpm><Value>142</Value></HeartRateBpm><Cadence>25</Cadence><Extensions><ext:TPX><ext:Watts>50.205882352941174</ext:Watts><ext:Torque>20</ext:Torque></ext:TPX></Extensions></Trackpoint><Trackpoint><Time>2025-09-14T10:49:35.027Z</Time><DistanceMeters>2345.5899499784296</DistanceMeters><HeartRateBpm><Value>142</Value></HeartRateBpm><Cadence>25</Cadence><Extensions><ext:TPX><ext:Watts>51.35294117647059</ext:Watts><ext:Torque>20</ext:Torque></ext:TPX></Extensions></Trackpoint><Trackpoint><Time>2025-09-14T10:49:36.252Z</Time><DistanceMeters>2349.7221052433315</DistanceMeters><HeartRateBpm><Value>142</Value></HeartRateBpm><Cadence>24</Cadence><Extensions><ext:TPX><ext:Watts>49.65714285714286</ext:Watts><ext:Torque>20</ext:Torque></ext:TPX></Extensions></Trackpoint><Trackpoint><Time>2025-09-14T10:49:37.418Z</Time><DistanceMeters>2353.8577229785174</DistanceMeters><HeartRateBpm><Value>142</Value></HeartRateBpm><Cadence>26</Cadence><Extensions><ext:TPX><ext:Watts>51.72727272727273</ext:Watts><ext:Torque>20</ext:Torque></ext:TPX></Extensions></Trackpoint><Trackpoint><Time>2025-09-14T10:49:38.607Z</Time><DistanceMeters>2358.047925053231</DistanceMeters><HeartRateBpm><Value>142</Value></HeartRateBpm><Cadence>25</Cadence><Extensions><ext:TPX><ext:Watts>51.38235294117647</ext:Watts><ext:Torque>20</ext:Torque></ext:TPX></Extensions></Trackpoint><Trackpoint><Time>2025-09-14T10:49:39.832Z</Time><DistanceMeters>2362.1087542778873</DistanceMeters><HeartRateBpm><Value>142</Value></HeartRateBpm><Cadence>24</Cadence><Extensions><ext:TPX><ext:Watts>48.8</ext:Watts><ext:Torque>20</ext:Torque></ext:TPX></Extensions></Trackpoint><Trackpoint><Time>2025-09-14T10:49:41.057Z</Time><DistanceMeters>2366.3692964152315</DistanceMeters><HeartRateBpm><Value>142</Value></HeartRateBpm><Cadence>24</Cadence><Extensions><ext:TPX><ext:Watts>51.2</ext:Watts><ext:Torque>20</ext:Torque></ext:TPX></Extensions></Trackpoint><Trackpoint><Time>2025-09-14T10:49:42.247Z</Time><DistanceMeters>2370.624258338839</DistanceMeters><HeartRateBpm><Value>142</Value></HeartRateBpm><Cadence>25</Cadence><Extensions><ext:TPX><ext:Watts>52.1764705882353</ext:Watts><ext:Torque>20</ext:Torque></ext:TPX></Extensions></Trackpoint><Trackpoint><Time>2025-09-14T10:49:43.442Z</Time><DistanceMeters>2374.8168589264747</DistanceMeters><HeartRateBpm><Value>142</Value></HeartRateBpm><Cadence>25</Cadence><Extensions><ext:TPX><ext:Watts>51.411764705882355</ext:Watts><ext:Torque>20</ext:Torque></ext:TPX></Extensions></Trackpoint><Trackpoint><Time>2025-09-14T10:49:44.667Z</Time><DistanceMeters>2379.006075023573</DistanceMeters><HeartRateBpm><Value>142</Value></HeartRateBpm><Cadence>24</Cadence><Extensions><ext:TPX><ext:Watts>50.34285714285714</ext:Watts><ext:Torque>20</ext:Torque></ext:TPX></Extensions></Trackpoint><Trackpoint><Time>2025-09-14T10:49:45.857Z</Time><DistanceMeters>2383.2634354601023</DistanceMeters><HeartRateBpm><Value>141</Value></HeartRateBpm><Cadence>25</Cadence><Extensions><ext:TPX><ext:Watts>52.205882352941174</ext:Watts><ext:Torque>20</ext:Torque></ext:TPX></Extensions></Trackpoint><Trackpoint><Time>2025-09-14T10:49:47.047Z</Time><DistanceMeters>2387.295335681965</DistanceMeters><HeartRateBpm><Value>141</Value></HeartRateBpm><Cadence>25</Cadence><Extensions><ext:TPX><ext:Watts>49.44117647058823</ext:Watts><ext:Torque>20</ext:Torque></ext:TPX></Extensions></Trackpoint><Trackpoint><Time>2025-09-14T10:49:48.207Z</Time><DistanceMeters>2391.3229085168773</DistanceMeters><HeartRateBpm><Value>141</Value></HeartRateBpm><Cadence>26</Cadence><Extensions><ext:TPX><ext:Watts>51.36363636363637</ext:Watts><ext:Torque>20</ext:Torque></ext:TPX></Extensions></Trackpoint><Trackpoint><Time>2025-09-14T10:49:49.362Z</Time><DistanceMeters>2395.4859218542024</DistanceMeters><HeartRateBpm><Value>141</Value></HeartRateBpm><Cadence>26</Cadence><Extensions><ext:TPX><ext:Watts>53.09090909090909</ext:Watts><ext:Torque>20</ext:Torque></ext:TPX></Extensions></Trackpoint><Trackpoint><Time>2025-09-14T10:49:50.553Z</Time><DistanceMeters>2399.5921759766466</DistanceMeters><HeartRateBpm><Value>140</Value></HeartRateBpm><Cadence>25</Cadence><Extensions><ext:TPX><ext:Watts>50.35294117647059</ext:Watts><ext:Torque>20</ext:Torque></ext:TPX></Extensions></Trackpoint><Trackpoint><Time>2025-09-14T10:49:51.707Z</Time><DistanceMeters>2403.7266755239903</DistanceMeters><HeartRateBpm><Value>140</Value></HeartRateBpm><Cadence>26</Cadence><Extensions><ext:TPX><ext:Watts>52.72727272727273</ext:Watts><ext:Torque>20</ext:Torque></ext:TPX></Extensions></Trackpoint><Trackpoint><Time>2025-09-14T10:49:52.863Z</Time><DistanceMeters>2407.915826502132</DistanceMeters><HeartRateBpm><Value>140</Value></HeartRateBpm><Cadence>26</Cadence><Extensions><ext:TPX><ext:Watts>53.42424242424242</ext:Watts><ext:Torque>20</ext:Torque></ext:TPX></Extensions></Trackpoint><Trackpoint><Time>2025-09-14T10:49:54.017Z</Time><DistanceMeters>2412.074087541127</DistanceMeters><HeartRateBpm><Value>140</Value></HeartRateBpm><Cadence>26</Cadence><Extensions><ext:TPX><ext:Watts>53.03030303030303</ext:Watts><ext:Torque>20</ext:Torque></ext:TPX></Extensions></Trackpoint><Trackpoint><Time>2025-09-14T10:49:55.177Z</Time><DistanceMeters>2416.19433019348</DistanceMeters><HeartRateBpm><Value>140</Value></HeartRateBpm><Cadence>26</Cadence><Extensions><ext:TPX><ext:Watts>52.54545454545455</ext:Watts><ext:Torque>20</ext:Torque></ext:TPX></Extensions></Trackpoint><Trackpoint><Time>2025-09-14T10:49:56.333Z</Time><DistanceMeters>2420.3335820391535</DistanceMeters><HeartRateBpm><Value>140</Value></HeartRateBpm><Cadence>26</Cadence><Extensions><ext:TPX><ext:Watts>52.78787878787879</ext:Watts><ext:Torque>20</ext:Torque></ext:TPX></Extensions></Trackpoint><Trackpoint><Time>2025-09-14T10:49:57.487Z</Time><DistanceMeters>2424.482338481488</DistanceMeters><HeartRateBpm><Value>140</Value></HeartRateBpm><Cadence>26</Cadence><Extensions><ext:TPX><ext:Watts>52.90909090909091</ext:Watts><ext:Torque>20</ext:Torque></ext:TPX></Extensions></Trackpoint><Trackpoint><Time>2025-09-14T10:49:58.643Z</Time><DistanceMeters>2428.645351818813</DistanceMeters><HeartRateBpm><Value>140</Value></HeartRateBpm><Cadence>26</Cadence><Extensions><ext:TPX><ext:Watts>53.09090909090909</ext:Watts><ext:Torque>20</ext:Torque></ext:TPX></Extensions></Trackpoint><Trackpoint><Time>2025-09-14T10:49:59.833Z</Time><DistanceMeters>2432.849944971059</DistanceMeters><HeartRateBpm><Value>140</Value></HeartRateBpm><Cadence>25</Cadence><Extensions><ext:TPX><ext:Watts>51.55882352941177</ext:Watts><ext:Torque>20</ext:Torque></ext:TPX></Extensions></Trackpoint><Trackpoint><Time>2025-09-14T10:50:00.993Z</Time><DistanceMeters>2436.974939921742</DistanceMeters><HeartRateBpm><Value>140</Value></HeartRateBpm><Cadence>26</Cadence><Extensions><ext:TPX><ext:Watts>52.60606060606061</ext:Watts><ext:Torque>20</ext:Torque></ext:TPX></Extensions></Trackpoint><Trackpoint><Time>2025-09-14T10:50:02.147Z</Time><DistanceMeters>2441.10231102159</DistanceMeters><HeartRateBpm><Value>141</Value></HeartRateBpm><Cadence>26</Cadence><Extensions><ext:TPX><ext:Watts>52.63636363636363</ext:Watts><ext:Torque>20</ext:Torque></ext:TPX></Extensions></Trackpoint><Trackpoint><Time>2025-09-14T10:50:03.307Z</Time><DistanceMeters>2445.241562867264</DistanceMeters><HeartRateBpm><Value>141</Value></HeartRateBpm><Cadence>26</Cadence><Extensions><ext:TPX><ext:Watts>52.78787878787879</ext:Watts><ext:Torque>20</ext:Torque></ext:TPX></Extensions></Trackpoint><Trackpoint><Time>2025-09-14T10:50:04.463Z</Time><DistanceMeters>2449.525759812011</DistanceMeters><HeartRateBpm><Value>141</Value></HeartRateBpm><Cadence>26</Cadence><Extensions><ext:TPX><ext:Watts>54.63636363636363</ext:Watts><ext:Torque>20</ext:Torque></ext:TPX></Extensions></Trackpoint><Trackpoint><Time>2025-09-14T10:50:05.618Z</Time><DistanceMeters>2453.736296132639</DistanceMeters><HeartRateBpm><Value>141</Value></HeartRateBpm><Cadence>26</Cadence><Extensions><ext:TPX><ext:Watts>53.696969696969695</ext:Watts><ext:Torque>20</ext:Torque></ext:TPX></Extensions></Trackpoint><Trackpoint><Time>2025-09-14T10:50:06.773Z</Time><DistanceMeters>2457.82802499501</DistanceMeters><HeartRateBpm><Value>141</Value></HeartRateBpm><Cadence>26</Cadence><Extensions><ext:TPX><ext:Watts>52.18181818181818</ext:Watts><ext:Torque>20</ext:Torque></ext:TPX></Extensions></Trackpoint><Trackpoint><Time>2025-09-14T10:50:07.928Z</Time><DistanceMeters>2462.005295227326</DistanceMeters><HeartRateBpm><Value>142</Value></HeartRateBpm><Cadence>26</Cadence><Extensions><ext:TPX><ext:Watts>53.27272727272727</ext:Watts><ext:Torque>20</ext:Torque></ext:TPX></Extensions></Trackpoint><Trackpoint><Time>2025-09-14T10:50:09.083Z</Time><DistanceMeters>2466.1730608629814</DistanceMeters><HeartRateBpm><Value>142</Value></HeartRateBpm><Cadence>26</Cadence><Extensions><ext:TPX><ext:Watts>53.15151515151515</ext:Watts><ext:Torque>20</ext:Torque></ext:TPX></Extensions></Trackpoint><Trackpoint><Time>2025-09-14T10:50:10.203Z</Time><DistanceMeters>2470.156146905191</DistanceMeters><HeartRateBpm><Value>142</Value></HeartRateBpm><Cadence>27</Cadence><Extensions><ext:TPX><ext:Watts>52.75</ext:Watts><ext:Torque>20</ext:Torque></ext:TPX></Extensions></Trackpoint><Trackpoint><Time>2025-09-14T10:50:11.358Z</Time><DistanceMeters>2474.1433252042957</DistanceMeters><HeartRateBpm><Value>142</Value></HeartRateBpm><Cadence>26</Cadence><Extensions><ext:TPX><ext:Watts>50.84848484848485</ext:Watts><ext:Torque>20</ext:Torque></ext:TPX></Extensions></Trackpoint><Trackpoint><Time>2025-09-14T10:50:12.478Z</Time><DistanceMeters>2478.1736042090906</DistanceMeters><HeartRateBpm><Value>143</Value></HeartRateBpm><Cadence>27</Cadence><Extensions><ext:TPX><ext:Watts>53.375</ext:Watts><ext:Torque>20</ext:Torque></ext:TPX></Extensions></Trackpoint><Trackpoint><Time>2025-09-14T10:50:13.633Z</Time><DistanceMeters>2482.2819661156177</DistanceMeters><HeartRateBpm><Value>143</Value></HeartRateBpm><Cadence>26</Cadence><Extensions><ext:TPX><ext:Watts>52.39393939393939</ext:Watts><ext:Torque>20</ext:Torque></ext:TPX></Extensions></Trackpoint><Trackpoint><Time>2025-09-14T10:50:14.753Z</Time><DistanceMeters>2486.144710103234</DistanceMeters><HeartRateBpm><Value>143</Value></HeartRateBpm><Cadence>27</Cadence><Extensions><ext:TPX><ext:Watts>51.15625</ext:Watts><ext:Torque>20</ext:Torque></ext:TPX></Extensions></Trackpoint><Trackpoint><Time>2025-09-14T10:50:15.943Z</Time><DistanceMeters>2490.31332556165</DistanceMeters><HeartRateBpm><Value>143</Value></HeartRateBpm><Cadence>25</Cadence><Extensions><ext:TPX><ext:Watts>51.11764705882353</ext:Watts><ext:Torque>20</ext:Torque></ext:TPX></Extensions></Trackpoint><Trackpoint><Time>2025-09-14T10:50:17.098Z</Time><DistanceMeters>2494.3836690815347</DistanceMeters><HeartRateBpm><Value>143</Value></HeartRateBpm><Cadence>26</Cadence><Extensions><ext:TPX><ext:Watts>51.90909090909091</ext:Watts><ext:Torque>20</ext:Torque></ext:TPX></Extensions></Trackpoint><Trackpoint><Time>2025-09-14T10:50:18.288Z</Time><DistanceMeters>2498.5426904882625</DistanceMeters><HeartRateBpm><Value>143</Value></HeartRateBpm><Cadence>25</Cadence><Extensions><ext:TPX><ext:Watts>51.0</ext:Watts><ext:Torque>20</ext:Torque></ext:TPX></Extensions></Trackpoint><Trackpoint><Time>2025-09-14T10:50:19.448Z</Time><DistanceMeters>2502.5512541298535</DistanceMeters><HeartRateBpm><Value>143</Value></HeartRateBpm><Cadence>26</Cadence><Extensions><ext:TPX><ext:Watts>51.121212121212125</ext:Watts><ext:Torque>20</ext:Torque></ext:TPX></Extensions></Trackpoint><Trackpoint><Time>2025-09-14T10:50:20.608Z</Time><DistanceMeters>2506.5907077105917</DistanceMeters><HeartRateBpm><Value>143</Value></HeartRateBpm><Cadence>26</Cadence><Extensions><ext:TPX><ext:Watts>51.515151515151516</ext:Watts><ext:Torque>20</ext:Torque></ext:TPX></Extensions></Trackpoint><Trackpoint><Time>2025-09-14T10:50:21.803Z</Time><DistanceMeters>2510.840872608355</DistanceMeters><HeartRateBpm><Value>144</Value></HeartRateBpm><Cadence>25</Cadence><Extensions><ext:TPX><ext:Watts>52.11764705882353</ext:Watts><ext:Torque>20</ext:Torque></ext:TPX></Extensions></Trackpoint><Trackpoint><Time>2025-09-14T10:50:22.958Z</Time><DistanceMeters>2514.9421060673867</DistanceMeters><HeartRateBpm><Value>144</Value></HeartRateBpm><Cadence>26</Cadence><Extensions><ext:TPX><ext:Watts>52.303030303030305</ext:Watts><ext:Torque>20</ext:Torque></ext:TPX></Extensions></Trackpoint><Trackpoint><Time>2025-09-14T10:50:24.113Z</Time><DistanceMeters>2518.8793852340236</DistanceMeters><HeartRateBpm><Value>143</Value></HeartRateBpm><Cadence>26</Cadence><Extensions><ext:TPX><ext:Watts>50.21212121212121</ext:Watts><ext:Torque>20</ext:Torque></ext:TPX></Extensions></Trackpoint><Trackpoint><Time>2025-09-14T10:50:25.303Z</Time><DistanceMeters>2522.932872072184</DistanceMeters><HeartRateBpm><Value>143</Value></HeartRateBpm><Cadence>25</Cadence><Extensions><ext:TPX><ext:Watts>49.705882352941174</ext:Watts><ext:Torque>20</ext:Torque></ext:TPX></Extensions></Trackpoint><Trackpoint><Time>2025-09-14T10:50:26.458Z</Time><DistanceMeters>2526.981830249583</DistanceMeters><HeartRateBpm><Value>143</Value></HeartRateBpm><Cadence>26</Cadence><Extensions><ext:TPX><ext:Watts>51.63636363636363</ext:Watts><ext:Torque>20</ext:Torque></ext:TPX></Extensions></Trackpoint><Trackpoint><Time>2025-09-14T10:50:27.648Z</Time><DistanceMeters>2531.0928813978708</DistanceMeters><HeartRateBpm><Value>143</Value></HeartRateBpm><Cadence>25</Cadence><Extensions><ext:TPX><ext:Watts>50.411764705882355</ext:Watts><ext:Torque>20</ext:Torque></ext:TPX></Extensions></Trackpoint><Trackpoint><Time>2025-09-14T10:50:28.838Z</Time><DistanceMeters>2535.0552247449955</DistanceMeters><HeartRateBpm><Value>143</Value></HeartRateBpm><Cadence>25</Cadence><Extensions><ext:TPX><ext:Watts>48.588235294117645</ext:Watts><ext:Torque>20</ext:Torque></ext:TPX></Extensions></Trackpoint><Trackpoint><Time>2025-09-14T10:50:30.003Z</Time><DistanceMeters>2539.0257699999443</DistanceMeters><HeartRateBpm><Value>143</Value></HeartRateBpm><Cadence>26</Cadence><Extensions><ext:TPX><ext:Watts>50.63636363636363</ext:Watts><ext:Torque>20</ext:Torque></ext:TPX></Extensions></Trackpoint><Trackpoint><Time>2025-09-14T10:50:31.194Z</Time><DistanceMeters>2543.0504746830406</DistanceMeters><HeartRateBpm><Value>143</Value></HeartRateBpm><Cadence>25</Cadence><Extensions><ext:TPX><ext:Watts>49.35294117647059</ext:Watts><ext:Torque>20</ext:Torque></ext:TPX></Extensions></Trackpoint><Trackpoint><Time>2025-09-14T10:50:32.348Z</Time><DistanceMeters>2547.0186437888246</DistanceMeters><HeartRateBpm><Value>143</Value></HeartRateBpm><Cadence>26</Cadence><Extensions><ext:TPX><ext:Watts>50.60606060606061</ext:Watts><ext:Torque>20</ext:Torque></ext:TPX></Extensions></Trackpoint><Trackpoint><Time>2025-09-14T10:50:33.573Z</Time><DistanceMeters>2550.929688328965</DistanceMeters><HeartRateBpm><Value>143</Value></HeartRateBpm><Cadence>24</Cadence><Extensions><ext:TPX><ext:Watts>47.0</ext:Watts><ext:Torque>20</ext:Torque></ext:TPX></Extensions></Trackpoint><Trackpoint><Time>2025-09-14T10:50:34.728Z</Time><DistanceMeters>2554.717270098198</DistanceMeters><HeartRateBpm><Value>142</Value></HeartRateBpm><Cadence>26</Cadence><Extensions><ext:TPX><ext:Watts>48.303030303030305</ext:Watts><ext:Torque>20</ext:Torque></ext:TPX></Extensions></Trackpoint><Trackpoint><Time>2025-09-14T10:50:35.953Z</Time><DistanceMeters>2558.7020182132587</DistanceMeters><HeartRateBpm><Value>142</Value></HeartRateBpm><Cadence>24</Cadence><Extensions><ext:TPX><ext:Watts>47.885714285714286</ext:Watts><ext:Torque>20</ext:Torque></ext:TPX></Extensions></Trackpoint><Trackpoint><Time>2025-09-14T10:50:37.078Z</Time><DistanceMeters>2562.565519069143</DistanceMeters><HeartRateBpm><Value>142</Value></HeartRateBpm><Cadence>26</Cadence><Extensions><ext:TPX><ext:Watts>50.21875</ext:Watts><ext:Torque>20</ext:Torque></ext:TPX></Extensions></Trackpoint><Trackpoint><Time>2025-09-14T10:50:38.268Z</Time><DistanceMeters>2566.2448378914733</DistanceMeters><HeartRateBpm><Value>142</Value></HeartRateBpm><Cadence>25</Cadence><Extensions><ext:TPX><ext:Watts>45.11764705882353</ext:Watts><ext:Torque>20</ext:Torque></ext:TPX></Extensions></Trackpoint><Trackpoint><Time>2025-09-14T10:50:39.423Z</Time><DistanceMeters>2569.6094651093113</DistanceMeters><HeartRateBpm><Value>141</Value></HeartRateBpm><Cadence>26</Cadence><Extensions><ext:TPX><ext:Watts>42.90909090909091</ext:Watts><ext:Torque>20</ext:Torque></ext:TPX></Extensions></Trackpoint><Trackpoint><Time>2025-09-14T10:50:40.613Z</Time><DistanceMeters>2573.17845233723</DistanceMeters><HeartRateBpm><Value>141</Value></HeartRateBpm><Cadence>25</Cadence><Extensions><ext:TPX><ext:Watts>43.76470588235294</ext:Watts><ext:Torque>20</ext:Torque></ext:TPX></Extensions></Trackpoint><Trackpoint><Time>2025-09-14T10:50:41.838Z</Time><DistanceMeters>2576.870763687283</DistanceMeters><HeartRateBpm><Value>141</Value></HeartRateBpm><Cadence>24</Cadence><Extensions><ext:TPX><ext:Watts>44.371428571428574</ext:Watts><ext:Torque>20</ext:Torque></ext:TPX></Extensions></Trackpoint><Trackpoint><Time>2025-09-14T10:50:43.028Z</Time><DistanceMeters>2580.655617078181</DistanceMeters><HeartRateBpm><Value>140</Value></HeartRateBpm><Cadence>25</Cadence><Extensions><ext:TPX><ext:Watts>46.411764705882355</ext:Watts><ext:Torque>20</ext:Torque></ext:TPX></Extensions></Trackpoint><Trackpoint><Time>2025-09-14T10:50:44.253Z</Time><DistanceMeters>2584.4311421418543</DistanceMeters><HeartRateBpm><Value>140</Value></HeartRateBpm><Cadence>24</Cadence><Extensions><ext:TPX><ext:Watts>45.371428571428574</ext:Watts><ext:Torque>20</ext:Torque></ext:TPX></Extensions></Trackpoint><Trackpoint><Time>2025-09-14T10:50:45.479Z</Time><DistanceMeters>2588.178136789429</DistanceMeters><HeartRateBpm><Value>140</Value></HeartRateBpm><Cadence>24</Cadence><Extensions><ext:TPX><ext:Watts>45.02857142857143</ext:Watts><ext:Torque>20</ext:Torque></ext:TPX></Extensions></Trackpoint><Trackpoint><Time>2025-09-14T10:50:46.703Z</Time><DistanceMeters>2592.16288490449</DistanceMeters><HeartRateBpm><Value>139</Value></HeartRateBpm><Cadence>24</Cadence><Extensions><ext:TPX><ext:Watts>47.885714285714286</ext:Watts><ext:Torque>20</ext:Torque></ext:TPX></Extensions></Trackpoint><Trackpoint><Time>2025-09-14T10:50:47.963Z</Time><DistanceMeters>2596.150690242958</DistanceMeters><HeartRateBpm><Value>139</Value></HeartRateBpm><Cadence>24</Cadence><Extensions><ext:TPX><ext:Watts>46.94444444444444</ext:Watts><ext:Torque>20</ext:Torque></ext:TPX></Extensions></Trackpoint><Trackpoint><Time>2025-09-14T10:50:49.188Z</Time><DistanceMeters>2600.1568361700924</DistanceMeters><HeartRateBpm><Value>139</Value></HeartRateBpm><Cadence>24</Cadence><Extensions><ext:TPX><ext:Watts>48.142857142857146</ext:Watts><ext:Torque>20</ext:Torque></ext:TPX></Extensions></Trackpoint><Trackpoint><Time>2025-09-14T10:50:50.448Z</Time><DistanceMeters>2603.85440478866</DistanceMeters><HeartRateBpm><Value>138</Value></HeartRateBpm><Cadence>24</Cadence><Extensions><ext:TPX><ext:Watts>43.52777777777778</ext:Watts><ext:Torque>20</ext:Torque></ext:TPX></Extensions></Trackpoint><Trackpoint><Time>2025-09-14T10:50:51.673Z</Time><DistanceMeters>2607.9366318253897</DistanceMeters><HeartRateBpm><Value>138</Value></HeartRateBpm><Cadence>24</Cadence><Extensions><ext:TPX><ext:Watts>49.05714285714286</ext:Watts><ext:Torque>20</ext:Torque></ext:TPX></Extensions></Trackpoint><Trackpoint><Time>2025-09-14T10:50:52.903Z</Time><DistanceMeters>2611.778727859959</DistanceMeters><HeartRateBpm><Value>138</Value></HeartRateBpm><Cadence>24</Cadence><Extensions><ext:TPX><ext:Watts>46.17142857142857</ext:Watts><ext:Torque>20</ext:Torque></ext:TPX></Extensions></Trackpoint><Trackpoint><Time>2025-09-14T10:50:54.164Z</Time><DistanceMeters>2615.7641735502975</DistanceMeters><HeartRateBpm><Value>138</Value></HeartRateBpm><Cadence>24</Cadence><Extensions><ext:TPX><ext:Watts>46.916666666666664</ext:Watts><ext:Torque>20</ext:Torque></ext:TPX></Extensions></Trackpoint><Trackpoint><Time>2025-09-14T10:50:55.424Z</Time><DistanceMeters>2619.7590578331533</DistanceMeters><HeartRateBpm><Value>138</Value></HeartRateBpm><Cadence>24</Cadence><Extensions><ext:TPX><ext:Watts>47.02777777777778</ext:Watts><ext:Torque>20</ext:Torque></ext:TPX></Extensions></Trackpoint><Trackpoint><Time>2025-09-14T10:50:56.649Z</Time><DistanceMeters>2623.6059089370724</DistanceMeters><HeartRateBpm><Value>137</Value></HeartRateBpm><Cadence>24</Cadence><Extensions><ext:TPX><ext:Watts>46.22857142857143</ext:Watts><ext:Torque>20</ext:Torque></ext:TPX></Extensions></Trackpoint><Trackpoint><Time>2025-09-14T10:50:57.874Z</Time><DistanceMeters>2627.495555665139</DistanceMeters><HeartRateBpm><Value>137</Value></HeartRateBpm><Cadence>24</Cadence><Extensions><ext:TPX><ext:Watts>46.74285714285714</ext:Watts><ext:Torque>20</ext:Torque></ext:TPX></Extensions></Trackpoint><Trackpoint><Time>2025-09-14T10:50:59.134Z</Time><DistanceMeters>2631.4385276891508</DistanceMeters><HeartRateBpm><Value>137</Value></HeartRateBpm><Cadence>24</Cadence><Extensions><ext:TPX><ext:Watts>46.416666666666664</ext:Watts><ext:Torque>20</ext:Torque></ext:TPX></Extensions></Trackpoint><Trackpoint><Time>2025-09-14T10:51:00.363Z</Time><DistanceMeters>2635.2520933076216</DistanceMeters><HeartRateBpm><Value>137</Value></HeartRateBpm><Cadence>24</Cadence><Extensions><ext:TPX><ext:Watts>45.82857142857143</ext:Watts><ext:Torque>20</ext:Torque></ext:TPX></Extensions></Trackpoint><Trackpoint><Time>2025-09-14T10:51:01.588Z</Time><DistanceMeters>2639.2629943041056</DistanceMeters><HeartRateBpm><Value>137</Value></HeartRateBpm><Cadence>24</Cadence><Extensions><ext:TPX><ext:Watts>48.2</ext:Watts><ext:Torque>20</ext:Torque></ext:TPX></Extensions></Trackpoint><Trackpoint><Time>2025-09-14T10:51:02.814Z</Time><DistanceMeters>2643.159773636197</DistanceMeters><HeartRateBpm><Value>137</Value></HeartRateBpm><Cadence>24</Cadence><Extensions><ext:TPX><ext:Watts>46.82857142857143</ext:Watts><ext:Torque>20</ext:Torque></ext:TPX></Extensions></Trackpoint><Trackpoint><Time>2025-09-14T10:51:04.074Z</Time><DistanceMeters>2646.972965013099</DistanceMeters><HeartRateBpm><Value>137</Value></HeartRateBpm><Cadence>24</Cadence><Extensions><ext:TPX><ext:Watts>44.888888888888886</ext:Watts><ext:Torque>20</ext:Torque></ext:TPX></Extensions></Trackpoint><Trackpoint><Time>2025-09-14T10:51:05.298Z</Time><DistanceMeters>2650.836458859742</DistanceMeters><HeartRateBpm><Value>136</Value></HeartRateBpm><Cadence>24</Cadence><Extensions><ext:TPX><ext:Watts>46.42857142857143</ext:Watts><ext:Torque>20</ext:Torque></ext:TPX></Extensions></Trackpoint><Trackpoint><Time>2025-09-14T10:51:06.523Z</Time><DistanceMeters>2654.814074370778</DistanceMeters><HeartRateBpm><Value>136</Value></HeartRateBpm><Cadence>24</Cadence><Extensions><ext:TPX><ext:Watts>47.8</ext:Watts><ext:Torque>20</ext:Torque></ext:TPX></Extensions></Trackpoint><Trackpoint><Time>2025-09-14T10:51:07.784Z</Time><DistanceMeters>2658.808958653634</DistanceMeters><HeartRateBpm><Value>136</Value></HeartRateBpm><Cadence>24</Cadence><Extensions><ext:TPX><ext:Watts>47.02777777777778</ext:Watts><ext:Torque>20</ext:Torque></ext:TPX></Extensions></Trackpoint><Trackpoint><Time>2025-09-14T10:51:09.008Z</Time><DistanceMeters>2662.8103495114187</DistanceMeters><HeartRateBpm><Value>136</Value></HeartRateBpm><Cadence>24</Cadence><Extensions><ext:TPX><ext:Watts>48.08571428571429</ext:Watts><ext:Torque>20</ext:Torque></ext:TPX></Extensions></Trackpoint><Trackpoint><Time>2025-09-14T10:51:10.274Z</Time><DistanceMeters>2666.8396244106266</DistanceMeters><HeartRateBpm><Value>135</Value></HeartRateBpm><Cadence>24</Cadence><Extensions><ext:TPX><ext:Watts>46.44444444444444</ext:Watts><ext:Torque>20</ext:Torque></ext:TPX></Extensions></Trackpoint><Trackpoint><Time>2025-09-14T10:51:11.498Z</Time><DistanceMeters>2670.715005930644</DistanceMeters><HeartRateBpm><Value>135</Value></HeartRateBpm><Cadence>24</Cadence><Extensions><ext:TPX><ext:Watts>46.57142857142857</ext:Watts><ext:Torque>20</ext:Torque></ext:TPX></Extensions></Trackpoint><Trackpoint><Time>2025-09-14T10:51:12.724Z</Time><DistanceMeters>2674.576122242612</DistanceMeters><HeartRateBpm><Value>135</Value></HeartRateBpm><Cadence>24</Cadence><Extensions><ext:TPX><ext:Watts>46.4</ext:Watts><ext:Torque>20</ext:Torque></ext:TPX></Extensions></Trackpoint><Trackpoint><Time>2025-09-14T10:51:13.984Z</Time><DistanceMeters>2678.2736908611796</DistanceMeters><HeartRateBpm><Value>135</Value></HeartRateBpm><Cadence>24</Cadence><Extensions><ext:TPX><ext:Watts>43.52777777777778</ext:Watts><ext:Torque>20</ext:Torque></ext:TPX></Extensions></Trackpoint><Trackpoint><Time>2025-09-14T10:51:15.209Z</Time><DistanceMeters>2682.118164430424</DistanceMeters><HeartRateBpm><Value>135</Value></HeartRateBpm><Cadence>24</Cadence><Extensions><ext:TPX><ext:Watts>46.2</ext:Watts><ext:Torque>20</ext:Torque></ext:TPX></Extensions></Trackpoint><Trackpoint><Time>2025-09-14T10:51:16.434Z</Time><DistanceMeters>2685.950750326294</DistanceMeters><HeartRateBpm><Value>135</Value></HeartRateBpm><Cadence>24</Cadence><Extensions><ext:TPX><ext:Watts>46.05714285714286</ext:Watts><ext:Torque>20</ext:Torque></ext:TPX></Extensions></Trackpoint><Trackpoint><Time>2025-09-14T10:51:17.658Z</Time><DistanceMeters>2689.847529658385</DistanceMeters><HeartRateBpm><Value>134</Value></HeartRateBpm><Cadence>24</Cadence><Extensions><ext:TPX><ext:Watts>46.82857142857143</ext:Watts><ext:Torque>20</ext:Torque></ext:TPX></Extensions></Trackpoint><Trackpoint><Time>2025-09-14T10:51:18.919Z</Time><DistanceMeters>2693.4719491849455</DistanceMeters><HeartRateBpm><Value>134</Value></HeartRateBpm><Cadence>24</Cadence><Extensions><ext:TPX><ext:Watts>42.666666666666664</ext:Watts><ext:Torque>20</ext:Torque></ext:TPX></Extensions></Trackpoint><Trackpoint><Time>2025-09-14T10:51:20.148Z</Time><DistanceMeters>2697.292647407441</DistanceMeters><HeartRateBpm><Value>134</Value></HeartRateBpm><Cadence>24</Cadence><Extensions><ext:TPX><ext:Watts>45.91428571428571</ext:Watts><ext:Torque>20</ext:Torque></ext:TPX></Extensions></Trackpoint><Trackpoint><Time>2025-09-14T10:51:21.374Z</Time><DistanceMeters>2701.172783996808</DistanceMeters><HeartRateBpm><Value>134</Value></HeartRateBpm><Cadence>24</Cadence><Extensions><ext:TPX><ext:Watts>46.628571428571426</ext:Watts><ext:Torque>20</ext:Torque></ext:TPX></Extensions></Trackpoint><Trackpoint><Time>2025-09-14T10:51:22.599Z</Time><DistanceMeters>2705.024390170077</DistanceMeters><HeartRateBpm><Value>134</Value></HeartRateBpm><Cadence>24</Cadence><Extensions><ext:TPX><ext:Watts>46.285714285714285</ext:Watts><ext:Torque>20</ext:Torque></ext:TPX></Extensions></Trackpoint><Trackpoint><Time>2025-09-14T10:51:23.824Z</Time><DistanceMeters>2708.690548638707</DistanceMeters><HeartRateBpm><Value>133</Value></HeartRateBpm><Cadence>24</Cadence><Extensions><ext:TPX><ext:Watts>44.05714285714286</ext:Watts><ext:Torque>20</ext:Torque></ext:TPX></Extensions></Trackpoint><Trackpoint><Time>2025-09-14T10:51:25.014Z</Time><DistanceMeters>2712.59053064986</DistanceMeters><HeartRateBpm><Value>133</Value></HeartRateBpm><Cadence>25</Cadence><Extensions><ext:TPX><ext:Watts>47.8235294117647</ext:Watts><ext:Torque>20</ext:Torque></ext:TPX></Extensions></Trackpoint><Trackpoint><Time>2025-09-14T10:51:26.204Z</Time><DistanceMeters>2716.536084406531</DistanceMeters><HeartRateBpm><Value>133</Value></HeartRateBpm><Cadence>25</Cadence><Extensions><ext:TPX><ext:Watts>48.38235294117647</ext:Watts><ext:Torque>20</ext:Torque></ext:TPX></Extensions></Trackpoint><Trackpoint><Time>2025-09-14T10:51:27.399Z</Time><DistanceMeters>2720.2945541552867</DistanceMeters><HeartRateBpm><Value>132</Value></HeartRateBpm><Cadence>25</Cadence><Extensions><ext:TPX><ext:Watts>46.088235294117645</ext:Watts><ext:Torque>20</ext:Torque></ext:TPX></Extensions></Trackpoint><Trackpoint><Time>2025-09-14T10:51:28.554Z</Time><DistanceMeters>2724.24846636608</DistanceMeters><HeartRateBpm><Value>132</Value></HeartRateBpm><Cadence>26</Cadence><Extensions><ext:TPX><ext:Watts>50.42424242424242</ext:Watts><ext:Torque>20</ext:Torque></ext:TPX></Extensions></Trackpoint><Trackpoint><Time>2025-09-14T10:51:29.779Z</Time><DistanceMeters>2728.147623232846</DistanceMeters><HeartRateBpm><Value>132</Value></HeartRateBpm><Cadence>24</Cadence><Extensions><ext:TPX><ext:Watts>46.857142857142854</ext:Watts><ext:Torque>20</ext:Torque></ext:TPX></Extensions></Trackpoint><Trackpoint><Time>2025-09-14T10:51:30.935Z</Time><DistanceMeters>2731.982727985382</DistanceMeters><HeartRateBpm><Value>132</Value></HeartRateBpm><Cadence>26</Cadence><Extensions><ext:TPX><ext:Watts>48.90909090909091</ext:Watts><ext:Torque>20</ext:Torque></ext:TPX></Extensions></Trackpoint><Trackpoint><Time>2025-09-14T10:51:32.089Z</Time><DistanceMeters>2735.8724841687163</DistanceMeters><HeartRateBpm><Value>132</Value></HeartRateBpm><Cadence>26</Cadence><Extensions><ext:TPX><ext:Watts>49.60606060606061</ext:Watts><ext:Torque>20</ext:Torque></ext:TPX></Extensions></Trackpoint><Trackpoint><Time>2025-09-14T10:51:33.279Z</Time><DistanceMeters>2739.7077063309757</DistanceMeters><HeartRateBpm><Value>131</Value></HeartRateBpm><Cadence>25</Cadence><Extensions><ext:TPX><ext:Watts>47.029411764705884</ext:Watts><ext:Torque>20</ext:Torque></ext:TPX></Extensions></Trackpoint><Trackpoint><Time>2025-09-14T10:51:34.470Z</Time><DistanceMeters>2743.638869010115</DistanceMeters><HeartRateBpm><Value>131</Value></HeartRateBpm><Cadence>25</Cadence><Extensions><ext:TPX><ext:Watts>48.205882352941174</ext:Watts><ext:Torque>20</ext:Torque></ext:TPX></Extensions></Trackpoint><Trackpoint><Time>2025-09-14T10:51:35.659Z</Time><DistanceMeters>2747.562836150488</DistanceMeters><HeartRateBpm><Value>131</Value></HeartRateBpm><Cadence>25</Cadence><Extensions><ext:TPX><ext:Watts>48.11764705882353</ext:Watts><ext:Torque>20</ext:Torque></ext:TPX></Extensions></Trackpoint><Trackpoint><Time>2025-09-14T10:51:36.814Z</Time><DistanceMeters>2751.338537173895</DistanceMeters><HeartRateBpm><Value>131</Value></HeartRateBpm><Cadence>26</Cadence><Extensions><ext:TPX><ext:Watts>48.15151515151515</ext:Watts><ext:Torque>20</ext:Torque></ext:TPX></Extensions></Trackpoint><Trackpoint><Time>2025-09-14T10:51:38.039Z</Time><DistanceMeters>2755.2234288326117</DistanceMeters><HeartRateBpm><Value>131</Value></HeartRateBpm><Cadence>24</Cadence><Extensions><ext:TPX><ext:Watts>46.68571428571428</ext:Watts><ext:Torque>20</ext:Torque></ext:TPX></Extensions></Trackpoint><Trackpoint><Time>2025-09-14T10:51:39.164Z</Time><DistanceMeters>2759.144629763506</DistanceMeters><HeartRateBpm><Value>131</Value></HeartRateBpm><Cadence>26</Cadence><Extensions><ext:TPX><ext:Watts>50.96875</ext:Watts><ext:Torque>20</ext:Torque></ext:TPX></Extensions></Trackpoint><Trackpoint><Time>2025-09-14T10:51:40.389Z</Time><DistanceMeters>2763.012878679499</DistanceMeters><HeartRateBpm><Value>131</Value></HeartRateBpm><Cadence>24</Cadence><Extensions><ext:TPX><ext:Watts>46.48571428571429</ext:Watts><ext:Torque>20</ext:Torque></ext:TPX></Extensions></Trackpoint><Trackpoint><Time>2025-09-14T10:51:41.544Z</Time><DistanceMeters>2766.7077906312916</DistanceMeters><HeartRateBpm><Value>132</Value></HeartRateBpm><Cadence>26</Cadence><Extensions><ext:TPX><ext:Watts>47.121212121212125</ext:Watts><ext:Torque>20</ext:Torque></ext:TPX></Extensions></Trackpoint><Trackpoint><Time>2025-09-14T10:51:42.699Z</Time><DistanceMeters>2770.3908218372585</DistanceMeters><HeartRateBpm><Value>132</Value></HeartRateBpm><Cadence>26</Cadence><Extensions><ext:TPX><ext:Watts>46.96969696969697</ext:Watts><ext:Torque>20</ext:Torque></ext:TPX></Extensions></Trackpoint><Trackpoint><Time>2025-09-14T10:51:43.859Z</Time><DistanceMeters>2774.190284352317</DistanceMeters><HeartRateBpm><Value>132</Value></HeartRateBpm><Cadence>26</Cadence><Extensions><ext:TPX><ext:Watts>48.45454545454545</ext:Watts><ext:Torque>20</ext:Torque></ext:TPX></Extensions></Trackpoint><Trackpoint><Time>2025-09-14T10:51:45.049Z</Time><DistanceMeters>2777.972739230293</DistanceMeters><HeartRateBpm><Value>132</Value></HeartRateBpm><Cadence>25</Cadence><Extensions><ext:TPX><ext:Watts>46.38235294117647</ext:Watts><ext:Torque>20</ext:Torque></ext:TPX></Extensions></Trackpoint><Trackpoint><Time>2025-09-14T10:51:46.204Z</Time><DistanceMeters>2781.7460641045354</DistanceMeters><HeartRateBpm><Value>132</Value></HeartRateBpm><Cadence>26</Cadence><Extensions><ext:TPX><ext:Watts>48.121212121212125</ext:Watts><ext:Torque>20</ext:Torque></ext:TPX></Extensions></Trackpoint><Trackpoint><Time>2025-09-14T10:51:47.324Z</Time><DistanceMeters>2785.4200362418105</DistanceMeters><HeartRateBpm><Value>133</Value></HeartRateBpm><Cadence>27</Cadence><Extensions><ext:TPX><ext:Watts>48.65625</ext:Watts><ext:Torque>20</ext:Torque></ext:TPX></Extensions></Trackpoint><Trackpoint><Time>2025-09-14T10:51:47.919Z</Time><DistanceMeters>2789.024929920601</DistanceMeters><HeartRateBpm><Value>133</Value></HeartRateBpm><Cadence>50</Cadence><Extensions><ext:TPX><ext:Watts>89.29411764705883</ext:Watts><ext:Torque>35</ext:Torque></ext:TPX></Extensions></Trackpoint><Trackpoint><Time>2025-09-14T10:51:49.634Z</Time><DistanceMeters>2792.6105390107973</DistanceMeters><HeartRateBpm><Value>133</Value></HeartRateBpm><Cadence>26</Cadence><Extensions><ext:TPX><ext:Watts>45.72727272727273</ext:Watts><ext:Torque>20</ext:Torque></ext:TPX></Extensions></Trackpoint><Trackpoint><Time>2025-09-14T10:51:50.754Z</Time><DistanceMeters>2796.3364234069163</DistanceMeters><HeartRateBpm><Value>133</Value></HeartRateBpm><Cadence>27</Cadence><Extensions><ext:TPX><ext:Watts>49.34375</ext:Watts><ext:Torque>20</ext:Torque></ext:TPX></Extensions></Trackpoint><Trackpoint><Time>2025-09-14T10:51:51.909Z</Time><DistanceMeters>2799.981436226241</DistanceMeters><HeartRateBpm><Value>133</Value></HeartRateBpm><Cadence>26</Cadence><Extensions><ext:TPX><ext:Watts>46.484848484848484</ext:Watts><ext:Torque>20</ext:Torque></ext:TPX></Extensions></Trackpoint><Trackpoint><Time>2025-09-14T10:51:53.069Z</Time><DistanceMeters>2803.70248581885</DistanceMeters><HeartRateBpm><Value>133</Value></HeartRateBpm><Cadence>26</Cadence><Extensions><ext:TPX><ext:Watts>47.45454545454545</ext:Watts><ext:Torque>20</ext:Torque></ext:TPX></Extensions></Trackpoint><Trackpoint><Time>2025-09-14T10:51:54.189Z</Time><DistanceMeters>2807.3198264010225</DistanceMeters><HeartRateBpm><Value>133</Value></HeartRateBpm><Cadence>27</Cadence><Extensions><ext:TPX><ext:Watts>47.90625</ext:Watts><ext:Torque>20</ext:Torque></ext:TPX></Extensions></Trackpoint><Trackpoint><Time>2025-09-14T10:51:55.309Z</Time><DistanceMeters>2810.9584038163584</DistanceMeters><HeartRateBpm><Value>133</Value></HeartRateBpm><Cadence>27</Cadence><Extensions><ext:TPX><ext:Watts>48.1875</ext:Watts><ext:Torque>20</ext:Torque></ext:TPX></Extensions></Trackpoint><Trackpoint><Time>2025-09-14T10:51:56.464Z</Time><DistanceMeters>2814.584407442362</DistanceMeters><HeartRateBpm><Value>133</Value></HeartRateBpm><Cadence>26</Cadence><Extensions><ext:TPX><ext:Watts>46.24242424242424</ext:Watts><ext:Torque>20</ext:Torque></ext:TPX></Extensions></Trackpoint><Trackpoint><Time>2025-09-14T10:51:57.584Z</Time><DistanceMeters>2818.4023181155226</DistanceMeters><HeartRateBpm><Value>133</Value></HeartRateBpm><Cadence>27</Cadence><Extensions><ext:TPX><ext:Watts>50.5625</ext:Watts><ext:Torque>20</ext:Torque></ext:TPX></Extensions></Trackpoint><Trackpoint><Time>2025-09-14T10:51:58.739Z</Time><DistanceMeters>2822.2754412547006</DistanceMeters><HeartRateBpm><Value>133</Value></HeartRateBpm><Cadence>26</Cadence><Extensions><ext:TPX><ext:Watts>49.39393939393939</ext:Watts><ext:Torque>20</ext:Torque></ext:TPX></Extensions></Trackpoint><Trackpoint><Time>2025-09-14T10:51:59.894Z</Time><DistanceMeters>2826.0440138306126</DistanceMeters><HeartRateBpm><Value>133</Value></HeartRateBpm><Cadence>26</Cadence><Extensions><ext:TPX><ext:Watts>48.06060606060606</ext:Watts><ext:Torque>20</ext:Torque></ext:TPX></Extensions></Trackpoint><Trackpoint><Time>2025-09-14T10:52:01.049Z</Time><DistanceMeters>2829.957531505598</DistanceMeters><HeartRateBpm><Value>133</Value></HeartRateBpm><Cadence>26</Cadence><Extensions><ext:TPX><ext:Watts>49.90909090909091</ext:Watts><ext:Torque>20</ext:Torque></ext:TPX></Extensions></Trackpoint><Trackpoint><Time>2025-09-14T10:52:02.139Z</Time><DistanceMeters>2833.427567766401</DistanceMeters><HeartRateBpm><Value>133</Value></HeartRateBpm><Cadence>28</Cadence><Extensions><ext:TPX><ext:Watts>46.806451612903224</ext:Watts><ext:Torque>20</ext:Torque></ext:TPX></Extensions></Trackpoint><Trackpoint><Time>2025-09-14T10:52:03.294Z</Time><DistanceMeters>2837.2008926406434</DistanceMeters><HeartRateBpm><Value>133</Value></HeartRateBpm><Cadence>26</Cadence><Extensions><ext:TPX><ext:Watts>48.121212121212125</ext:Watts><ext:Torque>20</ext:Torque></ext:TPX></Extensions></Trackpoint><Trackpoint><Time>2025-09-14T10:52:04.449Z</Time><DistanceMeters>2841.0217404981886</DistanceMeters><HeartRateBpm><Value>133</Value></HeartRateBpm><Cadence>26</Cadence><Extensions><ext:TPX><ext:Watts>48.72727272727273</ext:Watts><ext:Torque>20</ext:Torque></ext:TPX></Extensions></Trackpoint><Trackpoint><Time>2025-09-14T10:52:05.569Z</Time><DistanceMeters>2844.6532389691365</DistanceMeters><HeartRateBpm><Value>134</Value></HeartRateBpm><Cadence>27</Cadence><Extensions><ext:TPX><ext:Watts>48.09375</ext:Watts><ext:Torque>20</ext:Torque></ext:TPX></Extensions></Trackpoint><Trackpoint><Time>2025-09-14T10:52:06.759Z</Time><DistanceMeters>2848.3757310240626</DistanceMeters><HeartRateBpm><Value>134</Value></HeartRateBpm><Cadence>25</Cadence><Extensions><ext:TPX><ext:Watts>45.64705882352941</ext:Watts><ext:Torque>20</ext:Torque></ext:TPX></Extensions></Trackpoint><Trackpoint><Time>2025-09-14T10:52:07.949Z</Time><DistanceMeters>2852.0910275402225</DistanceMeters><HeartRateBpm><Value>134</Value></HeartRateBpm><Cadence>25</Cadence><Extensions><ext:TPX><ext:Watts>45.55882352941177</ext:Watts><ext:Torque>20</ext:Torque></ext:TPX></Extensions></Trackpoint><Trackpoint><Time>2025-09-14T10:52:09.144Z</Time><DistanceMeters>2855.895069034496</DistanceMeters><HeartRateBpm><Value>134</Value></HeartRateBpm><Cadence>25</Cadence><Extensions><ext:TPX><ext:Watts>46.64705882352941</ext:Watts><ext:Torque>20</ext:Torque></ext:TPX></Extensions></Trackpoint><Trackpoint><Time>2025-09-14T10:52:10.369Z</Time><DistanceMeters>2859.66108395947</DistanceMeters><HeartRateBpm><Value>134</Value></HeartRateBpm><Cadence>24</Cadence><Extensions><ext:TPX><ext:Watts>45.25714285714286</ext:Watts><ext:Torque>20</ext:Torque></ext:TPX></Extensions></Trackpoint><Trackpoint><Time>2025-09-14T10:52:11.594Z</Time><DistanceMeters>2863.427098884444</DistanceMeters><HeartRateBpm><Value>134</Value></HeartRateBpm><Cadence>24</Cadence><Extensions><ext:TPX><ext:Watts>45.25714285714286</ext:Watts><ext:Torque>20</ext:Torque></ext:TPX></Extensions></Trackpoint><Trackpoint><Time>2025-09-14T10:52:12.785Z</Time><DistanceMeters>2867.202358223654</DistanceMeters><HeartRateBpm><Value>134</Value></HeartRateBpm><Cadence>25</Cadence><Extensions><ext:TPX><ext:Watts>46.294117647058826</ext:Watts><ext:Torque>20</ext:Torque></ext:TPX></Extensions></Trackpoint><Trackpoint><Time>2025-09-14T10:52:14.009Z</Time><DistanceMeters>2871.0230564461494</DistanceMeters><HeartRateBpm><Value>134</Value></HeartRateBpm><Cadence>24</Cadence><Extensions><ext:TPX><ext:Watts>45.91428571428571</ext:Watts><ext:Torque>20</ext:Torque></ext:TPX></Extensions></Trackpoint><Trackpoint><Time>2025-09-14T10:52:15.199Z</Time><DistanceMeters>2874.774330656139</DistanceMeters><HeartRateBpm><Value>134</Value></HeartRateBpm><Cadence>25</Cadence><Extensions><ext:TPX><ext:Watts>46.0</ext:Watts><ext:Torque>20</ext:Torque></ext:TPX></Extensions></Trackpoint><Trackpoint><Time>2025-09-14T10:52:16.389Z</Time><DistanceMeters>2878.5975602537887</DistanceMeters><HeartRateBpm><Value>134</Value></HeartRateBpm><Cadence>25</Cadence><Extensions><ext:TPX><ext:Watts>46.88235294117647</ext:Watts><ext:Torque>20</ext:Torque></ext:TPX></Extensions></Trackpoint><Trackpoint><Time>2025-09-14T10:52:17.579Z</Time><DistanceMeters>2882.5215273941617</DistanceMeters><HeartRateBpm><Value>134</Value></HeartRateBpm><Cadence>25</Cadence><Extensions><ext:TPX><ext:Watts>48.11764705882353</ext:Watts><ext:Torque>20</ext:Torque></ext:TPX></Extensions></Trackpoint><Trackpoint><Time>2025-09-14T10:52:18.769Z</Time><DistanceMeters>2886.4718781766765</DistanceMeters><HeartRateBpm><Value>133</Value></HeartRateBpm><Cadence>25</Cadence><Extensions><ext:TPX><ext:Watts>48.44117647058823</ext:Watts><ext:Torque>20</ext:Torque></ext:TPX></Extensions></Trackpoint><Trackpoint><Time>2025-09-14T10:52:19.925Z</Time><DistanceMeters>2890.3283682716988</DistanceMeters><HeartRateBpm><Value>133</Value></HeartRateBpm><Cadence>26</Cadence><Extensions><ext:TPX><ext:Watts>49.18181818181818</ext:Watts><ext:Torque>20</ext:Torque></ext:TPX></Extensions></Trackpoint><Trackpoint><Time>2025-09-14T10:52:21.115Z</Time><DistanceMeters>2894.1372067918164</DistanceMeters><HeartRateBpm><Value>133</Value></HeartRateBpm><Cadence>25</Cadence><Extensions><ext:TPX><ext:Watts>46.705882352941174</ext:Watts><ext:Torque>20</ext:Torque></ext:TPX></Extensions></Trackpoint><Trackpoint><Time>2025-09-14T10:52:22.269Z</Time><DistanceMeters>2898.0412198701415</DistanceMeters><HeartRateBpm><Value>133</Value></HeartRateBpm><Cadence>26</Cadence><Extensions><ext:TPX><ext:Watts>49.78787878787879</ext:Watts><ext:Torque>20</ext:Torque></ext:TPX></Extensions></Trackpoint><Trackpoint><Time>2025-09-14T10:52:23.424Z</Time><DistanceMeters>2901.8264254902097</DistanceMeters><HeartRateBpm><Value>133</Value></HeartRateBpm><Cadence>26</Cadence><Extensions><ext:TPX><ext:Watts>48.27272727272727</ext:Watts><ext:Torque>20</ext:Torque></ext:TPX></Extensions></Trackpoint><Trackpoint><Time>2025-09-14T10:52:24.549Z</Time><DistanceMeters>2905.7283930627673</DistanceMeters><HeartRateBpm><Value>133</Value></HeartRateBpm><Cadence>26</Cadence><Extensions><ext:TPX><ext:Watts>50.71875</ext:Watts><ext:Torque>20</ext:Torque></ext:TPX></Extensions></Trackpoint><Trackpoint><Time>2025-09-14T10:52:25.739Z</Time><DistanceMeters>2909.534833069963</DistanceMeters><HeartRateBpm><Value>132</Value></HeartRateBpm><Cadence>25</Cadence><Extensions><ext:TPX><ext:Watts>46.6764705882353</ext:Watts><ext:Torque>20</ext:Torque></ext:TPX></Extensions></Trackpoint><Trackpoint><Time>2025-09-14T10:52:26.930Z</Time><DistanceMeters>2913.468394262024</DistanceMeters><HeartRateBpm><Value>132</Value></HeartRateBpm><Cadence>25</Cadence><Extensions><ext:TPX><ext:Watts>48.23529411764706</ext:Watts><ext:Torque>20</ext:Torque></ext:TPX></Extensions></Trackpoint><Trackpoint><Time>2025-09-14T10:52:28.125Z</Time><DistanceMeters>2917.373173299021</DistanceMeters><HeartRateBpm><Value>132</Value></HeartRateBpm><Cadence>25</Cadence><Extensions><ext:TPX><ext:Watts>47.88235294117647</ext:Watts><ext:Torque>20</ext:Torque></ext:TPX></Extensions></Trackpoint><Trackpoint><Time>2025-09-14T10:52:29.315Z</Time><DistanceMeters>2921.1820118191386</DistanceMeters><HeartRateBpm><Value>132</Value></HeartRateBpm><Cadence>25</Cadence><Extensions><ext:TPX><ext:Watts>46.705882352941174</ext:Watts><ext:Torque>20</ext:Torque></ext:TPX></Extensions></Trackpoint><Trackpoint><Time>2025-09-14T10:52:30.505Z</Time><DistanceMeters>2924.9428800808164</DistanceMeters><HeartRateBpm><Value>132</Value></HeartRateBpm><Cadence>25</Cadence><Extensions><ext:TPX><ext:Watts>46.11764705882353</ext:Watts><ext:Torque>20</ext:Torque></ext:TPX></Extensions></Trackpoint><Trackpoint><Time>2025-09-14T10:52:31.665Z</Time><DistanceMeters>2928.6924434634075</DistanceMeters><HeartRateBpm><Value>132</Value></HeartRateBpm><Cadence>26</Cadence><Extensions><ext:TPX><ext:Watts>47.81818181818182</ext:Watts><ext:Torque>20</ext:Torque></ext:TPX></Extensions></Trackpoint><Trackpoint><Time>2025-09-14T10:52:32.855Z</Time><DistanceMeters>2932.6355987071565</DistanceMeters><HeartRateBpm><Value>133</Value></HeartRateBpm><Cadence>25</Cadence><Extensions><ext:TPX><ext:Watts>48.35294117647059</ext:Watts><ext:Torque>20</ext:Torque></ext:TPX></Extensions></Trackpoint><Trackpoint><Time>2025-09-14T10:52:34.045Z</Time><DistanceMeters>2936.5595658475295</DistanceMeters><HeartRateBpm><Value>133</Value></HeartRateBpm><Cadence>25</Cadence><Extensions><ext:TPX><ext:Watts>48.11764705882353</ext:Watts><ext:Torque>20</ext:Torque></ext:TPX></Extensions></Trackpoint><Trackpoint><Time>2025-09-14T10:52:35.235Z</Time><DistanceMeters>2940.4715404232925</DistanceMeters><HeartRateBpm><Value>133</Value></HeartRateBpm><Cadence>25</Cadence><Extensions><ext:TPX><ext:Watts>47.970588235294116</ext:Watts><ext:Torque>20</ext:Torque></ext:TPX></Extensions></Trackpoint><Trackpoint><Time>2025-09-14T10:52:36.425Z</Time><DistanceMeters>2944.501042132233</DistanceMeters><HeartRateBpm><Value>134</Value></HeartRateBpm><Cadence>25</Cadence><Extensions><ext:TPX><ext:Watts>49.411764705882355</ext:Watts><ext:Torque>20</ext:Torque></ext:TPX></Extensions></Trackpoint><Trackpoint><Time>2025-09-14T10:52:37.615Z</Time><DistanceMeters>2948.389031578776</DistanceMeters><HeartRateBpm><Value>134</Value></HeartRateBpm><Cadence>25</Cadence><Extensions><ext:TPX><ext:Watts>47.6764705882353</ext:Watts><ext:Torque>20</ext:Torque></ext:TPX></Extensions></Trackpoint><Trackpoint><Time>2025-09-14T10:52:38.770Z</Time><DistanceMeters>2952.1243380663764</DistanceMeters><HeartRateBpm><Value>135</Value></HeartRateBpm><Cadence>26</Cadence><Extensions><ext:TPX><ext:Watts>47.63636363636363</ext:Watts><ext:Torque>20</ext:Torque></ext:TPX></Extensions></Trackpoint><Trackpoint><Time>2025-09-14T10:52:39.960Z</Time><DistanceMeters>2955.918785508962</DistanceMeters><HeartRateBpm><Value>135</Value></HeartRateBpm><Cadence>25</Cadence><Extensions><ext:TPX><ext:Watts>46.529411764705884</ext:Watts><ext:Torque>20</ext:Torque></ext:TPX></Extensions></Trackpoint><Trackpoint><Time>2025-09-14T10:52:41.115Z</Time><DistanceMeters>2959.597064416599</DistanceMeters><HeartRateBpm><Value>136</Value></HeartRateBpm><Cadence>26</Cadence><Extensions><ext:TPX><ext:Watts>46.90909090909091</ext:Watts><ext:Torque>20</ext:Torque></ext:TPX></Extensions></Trackpoint><Trackpoint><Time>2025-09-14T10:52:42.235Z</Time><DistanceMeters>2963.4668873486034</DistanceMeters><HeartRateBpm><Value>136</Value></HeartRateBpm><Cadence>27</Cadence><Extensions><ext:TPX><ext:Watts>51.25</ext:Watts><ext:Torque>20</ext:Torque></ext:TPX></Extensions></Trackpoint><Trackpoint><Time>2025-09-14T10:52:43.390Z</Time><DistanceMeters>2967.361395830268</DistanceMeters><HeartRateBpm><Value>136</Value></HeartRateBpm><Cadence>26</Cadence><Extensions><ext:TPX><ext:Watts>49.666666666666664</ext:Watts><ext:Torque>20</ext:Torque></ext:TPX></Extensions></Trackpoint><Trackpoint><Time>2025-09-14T10:52:44.545Z</Time><DistanceMeters>2971.3248126377216</DistanceMeters><HeartRateBpm><Value>137</Value></HeartRateBpm><Cadence>26</Cadence><Extensions><ext:TPX><ext:Watts>50.54545454545455</ext:Watts><ext:Torque>20</ext:Torque></ext:TPX></Extensions></Trackpoint><Trackpoint><Time>2025-09-14T10:52:45.665Z</Time><DistanceMeters>2975.1804776809504</DistanceMeters><HeartRateBpm><Value>137</Value></HeartRateBpm><Cadence>27</Cadence><Extensions><ext:TPX><ext:Watts>51.0625</ext:Watts><ext:Torque>20</ext:Torque></ext:TPX></Extensions></Trackpoint><Trackpoint><Time>2025-09-14T10:52:46.820Z</Time><DistanceMeters>2979.1343898917435</DistanceMeters><HeartRateBpm><Value>137</Value></HeartRateBpm><Cadence>26</Cadence><Extensions><ext:TPX><ext:Watts>50.42424242424242</ext:Watts><ext:Torque>20</ext:Torque></ext:TPX></Extensions></Trackpoint><Trackpoint><Time>2025-09-14T10:52:47.940Z</Time><DistanceMeters>2982.898028657931</DistanceMeters><HeartRateBpm><Value>137</Value></HeartRateBpm><Cadence>27</Cadence><Extensions><ext:TPX><ext:Watts>49.84375</ext:Watts><ext:Torque>20</ext:Torque></ext:TPX></Extensions></Trackpoint><Trackpoint><Time>2025-09-14T10:52:49.095Z</Time><DistanceMeters>2986.806794034586</DistanceMeters><HeartRateBpm><Value>137</Value></HeartRateBpm><Cadence>26</Cadence><Extensions><ext:TPX><ext:Watts>49.84848484848485</ext:Watts><ext:Torque>20</ext:Torque></ext:TPX></Extensions></Trackpoint><Trackpoint><Time>2025-09-14T10:52:50.215Z</Time><DistanceMeters>2990.6129064671</DistanceMeters><HeartRateBpm><Value>138</Value></HeartRateBpm><Cadence>27</Cadence><Extensions><ext:TPX><ext:Watts>50.40625</ext:Watts><ext:Torque>20</ext:Torque></ext:TPX></Extensions></Trackpoint><Trackpoint><Time>2025-09-14T10:52:51.370Z</Time><DistanceMeters>2994.398112087168</DistanceMeters><HeartRateBpm><Value>138</Value></HeartRateBpm><Cadence>26</Cadence><Extensions><ext:TPX><ext:Watts>48.27272727272727</ext:Watts><ext:Torque>20</ext:Torque></ext:TPX></Extensions></Trackpoint><Trackpoint><Time>2025-09-14T10:52:52.490Z</Time><DistanceMeters>2998.230180649104</DistanceMeters><HeartRateBpm><Value>138</Value></HeartRateBpm><Cadence>27</Cadence><Extensions><ext:TPX><ext:Watts>50.75</ext:Watts><ext:Torque>20</ext:Torque></ext:TPX></Extensions></Trackpoint><Trackpoint><Time>2025-09-14T10:52:53.645Z</Time><DistanceMeters>3002.1436983240897</DistanceMeters><HeartRateBpm><Value>138</Value></HeartRateBpm><Cadence>26</Cadence><Extensions><ext:TPX><ext:Watts>49.90909090909091</ext:Watts><ext:Torque>20</ext:Torque></ext:TPX></Extensions></Trackpoint><Trackpoint><Time>2025-09-14T10:52:54.800Z</Time><DistanceMeters>3006.0382068057543</DistanceMeters><HeartRateBpm><Value>138</Value></HeartRateBpm><Cadence>26</Cadence><Extensions><ext:TPX><ext:Watts>49.666666666666664</ext:Watts><ext:Torque>20</ext:Torque></ext:TPX></Extensions></Trackpoint><Trackpoint><Time>2025-09-14T10:52:55.920Z</Time><DistanceMeters>3009.77352979439</DistanceMeters><HeartRateBpm><Value>138</Value></HeartRateBpm><Cadence>27</Cadence><Extensions><ext:TPX><ext:Watts>49.46875</ext:Watts><ext:Torque>20</ext:Torque></ext:TPX></Extensions></Trackpoint><Trackpoint><Time>2025-09-14T10:52:57.040Z</Time><DistanceMeters>3013.5914404675505</DistanceMeters><HeartRateBpm><Value>138</Value></HeartRateBpm><Cadence>27</Cadence><Extensions><ext:TPX><ext:Watts>50.5625</ext:Watts><ext:Torque>20</ext:Torque></ext:TPX></Extensions></Trackpoint><Trackpoint><Time>2025-09-14T10:52:58.165Z</Time><DistanceMeters>3017.5511081151185</DistanceMeters><HeartRateBpm><Value>138</Value></HeartRateBpm><Cadence>26</Cadence><Extensions><ext:TPX><ext:Watts>51.46875</ext:Watts><ext:Torque>20</ext:Torque></ext:TPX></Extensions></Trackpoint><Trackpoint><Time>2025-09-14T10:52:59.320Z</Time><DistanceMeters>3021.360075226838</DistanceMeters><HeartRateBpm><Value>138</Value></HeartRateBpm><Cadence>26</Cadence><Extensions><ext:TPX><ext:Watts>48.57575757575758</ext:Watts><ext:Torque>20</ext:Torque></ext:TPX></Extensions></Trackpoint><Trackpoint><Time>2025-09-14T10:53:00.475Z</Time><DistanceMeters>3025.261712155998</DistanceMeters><HeartRateBpm><Value>138</Value></HeartRateBpm><Cadence>26</Cadence><Extensions><ext:TPX><ext:Watts>49.75757575757576</ext:Watts><ext:Torque>20</ext:Torque></ext:TPX></Extensions></Trackpoint><Trackpoint><Time>2025-09-14T10:53:01.595Z</Time><DistanceMeters>3029.0560263478656</DistanceMeters><HeartRateBpm><Value>139</Value></HeartRateBpm><Cadence>27</Cadence><Extensions><ext:TPX><ext:Watts>50.25</ext:Watts><ext:Torque>20</ext:Torque></ext:TPX></Extensions></Trackpoint><Trackpoint><Time>2025-09-14T10:53:02.715Z</Time><DistanceMeters>3032.840901947216</DistanceMeters><HeartRateBpm><Value>139</Value></HeartRateBpm><Cadence>27</Cadence><Extensions><ext:TPX><ext:Watts>50.125</ext:Watts><ext:Torque>20</ext:Torque></ext:TPX></Extensions></Trackpoint><Trackpoint><Time>2025-09-14T10:53:03.870Z</Time><DistanceMeters>3036.7758049646877</DistanceMeters><HeartRateBpm><Value>139</Value></HeartRateBpm><Cadence>26</Cadence><Extensions><ext:TPX><ext:Watts>50.18181818181818</ext:Watts><ext:Torque>20</ext:Torque></ext:TPX></Extensions></Trackpoint><Trackpoint><Time>2025-09-14T10:53:04.955Z</Time><DistanceMeters>3040.523252808022</DistanceMeters><HeartRateBpm><Value>139</Value></HeartRateBpm><Cadence>28</Cadence><Extensions><ext:TPX><ext:Watts>50.54838709677419</ext:Watts><ext:Torque>20</ext:Torque></ext:TPX></Extensions></Trackpoint><Trackpoint><Time>2025-09-14T10:53:06.080Z</Time><DistanceMeters>3044.3627119659855</DistanceMeters><HeartRateBpm><Value>139</Value></HeartRateBpm><Cadence>26</Cadence><Extensions><ext:TPX><ext:Watts>49.90625</ext:Watts><ext:Torque>20</ext:Torque></ext:TPX></Extensions></Trackpoint><Trackpoint><Time>2025-09-14T10:53:07.240Z</Time><DistanceMeters>3048.3023672817876</DistanceMeters><HeartRateBpm><Value>140</Value></HeartRateBpm><Cadence>26</Cadence><Extensions><ext:TPX><ext:Watts>50.24242424242424</ext:Watts><ext:Torque>20</ext:Torque></ext:TPX></Extensions></Trackpoint><Trackpoint><Time>2025-09-14T10:53:08.400Z</Time><DistanceMeters>3052.1826188684613</DistanceMeters><HeartRateBpm><Value>140</Value></HeartRateBpm><Cadence>26</Cadence><Extensions><ext:TPX><ext:Watts>49.484848484848484</ext:Watts><ext:Torque>20</ext:Torque></ext:TPX></Extensions></Trackpoint><Trackpoint><Time>2025-09-14T10:53:09.520Z</Time><DistanceMeters>3056.090196170534</DistanceMeters><HeartRateBpm><Value>140</Value></HeartRateBpm><Cadence>27</Cadence><Extensions><ext:TPX><ext:Watts>51.75</ext:Watts><ext:Torque>20</ext:Torque></ext:TPX></Extensions></Trackpoint><Trackpoint><Time>2025-09-14T10:53:10.640Z</Time><DistanceMeters>3060.120475175329</DistanceMeters><HeartRateBpm><Value>140</Value></HeartRateBpm><Cadence>27</Cadence><Extensions><ext:TPX><ext:Watts>53.375</ext:Watts><ext:Torque>20</ext:Torque></ext:TPX></Extensions></Trackpoint><Trackpoint><Time>2025-09-14T10:53:11.795Z</Time><DistanceMeters>3064.060130491131</DistanceMeters><HeartRateBpm><Value>140</Value></HeartRateBpm><Cadence>26</Cadence><Extensions><ext:TPX><ext:Watts>50.24242424242424</ext:Watts><ext:Torque>20</ext:Torque></ext:TPX></Extensions></Trackpoint><Trackpoint><Time>2025-09-14T10:53:12.950Z</Time><DistanceMeters>3067.995033508603</DistanceMeters><HeartRateBpm><Value>140</Value></HeartRateBpm><Cadence>26</Cadence><Extensions><ext:TPX><ext:Watts>50.18181818181818</ext:Watts><ext:Torque>20</ext:Torque></ext:TPX></Extensions></Trackpoint><Trackpoint><Time>2025-09-14T10:53:14.110Z</Time><DistanceMeters>3072.0154778960195</DistanceMeters><HeartRateBpm><Value>140</Value></HeartRateBpm><Cadence>26</Cadence><Extensions><ext:TPX><ext:Watts>51.27272727272727</ext:Watts><ext:Torque>20</ext:Torque></ext:TPX></Extensions></Trackpoint><Trackpoint><Time>2025-09-14T10:53:15.300Z</Time><DistanceMeters>3076.1001454021657</DistanceMeters><HeartRateBpm><Value>140</Value></HeartRateBpm><Cadence>25</Cadence><Extensions><ext:TPX><ext:Watts>50.088235294117645</ext:Watts><ext:Torque>20</ext:Torque></ext:TPX></Extensions></Trackpoint><Trackpoint><Time>2025-09-14T10:53:16.455Z</Time><DistanceMeters>3080.229892651179</DistanceMeters><HeartRateBpm><Value>140</Value></HeartRateBpm><Cadence>26</Cadence><Extensions><ext:TPX><ext:Watts>52.666666666666664</ext:Watts><ext:Torque>20</ext:Torque></ext:TPX></Extensions></Trackpoint><Trackpoint><Time>2025-09-14T10:53:17.610Z</Time><DistanceMeters>3084.3335022593756</DistanceMeters><HeartRateBpm><Value>141</Value></HeartRateBpm><Cadence>26</Cadence><Extensions><ext:TPX><ext:Watts>52.333333333333336</ext:Watts><ext:Torque>20</ext:Torque></ext:TPX></Extensions></Trackpoint><Trackpoint><Time>2025-09-14T10:53:18.800Z</Time><DistanceMeters>3088.528501359933</DistanceMeters><HeartRateBpm><Value>141</Value></HeartRateBpm><Cadence>25</Cadence><Extensions><ext:TPX><ext:Watts>51.44117647058823</ext:Watts><ext:Torque>20</ext:Torque></ext:TPX></Extensions></Trackpoint><Trackpoint><Time>2025-09-14T10:53:19.955Z</Time><DistanceMeters>3092.499046614882</DistanceMeters><HeartRateBpm><Value>141</Value></HeartRateBpm><Cadence>26</Cadence><Extensions><ext:TPX><ext:Watts>50.63636363636363</ext:Watts><ext:Torque>20</ext:Torque></ext:TPX></Extensions></Trackpoint><Trackpoint><Time>2025-09-14T10:53:21.110Z</Time><DistanceMeters>3096.3983073948766</DistanceMeters><HeartRateBpm><Value>141</Value></HeartRateBpm><Cadence>26</Cadence><Extensions><ext:TPX><ext:Watts>49.72727272727273</ext:Watts><ext:Torque>20</ext:Torque></ext:TPX></Extensions></Trackpoint><Trackpoint><Time>2025-09-14T10:53:22.266Z</Time><DistanceMeters>3100.3783572464863</DistanceMeters><HeartRateBpm><Value>141</Value></HeartRateBpm><Cadence>26</Cadence><Extensions><ext:TPX><ext:Watts>50.75757575757576</ext:Watts><ext:Torque>20</ext:Torque></ext:TPX></Extensions></Trackpoint><Trackpoint><Time>2025-09-14T10:53:23.455Z</Time><DistanceMeters>3104.371881261597</DistanceMeters><HeartRateBpm><Value>141</Value></HeartRateBpm><Cadence>25</Cadence><Extensions><ext:TPX><ext:Watts>48.970588235294116</ext:Watts><ext:Torque>20</ext:Torque></ext:TPX></Extensions></Trackpoint><Trackpoint><Time>2025-09-14T10:53:24.610Z</Time><DistanceMeters>3108.378068754023</DistanceMeters><HeartRateBpm><Value>141</Value></HeartRateBpm><Cadence>26</Cadence><Extensions><ext:TPX><ext:Watts>51.09090909090909</ext:Watts><ext:Torque>20</ext:Torque></ext:TPX></Extensions></Trackpoint><Trackpoint><Time>2025-09-14T10:53:25.765Z</Time><DistanceMeters>3112.4103938872654</DistanceMeters><HeartRateBpm><Value>141</Value></HeartRateBpm><Cadence>26</Cadence><Extensions><ext:TPX><ext:Watts>51.42424242424242</ext:Watts><ext:Torque>20</ext:Torque></ext:TPX></Extensions></Trackpoint><Trackpoint><Time>2025-09-14T10:53:26.920Z</Time><DistanceMeters>3116.342920755572</DistanceMeters><HeartRateBpm><Value>141</Value></HeartRateBpm><Cadence>26</Cadence><Extensions><ext:TPX><ext:Watts>50.15151515151515</ext:Watts><ext:Torque>20</ext:Torque></ext:TPX></Extensions></Trackpoint><Trackpoint><Time>2025-09-14T10:53:28.075Z</Time><DistanceMeters>3120.2207961930803</DistanceMeters><HeartRateBpm><Value>141</Value></HeartRateBpm><Cadence>26</Cadence><Extensions><ext:TPX><ext:Watts>49.45454545454545</ext:Watts><ext:Torque>20</ext:Torque></ext:TPX></Extensions></Trackpoint><Trackpoint><Time>2025-09-14T10:53:29.266Z</Time><DistanceMeters>3124.264688979553</DistanceMeters><HeartRateBpm><Value>141</Value></HeartRateBpm><Cadence>25</Cadence><Extensions><ext:TPX><ext:Watts>49.588235294117645</ext:Watts><ext:Torque>20</ext:Torque></ext:TPX></Extensions></Trackpoint><Trackpoint><Time>2025-09-14T10:53:30.420Z</Time><DistanceMeters>3128.218601190346</DistanceMeters><HeartRateBpm><Value>141</Value></HeartRateBpm><Cadence>26</Cadence><Extensions><ext:TPX><ext:Watts>50.42424242424242</ext:Watts><ext:Torque>20</ext:Torque></ext:TPX></Extensions></Trackpoint><Trackpoint><Time>2025-09-14T10:53:31.610Z</Time><DistanceMeters>3132.2600954638965</DistanceMeters><HeartRateBpm><Value>141</Value></HeartRateBpm><Cadence>25</Cadence><Extensions><ext:TPX><ext:Watts>49.55882352941177</ext:Watts><ext:Torque>20</ext:Torque></ext:TPX></Extensions></Trackpoint><Trackpoint><Time>2025-09-14T10:53:32.800Z</Time><DistanceMeters>3136.3327704054327</DistanceMeters><HeartRateBpm><Value>141</Value></HeartRateBpm><Cadence>25</Cadence><Extensions><ext:TPX><ext:Watts>49.94117647058823</ext:Watts><ext:Torque>20</ext:Torque></ext:TPX></Extensions></Trackpoint><Trackpoint><Time>2025-09-14T10:53:33.991Z</Time><DistanceMeters>3140.3071063171674</DistanceMeters><HeartRateBpm><Value>141</Value></HeartRateBpm><Cadence>25</Cadence><Extensions><ext:TPX><ext:Watts>48.73529411764706</ext:Watts><ext:Torque>20</ext:Torque></ext:TPX></Extensions></Trackpoint><Trackpoint><Time>2025-09-14T10:53:35.146Z</Time><DistanceMeters>3144.277651572116</DistanceMeters><HeartRateBpm><Value>141</Value></HeartRateBpm><Cadence>26</Cadence><Extensions><ext:TPX><ext:Watts>50.63636363636363</ext:Watts><ext:Torque>20</ext:Torque></ext:TPX></Extensions></Trackpoint><Trackpoint><Time>2025-09-14T10:53:36.336Z</Time><DistanceMeters>3148.3095517939787</DistanceMeters><HeartRateBpm><Value>140</Value></HeartRateBpm><Cadence>25</Cadence><Extensions><ext:TPX><ext:Watts>49.44117647058823</ext:Watts><ext:Torque>20</ext:Torque></ext:TPX></Extensions></Trackpoint><Trackpoint><Time>2025-09-14T10:53:37.526Z</Time><DistanceMeters>3152.2934817574014</DistanceMeters><HeartRateBpm><Value>140</Value></HeartRateBpm><Cadence>25</Cadence><Extensions><ext:TPX><ext:Watts>48.85294117647059</ext:Watts><ext:Torque>20</ext:Torque></ext:TPX></Extensions></Trackpoint><Trackpoint><Time>2025-09-14T10:53:38.716Z</Time><DistanceMeters>3156.1718771522565</DistanceMeters><HeartRateBpm><Value>140</Value></HeartRateBpm><Cadence>25</Cadence><Extensions><ext:TPX><ext:Watts>47.55882352941177</ext:Watts><ext:Torque>20</ext:Torque></ext:TPX></Extensions></Trackpoint><Trackpoint><Time>2025-09-14T10:53:39.906Z</Time><DistanceMeters>3160.170198193211</DistanceMeters><HeartRateBpm><Value>140</Value></HeartRateBpm><Cadence>25</Cadence><Extensions><ext:TPX><ext:Watts>49.029411764705884</ext:Watts><ext:Torque>20</ext:Torque></ext:TPX></Extensions></Trackpoint><Trackpoint><Time>2025-09-14T10:53:41.061Z</Time><DistanceMeters>3164.093220464857</DistanceMeters><HeartRateBpm><Value>140</Value></HeartRateBpm><Cadence>26</Cadence><Extensions><ext:TPX><ext:Watts>50.03030303030303</ext:Watts><ext:Torque>20</ext:Torque></ext:TPX></Extensions></Trackpoint><Trackpoint><Time>2025-09-14T10:53:42.256Z</Time><DistanceMeters>3168.0843459670455</DistanceMeters><HeartRateBpm><Value>140</Value></HeartRateBpm><Cadence>25</Cadence><Extensions><ext:TPX><ext:Watts>48.94117647058823</ext:Watts><ext:Torque>20</ext:Torque></ext:TPX></Extensions></Trackpoint><Trackpoint><Time>2025-09-14T10:53:43.446Z</Time><DistanceMeters>3171.9795309523547</DistanceMeters><HeartRateBpm><Value>140</Value></HeartRateBpm><Cadence>25</Cadence><Extensions><ext:TPX><ext:Watts>47.76470588235294</ext:Watts><ext:Torque>20</ext:Torque></ext:TPX></Extensions></Trackpoint><Trackpoint><Time>2025-09-14T10:53:44.600Z</Time><DistanceMeters>3175.9975991906063</DistanceMeters><HeartRateBpm><Value>140</Value></HeartRateBpm><Cadence>26</Cadence><Extensions><ext:TPX><ext:Watts>51.24242424242424</ext:Watts><ext:Torque>20</ext:Torque></ext:TPX></Extensions></Trackpoint><Trackpoint><Time>2025-09-14T10:53:45.791Z</Time><DistanceMeters>3180.015108334937</DistanceMeters><HeartRateBpm><Value>140</Value></HeartRateBpm><Cadence>25</Cadence><Extensions><ext:TPX><ext:Watts>49.26470588235294</ext:Watts><ext:Torque>20</ext:Torque></ext:TPX></Extensions></Trackpoint><Trackpoint><Time>2025-09-14T10:53:46.981Z</Time><DistanceMeters>3184.111768405693</DistanceMeters><HeartRateBpm><Value>140</Value></HeartRateBpm><Cadence>25</Cadence><Extensions><ext:TPX><ext:Watts>50.23529411764706</ext:Watts><ext:Torque>20</ext:Torque></ext:TPX></Extensions></Trackpoint><Trackpoint><Time>2025-09-14T10:53:48.141Z</Time><DistanceMeters>3188.117955898119</DistanceMeters><HeartRateBpm><Value>139</Value></HeartRateBpm><Cadence>26</Cadence><Extensions><ext:TPX><ext:Watts>51.09090909090909</ext:Watts><ext:Torque>20</ext:Torque></ext:TPX></Extensions></Trackpoint><Trackpoint><Time>2025-09-14T10:53:49.330Z</Time><DistanceMeters>3192.188232326733</DistanceMeters><HeartRateBpm><Value>139</Value></HeartRateBpm><Cadence>25</Cadence><Extensions><ext:TPX><ext:Watts>49.911764705882355</ext:Watts><ext:Torque>20</ext:Torque></ext:TPX></Extensions></Trackpoint><Trackpoint><Time>2025-09-14T10:53:50.521Z</Time><DistanceMeters>3196.2968849620993</DistanceMeters><HeartRateBpm><Value>139</Value></HeartRateBpm><Cadence>25</Cadence><Extensions><ext:TPX><ext:Watts>50.38235294117647</ext:Watts><ext:Torque>20</ext:Torque></ext:TPX></Extensions></Trackpoint><Trackpoint><Time>2025-09-14T10:53:51.711Z</Time><DistanceMeters>3200.285611951366</DistanceMeters><HeartRateBpm><Value>139</Value></HeartRateBpm><Cadence>25</Cadence><Extensions><ext:TPX><ext:Watts>48.911764705882355</ext:Watts><ext:Torque>20</ext:Torque></ext:TPX></Extensions></Trackpoint><Trackpoint><Time>2025-09-14T10:53:52.941Z</Time><DistanceMeters>3204.279870205126</DistanceMeters><HeartRateBpm><Value>139</Value></HeartRateBpm><Cadence>24</Cadence><Extensions><ext:TPX><ext:Watts>48.0</ext:Watts><ext:Torque>20</ext:Torque></ext:TPX></Extensions></Trackpoint><Trackpoint><Time>2025-09-14T10:53:54.101Z</Time><DistanceMeters>3208.354966023341</DistanceMeters><HeartRateBpm><Value>139</Value></HeartRateBpm><Cadence>26</Cadence><Extensions><ext:TPX><ext:Watts>51.96969696969697</ext:Watts><ext:Torque>20</ext:Torque></ext:TPX></Extensions></Trackpoint><Trackpoint><Time>2025-09-14T10:53:55.326Z</Time><DistanceMeters>3212.3991525052734</DistanceMeters><HeartRateBpm><Value>139</Value></HeartRateBpm><Cadence>24</Cadence><Extensions><ext:TPX><ext:Watts>48.6</ext:Watts><ext:Torque>20</ext:Torque></ext:TPX></Extensions></Trackpoint><Trackpoint><Time>2025-09-14T10:53:56.516Z</Time><DistanceMeters>3216.598948631675</DistanceMeters><HeartRateBpm><Value>139</Value></HeartRateBpm><Cadence>25</Cadence><Extensions><ext:TPX><ext:Watts>51.5</ext:Watts><ext:Torque>20</ext:Torque></ext:TPX></Extensions></Trackpoint><Trackpoint><Time>2025-09-14T10:53:57.706Z</Time><DistanceMeters>3220.741180447949</DistanceMeters><HeartRateBpm><Value>139</Value></HeartRateBpm><Cadence>25</Cadence><Extensions><ext:TPX><ext:Watts>50.794117647058826</ext:Watts><ext:Torque>20</ext:Torque></ext:TPX></Extensions></Trackpoint><Trackpoint><Time>2025-09-14T10:53:58.931Z</Time><DistanceMeters>3224.8329176233783</DistanceMeters><HeartRateBpm><Value>139</Value></HeartRateBpm><Cadence>24</Cadence><Extensions><ext:TPX><ext:Watts>49.17142857142857</ext:Watts><ext:Torque>20</ext:Torque></ext:TPX></Extensions></Trackpoint><Trackpoint><Time>2025-09-14T10:54:00.121Z</Time><DistanceMeters>3229.0447063143897</DistanceMeters><HeartRateBpm><Value>139</Value></HeartRateBpm><Cadence>25</Cadence><Extensions><ext:TPX><ext:Watts>51.64705882352941</ext:Watts><ext:Torque>20</ext:Torque></ext:TPX></Extensions></Trackpoint><Trackpoint><Time>2025-09-14T10:54:01.311Z</Time><DistanceMeters>3233.2636905441673</DistanceMeters><HeartRateBpm><Value>139</Value></HeartRateBpm><Cadence>25</Cadence><Extensions><ext:TPX><ext:Watts>51.73529411764706</ext:Watts><ext:Torque>20</ext:Torque></ext:TPX></Extensions></Trackpoint><Trackpoint><Time>2025-09-14T10:54:02.542Z</Time><DistanceMeters>3237.2413060552035</DistanceMeters><HeartRateBpm><Value>139</Value></HeartRateBpm><Cadence>24</Cadence><Extensions><ext:TPX><ext:Watts>47.8</ext:Watts><ext:Torque>20</ext:Torque></ext:TPX></Extensions></Trackpoint><Trackpoint><Time>2025-09-14T10:54:03.731Z</Time><DistanceMeters>3241.3667482810233</DistanceMeters><HeartRateBpm><Value>139</Value></HeartRateBpm><Cadence>25</Cadence><Extensions><ext:TPX><ext:Watts>50.588235294117645</ext:Watts><ext:Torque>20</ext:Torque></ext:TPX></Extensions></Trackpoint><Trackpoint><Time>2025-09-14T10:54:04.921Z</Time><DistanceMeters>3245.525769687751</DistanceMeters><HeartRateBpm><Value>139</Value></HeartRateBpm><Cadence>25</Cadence><Extensions><ext:TPX><ext:Watts>51.0</ext:Watts><ext:Torque>20</ext:Torque></ext:TPX></Extensions></Trackpoint><Trackpoint><Time>2025-09-14T10:54:06.111Z</Time><DistanceMeters>3249.7327613529187</DistanceMeters><HeartRateBpm><Value>139</Value></HeartRateBpm><Cadence>25</Cadence><Extensions><ext:TPX><ext:Watts>51.588235294117645</ext:Watts><ext:Torque>20</ext:Torque></ext:TPX></Extensions></Trackpoint><Trackpoint><Time>2025-09-14T10:54:07.301Z</Time><DistanceMeters>3253.95654260854</DistanceMeters><HeartRateBpm><Value>139</Value></HeartRateBpm><Cadence>25</Cadence><Extensions><ext:TPX><ext:Watts>51.794117647058826</ext:Watts><ext:Torque>20</ext:Torque></ext:TPX></Extensions></Trackpoint><Trackpoint><Time>2025-09-14T10:54:08.526Z</Time><DistanceMeters>3258.072055130718</DistanceMeters><HeartRateBpm><Value>139</Value></HeartRateBpm><Cadence>24</Cadence><Extensions><ext:TPX><ext:Watts>49.457142857142856</ext:Watts><ext:Torque>20</ext:Torque></ext:TPX></Extensions></Trackpoint><Trackpoint><Time>2025-09-14T10:54:09.681Z</Time><DistanceMeters>3262.1210133081167</DistanceMeters><HeartRateBpm><Value>139</Value></HeartRateBpm><Cadence>26</Cadence><Extensions><ext:TPX><ext:Watts>51.63636363636363</ext:Watts><ext:Torque>20</ext:Torque></ext:TPX></Extensions></Trackpoint><Trackpoint><Time>2025-09-14T10:54:10.871Z</Time><DistanceMeters>3266.2824332277664</DistanceMeters><HeartRateBpm><Value>139</Value></HeartRateBpm><Cadence>25</Cadence><Extensions><ext:TPX><ext:Watts>51.029411764705884</ext:Watts><ext:Torque>20</ext:Torque></ext:TPX></Extensions></Trackpoint><Trackpoint><Time>2025-09-14T10:54:12.061Z</Time><DistanceMeters>3270.453447199104</DistanceMeters><HeartRateBpm><Value>140</Value></HeartRateBpm><Cadence>25</Cadence><Extensions><ext:TPX><ext:Watts>51.14705882352941</ext:Watts><ext:Torque>20</ext:Torque></ext:TPX></Extensions></Trackpoint><Trackpoint><Time>2025-09-14T10:54:13.286Z</Time><DistanceMeters>3274.407287363392</DistanceMeters><HeartRateBpm><Value>140</Value></HeartRateBpm><Cadence>24</Cadence><Extensions><ext:TPX><ext:Watts>47.51428571428571</ext:Watts><ext:Torque>20</ext:Torque></ext:TPX></Extensions></Trackpoint><Trackpoint><Time>2025-09-14T10:54:14.441Z</Time><DistanceMeters>3278.403970259157</DistanceMeters><HeartRateBpm><Value>140</Value></HeartRateBpm><Cadence>26</Cadence><Extensions><ext:TPX><ext:Watts>50.96969696969697</ext:Watts><ext:Torque>20</ext:Torque></ext:TPX></Extensions></Trackpoint><Trackpoint><Time>2025-09-14T10:54:15.561Z</Time><DistanceMeters>3282.261994950515</DistanceMeters><HeartRateBpm><Value>140</Value></HeartRateBpm><Cadence>27</Cadence><Extensions><ext:TPX><ext:Watts>51.09375</ext:Watts><ext:Torque>20</ext:Torque></ext:TPX></Extensions></Trackpoint><Trackpoint><Time>2025-09-14T10:54:16.751Z</Time><DistanceMeters>3286.351459482505</DistanceMeters><HeartRateBpm><Value>140</Value></HeartRateBpm><Cadence>25</Cadence><Extensions><ext:TPX><ext:Watts>50.14705882352941</ext:Watts><ext:Torque>20</ext:Torque></ext:TPX></Extensions></Trackpoint><Trackpoint><Time>2025-09-14T10:54:17.942Z</Time><DistanceMeters>3290.3545775493035</DistanceMeters><HeartRateBpm><Value>141</Value></HeartRateBpm><Cadence>25</Cadence><Extensions><ext:TPX><ext:Watts>49.088235294117645</ext:Watts><ext:Torque>20</ext:Torque></ext:TPX></Extensions></Trackpoint><Trackpoint><Time>2025-09-14T10:54:19.061Z</Time><DistanceMeters>3294.288110980798</DistanceMeters><HeartRateBpm><Value>141</Value></HeartRateBpm><Cadence>27</Cadence><Extensions><ext:TPX><ext:Watts>52.09375</ext:Watts><ext:Torque>20</ext:Torque></ext:TPX></Extensions></Trackpoint><Trackpoint><Time>2025-09-14T10:54:20.216Z</Time><DistanceMeters>3298.2800415782335</DistanceMeters><HeartRateBpm><Value>141</Value></HeartRateBpm><Cadence>26</Cadence><Extensions><ext:TPX><ext:Watts>50.90909090909091</ext:Watts><ext:Torque>20</ext:Torque></ext:TPX></Extensions></Trackpoint><Trackpoint><Time>2025-09-14T10:54:21.371Z</Time><DistanceMeters>3302.243458385687</DistanceMeters><HeartRateBpm><Value>141</Value></HeartRateBpm><Cadence>26</Cadence><Extensions><ext:TPX><ext:Watts>50.54545454545455</ext:Watts><ext:Torque>20</ext:Torque></ext:TPX></Extensions></Trackpoint><Trackpoint><Time>2025-09-14T10:54:22.531Z</Time><DistanceMeters>3305.995397917443</DistanceMeters><HeartRateBpm><Value>141</Value></HeartRateBpm><Cadence>26</Cadence><Extensions><ext:TPX><ext:Watts>47.84848484848485</ext:Watts><ext:Torque>20</ext:Torque></ext:TPX></Extensions></Trackpoint><Trackpoint><Time>2025-09-14T10:54:23.686Z</Time><DistanceMeters>3309.963567023227</DistanceMeters><HeartRateBpm><Value>141</Value></HeartRateBpm><Cadence>26</Cadence><Extensions><ext:TPX><ext:Watts>50.60606060606061</ext:Watts><ext:Torque>20</ext:Torque></ext:TPX></Extensions></Trackpoint><Trackpoint><Time>2025-09-14T10:54:24.841Z</Time><DistanceMeters>3313.92223153235</DistanceMeters><HeartRateBpm><Value>142</Value></HeartRateBpm><Cadence>26</Cadence><Extensions><ext:TPX><ext:Watts>50.484848484848484</ext:Watts><ext:Torque>20</ext:Torque></ext:TPX></Extensions></Trackpoint><Trackpoint><Time>2025-09-14T10:54:25.996Z</Time><DistanceMeters>3317.8880244889688</DistanceMeters><HeartRateBpm><Value>142</Value></HeartRateBpm><Cadence>26</Cadence><Extensions><ext:TPX><ext:Watts>50.57575757575758</ext:Watts><ext:Torque>20</ext:Torque></ext:TPX></Extensions></Trackpoint><Trackpoint><Time>2025-09-14T10:54:27.116Z</Time><DistanceMeters>3321.727171995293</DistanceMeters><HeartRateBpm><Value>142</Value></HeartRateBpm><Cadence>27</Cadence><Extensions><ext:TPX><ext:Watts>50.84375</ext:Watts><ext:Torque>20</ext:Torque></ext:TPX></Extensions></Trackpoint><Trackpoint><Time>2025-09-14T10:54:28.271Z</Time><DistanceMeters>3325.5741574936546</DistanceMeters><HeartRateBpm><Value>142</Value></HeartRateBpm><Cadence>26</Cadence><Extensions><ext:TPX><ext:Watts>49.06060606060606</ext:Watts><ext:Torque>20</ext:Torque></ext:TPX></Extensions></Trackpoint><Trackpoint><Time>2025-09-14T10:54:29.426Z</Time><DistanceMeters>3329.530445853613</DistanceMeters><HeartRateBpm><Value>142</Value></HeartRateBpm><Cadence>26</Cadence><Extensions><ext:TPX><ext:Watts>50.45454545454545</ext:Watts><ext:Torque>20</ext:Torque></ext:TPX></Extensions></Trackpoint><Trackpoint><Time>2025-09-14T10:54:30.581Z</Time><DistanceMeters>3333.5413856443693</DistanceMeters><HeartRateBpm><Value>142</Value></HeartRateBpm><Cadence>26</Cadence><Extensions><ext:TPX><ext:Watts>51.15151515151515</ext:Watts><ext:Torque>20</ext:Torque></ext:TPX></Extensions></Trackpoint><Trackpoint><Time>2025-09-14T10:54:31.736Z</Time><DistanceMeters>3337.385994993566</DistanceMeters><HeartRateBpm><Value>142</Value></HeartRateBpm><Cadence>26</Cadence><Extensions><ext:TPX><ext:Watts>49.03030303030303</ext:Watts><ext:Torque>20</ext:Torque></ext:TPX></Extensions></Trackpoint><Trackpoint><Time>2025-09-14T10:54:32.927Z</Time><DistanceMeters>3341.3267517243926</DistanceMeters><HeartRateBpm><Value>142</Value></HeartRateBpm><Cadence>25</Cadence><Extensions><ext:TPX><ext:Watts>48.3235294117647</ext:Watts><ext:Torque>20</ext:Torque></ext:TPX></Extensions></Trackpoint><Trackpoint><Time>2025-09-14T10:54:34.081Z</Time><DistanceMeters>3345.240269399378</DistanceMeters><HeartRateBpm><Value>142</Value></HeartRateBpm><Cadence>26</Cadence><Extensions><ext:TPX><ext:Watts>49.90909090909091</ext:Watts><ext:Torque>20</ext:Torque></ext:TPX></Extensions></Trackpoint><Trackpoint><Time>2025-09-14T10:54:35.271Z</Time><DistanceMeters>3349.0395138678077</DistanceMeters><HeartRateBpm><Value>142</Value></HeartRateBpm><Cadence>25</Cadence><Extensions><ext:TPX><ext:Watts>46.588235294117645</ext:Watts><ext:Torque>20</ext:Torque></ext:TPX></Extensions></Trackpoint><Trackpoint><Time>2025-09-14T10:54:36.427Z</Time><DistanceMeters>3352.9530315427933</DistanceMeters><HeartRateBpm><Value>141</Value></HeartRateBpm><Cadence>26</Cadence><Extensions><ext:TPX><ext:Watts>49.90909090909091</ext:Watts><ext:Torque>20</ext:Torque></ext:TPX></Extensions></Trackpoint><Trackpoint><Time>2025-09-14T10:54:37.547Z</Time><DistanceMeters>3356.7591439753073</DistanceMeters><HeartRateBpm><Value>141</Value></HeartRateBpm><Cadence>27</Cadence><Extensions><ext:TPX><ext:Watts>50.40625</ext:Watts><ext:Torque>20</ext:Torque></ext:TPX></Extensions></Trackpoint><Trackpoint><Time>2025-09-14T10:54:38.701Z</Time><DistanceMeters>3360.679790097788</DistanceMeters><HeartRateBpm><Value>141</Value></HeartRateBpm><Cadence>26</Cadence><Extensions><ext:TPX><ext:Watts>50.0</ext:Watts><ext:Torque>20</ext:Torque></ext:TPX></Extensions></Trackpoint><Trackpoint><Time>2025-09-14T10:54:39.891Z</Time><DistanceMeters>3364.769254629778</DistanceMeters><HeartRateBpm><Value>141</Value></HeartRateBpm><Cadence>25</Cadence><Extensions><ext:TPX><ext:Watts>50.14705882352941</ext:Watts><ext:Torque>20</ext:Torque></ext:TPX></Extensions></Trackpoint><Trackpoint><Time>2025-09-14T10:54:41.011Z</Time><DistanceMeters>3368.6485161542996</DistanceMeters><HeartRateBpm><Value>141</Value></HeartRateBpm><Cadence>27</Cadence><Extensions><ext:TPX><ext:Watts>51.375</ext:Watts><ext:Torque>20</ext:Torque></ext:TPX></Extensions></Trackpoint><Trackpoint><Time>2025-09-14T10:54:42.167Z</Time><DistanceMeters>3372.680841287542</DistanceMeters><HeartRateBpm><Value>141</Value></HeartRateBpm><Cadence>26</Cadence><Extensions><ext:TPX><ext:Watts>51.42424242424242</ext:Watts><ext:Torque>20</ext:Torque></ext:TPX></Extensions></Trackpoint><Trackpoint><Time>2025-09-14T10:54:43.321Z</Time><DistanceMeters>3376.4256523718027</DistanceMeters><HeartRateBpm><Value>141</Value></HeartRateBpm><Cadence>26</Cadence><Extensions><ext:TPX><ext:Watts>47.75757575757576</ext:Watts><ext:Torque>20</ext:Torque></ext:TPX></Extensions></Trackpoint><Trackpoint><Time>2025-09-14T10:54:44.476Z</Time><DistanceMeters>3380.315408555137</DistanceMeters><HeartRateBpm><Value>141</Value></HeartRateBpm><Cadence>26</Cadence><Extensions><ext:TPX><ext:Watts>49.60606060606061</ext:Watts><ext:Torque>20</ext:Torque></ext:TPX></Extensions></Trackpoint><Trackpoint><Time>2025-09-14T10:54:45.631Z</Time><DistanceMeters>3384.219421633462</DistanceMeters><HeartRateBpm><Value>141</Value></HeartRateBpm><Cadence>26</Cadence><Extensions><ext:TPX><ext:Watts>49.78787878787879</ext:Watts><ext:Torque>20</ext:Torque></ext:TPX></Extensions></Trackpoint><Trackpoint><Time>2025-09-14T10:54:46.751Z</Time><DistanceMeters>3388.0986831579835</DistanceMeters><HeartRateBpm><Value>141</Value></HeartRateBpm><Cadence>27</Cadence><Extensions><ext:TPX><ext:Watts>51.375</ext:Watts><ext:Torque>20</ext:Torque></ext:TPX></Extensions></Trackpoint><Trackpoint><Time>2025-09-14T10:54:47.907Z</Time><DistanceMeters>3392.0644761146023</DistanceMeters><HeartRateBpm><Value>141</Value></HeartRateBpm><Cadence>26</Cadence><Extensions><ext:TPX><ext:Watts>50.57575757575758</ext:Watts><ext:Torque>20</ext:Torque></ext:TPX></Extensions></Trackpoint><Trackpoint><Time>2025-09-14T10:54:49.062Z</Time><DistanceMeters>3395.9898745354135</DistanceMeters><HeartRateBpm><Value>141</Value></HeartRateBpm><Cadence>26</Cadence><Extensions><ext:TPX><ext:Watts>50.06060606060606</ext:Watts><ext:Torque>20</ext:Torque></ext:TPX></Extensions></Trackpoint><Trackpoint><Time>2025-09-14T10:54:50.182Z</Time><DistanceMeters>3399.94936409633</DistanceMeters><HeartRateBpm><Value>141</Value></HeartRateBpm><Cadence>27</Cadence><Extensions><ext:TPX><ext:Watts>52.4375</ext:Watts><ext:Torque>20</ext:Torque></ext:TPX></Extensions></Trackpoint><Trackpoint><Time>2025-09-14T10:54:51.337Z</Time><DistanceMeters>3403.953175439591</DistanceMeters><HeartRateBpm><Value>141</Value></HeartRateBpm><Cadence>26</Cadence><Extensions><ext:TPX><ext:Watts>51.06060606060606</ext:Watts><ext:Torque>20</ext:Torque></ext:TPX></Extensions></Trackpoint><Trackpoint><Time>2025-09-14T10:54:52.491Z</Time><DistanceMeters>3407.800160937953</DistanceMeters><HeartRateBpm><Value>141</Value></HeartRateBpm><Cadence>26</Cadence><Extensions><ext:TPX><ext:Watts>49.06060606060606</ext:Watts><ext:Torque>20</ext:Torque></ext:TPX></Extensions></Trackpoint><Trackpoint><Time>2025-09-14T10:54:53.612Z</Time><DistanceMeters>3411.6747031662157</DistanceMeters><HeartRateBpm><Value>141</Value></HeartRateBpm><Cadence>27</Cadence><Extensions><ext:TPX><ext:Watts>51.3125</ext:Watts><ext:Torque>20</ext:Torque></ext:TPX></Extensions></Trackpoint><Trackpoint><Time>2025-09-14T10:54:54.772Z</Time><DistanceMeters>3415.5573309020547</DistanceMeters><HeartRateBpm><Value>141</Value></HeartRateBpm><Cadence>26</Cadence><Extensions><ext:TPX><ext:Watts>49.515151515151516</ext:Watts><ext:Torque>20</ext:Torque></ext:TPX></Extensions></Trackpoint><Trackpoint><Time>2025-09-14T10:54:55.961Z</Time><DistanceMeters>3419.452515887364</DistanceMeters><HeartRateBpm><Value>142</Value></HeartRateBpm><Cadence>25</Cadence><Extensions><ext:TPX><ext:Watts>47.76470588235294</ext:Watts><ext:Torque>20</ext:Torque></ext:TPX></Extensions></Trackpoint><Trackpoint><Time>2025-09-14T10:54:57.117Z</Time><DistanceMeters>3423.2995013857258</DistanceMeters><HeartRateBpm><Value>142</Value></HeartRateBpm><Cadence>26</Cadence><Extensions><ext:TPX><ext:Watts>49.06060606060606</ext:Watts><ext:Torque>20</ext:Torque></ext:TPX></Extensions></Trackpoint><Trackpoint><Time>2025-09-14T10:54:58.307Z</Time><DistanceMeters>3427.221070013177</DistanceMeters><HeartRateBpm><Value>142</Value></HeartRateBpm><Cadence>25</Cadence><Extensions><ext:TPX><ext:Watts>48.088235294117645</ext:Watts><ext:Torque>20</ext:Torque></ext:TPX></Extensions></Trackpoint><Trackpoint><Time>2025-09-14T10:54:59.462Z</Time><DistanceMeters>3431.060927064043</DistanceMeters><HeartRateBpm><Value>142</Value></HeartRateBpm><Cadence>26</Cadence><Extensions><ext:TPX><ext:Watts>48.96969696969697</ext:Watts><ext:Torque>20</ext:Torque></ext:TPX></Extensions></Trackpoint><Trackpoint><Time>2025-09-14T10:55:00.617Z</Time><DistanceMeters>3434.893655667414</DistanceMeters><HeartRateBpm><Value>142</Value></HeartRateBpm><Cadence>26</Cadence><Extensions><ext:TPX><ext:Watts>48.878787878787875</ext:Watts><ext:Torque>20</ext:Torque></ext:TPX></Extensions></Trackpoint><Trackpoint><Time>2025-09-14T10:55:01.772Z</Time><DistanceMeters>3438.700246629968</DistanceMeters><HeartRateBpm><Value>142</Value></HeartRateBpm><Cadence>26</Cadence><Extensions><ext:TPX><ext:Watts>48.54545454545455</ext:Watts><ext:Torque>20</ext:Torque></ext:TPX></Extensions></Trackpoint><Trackpoint><Time>2025-09-14T10:55:02.927Z</Time><DistanceMeters>3442.3167456593114</DistanceMeters><HeartRateBpm><Value>141</Value></HeartRateBpm><Cadence>26</Cadence><Extensions><ext:TPX><ext:Watts>46.121212121212125</ext:Watts><ext:Torque>20</ext:Torque></ext:TPX></Extensions></Trackpoint><Trackpoint><Time>2025-09-14T10:55:04.117Z</Time><DistanceMeters>3446.0032600204077</DistanceMeters><HeartRateBpm><Value>141</Value></HeartRateBpm><Cadence>25</Cadence><Extensions><ext:TPX><ext:Watts>45.205882352941174</ext:Watts><ext:Torque>20</ext:Torque></ext:TPX></Extensions></Trackpoint><Trackpoint><Time>2025-09-14T10:55:05.272Z</Time><DistanceMeters>3449.7694564471544</DistanceMeters><HeartRateBpm><Value>141</Value></HeartRateBpm><Cadence>26</Cadence><Extensions><ext:TPX><ext:Watts>48.03030303030303</ext:Watts><ext:Torque>20</ext:Torque></ext:TPX></Extensions></Trackpoint><Trackpoint><Time>2025-09-14T10:55:06.427Z</Time><DistanceMeters>3453.50713908392</DistanceMeters><HeartRateBpm><Value>141</Value></HeartRateBpm><Cadence>26</Cadence><Extensions><ext:TPX><ext:Watts>47.666666666666664</ext:Watts><ext:Torque>20</ext:Torque></ext:TPX></Extensions></Trackpoint><Trackpoint><Time>2025-09-14T10:55:07.583Z</Time><DistanceMeters>3457.297097002318</DistanceMeters><HeartRateBpm><Value>140</Value></HeartRateBpm><Cadence>26</Cadence><Extensions><ext:TPX><ext:Watts>48.333333333333336</ext:Watts><ext:Torque>20</ext:Torque></ext:TPX></Extensions></Trackpoint><Trackpoint><Time>2025-09-14T10:55:08.737Z</Time><DistanceMeters>3461.215366975634</DistanceMeters><HeartRateBpm><Value>140</Value></HeartRateBpm><Cadence>26</Cadence><Extensions><ext:TPX><ext:Watts>49.96969696969697</ext:Watts><ext:Torque>20</ext:Torque></ext:TPX></Extensions></Trackpoint><Trackpoint><Time>2025-09-14T10:55:09.892Z</Time><DistanceMeters>3465.036214833179</DistanceMeters><HeartRateBpm><Value>140</Value></HeartRateBpm><Cadence>26</Cadence><Extensions><ext:TPX><ext:Watts>48.72727272727273</ext:Watts><ext:Torque>20</ext:Torque></ext:TPX></Extensions></Trackpoint><Trackpoint><Time>2025-09-14T10:55:11.047Z</Time><DistanceMeters>3468.823796602412</DistanceMeters><HeartRateBpm><Value>140</Value></HeartRateBpm><Cadence>26</Cadence><Extensions><ext:TPX><ext:Watts>48.303030303030305</ext:Watts><ext:Torque>20</ext:Torque></ext:TPX></Extensions></Trackpoint><Trackpoint><Time>2025-09-14T10:55:12.237Z</Time><DistanceMeters>3472.807726565835</DistanceMeters><HeartRateBpm><Value>139</Value></HeartRateBpm><Cadence>25</Cadence><Extensions><ext:TPX><ext:Watts>48.85294117647059</ext:Watts><ext:Torque>20</ext:Torque></ext:TPX></Extensions></Trackpoint><Trackpoint><Time>2025-09-14T10:55:13.392Z</Time><DistanceMeters>3476.5335284567745</DistanceMeters><HeartRateBpm><Value>139</Value></HeartRateBpm><Cadence>26</Cadence><Extensions><ext:TPX><ext:Watts>47.515151515151516</ext:Watts><ext:Torque>20</ext:Torque></ext:TPX></Extensions></Trackpoint><Trackpoint><Time>2025-09-14T10:55:14.583Z</Time><DistanceMeters>3480.4574955971475</DistanceMeters><HeartRateBpm><Value>139</Value></HeartRateBpm><Cadence>25</Cadence><Extensions><ext:TPX><ext:Watts>48.11764705882353</ext:Watts><ext:Torque>20</ext:Torque></ext:TPX></Extensions></Trackpoint><Trackpoint><Time>2025-09-14T10:55:15.737Z</Time><DistanceMeters>3484.1761690405915</DistanceMeters><HeartRateBpm><Value>139</Value></HeartRateBpm><Cadence>26</Cadence><Extensions><ext:TPX><ext:Watts>47.42424242424242</ext:Watts><ext:Torque>20</ext:Torque></ext:TPX></Extensions></Trackpoint><Trackpoint><Time>2025-09-14T10:55:16.892Z</Time><DistanceMeters>3488.2179987704944</DistanceMeters><HeartRateBpm><Value>138</Value></HeartRateBpm><Cadence>26</Cadence><Extensions><ext:TPX><ext:Watts>51.54545454545455</ext:Watts><ext:Torque>20</ext:Torque></ext:TPX></Extensions></Trackpoint><Trackpoint><Time>2025-09-14T10:55:18.047Z</Time><DistanceMeters>3492.2051770695994</DistanceMeters><HeartRateBpm><Value>138</Value></HeartRateBpm><Cadence>26</Cadence><Extensions><ext:TPX><ext:Watts>50.84848484848485</ext:Watts><ext:Torque>20</ext:Torque></ext:TPX></Extensions></Trackpoint><Trackpoint><Time>2025-09-14T10:55:19.237Z</Time><DistanceMeters>3496.3450103729515</DistanceMeters><HeartRateBpm><Value>138</Value></HeartRateBpm><Cadence>25</Cadence><Extensions><ext:TPX><ext:Watts>50.76470588235294</ext:Watts><ext:Torque>20</ext:Torque></ext:TPX></Extensions></Trackpoint><Trackpoint><Time>2025-09-14T10:55:20.392Z</Time><DistanceMeters>3500.4866383677904</DistanceMeters><HeartRateBpm><Value>138</Value></HeartRateBpm><Cadence>26</Cadence><Extensions><ext:TPX><ext:Watts>52.81818181818182</ext:Watts><ext:Torque>20</ext:Torque></ext:TPX></Extensions></Trackpoint><Trackpoint><Time>2025-09-14T10:55:21.512Z</Time><DistanceMeters>3504.5475927982657</DistanceMeters><HeartRateBpm><Value>138</Value></HeartRateBpm><Cadence>27</Cadence><Extensions><ext:TPX><ext:Watts>53.78125</ext:Watts><ext:Torque>20</ext:Torque></ext:TPX></Extensions></Trackpoint><Trackpoint><Time>2025-09-14T10:55:22.637Z</Time><DistanceMeters>3508.6250647656457</DistanceMeters><HeartRateBpm><Value>138</Value></HeartRateBpm><Cadence>26</Cadence><Extensions><ext:TPX><ext:Watts>53.0</ext:Watts><ext:Torque>20</ext:Torque></ext:TPX></Extensions></Trackpoint><Trackpoint><Time>2025-09-14T10:55:23.792Z</Time><DistanceMeters>3512.7286743738423</DistanceMeters><HeartRateBpm><Value>138</Value></HeartRateBpm><Cadence>26</Cadence><Extensions><ext:TPX><ext:Watts>52.333333333333336</ext:Watts><ext:Torque>20</ext:Torque></ext:TPX></Extensions></Trackpoint><Trackpoint><Time>2025-09-14T10:55:24.947Z</Time><DistanceMeters>3516.867926219516</DistanceMeters><HeartRateBpm><Value>139</Value></HeartRateBpm><Cadence>26</Cadence><Extensions><ext:TPX><ext:Watts>52.78787878787879</ext:Watts><ext:Torque>20</ext:Torque></ext:TPX></Extensions></Trackpoint><Trackpoint><Time>2025-09-14T10:55:26.102Z</Time><DistanceMeters>3520.954902783557</DistanceMeters><HeartRateBpm><Value>139</Value></HeartRateBpm><Cadence>26</Cadence><Extensions><ext:TPX><ext:Watts>52.121212121212125</ext:Watts><ext:Torque>20</ext:Torque></ext:TPX></Extensions></Trackpoint><Trackpoint><Time>2025-09-14T10:55:27.257Z</Time><DistanceMeters>3525.115539971717</DistanceMeters><HeartRateBpm><Value>139</Value></HeartRateBpm><Cadence>26</Cadence><Extensions><ext:TPX><ext:Watts>53.06060606060606</ext:Watts><ext:Torque>20</ext:Torque></ext:TPX></Extensions></Trackpoint><Trackpoint><Time>2025-09-14T10:55:28.412Z</Time><DistanceMeters>3529.269048712382</DistanceMeters><HeartRateBpm><Value>139</Value></HeartRateBpm><Cadence>26</Cadence><Extensions><ext:TPX><ext:Watts>52.96969696969697</ext:Watts><ext:Torque>20</ext:Torque></ext:TPX></Extensions></Trackpoint><Trackpoint><Time>2025-09-14T10:55:29.568Z</Time><DistanceMeters>3533.4914657788354</DistanceMeters><HeartRateBpm><Value>139</Value></HeartRateBpm><Cadence>26</Cadence><Extensions><ext:TPX><ext:Watts>53.84848484848485</ext:Watts><ext:Torque>20</ext:Torque></ext:TPX></Extensions></Trackpoint><Trackpoint><Time>2025-09-14T10:55:30.722Z</Time><DistanceMeters>3537.6188368786834</DistanceMeters><HeartRateBpm><Value>140</Value></HeartRateBpm><Cadence>26</Cadence><Extensions><ext:TPX><ext:Watts>52.63636363636363</ext:Watts><ext:Torque>20</ext:Torque></ext:TPX></Extensions></Trackpoint><Trackpoint><Time>2025-09-14T10:55:31.877Z</Time><DistanceMeters>3541.943428359238</DistanceMeters><HeartRateBpm><Value>140</Value></HeartRateBpm><Cadence>26</Cadence><Extensions><ext:TPX><ext:Watts>55.15151515151515</ext:Watts><ext:Torque>20</ext:Torque></ext:TPX></Extensions></Trackpoint><Trackpoint><Time>2025-09-14T10:55:33.032Z</Time><DistanceMeters>3546.2775244364534</DistanceMeters><HeartRateBpm><Value>140</Value></HeartRateBpm><Cadence>26</Cadence><Extensions><ext:TPX><ext:Watts>55.27272727272727</ext:Watts><ext:Torque>20</ext:Torque></ext:TPX></Extensions></Trackpoint><Trackpoint><Time>2025-09-14T10:55:34.187Z</Time><DistanceMeters>3550.4761800112556</DistanceMeters><HeartRateBpm><Value>140</Value></HeartRateBpm><Cadence>26</Cadence><Extensions><ext:TPX><ext:Watts>53.54545454545455</ext:Watts><ext:Torque>20</ext:Torque></ext:TPX></Extensions></Trackpoint><Trackpoint><Time>2025-09-14T10:55:35.342Z</Time><DistanceMeters>3554.8649275192693</DistanceMeters><HeartRateBpm><Value>140</Value></HeartRateBpm><Cadence>26</Cadence><Extensions><ext:TPX><ext:Watts>55.96969696969697</ext:Watts><ext:Torque>20</ext:Torque></ext:TPX></Extensions></Trackpoint><Trackpoint><Time>2025-09-14T10:55:36.497Z</Time><DistanceMeters>3559.1966474473193</DistanceMeters><HeartRateBpm><Value>140</Value></HeartRateBpm><Cadence>26</Cadence><Extensions><ext:TPX><ext:Watts>55.24242424242424</ext:Watts><ext:Torque>20</ext:Torque></ext:TPX></Extensions></Trackpoint><Trackpoint><Time>2025-09-14T10:55:37.687Z</Time><DistanceMeters>3563.4180301900187</DistanceMeters><HeartRateBpm><Value>140</Value></HeartRateBpm><Cadence>25</Cadence><Extensions><ext:TPX><ext:Watts>51.76470588235294</ext:Watts><ext:Torque>20</ext:Torque></ext:TPX></Extensions></Trackpoint><Trackpoint><Time>2025-09-14T10:55:38.842Z</Time><DistanceMeters>3567.5953004223347</DistanceMeters><HeartRateBpm><Value>140</Value></HeartRateBpm><Cadence>26</Cadence><Extensions><ext:TPX><ext:Watts>53.27272727272727</ext:Watts><ext:Torque>20</ext:Torque></ext:TPX></Extensions></Trackpoint><Trackpoint><Time>2025-09-14T10:55:40.007Z</Time><DistanceMeters>3571.860488173761</DistanceMeters><HeartRateBpm><Value>140</Value></HeartRateBpm><Cadence>26</Cadence><Extensions><ext:TPX><ext:Watts>54.39393939393939</ext:Watts><ext:Torque>20</ext:Torque></ext:TPX></Extensions></Trackpoint><Trackpoint><Time>2025-09-14T10:55:41.167Z</Time><DistanceMeters>3576.2943825159123</DistanceMeters><HeartRateBpm><Value>140</Value></HeartRateBpm><Cadence>26</Cadence><Extensions><ext:TPX><ext:Watts>56.54545454545455</ext:Watts><ext:Torque>20</ext:Torque></ext:TPX></Extensions></Trackpoint><Trackpoint><Time>2025-09-14T10:55:42.327Z</Time><DistanceMeters>3580.7306530072287</DistanceMeters><HeartRateBpm><Value>140</Value></HeartRateBpm><Cadence>26</Cadence><Extensions><ext:TPX><ext:Watts>56.57575757575758</ext:Watts><ext:Torque>20</ext:Torque></ext:TPX></Extensions></Trackpoint><Trackpoint><Time>2025-09-14T10:55:43.482Z</Time><DistanceMeters>3585.1906849901966</DistanceMeters><HeartRateBpm><Value>140</Value></HeartRateBpm><Cadence>26</Cadence><Extensions><ext:TPX><ext:Watts>56.878787878787875</ext:Watts><ext:Torque>20</ext:Torque></ext:TPX></Extensions></Trackpoint><Trackpoint><Time>2025-09-14T10:55:44.672Z</Time><DistanceMeters>3589.7646491324285</DistanceMeters><HeartRateBpm><Value>140</Value></HeartRateBpm><Cadence>25</Cadence><Extensions><ext:TPX><ext:Watts>56.088235294117645</ext:Watts><ext:Torque>20</ext:Torque></ext:TPX></Extensions></Trackpoint><Trackpoint><Time>2025-09-14T10:55:45.828Z</Time><DistanceMeters>3594.3316078278276</DistanceMeters><HeartRateBpm><Value>140</Value></HeartRateBpm><Cadence>26</Cadence><Extensions><ext:TPX><ext:Watts>58.24242424242424</ext:Watts><ext:Torque>20</ext:Torque></ext:TPX></Extensions></Trackpoint><Trackpoint><Time>2025-09-14T10:55:46.988Z</Time><DistanceMeters>3598.786887512465</DistanceMeters><HeartRateBpm><Value>140</Value></HeartRateBpm><Cadence>26</Cadence><Extensions><ext:TPX><ext:Watts>56.81818181818182</ext:Watts><ext:Torque>20</ext:Torque></ext:TPX></Extensions></Trackpoint><Trackpoint><Time>2025-09-14T10:55:48.178Z</Time><DistanceMeters>3603.396829348527</DistanceMeters><HeartRateBpm><Value>140</Value></HeartRateBpm><Cadence>25</Cadence><Extensions><ext:TPX><ext:Watts>56.529411764705884</ext:Watts><ext:Torque>20</ext:Torque></ext:TPX></Extensions></Trackpoint><Trackpoint><Time>2025-09-14T10:55:49.332Z</Time><DistanceMeters>3607.8045860498614</DistanceMeters><HeartRateBpm><Value>140</Value></HeartRateBpm><Cadence>26</Cadence><Extensions><ext:TPX><ext:Watts>56.21212121212121</ext:Watts><ext:Torque>20</ext:Torque></ext:TPX></Extensions></Trackpoint><Trackpoint><Time>2025-09-14T10:55:50.522Z</Time><DistanceMeters>3612.234639416774</DistanceMeters><HeartRateBpm><Value>141</Value></HeartRateBpm><Cadence>25</Cadence><Extensions><ext:TPX><ext:Watts>54.3235294117647</ext:Watts><ext:Torque>20</ext:Torque></ext:TPX></Extensions></Trackpoint><Trackpoint><Time>2025-09-14T10:55:51.677Z</Time><DistanceMeters>3616.780212769687</DistanceMeters><HeartRateBpm><Value>141</Value></HeartRateBpm><Cadence>26</Cadence><Extensions><ext:TPX><ext:Watts>57.96969696969697</ext:Watts><ext:Torque>20</ext:Torque></ext:TPX></Extensions></Trackpoint><Trackpoint><Time>2025-09-14T10:55:52.902Z</Time><DistanceMeters>3621.342701810738</DistanceMeters><HeartRateBpm><Value>141</Value></HeartRateBpm><Cadence>24</Cadence><Extensions><ext:TPX><ext:Watts>54.82857142857143</ext:Watts><ext:Torque>20</ext:Torque></ext:TPX></Extensions></Trackpoint><Trackpoint><Time>2025-09-14T10:55:54.092Z</Time><DistanceMeters>3625.8183269231686</DistanceMeters><HeartRateBpm><Value>141</Value></HeartRateBpm><Cadence>25</Cadence><Extensions><ext:TPX><ext:Watts>54.88235294117647</ext:Watts><ext:Torque>20</ext:Torque></ext:TPX></Extensions></Trackpoint><Trackpoint><Time>2025-09-14T10:55:55.282Z</Time><DistanceMeters>3630.5362018407195</DistanceMeters><HeartRateBpm><Value>141</Value></HeartRateBpm><Cadence>25</Cadence><Extensions><ext:TPX><ext:Watts>57.85294117647059</ext:Watts><ext:Torque>20</ext:Torque></ext:TPX></Extensions></Trackpoint><Trackpoint><Time>2025-09-14T10:55:56.472Z</Time><DistanceMeters>3635.2948514779446</DistanceMeters><HeartRateBpm><Value>141</Value></HeartRateBpm><Cadence>25</Cadence><Extensions><ext:TPX><ext:Watts>58.35294117647059</ext:Watts><ext:Torque>20</ext:Torque></ext:TPX></Extensions></Trackpoint><Trackpoint><Time>2025-09-14T10:55:57.662Z</Time><DistanceMeters>3640.0343130117935</DistanceMeters><HeartRateBpm><Value>141</Value></HeartRateBpm><Cadence>25</Cadence><Extensions><ext:TPX><ext:Watts>58.11764705882353</ext:Watts><ext:Torque>20</ext:Torque></ext:TPX></Extensions></Trackpoint><Trackpoint><Time>2025-09-14T10:55:58.823Z</Time><DistanceMeters>3644.793739789569</DistanceMeters><HeartRateBpm><Value>141</Value></HeartRateBpm><Cadence>26</Cadence><Extensions><ext:TPX><ext:Watts>60.696969696969695</ext:Watts><ext:Torque>20</ext:Torque></ext:TPX></Extensions></Trackpoint><Trackpoint><Time>2025-09-14T10:56:00.013Z</Time><DistanceMeters>3649.4444563453044</DistanceMeters><HeartRateBpm><Value>142</Value></HeartRateBpm><Cadence>25</Cadence><Extensions><ext:TPX><ext:Watts>57.029411764705884</ext:Watts><ext:Torque>20</ext:Torque></ext:TPX></Extensions></Trackpoint><Trackpoint><Time>2025-09-14T10:56:01.132Z</Time><DistanceMeters>3653.8357615138775</DistanceMeters><HeartRateBpm><Value>142</Value></HeartRateBpm><Cadence>27</Cadence><Extensions><ext:TPX><ext:Watts>58.15625</ext:Watts><ext:Torque>20</ext:Torque></ext:TPX></Extensions></Trackpoint><Trackpoint><Time>2025-09-14T10:56:02.288Z</Time><DistanceMeters>3658.478756982561</DistanceMeters><HeartRateBpm><Value>142</Value></HeartRateBpm><Cadence>26</Cadence><Extensions><ext:TPX><ext:Watts>59.21212121212121</ext:Watts><ext:Torque>20</ext:Torque></ext:TPX></Extensions></Trackpoint><Trackpoint><Time>2025-09-14T10:56:03.478Z</Time><DistanceMeters>3663.1606542062823</DistanceMeters><HeartRateBpm><Value>142</Value></HeartRateBpm><Cadence>25</Cadence><Extensions><ext:TPX><ext:Watts>57.411764705882355</ext:Watts><ext:Torque>20</ext:Torque></ext:TPX></Extensions></Trackpoint><Trackpoint><Time>2025-09-14T10:56:04.603Z</Time><DistanceMeters>3667.805510244595</DistanceMeters><HeartRateBpm><Value>142</Value></HeartRateBpm><Cadence>26</Cadence><Extensions><ext:TPX><ext:Watts>60.375</ext:Watts><ext:Torque>20</ext:Torque></ext:TPX></Extensions></Trackpoint><Trackpoint><Time>2025-09-14T10:56:05.758Z</Time><DistanceMeters>3672.526918635728</DistanceMeters><HeartRateBpm><Value>142</Value></HeartRateBpm><Cadence>26</Cadence><Extensions><ext:TPX><ext:Watts>60.21212121212121</ext:Watts><ext:Torque>20</ext:Torque></ext:TPX></Extensions></Trackpoint><Trackpoint><Time>2025-09-14T10:56:06.912Z</Time><DistanceMeters>3677.31248305432</DistanceMeters><HeartRateBpm><Value>142</Value></HeartRateBpm><Cadence>26</Cadence><Extensions><ext:TPX><ext:Watts>61.03030303030303</ext:Watts><ext:Torque>20</ext:Torque></ext:TPX></Extensions></Trackpoint><Trackpoint><Time>2025-09-14T10:56:08.068Z</Time><DistanceMeters>3681.9863684621505</DistanceMeters><HeartRateBpm><Value>142</Value></HeartRateBpm><Cadence>26</Cadence><Extensions><ext:TPX><ext:Watts>59.60606060606061</ext:Watts><ext:Torque>20</ext:Torque></ext:TPX></Extensions></Trackpoint><Trackpoint><Time>2025-09-14T10:56:09.223Z</Time><DistanceMeters>3686.8051989690543</DistanceMeters><HeartRateBpm><Value>142</Value></HeartRateBpm><Cadence>26</Cadence><Extensions><ext:TPX><ext:Watts>61.45454545454545</ext:Watts><ext:Torque>20</ext:Torque></ext:TPX></Extensions></Trackpoint><Trackpoint><Time>2025-09-14T10:56:10.378Z</Time><DistanceMeters>3691.6050202826373</DistanceMeters><HeartRateBpm><Value>142</Value></HeartRateBpm><Cadence>26</Cadence><Extensions><ext:TPX><ext:Watts>61.21212121212121</ext:Watts><ext:Torque>20</ext:Torque></ext:TPX></Extensions></Trackpoint><Trackpoint><Time>2025-09-14T10:56:11.498Z</Time><DistanceMeters>3696.2747639304644</DistanceMeters><HeartRateBpm><Value>143</Value></HeartRateBpm><Cadence>27</Cadence><Extensions><ext:TPX><ext:Watts>61.84375</ext:Watts><ext:Torque>20</ext:Torque></ext:TPX></Extensions></Trackpoint><Trackpoint><Time>2025-09-14T10:56:12.628Z</Time><DistanceMeters>3700.962895025035</DistanceMeters><HeartRateBpm><Value>143</Value></HeartRateBpm><Cadence>26</Cadence><Extensions><ext:TPX><ext:Watts>60.9375</ext:Watts><ext:Torque>20</ext:Torque></ext:TPX></Extensions></Trackpoint><Trackpoint><Time>2025-09-14T10:56:13.783Z</Time><DistanceMeters>3705.7745970844435</DistanceMeters><HeartRateBpm><Value>143</Value></HeartRateBpm><Cadence>26</Cadence><Extensions><ext:TPX><ext:Watts>61.36363636363637</ext:Watts><ext:Torque>20</ext:Torque></ext:TPX></Extensions></Trackpoint><Trackpoint><Time>2025-09-14T10:56:14.903Z</Time><DistanceMeters>3710.472656509822</DistanceMeters><HeartRateBpm><Value>144</Value></HeartRateBpm><Cadence>27</Cadence><Extensions><ext:TPX><ext:Watts>62.21875</ext:Watts><ext:Torque>20</ext:Torque></ext:TPX></Extensions></Trackpoint><Trackpoint><Time>2025-09-14T10:56:16.023Z</Time><DistanceMeters>3715.2367860828203</DistanceMeters><HeartRateBpm><Value>144</Value></HeartRateBpm><Cadence>27</Cadence><Extensions><ext:TPX><ext:Watts>63.09375</ext:Watts><ext:Torque>20</ext:Torque></ext:TPX></Extensions></Trackpoint><Trackpoint><Time>2025-09-14T10:56:17.143Z</Time><DistanceMeters>3720.0268717852405</DistanceMeters><HeartRateBpm><Value>144</Value></HeartRateBpm><Cadence>27</Cadence><Extensions><ext:TPX><ext:Watts>63.4375</ext:Watts><ext:Torque>20</ext:Torque></ext:TPX></Extensions></Trackpoint><Trackpoint><Time>2025-09-14T10:56:18.298Z</Time><DistanceMeters>3724.77441781719</DistanceMeters><HeartRateBpm><Value>144</Value></HeartRateBpm><Cadence>26</Cadence><Extensions><ext:TPX><ext:Watts>60.54545454545455</ext:Watts><ext:Torque>20</ext:Torque></ext:TPX></Extensions></Trackpoint><Trackpoint><Time>2025-09-14T10:56:19.418Z</Time><DistanceMeters>3729.623494722842</DistanceMeters><HeartRateBpm><Value>144</Value></HeartRateBpm><Cadence>27</Cadence><Extensions><ext:TPX><ext:Watts>64.21875</ext:Watts><ext:Torque>20</ext:Torque></ext:TPX></Extensions></Trackpoint><Trackpoint><Time>2025-09-14T10:56:20.503Z</Time><DistanceMeters>3734.461457063024</DistanceMeters><HeartRateBpm><Value>145</Value></HeartRateBpm><Cadence>28</Cadence><Extensions><ext:TPX><ext:Watts>65.25806451612904</ext:Watts><ext:Torque>20</ext:Torque></ext:TPX></Extensions></Trackpoint><Trackpoint><Time>2025-09-14T10:56:21.623Z</Time><DistanceMeters>3739.3364900980982</DistanceMeters><HeartRateBpm><Value>145</Value></HeartRateBpm><Cadence>27</Cadence><Extensions><ext:TPX><ext:Watts>64.5625</ext:Watts><ext:Torque>20</ext:Torque></ext:TPX></Extensions></Trackpoint><Trackpoint><Time>2025-09-14T10:56:22.743Z</Time><DistanceMeters>3744.2587160957573</DistanceMeters><HeartRateBpm><Value>145</Value></HeartRateBpm><Cadence>27</Cadence><Extensions><ext:TPX><ext:Watts>65.1875</ext:Watts><ext:Torque>20</ext:Torque></ext:TPX></Extensions></Trackpoint><Trackpoint><Time>2025-09-14T10:56:23.863Z</Time><DistanceMeters>3749.0723982794702</DistanceMeters><HeartRateBpm><Value>146</Value></HeartRateBpm><Cadence>27</Cadence><Extensions><ext:TPX><ext:Watts>63.75</ext:Watts><ext:Torque>20</ext:Torque></ext:TPX></Extensions></Trackpoint><Trackpoint><Time>2025-09-14T10:56:24.983Z</Time><DistanceMeters>3753.782255945495</DistanceMeters><HeartRateBpm><Value>146</Value></HeartRateBpm><Cadence>27</Cadence><Extensions><ext:TPX><ext:Watts>62.375</ext:Watts><ext:Torque>20</ext:Torque></ext:TPX></Extensions></Trackpoint><Trackpoint><Time>2025-09-14T10:56:26.103Z</Time><DistanceMeters>3758.706841591283</DistanceMeters><HeartRateBpm><Value>146</Value></HeartRateBpm><Cadence>27</Cadence><Extensions><ext:TPX><ext:Watts>65.21875</ext:Watts><ext:Torque>20</ext:Torque></ext:TPX></Extensions></Trackpoint><Trackpoint><Time>2025-09-14T10:56:27.223Z</Time><DistanceMeters>3763.721093865984</DistanceMeters><HeartRateBpm><Value>147</Value></HeartRateBpm><Cadence>27</Cadence><Extensions><ext:TPX><ext:Watts>66.40625</ext:Watts><ext:Torque>20</ext:Torque></ext:TPX></Extensions></Trackpoint><Trackpoint><Time>2025-09-14T10:56:28.343Z</Time><DistanceMeters>3768.6338812711265</DistanceMeters><HeartRateBpm><Value>147</Value></HeartRateBpm><Cadence>27</Cadence><Extensions><ext:TPX><ext:Watts>65.0625</ext:Watts><ext:Torque>20</ext:Torque></ext:TPX></Extensions></Trackpoint><Trackpoint><Time>2025-09-14T10:56:29.463Z</Time><DistanceMeters>3773.433405566064</DistanceMeters><HeartRateBpm><Value>147</Value></HeartRateBpm><Cadence>27</Cadence><Extensions><ext:TPX><ext:Watts>63.5625</ext:Watts><ext:Torque>20</ext:Torque></ext:TPX></Extensions></Trackpoint><Trackpoint><Time>2025-09-14T10:56:30.618Z</Time><DistanceMeters>3778.511236331968</DistanceMeters><HeartRateBpm><Value>147</Value></HeartRateBpm><Cadence>26</Cadence><Extensions><ext:TPX><ext:Watts>64.75757575757575</ext:Watts><ext:Torque>20</ext:Torque></ext:TPX></Extensions></Trackpoint><Trackpoint><Time>2025-09-14T10:56:31.738Z</Time><DistanceMeters>3783.508971069764</DistanceMeters><HeartRateBpm><Value>147</Value></HeartRateBpm><Cadence>27</Cadence><Extensions><ext:TPX><ext:Watts>66.1875</ext:Watts><ext:Torque>20</ext:Torque></ext:TPX></Extensions></Trackpoint><Trackpoint><Time>2025-09-14T10:56:32.858Z</Time><DistanceMeters>3788.433556715552</DistanceMeters><HeartRateBpm><Value>148</Value></HeartRateBpm><Cadence>27</Cadence><Extensions><ext:TPX><ext:Watts>65.21875</ext:Watts><ext:Torque>20</ext:Torque></ext:TPX></Extensions></Trackpoint><Trackpoint><Time>2025-09-14T10:56:33.948Z</Time><DistanceMeters>3793.321740118089</DistanceMeters><HeartRateBpm><Value>148</Value></HeartRateBpm><Cadence>28</Cadence><Extensions><ext:TPX><ext:Watts>65.93548387096774</ext:Watts><ext:Torque>20</ext:Torque></ext:TPX></Extensions></Trackpoint><Trackpoint><Time>2025-09-14T10:56:35.073Z</Time><DistanceMeters>3798.3873258700173</DistanceMeters><HeartRateBpm><Value>148</Value></HeartRateBpm><Cadence>26</Cadence><Extensions><ext:TPX><ext:Watts>65.84375</ext:Watts><ext:Torque>20</ext:Torque></ext:TPX></Extensions></Trackpoint><Trackpoint><Time>2025-09-14T10:56:36.198Z</Time><DistanceMeters>3803.4577199615296</DistanceMeters><HeartRateBpm><Value>148</Value></HeartRateBpm><Cadence>26</Cadence><Extensions><ext:TPX><ext:Watts>65.90625</ext:Watts><ext:Torque>20</ext:Torque></ext:TPX></Extensions></Trackpoint><Trackpoint><Time>2025-09-14T10:56:37.353Z</Time><DistanceMeters>3808.485651594966</DistanceMeters><HeartRateBpm><Value>148</Value></HeartRateBpm><Cadence>26</Cadence><Extensions><ext:TPX><ext:Watts>64.12121212121212</ext:Watts><ext:Torque>20</ext:Torque></ext:TPX></Extensions></Trackpoint><Trackpoint><Time>2025-09-14T10:56:38.473Z</Time><DistanceMeters>3813.4243951295302</DistanceMeters><HeartRateBpm><Value>148</Value></HeartRateBpm><Cadence>27</Cadence><Extensions><ext:TPX><ext:Watts>65.40625</ext:Watts><ext:Torque>20</ext:Torque></ext:TPX></Extensions></Trackpoint><Trackpoint><Time>2025-09-14T10:56:39.628Z</Time><DistanceMeters>3818.478464403783</DistanceMeters><HeartRateBpm><Value>148</Value></HeartRateBpm><Cadence>26</Cadence><Extensions><ext:TPX><ext:Watts>64.45454545454545</ext:Watts><ext:Torque>20</ext:Torque></ext:TPX></Extensions></Trackpoint><Trackpoint><Time>2025-09-14T10:56:40.749Z</Time><DistanceMeters>3823.5233921041645</DistanceMeters><HeartRateBpm><Value>148</Value></HeartRateBpm><Cadence>27</Cadence><Extensions><ext:TPX><ext:Watts>66.8125</ext:Watts><ext:Torque>20</ext:Torque></ext:TPX></Extensions></Trackpoint><Trackpoint><Time>2025-09-14T10:56:41.903Z</Time><DistanceMeters>3828.622608212555</DistanceMeters><HeartRateBpm><Value>148</Value></HeartRateBpm><Cadence>26</Cadence><Extensions><ext:TPX><ext:Watts>65.03030303030303</ext:Watts><ext:Torque>20</ext:Torque></ext:TPX></Extensions></Trackpoint><Trackpoint><Time>2025-09-14T10:56:43.023Z</Time><DistanceMeters>3833.441009692526</DistanceMeters><HeartRateBpm><Value>148</Value></HeartRateBpm><Cadence>27</Cadence><Extensions><ext:TPX><ext:Watts>63.8125</ext:Watts><ext:Torque>20</ext:Torque></ext:TPX></Extensions></Trackpoint><Trackpoint><Time>2025-09-14T10:56:44.179Z</Time><DistanceMeters>3838.257464050265</DistanceMeters><HeartRateBpm><Value>149</Value></HeartRateBpm><Cadence>26</Cadence><Extensions><ext:TPX><ext:Watts>61.42424242424242</ext:Watts><ext:Torque>20</ext:Torque></ext:TPX></Extensions></Trackpoint><Trackpoint><Time>2025-09-14T10:56:45.263Z</Time><DistanceMeters>3843.1480389319613</DistanceMeters><HeartRateBpm><Value>149</Value></HeartRateBpm><Cadence>28</Cadence><Extensions><ext:TPX><ext:Watts>65.96774193548387</ext:Watts><ext:Torque>20</ext:Torque></ext:TPX></Extensions></Trackpoint><Trackpoint><Time>2025-09-14T10:56:46.453Z</Time><DistanceMeters>3847.8491242590585</DistanceMeters><HeartRateBpm><Value>149</Value></HeartRateBpm><Cadence>25</Cadence><Extensions><ext:TPX><ext:Watts>57.64705882352941</ext:Watts><ext:Torque>20</ext:Torque></ext:TPX></Extensions></Trackpoint><Trackpoint><Time>2025-09-14T10:56:47.573Z</Time><DistanceMeters>3852.556622276954</DistanceMeters><HeartRateBpm><Value>149</Value></HeartRateBpm><Cadence>27</Cadence><Extensions><ext:TPX><ext:Watts>62.34375</ext:Watts><ext:Torque>20</ext:Torque></ext:TPX></Extensions></Trackpoint><Trackpoint><Time>2025-09-14T10:56:48.763Z</Time><DistanceMeters>3857.2409180135974</DistanceMeters><HeartRateBpm><Value>149</Value></HeartRateBpm><Cadence>25</Cadence><Extensions><ext:TPX><ext:Watts>57.44117647058823</ext:Watts><ext:Torque>20</ext:Torque></ext:TPX></Extensions></Trackpoint><Trackpoint><Time>2025-09-14T10:56:49.918Z</Time><DistanceMeters>3861.6106563282897</DistanceMeters><HeartRateBpm><Value>150</Value></HeartRateBpm><Cadence>26</Cadence><Extensions><ext:TPX><ext:Watts>55.72727272727273</ext:Watts><ext:Torque>20</ext:Torque></ext:TPX></Extensions></Trackpoint><Trackpoint><Time>2025-09-14T10:56:51.039Z</Time><DistanceMeters>3865.8485843684603</DistanceMeters><HeartRateBpm><Value>150</Value></HeartRateBpm><Cadence>27</Cadence><Extensions><ext:TPX><ext:Watts>56.125</ext:Watts><ext:Torque>20</ext:Torque></ext:TPX></Extensions></Trackpoint><Trackpoint><Time>2025-09-14T10:56:52.163Z</Time><DistanceMeters>3870.3395735400795</DistanceMeters><HeartRateBpm><Value>150</Value></HeartRateBpm><Cadence>26</Cadence><Extensions><ext:TPX><ext:Watts>58.375</ext:Watts><ext:Torque>20</ext:Torque></ext:TPX></Extensions></Trackpoint><Trackpoint><Time>2025-09-14T10:56:53.353Z</Time><DistanceMeters>3874.79121352329</DistanceMeters><HeartRateBpm><Value>150</Value></HeartRateBpm><Cadence>25</Cadence><Extensions><ext:TPX><ext:Watts>54.588235294117645</ext:Watts><ext:Torque>20</ext:Torque></ext:TPX></Extensions></Trackpoint><Trackpoint><Time>2025-09-14T10:56:54.508Z</Time><DistanceMeters>3879.253621655423</DistanceMeters><HeartRateBpm><Value>150</Value></HeartRateBpm><Cadence>26</Cadence><Extensions><ext:TPX><ext:Watts>56.90909090909091</ext:Watts><ext:Torque>20</ext:Torque></ext:TPX></Extensions></Trackpoint><Trackpoint><Time>2025-09-14T10:56:55.663Z</Time><DistanceMeters>3883.8657271849597</DistanceMeters><HeartRateBpm><Value>151</Value></HeartRateBpm><Cadence>26</Cadence><Extensions><ext:TPX><ext:Watts>58.81818181818182</ext:Watts><ext:Torque>20</ext:Torque></ext:TPX></Extensions></Trackpoint><Trackpoint><Time>2025-09-14T10:56:56.823Z</Time><DistanceMeters>3888.385162897056</DistanceMeters><HeartRateBpm><Value>151</Value></HeartRateBpm><Cadence>26</Cadence><Extensions><ext:TPX><ext:Watts>57.63636363636363</ext:Watts><ext:Torque>20</ext:Torque></ext:TPX></Extensions></Trackpoint><Trackpoint><Time>2025-09-14T10:56:57.949Z</Time><DistanceMeters>3892.7775811071997</DistanceMeters><HeartRateBpm><Value>151</Value></HeartRateBpm><Cadence>26</Cadence><Extensions><ext:TPX><ext:Watts>57.09375</ext:Watts><ext:Torque>20</ext:Torque></ext:TPX></Extensions></Trackpoint><Trackpoint><Time>2025-09-14T10:56:59.069Z</Time><DistanceMeters>3897.1736055720316</DistanceMeters><HeartRateBpm><Value>151</Value></HeartRateBpm><Cadence>27</Cadence><Extensions><ext:TPX><ext:Watts>58.21875</ext:Watts><ext:Torque>20</ext:Torque></ext:TPX></Extensions></Trackpoint><Trackpoint><Time>2025-09-14T10:57:00.199Z</Time><DistanceMeters>3901.6862322717798</DistanceMeters><HeartRateBpm><Value>151</Value></HeartRateBpm><Cadence>26</Cadence><Extensions><ext:TPX><ext:Watts>58.65625</ext:Watts><ext:Torque>20</ext:Torque></ext:TPX></Extensions></Trackpoint><Trackpoint><Time>2025-09-14T10:57:01.353Z</Time><DistanceMeters>3906.2508148180136</DistanceMeters><HeartRateBpm><Value>151</Value></HeartRateBpm><Cadence>26</Cadence><Extensions><ext:TPX><ext:Watts>58.21212121212121</ext:Watts><ext:Torque>20</ext:Torque></ext:TPX></Extensions></Trackpoint><Trackpoint><Time>2025-09-14T10:57:02.509Z</Time><DistanceMeters>3910.7583697842842</DistanceMeters><HeartRateBpm><Value>152</Value></HeartRateBpm><Cadence>26</Cadence><Extensions><ext:TPX><ext:Watts>57.484848484848484</ext:Watts><ext:Torque>20</ext:Torque></ext:TPX></Extensions></Trackpoint><Trackpoint><Time>2025-09-14T10:57:03.633Z</Time><DistanceMeters>3915.088279579834</DistanceMeters><HeartRateBpm><Value>152</Value></HeartRateBpm><Cadence>26</Cadence><Extensions><ext:TPX><ext:Watts>56.28125</ext:Watts><ext:Torque>20</ext:Torque></ext:TPX></Extensions></Trackpoint><Trackpoint><Time>2025-09-14T10:57:04.753Z</Time><DistanceMeters>3919.479584748407</DistanceMeters><HeartRateBpm><Value>152</Value></HeartRateBpm><Cadence>27</Cadence><Extensions><ext:TPX><ext:Watts>58.15625</ext:Watts><ext:Torque>20</ext:Torque></ext:TPX></Extensions></Trackpoint><Trackpoint><Time>2025-09-14T10:57:05.909Z</Time><DistanceMeters>3923.773286289815</DistanceMeters><HeartRateBpm><Value>152</Value></HeartRateBpm><Cadence>26</Cadence><Extensions><ext:TPX><ext:Watts>54.75757575757576</ext:Watts><ext:Torque>20</ext:Torque></ext:TPX></Extensions></Trackpoint><Trackpoint><Time>2025-09-14T10:57:07.029Z</Time><DistanceMeters>3928.105600255157</DistanceMeters><HeartRateBpm><Value>152</Value></HeartRateBpm><Cadence>27</Cadence><Extensions><ext:TPX><ext:Watts>57.375</ext:Watts><ext:Torque>20</ext:Torque></ext:TPX></Extensions></Trackpoint><Trackpoint><Time>2025-09-14T10:57:08.184Z</Time><DistanceMeters>3932.520485403987</DistanceMeters><HeartRateBpm><Value>152</Value></HeartRateBpm><Cadence>26</Cadence><Extensions><ext:TPX><ext:Watts>56.303030303030305</ext:Watts><ext:Torque>20</ext:Torque></ext:TPX></Extensions></Trackpoint><Trackpoint><Time>2025-09-14T10:57:09.339Z</Time><DistanceMeters>3937.0613064585696</DistanceMeters><HeartRateBpm><Value>152</Value></HeartRateBpm><Cadence>26</Cadence><Extensions><ext:TPX><ext:Watts>57.90909090909091</ext:Watts><ext:Torque>20</ext:Torque></ext:TPX></Extensions></Trackpoint><Trackpoint><Time>2025-09-14T10:57:10.529Z</Time><DistanceMeters>3941.702428962617</DistanceMeters><HeartRateBpm><Value>152</Value></HeartRateBpm><Cadence>25</Cadence><Extensions><ext:TPX><ext:Watts>56.911764705882355</ext:Watts><ext:Torque>20</ext:Torque></ext:TPX></Extensions></Trackpoint><Trackpoint><Time>2025-09-14T10:57:11.684Z</Time><DistanceMeters>3946.3216629396493</DistanceMeters><HeartRateBpm><Value>152</Value></HeartRateBpm><Cadence>26</Cadence><Extensions><ext:TPX><ext:Watts>58.90909090909091</ext:Watts><ext:Torque>20</ext:Torque></ext:TPX></Extensions></Trackpoint><Trackpoint><Time>2025-09-14T10:57:12.874Z</Time><DistanceMeters>3951.0251467796684</DistanceMeters><HeartRateBpm><Value>153</Value></HeartRateBpm><Cadence>25</Cadence><Extensions><ext:TPX><ext:Watts>57.6764705882353</ext:Watts><ext:Torque>20</ext:Torque></ext:TPX></Extensions></Trackpoint><Trackpoint><Time>2025-09-14T10:57:13.994Z</Time><DistanceMeters>3955.6594957055568</DistanceMeters><HeartRateBpm><Value>153</Value></HeartRateBpm><Cadence>27</Cadence><Extensions><ext:TPX><ext:Watts>61.375</ext:Watts><ext:Torque>20</ext:Torque></ext:TPX></Extensions></Trackpoint><Trackpoint><Time>2025-09-14T10:57:15.184Z</Time><DistanceMeters>3960.3198063129803</DistanceMeters><HeartRateBpm><Value>153</Value></HeartRateBpm><Cadence>25</Cadence><Extensions><ext:TPX><ext:Watts>57.14705882352941</ext:Watts><ext:Torque>20</ext:Torque></ext:TPX></Extensions></Trackpoint><Trackpoint><Time>2025-09-14T10:57:16.374Z</Time><DistanceMeters>3965.0592678468292</DistanceMeters><HeartRateBpm><Value>153</Value></HeartRateBpm><Cadence>25</Cadence><Extensions><ext:TPX><ext:Watts>58.11764705882353</ext:Watts><ext:Torque>20</ext:Torque></ext:TPX></Extensions></Trackpoint><Trackpoint><Time>2025-09-14T10:57:17.534Z</Time><DistanceMeters>3969.6000889014117</DistanceMeters><HeartRateBpm><Value>153</Value></HeartRateBpm><Cadence>26</Cadence><Extensions><ext:TPX><ext:Watts>57.90909090909091</ext:Watts><ext:Torque>20</ext:Torque></ext:TPX></Extensions></Trackpoint><Trackpoint><Time>2025-09-14T10:57:18.759Z</Time><DistanceMeters>3974.172088081162</DistanceMeters><HeartRateBpm><Value>152</Value></HeartRateBpm><Cadence>24</Cadence><Extensions><ext:TPX><ext:Watts>54.94285714285714</ext:Watts><ext:Torque>20</ext:Torque></ext:TPX></Extensions></Trackpoint><Trackpoint><Time>2025-09-14T10:57:19.984Z</Time><DistanceMeters>3978.9628204509995</DistanceMeters><HeartRateBpm><Value>152</Value></HeartRateBpm><Cadence>24</Cadence><Extensions><ext:TPX><ext:Watts>57.57142857142857</ext:Watts><ext:Torque>20</ext:Torque></ext:TPX></Extensions></Trackpoint><Trackpoint><Time>2025-09-14T10:57:21.174Z</Time><DistanceMeters>3983.7334626528345</DistanceMeters><HeartRateBpm><Value>152</Value></HeartRateBpm><Cadence>25</Cadence><Extensions><ext:TPX><ext:Watts>58.5</ext:Watts><ext:Torque>20</ext:Torque></ext:TPX></Extensions></Trackpoint><Trackpoint><Time>2025-09-14T10:57:22.294Z</Time><DistanceMeters>3988.101171340115</DistanceMeters><HeartRateBpm><Value>151</Value></HeartRateBpm><Cadence>27</Cadence><Extensions><ext:TPX><ext:Watts>57.84375</ext:Watts><ext:Torque>20</ext:Torque></ext:TPX></Extensions></Trackpoint><Trackpoint><Time>2025-09-14T10:57:23.519Z</Time><DistanceMeters>3992.8015573923076</DistanceMeters><HeartRateBpm><Value>151</Value></HeartRateBpm><Cadence>24</Cadence><Extensions><ext:TPX><ext:Watts>56.48571428571429</ext:Watts><ext:Torque>20</ext:Torque></ext:TPX></Extensions></Trackpoint><Trackpoint><Time>2025-09-14T10:57:24.709Z</Time><DistanceMeters>3997.416296254213</DistanceMeters><HeartRateBpm><Value>150</Value></HeartRateBpm><Cadence>25</Cadence><Extensions><ext:TPX><ext:Watts>56.588235294117645</ext:Watts><ext:Torque>20</ext:Torque></ext:TPX></Extensions></Trackpoint><Trackpoint><Time>2025-09-14T10:57:25.899Z</Time><DistanceMeters>4001.6808522295087</DistanceMeters><HeartRateBpm><Value>150</Value></HeartRateBpm><Cadence>25</Cadence><Extensions><ext:TPX><ext:Watts>52.294117647058826</ext:Watts><ext:Torque>20</ext:Torque></ext:TPX></Extensions></Trackpoint><Trackpoint><Time>2025-09-14T10:57:27.124Z</Time><DistanceMeters>4006.1839029036882</DistanceMeters><HeartRateBpm><Value>149</Value></HeartRateBpm><Cadence>24</Cadence><Extensions><ext:TPX><ext:Watts>54.114285714285714</ext:Watts><ext:Torque>20</ext:Torque></ext:TPX></Extensions></Trackpoint><Trackpoint><Time>2025-09-14T10:57:28.279Z</Time><DistanceMeters>4010.3302831968576</DistanceMeters><HeartRateBpm><Value>150</Value></HeartRateBpm><Cadence>26</Cadence><Extensions><ext:TPX><ext:Watts>52.878787878787875</ext:Watts><ext:Torque>20</ext:Torque></ext:TPX></Extensions></Trackpoint><Trackpoint><Time>2025-09-14T10:57:29.509Z</Time><DistanceMeters>4014.766762900141</DistanceMeters><HeartRateBpm><Value>151</Value></HeartRateBpm><Cadence>24</Cadence><Extensions><ext:TPX><ext:Watts>53.31428571428572</ext:Watts><ext:Torque>20</ext:Torque></ext:TPX></Extensions></Trackpoint><Trackpoint><Time>2025-09-14T10:57:30.699Z</Time><DistanceMeters>4019.2783657064015</DistanceMeters><HeartRateBpm><Value>152</Value></HeartRateBpm><Cadence>25</Cadence><Extensions><ext:TPX><ext:Watts>55.3235294117647</ext:Watts><ext:Torque>20</ext:Torque></ext:TPX></Extensions></Trackpoint><Trackpoint><Time>2025-09-14T10:57:31.899Z</Time><DistanceMeters>4023.869119439087</DistanceMeters><HeartRateBpm><Value>151</Value></HeartRateBpm><Cadence>25</Cadence><Extensions><ext:TPX><ext:Watts>56.294117647058826</ext:Watts><ext:Torque>20</ext:Torque></ext:TPX></Extensions></Trackpoint><Trackpoint><Time>2025-09-14T10:57:33.124Z</Time><DistanceMeters>4028.40783313339</DistanceMeters><HeartRateBpm><Value>151</Value></HeartRateBpm><Cadence>24</Cadence><Extensions><ext:TPX><ext:Watts>54.542857142857144</ext:Watts><ext:Torque>20</ext:Torque></ext:TPX></Extensions></Trackpoint><Trackpoint><Time>2025-09-14T10:57:34.349Z</Time><DistanceMeters>4032.941791758343</DistanceMeters><HeartRateBpm><Value>150</Value></HeartRateBpm><Cadence>24</Cadence><Extensions><ext:TPX><ext:Watts>54.48571428571429</ext:Watts><ext:Torque>20</ext:Torque></ext:TPX></Extensions></Trackpoint><Trackpoint><Time>2025-09-14T10:57:35.574Z</Time><DistanceMeters>4037.3996692737</DistanceMeters><HeartRateBpm><Value>149</Value></HeartRateBpm><Cadence>24</Cadence><Extensions><ext:TPX><ext:Watts>53.57142857142857</ext:Watts><ext:Torque>20</ext:Torque></ext:TPX></Extensions></Trackpoint><Trackpoint><Time>2025-09-14T10:57:36.769Z</Time><DistanceMeters>4041.913670592882</DistanceMeters><HeartRateBpm><Value>148</Value></HeartRateBpm><Cadence>25</Cadence><Extensions><ext:TPX><ext:Watts>55.35294117647059</ext:Watts><ext:Torque>20</ext:Torque></ext:TPX></Extensions></Trackpoint><Trackpoint><Time>2025-09-14T10:57:37.999Z</Time><DistanceMeters>4046.4856697726327</DistanceMeters><HeartRateBpm><Value>148</Value></HeartRateBpm><Cadence>24</Cadence><Extensions><ext:TPX><ext:Watts>54.94285714285714</ext:Watts><ext:Torque>20</ext:Torque></ext:TPX></Extensions></Trackpoint><Trackpoint><Time>2025-09-14T10:57:39.196Z</Time><DistanceMeters>4050.8797454457153</DistanceMeters><HeartRateBpm><Value>147</Value></HeartRateBpm><Cadence>25</Cadence><Extensions><ext:TPX><ext:Watts>53.88235294117647</ext:Watts><ext:Torque>20</ext:Torque></ext:TPX></Extensions></Trackpoint><Trackpoint><Time>2025-09-14T10:57:40.419Z</Time><DistanceMeters>4055.247276643428</DistanceMeters><HeartRateBpm><Value>147</Value></HeartRateBpm><Cadence>24</Cadence><Extensions><ext:TPX><ext:Watts>52.48571428571429</ext:Watts><ext:Torque>20</ext:Torque></ext:TPX></Extensions></Trackpoint><Trackpoint><Time>2025-09-14T10:57:41.644Z</Time><DistanceMeters>4059.70753169346</DistanceMeters><HeartRateBpm><Value>146</Value></HeartRateBpm><Cadence>24</Cadence><Extensions><ext:TPX><ext:Watts>53.6</ext:Watts><ext:Torque>20</ext:Torque></ext:TPX></Extensions></Trackpoint><Trackpoint><Time>2025-09-14T10:57:42.834Z</Time><DistanceMeters>4064.214337473876</DistanceMeters><HeartRateBpm><Value>146</Value></HeartRateBpm><Cadence>25</Cadence><Extensions><ext:TPX><ext:Watts>55.26470588235294</ext:Watts><ext:Torque>20</ext:Torque></ext:TPX></Extensions></Trackpoint><Trackpoint><Time>2025-09-14T10:57:44.024Z</Time><DistanceMeters>4068.9178213138953</DistanceMeters><HeartRateBpm><Value>146</Value></HeartRateBpm><Cadence>25</Cadence><Extensions><ext:TPX><ext:Watts>57.6764705882353</ext:Watts><ext:Torque>20</ext:Torque></ext:TPX></Extensions></Trackpoint><Trackpoint><Time>2025-09-14T10:57:45.290Z</Time><DistanceMeters>4073.742347837947</DistanceMeters><HeartRateBpm><Value>146</Value></HeartRateBpm><Cadence>24</Cadence><Extensions><ext:TPX><ext:Watts>55.611111111111114</ext:Watts><ext:Torque>20</ext:Torque></ext:TPX></Extensions></Trackpoint><Trackpoint><Time>2025-09-14T10:57:46.515Z</Time><DistanceMeters>4078.6472018721774</DistanceMeters><HeartRateBpm><Value>147</Value></HeartRateBpm><Cadence>24</Cadence><Extensions><ext:TPX><ext:Watts>58.94285714285714</ext:Watts><ext:Torque>20</ext:Torque></ext:TPX></Extensions></Trackpoint><Trackpoint><Time>2025-09-14T10:57:47.739Z</Time><DistanceMeters>4083.235843794652</DistanceMeters><HeartRateBpm><Value>147</Value></HeartRateBpm><Cadence>24</Cadence><Extensions><ext:TPX><ext:Watts>55.142857142857146</ext:Watts><ext:Torque>20</ext:Torque></ext:TPX></Extensions></Trackpoint><Trackpoint><Time>2025-09-14T10:57:48.929Z</Time><DistanceMeters>4087.912943992529</DistanceMeters><HeartRateBpm><Value>146</Value></HeartRateBpm><Cadence>25</Cadence><Extensions><ext:TPX><ext:Watts>57.35294117647059</ext:Watts><ext:Torque>20</ext:Torque></ext:TPX></Extensions></Trackpoint><Trackpoint><Time>2025-09-14T10:57:50.154Z</Time><DistanceMeters>4092.575289489924</DistanceMeters><HeartRateBpm><Value>146</Value></HeartRateBpm><Cadence>24</Cadence><Extensions><ext:TPX><ext:Watts>56.02857142857143</ext:Watts><ext:Torque>20</ext:Torque></ext:TPX></Extensions></Trackpoint><Trackpoint><Time>2025-09-14T10:57:51.379Z</Time><DistanceMeters>4097.1805741551225</DistanceMeters><HeartRateBpm><Value>146</Value></HeartRateBpm><Cadence>24</Cadence><Extensions><ext:TPX><ext:Watts>55.34285714285714</ext:Watts><ext:Torque>20</ext:Torque></ext:TPX></Extensions></Trackpoint><Trackpoint><Time>2025-09-14T10:57:52.569Z</Time><DistanceMeters>4101.79771152995</DistanceMeters><HeartRateBpm><Value>146</Value></HeartRateBpm><Cadence>25</Cadence><Extensions><ext:TPX><ext:Watts>56.61764705882353</ext:Watts><ext:Torque>20</ext:Torque></ext:TPX></Extensions></Trackpoint><Trackpoint><Time>2025-09-14T10:57:53.794Z</Time><DistanceMeters>4106.265099184006</DistanceMeters><HeartRateBpm><Value>145</Value></HeartRateBpm><Cadence>24</Cadence><Extensions><ext:TPX><ext:Watts>53.68571428571428</ext:Watts><ext:Torque>20</ext:Torque></ext:TPX></Extensions></Trackpoint><Trackpoint><Time>2025-09-14T10:57:54.984Z</Time><DistanceMeters>4111.033342872919</DistanceMeters><HeartRateBpm><Value>145</Value></HeartRateBpm><Cadence>25</Cadence><Extensions><ext:TPX><ext:Watts>58.470588235294116</ext:Watts><ext:Torque>20</ext:Torque></ext:TPX></Extensions></Trackpoint><Trackpoint><Time>2025-09-14T10:57:56.174Z</Time><DistanceMeters>4115.794391023066</DistanceMeters><HeartRateBpm><Value>145</Value></HeartRateBpm><Cadence>25</Cadence><Extensions><ext:TPX><ext:Watts>58.38235294117647</ext:Watts><ext:Torque>20</ext:Torque></ext:TPX></Extensions></Trackpoint><Trackpoint><Time>2025-09-14T10:57:57.329Z</Time><DistanceMeters>4120.408872701768</DistanceMeters><HeartRateBpm><Value>145</Value></HeartRateBpm><Cadence>26</Cadence><Extensions><ext:TPX><ext:Watts>58.84848484848485</ext:Watts><ext:Torque>20</ext:Torque></ext:TPX></Extensions></Trackpoint><Trackpoint><Time>2025-09-14T10:57:58.484Z</Time><DistanceMeters>4125.227703208672</DistanceMeters><HeartRateBpm><Value>145</Value></HeartRateBpm><Cadence>26</Cadence><Extensions><ext:TPX><ext:Watts>61.45454545454545</ext:Watts><ext:Torque>20</ext:Torque></ext:TPX></Extensions></Trackpoint><Trackpoint><Time>2025-09-14T10:57:59.640Z</Time><DistanceMeters>4130.170093472163</DistanceMeters><HeartRateBpm><Value>145</Value></HeartRateBpm><Cadence>26</Cadence><Extensions><ext:TPX><ext:Watts>63.03030303030303</ext:Watts><ext:Torque>20</ext:Torque></ext:TPX></Extensions></Trackpoint><Trackpoint><Time>2025-09-14T10:58:00.829Z</Time><DistanceMeters>4135.214166147104</DistanceMeters><HeartRateBpm><Value>145</Value></HeartRateBpm><Cadence>25</Cadence><Extensions><ext:TPX><ext:Watts>61.85294117647059</ext:Watts><ext:Torque>20</ext:Torque></ext:TPX></Extensions></Trackpoint><Trackpoint><Time>2025-09-14T10:58:01.994Z</Time><DistanceMeters>4139.964088328219</DistanceMeters><HeartRateBpm><Value>145</Value></HeartRateBpm><Cadence>26</Cadence><Extensions><ext:TPX><ext:Watts>60.57575757575758</ext:Watts><ext:Torque>20</ext:Torque></ext:TPX></Extensions></Trackpoint><Trackpoint><Time>2025-09-14T10:58:03.184Z</Time><DistanceMeters>4144.792294840182</DistanceMeters><HeartRateBpm><Value>145</Value></HeartRateBpm><Cadence>25</Cadence><Extensions><ext:TPX><ext:Watts>59.205882352941174</ext:Watts><ext:Torque>20</ext:Torque></ext:TPX></Extensions></Trackpoint><Trackpoint><Time>2025-09-14T10:58:04.379Z</Time><DistanceMeters>4149.682862688116</DistanceMeters><HeartRateBpm><Value>145</Value></HeartRateBpm><Cadence>25</Cadence><Extensions><ext:TPX><ext:Watts>59.970588235294116</ext:Watts><ext:Torque>20</ext:Torque></ext:TPX></Extensions></Trackpoint><Trackpoint><Time>2025-09-14T10:58:05.534Z</Time><DistanceMeters>4154.380509587598</DistanceMeters><HeartRateBpm><Value>146</Value></HeartRateBpm><Cadence>26</Cadence><Extensions><ext:TPX><ext:Watts>59.90909090909091</ext:Watts><ext:Torque>20</ext:Torque></ext:TPX></Extensions></Trackpoint><Trackpoint><Time>2025-09-14T10:58:06.690Z</Time><DistanceMeters>4159.303890657768</DistanceMeters><HeartRateBpm><Value>147</Value></HeartRateBpm><Cadence>26</Cadence><Extensions><ext:TPX><ext:Watts>62.78787878787879</ext:Watts><ext:Torque>20</ext:Torque></ext:TPX></Extensions></Trackpoint><Trackpoint><Time>2025-09-14T10:58:07.844Z</Time><DistanceMeters>4164.0728220322035</DistanceMeters><HeartRateBpm><Value>147</Value></HeartRateBpm><Cadence>26</Cadence><Extensions><ext:TPX><ext:Watts>60.81818181818182</ext:Watts><ext:Torque>20</ext:Torque></ext:TPX></Extensions></Trackpoint><Trackpoint><Time>2025-09-14T10:58:09.000Z</Time><DistanceMeters>4168.920166329089</DistanceMeters><HeartRateBpm><Value>147</Value></HeartRateBpm><Cadence>26</Cadence><Extensions><ext:TPX><ext:Watts>61.81818181818182</ext:Watts><ext:Torque>20</ext:Torque></ext:TPX></Extensions></Trackpoint><Trackpoint><Time>2025-09-14T10:58:10.154Z</Time><DistanceMeters>4173.831666653433</DistanceMeters><HeartRateBpm><Value>148</Value></HeartRateBpm><Cadence>26</Cadence><Extensions><ext:TPX><ext:Watts>62.63636363636363</ext:Watts><ext:Torque>20</ext:Torque></ext:TPX></Extensions></Trackpoint><Trackpoint><Time>2025-09-14T10:58:11.310Z</Time><DistanceMeters>4178.823956049392</DistanceMeters><HeartRateBpm><Value>148</Value></HeartRateBpm><Cadence>26</Cadence><Extensions><ext:TPX><ext:Watts>63.666666666666664</ext:Watts><ext:Torque>20</ext:Torque></ext:TPX></Extensions></Trackpoint><Trackpoint><Time>2025-09-14T10:58:12.500Z</Time><DistanceMeters>4183.829652517582</DistanceMeters><HeartRateBpm><Value>148</Value></HeartRateBpm><Cadence>25</Cadence><Extensions><ext:TPX><ext:Watts>61.38235294117647</ext:Watts><ext:Torque>20</ext:Torque></ext:TPX></Extensions></Trackpoint><Trackpoint><Time>2025-09-14T10:58:13.690Z</Time><DistanceMeters>4188.854537089148</DistanceMeters><HeartRateBpm><Value>148</Value></HeartRateBpm><Cadence>25</Cadence><Extensions><ext:TPX><ext:Watts>61.61764705882353</ext:Watts><ext:Torque>20</ext:Torque></ext:TPX></Extensions></Trackpoint><Trackpoint><Time>2025-09-14T10:58:14.880Z</Time><DistanceMeters>4193.88661719948</DistanceMeters><HeartRateBpm><Value>148</Value></HeartRateBpm><Cadence>25</Cadence><Extensions><ext:TPX><ext:Watts>61.705882352941174</ext:Watts><ext:Torque>20</ext:Torque></ext:TPX></Extensions></Trackpoint><Trackpoint><Time>2025-09-14T10:58:16.070Z</Time><DistanceMeters>4198.8467419221515</DistanceMeters><HeartRateBpm><Value>149</Value></HeartRateBpm><Cadence>25</Cadence><Extensions><ext:TPX><ext:Watts>60.8235294117647</ext:Watts><ext:Torque>20</ext:Torque></ext:TPX></Extensions></Trackpoint><Trackpoint><Time>2025-09-14T10:58:17.225Z</Time><DistanceMeters>4203.782003738147</DistanceMeters><HeartRateBpm><Value>149</Value></HeartRateBpm><Cadence>26</Cadence><Extensions><ext:TPX><ext:Watts>62.93939393939394</ext:Watts><ext:Torque>20</ext:Torque></ext:TPX></Extensions></Trackpoint><Trackpoint><Time>2025-09-14T10:58:18.414Z</Time><DistanceMeters>4209.013160421004</DistanceMeters><HeartRateBpm><Value>149</Value></HeartRateBpm><Cadence>25</Cadence><Extensions><ext:TPX><ext:Watts>64.1470588235294</ext:Watts><ext:Torque>20</ext:Torque></ext:TPX></Extensions></Trackpoint><Trackpoint><Time>2025-09-14T10:58:19.604Z</Time><DistanceMeters>4214.237121565095</DistanceMeters><HeartRateBpm><Value>149</Value></HeartRateBpm><Cadence>25</Cadence><Extensions><ext:TPX><ext:Watts>64.05882352941177</ext:Watts><ext:Torque>20</ext:Torque></ext:TPX></Extensions></Trackpoint><Trackpoint><Time>2025-09-14T10:58:20.795Z</Time><DistanceMeters>4219.262006136661</DistanceMeters><HeartRateBpm><Value>149</Value></HeartRateBpm><Cadence>25</Cadence><Extensions><ext:TPX><ext:Watts>61.61764705882353</ext:Watts><ext:Torque>20</ext:Torque></ext:TPX></Extensions></Trackpoint><Trackpoint><Time>2025-09-14T10:58:21.985Z</Time><DistanceMeters>4224.337259479588</DistanceMeters><HeartRateBpm><Value>149</Value></HeartRateBpm><Cadence>25</Cadence><Extensions><ext:TPX><ext:Watts>62.23529411764706</ext:Watts><ext:Torque>20</ext:Torque></ext:TPX></Extensions></Trackpoint><Trackpoint><Time>2025-09-14T10:58:23.140Z</Time><DistanceMeters>4229.426970991318</DistanceMeters><HeartRateBpm><Value>149</Value></HeartRateBpm><Cadence>26</Cadence><Extensions><ext:TPX><ext:Watts>64.9090909090909</ext:Watts><ext:Torque>20</ext:Torque></ext:TPX></Extensions></Trackpoint><Trackpoint><Time>2025-09-14T10:58:24.295Z</Time><DistanceMeters>4234.668756049617</DistanceMeters><HeartRateBpm><Value>149</Value></HeartRateBpm><Cadence>26</Cadence><Extensions><ext:TPX><ext:Watts>66.84848484848484</ext:Watts><ext:Torque>20</ext:Torque></ext:TPX></Extensions></Trackpoint><Trackpoint><Time>2025-09-14T10:58:25.485Z</Time><DistanceMeters>4239.9382889392255</DistanceMeters><HeartRateBpm><Value>148</Value></HeartRateBpm><Cadence>25</Cadence><Extensions><ext:TPX><ext:Watts>64.61764705882354</ext:Watts><ext:Torque>20</ext:Torque></ext:TPX></Extensions></Trackpoint><Trackpoint><Time>2025-09-14T10:58:26.675Z</Time><DistanceMeters>4245.3589281429195</DistanceMeters><HeartRateBpm><Value>148</Value></HeartRateBpm><Cadence>25</Cadence><Extensions><ext:TPX><ext:Watts>66.47058823529412</ext:Watts><ext:Torque>20</ext:Torque></ext:TPX></Extensions></Trackpoint><Trackpoint><Time>2025-09-14T10:58:27.900Z</Time><DistanceMeters>4250.6917384186245</DistanceMeters><HeartRateBpm><Value>148</Value></HeartRateBpm><Cadence>24</Cadence><Extensions><ext:TPX><ext:Watts>64.08571428571429</ext:Watts><ext:Torque>20</ext:Torque></ext:TPX></Extensions></Trackpoint><Trackpoint><Time>2025-09-14T10:58:29.090Z</Time><DistanceMeters>4256.014038592517</DistanceMeters><HeartRateBpm><Value>148</Value></HeartRateBpm><Cadence>25</Cadence><Extensions><ext:TPX><ext:Watts>65.26470588235294</ext:Watts><ext:Torque>20</ext:Torque></ext:TPX></Extensions></Trackpoint><Trackpoint><Time>2025-09-14T10:58:30.280Z</Time><DistanceMeters>4261.477851028806</DistanceMeters><HeartRateBpm><Value>148</Value></HeartRateBpm><Cadence>25</Cadence><Extensions><ext:TPX><ext:Watts>67.0</ext:Watts><ext:Torque>20</ext:Torque></ext:TPX></Extensions></Trackpoint><Trackpoint><Time>2025-09-14T10:58:31.470Z</Time><DistanceMeters>4267.006423313989</DistanceMeters><HeartRateBpm><Value>148</Value></HeartRateBpm><Cadence>25</Cadence><Extensions><ext:TPX><ext:Watts>67.79411764705883</ext:Watts><ext:Torque>20</ext:Torque></ext:TPX></Extensions></Trackpoint><Trackpoint><Time>2025-09-14T10:58:32.695Z</Time><DistanceMeters>4272.343988659044</DistanceMeters><HeartRateBpm><Value>148</Value></HeartRateBpm><Cadence>24</Cadence><Extensions><ext:TPX><ext:Watts>64.14285714285714</ext:Watts><ext:Torque>20</ext:Torque></ext:TPX></Extensions></Trackpoint><Trackpoint><Time>2025-09-14T10:58:33.850Z</Time><DistanceMeters>4277.802003291371</DistanceMeters><HeartRateBpm><Value>148</Value></HeartRateBpm><Cadence>26</Cadence><Extensions><ext:TPX><ext:Watts>69.60606060606061</ext:Watts><ext:Torque>20</ext:Torque></ext:TPX></Extensions></Trackpoint><Trackpoint><Time>2025-09-14T10:58:35.045Z</Time><DistanceMeters>4283.368951783306</DistanceMeters><HeartRateBpm><Value>148</Value></HeartRateBpm><Cadence>25</Cadence><Extensions><ext:TPX><ext:Watts>68.26470588235294</ext:Watts><ext:Torque>20</ext:Torque></ext:TPX></Extensions></Trackpoint><Trackpoint><Time>2025-09-14T10:58:36.235Z</Time><DistanceMeters>4289.075014024716</DistanceMeters><HeartRateBpm><Value>147</Value></HeartRateBpm><Cadence>25</Cadence><Extensions><ext:TPX><ext:Watts>69.97058823529412</ext:Watts><ext:Torque>20</ext:Torque></ext:TPX></Extensions></Trackpoint><Trackpoint><Time>2025-09-14T10:58:37.430Z</Time><DistanceMeters>4294.56760861607</DistanceMeters><HeartRateBpm><Value>147</Value></HeartRateBpm><Cadence>25</Cadence><Extensions><ext:TPX><ext:Watts>67.3529411764706</ext:Watts><ext:Torque>20</ext:Torque></ext:TPX></Extensions></Trackpoint><Trackpoint><Time>2025-09-14T10:58:38.620Z</Time><DistanceMeters>4299.885111764118</DistanceMeters><HeartRateBpm><Value>149</Value></HeartRateBpm><Cadence>25</Cadence><Extensions><ext:TPX><ext:Watts>65.20588235294117</ext:Watts><ext:Torque>20</ext:Torque></ext:TPX></Extensions></Trackpoint><Trackpoint><Time>2025-09-14T10:58:39.810Z</Time><DistanceMeters>4305.365713790861</DistanceMeters><HeartRateBpm><Value>150</Value></HeartRateBpm><Cadence>25</Cadence><Extensions><ext:TPX><ext:Watts>67.20588235294117</ext:Watts><ext:Torque>20</ext:Torque></ext:TPX></Extensions></Trackpoint><Trackpoint><Time>2025-09-14T10:58:41.035Z</Time><DistanceMeters>4310.610555283596</DistanceMeters><HeartRateBpm><Value>150</Value></HeartRateBpm><Cadence>24</Cadence><Extensions><ext:TPX><ext:Watts>63.02857142857143</ext:Watts><ext:Torque>20</ext:Torque></ext:TPX></Extensions></Trackpoint><Trackpoint><Time>2025-09-14T10:58:42.225Z</Time><DistanceMeters>4315.817726837233</DistanceMeters><HeartRateBpm><Value>151</Value></HeartRateBpm><Cadence>25</Cadence><Extensions><ext:TPX><ext:Watts>63.85294117647059</ext:Watts><ext:Torque>20</ext:Torque></ext:TPX></Extensions></Trackpoint><Trackpoint><Time>2025-09-14T10:58:43.415Z</Time><DistanceMeters>4320.967334080742</DistanceMeters><HeartRateBpm><Value>152</Value></HeartRateBpm><Cadence>25</Cadence><Extensions><ext:TPX><ext:Watts>63.14705882352941</ext:Watts><ext:Torque>20</ext:Torque></ext:TPX></Extensions></Trackpoint><Trackpoint><Time>2025-09-14T10:58:44.605Z</Time><DistanceMeters>4326.013805268606</DistanceMeters><HeartRateBpm><Value>154</Value></HeartRateBpm><Cadence>25</Cadence><Extensions><ext:TPX><ext:Watts>61.88235294117647</ext:Watts><ext:Torque>20</ext:Torque></ext:TPX></Extensions></Trackpoint><Trackpoint><Time>2025-09-14T10:58:45.795Z</Time><DistanceMeters>4330.863598396867</DistanceMeters><HeartRateBpm><Value>154</Value></HeartRateBpm><Cadence>25</Cadence><Extensions><ext:TPX><ext:Watts>59.470588235294116</ext:Watts><ext:Torque>20</ext:Torque></ext:TPX></Extensions></Trackpoint><Trackpoint><Time>2025-09-14T10:58:46.985Z</Time><DistanceMeters>4335.7877454257095</DistanceMeters><HeartRateBpm><Value>154</Value></HeartRateBpm><Cadence>25</Cadence><Extensions><ext:TPX><ext:Watts>60.38235294117647</ext:Watts><ext:Torque>20</ext:Torque></ext:TPX></Extensions></Trackpoint><Trackpoint><Time>2025-09-14T10:58:48.210Z</Time><DistanceMeters>4340.461978596479</DistanceMeters><HeartRateBpm><Value>155</Value></HeartRateBpm><Cadence>24</Cadence><Extensions><ext:TPX><ext:Watts>56.17142857142857</ext:Watts><ext:Torque>20</ext:Torque></ext:TPX></Extensions></Trackpoint><Trackpoint><Time>2025-09-14T10:58:49.400Z</Time><DistanceMeters>4345.338155366881</DistanceMeters><HeartRateBpm><Value>155</Value></HeartRateBpm><Cadence>25</Cadence><Extensions><ext:TPX><ext:Watts>59.794117647058826</ext:Watts><ext:Torque>20</ext:Torque></ext:TPX></Extensions></Trackpoint><Trackpoint><Time>2025-09-14T10:58:50.625Z</Time><DistanceMeters>4350.140775410093</DistanceMeters><HeartRateBpm><Value>155</Value></HeartRateBpm><Cadence>24</Cadence><Extensions><ext:TPX><ext:Watts>57.714285714285715</ext:Watts><ext:Torque>20</ext:Torque></ext:TPX></Extensions></Trackpoint><Trackpoint><Time>2025-09-14T10:58:51.855Z</Time><DistanceMeters>4355.086047533796</DistanceMeters><HeartRateBpm><Value>155</Value></HeartRateBpm><Cadence>24</Cadence><Extensions><ext:TPX><ext:Watts>59.42857142857143</ext:Watts><ext:Torque>20</ext:Torque></ext:TPX></Extensions></Trackpoint><Trackpoint><Time>2025-09-14T10:58:53.080Z</Time><DistanceMeters>4359.781678516639</DistanceMeters><HeartRateBpm><Value>155</Value></HeartRateBpm><Cadence>24</Cadence><Extensions><ext:TPX><ext:Watts>56.42857142857143</ext:Watts><ext:Torque>20</ext:Torque></ext:TPX></Extensions></Trackpoint><Trackpoint><Time>2025-09-14T10:58:54.305Z</Time><DistanceMeters>4364.596186233225</DistanceMeters><HeartRateBpm><Value>155</Value></HeartRateBpm><Cadence>24</Cadence><Extensions><ext:TPX><ext:Watts>57.857142857142854</ext:Watts><ext:Torque>20</ext:Torque></ext:TPX></Extensions></Trackpoint><Trackpoint><Time>2025-09-14T10:58:55.565Z</Time><DistanceMeters>4369.4900964533335</DistanceMeters><HeartRateBpm><Value>155</Value></HeartRateBpm><Cadence>24</Cadence><Extensions><ext:TPX><ext:Watts>57.611111111111114</ext:Watts><ext:Torque>20</ext:Torque></ext:TPX></Extensions></Trackpoint><Trackpoint><Time>2025-09-14T10:58:56.791Z</Time><DistanceMeters>4374.2903389618705</DistanceMeters><HeartRateBpm><Value>155</Value></HeartRateBpm><Cadence>24</Cadence><Extensions><ext:TPX><ext:Watts>57.68571428571428</ext:Watts><ext:Torque>20</ext:Torque></ext:TPX></Extensions></Trackpoint><Trackpoint><Time>2025-09-14T10:58:58.050Z</Time><DistanceMeters>4378.948284369051</DistanceMeters><HeartRateBpm><Value>155</Value></HeartRateBpm><Cadence>24</Cadence><Extensions><ext:TPX><ext:Watts>54.833333333333336</ext:Watts><ext:Torque>20</ext:Torque></ext:TPX></Extensions></Trackpoint><Trackpoint><Time>2025-09-14T10:58:59.281Z</Time><DistanceMeters>4383.812720313809</DistanceMeters><HeartRateBpm><Value>155</Value></HeartRateBpm><Cadence>24</Cadence><Extensions><ext:TPX><ext:Watts>58.457142857142856</ext:Watts><ext:Torque>20</ext:Torque></ext:TPX></Extensions></Trackpoint><Trackpoint><Time>2025-09-14T10:59:00.540Z</Time><DistanceMeters>4388.69955158953</DistanceMeters><HeartRateBpm><Value>154</Value></HeartRateBpm><Cadence>24</Cadence><Extensions><ext:TPX><ext:Watts>57.52777777777778</ext:Watts><ext:Torque>20</ext:Torque></ext:TPX></Extensions></Trackpoint><Trackpoint><Time>2025-09-14T10:59:01.800Z</Time><DistanceMeters>4393.411768903684</DistanceMeters><HeartRateBpm><Value>154</Value></HeartRateBpm><Cadence>24</Cadence><Extensions><ext:TPX><ext:Watts>55.47222222222222</ext:Watts><ext:Torque>20</ext:Torque></ext:TPX></Extensions></Trackpoint><Trackpoint><Time>2025-09-14T10:59:03.025Z</Time><DistanceMeters>4398.328510611289</DistanceMeters><HeartRateBpm><Value>154</Value></HeartRateBpm><Cadence>24</Cadence><Extensions><ext:TPX><ext:Watts>59.08571428571429</ext:Watts><ext:Torque>20</ext:Torque></ext:TPX></Extensions></Trackpoint><Trackpoint><Time>2025-09-14T10:59:04.251Z</Time><DistanceMeters>4403.238119714869</DistanceMeters><HeartRateBpm><Value>154</Value></HeartRateBpm><Cadence>24</Cadence><Extensions><ext:TPX><ext:Watts>59.0</ext:Watts><ext:Torque>20</ext:Torque></ext:TPX></Extensions></Trackpoint><Trackpoint><Time>2025-09-14T10:59:05.475Z</Time><DistanceMeters>4407.993189064583</DistanceMeters><HeartRateBpm><Value>154</Value></HeartRateBpm><Cadence>24</Cadence><Extensions><ext:TPX><ext:Watts>57.142857142857146</ext:Watts><ext:Torque>20</ext:Torque></ext:TPX></Extensions></Trackpoint><Trackpoint><Time>2025-09-14T10:59:06.700Z</Time><DistanceMeters>4412.864757613365</DistanceMeters><HeartRateBpm><Value>154</Value></HeartRateBpm><Cadence>24</Cadence><Extensions><ext:TPX><ext:Watts>58.542857142857144</ext:Watts><ext:Torque>20</ext:Torque></ext:TPX></Extensions></Trackpoint><Trackpoint><Time>2025-09-14T10:59:07.925Z</Time><DistanceMeters>4417.760101508897</DistanceMeters><HeartRateBpm><Value>154</Value></HeartRateBpm><Cadence>24</Cadence><Extensions><ext:TPX><ext:Watts>58.82857142857143</ext:Watts><ext:Torque>20</ext:Torque></ext:TPX></Extensions></Trackpoint><Trackpoint><Time>2025-09-14T10:59:09.116Z</Time><DistanceMeters>4422.782587567541</DistanceMeters><HeartRateBpm><Value>154</Value></HeartRateBpm><Cadence>25</Cadence><Extensions><ext:TPX><ext:Watts>61.588235294117645</ext:Watts><ext:Torque>20</ext:Torque></ext:TPX></Extensions></Trackpoint><Trackpoint><Time>2025-09-14T10:59:10.341Z</Time><DistanceMeters>4427.54003445193</DistanceMeters><HeartRateBpm><Value>153</Value></HeartRateBpm><Cadence>24</Cadence><Extensions><ext:TPX><ext:Watts>57.17142857142857</ext:Watts><ext:Torque>20</ext:Torque></ext:TPX></Extensions></Trackpoint><Trackpoint><Time>2025-09-14T10:59:11.530Z</Time><DistanceMeters>4432.337060295907</DistanceMeters><HeartRateBpm><Value>153</Value></HeartRateBpm><Cadence>25</Cadence><Extensions><ext:TPX><ext:Watts>58.8235294117647</ext:Watts><ext:Torque>20</ext:Torque></ext:TPX></Extensions></Trackpoint><Trackpoint><Time>2025-09-14T10:59:12.721Z</Time><DistanceMeters>4437.220432605075</DistanceMeters><HeartRateBpm><Value>153</Value></HeartRateBpm><Cadence>25</Cadence><Extensions><ext:TPX><ext:Watts>59.88235294117647</ext:Watts><ext:Torque>20</ext:Torque></ext:TPX></Extensions></Trackpoint><Trackpoint><Time>2025-09-14T10:59:13.910Z</Time><DistanceMeters>4442.0822182979455</DistanceMeters><HeartRateBpm><Value>153</Value></HeartRateBpm><Cadence>25</Cadence><Extensions><ext:TPX><ext:Watts>59.61764705882353</ext:Watts><ext:Torque>20</ext:Torque></ext:TPX></Extensions></Trackpoint><Trackpoint><Time>2025-09-14T10:59:15.101Z</Time><DistanceMeters>4447.174261231326</DistanceMeters><HeartRateBpm><Value>153</Value></HeartRateBpm><Cadence>25</Cadence><Extensions><ext:TPX><ext:Watts>62.44117647058823</ext:Watts><ext:Torque>20</ext:Torque></ext:TPX></Extensions></Trackpoint><Trackpoint><Time>2025-09-14T10:59:16.255Z</Time><DistanceMeters>4452.437431632112</DistanceMeters><HeartRateBpm><Value>153</Value></HeartRateBpm><Cadence>26</Cadence><Extensions><ext:TPX><ext:Watts>67.12121212121212</ext:Watts><ext:Torque>20</ext:Torque></ext:TPX></Extensions></Trackpoint><Trackpoint><Time>2025-09-14T10:59:17.411Z</Time><DistanceMeters>4457.574666127144</DistanceMeters><HeartRateBpm><Value>153</Value></HeartRateBpm><Cadence>26</Cadence><Extensions><ext:TPX><ext:Watts>65.51515151515152</ext:Watts><ext:Torque>20</ext:Torque></ext:TPX></Extensions></Trackpoint><Trackpoint><Time>2025-09-14T10:59:18.565Z</Time><DistanceMeters>4462.944763240361</DistanceMeters><HeartRateBpm><Value>153</Value></HeartRateBpm><Cadence>26</Cadence><Extensions><ext:TPX><ext:Watts>68.48484848484848</ext:Watts><ext:Torque>20</ext:Torque></ext:TPX></Extensions></Trackpoint><Trackpoint><Time>2025-09-14T10:59:19.721Z</Time><DistanceMeters>4468.302979607752</DistanceMeters><HeartRateBpm><Value>153</Value></HeartRateBpm><Cadence>26</Cadence><Extensions><ext:TPX><ext:Watts>68.33333333333333</ext:Watts><ext:Torque>20</ext:Torque></ext:TPX></Extensions></Trackpoint><Trackpoint><Time>2025-09-14T10:59:20.841Z</Time><DistanceMeters>4473.432854640787</DistanceMeters><HeartRateBpm><Value>154</Value></HeartRateBpm><Cadence>27</Cadence><Extensions><ext:TPX><ext:Watts>67.9375</ext:Watts><ext:Torque>20</ext:Torque></ext:TPX></Extensions></Trackpoint><Trackpoint><Time>2025-09-14T10:59:21.961Z</Time><DistanceMeters>4478.805773431137</DistanceMeters><HeartRateBpm><Value>153</Value></HeartRateBpm><Cadence>27</Cadence><Extensions><ext:TPX><ext:Watts>71.15625</ext:Watts><ext:Torque>20</ext:Torque></ext:TPX></Extensions></Trackpoint><Trackpoint><Time>2025-09-14T10:59:23.116Z</Time><DistanceMeters>4484.104586069399</DistanceMeters><HeartRateBpm><Value>152</Value></HeartRateBpm><Cadence>26</Cadence><Extensions><ext:TPX><ext:Watts>67.57575757575758</ext:Watts><ext:Torque>20</ext:Torque></ext:TPX></Extensions></Trackpoint><Trackpoint><Time>2025-09-14T10:59:24.236Z</Time><DistanceMeters>4489.21794356553</DistanceMeters><HeartRateBpm><Value>152</Value></HeartRateBpm><Cadence>27</Cadence><Extensions><ext:TPX><ext:Watts>67.71875</ext:Watts><ext:Torque>20</ext:Torque></ext:TPX></Extensions></Trackpoint><Trackpoint><Time>2025-09-14T10:59:25.356Z</Time><DistanceMeters>4494.515353615743</DistanceMeters><HeartRateBpm><Value>151</Value></HeartRateBpm><Cadence>27</Cadence><Extensions><ext:TPX><ext:Watts>70.15625</ext:Watts><ext:Torque>20</ext:Torque></ext:TPX></Extensions></Trackpoint><Trackpoint><Time>2025-09-14T10:59:26.441Z</Time><DistanceMeters>4499.747910017284</DistanceMeters><HeartRateBpm><Value>151</Value></HeartRateBpm><Cadence>28</Cadence><Extensions><ext:TPX><ext:Watts>70.58064516129032</ext:Watts><ext:Torque>20</ext:Torque></ext:TPX></Extensions></Trackpoint><Trackpoint><Time>2025-09-14T10:59:27.564Z</Time><DistanceMeters>4505.0707419369655</DistanceMeters><HeartRateBpm><Value>151</Value></HeartRateBpm><Cadence>26</Cadence><Extensions><ext:TPX><ext:Watts>69.1875</ext:Watts><ext:Torque>20</ext:Torque></ext:TPX></Extensions></Trackpoint><Trackpoint><Time>2025-09-14T10:59:28.681Z</Time><DistanceMeters>4510.179380136838</DistanceMeters><HeartRateBpm><Value>151</Value></HeartRateBpm><Cadence>27</Cadence><Extensions><ext:TPX><ext:Watts>67.65625</ext:Watts><ext:Torque>20</ext:Torque></ext:TPX></Extensions></Trackpoint><Trackpoint><Time>2025-09-14T10:59:29.771Z</Time><DistanceMeters>4515.273230747113</DistanceMeters><HeartRateBpm><Value>151</Value></HeartRateBpm><Cadence>28</Cadence><Extensions><ext:TPX><ext:Watts>68.70967741935483</ext:Watts><ext:Torque>20</ext:Torque></ext:TPX></Extensions></Trackpoint><Trackpoint><Time>2025-09-14T10:59:30.856Z</Time><DistanceMeters>4520.608620752524</DistanceMeters><HeartRateBpm><Value>151</Value></HeartRateBpm><Cadence>28</Cadence><Extensions><ext:TPX><ext:Watts>71.96774193548387</ext:Watts><ext:Torque>20</ext:Torque></ext:TPX></Extensions></Trackpoint><Trackpoint><Time>2025-09-14T10:59:31.906Z</Time><DistanceMeters>4525.949870581139</DistanceMeters><HeartRateBpm><Value>152</Value></HeartRateBpm><Cadence>28</Cadence><Extensions><ext:TPX><ext:Watts>74.66666666666667</ext:Watts><ext:Torque>20</ext:Torque></ext:TPX></Extensions></Trackpoint><Trackpoint><Time>2025-09-14T10:59:33.026Z</Time><DistanceMeters>4531.214245557543</DistanceMeters><HeartRateBpm><Value>152</Value></HeartRateBpm><Cadence>27</Cadence><Extensions><ext:TPX><ext:Watts>69.71875</ext:Watts><ext:Torque>20</ext:Torque></ext:TPX></Extensions></Trackpoint><Trackpoint><Time>2025-09-14T10:59:34.151Z</Time><DistanceMeters>4536.359168912611</DistanceMeters><HeartRateBpm><Value>152</Value></HeartRateBpm><Cadence>26</Cadence><Extensions><ext:TPX><ext:Watts>66.875</ext:Watts><ext:Torque>20</ext:Torque></ext:TPX></Extensions></Trackpoint><Trackpoint><Time>2025-09-14T10:59:35.236Z</Time><DistanceMeters>4541.503240585241</DistanceMeters><HeartRateBpm><Value>152</Value></HeartRateBpm><Cadence>28</Cadence><Extensions><ext:TPX><ext:Watts>69.38709677419355</ext:Watts><ext:Torque>20</ext:Torque></ext:TPX></Extensions></Trackpoint><Trackpoint><Time>2025-09-14T10:59:36.391Z</Time><DistanceMeters>4546.752154091035</DistanceMeters><HeartRateBpm><Value>153</Value></HeartRateBpm><Cadence>26</Cadence><Extensions><ext:TPX><ext:Watts>66.93939393939394</ext:Watts><ext:Torque>20</ext:Torque></ext:TPX></Extensions></Trackpoint><Trackpoint><Time>2025-09-14T10:59:37.516Z</Time><DistanceMeters>4551.56049367521</DistanceMeters><HeartRateBpm><Value>153</Value></HeartRateBpm><Cadence>26</Cadence><Extensions><ext:TPX><ext:Watts>62.5</ext:Watts><ext:Torque>20</ext:Torque></ext:TPX></Extensions></Trackpoint><Trackpoint><Time>2025-09-14T10:59:38.672Z</Time><DistanceMeters>4556.519516982857</DistanceMeters><HeartRateBpm><Value>154</Value></HeartRateBpm><Cadence>26</Cadence><Extensions><ext:TPX><ext:Watts>63.24242424242424</ext:Watts><ext:Torque>20</ext:Torque></ext:TPX></Extensions></Trackpoint><Trackpoint><Time>2025-09-14T10:59:39.791Z</Time><DistanceMeters>4561.488935943102</DistanceMeters><HeartRateBpm><Value>154</Value></HeartRateBpm><Cadence>27</Cadence><Extensions><ext:TPX><ext:Watts>65.8125</ext:Watts><ext:Torque>20</ext:Torque></ext:TPX></Extensions></Trackpoint><Trackpoint><Time>2025-09-14T10:59:40.911Z</Time><DistanceMeters>4566.2530655161</DistanceMeters><HeartRateBpm><Value>154</Value></HeartRateBpm><Cadence>27</Cadence><Extensions><ext:TPX><ext:Watts>63.09375</ext:Watts><ext:Torque>20</ext:Torque></ext:TPX></Extensions></Trackpoint><Trackpoint><Time>2025-09-14T10:59:41.996Z</Time><DistanceMeters>4570.794484440472</DistanceMeters><HeartRateBpm><Value>155</Value></HeartRateBpm><Cadence>28</Cadence><Extensions><ext:TPX><ext:Watts>61.25806451612903</ext:Watts><ext:Torque>20</ext:Torque></ext:TPX></Extensions></Trackpoint><Trackpoint><Time>2025-09-14T10:59:43.081Z</Time><DistanceMeters>4575.366992593921</DistanceMeters><HeartRateBpm><Value>155</Value></HeartRateBpm><Cadence>28</Cadence><Extensions><ext:TPX><ext:Watts>61.67741935483871</ext:Watts><ext:Torque>20</ext:Torque></ext:TPX></Extensions></Trackpoint><Trackpoint><Time>2025-09-14T10:59:44.131Z</Time><DistanceMeters>4579.744909864161</DistanceMeters><HeartRateBpm><Value>155</Value></HeartRateBpm><Cadence>28</Cadence><Extensions><ext:TPX><ext:Watts>61.2</ext:Watts><ext:Torque>20</ext:Torque></ext:TPX></Extensions></Trackpoint><Trackpoint><Time>2025-09-14T10:59:45.181Z</Time><DistanceMeters>4584.0655994576655</DistanceMeters><HeartRateBpm><Value>155</Value></HeartRateBpm><Cadence>28</Cadence><Extensions><ext:TPX><ext:Watts>60.4</ext:Watts><ext:Torque>20</ext:Torque></ext:TPX></Extensions></Trackpoint><Trackpoint><Time>2025-09-14T10:59:46.236Z</Time><DistanceMeters>4587.852164068308</DistanceMeters><HeartRateBpm><Value>155</Value></HeartRateBpm><Cadence>28</Cadence><Extensions><ext:TPX><ext:Watts>52.93333333333333</ext:Watts><ext:Torque>20</ext:Torque></ext:TPX></Extensions></Trackpoint><Trackpoint><Time>2025-09-14T10:59:47.251Z</Time><DistanceMeters>4591.841461598054</DistanceMeters><HeartRateBpm><Value>155</Value></HeartRateBpm><Cadence>30</Cadence><Extensions><ext:TPX><ext:Watts>57.724137931034484</ext:Watts><ext:Torque>20</ext:Torque></ext:TPX></Extensions></Trackpoint><Trackpoint><Time>2025-09-14T10:59:48.301Z</Time><DistanceMeters>4595.9880836748225</DistanceMeters><HeartRateBpm><Value>155</Value></HeartRateBpm><Cadence>28</Cadence><Extensions><ext:TPX><ext:Watts>57.96666666666667</ext:Watts><ext:Torque>20</ext:Torque></ext:TPX></Extensions></Trackpoint><Trackpoint><Time>2025-09-14T10:59:49.351Z</Time><DistanceMeters>4600.015481425059</DistanceMeters><HeartRateBpm><Value>155</Value></HeartRateBpm><Cadence>28</Cadence><Extensions><ext:TPX><ext:Watts>56.3</ext:Watts><ext:Torque>20</ext:Torque></ext:TPX></Extensions></Trackpoint><Trackpoint><Time>2025-09-14T10:59:50.401Z</Time><DistanceMeters>4604.042879175296</DistanceMeters><HeartRateBpm><Value>155</Value></HeartRateBpm><Cadence>28</Cadence><Extensions><ext:TPX><ext:Watts>56.3</ext:Watts><ext:Torque>20</ext:Torque></ext:TPX></Extensions></Trackpoint><Trackpoint><Time>2025-09-14T10:59:51.452Z</Time><DistanceMeters>4608.2538823883915</DistanceMeters><HeartRateBpm><Value>155</Value></HeartRateBpm><Cadence>28</Cadence><Extensions><ext:TPX><ext:Watts>58.86666666666667</ext:Watts><ext:Torque>20</ext:Torque></ext:TPX></Extensions></Trackpoint><Trackpoint><Time>2025-09-14T10:59:52.506Z</Time><DistanceMeters>4612.011833160667</DistanceMeters><HeartRateBpm><Value>156</Value></HeartRateBpm><Cadence>28</Cadence><Extensions><ext:TPX><ext:Watts>52.53333333333333</ext:Watts><ext:Torque>20</ext:Torque></ext:TPX></Extensions></Trackpoint><Trackpoint><Time>2025-09-14T10:59:53.592Z</Time><DistanceMeters>4615.976905607539</DistanceMeters><HeartRateBpm><Value>156</Value></HeartRateBpm><Cadence>28</Cadence><Extensions><ext:TPX><ext:Watts>53.483870967741936</ext:Watts><ext:Torque>20</ext:Torque></ext:TPX></Extensions></Trackpoint><Trackpoint><Time>2025-09-14T10:59:54.641Z</Time><DistanceMeters>4620.02099476349</DistanceMeters><HeartRateBpm><Value>156</Value></HeartRateBpm><Cadence>28</Cadence><Extensions><ext:TPX><ext:Watts>56.53333333333333</ext:Watts><ext:Torque>20</ext:Torque></ext:TPX></Extensions></Trackpoint><Trackpoint><Time>2025-09-14T10:59:55.691Z</Time><DistanceMeters>4624.200999651688</DistanceMeters><HeartRateBpm><Value>156</Value></HeartRateBpm><Cadence>28</Cadence><Extensions><ext:TPX><ext:Watts>58.43333333333333</ext:Watts><ext:Torque>20</ext:Torque></ext:TPX></Extensions></Trackpoint><Trackpoint><Time>2025-09-14T10:59:56.781Z</Time><DistanceMeters>4628.276080139909</DistanceMeters><HeartRateBpm><Value>156</Value></HeartRateBpm><Cadence>28</Cadence><Extensions><ext:TPX><ext:Watts>54.96774193548387</ext:Watts><ext:Torque>20</ext:Torque></ext:TPX></Extensions></Trackpoint><Trackpoint><Time>2025-09-14T10:59:57.836Z</Time><DistanceMeters>4632.417933243616</DistanceMeters><HeartRateBpm><Value>156</Value></HeartRateBpm><Cadence>28</Cadence><Extensions><ext:TPX><ext:Watts>57.9</ext:Watts><ext:Torque>20</ext:Torque></ext:TPX></Extensions></Trackpoint><Trackpoint><Time>2025-09-14T10:59:58.886Z</Time><DistanceMeters>4636.521634562833</DistanceMeters><HeartRateBpm><Value>157</Value></HeartRateBpm><Cadence>28</Cadence><Extensions><ext:TPX><ext:Watts>57.36666666666667</ext:Watts><ext:Torque>20</ext:Torque></ext:TPX></Extensions></Trackpoint><Trackpoint><Time>2025-09-14T10:59:59.936Z</Time><DistanceMeters>4640.901936319604</DistanceMeters><HeartRateBpm><Value>157</Value></HeartRateBpm><Cadence>28</Cadence><Extensions><ext:TPX><ext:Watts>61.233333333333334</ext:Watts><ext:Torque>20</ext:Torque></ext:TPX></Extensions></Trackpoint><Trackpoint><Time>2025-09-14T11:00:00.986Z</Time><DistanceMeters>4645.279853589844</DistanceMeters><HeartRateBpm><Value>157</Value></HeartRateBpm><Cadence>28</Cadence><Extensions><ext:TPX><ext:Watts>61.2</ext:Watts><ext:Torque>20</ext:Torque></ext:TPX></Extensions></Trackpoint><Trackpoint><Time>2025-09-14T11:00:02.106Z</Time><DistanceMeters>4649.635764036478</DistanceMeters><HeartRateBpm><Value>157</Value></HeartRateBpm><Cadence>27</Cadence><Extensions><ext:TPX><ext:Watts>57.6875</ext:Watts><ext:Torque>20</ext:Torque></ext:TPX></Extensions></Trackpoint><Trackpoint><Time>2025-09-14T11:00:03.191Z</Time><DistanceMeters>4653.710844524699</DistanceMeters><HeartRateBpm><Value>157</Value></HeartRateBpm><Cadence>28</Cadence><Extensions><ext:TPX><ext:Watts>54.96774193548387</ext:Watts><ext:Torque>20</ext:Torque></ext:TPX></Extensions></Trackpoint><Trackpoint><Time>2025-09-14T11:00:04.276Z</Time><DistanceMeters>4657.747661346363</DistanceMeters><HeartRateBpm><Value>157</Value></HeartRateBpm><Cadence>28</Cadence><Extensions><ext:TPX><ext:Watts>54.45161290322581</ext:Watts><ext:Torque>20</ext:Torque></ext:TPX></Extensions></Trackpoint><Trackpoint><Time>2025-09-14T11:00:05.326Z</Time><DistanceMeters>4662.023045695786</DistanceMeters><HeartRateBpm><Value>157</Value></HeartRateBpm><Cadence>28</Cadence><Extensions><ext:TPX><ext:Watts>59.766666666666666</ext:Watts><ext:Torque>20</ext:Torque></ext:TPX></Extensions></Trackpoint><Trackpoint><Time>2025-09-14T11:00:06.376Z</Time><DistanceMeters>4666.0862107439825</DistanceMeters><HeartRateBpm><Value>157</Value></HeartRateBpm><Cadence>28</Cadence><Extensions><ext:TPX><ext:Watts>56.8</ext:Watts><ext:Torque>20</ext:Torque></ext:TPX></Extensions></Trackpoint><Trackpoint><Time>2025-09-14T11:00:07.426Z</Time><DistanceMeters>4670.278138064833</DistanceMeters><HeartRateBpm><Value>158</Value></HeartRateBpm><Cadence>28</Cadence><Extensions><ext:TPX><ext:Watts>58.6</ext:Watts><ext:Torque>20</ext:Torque></ext:TPX></Extensions></Trackpoint><Trackpoint><Time>2025-09-14T11:00:08.511Z</Time><DistanceMeters>4674.503881740118</DistanceMeters><HeartRateBpm><Value>158</Value></HeartRateBpm><Cadence>28</Cadence><Extensions><ext:TPX><ext:Watts>57.0</ext:Watts><ext:Torque>20</ext:Torque></ext:TPX></Extensions></Trackpoint><Trackpoint><Time>2025-09-14T11:00:09.561Z</Time><DistanceMeters>4678.545586409539</DistanceMeters><HeartRateBpm><Value>158</Value></HeartRateBpm><Cadence>28</Cadence><Extensions><ext:TPX><ext:Watts>56.5</ext:Watts><ext:Torque>20</ext:Torque></ext:TPX></Extensions></Trackpoint><Trackpoint><Time>2025-09-14T11:00:10.616Z</Time><DistanceMeters>4682.577753132838</DistanceMeters><HeartRateBpm><Value>158</Value></HeartRateBpm><Cadence>28</Cadence><Extensions><ext:TPX><ext:Watts>56.36666666666667</ext:Watts><ext:Torque>20</ext:Torque></ext:TPX></Extensions></Trackpoint><Trackpoint><Time>2025-09-14T11:00:11.666Z</Time><DistanceMeters>4687.074894729609</DistanceMeters><HeartRateBpm><Value>158</Value></HeartRateBpm><Cadence>28</Cadence><Extensions><ext:TPX><ext:Watts>62.86666666666667</ext:Watts><ext:Torque>20</ext:Torque></ext:TPX></Extensions></Trackpoint><Trackpoint><Time>2025-09-14T11:00:12.716Z</Time><DistanceMeters>4691.474272378624</DistanceMeters><HeartRateBpm><Value>158</Value></HeartRateBpm><Cadence>28</Cadence><Extensions><ext:TPX><ext:Watts>61.5</ext:Watts><ext:Torque>20</ext:Torque></ext:TPX></Extensions></Trackpoint><Trackpoint><Time>2025-09-14T11:00:13.766Z</Time><DistanceMeters>4695.618509968862</DistanceMeters><HeartRateBpm><Value>158</Value></HeartRateBpm><Cadence>28</Cadence><Extensions><ext:TPX><ext:Watts>57.93333333333333</ext:Watts><ext:Torque>20</ext:Torque></ext:TPX></Extensions></Trackpoint><Trackpoint><Time>2025-09-14T11:00:14.852Z</Time><DistanceMeters>4699.956653164655</DistanceMeters><HeartRateBpm><Value>158</Value></HeartRateBpm><Cadence>28</Cadence><Extensions><ext:TPX><ext:Watts>58.516129032258064</ext:Watts><ext:Torque>20</ext:Torque></ext:TPX></Extensions></Trackpoint><Trackpoint><Time>2025-09-14T11:00:15.901Z</Time><DistanceMeters>4704.308341083058</DistanceMeters><HeartRateBpm><Value>158</Value></HeartRateBpm><Cadence>28</Cadence><Extensions><ext:TPX><ext:Watts>60.833333333333336</ext:Watts><ext:Torque>20</ext:Torque></ext:TPX></Extensions></Trackpoint><Trackpoint><Time>2025-09-14T11:00:16.986Z</Time><DistanceMeters>4708.639309841372</DistanceMeters><HeartRateBpm><Value>158</Value></HeartRateBpm><Cadence>28</Cadence><Extensions><ext:TPX><ext:Watts>58.41935483870968</ext:Watts><ext:Torque>20</ext:Torque></ext:TPX></Extensions></Trackpoint><Trackpoint><Time>2025-09-14T11:00:18.036Z</Time><DistanceMeters>4712.840775108345</DistanceMeters><HeartRateBpm><Value>158</Value></HeartRateBpm><Cadence>28</Cadence><Extensions><ext:TPX><ext:Watts>58.733333333333334</ext:Watts><ext:Torque>20</ext:Torque></ext:TPX></Extensions></Trackpoint><Trackpoint><Time>2025-09-14T11:00:19.086Z</Time><DistanceMeters>4717.280689028381</DistanceMeters><HeartRateBpm><Value>157</Value></HeartRateBpm><Cadence>28</Cadence><Extensions><ext:TPX><ext:Watts>62.06666666666667</ext:Watts><ext:Torque>20</ext:Torque></ext:TPX></Extensions></Trackpoint><Trackpoint><Time>2025-09-14T11:00:20.136Z</Time><DistanceMeters>4721.784984084744</DistanceMeters><HeartRateBpm><Value>157</Value></HeartRateBpm><Cadence>28</Cadence><Extensions><ext:TPX><ext:Watts>62.96666666666667</ext:Watts><ext:Torque>20</ext:Torque></ext:TPX></Extensions></Trackpoint><Trackpoint><Time>2025-09-14T11:00:21.186Z</Time><DistanceMeters>4726.193899679882</DistanceMeters><HeartRateBpm><Value>157</Value></HeartRateBpm><Cadence>28</Cadence><Extensions><ext:TPX><ext:Watts>61.63333333333333</ext:Watts><ext:Torque>20</ext:Torque></ext:TPX></Extensions></Trackpoint><Trackpoint><Time>2025-09-14T11:00:22.212Z</Time><DistanceMeters>4730.833781573797</DistanceMeters><HeartRateBpm><Value>157</Value></HeartRateBpm><Cadence>29</Cadence><Extensions><ext:TPX><ext:Watts>66.0</ext:Watts><ext:Torque>20</ext:Torque></ext:TPX></Extensions></Trackpoint><Trackpoint><Time>2025-09-14T11:00:23.266Z</Time><DistanceMeters>4735.295155872609</DistanceMeters><HeartRateBpm><Value>157</Value></HeartRateBpm><Cadence>28</Cadence><Extensions><ext:TPX><ext:Watts>62.36666666666667</ext:Watts><ext:Torque>20</ext:Torque></ext:TPX></Extensions></Trackpoint><Trackpoint><Time>2025-09-14T11:00:24.322Z</Time><DistanceMeters>4739.766068117544</DistanceMeters><HeartRateBpm><Value>157</Value></HeartRateBpm><Cadence>28</Cadence><Extensions><ext:TPX><ext:Watts>62.5</ext:Watts><ext:Torque>20</ext:Torque></ext:TPX></Extensions></Trackpoint><Trackpoint><Time>2025-09-14T11:00:25.372Z</Time><DistanceMeters>4744.327590850642</DistanceMeters><HeartRateBpm><Value>157</Value></HeartRateBpm><Cadence>28</Cadence><Extensions><ext:TPX><ext:Watts>63.766666666666666</ext:Watts><ext:Torque>20</ext:Torque></ext:TPX></Extensions></Trackpoint><Trackpoint><Time>2025-09-14T11:00:26.386Z</Time><DistanceMeters>4749.005602231102</DistanceMeters><HeartRateBpm><Value>157</Value></HeartRateBpm><Cadence>30</Cadence><Extensions><ext:TPX><ext:Watts>67.6896551724138</ext:Watts><ext:Torque>20</ext:Torque></ext:TPX></Extensions></Trackpoint><Trackpoint><Time>2025-09-14T11:00:27.406Z</Time><DistanceMeters>4753.61212082429</DistanceMeters><HeartRateBpm><Value>157</Value></HeartRateBpm><Cadence>30</Cadence><Extensions><ext:TPX><ext:Watts>66.65517241379311</ext:Watts><ext:Torque>20</ext:Torque></ext:TPX></Extensions></Trackpoint><Trackpoint><Time>2025-09-14T11:00:28.456Z</Time><DistanceMeters>4758.187950476573</DistanceMeters><HeartRateBpm><Value>158</Value></HeartRateBpm><Cadence>28</Cadence><Extensions><ext:TPX><ext:Watts>63.96666666666667</ext:Watts><ext:Torque>20</ext:Torque></ext:TPX></Extensions></Trackpoint><Trackpoint><Time>2025-09-14T11:00:29.506Z</Time><DistanceMeters>4762.6064040178335</DistanceMeters><HeartRateBpm><Value>158</Value></HeartRateBpm><Cadence>28</Cadence><Extensions><ext:TPX><ext:Watts>61.766666666666666</ext:Watts><ext:Torque>20</ext:Torque></ext:TPX></Extensions></Trackpoint><Trackpoint><Time>2025-09-14T11:00:30.562Z</Time><DistanceMeters>4767.134543939503</DistanceMeters><HeartRateBpm><Value>158</Value></HeartRateBpm><Cadence>28</Cadence><Extensions><ext:TPX><ext:Watts>63.3</ext:Watts><ext:Torque>20</ext:Torque></ext:TPX></Extensions></Trackpoint><Trackpoint><Time>2025-09-14T11:00:31.576Z</Time><DistanceMeters>4771.612375515603</DistanceMeters><HeartRateBpm><Value>158</Value></HeartRateBpm><Cadence>30</Cadence><Extensions><ext:TPX><ext:Watts>64.79310344827586</ext:Watts><ext:Torque>20</ext:Torque></ext:TPX></Extensions></Trackpoint><Trackpoint><Time>2025-09-14T11:00:32.662Z</Time><DistanceMeters>4776.1968410648515</DistanceMeters><HeartRateBpm><Value>158</Value></HeartRateBpm><Cadence>28</Cadence><Extensions><ext:TPX><ext:Watts>61.83870967741935</ext:Watts><ext:Torque>20</ext:Torque></ext:TPX></Extensions></Trackpoint><Trackpoint><Time>2025-09-14T11:00:33.676Z</Time><DistanceMeters>4780.6722895480425</DistanceMeters><HeartRateBpm><Value>158</Value></HeartRateBpm><Cadence>30</Cadence><Extensions><ext:TPX><ext:Watts>64.75862068965517</ext:Watts><ext:Torque>20</ext:Torque></ext:TPX></Extensions></Trackpoint><Trackpoint><Time>2025-09-14T11:00:34.797Z</Time><DistanceMeters>4785.1886560674675</DistanceMeters><HeartRateBpm><Value>159</Value></HeartRateBpm><Cadence>27</Cadence><Extensions><ext:TPX><ext:Watts>59.8125</ext:Watts><ext:Torque>20</ext:Torque></ext:TPX></Extensions></Trackpoint><Trackpoint><Time>2025-09-14T11:00:35.847Z</Time><DistanceMeters>4789.814559936893</DistanceMeters><HeartRateBpm><Value>159</Value></HeartRateBpm><Cadence>28</Cadence><Extensions><ext:TPX><ext:Watts>64.66666666666667</ext:Watts><ext:Torque>20</ext:Torque></ext:TPX></Extensions></Trackpoint><Trackpoint><Time>2025-09-14T11:00:36.932Z</Time><DistanceMeters>4794.21009863252</DistanceMeters><HeartRateBpm><Value>159</Value></HeartRateBpm><Cadence>28</Cadence><Extensions><ext:TPX><ext:Watts>59.29032258064516</ext:Watts><ext:Torque>20</ext:Torque></ext:TPX></Extensions></Trackpoint><Trackpoint><Time>2025-09-14T11:00:37.982Z</Time><DistanceMeters>4798.671472931333</DistanceMeters><HeartRateBpm><Value>159</Value></HeartRateBpm><Cadence>28</Cadence><Extensions><ext:TPX><ext:Watts>62.36666666666667</ext:Watts><ext:Torque>20</ext:Torque></ext:TPX></Extensions></Trackpoint><Trackpoint><Time>2025-09-14T11:00:39.102Z</Time><DistanceMeters>4803.216155228309</DistanceMeters><HeartRateBpm><Value>159</Value></HeartRateBpm><Cadence>27</Cadence><Extensions><ext:TPX><ext:Watts>60.1875</ext:Watts><ext:Torque>20</ext:Torque></ext:TPX></Extensions></Trackpoint><Trackpoint><Time>2025-09-14T11:00:40.187Z</Time><DistanceMeters>4807.793446340077</DistanceMeters><HeartRateBpm><Value>159</Value></HeartRateBpm><Cadence>28</Cadence><Extensions><ext:TPX><ext:Watts>61.74193548387097</ext:Watts><ext:Torque>20</ext:Torque></ext:TPX></Extensions></Trackpoint><Trackpoint><Time>2025-09-14T11:00:41.307Z</Time><DistanceMeters>4812.312172507631</DistanceMeters><HeartRateBpm><Value>159</Value></HeartRateBpm><Cadence>27</Cadence><Extensions><ext:TPX><ext:Watts>59.84375</ext:Watts><ext:Torque>20</ext:Torque></ext:TPX></Extensions></Trackpoint><Trackpoint><Time>2025-09-14T11:00:42.392Z</Time><DistanceMeters>4816.78902149469</DistanceMeters><HeartRateBpm><Value>159</Value></HeartRateBpm><Cadence>28</Cadence><Extensions><ext:TPX><ext:Watts>60.38709677419355</ext:Watts><ext:Torque>20</ext:Torque></ext:TPX></Extensions></Trackpoint><Trackpoint><Time>2025-09-14T11:00:43.512Z</Time><DistanceMeters>4821.489440568198</DistanceMeters><HeartRateBpm><Value>159</Value></HeartRateBpm><Cadence>27</Cadence><Extensions><ext:TPX><ext:Watts>62.25</ext:Watts><ext:Torque>20</ext:Torque></ext:TPX></Extensions></Trackpoint><Trackpoint><Time>2025-09-14T11:00:44.597Z</Time><DistanceMeters>4825.9854213885355</DistanceMeters><HeartRateBpm><Value>159</Value></HeartRateBpm><Cadence>28</Cadence><Extensions><ext:TPX><ext:Watts>60.645161290322584</ext:Watts><ext:Torque>20</ext:Torque></ext:TPX></Extensions></Trackpoint><Trackpoint><Time>2025-09-14T11:00:45.717Z</Time><DistanceMeters>4830.548980870545</DistanceMeters><HeartRateBpm><Value>159</Value></HeartRateBpm><Cadence>27</Cadence><Extensions><ext:TPX><ext:Watts>60.4375</ext:Watts><ext:Torque>20</ext:Torque></ext:TPX></Extensions></Trackpoint><Trackpoint><Time>2025-09-14T11:00:46.802Z</Time><DistanceMeters>4835.288892565177</DistanceMeters><HeartRateBpm><Value>159</Value></HeartRateBpm><Cadence>28</Cadence><Extensions><ext:TPX><ext:Watts>63.935483870967744</ext:Watts><ext:Torque>20</ext:Torque></ext:TPX></Extensions></Trackpoint><Trackpoint><Time>2025-09-14T11:00:47.957Z</Time><DistanceMeters>4839.92713573553</DistanceMeters><HeartRateBpm><Value>159</Value></HeartRateBpm><Cadence>26</Cadence><Extensions><ext:TPX><ext:Watts>59.15151515151515</ext:Watts><ext:Torque>20</ext:Torque></ext:TPX></Extensions></Trackpoint><Trackpoint><Time>2025-09-14T11:00:49.077Z</Time><DistanceMeters>4844.275967237776</DistanceMeters><HeartRateBpm><Value>159</Value></HeartRateBpm><Cadence>27</Cadence><Extensions><ext:TPX><ext:Watts>57.59375</ext:Watts><ext:Torque>20</ext:Torque></ext:TPX></Extensions></Trackpoint><Trackpoint><Time>2025-09-14T11:00:50.202Z</Time><DistanceMeters>4848.870335710455</DistanceMeters><HeartRateBpm><Value>159</Value></HeartRateBpm><Cadence>26</Cadence><Extensions><ext:TPX><ext:Watts>59.71875</ext:Watts><ext:Torque>20</ext:Torque></ext:TPX></Extensions></Trackpoint><Trackpoint><Time>2025-09-14T11:00:51.357Z</Time><DistanceMeters>4853.320863096762</DistanceMeters><HeartRateBpm><Value>158</Value></HeartRateBpm><Cadence>26</Cadence><Extensions><ext:TPX><ext:Watts>56.75757575757576</ext:Watts><ext:Torque>20</ext:Torque></ext:TPX></Extensions></Trackpoint><Trackpoint><Time>2025-09-14T11:00:52.482Z</Time><DistanceMeters>4857.883977362144</DistanceMeters><HeartRateBpm><Value>158</Value></HeartRateBpm><Cadence>26</Cadence><Extensions><ext:TPX><ext:Watts>59.3125</ext:Watts><ext:Torque>20</ext:Torque></ext:TPX></Extensions></Trackpoint><Trackpoint><Time>2025-09-14T11:00:53.637Z</Time><DistanceMeters>4862.441431460882</DistanceMeters><HeartRateBpm><Value>158</Value></HeartRateBpm><Cadence>26</Cadence><Extensions><ext:TPX><ext:Watts>58.121212121212125</ext:Watts><ext:Torque>20</ext:Torque></ext:TPX></Extensions></Trackpoint><Trackpoint><Time>2025-09-14T11:00:54.757Z</Time><DistanceMeters>4866.884648888299</DistanceMeters><HeartRateBpm><Value>157</Value></HeartRateBpm><Cadence>27</Cadence><Extensions><ext:TPX><ext:Watts>58.84375</ext:Watts><ext:Torque>20</ext:Torque></ext:TPX></Extensions></Trackpoint><Trackpoint><Time>2025-09-14T11:00:55.848Z</Time><DistanceMeters>4871.277796104767</DistanceMeters><HeartRateBpm><Value>157</Value></HeartRateBpm><Cadence>28</Cadence><Extensions><ext:TPX><ext:Watts>59.25806451612903</ext:Watts><ext:Torque>20</ext:Torque></ext:TPX></Extensions></Trackpoint><Trackpoint><Time>2025-09-14T11:00:56.967Z</Time><DistanceMeters>4875.614829366367</DistanceMeters><HeartRateBpm><Value>157</Value></HeartRateBpm><Cadence>27</Cadence><Extensions><ext:TPX><ext:Watts>57.4375</ext:Watts><ext:Torque>20</ext:Torque></ext:TPX></Extensions></Trackpoint><Trackpoint><Time>2025-09-14T11:00:58.057Z</Time><DistanceMeters>4879.783177541818</DistanceMeters><HeartRateBpm><Value>157</Value></HeartRateBpm><Cadence>28</Cadence><Extensions><ext:TPX><ext:Watts>56.225806451612904</ext:Watts><ext:Torque>20</ext:Torque></ext:TPX></Extensions></Trackpoint><Trackpoint><Time>2025-09-14T11:00:59.177Z</Time><DistanceMeters>4884.113131859031</DistanceMeters><HeartRateBpm><Value>157</Value></HeartRateBpm><Cadence>27</Cadence><Extensions><ext:TPX><ext:Watts>57.34375</ext:Watts><ext:Torque>20</ext:Torque></ext:TPX></Extensions></Trackpoint><Trackpoint><Time>2025-09-14T11:01:00.312Z</Time><DistanceMeters>4888.536804276471</DistanceMeters><HeartRateBpm><Value>157</Value></HeartRateBpm><Cadence>26</Cadence><Extensions><ext:TPX><ext:Watts>57.5</ext:Watts><ext:Torque>20</ext:Torque></ext:TPX></Extensions></Trackpoint><Trackpoint><Time>2025-09-14T11:01:01.432Z</Time><DistanceMeters>4892.8172059829685</DistanceMeters><HeartRateBpm><Value>157</Value></HeartRateBpm><Cadence>27</Cadence><Extensions><ext:TPX><ext:Watts>56.6875</ext:Watts><ext:Torque>20</ext:Torque></ext:TPX></Extensions></Trackpoint><Trackpoint><Time>2025-09-14T11:01:02.517Z</Time><DistanceMeters>4897.155349178762</DistanceMeters><HeartRateBpm><Value>157</Value></HeartRateBpm><Cadence>28</Cadence><Extensions><ext:TPX><ext:Watts>58.516129032258064</ext:Watts><ext:Torque>20</ext:Torque></ext:TPX></Extensions></Trackpoint><Trackpoint><Time>2025-09-14T11:01:03.637Z</Time><DistanceMeters>4901.36968073764</DistanceMeters><HeartRateBpm><Value>157</Value></HeartRateBpm><Cadence>27</Cadence><Extensions><ext:TPX><ext:Watts>55.8125</ext:Watts><ext:Torque>20</ext:Torque></ext:TPX></Extensions></Trackpoint><Trackpoint><Time>2025-09-14T11:01:04.757Z</Time><DistanceMeters>4905.791661331894</DistanceMeters><HeartRateBpm><Value>157</Value></HeartRateBpm><Cadence>27</Cadence><Extensions><ext:TPX><ext:Watts>58.5625</ext:Watts><ext:Torque>20</ext:Torque></ext:TPX></Extensions></Trackpoint><Trackpoint><Time>2025-09-14T11:01:05.877Z</Time><DistanceMeters>4910.100378815942</DistanceMeters><HeartRateBpm><Value>157</Value></HeartRateBpm><Cadence>27</Cadence><Extensions><ext:TPX><ext:Watts>57.0625</ext:Watts><ext:Torque>20</ext:Torque></ext:TPX></Extensions></Trackpoint><Trackpoint><Time>2025-09-14T11:01:06.927Z</Time><DistanceMeters>4914.61898079149</DistanceMeters><HeartRateBpm><Value>157</Value></HeartRateBpm><Cadence>28</Cadence><Extensions><ext:TPX><ext:Watts>63.166666666666664</ext:Watts><ext:Torque>20</ext:Torque></ext:TPX></Extensions></Trackpoint><Trackpoint><Time>2025-09-14T11:01:08.012Z</Time><DistanceMeters>4918.878205175011</DistanceMeters><HeartRateBpm><Value>157</Value></HeartRateBpm><Cadence>28</Cadence><Extensions><ext:TPX><ext:Watts>57.45161290322581</ext:Watts><ext:Torque>20</ext:Torque></ext:TPX></Extensions></Trackpoint><Trackpoint><Time>2025-09-14T11:01:09.097Z</Time><DistanceMeters>4923.276135349798</DistanceMeters><HeartRateBpm><Value>157</Value></HeartRateBpm><Cadence>28</Cadence><Extensions><ext:TPX><ext:Watts>59.32258064516129</ext:Watts><ext:Torque>20</ext:Torque></ext:TPX></Extensions></Trackpoint><Trackpoint><Time>2025-09-14T11:01:10.217Z</Time><DistanceMeters>4927.447993242349</DistanceMeters><HeartRateBpm><Value>157</Value></HeartRateBpm><Cadence>27</Cadence><Extensions><ext:TPX><ext:Watts>55.25</ext:Watts><ext:Torque>20</ext:Torque></ext:TPX></Extensions></Trackpoint><Trackpoint><Time>2025-09-14T11:01:11.337Z</Time><DistanceMeters>4931.577377468573</DistanceMeters><HeartRateBpm><Value>157</Value></HeartRateBpm><Cadence>27</Cadence><Extensions><ext:TPX><ext:Watts>54.6875</ext:Watts><ext:Torque>20</ext:Torque></ext:TPX></Extensions></Trackpoint><Trackpoint><Time>2025-09-14T11:01:12.457Z</Time><DistanceMeters>4935.883735304493</DistanceMeters><HeartRateBpm><Value>157</Value></HeartRateBpm><Cadence>27</Cadence><Extensions><ext:TPX><ext:Watts>57.03125</ext:Watts><ext:Torque>20</ext:Torque></ext:TPX></Extensions></Trackpoint><Trackpoint><Time>2025-09-14T11:01:13.577Z</Time><DistanceMeters>4940.121663344664</DistanceMeters><HeartRateBpm><Value>157</Value></HeartRateBpm><Cadence>27</Cadence><Extensions><ext:TPX><ext:Watts>56.125</ext:Watts><ext:Torque>20</ext:Torque></ext:TPX></Extensions></Trackpoint><Trackpoint><Time>2025-09-14T11:01:14.697Z</Time><DistanceMeters>4944.430380828712</DistanceMeters><HeartRateBpm><Value>157</Value></HeartRateBpm><Cadence>27</Cadence><Extensions><ext:TPX><ext:Watts>57.0625</ext:Watts><ext:Torque>20</ext:Torque></ext:TPX></Extensions></Trackpoint><Trackpoint><Time>2025-09-14T11:01:15.817Z</Time><DistanceMeters>4948.4913352591875</DistanceMeters><HeartRateBpm><Value>157</Value></HeartRateBpm><Cadence>27</Cadence><Extensions><ext:TPX><ext:Watts>53.78125</ext:Watts><ext:Torque>20</ext:Torque></ext:TPX></Extensions></Trackpoint><Trackpoint><Time>2025-09-14T11:01:16.972Z</Time><DistanceMeters>4952.682862386495</DistanceMeters><HeartRateBpm><Value>157</Value></HeartRateBpm><Cadence>26</Cadence><Extensions><ext:TPX><ext:Watts>53.45454545454545</ext:Watts><ext:Torque>20</ext:Torque></ext:TPX></Extensions></Trackpoint><Trackpoint><Time>2025-09-14T11:01:18.057Z</Time><DistanceMeters>4956.817729853709</DistanceMeters><HeartRateBpm><Value>158</Value></HeartRateBpm><Cadence>28</Cadence><Extensions><ext:TPX><ext:Watts>55.774193548387096</ext:Watts><ext:Torque>20</ext:Torque></ext:TPX></Extensions></Trackpoint><Trackpoint><Time>2025-09-14T11:01:19.177Z</Time><DistanceMeters>4961.168921004085</DistanceMeters><HeartRateBpm><Value>158</Value></HeartRateBpm><Cadence>27</Cadence><Extensions><ext:TPX><ext:Watts>57.625</ext:Watts><ext:Torque>20</ext:Torque></ext:TPX></Extensions></Trackpoint><Trackpoint><Time>2025-09-14T11:01:20.313Z</Time><DistanceMeters>4965.616635119447</DistanceMeters><HeartRateBpm><Value>158</Value></HeartRateBpm><Cadence>26</Cadence><Extensions><ext:TPX><ext:Watts>57.8125</ext:Watts><ext:Torque>20</ext:Torque></ext:TPX></Extensions></Trackpoint><Trackpoint><Time>2025-09-14T11:01:21.433Z</Time><DistanceMeters>4970.005580639891</DistanceMeters><HeartRateBpm><Value>158</Value></HeartRateBpm><Cadence>27</Cadence><Extensions><ext:TPX><ext:Watts>58.125</ext:Watts><ext:Torque>20</ext:Torque></ext:TPX></Extensions></Trackpoint><Trackpoint><Time>2025-09-14T11:01:22.552Z</Time><DistanceMeters>4974.519587511187</DistanceMeters><HeartRateBpm><Value>157</Value></HeartRateBpm><Cadence>27</Cadence><Extensions><ext:TPX><ext:Watts>59.78125</ext:Watts><ext:Torque>20</ext:Torque></ext:TPX></Extensions></Trackpoint><Trackpoint><Time>2025-09-14T11:01:23.682Z</Time><DistanceMeters>4979.1932935870045</DistanceMeters><HeartRateBpm><Value>157</Value></HeartRateBpm><Cadence>26</Cadence><Extensions><ext:TPX><ext:Watts>60.75</ext:Watts><ext:Torque>20</ext:Torque></ext:TPX></Extensions></Trackpoint><Trackpoint><Time>2025-09-14T11:01:24.807Z</Time><DistanceMeters>4983.677070249248</DistanceMeters><HeartRateBpm><Value>157</Value></HeartRateBpm><Cadence>26</Cadence><Extensions><ext:TPX><ext:Watts>58.28125</ext:Watts><ext:Torque>20</ext:Torque></ext:TPX></Extensions></Trackpoint><Trackpoint><Time>2025-09-14T11:01:25.897Z</Time><DistanceMeters>4988.134787403029</DistanceMeters><HeartRateBpm><Value>157</Value></HeartRateBpm><Cadence>28</Cadence><Extensions><ext:TPX><ext:Watts>60.12903225806452</ext:Watts><ext:Torque>20</ext:Torque></ext:TPX></Extensions></Trackpoint><Trackpoint><Time>2025-09-14T11:01:27.017Z</Time><DistanceMeters>4992.620478496773</DistanceMeters><HeartRateBpm><Value>157</Value></HeartRateBpm><Cadence>27</Cadence><Extensions><ext:TPX><ext:Watts>59.40625</ext:Watts><ext:Torque>20</ext:Torque></ext:TPX></Extensions></Trackpoint><Trackpoint><Time>2025-09-14T11:01:28.137Z</Time><DistanceMeters>4997.113248534905</DistanceMeters><HeartRateBpm><Value>157</Value></HeartRateBpm><Cadence>27</Cadence><Extensions><ext:TPX><ext:Watts>59.5</ext:Watts><ext:Torque>20</ext:Torque></ext:TPX></Extensions></Trackpoint><Trackpoint><Time>2025-09-14T11:01:29.257Z</Time><DistanceMeters>5001.707483442596</DistanceMeters><HeartRateBpm><Value>157</Value></HeartRateBpm><Cadence>27</Cadence><Extensions><ext:TPX><ext:Watts>60.84375</ext:Watts><ext:Torque>20</ext:Torque></ext:TPX></Extensions></Trackpoint><Trackpoint><Time>2025-09-14T11:01:30.347Z</Time><DistanceMeters>5006.284774554364</DistanceMeters><HeartRateBpm><Value>157</Value></HeartRateBpm><Cadence>28</Cadence><Extensions><ext:TPX><ext:Watts>61.74193548387097</ext:Watts><ext:Torque>20</ext:Torque></ext:TPX></Extensions></Trackpoint><Trackpoint><Time>2025-09-14T11:01:31.468Z</Time><DistanceMeters>5010.857772628891</DistanceMeters><HeartRateBpm><Value>157</Value></HeartRateBpm><Cadence>27</Cadence><Extensions><ext:TPX><ext:Watts>60.5625</ext:Watts><ext:Torque>20</ext:Torque></ext:TPX></Extensions></Trackpoint><Trackpoint><Time>2025-09-14T11:01:32.592Z</Time><DistanceMeters>5015.500224497412</DistanceMeters><HeartRateBpm><Value>157</Value></HeartRateBpm><Cadence>26</Cadence><Extensions><ext:TPX><ext:Watts>60.34375</ext:Watts><ext:Torque>20</ext:Torque></ext:TPX></Extensions></Trackpoint><Trackpoint><Time>2025-09-14T11:01:33.713Z</Time><DistanceMeters>5020.073222571939</DistanceMeters><HeartRateBpm><Value>157</Value></HeartRateBpm><Cadence>27</Cadence><Extensions><ext:TPX><ext:Watts>60.5625</ext:Watts><ext:Torque>20</ext:Torque></ext:TPX></Extensions></Trackpoint><Trackpoint><Time>2025-09-14T11:01:34.798Z</Time><DistanceMeters>5024.62659889211</DistanceMeters><HeartRateBpm><Value>157</Value></HeartRateBpm><Cadence>28</Cadence><Extensions><ext:TPX><ext:Watts>61.41935483870968</ext:Watts><ext:Torque>20</ext:Torque></ext:TPX></Extensions></Trackpoint><Trackpoint><Time>2025-09-14T11:01:35.918Z</Time><DistanceMeters>5029.360053039428</DistanceMeters><HeartRateBpm><Value>157</Value></HeartRateBpm><Cadence>27</Cadence><Extensions><ext:TPX><ext:Watts>62.6875</ext:Watts><ext:Torque>20</ext:Torque></ext:TPX></Extensions></Trackpoint><Trackpoint><Time>2025-09-14T11:01:37.008Z</Time><DistanceMeters>5033.980390776072</DistanceMeters><HeartRateBpm><Value>157</Value></HeartRateBpm><Cadence>28</Cadence><Extensions><ext:TPX><ext:Watts>62.32258064516129</ext:Watts><ext:Torque>20</ext:Torque></ext:TPX></Extensions></Trackpoint><Trackpoint><Time>2025-09-14T11:01:38.128Z</Time><DistanceMeters>5038.350459111482</DistanceMeters><HeartRateBpm><Value>157</Value></HeartRateBpm><Cadence>27</Cadence><Extensions><ext:TPX><ext:Watts>57.875</ext:Watts><ext:Torque>20</ext:Torque></ext:TPX></Extensions></Trackpoint><Trackpoint><Time>2025-09-14T11:01:39.283Z</Time><DistanceMeters>5042.784353453633</DistanceMeters><HeartRateBpm><Value>157</Value></HeartRateBpm><Cadence>26</Cadence><Extensions><ext:TPX><ext:Watts>56.54545454545455</ext:Watts><ext:Torque>20</ext:Torque></ext:TPX></Extensions></Trackpoint><Trackpoint><Time>2025-09-14T11:01:40.403Z</Time><DistanceMeters>5047.2252112329215</DistanceMeters><HeartRateBpm><Value>157</Value></HeartRateBpm><Cadence>27</Cadence><Extensions><ext:TPX><ext:Watts>58.8125</ext:Watts><ext:Torque>20</ext:Torque></ext:TPX></Extensions></Trackpoint><Trackpoint><Time>2025-09-14T11:01:41.558Z</Time><DistanceMeters>5051.739894646687</DistanceMeters><HeartRateBpm><Value>157</Value></HeartRateBpm><Cadence>26</Cadence><Extensions><ext:TPX><ext:Watts>57.57575757575758</ext:Watts><ext:Torque>20</ext:Torque></ext:TPX></Extensions></Trackpoint><Trackpoint><Time>2025-09-14T11:01:42.713Z</Time><DistanceMeters>5056.2522019112885</DistanceMeters><HeartRateBpm><Value>157</Value></HeartRateBpm><Cadence>26</Cadence><Extensions><ext:TPX><ext:Watts>57.54545454545455</ext:Watts><ext:Torque>20</ext:Torque></ext:TPX></Extensions></Trackpoint><Trackpoint><Time>2025-09-14T11:01:43.868Z</Time><DistanceMeters>5060.795399115036</DistanceMeters><HeartRateBpm><Value>158</Value></HeartRateBpm><Cadence>26</Cadence><Extensions><ext:TPX><ext:Watts>57.93939393939394</ext:Watts><ext:Torque>20</ext:Torque></ext:TPX></Extensions></Trackpoint><Trackpoint><Time>2025-09-14T11:01:45.023Z</Time><DistanceMeters>5065.326715572958</DistanceMeters><HeartRateBpm><Value>158</Value></HeartRateBpm><Cadence>26</Cadence><Extensions><ext:TPX><ext:Watts>57.78787878787879</ext:Watts><ext:Torque>20</ext:Torque></ext:TPX></Extensions></Trackpoint><Trackpoint><Time>2025-09-14T11:01:46.178Z</Time><DistanceMeters>5069.641802456852</DistanceMeters><HeartRateBpm><Value>157</Value></HeartRateBpm><Cadence>26</Cadence><Extensions><ext:TPX><ext:Watts>55.03030303030303</ext:Watts><ext:Torque>20</ext:Torque></ext:TPX></Extensions></Trackpoint><Trackpoint><Time>2025-09-14T11:01:47.403Z</Time><DistanceMeters>5074.10443504156</DistanceMeters><HeartRateBpm><Value>157</Value></HeartRateBpm><Cadence>24</Cadence><Extensions><ext:TPX><ext:Watts>53.628571428571426</ext:Watts><ext:Torque>20</ext:Torque></ext:TPX></Extensions></Trackpoint><Trackpoint><Time>2025-09-14T11:01:48.558Z</Time><DistanceMeters>5078.512191742894</DistanceMeters><HeartRateBpm><Value>159</Value></HeartRateBpm><Cadence>26</Cadence><Extensions><ext:TPX><ext:Watts>56.21212121212121</ext:Watts><ext:Torque>20</ext:Torque></ext:TPX></Extensions></Trackpoint><Trackpoint><Time>2025-09-14T11:01:49.748Z</Time><DistanceMeters>5082.683205714232</DistanceMeters><HeartRateBpm><Value>159</Value></HeartRateBpm><Cadence>25</Cadence><Extensions><ext:TPX><ext:Watts>51.14705882352941</ext:Watts><ext:Torque>20</ext:Torque></ext:TPX></Extensions></Trackpoint><Trackpoint><Time>2025-09-14T11:01:50.903Z</Time><DistanceMeters>5086.523062765098</DistanceMeters><HeartRateBpm><Value>159</Value></HeartRateBpm><Cadence>26</Cadence><Extensions><ext:TPX><ext:Watts>48.96969696969697</ext:Watts><ext:Torque>20</ext:Torque></ext:TPX></Extensions></Trackpoint><Trackpoint><Time>2025-09-14T11:01:52.058Z</Time><DistanceMeters>5090.353415219303</DistanceMeters><HeartRateBpm><Value>160</Value></HeartRateBpm><Cadence>26</Cadence><Extensions><ext:TPX><ext:Watts>48.84848484848485</ext:Watts><ext:Torque>20</ext:Torque></ext:TPX></Extensions></Trackpoint><Trackpoint><Time>2025-09-14T11:01:53.178Z</Time><DistanceMeters>5094.088738207939</DistanceMeters><HeartRateBpm><Value>160</Value></HeartRateBpm><Cadence>27</Cadence><Extensions><ext:TPX><ext:Watts>49.46875</ext:Watts><ext:Torque>20</ext:Torque></ext:TPX></Extensions></Trackpoint><Trackpoint><Time>2025-09-14T11:01:54.298Z</Time><DistanceMeters>5097.732034919533</DistanceMeters><HeartRateBpm><Value>159</Value></HeartRateBpm><Cadence>27</Cadence><Extensions><ext:TPX><ext:Watts>48.25</ext:Watts><ext:Torque>20</ext:Torque></ext:TPX></Extensions></Trackpoint><Trackpoint><Time>2025-09-14T11:01:55.428Z</Time><DistanceMeters>5101.492156474358</DistanceMeters><HeartRateBpm><Value>159</Value></HeartRateBpm><Cadence>26</Cadence><Extensions><ext:TPX><ext:Watts>48.875</ext:Watts><ext:Torque>20</ext:Torque></ext:TPX></Extensions></Trackpoint><Trackpoint><Time>2025-09-14T11:01:56.478Z</Time><DistanceMeters>5105.233415840919</DistanceMeters><HeartRateBpm><Value>159</Value></HeartRateBpm><Cadence>28</Cadence><Extensions><ext:TPX><ext:Watts>52.3</ext:Watts><ext:Torque>20</ext:Torque></ext:TPX></Extensions></Trackpoint><Trackpoint><Time>2025-09-14T11:01:57.598Z</Time><DistanceMeters>5108.968738829555</DistanceMeters><HeartRateBpm><Value>159</Value></HeartRateBpm><Cadence>27</Cadence><Extensions><ext:TPX><ext:Watts>49.46875</ext:Watts><ext:Torque>20</ext:Torque></ext:TPX></Extensions></Trackpoint><Trackpoint><Time>2025-09-14T11:01:58.683Z</Time><DistanceMeters>5112.890764651552</DistanceMeters><HeartRateBpm><Value>159</Value></HeartRateBpm><Cadence>28</Cadence><Extensions><ext:TPX><ext:Watts>52.903225806451616</ext:Watts><ext:Torque>20</ext:Torque></ext:TPX></Extensions></Trackpoint><Trackpoint><Time>2025-09-14T11:01:59.803Z</Time><DistanceMeters>5116.781824416719</DistanceMeters><HeartRateBpm><Value>158</Value></HeartRateBpm><Cadence>27</Cadence><Extensions><ext:TPX><ext:Watts>51.53125</ext:Watts><ext:Torque>20</ext:Torque></ext:TPX></Extensions></Trackpoint><Trackpoint><Time>2025-09-14T11:02:00.888Z</Time><DistanceMeters>5120.677543967959</DistanceMeters><HeartRateBpm><Value>157</Value></HeartRateBpm><Cadence>28</Cadence><Extensions><ext:TPX><ext:Watts>52.54838709677419</ext:Watts><ext:Torque>20</ext:Torque></ext:TPX></Extensions></Trackpoint><Trackpoint><Time>2025-09-14T11:02:02.008Z</Time><DistanceMeters>5124.483656400473</DistanceMeters><HeartRateBpm><Value>157</Value></HeartRateBpm><Cadence>27</Cadence><Extensions><ext:TPX><ext:Watts>50.40625</ext:Watts><ext:Torque>20</ext:Torque></ext:TPX></Extensions></Trackpoint><Trackpoint><Time>2025-09-14T11:02:03.128Z</Time><DistanceMeters>5128.046725075672</DistanceMeters><HeartRateBpm><Value>157</Value></HeartRateBpm><Cadence>27</Cadence><Extensions><ext:TPX><ext:Watts>47.1875</ext:Watts><ext:Torque>20</ext:Torque></ext:TPX></Extensions></Trackpoint><Trackpoint><Time>2025-09-14T11:02:04.248Z</Time><DistanceMeters>5131.631030584034</DistanceMeters><HeartRateBpm><Value>157</Value></HeartRateBpm><Cadence>27</Cadence><Extensions><ext:TPX><ext:Watts>47.46875</ext:Watts><ext:Torque>20</ext:Torque></ext:TPX></Extensions></Trackpoint><Trackpoint><Time>2025-09-14T11:02:05.334Z</Time><DistanceMeters>5135.2756448234995</DistanceMeters><HeartRateBpm><Value>157</Value></HeartRateBpm><Cadence>28</Cadence><Extensions><ext:TPX><ext:Watts>49.16129032258065</ext:Watts><ext:Torque>20</ext:Torque></ext:TPX></Extensions></Trackpoint><Trackpoint><Time>2025-09-14T11:02:06.453Z</Time><DistanceMeters>5139.136029162987</DistanceMeters><HeartRateBpm><Value>157</Value></HeartRateBpm><Cadence>27</Cadence><Extensions><ext:TPX><ext:Watts>51.125</ext:Watts><ext:Torque>20</ext:Torque></ext:TPX></Extensions></Trackpoint><Trackpoint><Time>2025-09-14T11:02:07.503Z</Time><DistanceMeters>5143.048971559754</DistanceMeters><HeartRateBpm><Value>157</Value></HeartRateBpm><Cadence>28</Cadence><Extensions><ext:TPX><ext:Watts>54.7</ext:Watts><ext:Torque>20</ext:Torque></ext:TPX></Extensions></Trackpoint><Trackpoint><Time>2025-09-14T11:02:08.623Z</Time><DistanceMeters>5146.819689270329</DistanceMeters><HeartRateBpm><Value>157</Value></HeartRateBpm><Cadence>27</Cadence><Extensions><ext:TPX><ext:Watts>49.9375</ext:Watts><ext:Torque>20</ext:Torque></ext:TPX></Extensions></Trackpoint><Trackpoint><Time>2025-09-14T11:02:09.708Z</Time><DistanceMeters>5150.858897571154</DistanceMeters><HeartRateBpm><Value>157</Value></HeartRateBpm><Cadence>28</Cadence><Extensions><ext:TPX><ext:Watts>54.483870967741936</ext:Watts><ext:Torque>20</ext:Torque></ext:TPX></Extensions></Trackpoint><Trackpoint><Time>2025-09-14T11:02:10.794Z</Time><DistanceMeters>5154.5704732270915</DistanceMeters><HeartRateBpm><Value>157</Value></HeartRateBpm><Cadence>28</Cadence><Extensions><ext:TPX><ext:Watts>50.064516129032256</ext:Watts><ext:Torque>20</ext:Torque></ext:TPX></Extensions></Trackpoint><Trackpoint><Time>2025-09-14T11:02:11.948Z</Time><DistanceMeters>5158.562403824527</DistanceMeters><HeartRateBpm><Value>157</Value></HeartRateBpm><Cadence>26</Cadence><Extensions><ext:TPX><ext:Watts>50.90909090909091</ext:Watts><ext:Torque>20</ext:Torque></ext:TPX></Extensions></Trackpoint><Trackpoint><Time>2025-09-14T11:02:13.033Z</Time><DistanceMeters>5162.431817105008</DistanceMeters><HeartRateBpm><Value>157</Value></HeartRateBpm><Cadence>28</Cadence><Extensions><ext:TPX><ext:Watts>52.193548387096776</ext:Watts><ext:Torque>20</ext:Torque></ext:TPX></Extensions></Trackpoint><Trackpoint><Time>2025-09-14T11:02:14.153Z</Time><DistanceMeters>5166.287482148236</DistanceMeters><HeartRateBpm><Value>157</Value></HeartRateBpm><Cadence>27</Cadence><Extensions><ext:TPX><ext:Watts>51.0625</ext:Watts><ext:Torque>20</ext:Torque></ext:TPX></Extensions></Trackpoint><Trackpoint><Time>2025-09-14T11:02:15.273Z</Time><DistanceMeters>5170.272927838575</DistanceMeters><HeartRateBpm><Value>158</Value></HeartRateBpm><Cadence>27</Cadence><Extensions><ext:TPX><ext:Watts>52.78125</ext:Watts><ext:Torque>20</ext:Torque></ext:TPX></Extensions></Trackpoint><Trackpoint><Time>2025-09-14T11:02:16.393Z</Time><DistanceMeters>5174.112075344899</DistanceMeters><HeartRateBpm><Value>158</Value></HeartRateBpm><Cadence>27</Cadence><Extensions><ext:TPX><ext:Watts>50.84375</ext:Watts><ext:Torque>20</ext:Torque></ext:TPX></Extensions></Trackpoint><Trackpoint><Time>2025-09-14T11:02:17.583Z</Time><DistanceMeters>5178.21593095442</DistanceMeters><HeartRateBpm><Value>158</Value></HeartRateBpm><Cadence>25</Cadence><Extensions><ext:TPX><ext:Watts>50.3235294117647</ext:Watts><ext:Torque>20</ext:Torque></ext:TPX></Extensions></Trackpoint><Trackpoint><Time>2025-09-14T11:02:18.703Z</Time><DistanceMeters>5182.236771366698</DistanceMeters><HeartRateBpm><Value>158</Value></HeartRateBpm><Cadence>27</Cadence><Extensions><ext:TPX><ext:Watts>53.25</ext:Watts><ext:Torque>20</ext:Torque></ext:TPX></Extensions></Trackpoint><Trackpoint><Time>2025-09-14T11:02:19.893Z</Time><DistanceMeters>5186.8347206381495</DistanceMeters><HeartRateBpm><Value>158</Value></HeartRateBpm><Cadence>25</Cadence><Extensions><ext:TPX><ext:Watts>56.38235294117647</ext:Watts><ext:Torque>20</ext:Torque></ext:TPX></Extensions></Trackpoint><Trackpoint><Time>2025-09-14T11:02:21.084Z</Time><DistanceMeters>5191.57658068492</DistanceMeters><HeartRateBpm><Value>158</Value></HeartRateBpm><Cadence>25</Cadence><Extensions><ext:TPX><ext:Watts>58.14705882352941</ext:Watts><ext:Torque>20</ext:Torque></ext:TPX></Extensions></Trackpoint><Trackpoint><Time>2025-09-14T11:02:22.308Z</Time><DistanceMeters>5196.2389261823155</DistanceMeters><HeartRateBpm><Value>158</Value></HeartRateBpm><Cadence>24</Cadence><Extensions><ext:TPX><ext:Watts>56.02857142857143</ext:Watts><ext:Torque>20</ext:Torque></ext:TPX></Extensions></Trackpoint><Trackpoint><Time>2025-09-14T11:02:23.533Z</Time><DistanceMeters>5200.927424561134</DistanceMeters><HeartRateBpm><Value>157</Value></HeartRateBpm><Cadence>24</Cadence><Extensions><ext:TPX><ext:Watts>56.34285714285714</ext:Watts><ext:Torque>20</ext:Torque></ext:TPX></Extensions></Trackpoint><Trackpoint><Time>2025-09-14T11:02:24.758Z</Time><DistanceMeters>5205.606412801253</DistanceMeters><HeartRateBpm><Value>157</Value></HeartRateBpm><Cadence>24</Cadence><Extensions><ext:TPX><ext:Watts>56.22857142857143</ext:Watts><ext:Torque>20</ext:Torque></ext:TPX></Extensions></Trackpoint><Trackpoint><Time>2025-09-14T11:02:25.983Z</Time><DistanceMeters>5210.15225909958</DistanceMeters><HeartRateBpm><Value>158</Value></HeartRateBpm><Cadence>24</Cadence><Extensions><ext:TPX><ext:Watts>54.628571428571426</ext:Watts><ext:Torque>20</ext:Torque></ext:TPX></Extensions></Trackpoint><Trackpoint><Time>2025-09-14T11:02:27.173Z</Time><DistanceMeters>5214.380837381045</DistanceMeters><HeartRateBpm><Value>159</Value></HeartRateBpm><Cadence>25</Cadence><Extensions><ext:TPX><ext:Watts>51.85294117647059</ext:Watts><ext:Torque>20</ext:Torque></ext:TPX></Extensions></Trackpoint><Trackpoint><Time>2025-09-14T11:02:28.368Z</Time><DistanceMeters>5218.623806740043</DistanceMeters><HeartRateBpm><Value>159</Value></HeartRateBpm><Cadence>25</Cadence><Extensions><ext:TPX><ext:Watts>52.029411764705884</ext:Watts><ext:Torque>20</ext:Torque></ext:TPX></Extensions></Trackpoint><Trackpoint><Time>2025-09-14T11:02:29.558Z</Time><DistanceMeters>5222.730060862486</DistanceMeters><HeartRateBpm><Value>158</Value></HeartRateBpm><Cadence>25</Cadence><Extensions><ext:TPX><ext:Watts>50.35294117647059</ext:Watts><ext:Torque>20</ext:Torque></ext:TPX></Extensions></Trackpoint><Trackpoint><Time>2025-09-14T11:02:30.714Z</Time><DistanceMeters>5227.019010105564</DistanceMeters><HeartRateBpm><Value>157</Value></HeartRateBpm><Cadence>26</Cadence><Extensions><ext:TPX><ext:Watts>54.696969696969695</ext:Watts><ext:Torque>20</ext:Torque></ext:TPX></Extensions></Trackpoint><Trackpoint><Time>2025-09-14T11:02:31.908Z</Time><DistanceMeters>5231.18762556398</DistanceMeters><HeartRateBpm><Value>157</Value></HeartRateBpm><Cadence>25</Cadence><Extensions><ext:TPX><ext:Watts>51.11764705882353</ext:Watts><ext:Torque>20</ext:Torque></ext:TPX></Extensions></Trackpoint><Trackpoint><Time>2025-09-14T11:02:33.134Z</Time><DistanceMeters>5235.471943048073</DistanceMeters><HeartRateBpm><Value>156</Value></HeartRateBpm><Cadence>24</Cadence><Extensions><ext:TPX><ext:Watts>51.48571428571429</ext:Watts><ext:Torque>20</ext:Torque></ext:TPX></Extensions></Trackpoint><Trackpoint><Time>2025-09-14T11:02:34.323Z</Time><DistanceMeters>5239.73889753629</DistanceMeters><HeartRateBpm><Value>156</Value></HeartRateBpm><Cadence>25</Cadence><Extensions><ext:TPX><ext:Watts>52.3235294117647</ext:Watts><ext:Torque>20</ext:Torque></ext:TPX></Extensions></Trackpoint><Trackpoint><Time>2025-09-14T11:02:35.514Z</Time><DistanceMeters>5244.144965773983</DistanceMeters><HeartRateBpm><Value>155</Value></HeartRateBpm><Cadence>25</Cadence><Extensions><ext:TPX><ext:Watts>54.029411764705884</ext:Watts><ext:Torque>20</ext:Torque></ext:TPX></Extensions></Trackpoint><Trackpoint><Time>2025-09-14T11:02:36.744Z</Time><DistanceMeters>5248.2771210388855</DistanceMeters><HeartRateBpm><Value>155</Value></HeartRateBpm><Cadence>24</Cadence><Extensions><ext:TPX><ext:Watts>49.65714285714286</ext:Watts><ext:Torque>20</ext:Torque></ext:TPX></Extensions></Trackpoint><Trackpoint><Time>2025-09-14T11:02:37.938Z</Time><DistanceMeters>5252.476917165287</DistanceMeters><HeartRateBpm><Value>155</Value></HeartRateBpm><Cadence>25</Cadence><Extensions><ext:TPX><ext:Watts>51.5</ext:Watts><ext:Torque>20</ext:Torque></ext:TPX></Extensions></Trackpoint><Trackpoint><Time>2025-09-14T11:02:39.129Z</Time><DistanceMeters>5256.8518047349935</DistanceMeters><HeartRateBpm><Value>155</Value></HeartRateBpm><Cadence>25</Cadence><Extensions><ext:TPX><ext:Watts>53.64705882352941</ext:Watts><ext:Torque>20</ext:Torque></ext:TPX></Extensions></Trackpoint><Trackpoint><Time>2025-09-14T11:02:40.288Z</Time><DistanceMeters>5260.962542790686</DistanceMeters><HeartRateBpm><Value>155</Value></HeartRateBpm><Cadence>26</Cadence><Extensions><ext:TPX><ext:Watts>52.42424242424242</ext:Watts><ext:Torque>20</ext:Torque></ext:TPX></Extensions></Trackpoint><Trackpoint><Time>2025-09-14T11:02:41.514Z</Time><DistanceMeters>5265.230217532055</DistanceMeters><HeartRateBpm><Value>155</Value></HeartRateBpm><Cadence>24</Cadence><Extensions><ext:TPX><ext:Watts>51.285714285714285</ext:Watts><ext:Torque>20</ext:Torque></ext:TPX></Extensions></Trackpoint><Trackpoint><Time>2025-09-14T11:02:42.738Z</Time><DistanceMeters>5269.419433629153</DistanceMeters><HeartRateBpm><Value>155</Value></HeartRateBpm><Cadence>24</Cadence><Extensions><ext:TPX><ext:Watts>50.34285714285714</ext:Watts><ext:Torque>20</ext:Torque></ext:TPX></Extensions></Trackpoint><Trackpoint><Time>2025-09-14T11:02:43.964Z</Time><DistanceMeters>5273.760811945443</DistanceMeters><HeartRateBpm><Value>155</Value></HeartRateBpm><Cadence>24</Cadence><Extensions><ext:TPX><ext:Watts>52.17142857142857</ext:Watts><ext:Torque>20</ext:Torque></ext:TPX></Extensions></Trackpoint><Trackpoint><Time>2025-09-14T11:02:45.189Z</Time><DistanceMeters>5278.168761232628</DistanceMeters><HeartRateBpm><Value>155</Value></HeartRateBpm><Cadence>24</Cadence><Extensions><ext:TPX><ext:Watts>52.97142857142857</ext:Watts><ext:Torque>20</ext:Torque></ext:TPX></Extensions></Trackpoint><Trackpoint><Time>2025-09-14T11:02:46.414Z</Time><DistanceMeters>5282.538669965015</DistanceMeters><HeartRateBpm><Value>155</Value></HeartRateBpm><Cadence>24</Cadence><Extensions><ext:TPX><ext:Watts>52.51428571428571</ext:Watts><ext:Torque>20</ext:Torque></ext:TPX></Extensions></Trackpoint><Trackpoint><Time>2025-09-14T11:02:47.674Z</Time><DistanceMeters>5287.045597891923</DistanceMeters><HeartRateBpm><Value>155</Value></HeartRateBpm><Cadence>24</Cadence><Extensions><ext:TPX><ext:Watts>53.05555555555556</ext:Watts><ext:Torque>20</ext:Torque></ext:TPX></Extensions></Trackpoint><Trackpoint><Time>2025-09-14T11:02:48.899Z</Time><DistanceMeters>5291.453547179108</DistanceMeters><HeartRateBpm><Value>155</Value></HeartRateBpm><Cadence>24</Cadence><Extensions><ext:TPX><ext:Watts>52.97142857142857</ext:Watts><ext:Torque>20</ext:Torque></ext:TPX></Extensions></Trackpoint><Trackpoint><Time>2025-09-14T11:02:50.124Z</Time><DistanceMeters>5295.799680564747</DistanceMeters><HeartRateBpm><Value>155</Value></HeartRateBpm><Cadence>24</Cadence><Extensions><ext:TPX><ext:Watts>52.22857142857143</ext:Watts><ext:Torque>20</ext:Torque></ext:TPX></Extensions></Trackpoint><Trackpoint><Time>2025-09-14T11:02:51.354Z</Time><DistanceMeters>5300.374057279172</DistanceMeters><HeartRateBpm><Value>155</Value></HeartRateBpm><Cadence>24</Cadence><Extensions><ext:TPX><ext:Watts>54.97142857142857</ext:Watts><ext:Torque>20</ext:Torque></ext:TPX></Extensions></Trackpoint><Trackpoint><Time>2025-09-14T11:02:52.649Z</Time><DistanceMeters>5304.9498336937995</DistanceMeters><HeartRateBpm><Value>155</Value></HeartRateBpm><Cadence>23</Cadence><Extensions><ext:TPX><ext:Watts>51.62162162162162</ext:Watts><ext:Torque>20</ext:Torque></ext:TPX></Extensions></Trackpoint><Trackpoint><Time>2025-09-14T11:02:53.909Z</Time><DistanceMeters>5309.419007250639</DistanceMeters><HeartRateBpm><Value>155</Value></HeartRateBpm><Cadence>24</Cadence><Extensions><ext:TPX><ext:Watts>52.611111111111114</ext:Watts><ext:Torque>20</ext:Torque></ext:TPX></Extensions></Trackpoint><Trackpoint><Time>2025-09-14T11:02:55.134Z</Time><DistanceMeters>5313.933945598193</DistanceMeters><HeartRateBpm><Value>155</Value></HeartRateBpm><Cadence>24</Cadence><Extensions><ext:TPX><ext:Watts>54.25714285714286</ext:Watts><ext:Torque>20</ext:Torque></ext:TPX></Extensions></Trackpoint><Trackpoint><Time>2025-09-14T11:02:56.394Z</Time><DistanceMeters>5318.485706839556</DistanceMeters><HeartRateBpm><Value>155</Value></HeartRateBpm><Cadence>24</Cadence><Extensions><ext:TPX><ext:Watts>53.583333333333336</ext:Watts><ext:Torque>20</ext:Torque></ext:TPX></Extensions></Trackpoint><Trackpoint><Time>2025-09-14T11:02:57.654Z</Time><DistanceMeters>5323.032748784661</DistanceMeters><HeartRateBpm><Value>155</Value></HeartRateBpm><Cadence>24</Cadence><Extensions><ext:TPX><ext:Watts>53.52777777777778</ext:Watts><ext:Torque>20</ext:Torque></ext:TPX></Extensions></Trackpoint><Trackpoint><Time>2025-09-14T11:02:58.914Z</Time><DistanceMeters>5327.643501229256</DistanceMeters><HeartRateBpm><Value>155</Value></HeartRateBpm><Cadence>24</Cadence><Extensions><ext:TPX><ext:Watts>54.27777777777778</ext:Watts><ext:Torque>20</ext:Torque></ext:TPX></Extensions></Trackpoint><Trackpoint><Time>2025-09-14T11:03:00.174Z</Time><DistanceMeters>5332.320323821471</DistanceMeters><HeartRateBpm><Value>155</Value></HeartRateBpm><Cadence>24</Cadence><Extensions><ext:TPX><ext:Watts>55.05555555555556</ext:Watts><ext:Torque>20</ext:Torque></ext:TPX></Extensions></Trackpoint><Trackpoint><Time>2025-09-14T11:03:01.434Z</Time><DistanceMeters>5337.044339376272</DistanceMeters><HeartRateBpm><Value>155</Value></HeartRateBpm><Cadence>24</Cadence><Extensions><ext:TPX><ext:Watts>55.611111111111114</ext:Watts><ext:Torque>20</ext:Torque></ext:TPX></Extensions></Trackpoint><Trackpoint><Time>2025-09-14T11:03:02.699Z</Time><DistanceMeters>5341.982129010528</DistanceMeters><HeartRateBpm><Value>155</Value></HeartRateBpm><Cadence>24</Cadence><Extensions><ext:TPX><ext:Watts>56.916666666666664</ext:Watts><ext:Torque>20</ext:Torque></ext:TPX></Extensions></Trackpoint><Trackpoint><Time>2025-09-14T11:03:03.924Z</Time><DistanceMeters>5346.768106311016</DistanceMeters><HeartRateBpm><Value>155</Value></HeartRateBpm><Cadence>24</Cadence><Extensions><ext:TPX><ext:Watts>57.51428571428571</ext:Watts><ext:Torque>20</ext:Torque></ext:TPX></Extensions></Trackpoint><Trackpoint><Time>2025-09-14T11:03:05.184Z</Time><DistanceMeters>5351.548753420919</DistanceMeters><HeartRateBpm><Value>155</Value></HeartRateBpm><Cadence>24</Cadence><Extensions><ext:TPX><ext:Watts>56.27777777777778</ext:Watts><ext:Torque>20</ext:Torque></ext:TPX></Extensions></Trackpoint><Trackpoint><Time>2025-09-14T11:03:06.449Z</Time><DistanceMeters>5356.462444521089</DistanceMeters><HeartRateBpm><Value>155</Value></HeartRateBpm><Cadence>24</Cadence><Extensions><ext:TPX><ext:Watts>56.638888888888886</ext:Watts><ext:Torque>20</ext:Torque></ext:TPX></Extensions></Trackpoint><Trackpoint><Time>2025-09-14T11:03:07.709Z</Time><DistanceMeters>5361.318600371129</DistanceMeters><HeartRateBpm><Value>154</Value></HeartRateBpm><Cadence>24</Cadence><Extensions><ext:TPX><ext:Watts>57.166666666666664</ext:Watts><ext:Torque>20</ext:Torque></ext:TPX></Extensions></Trackpoint><Trackpoint><Time>2025-09-14T11:03:09.004Z</Time><DistanceMeters>5366.241752482155</DistanceMeters><HeartRateBpm><Value>154</Value></HeartRateBpm><Cadence>23</Cadence><Extensions><ext:TPX><ext:Watts>55.54054054054054</ext:Watts><ext:Torque>20</ext:Torque></ext:TPX></Extensions></Trackpoint><Trackpoint><Time>2025-09-14T11:03:10.264Z</Time><DistanceMeters>5371.1710574242015</DistanceMeters><HeartRateBpm><Value>154</Value></HeartRateBpm><Cadence>24</Cadence><Extensions><ext:TPX><ext:Watts>58.02777777777778</ext:Watts><ext:Torque>20</ext:Torque></ext:TPX></Extensions></Trackpoint><Trackpoint><Time>2025-09-14T11:03:11.524Z</Time><DistanceMeters>5375.949344885975</DistanceMeters><HeartRateBpm><Value>154</Value></HeartRateBpm><Cadence>24</Cadence><Extensions><ext:TPX><ext:Watts>56.25</ext:Watts><ext:Torque>20</ext:Torque></ext:TPX></Extensions></Trackpoint><Trackpoint><Time>2025-09-14T11:03:12.679Z</Time><DistanceMeters>5380.126615118291</DistanceMeters><HeartRateBpm><Value>153</Value></HeartRateBpm><Cadence>26</Cadence><Extensions><ext:TPX><ext:Watts>53.27272727272727</ext:Watts><ext:Torque>20</ext:Torque></ext:TPX></Extensions></Trackpoint><Trackpoint><Time>2025-09-14T11:03:13.904Z</Time><DistanceMeters>5384.603512911047</DistanceMeters><HeartRateBpm><Value>153</Value></HeartRateBpm><Cadence>24</Cadence><Extensions><ext:TPX><ext:Watts>53.8</ext:Watts><ext:Torque>20</ext:Torque></ext:TPX></Extensions></Trackpoint><Trackpoint><Time>2025-09-14T11:03:15.099Z</Time><DistanceMeters>5388.9544153515335</DistanceMeters><HeartRateBpm><Value>153</Value></HeartRateBpm><Cadence>25</Cadence><Extensions><ext:TPX><ext:Watts>53.35294117647059</ext:Watts><ext:Torque>20</ext:Torque></ext:TPX></Extensions></Trackpoint><Trackpoint><Time>2025-09-14T11:03:16.289Z</Time><DistanceMeters>5393.067865012744</DistanceMeters><HeartRateBpm><Value>153</Value></HeartRateBpm><Cadence>25</Cadence><Extensions><ext:TPX><ext:Watts>50.44117647058823</ext:Watts><ext:Torque>20</ext:Torque></ext:TPX></Extensions></Trackpoint><Trackpoint><Time>2025-09-14T11:03:17.795Z</Time><DistanceMeters>5397.0173233253345</DistanceMeters><HeartRateBpm><Value>153</Value></HeartRateBpm><Cadence>20</Cadence><Extensions><ext:TPX><ext:Watts>38.74418604651163</ext:Watts><ext:Torque>20</ext:Torque></ext:TPX></Extensions></Trackpoint><Trackpoint><Time>2025-09-14T11:03:19.019Z</Time><DistanceMeters>5401.4133849391455</DistanceMeters><HeartRateBpm><Value>152</Value></HeartRateBpm><Cadence>24</Cadence><Extensions><ext:TPX><ext:Watts>52.82857142857143</ext:Watts><ext:Torque>20</ext:Torque></ext:TPX></Extensions></Trackpoint><Trackpoint><Time>2025-09-14T11:03:20.244Z</Time><DistanceMeters>5405.662039403115</DistanceMeters><HeartRateBpm><Value>152</Value></HeartRateBpm><Cadence>24</Cadence><Extensions><ext:TPX><ext:Watts>51.05714285714286</ext:Watts><ext:Torque>20</ext:Torque></ext:TPX></Extensions></Trackpoint><Trackpoint><Time>2025-09-14T11:03:21.505Z</Time><DistanceMeters>5409.899967443286</DistanceMeters><HeartRateBpm><Value>152</Value></HeartRateBpm><Cadence>24</Cadence><Extensions><ext:TPX><ext:Watts>49.888888888888886</ext:Watts><ext:Torque>20</ext:Torque></ext:TPX></Extensions></Trackpoint><Trackpoint><Time>2025-09-14T11:03:22.699Z</Time><DistanceMeters>5413.943860229759</DistanceMeters><HeartRateBpm><Value>152</Value></HeartRateBpm><Cadence>25</Cadence><Extensions><ext:TPX><ext:Watts>49.588235294117645</ext:Watts><ext:Torque>20</ext:Torque></ext:TPX></Extensions></Trackpoint><Trackpoint><Time>2025-09-14T11:03:23.959Z</Time><DistanceMeters>5418.384718009047</DistanceMeters><HeartRateBpm><Value>152</Value></HeartRateBpm><Cadence>24</Cadence><Extensions><ext:TPX><ext:Watts>52.27777777777778</ext:Watts><ext:Torque>20</ext:Torque></ext:TPX></Extensions></Trackpoint><Trackpoint><Time>2025-09-14T11:03:25.184Z</Time><DistanceMeters>5422.559668898097</DistanceMeters><HeartRateBpm><Value>152</Value></HeartRateBpm><Cadence>24</Cadence><Extensions><ext:TPX><ext:Watts>50.17142857142857</ext:Watts><ext:Torque>20</ext:Torque></ext:TPX></Extensions></Trackpoint><Trackpoint><Time>2025-09-14T11:03:26.409Z</Time><DistanceMeters>5426.870139263613</DistanceMeters><HeartRateBpm><Value>151</Value></HeartRateBpm><Cadence>24</Cadence><Extensions><ext:TPX><ext:Watts>51.8</ext:Watts><ext:Torque>20</ext:Torque></ext:TPX></Extensions></Trackpoint><Trackpoint><Time>2025-09-14T11:03:27.634Z</Time><DistanceMeters>5431.199629906529</DistanceMeters><HeartRateBpm><Value>150</Value></HeartRateBpm><Cadence>24</Cadence><Extensions><ext:TPX><ext:Watts>52.02857142857143</ext:Watts><ext:Torque>20</ext:Torque></ext:TPX></Extensions></Trackpoint><Trackpoint><Time>2025-09-14T11:03:28.859Z</Time><DistanceMeters>5435.567161104242</DistanceMeters><HeartRateBpm><Value>150</Value></HeartRateBpm><Cadence>24</Cadence><Extensions><ext:TPX><ext:Watts>52.48571428571429</ext:Watts><ext:Torque>20</ext:Torque></ext:TPX></Extensions></Trackpoint><Trackpoint><Time>2025-09-14T11:03:30.049Z</Time><DistanceMeters>5439.841311131225</DistanceMeters><HeartRateBpm><Value>150</Value></HeartRateBpm><Cadence>25</Cadence><Extensions><ext:TPX><ext:Watts>52.411764705882355</ext:Watts><ext:Torque>20</ext:Torque></ext:TPX></Extensions></Trackpoint><Trackpoint><Time>2025-09-14T11:03:31.274Z</Time><DistanceMeters>5444.215974932962</DistanceMeters><HeartRateBpm><Value>150</Value></HeartRateBpm><Cadence>24</Cadence><Extensions><ext:TPX><ext:Watts>52.57142857142857</ext:Watts><ext:Torque>20</ext:Torque></ext:TPX></Extensions></Trackpoint><Trackpoint><Time>2025-09-14T11:03:32.464Z</Time><DistanceMeters>5448.600456554357</DistanceMeters><HeartRateBpm><Value>150</Value></HeartRateBpm><Cadence>25</Cadence><Extensions><ext:TPX><ext:Watts>53.76470588235294</ext:Watts><ext:Torque>20</ext:Torque></ext:TPX></Extensions></Trackpoint><Trackpoint><Time>2025-09-14T11:03:33.689Z</Time><DistanceMeters>5453.010783376218</DistanceMeters><HeartRateBpm><Value>150</Value></HeartRateBpm><Cadence>24</Cadence><Extensions><ext:TPX><ext:Watts>53.0</ext:Watts><ext:Torque>20</ext:Torque></ext:TPX></Extensions></Trackpoint><Trackpoint><Time>2025-09-14T11:03:34.845Z</Time><DistanceMeters>5457.335374856772</DistanceMeters><HeartRateBpm><Value>150</Value></HeartRateBpm><Cadence>26</Cadence><Extensions><ext:TPX><ext:Watts>55.15151515151515</ext:Watts><ext:Torque>20</ext:Torque></ext:TPX></Extensions></Trackpoint><Trackpoint><Time>2025-09-14T11:03:36.035Z</Time><DistanceMeters>5461.736646068621</DistanceMeters><HeartRateBpm><Value>150</Value></HeartRateBpm><Cadence>25</Cadence><Extensions><ext:TPX><ext:Watts>53.970588235294116</ext:Watts><ext:Torque>20</ext:Torque></ext:TPX></Extensions></Trackpoint><Trackpoint><Time>2025-09-14T11:03:37.190Z</Time><DistanceMeters>5466.2156872449095</DistanceMeters><HeartRateBpm><Value>150</Value></HeartRateBpm><Cadence>26</Cadence><Extensions><ext:TPX><ext:Watts>57.121212121212125</ext:Watts><ext:Torque>20</ext:Torque></ext:TPX></Extensions></Trackpoint><Trackpoint><Time>2025-09-14T11:03:38.379Z</Time><DistanceMeters>5470.585777788772</DistanceMeters><HeartRateBpm><Value>149</Value></HeartRateBpm><Cadence>25</Cadence><Extensions><ext:TPX><ext:Watts>53.588235294117645</ext:Watts><ext:Torque>20</ext:Torque></ext:TPX></Extensions></Trackpoint><Trackpoint><Time>2025-09-14T11:03:39.570Z</Time><DistanceMeters>5474.864724841599</DistanceMeters><HeartRateBpm><Value>148</Value></HeartRateBpm><Cadence>25</Cadence><Extensions><ext:TPX><ext:Watts>52.470588235294116</ext:Watts><ext:Torque>20</ext:Torque></ext:TPX></Extensions></Trackpoint><Trackpoint><Time>2025-09-14T11:03:40.725Z</Time><DistanceMeters>5479.153674084677</DistanceMeters><HeartRateBpm><Value>148</Value></HeartRateBpm><Cadence>26</Cadence><Extensions><ext:TPX><ext:Watts>54.696969696969695</ext:Watts><ext:Torque>20</ext:Torque></ext:TPX></Extensions></Trackpoint><Trackpoint><Time>2025-09-14T11:03:41.849Z</Time><DistanceMeters>5483.401842107295</DistanceMeters><HeartRateBpm><Value>148</Value></HeartRateBpm><Cadence>26</Cadence><Extensions><ext:TPX><ext:Watts>55.21875</ext:Watts><ext:Torque>20</ext:Torque></ext:TPX></Extensions></Trackpoint><Trackpoint><Time>2025-09-14T11:03:43.005Z</Time><DistanceMeters>5487.55535084796</DistanceMeters><HeartRateBpm><Value>148</Value></HeartRateBpm><Cadence>26</Cadence><Extensions><ext:TPX><ext:Watts>52.96969696969697</ext:Watts><ext:Torque>20</ext:Torque></ext:TPX></Extensions></Trackpoint><Trackpoint><Time>2025-09-14T11:03:44.159Z</Time><DistanceMeters>5492.200722465808</DistanceMeters><HeartRateBpm><Value>148</Value></HeartRateBpm><Cadence>26</Cadence><Extensions><ext:TPX><ext:Watts>59.24242424242424</ext:Watts><ext:Torque>20</ext:Torque></ext:TPX></Extensions></Trackpoint><Trackpoint><Time>2025-09-14T11:03:45.280Z</Time><DistanceMeters>5496.514159246116</DistanceMeters><HeartRateBpm><Value>148</Value></HeartRateBpm><Cadence>27</Cadence><Extensions><ext:TPX><ext:Watts>57.125</ext:Watts><ext:Torque>20</ext:Torque></ext:TPX></Extensions></Trackpoint><Trackpoint><Time>2025-09-14T11:03:46.435Z</Time><DistanceMeters>5500.8126130858545</DistanceMeters><HeartRateBpm><Value>148</Value></HeartRateBpm><Cadence>26</Cadence><Extensions><ext:TPX><ext:Watts>54.81818181818182</ext:Watts><ext:Torque>20</ext:Torque></ext:TPX></Extensions></Trackpoint><Trackpoint><Time>2025-09-14T11:03:47.555Z</Time><DistanceMeters>5505.118970921774</DistanceMeters><HeartRateBpm><Value>149</Value></HeartRateBpm><Cadence>27</Cadence><Extensions><ext:TPX><ext:Watts>57.03125</ext:Watts><ext:Torque>20</ext:Torque></ext:TPX></Extensions></Trackpoint><Trackpoint><Time>2025-09-14T11:03:48.709Z</Time><DistanceMeters>5509.571874457247</DistanceMeters><HeartRateBpm><Value>149</Value></HeartRateBpm><Cadence>26</Cadence><Extensions><ext:TPX><ext:Watts>56.78787878787879</ext:Watts><ext:Torque>20</ext:Torque></ext:TPX></Extensions></Trackpoint><Trackpoint><Time>2025-09-14T11:03:49.830Z</Time><DistanceMeters>5513.795644608642</DistanceMeters><HeartRateBpm><Value>149</Value></HeartRateBpm><Cadence>27</Cadence><Extensions><ext:TPX><ext:Watts>55.9375</ext:Watts><ext:Torque>20</ext:Torque></ext:TPX></Extensions></Trackpoint><Trackpoint><Time>2025-09-14T11:03:51.025Z</Time><DistanceMeters>5518.300051876136</DistanceMeters><HeartRateBpm><Value>150</Value></HeartRateBpm><Cadence>25</Cadence><Extensions><ext:TPX><ext:Watts>55.23529411764706</ext:Watts><ext:Torque>20</ext:Torque></ext:TPX></Extensions></Trackpoint><Trackpoint><Time>2025-09-14T11:03:52.180Z</Time><DistanceMeters>5522.6127626108655</DistanceMeters><HeartRateBpm><Value>150</Value></HeartRateBpm><Cadence>26</Cadence><Extensions><ext:TPX><ext:Watts>55.0</ext:Watts><ext:Torque>20</ext:Torque></ext:TPX></Extensions></Trackpoint><Trackpoint><Time>2025-09-14T11:03:53.300Z</Time><DistanceMeters>5527.089015112093</DistanceMeters><HeartRateBpm><Value>151</Value></HeartRateBpm><Cadence>27</Cadence><Extensions><ext:TPX><ext:Watts>59.28125</ext:Watts><ext:Torque>20</ext:Torque></ext:TPX></Extensions></Trackpoint><Trackpoint><Time>2025-09-14T11:03:54.420Z</Time><DistanceMeters>5531.536951835768</DistanceMeters><HeartRateBpm><Value>151</Value></HeartRateBpm><Cadence>27</Cadence><Extensions><ext:TPX><ext:Watts>58.90625</ext:Watts><ext:Torque>20</ext:Torque></ext:TPX></Extensions></Trackpoint><Trackpoint><Time>2025-09-14T11:03:55.540Z</Time><DistanceMeters>5536.034441170159</DistanceMeters><HeartRateBpm><Value>151</Value></HeartRateBpm><Cadence>27</Cadence><Extensions><ext:TPX><ext:Watts>59.5625</ext:Watts><ext:Torque>20</ext:Torque></ext:TPX></Extensions></Trackpoint><Trackpoint><Time>2025-09-14T11:03:56.695Z</Time><DistanceMeters>5540.356656501549</DistanceMeters><HeartRateBpm><Value>151</Value></HeartRateBpm><Cadence>26</Cadence><Extensions><ext:TPX><ext:Watts>55.121212121212125</ext:Watts><ext:Torque>20</ext:Torque></ext:TPX></Extensions></Trackpoint><Trackpoint><Time>2025-09-14T11:03:57.815Z</Time><DistanceMeters>5544.870663372844</DistanceMeters><HeartRateBpm><Value>152</Value></HeartRateBpm><Cadence>27</Cadence><Extensions><ext:TPX><ext:Watts>59.78125</ext:Watts><ext:Torque>20</ext:Torque></ext:TPX></Extensions></Trackpoint><Trackpoint><Time>2025-09-14T11:03:58.970Z</Time><DistanceMeters>5549.356832996628</DistanceMeters><HeartRateBpm><Value>152</Value></HeartRateBpm><Cadence>26</Cadence><Extensions><ext:TPX><ext:Watts>57.21212121212121</ext:Watts><ext:Torque>20</ext:Torque></ext:TPX></Extensions></Trackpoint><Trackpoint><Time>2025-09-14T11:04:00.125Z</Time><DistanceMeters>5553.788351189614</DistanceMeters><HeartRateBpm><Value>152</Value></HeartRateBpm><Cadence>26</Cadence><Extensions><ext:TPX><ext:Watts>56.515151515151516</ext:Watts><ext:Torque>20</ext:Torque></ext:TPX></Extensions></Trackpoint><Trackpoint><Time>2025-09-14T11:04:01.280Z</Time><DistanceMeters>5558.241254725087</DistanceMeters><HeartRateBpm><Value>152</Value></HeartRateBpm><Cadence>26</Cadence><Extensions><ext:TPX><ext:Watts>56.78787878787879</ext:Watts><ext:Torque>20</ext:Torque></ext:TPX></Extensions></Trackpoint><Trackpoint><Time>2025-09-14T11:04:02.370Z</Time><DistanceMeters>5562.352207400704</DistanceMeters><HeartRateBpm><Value>152</Value></HeartRateBpm><Cadence>28</Cadence><Extensions><ext:TPX><ext:Watts>55.45161290322581</ext:Watts><ext:Torque>20</ext:Torque></ext:TPX></Extensions></Trackpoint><Trackpoint><Time>2025-09-14T11:04:03.525Z</Time><DistanceMeters>5566.522349185525</DistanceMeters><HeartRateBpm><Value>152</Value></HeartRateBpm><Cadence>26</Cadence><Extensions><ext:TPX><ext:Watts>53.18181818181818</ext:Watts><ext:Torque>20</ext:Torque></ext:TPX></Extensions></Trackpoint><Trackpoint><Time>2025-09-14T11:04:04.680Z</Time><DistanceMeters>5570.896839798547</DistanceMeters><HeartRateBpm><Value>153</Value></HeartRateBpm><Cadence>26</Cadence><Extensions><ext:TPX><ext:Watts>55.78787878787879</ext:Watts><ext:Torque>20</ext:Torque></ext:TPX></Extensions></Trackpoint><Trackpoint><Time>2025-09-14T11:04:05.800Z</Time><DistanceMeters>5575.120609949942</DistanceMeters><HeartRateBpm><Value>153</Value></HeartRateBpm><Cadence>27</Cadence><Extensions><ext:TPX><ext:Watts>55.9375</ext:Watts><ext:Torque>20</ext:Torque></ext:TPX></Extensions></Trackpoint><Trackpoint><Time>2025-09-14T11:04:06.955Z</Time><DistanceMeters>5579.533118949607</DistanceMeters><HeartRateBpm><Value>153</Value></HeartRateBpm><Cadence>26</Cadence><Extensions><ext:TPX><ext:Watts>56.27272727272727</ext:Watts><ext:Torque>20</ext:Torque></ext:TPX></Extensions></Trackpoint><Trackpoint><Time>2025-09-14T11:04:08.110Z</Time><DistanceMeters>5583.845829684336</DistanceMeters><HeartRateBpm><Value>153</Value></HeartRateBpm><Cadence>26</Cadence><Extensions><ext:TPX><ext:Watts>55.0</ext:Watts><ext:Torque>20</ext:Torque></ext:TPX></Extensions></Trackpoint><Trackpoint><Time>2025-09-14T11:04:09.230Z</Time><DistanceMeters>5588.034205113792</DistanceMeters><HeartRateBpm><Value>153</Value></HeartRateBpm><Cadence>27</Cadence><Extensions><ext:TPX><ext:Watts>55.46875</ext:Watts><ext:Torque>20</ext:Torque></ext:TPX></Extensions></Trackpoint><Trackpoint><Time>2025-09-14T11:04:10.420Z</Time><DistanceMeters>5592.401897144733</DistanceMeters><HeartRateBpm><Value>153</Value></HeartRateBpm><Cadence>25</Cadence><Extensions><ext:TPX><ext:Watts>53.55882352941177</ext:Watts><ext:Torque>20</ext:Torque></ext:TPX></Extensions></Trackpoint><Trackpoint><Time>2025-09-14T11:04:11.575Z</Time><DistanceMeters>5596.778763906921</DistanceMeters><HeartRateBpm><Value>153</Value></HeartRateBpm><Cadence>26</Cadence><Extensions><ext:TPX><ext:Watts>55.81818181818182</ext:Watts><ext:Torque>20</ext:Torque></ext:TPX></Extensions></Trackpoint><Trackpoint><Time>2025-09-14T11:04:12.730Z</Time><DistanceMeters>5601.155630669109</DistanceMeters><HeartRateBpm><Value>153</Value></HeartRateBpm><Cadence>26</Cadence><Extensions><ext:TPX><ext:Watts>55.81818181818182</ext:Watts><ext:Torque>20</ext:Torque></ext:TPX></Extensions></Trackpoint><Trackpoint><Time>2025-09-14T11:04:13.920Z</Time><DistanceMeters>5605.264283304476</DistanceMeters><HeartRateBpm><Value>153</Value></HeartRateBpm><Cadence>25</Cadence><Extensions><ext:TPX><ext:Watts>50.38235294117647</ext:Watts><ext:Torque>20</ext:Torque></ext:TPX></Extensions></Trackpoint><Trackpoint><Time>2025-09-14T11:04:15.075Z</Time><DistanceMeters>5609.5508563983885</DistanceMeters><HeartRateBpm><Value>153</Value></HeartRateBpm><Cadence>26</Cadence><Extensions><ext:TPX><ext:Watts>54.666666666666664</ext:Watts><ext:Torque>20</ext:Torque></ext:TPX></Extensions></Trackpoint><Trackpoint><Time>2025-09-14T11:04:16.265Z</Time><DistanceMeters>5613.985706791145</DistanceMeters><HeartRateBpm><Value>153</Value></HeartRateBpm><Cadence>25</Cadence><Extensions><ext:TPX><ext:Watts>54.38235294117647</ext:Watts><ext:Torque>20</ext:Torque></ext:TPX></Extensions></Trackpoint><Trackpoint><Time>2025-09-14T11:04:17.455Z</Time><DistanceMeters>5618.329413692866</DistanceMeters><HeartRateBpm><Value>153</Value></HeartRateBpm><Cadence>25</Cadence><Extensions><ext:TPX><ext:Watts>53.26470588235294</ext:Watts><ext:Torque>20</ext:Torque></ext:TPX></Extensions></Trackpoint><Trackpoint><Time>2025-09-14T11:04:18.645Z</Time><DistanceMeters>5622.555593461409</DistanceMeters><HeartRateBpm><Value>153</Value></HeartRateBpm><Cadence>25</Cadence><Extensions><ext:TPX><ext:Watts>51.8235294117647</ext:Watts><ext:Torque>20</ext:Torque></ext:TPX></Extensions></Trackpoint><Trackpoint><Time>2025-09-14T11:04:19.800Z</Time><DistanceMeters>5626.9681024610745</DistanceMeters><HeartRateBpm><Value>154</Value></HeartRateBpm><Cadence>26</Cadence><Extensions><ext:TPX><ext:Watts>56.27272727272727</ext:Watts><ext:Torque>20</ext:Torque></ext:TPX></Extensions></Trackpoint><Trackpoint><Time>2025-09-14T11:04:21.025Z</Time><DistanceMeters>5631.250042410493</DistanceMeters><HeartRateBpm><Value>154</Value></HeartRateBpm><Cadence>24</Cadence><Extensions><ext:TPX><ext:Watts>51.457142857142856</ext:Watts><ext:Torque>20</ext:Torque></ext:TPX></Extensions></Trackpoint><Trackpoint><Time>2025-09-14T11:04:22.180Z</Time><DistanceMeters>5635.489092521103</DistanceMeters><HeartRateBpm><Value>155</Value></HeartRateBpm><Cadence>26</Cadence><Extensions><ext:TPX><ext:Watts>54.06060606060606</ext:Watts><ext:Torque>20</ext:Torque></ext:TPX></Extensions></Trackpoint><Trackpoint><Time>2025-09-14T11:04:23.335Z</Time><DistanceMeters>5639.682995797575</DistanceMeters><HeartRateBpm><Value>155</Value></HeartRateBpm><Cadence>26</Cadence><Extensions><ext:TPX><ext:Watts>53.484848484848484</ext:Watts><ext:Torque>20</ext:Torque></ext:TPX></Extensions></Trackpoint><Trackpoint><Time>2025-09-14T11:04:24.560Z</Time><DistanceMeters>5644.014863975165</DistanceMeters><HeartRateBpm><Value>156</Value></HeartRateBpm><Cadence>24</Cadence><Extensions><ext:TPX><ext:Watts>52.05714285714286</ext:Watts><ext:Torque>20</ext:Torque></ext:TPX></Extensions></Trackpoint><Trackpoint><Time>2025-09-14T11:04:25.750Z</Time><DistanceMeters>5648.380157493184</DistanceMeters><HeartRateBpm><Value>156</Value></HeartRateBpm><Cadence>25</Cadence><Extensions><ext:TPX><ext:Watts>53.529411764705884</ext:Watts><ext:Torque>20</ext:Torque></ext:TPX></Extensions></Trackpoint><Trackpoint><Time>2025-09-14T11:04:26.975Z</Time><DistanceMeters>5652.714403205448</DistanceMeters><HeartRateBpm><Value>156</Value></HeartRateBpm><Cadence>24</Cadence><Extensions><ext:TPX><ext:Watts>52.08571428571429</ext:Watts><ext:Torque>20</ext:Torque></ext:TPX></Extensions></Trackpoint><Trackpoint><Time>2025-09-14T11:04:28.165Z</Time><DistanceMeters>5656.875823125099</DistanceMeters><HeartRateBpm><Value>156</Value></HeartRateBpm><Cadence>25</Cadence><Extensions><ext:TPX><ext:Watts>51.029411764705884</ext:Watts><ext:Torque>20</ext:Torque></ext:TPX></Extensions></Trackpoint><Trackpoint><Time>2025-09-14T11:04:29.390Z</Time><DistanceMeters>5661.2076913026885</DistanceMeters><HeartRateBpm><Value>156</Value></HeartRateBpm><Cadence>24</Cadence><Extensions><ext:TPX><ext:Watts>52.05714285714286</ext:Watts><ext:Torque>20</ext:Torque></ext:TPX></Extensions></Trackpoint><Trackpoint><Time>2025-09-14T11:04:30.615Z</Time><DistanceMeters>5665.461100836008</DistanceMeters><HeartRateBpm><Value>156</Value></HeartRateBpm><Cadence>24</Cadence><Extensions><ext:TPX><ext:Watts>51.114285714285714</ext:Watts><ext:Torque>20</ext:Torque></ext:TPX></Extensions></Trackpoint><Trackpoint><Time>2025-09-14T11:04:31.805Z</Time><DistanceMeters>5670.090230775446</DistanceMeters><HeartRateBpm><Value>156</Value></HeartRateBpm><Cadence>25</Cadence><Extensions><ext:TPX><ext:Watts>56.76470588235294</ext:Watts><ext:Torque>20</ext:Torque></ext:TPX></Extensions></Trackpoint><Trackpoint><Time>2025-09-14T11:04:32.996Z</Time><DistanceMeters>5674.652202353068</DistanceMeters><HeartRateBpm><Value>156</Value></HeartRateBpm><Cadence>25</Cadence><Extensions><ext:TPX><ext:Watts>55.94117647058823</ext:Watts><ext:Torque>20</ext:Torque></ext:TPX></Extensions></Trackpoint><Trackpoint><Time>2025-09-14T11:04:34.220Z</Time><DistanceMeters>5679.1029472644</DistanceMeters><HeartRateBpm><Value>155</Value></HeartRateBpm><Cadence>24</Cadence><Extensions><ext:TPX><ext:Watts>53.48571428571429</ext:Watts><ext:Torque>20</ext:Torque></ext:TPX></Extensions></Trackpoint><Trackpoint><Time>2025-09-14T11:04:35.411Z</Time><DistanceMeters>5683.69849802293</DistanceMeters><HeartRateBpm><Value>155</Value></HeartRateBpm><Cadence>25</Cadence><Extensions><ext:TPX><ext:Watts>56.35294117647059</ext:Watts><ext:Torque>20</ext:Torque></ext:TPX></Extensions></Trackpoint><Trackpoint><Time>2025-09-14T11:04:36.635Z</Time><DistanceMeters>5688.318047896178</DistanceMeters><HeartRateBpm><Value>155</Value></HeartRateBpm><Cadence>24</Cadence><Extensions><ext:TPX><ext:Watts>55.51428571428571</ext:Watts><ext:Torque>20</ext:Torque></ext:TPX></Extensions></Trackpoint><Trackpoint><Time>2025-09-14T11:04:37.825Z</Time><DistanceMeters>5692.985554042367</DistanceMeters><HeartRateBpm><Value>154</Value></HeartRateBpm><Cadence>25</Cadence><Extensions><ext:TPX><ext:Watts>57.23529411764706</ext:Watts><ext:Torque>20</ext:Torque></ext:TPX></Extensions></Trackpoint><Trackpoint><Time>2025-09-14T11:04:39.016Z</Time><DistanceMeters>5697.715421524528</DistanceMeters><HeartRateBpm><Value>154</Value></HeartRateBpm><Cadence>25</Cadence><Extensions><ext:TPX><ext:Watts>58.0</ext:Watts><ext:Torque>20</ext:Torque></ext:TPX></Extensions></Trackpoint><Trackpoint><Time>2025-09-14T11:04:40.206Z</Time><DistanceMeters>5702.318167821824</DistanceMeters><HeartRateBpm><Value>154</Value></HeartRateBpm><Cadence>25</Cadence><Extensions><ext:TPX><ext:Watts>56.44117647058823</ext:Watts><ext:Torque>20</ext:Torque></ext:TPX></Extensions></Trackpoint><Trackpoint><Time>2025-09-14T11:04:41.360Z</Time><DistanceMeters>5706.885126517223</DistanceMeters><HeartRateBpm><Value>154</Value></HeartRateBpm><Cadence>26</Cadence><Extensions><ext:TPX><ext:Watts>58.24242424242424</ext:Watts><ext:Torque>20</ext:Torque></ext:TPX></Extensions></Trackpoint><Trackpoint><Time>2025-09-14T11:04:42.480Z</Time><DistanceMeters>5711.370817610968</DistanceMeters><HeartRateBpm><Value>154</Value></HeartRateBpm><Cadence>27</Cadence><Extensions><ext:TPX><ext:Watts>59.40625</ext:Watts><ext:Torque>20</ext:Torque></ext:TPX></Extensions></Trackpoint><Trackpoint><Time>2025-09-14T11:04:43.600Z</Time><DistanceMeters>5715.92729814859</DistanceMeters><HeartRateBpm><Value>154</Value></HeartRateBpm><Cadence>27</Cadence><Extensions><ext:TPX><ext:Watts>60.34375</ext:Watts><ext:Torque>20</ext:Torque></ext:TPX></Extensions></Trackpoint><Trackpoint><Time>2025-09-14T11:04:44.755Z</Time><DistanceMeters>5720.401587026548</DistanceMeters><HeartRateBpm><Value>154</Value></HeartRateBpm><Cadence>26</Cadence><Extensions><ext:TPX><ext:Watts>57.06060606060606</ext:Watts><ext:Torque>20</ext:Torque></ext:TPX></Extensions></Trackpoint><Trackpoint><Time>2025-09-14T11:04:45.881Z</Time><DistanceMeters>5724.959892952346</DistanceMeters><HeartRateBpm><Value>154</Value></HeartRateBpm><Cadence>26</Cadence><Extensions><ext:TPX><ext:Watts>59.25</ext:Watts><ext:Torque>20</ext:Torque></ext:TPX></Extensions></Trackpoint><Trackpoint><Time>2025-09-14T11:04:47.036Z</Time><DistanceMeters>5729.531603946076</DistanceMeters><HeartRateBpm><Value>154</Value></HeartRateBpm><Cadence>26</Cadence><Extensions><ext:TPX><ext:Watts>58.303030303030305</ext:Watts><ext:Torque>20</ext:Torque></ext:TPX></Extensions></Trackpoint><Trackpoint><Time>2025-09-14T11:04:48.156Z</Time><DistanceMeters>5734.158873927576</DistanceMeters><HeartRateBpm><Value>153</Value></HeartRateBpm><Cadence>27</Cadence><Extensions><ext:TPX><ext:Watts>61.28125</ext:Watts><ext:Torque>20</ext:Torque></ext:TPX></Extensions></Trackpoint><Trackpoint><Time>2025-09-14T11:04:49.276Z</Time><DistanceMeters>5738.724793057715</DistanceMeters><HeartRateBpm><Value>153</Value></HeartRateBpm><Cadence>27</Cadence><Extensions><ext:TPX><ext:Watts>60.46875</ext:Watts><ext:Torque>20</ext:Torque></ext:TPX></Extensions></Trackpoint><Trackpoint><Time>2025-09-14T11:04:50.436Z</Time><DistanceMeters>5743.30363249894</DistanceMeters><HeartRateBpm><Value>153</Value></HeartRateBpm><Cadence>26</Cadence><Extensions><ext:TPX><ext:Watts>58.39393939393939</ext:Watts><ext:Torque>20</ext:Torque></ext:TPX></Extensions></Trackpoint><Trackpoint><Time>2025-09-14T11:04:51.556Z</Time><DistanceMeters>5747.949779665474</DistanceMeters><HeartRateBpm><Value>152</Value></HeartRateBpm><Cadence>27</Cadence><Extensions><ext:TPX><ext:Watts>61.53125</ext:Watts><ext:Torque>20</ext:Torque></ext:TPX></Extensions></Trackpoint><Trackpoint><Time>2025-09-14T11:04:52.676Z</Time><DistanceMeters>5752.6832338127915</DistanceMeters><HeartRateBpm><Value>152</Value></HeartRateBpm><Cadence>27</Cadence><Extensions><ext:TPX><ext:Watts>62.6875</ext:Watts><ext:Torque>20</ext:Torque></ext:TPX></Extensions></Trackpoint><Trackpoint><Time>2025-09-14T11:04:53.796Z</Time><DistanceMeters>5757.355337108748</DistanceMeters><HeartRateBpm><Value>152</Value></HeartRateBpm><Cadence>27</Cadence><Extensions><ext:TPX><ext:Watts>61.875</ext:Watts><ext:Torque>20</ext:Torque></ext:TPX></Extensions></Trackpoint><Trackpoint><Time>2025-09-14T11:04:54.951Z</Time><DistanceMeters>5762.024470218248</DistanceMeters><HeartRateBpm><Value>152</Value></HeartRateBpm><Cadence>26</Cadence><Extensions><ext:TPX><ext:Watts>59.54545454545455</ext:Watts><ext:Torque>20</ext:Torque></ext:TPX></Extensions></Trackpoint><Trackpoint><Time>2025-09-14T11:04:56.071Z</Time><DistanceMeters>5766.498363071346</DistanceMeters><HeartRateBpm><Value>153</Value></HeartRateBpm><Cadence>27</Cadence><Extensions><ext:TPX><ext:Watts>59.25</ext:Watts><ext:Torque>20</ext:Torque></ext:TPX></Extensions></Trackpoint><Trackpoint><Time>2025-09-14T11:04:57.191Z</Time><DistanceMeters>5771.005290998253</DistanceMeters><HeartRateBpm><Value>153</Value></HeartRateBpm><Cadence>27</Cadence><Extensions><ext:TPX><ext:Watts>59.6875</ext:Watts><ext:Torque>20</ext:Torque></ext:TPX></Extensions></Trackpoint><Trackpoint><Time>2025-09-14T11:04:58.310Z</Time><DistanceMeters>5775.592446961556</DistanceMeters><HeartRateBpm><Value>153</Value></HeartRateBpm><Cadence>27</Cadence><Extensions><ext:TPX><ext:Watts>60.75</ext:Watts><ext:Torque>20</ext:Torque></ext:TPX></Extensions></Trackpoint><Trackpoint><Time>2025-09-14T11:04:59.396Z</Time><DistanceMeters>5780.11473405265</DistanceMeters><HeartRateBpm><Value>153</Value></HeartRateBpm><Cadence>28</Cadence><Extensions><ext:TPX><ext:Watts>61.0</ext:Watts><ext:Torque>20</ext:Torque></ext:TPX></Extensions></Trackpoint><Trackpoint><Time>2025-09-14T11:05:00.516Z</Time><DistanceMeters>5784.786837348607</DistanceMeters><HeartRateBpm><Value>153</Value></HeartRateBpm><Cadence>27</Cadence><Extensions><ext:TPX><ext:Watts>61.875</ext:Watts><ext:Torque>20</ext:Torque></ext:TPX></Extensions></Trackpoint><Trackpoint><Time>2025-09-14T11:05:01.671Z</Time><DistanceMeters>5789.363300640667</DistanceMeters><HeartRateBpm><Value>153</Value></HeartRateBpm><Cadence>26</Cadence><Extensions><ext:TPX><ext:Watts>58.36363636363637</ext:Watts><ext:Torque>20</ext:Torque></ext:TPX></Extensions></Trackpoint><Trackpoint><Time>2025-09-14T11:05:02.791Z</Time><DistanceMeters>5793.747526864852</DistanceMeters><HeartRateBpm><Value>153</Value></HeartRateBpm><Cadence>27</Cadence><Extensions><ext:TPX><ext:Watts>58.0625</ext:Watts><ext:Torque>20</ext:Torque></ext:TPX></Extensions></Trackpoint><Trackpoint><Time>2025-09-14T11:05:03.911Z</Time><DistanceMeters>5798.098718015228</DistanceMeters><HeartRateBpm><Value>153</Value></HeartRateBpm><Cadence>27</Cadence><Extensions><ext:TPX><ext:Watts>57.625</ext:Watts><ext:Torque>20</ext:Torque></ext:TPX></Extensions></Trackpoint><Trackpoint><Time>2025-09-14T11:05:05.031Z</Time><DistanceMeters>5802.447549517474</DistanceMeters><HeartRateBpm><Value>153</Value></HeartRateBpm><Cadence>27</Cadence><Extensions><ext:TPX><ext:Watts>57.59375</ext:Watts><ext:Torque>20</ext:Torque></ext:TPX></Extensions></Trackpoint><Trackpoint><Time>2025-09-14T11:05:06.116Z</Time><DistanceMeters>5806.8383052547815</DistanceMeters><HeartRateBpm><Value>154</Value></HeartRateBpm><Cadence>28</Cadence><Extensions><ext:TPX><ext:Watts>59.225806451612904</ext:Watts><ext:Torque>20</ext:Torque></ext:TPX></Extensions></Trackpoint><Trackpoint><Time>2025-09-14T11:05:07.201Z</Time><DistanceMeters>5811.351026429237</DistanceMeters><HeartRateBpm><Value>154</Value></HeartRateBpm><Cadence>28</Cadence><Extensions><ext:TPX><ext:Watts>60.87096774193548</ext:Watts><ext:Torque>20</ext:Torque></ext:TPX></Extensions></Trackpoint><Trackpoint><Time>2025-09-14T11:05:08.286Z</Time><DistanceMeters>5815.959406770083</DistanceMeters><HeartRateBpm><Value>154</Value></HeartRateBpm><Cadence>28</Cadence><Extensions><ext:TPX><ext:Watts>62.16129032258065</ext:Watts><ext:Torque>20</ext:Torque></ext:TPX></Extensions></Trackpoint><Trackpoint><Time>2025-09-14T11:05:09.371Z</Time><DistanceMeters>5820.414732444704</DistanceMeters><HeartRateBpm><Value>154</Value></HeartRateBpm><Cadence>28</Cadence><Extensions><ext:TPX><ext:Watts>60.096774193548384</ext:Watts><ext:Torque>20</ext:Torque></ext:TPX></Extensions></Trackpoint><Trackpoint><Time>2025-09-14T11:05:10.421Z</Time><DistanceMeters>5824.935718906781</DistanceMeters><HeartRateBpm><Value>154</Value></HeartRateBpm><Cadence>28</Cadence><Extensions><ext:TPX><ext:Watts>63.2</ext:Watts><ext:Torque>20</ext:Torque></ext:TPX></Extensions></Trackpoint><Trackpoint><Time>2025-09-14T11:05:11.507Z</Time><DistanceMeters>5829.501052622752</DistanceMeters><HeartRateBpm><Value>154</Value></HeartRateBpm><Cadence>28</Cadence><Extensions><ext:TPX><ext:Watts>61.58064516129032</ext:Watts><ext:Torque>20</ext:Torque></ext:TPX></Extensions></Trackpoint><Trackpoint><Time>2025-09-14T11:05:12.556Z</Time><DistanceMeters>5833.962426921564</DistanceMeters><HeartRateBpm><Value>154</Value></HeartRateBpm><Cadence>28</Cadence><Extensions><ext:TPX><ext:Watts>62.36666666666667</ext:Watts><ext:Torque>20</ext:Torque></ext:TPX></Extensions></Trackpoint><Trackpoint><Time>2025-09-14T11:05:13.651Z</Time><DistanceMeters>5838.257523492482</DistanceMeters><HeartRateBpm><Value>155</Value></HeartRateBpm><Cadence>28</Cadence><Extensions><ext:TPX><ext:Watts>57.935483870967744</ext:Watts><ext:Torque>20</ext:Torque></ext:TPX></Extensions></Trackpoint><Trackpoint><Time>2025-09-14T11:05:14.701Z</Time><DistanceMeters>5842.721282277824</DistanceMeters><HeartRateBpm><Value>155</Value></HeartRateBpm><Cadence>28</Cadence><Extensions><ext:TPX><ext:Watts>62.4</ext:Watts><ext:Torque>20</ext:Torque></ext:TPX></Extensions></Trackpoint><Trackpoint><Time>2025-09-14T11:05:15.751Z</Time><DistanceMeters>5847.251806686024</DistanceMeters><HeartRateBpm><Value>155</Value></HeartRateBpm><Cadence>28</Cadence><Extensions><ext:TPX><ext:Watts>63.333333333333336</ext:Watts><ext:Torque>20</ext:Torque></ext:TPX></Extensions></Trackpoint><Trackpoint><Time>2025-09-14T11:05:16.836Z</Time><DistanceMeters>5851.788442652077</DistanceMeters><HeartRateBpm><Value>155</Value></HeartRateBpm><Cadence>28</Cadence><Extensions><ext:TPX><ext:Watts>61.193548387096776</ext:Watts><ext:Torque>20</ext:Torque></ext:TPX></Extensions></Trackpoint><Trackpoint><Time>2025-09-14T11:05:17.921Z</Time><DistanceMeters>5856.258117201656</DistanceMeters><HeartRateBpm><Value>155</Value></HeartRateBpm><Cadence>28</Cadence><Extensions><ext:TPX><ext:Watts>60.29032258064516</ext:Watts><ext:Torque>20</ext:Torque></ext:TPX></Extensions></Trackpoint><Trackpoint><Time>2025-09-14T11:05:19.006Z</Time><DistanceMeters>5860.964548188052</DistanceMeters><HeartRateBpm><Value>156</Value></HeartRateBpm><Cadence>28</Cadence><Extensions><ext:TPX><ext:Watts>63.483870967741936</ext:Watts><ext:Torque>20</ext:Torque></ext:TPX></Extensions></Trackpoint><Trackpoint><Time>2025-09-14T11:05:20.091Z</Time><DistanceMeters>5865.7355491117605</DistanceMeters><HeartRateBpm><Value>156</Value></HeartRateBpm><Cadence>28</Cadence><Extensions><ext:TPX><ext:Watts>64.35483870967742</ext:Watts><ext:Torque>20</ext:Torque></ext:TPX></Extensions></Trackpoint><Trackpoint><Time>2025-09-14T11:05:21.176Z</Time><DistanceMeters>5870.441980098156</DistanceMeters><HeartRateBpm><Value>156</Value></HeartRateBpm><Cadence>28</Cadence><Extensions><ext:TPX><ext:Watts>63.483870967741936</ext:Watts><ext:Torque>20</ext:Torque></ext:TPX></Extensions></Trackpoint><Trackpoint><Time>2025-09-14T11:05:22.261Z</Time><DistanceMeters>5875.220155459344</DistanceMeters><HeartRateBpm><Value>156</Value></HeartRateBpm><Cadence>28</Cadence><Extensions><ext:TPX><ext:Watts>64.45161290322581</ext:Watts><ext:Torque>20</ext:Torque></ext:TPX></Extensions></Trackpoint><Trackpoint><Time>2025-09-14T11:05:23.351Z</Time><DistanceMeters>5880.151385486756</DistanceMeters><HeartRateBpm><Value>156</Value></HeartRateBpm><Cadence>28</Cadence><Extensions><ext:TPX><ext:Watts>66.51612903225806</ext:Watts><ext:Torque>20</ext:Torque></ext:TPX></Extensions></Trackpoint><Trackpoint><Time>2025-09-14T11:05:24.436Z</Time><DistanceMeters>5884.919994931305</DistanceMeters><HeartRateBpm><Value>156</Value></HeartRateBpm><Cadence>28</Cadence><Extensions><ext:TPX><ext:Watts>64.3225806451613</ext:Watts><ext:Torque>20</ext:Torque></ext:TPX></Extensions></Trackpoint><Trackpoint><Time>2025-09-14T11:05:25.556Z</Time><DistanceMeters>5889.627492949201</DistanceMeters><HeartRateBpm><Value>157</Value></HeartRateBpm><Cadence>27</Cadence><Extensions><ext:TPX><ext:Watts>62.34375</ext:Watts><ext:Torque>20</ext:Torque></ext:TPX></Extensions></Trackpoint><Trackpoint><Time>2025-09-14T11:05:26.711Z</Time><DistanceMeters>5894.548497870206</DistanceMeters><HeartRateBpm><Value>157</Value></HeartRateBpm><Cadence>26</Cadence><Extensions><ext:TPX><ext:Watts>62.75757575757576</ext:Watts><ext:Torque>20</ext:Torque></ext:TPX></Extensions></Trackpoint><Trackpoint><Time>2025-09-14T11:05:27.831Z</Time><DistanceMeters>5899.4211712571505</DistanceMeters><HeartRateBpm><Value>157</Value></HeartRateBpm><Cadence>27</Cadence><Extensions><ext:TPX><ext:Watts>64.53125</ext:Watts><ext:Torque>20</ext:Torque></ext:TPX></Extensions></Trackpoint><Trackpoint><Time>2025-09-14T11:05:28.951Z</Time><DistanceMeters>5904.107432441882</DistanceMeters><HeartRateBpm><Value>157</Value></HeartRateBpm><Cadence>27</Cadence><Extensions><ext:TPX><ext:Watts>62.0625</ext:Watts><ext:Torque>20</ext:Torque></ext:TPX></Extensions></Trackpoint><Trackpoint><Time>2025-09-14T11:05:30.106Z</Time><DistanceMeters>5908.914382202961</DistanceMeters><HeartRateBpm><Value>157</Value></HeartRateBpm><Cadence>26</Cadence><Extensions><ext:TPX><ext:Watts>61.303030303030305</ext:Watts><ext:Torque>20</ext:Torque></ext:TPX></Extensions></Trackpoint><Trackpoint><Time>2025-09-14T11:05:31.226Z</Time><DistanceMeters>5913.794134534293</DistanceMeters><HeartRateBpm><Value>157</Value></HeartRateBpm><Cadence>27</Cadence><Extensions><ext:TPX><ext:Watts>64.625</ext:Watts><ext:Torque>20</ext:Torque></ext:TPX></Extensions></Trackpoint><Trackpoint><Time>2025-09-14T11:05:32.381Z</Time><DistanceMeters>5918.463267643793</DistanceMeters><HeartRateBpm><Value>157</Value></HeartRateBpm><Cadence>26</Cadence><Extensions><ext:TPX><ext:Watts>59.54545454545455</ext:Watts><ext:Torque>20</ext:Torque></ext:TPX></Extensions></Trackpoint><Trackpoint><Time>2025-09-14T11:05:33.501Z</Time><DistanceMeters>5922.925362256245</DistanceMeters><HeartRateBpm><Value>157</Value></HeartRateBpm><Cadence>27</Cadence><Extensions><ext:TPX><ext:Watts>59.09375</ext:Watts><ext:Torque>20</ext:Torque></ext:TPX></Extensions></Trackpoint><Trackpoint><Time>2025-09-14T11:05:34.621Z</Time><DistanceMeters>5927.34262355424</DistanceMeters><HeartRateBpm><Value>157</Value></HeartRateBpm><Cadence>27</Cadence><Extensions><ext:TPX><ext:Watts>58.5</ext:Watts><ext:Torque>20</ext:Torque></ext:TPX></Extensions></Trackpoint><Trackpoint><Time>2025-09-14T11:05:35.741Z</Time><DistanceMeters>5931.960454943223</DistanceMeters><HeartRateBpm><Value>157</Value></HeartRateBpm><Cadence>27</Cadence><Extensions><ext:TPX><ext:Watts>61.15625</ext:Watts><ext:Torque>20</ext:Torque></ext:TPX></Extensions></Trackpoint><Trackpoint><Time>2025-09-14T11:05:36.867Z</Time><DistanceMeters>5936.586077623199</DistanceMeters><HeartRateBpm><Value>156</Value></HeartRateBpm><Cadence>26</Cadence><Extensions><ext:TPX><ext:Watts>60.125</ext:Watts><ext:Torque>20</ext:Torque></ext:TPX></Extensions></Trackpoint><Trackpoint><Time>2025-09-14T11:05:37.986Z</Time><DistanceMeters>5941.274698456061</DistanceMeters><HeartRateBpm><Value>156</Value></HeartRateBpm><Cadence>27</Cadence><Extensions><ext:TPX><ext:Watts>62.09375</ext:Watts><ext:Torque>20</ext:Torque></ext:TPX></Extensions></Trackpoint><Trackpoint><Time>2025-09-14T11:05:39.141Z</Time><DistanceMeters>5945.9723453555425</DistanceMeters><HeartRateBpm><Value>156</Value></HeartRateBpm><Cadence>26</Cadence><Extensions><ext:TPX><ext:Watts>59.90909090909091</ext:Watts><ext:Torque>20</ext:Torque></ext:TPX></Extensions></Trackpoint><Trackpoint><Time>2025-09-14T11:05:40.261Z</Time><DistanceMeters>5950.4887118749675</DistanceMeters><HeartRateBpm><Value>156</Value></HeartRateBpm><Cadence>27</Cadence><Extensions><ext:TPX><ext:Watts>59.8125</ext:Watts><ext:Torque>20</ext:Torque></ext:TPX></Extensions></Trackpoint><Trackpoint><Time>2025-09-14T11:05:41.416Z</Time><DistanceMeters>5954.882211681312</DistanceMeters><HeartRateBpm><Value>156</Value></HeartRateBpm><Cadence>26</Cadence><Extensions><ext:TPX><ext:Watts>56.03030303030303</ext:Watts><ext:Torque>20</ext:Torque></ext:TPX></Extensions></Trackpoint><Trackpoint><Time>2025-09-14T11:05:42.536Z</Time><DistanceMeters>5959.285315090531</DistanceMeters><HeartRateBpm><Value>156</Value></HeartRateBpm><Cadence>27</Cadence><Extensions><ext:TPX><ext:Watts>58.3125</ext:Watts><ext:Torque>20</ext:Torque></ext:TPX></Extensions></Trackpoint><Trackpoint><Time>2025-09-14T11:05:43.691Z</Time><DistanceMeters>5963.975833542518</DistanceMeters><HeartRateBpm><Value>156</Value></HeartRateBpm><Cadence>26</Cadence><Extensions><ext:TPX><ext:Watts>59.81818181818182</ext:Watts><ext:Torque>20</ext:Torque></ext:TPX></Extensions></Trackpoint><Trackpoint><Time>2025-09-14T11:05:44.851Z</Time><DistanceMeters>5968.7447649169535</DistanceMeters><HeartRateBpm><Value>156</Value></HeartRateBpm><Cadence>26</Cadence><Extensions><ext:TPX><ext:Watts>60.81818181818182</ext:Watts><ext:Torque>20</ext:Torque></ext:TPX></Extensions></Trackpoint><Trackpoint><Time>2025-09-14T11:05:46.007Z</Time><DistanceMeters>5973.558843125527</DistanceMeters><HeartRateBpm><Value>156</Value></HeartRateBpm><Cadence>26</Cadence><Extensions><ext:TPX><ext:Watts>61.39393939393939</ext:Watts><ext:Torque>20</ext:Torque></ext:TPX></Extensions></Trackpoint><Trackpoint><Time>2025-09-14T11:05:47.161Z</Time><DistanceMeters>5978.401435124083</DistanceMeters><HeartRateBpm><Value>156</Value></HeartRateBpm><Cadence>26</Cadence><Extensions><ext:TPX><ext:Watts>61.75757575757576</ext:Watts><ext:Torque>20</ext:Torque></ext:TPX></Extensions></Trackpoint><Trackpoint><Time>2025-09-14T11:05:48.316Z</Time><DistanceMeters>5983.296302404271</DistanceMeters><HeartRateBpm><Value>157</Value></HeartRateBpm><Cadence>26</Cadence><Extensions><ext:TPX><ext:Watts>62.42424242424242</ext:Watts><ext:Torque>20</ext:Torque></ext:TPX></Extensions></Trackpoint><Trackpoint><Time>2025-09-14T11:05:49.471Z</Time><DistanceMeters>5987.958307066276</DistanceMeters><HeartRateBpm><Value>158</Value></HeartRateBpm><Cadence>26</Cadence><Extensions><ext:TPX><ext:Watts>59.45454545454545</ext:Watts><ext:Torque>20</ext:Torque></ext:TPX></Extensions></Trackpoint><Trackpoint><Time>2025-09-14T11:05:50.661Z</Time><DistanceMeters>5992.5898355186355</DistanceMeters><HeartRateBpm><Value>159</Value></HeartRateBpm><Cadence>25</Cadence><Extensions><ext:TPX><ext:Watts>56.794117647058826</ext:Watts><ext:Torque>20</ext:Torque></ext:TPX></Extensions></Trackpoint><Trackpoint><Time>2025-09-14T11:05:51.816Z</Time><DistanceMeters>5997.456189008843</DistanceMeters><HeartRateBpm><Value>159</Value></HeartRateBpm><Cadence>26</Cadence><Extensions><ext:TPX><ext:Watts>62.06060606060606</ext:Watts><ext:Torque>20</ext:Torque></ext:TPX></Extensions></Trackpoint><Trackpoint><Time>2025-09-14T11:05:53.011Z</Time><DistanceMeters>6002.51944978716</DistanceMeters><HeartRateBpm><Value>160</Value></HeartRateBpm><Cadence>25</Cadence><Extensions><ext:TPX><ext:Watts>62.088235294117645</ext:Watts><ext:Torque>20</ext:Torque></ext:TPX></Extensions></Trackpoint><Trackpoint><Time>2025-09-14T11:05:54.167Z</Time><DistanceMeters>6007.60440900056</DistanceMeters><HeartRateBpm><Value>160</Value></HeartRateBpm><Cadence>26</Cadence><Extensions><ext:TPX><ext:Watts>64.84848484848484</ext:Watts><ext:Torque>20</ext:Torque></ext:TPX></Extensions></Trackpoint><Trackpoint><Time>2025-09-14T11:05:55.322Z</Time><DistanceMeters>6011.912367436958</DistanceMeters><HeartRateBpm><Value>160</Value></HeartRateBpm><Cadence>26</Cadence><Extensions><ext:TPX><ext:Watts>54.93939393939394</ext:Watts><ext:Torque>20</ext:Torque></ext:TPX></Extensions></Trackpoint><Trackpoint><Time>2025-09-14T11:05:56.511Z</Time><DistanceMeters>6016.92046241807</DistanceMeters><HeartRateBpm><Value>160</Value></HeartRateBpm><Cadence>25</Cadence><Extensions><ext:TPX><ext:Watts>61.411764705882355</ext:Watts><ext:Torque>20</ext:Torque></ext:TPX></Extensions></Trackpoint><Trackpoint><Time>2025-09-14T11:05:57.672Z</Time><DistanceMeters>6021.701274538332</DistanceMeters><HeartRateBpm><Value>160</Value></HeartRateBpm><Cadence>26</Cadence><Extensions><ext:TPX><ext:Watts>60.96969696969697</ext:Watts><ext:Torque>20</ext:Torque></ext:TPX></Extensions></Trackpoint><Trackpoint><Time>2025-09-14T11:05:58.827Z</Time><DistanceMeters>6026.717325425942</DistanceMeters><HeartRateBpm><Value>160</Value></HeartRateBpm><Cadence>26</Cadence><Extensions><ext:TPX><ext:Watts>63.96969696969697</ext:Watts><ext:Torque>20</ext:Torque></ext:TPX></Extensions></Trackpoint><Trackpoint><Time>2025-09-14T11:06:00.017Z</Time><DistanceMeters>6031.675051635692</DistanceMeters><HeartRateBpm><Value>160</Value></HeartRateBpm><Cadence>25</Cadence><Extensions><ext:TPX><ext:Watts>60.794117647058826</ext:Watts><ext:Torque>20</ext:Torque></ext:TPX></Extensions></Trackpoint><Trackpoint><Time>2025-09-14T11:06:01.242Z</Time><DistanceMeters>6036.772485978587</DistanceMeters><HeartRateBpm><Value>160</Value></HeartRateBpm><Cadence>24</Cadence><Extensions><ext:TPX><ext:Watts>61.25714285714286</ext:Watts><ext:Torque>20</ext:Torque></ext:TPX></Extensions></Trackpoint><Trackpoint><Time>2025-09-14T11:06:02.432Z</Time><DistanceMeters>6041.962867941769</DistanceMeters><HeartRateBpm><Value>160</Value></HeartRateBpm><Cadence>25</Cadence><Extensions><ext:TPX><ext:Watts>63.64705882352941</ext:Watts><ext:Torque>20</ext:Torque></ext:TPX></Extensions></Trackpoint><Trackpoint><Time>2025-09-14T11:06:03.622Z</Time><DistanceMeters>6047.0693019526825</DistanceMeters><HeartRateBpm><Value>160</Value></HeartRateBpm><Cadence>25</Cadence><Extensions><ext:TPX><ext:Watts>62.61764705882353</ext:Watts><ext:Torque>20</ext:Torque></ext:TPX></Extensions></Trackpoint><Trackpoint><Time>2025-09-14T11:06:04.847Z</Time><DistanceMeters>6051.9741559869135</DistanceMeters><HeartRateBpm><Value>160</Value></HeartRateBpm><Cadence>24</Cadence><Extensions><ext:TPX><ext:Watts>58.94285714285714</ext:Watts><ext:Torque>20</ext:Torque></ext:TPX></Extensions></Trackpoint><Trackpoint><Time>2025-09-14T11:06:06.072Z</Time><DistanceMeters>6057.095365676556</DistanceMeters><HeartRateBpm><Value>160</Value></HeartRateBpm><Cadence>24</Cadence><Extensions><ext:TPX><ext:Watts>61.542857142857144</ext:Watts><ext:Torque>20</ext:Torque></ext:TPX></Extensions></Trackpoint><Trackpoint><Time>2025-09-14T11:06:07.297Z</Time><DistanceMeters>6061.983576968062</DistanceMeters><HeartRateBpm><Value>160</Value></HeartRateBpm><Cadence>24</Cadence><Extensions><ext:TPX><ext:Watts>58.74285714285714</ext:Watts><ext:Torque>20</ext:Torque></ext:TPX></Extensions></Trackpoint><Trackpoint><Time>2025-09-14T11:06:08.492Z</Time><DistanceMeters>6066.586323265358</DistanceMeters><HeartRateBpm><Value>160</Value></HeartRateBpm><Cadence>25</Cadence><Extensions><ext:TPX><ext:Watts>56.44117647058823</ext:Watts><ext:Torque>20</ext:Torque></ext:TPX></Extensions></Trackpoint><Trackpoint><Time>2025-09-14T11:06:09.718Z</Time><DistanceMeters>6071.6314518454055</DistanceMeters><HeartRateBpm><Value>159</Value></HeartRateBpm><Cadence>24</Cadence><Extensions><ext:TPX><ext:Watts>60.628571428571426</ext:Watts><ext:Torque>20</ext:Torque></ext:TPX></Extensions></Trackpoint><Trackpoint><Time>2025-09-14T11:06:10.942Z</Time><DistanceMeters>6076.614764523906</DistanceMeters><HeartRateBpm><Value>159</Value></HeartRateBpm><Cadence>24</Cadence><Extensions><ext:TPX><ext:Watts>59.885714285714286</ext:Watts><ext:Torque>20</ext:Torque></ext:TPX></Extensions></Trackpoint><Trackpoint><Time>2025-09-14T11:06:12.132Z</Time><DistanceMeters>6082.080975473118</DistanceMeters><HeartRateBpm><Value>159</Value></HeartRateBpm><Cadence>25</Cadence><Extensions><ext:TPX><ext:Watts>67.02941176470588</ext:Watts><ext:Torque>20</ext:Torque></ext:TPX></Extensions></Trackpoint><Trackpoint><Time>2025-09-14T11:06:13.322Z</Time><DistanceMeters>6087.223387177861</DistanceMeters><HeartRateBpm><Value>159</Value></HeartRateBpm><Cadence>25</Cadence><Extensions><ext:TPX><ext:Watts>63.05882352941177</ext:Watts><ext:Torque>20</ext:Torque></ext:TPX></Extensions></Trackpoint><Trackpoint><Time>2025-09-14T11:06:14.512Z</Time><DistanceMeters>6092.519303709611</DistanceMeters><HeartRateBpm><Value>159</Value></HeartRateBpm><Cadence>25</Cadence><Extensions><ext:TPX><ext:Watts>64.94117647058823</ext:Watts><ext:Torque>20</ext:Torque></ext:TPX></Extensions></Trackpoint><Trackpoint><Time>2025-09-14T11:06:15.702Z</Time><DistanceMeters>6097.860791986879</DistanceMeters><HeartRateBpm><Value>159</Value></HeartRateBpm><Cadence>25</Cadence><Extensions><ext:TPX><ext:Watts>65.5</ext:Watts><ext:Torque>20</ext:Torque></ext:TPX></Extensions></Trackpoint><Trackpoint><Time>2025-09-14T11:06:16.892Z</Time><DistanceMeters>6103.187889186615</DistanceMeters><HeartRateBpm><Value>158</Value></HeartRateBpm><Cadence>25</Cadence><Extensions><ext:TPX><ext:Watts>65.32352941176471</ext:Watts><ext:Torque>20</ext:Torque></ext:TPX></Extensions></Trackpoint><Trackpoint><Time>2025-09-14T11:06:18.117Z</Time><DistanceMeters>6108.542097274394</DistanceMeters><HeartRateBpm><Value>158</Value></HeartRateBpm><Cadence>24</Cadence><Extensions><ext:TPX><ext:Watts>64.34285714285714</ext:Watts><ext:Torque>20</ext:Torque></ext:TPX></Extensions></Trackpoint><Trackpoint><Time>2025-09-14T11:06:19.307Z</Time><DistanceMeters>6114.068271046655</DistanceMeters><HeartRateBpm><Value>158</Value></HeartRateBpm><Cadence>25</Cadence><Extensions><ext:TPX><ext:Watts>67.76470588235294</ext:Watts><ext:Torque>20</ext:Torque></ext:TPX></Extensions></Trackpoint><Trackpoint><Time>2025-09-14T11:06:20.567Z</Time><DistanceMeters>6119.55445294721</DistanceMeters><HeartRateBpm><Value>158</Value></HeartRateBpm><Cadence>24</Cadence><Extensions><ext:TPX><ext:Watts>64.58333333333333</ext:Watts><ext:Torque>20</ext:Torque></ext:TPX></Extensions></Trackpoint><Trackpoint><Time>2025-09-14T11:06:21.792Z</Time><DistanceMeters>6124.70419305295</DistanceMeters><HeartRateBpm><Value>158</Value></HeartRateBpm><Cadence>24</Cadence><Extensions><ext:TPX><ext:Watts>61.885714285714286</ext:Watts><ext:Torque>20</ext:Torque></ext:TPX></Extensions></Trackpoint><Trackpoint><Time>2025-09-14T11:06:22.982Z</Time><DistanceMeters>6130.1200352308</DistanceMeters><HeartRateBpm><Value>158</Value></HeartRateBpm><Cadence>25</Cadence><Extensions><ext:TPX><ext:Watts>66.41176470588235</ext:Watts><ext:Torque>20</ext:Torque></ext:TPX></Extensions></Trackpoint><Trackpoint><Time>2025-09-14T11:06:24.172Z</Time><DistanceMeters>6135.3248082715145</DistanceMeters><HeartRateBpm><Value>158</Value></HeartRateBpm><Cadence>25</Cadence><Extensions><ext:TPX><ext:Watts>63.8235294117647</ext:Watts><ext:Torque>20</ext:Torque></ext:TPX></Extensions></Trackpoint><Trackpoint><Time>2025-09-14T11:06:25.362Z</Time><DistanceMeters>6140.697477216769</DistanceMeters><HeartRateBpm><Value>158</Value></HeartRateBpm><Cadence>25</Cadence><Extensions><ext:TPX><ext:Watts>65.88235294117646</ext:Watts><ext:Torque>20</ext:Torque></ext:TPX></Extensions></Trackpoint><Trackpoint><Time>2025-09-14T11:06:26.587Z</Time><DistanceMeters>6146.011267215074</DistanceMeters><HeartRateBpm><Value>158</Value></HeartRateBpm><Cadence>24</Cadence><Extensions><ext:TPX><ext:Watts>63.857142857142854</ext:Watts><ext:Torque>20</ext:Torque></ext:TPX></Extensions></Trackpoint><Trackpoint><Time>2025-09-14T11:06:27.777Z</Time><DistanceMeters>6151.225634307477</DistanceMeters><HeartRateBpm><Value>158</Value></HeartRateBpm><Cadence>25</Cadence><Extensions><ext:TPX><ext:Watts>63.94117647058823</ext:Watts><ext:Torque>20</ext:Torque></ext:TPX></Extensions></Trackpoint><Trackpoint><Time>2025-09-14T11:06:28.967Z</Time><DistanceMeters>6156.45199396449</DistanceMeters><HeartRateBpm><Value>158</Value></HeartRateBpm><Cadence>25</Cadence><Extensions><ext:TPX><ext:Watts>64.08823529411765</ext:Watts><ext:Torque>20</ext:Torque></ext:TPX></Extensions></Trackpoint><Trackpoint><Time>2025-09-14T11:06:30.157Z</Time><DistanceMeters>6161.803076293446</DistanceMeters><HeartRateBpm><Value>158</Value></HeartRateBpm><Cadence>25</Cadence><Extensions><ext:TPX><ext:Watts>65.61764705882354</ext:Watts><ext:Torque>20</ext:Torque></ext:TPX></Extensions></Trackpoint><Trackpoint><Time>2025-09-14T11:06:31.382Z</Time><DistanceMeters>6167.22385535212</DistanceMeters><HeartRateBpm><Value>158</Value></HeartRateBpm><Cadence>24</Cadence><Extensions><ext:TPX><ext:Watts>65.14285714285714</ext:Watts><ext:Torque>20</ext:Torque></ext:TPX></Extensions></Trackpoint><Trackpoint><Time>2025-09-14T11:06:32.608Z</Time><DistanceMeters>6172.485339587579</DistanceMeters><HeartRateBpm><Value>158</Value></HeartRateBpm><Cadence>24</Cadence><Extensions><ext:TPX><ext:Watts>63.22857142857143</ext:Watts><ext:Torque>20</ext:Torque></ext:TPX></Extensions></Trackpoint><Trackpoint><Time>2025-09-14T11:06:33.832Z</Time><DistanceMeters>6177.620814485271</DistanceMeters><HeartRateBpm><Value>158</Value></HeartRateBpm><Cadence>24</Cadence><Extensions><ext:TPX><ext:Watts>61.714285714285715</ext:Watts><ext:Torque>20</ext:Torque></ext:TPX></Extensions></Trackpoint><Trackpoint><Time>2025-09-14T11:06:35.057Z</Time><DistanceMeters>6182.946492156951</DistanceMeters><HeartRateBpm><Value>158</Value></HeartRateBpm><Cadence>24</Cadence><Extensions><ext:TPX><ext:Watts>64.0</ext:Watts><ext:Torque>20</ext:Torque></ext:TPX></Extensions></Trackpoint><Trackpoint><Time>2025-09-14T11:06:36.252Z</Time><DistanceMeters>6188.204032481949</DistanceMeters><HeartRateBpm><Value>159</Value></HeartRateBpm><Cadence>25</Cadence><Extensions><ext:TPX><ext:Watts>64.47058823529412</ext:Watts><ext:Torque>20</ext:Torque></ext:TPX></Extensions></Trackpoint><Trackpoint><Time>2025-09-14T11:06:37.442Z</Time><DistanceMeters>6193.6606493794725</DistanceMeters><HeartRateBpm><Value>159</Value></HeartRateBpm><Cadence>25</Cadence><Extensions><ext:TPX><ext:Watts>66.91176470588235</ext:Watts><ext:Torque>20</ext:Torque></ext:TPX></Extensions></Trackpoint><Trackpoint><Time>2025-09-14T11:06:38.632Z</Time><DistanceMeters>6199.057303453947</DistanceMeters><HeartRateBpm><Value>159</Value></HeartRateBpm><Cadence>25</Cadence><Extensions><ext:TPX><ext:Watts>66.17647058823529</ext:Watts><ext:Torque>20</ext:Torque></ext:TPX></Extensions></Trackpoint><Trackpoint><Time>2025-09-14T11:06:39.857Z</Time><DistanceMeters>6204.183268212939</DistanceMeters><HeartRateBpm><Value>159</Value></HeartRateBpm><Cadence>24</Cadence><Extensions><ext:TPX><ext:Watts>61.6</ext:Watts><ext:Torque>20</ext:Torque></ext:TPX></Extensions></Trackpoint><Trackpoint><Time>2025-09-14T11:06:41.052Z</Time><DistanceMeters>6209.582320800335</DistanceMeters><HeartRateBpm><Value>159</Value></HeartRateBpm><Cadence>25</Cadence><Extensions><ext:TPX><ext:Watts>66.20588235294117</ext:Watts><ext:Torque>20</ext:Torque></ext:TPX></Extensions></Trackpoint><Trackpoint><Time>2025-09-14T11:06:42.278Z</Time><DistanceMeters>6214.869957917217</DistanceMeters><HeartRateBpm><Value>159</Value></HeartRateBpm><Cadence>24</Cadence><Extensions><ext:TPX><ext:Watts>63.542857142857144</ext:Watts><ext:Torque>20</ext:Torque></ext:TPX></Extensions></Trackpoint><Trackpoint><Time>2025-09-14T11:06:43.507Z</Time><DistanceMeters>6220.100534201903</DistanceMeters><HeartRateBpm><Value>159</Value></HeartRateBpm><Cadence>24</Cadence><Extensions><ext:TPX><ext:Watts>62.857142857142854</ext:Watts><ext:Torque>20</ext:Torque></ext:TPX></Extensions></Trackpoint><Trackpoint><Time>2025-09-14T11:06:44.732Z</Time><DistanceMeters>6225.200346079472</DistanceMeters><HeartRateBpm><Value>159</Value></HeartRateBpm><Cadence>24</Cadence><Extensions><ext:TPX><ext:Watts>61.285714285714285</ext:Watts><ext:Torque>20</ext:Torque></ext:TPX></Extensions></Trackpoint><Trackpoint><Time>2025-09-14T11:06:45.957Z</Time><DistanceMeters>6230.5117585431035</DistanceMeters><HeartRateBpm><Value>159</Value></HeartRateBpm><Cadence>24</Cadence><Extensions><ext:TPX><ext:Watts>63.82857142857143</ext:Watts><ext:Torque>20</ext:Torque></ext:TPX></Extensions></Trackpoint><Trackpoint><Time>2025-09-14T11:06:47.182Z</Time><DistanceMeters>6235.632968232746</DistanceMeters><HeartRateBpm><Value>159</Value></HeartRateBpm><Cadence>24</Cadence><Extensions><ext:TPX><ext:Watts>61.542857142857144</ext:Watts><ext:Torque>20</ext:Torque></ext:TPX></Extensions></Trackpoint><Trackpoint><Time>2025-09-14T11:06:48.442Z</Time><DistanceMeters>6240.628343322413</DistanceMeters><HeartRateBpm><Value>159</Value></HeartRateBpm><Cadence>24</Cadence><Extensions><ext:TPX><ext:Watts>58.80555555555556</ext:Watts><ext:Torque>20</ext:Torque></ext:TPX></Extensions></Trackpoint><Trackpoint><Time>2025-09-14T11:06:49.667Z</Time><DistanceMeters>6245.794726170878</DistanceMeters><HeartRateBpm><Value>159</Value></HeartRateBpm><Cadence>24</Cadence><Extensions><ext:TPX><ext:Watts>62.08571428571429</ext:Watts><ext:Torque>20</ext:Torque></ext:TPX></Extensions></Trackpoint><Trackpoint><Time>2025-09-14T11:06:50.897Z</Time><DistanceMeters>6250.92544599922</DistanceMeters><HeartRateBpm><Value>159</Value></HeartRateBpm><Cadence>24</Cadence><Extensions><ext:TPX><ext:Watts>61.65714285714286</ext:Watts><ext:Torque>20</ext:Torque></ext:TPX></Extensions></Trackpoint><Trackpoint><Time>2025-09-14T11:06:52.122Z</Time><DistanceMeters>6256.0942063823595</DistanceMeters><HeartRateBpm><Value>159</Value></HeartRateBpm><Cadence>24</Cadence><Extensions><ext:TPX><ext:Watts>62.114285714285714</ext:Watts><ext:Torque>20</ext:Torque></ext:TPX></Extensions></Trackpoint><Trackpoint><Time>2025-09-14T11:06:53.348Z</Time><DistanceMeters>6261.215416072002</DistanceMeters><HeartRateBpm><Value>159</Value></HeartRateBpm><Cadence>24</Cadence><Extensions><ext:TPX><ext:Watts>61.542857142857144</ext:Watts><ext:Torque>20</ext:Torque></ext:TPX></Extensions></Trackpoint><Trackpoint><Time>2025-09-14T11:06:54.607Z</Time><DistanceMeters>6266.224949050445</DistanceMeters><HeartRateBpm><Value>159</Value></HeartRateBpm><Cadence>24</Cadence><Extensions><ext:TPX><ext:Watts>58.97222222222222</ext:Watts><ext:Torque>20</ext:Torque></ext:TPX></Extensions></Trackpoint><Trackpoint><Time>2025-09-14T11:06:55.832Z</Time><DistanceMeters>6271.348536274762</DistanceMeters><HeartRateBpm><Value>159</Value></HeartRateBpm><Cadence>24</Cadence><Extensions><ext:TPX><ext:Watts>61.57142857142857</ext:Watts><ext:Torque>20</ext:Torque></ext:TPX></Extensions></Trackpoint><Trackpoint><Time>2025-09-14T11:06:57.062Z</Time><DistanceMeters>6276.595755302173</DistanceMeters><HeartRateBpm><Value>159</Value></HeartRateBpm><Cadence>24</Cadence><Extensions><ext:TPX><ext:Watts>63.05714285714286</ext:Watts><ext:Torque>20</ext:Torque></ext:TPX></Extensions></Trackpoint><Trackpoint><Time>2025-09-14T11:06:58.322Z</Time><DistanceMeters>6281.68551631701</DistanceMeters><HeartRateBpm><Value>159</Value></HeartRateBpm><Cadence>24</Cadence><Extensions><ext:TPX><ext:Watts>59.916666666666664</ext:Watts><ext:Torque>20</ext:Torque></ext:TPX></Extensions></Trackpoint><Trackpoint><Time>2025-09-14T11:06:59.552Z</Time><DistanceMeters>6286.93749041377</DistanceMeters><HeartRateBpm><Value>159</Value></HeartRateBpm><Cadence>24</Cadence><Extensions><ext:TPX><ext:Watts>63.114285714285714</ext:Watts><ext:Torque>20</ext:Torque></ext:TPX></Extensions></Trackpoint><Trackpoint><Time>2025-09-14T11:07:00.778Z</Time><DistanceMeters>6292.237015204028</DistanceMeters><HeartRateBpm><Value>159</Value></HeartRateBpm><Cadence>24</Cadence><Extensions><ext:TPX><ext:Watts>63.68571428571428</ext:Watts><ext:Torque>20</ext:Torque></ext:TPX></Extensions></Trackpoint><Trackpoint><Time>2025-09-14T11:07:02.002Z</Time><DistanceMeters>6297.377245171069</DistanceMeters><HeartRateBpm><Value>159</Value></HeartRateBpm><Cadence>24</Cadence><Extensions><ext:TPX><ext:Watts>61.77142857142857</ext:Watts><ext:Torque>20</ext:Torque></ext:TPX></Extensions></Trackpoint><Trackpoint><Time>2025-09-14T11:07:03.262Z</Time><DistanceMeters>6302.622742962439</DistanceMeters><HeartRateBpm><Value>159</Value></HeartRateBpm><Cadence>24</Cadence><Extensions><ext:TPX><ext:Watts>61.75</ext:Watts><ext:Torque>20</ext:Torque></ext:TPX></Extensions></Trackpoint><Trackpoint><Time>2025-09-14T11:07:04.523Z</Time><DistanceMeters>6307.717223273535</DistanceMeters><HeartRateBpm><Value>159</Value></HeartRateBpm><Cadence>24</Cadence><Extensions><ext:TPX><ext:Watts>59.97222222222222</ext:Watts><ext:Torque>20</ext:Torque></ext:TPX></Extensions></Trackpoint><Trackpoint><Time>2025-09-14T11:07:05.748Z</Time><DistanceMeters>6313.095206708062</DistanceMeters><HeartRateBpm><Value>159</Value></HeartRateBpm><Cadence>24</Cadence><Extensions><ext:TPX><ext:Watts>64.62857142857143</ext:Watts><ext:Torque>20</ext:Torque></ext:TPX></Extensions></Trackpoint><Trackpoint><Time>2025-09-14T11:07:07.008Z</Time><DistanceMeters>6318.3666606288525</DistanceMeters><HeartRateBpm><Value>159</Value></HeartRateBpm><Cadence>24</Cadence><Extensions><ext:TPX><ext:Watts>62.05555555555556</ext:Watts><ext:Torque>20</ext:Torque></ext:TPX></Extensions></Trackpoint><Trackpoint><Time>2025-09-14T11:07:08.268Z</Time><DistanceMeters>6323.416307625493</DistanceMeters><HeartRateBpm><Value>159</Value></HeartRateBpm><Cadence>24</Cadence><Extensions><ext:TPX><ext:Watts>59.44444444444444</ext:Watts><ext:Torque>20</ext:Torque></ext:TPX></Extensions></Trackpoint><Trackpoint><Time>2025-09-14T11:07:09.493Z</Time><DistanceMeters>6328.558915127209</DistanceMeters><HeartRateBpm><Value>159</Value></HeartRateBpm><Cadence>24</Cadence><Extensions><ext:TPX><ext:Watts>61.8</ext:Watts><ext:Torque>20</ext:Torque></ext:TPX></Extensions></Trackpoint><Trackpoint><Time>2025-09-14T11:07:10.613Z</Time><DistanceMeters>6332.907746629455</DistanceMeters><HeartRateBpm><Value>159</Value></HeartRateBpm><Cadence>27</Cadence><Extensions><ext:TPX><ext:Watts>57.59375</ext:Watts><ext:Torque>20</ext:Torque></ext:TPX></Extensions></Trackpoint><Trackpoint><Time>2025-09-14T11:07:11.663Z</Time><DistanceMeters>6337.175977519286</DistanceMeters><HeartRateBpm><Value>159</Value></HeartRateBpm><Cadence>28</Cadence><Extensions><ext:TPX><ext:Watts>59.666666666666664</ext:Watts><ext:Torque>20</ext:Torque></ext:TPX></Extensions></Trackpoint><Trackpoint><Time>2025-09-14T11:07:12.713Z</Time><DistanceMeters>6341.336906515238</DistanceMeters><HeartRateBpm><Value>159</Value></HeartRateBpm><Cadence>28</Cadence><Extensions><ext:TPX><ext:Watts>58.166666666666664</ext:Watts><ext:Torque>20</ext:Torque></ext:TPX></Extensions></Trackpoint><Trackpoint><Time>2025-09-14T11:07:13.763Z</Time><DistanceMeters>6345.593214972416</DistanceMeters><HeartRateBpm><Value>159</Value></HeartRateBpm><Cadence>28</Cadence><Extensions><ext:TPX><ext:Watts>59.5</ext:Watts><ext:Torque>20</ext:Torque></ext:TPX></Extensions></Trackpoint><Trackpoint><Time>2025-09-14T11:07:14.778Z</Time><DistanceMeters>6349.513402807799</DistanceMeters><HeartRateBpm><Value>159</Value></HeartRateBpm><Cadence>30</Cadence><Extensions><ext:TPX><ext:Watts>56.724137931034484</ext:Watts><ext:Torque>20</ext:Torque></ext:TPX></Extensions></Trackpoint><Trackpoint><Time>2025-09-14T11:07:15.793Z</Time><DistanceMeters>6353.402610435364</DistanceMeters><HeartRateBpm><Value>159</Value></HeartRateBpm><Cadence>30</Cadence><Extensions><ext:TPX><ext:Watts>56.275862068965516</ext:Watts><ext:Torque>20</ext:Torque></ext:TPX></Extensions></Trackpoint><Trackpoint><Time>2025-09-14T11:07:16.773Z</Time><DistanceMeters>6357.511117025447</DistanceMeters><HeartRateBpm><Value>159</Value></HeartRateBpm><Cadence>30</Cadence><Extensions><ext:TPX><ext:Watts>61.464285714285715</ext:Watts><ext:Torque>20</ext:Torque></ext:TPX></Extensions></Trackpoint><Trackpoint><Time>2025-09-14T11:07:17.788Z</Time><DistanceMeters>6361.4932652764655</DistanceMeters><HeartRateBpm><Value>159</Value></HeartRateBpm><Cadence>30</Cadence><Extensions><ext:TPX><ext:Watts>57.62068965517241</ext:Watts><ext:Torque>20</ext:Torque></ext:TPX></Extensions></Trackpoint><Trackpoint><Time>2025-09-14T11:07:18.768Z</Time><DistanceMeters>6365.186385378068</DistanceMeters><HeartRateBpm><Value>159</Value></HeartRateBpm><Cadence>30</Cadence><Extensions><ext:TPX><ext:Watts>55.25</ext:Watts><ext:Torque>20</ext:Torque></ext:TPX></Extensions></Trackpoint><Trackpoint><Time>2025-09-14T11:07:19.713Z</Time><DistanceMeters>6368.710126584446</DistanceMeters><HeartRateBpm><Value>159</Value></HeartRateBpm><Cadence>32</Cadence><Extensions><ext:TPX><ext:Watts>54.44444444444444</ext:Watts><ext:Torque>20</ext:Torque></ext:TPX></Extensions></Trackpoint><Trackpoint><Time>2025-09-14T11:07:20.693Z</Time><DistanceMeters>6372.102449573701</DistanceMeters><HeartRateBpm><Value>159</Value></HeartRateBpm><Cadence>30</Cadence><Extensions><ext:TPX><ext:Watts>50.75</ext:Watts><ext:Torque>20</ext:Torque></ext:TPX></Extensions></Trackpoint><Trackpoint><Time>2025-09-14T11:07:21.708Z</Time><DistanceMeters>6376.060766895629</DistanceMeters><HeartRateBpm><Value>158</Value></HeartRateBpm><Cadence>30</Cadence><Extensions><ext:TPX><ext:Watts>57.275862068965516</ext:Watts><ext:Torque>20</ext:Torque></ext:TPX></Extensions></Trackpoint><Trackpoint><Time>2025-09-14T11:07:22.653Z</Time><DistanceMeters>6379.963250354122</DistanceMeters><HeartRateBpm><Value>158</Value></HeartRateBpm><Cadence>32</Cadence><Extensions><ext:TPX><ext:Watts>60.2962962962963</ext:Watts><ext:Torque>20</ext:Torque></ext:TPX></Extensions></Trackpoint><Trackpoint><Time>2025-09-14T11:07:23.633Z</Time><DistanceMeters>6383.852127306617</DistanceMeters><HeartRateBpm><Value>158</Value></HeartRateBpm><Cadence>30</Cadence><Extensions><ext:TPX><ext:Watts>58.17857142857143</ext:Watts><ext:Torque>20</ext:Torque></ext:TPX></Extensions></Trackpoint><Trackpoint><Time>2025-09-14T11:07:24.578Z</Time><DistanceMeters>6387.687491884988</DistanceMeters><HeartRateBpm><Value>158</Value></HeartRateBpm><Cadence>32</Cadence><Extensions><ext:TPX><ext:Watts>59.25925925925926</ext:Watts><ext:Torque>20</ext:Torque></ext:TPX></Extensions></Trackpoint><Trackpoint><Time>2025-09-14T11:07:25.528Z</Time><DistanceMeters>6391.764963852368</DistanceMeters><HeartRateBpm><Value>158</Value></HeartRateBpm><Cadence>32</Cadence><Extensions><ext:TPX><ext:Watts>63.0</ext:Watts><ext:Torque>20</ext:Torque></ext:TPX></Extensions></Trackpoint><Trackpoint><Time>2025-09-14T11:07:26.473Z</Time><DistanceMeters>6395.571563196401</DistanceMeters><HeartRateBpm><Value>158</Value></HeartRateBpm><Cadence>32</Cadence><Extensions><ext:TPX><ext:Watts>58.81481481481482</ext:Watts><ext:Torque>20</ext:Torque></ext:TPX></Extensions></Trackpoint><Trackpoint><Time>2025-09-14T11:07:27.348Z</Time><DistanceMeters>6399.438661247783</DistanceMeters><HeartRateBpm><Value>158</Value></HeartRateBpm><Cadence>34</Cadence><Extensions><ext:TPX><ext:Watts>65.44</ext:Watts><ext:Torque>20</ext:Torque></ext:TPX></Extensions></Trackpoint><Trackpoint><Time>2025-09-14T11:07:27.909Z</Time><DistanceMeters>6402.863547164309</DistanceMeters><HeartRateBpm><Value>158</Value></HeartRateBpm><Cadence>54</Cadence><Extensions><ext:TPX><ext:Watts>89.875</ext:Watts><ext:Torque>59</ext:Torque></ext:TPX></Extensions></Trackpoint><Trackpoint><Time>2025-09-14T11:07:28.888Z</Time><DistanceMeters>6403.259835423434</DistanceMeters><HeartRateBpm><Value>158</Value></HeartRateBpm><Cadence>30</Cadence><Extensions><ext:TPX><ext:Watts>5.928571428571429</ext:Watts><ext:Torque>20</ext:Torque></ext:TPX></Extensions></Trackpoint><Trackpoint><Time>2025-09-14T11:07:30.048Z</Time><DistanceMeters>6408.206977985255</DistanceMeters><HeartRateBpm><Value>158</Value></HeartRateBpm><Cadence>26</Cadence><Extensions><ext:TPX><ext:Watts>63.09090909090909</ext:Watts><ext:Torque>20</ext:Torque></ext:TPX></Extensions></Trackpoint><Trackpoint><Time>2025-09-14T11:07:31.203Z</Time><DistanceMeters>6413.213524276205</DistanceMeters><HeartRateBpm><Value>158</Value></HeartRateBpm><Cadence>26</Cadence><Extensions><ext:TPX><ext:Watts>63.84848484848485</ext:Watts><ext:Torque>20</ext:Torque></ext:TPX></Extensions></Trackpoint><Trackpoint><Time>2025-09-14T11:07:32.393Z</Time><DistanceMeters>6418.178446024721</DistanceMeters><HeartRateBpm><Value>159</Value></HeartRateBpm><Cadence>25</Cadence><Extensions><ext:TPX><ext:Watts>60.88235294117647</ext:Watts><ext:Torque>20</ext:Torque></ext:TPX></Extensions></Trackpoint><Trackpoint><Time>2025-09-14T11:07:33.553Z</Time><DistanceMeters>6422.838074537561</DistanceMeters><HeartRateBpm><Value>159</Value></HeartRateBpm><Cadence>26</Cadence><Extensions><ext:TPX><ext:Watts>59.42424242424242</ext:Watts><ext:Torque>20</ext:Torque></ext:TPX></Extensions></Trackpoint><Trackpoint><Time>2025-09-14T11:07:34.783Z</Time><DistanceMeters>6427.586011283251</DistanceMeters><HeartRateBpm><Value>159</Value></HeartRateBpm><Cadence>24</Cadence><Extensions><ext:TPX><ext:Watts>57.05714285714286</ext:Watts><ext:Torque>20</ext:Torque></ext:TPX></Extensions></Trackpoint><Trackpoint><Time>2025-09-14T11:07:36.008Z</Time><DistanceMeters>6432.4552022973585</DistanceMeters><HeartRateBpm><Value>159</Value></HeartRateBpm><Cadence>24</Cadence><Extensions><ext:TPX><ext:Watts>58.51428571428571</ext:Watts><ext:Torque>20</ext:Torque></ext:TPX></Extensions></Trackpoint><Trackpoint><Time>2025-09-14T11:07:37.278Z</Time><DistanceMeters>6437.103809522581</DistanceMeters><HeartRateBpm><Value>159</Value></HeartRateBpm><Cadence>24</Cadence><Extensions><ext:TPX><ext:Watts>53.583333333333336</ext:Watts><ext:Torque>20</ext:Torque></ext:TPX></Extensions></Trackpoint><Trackpoint><Time>2025-09-14T11:07:38.543Z</Time><DistanceMeters>6441.766875868256</DistanceMeters><HeartRateBpm><Value>160</Value></HeartRateBpm><Cadence>24</Cadence><Extensions><ext:TPX><ext:Watts>53.75</ext:Watts><ext:Torque>20</ext:Torque></ext:TPX></Extensions></Trackpoint><Trackpoint><Time>2025-09-14T11:07:39.803Z</Time><DistanceMeters>6446.637189607071</DistanceMeters><HeartRateBpm><Value>160</Value></HeartRateBpm><Cadence>24</Cadence><Extensions><ext:TPX><ext:Watts>57.333333333333336</ext:Watts><ext:Torque>20</ext:Torque></ext:TPX></Extensions></Trackpoint><Trackpoint><Time>2025-09-14T11:07:41.063Z</Time><DistanceMeters>6451.311652551157</DistanceMeters><HeartRateBpm><Value>160</Value></HeartRateBpm><Cadence>24</Cadence><Extensions><ext:TPX><ext:Watts>55.02777777777778</ext:Watts><ext:Torque>20</ext:Torque></ext:TPX></Extensions></Trackpoint><Trackpoint><Time>2025-09-14T11:07:42.323Z</Time><DistanceMeters>6456.1158961423525</DistanceMeters><HeartRateBpm><Value>160</Value></HeartRateBpm><Cadence>24</Cadence><Extensions><ext:TPX><ext:Watts>56.55555555555556</ext:Watts><ext:Torque>20</ext:Torque></ext:TPX></Extensions></Trackpoint><Trackpoint><Time>2025-09-14T11:07:43.653Z</Time><DistanceMeters>6460.56057903545</DistanceMeters><HeartRateBpm><Value>160</Value></HeartRateBpm><Cadence>22</Cadence><Extensions><ext:TPX><ext:Watts>49.05263157894737</ext:Watts><ext:Torque>20</ext:Torque></ext:TPX></Extensions></Trackpoint><Trackpoint><Time>2025-09-14T11:07:44.913Z</Time><DistanceMeters>6465.355384034129</DistanceMeters><HeartRateBpm><Value>160</Value></HeartRateBpm><Cadence>24</Cadence><Extensions><ext:TPX><ext:Watts>56.44444444444444</ext:Watts><ext:Torque>20</ext:Torque></ext:TPX></Extensions></Trackpoint><Trackpoint><Time>2025-09-14T11:07:46.208Z</Time><DistanceMeters>6470.206665311418</DistanceMeters><HeartRateBpm><Value>160</Value></HeartRateBpm><Cadence>23</Cadence><Extensions><ext:TPX><ext:Watts>54.729729729729726</ext:Watts><ext:Torque>20</ext:Torque></ext:TPX></Extensions></Trackpoint><Trackpoint><Time>2025-09-14T11:07:47.473Z</Time><DistanceMeters>6475.045650955921</DistanceMeters><HeartRateBpm><Value>160</Value></HeartRateBpm><Cadence>24</Cadence><Extensions><ext:TPX><ext:Watts>55.77777777777778</ext:Watts><ext:Torque>20</ext:Torque></ext:TPX></Extensions></Trackpoint><Trackpoint><Time>2025-09-14T11:07:48.768Z</Time><DistanceMeters>6480.004738483815</DistanceMeters><HeartRateBpm><Value>159</Value></HeartRateBpm><Cadence>23</Cadence><Extensions><ext:TPX><ext:Watts>55.945945945945944</ext:Watts><ext:Torque>20</ext:Torque></ext:TPX></Extensions></Trackpoint><Trackpoint><Time>2025-09-14T11:07:50.028Z</Time><DistanceMeters>6485.160569646272</DistanceMeters><HeartRateBpm><Value>159</Value></HeartRateBpm><Cadence>24</Cadence><Extensions><ext:TPX><ext:Watts>60.69444444444444</ext:Watts><ext:Torque>20</ext:Torque></ext:TPX></Extensions></Trackpoint><Trackpoint><Time>2025-09-14T11:07:51.359Z</Time><DistanceMeters>6490.301522606314</DistanceMeters><HeartRateBpm><Value>159</Value></HeartRateBpm><Cadence>22</Cadence><Extensions><ext:TPX><ext:Watts>56.73684210526316</ext:Watts><ext:Torque>20</ext:Torque></ext:TPX></Extensions></Trackpoint><Trackpoint><Time>2025-09-14T11:07:52.654Z</Time><DistanceMeters>6495.399560412769</DistanceMeters><HeartRateBpm><Value>158</Value></HeartRateBpm><Cadence>23</Cadence><Extensions><ext:TPX><ext:Watts>57.513513513513516</ext:Watts><ext:Torque>20</ext:Torque></ext:TPX></Extensions></Trackpoint><Trackpoint><Time>2025-09-14T11:07:53.983Z</Time><DistanceMeters>6500.552435805464</DistanceMeters><HeartRateBpm><Value>158</Value></HeartRateBpm><Cadence>22</Cadence><Extensions><ext:TPX><ext:Watts>56.86842105263158</ext:Watts><ext:Torque>20</ext:Torque></ext:TPX></Extensions></Trackpoint><Trackpoint><Time>2025-09-14T11:07:55.283Z</Time><DistanceMeters>6505.442048194079</DistanceMeters><HeartRateBpm><Value>158</Value></HeartRateBpm><Cadence>23</Cadence><Extensions><ext:TPX><ext:Watts>55.16216216216216</ext:Watts><ext:Torque>20</ext:Torque></ext:TPX></Extensions></Trackpoint><Trackpoint><Time>2025-09-14T11:07:56.613Z</Time><DistanceMeters>6510.745146238204</DistanceMeters><HeartRateBpm><Value>157</Value></HeartRateBpm><Cadence>22</Cadence><Extensions><ext:TPX><ext:Watts>58.526315789473685</ext:Watts><ext:Torque>20</ext:Torque></ext:TPX></Extensions></Trackpoint><Trackpoint><Time>2025-09-14T11:07:57.943Z</Time><DistanceMeters>6515.955249307634</DistanceMeters><HeartRateBpm><Value>157</Value></HeartRateBpm><Cadence>22</Cadence><Extensions><ext:TPX><ext:Watts>57.5</ext:Watts><ext:Torque>20</ext:Torque></ext:TPX></Extensions></Trackpoint><Trackpoint><Time>2025-09-14T11:07:59.309Z</Time><DistanceMeters>6521.1305021893095</DistanceMeters><HeartRateBpm><Value>156</Value></HeartRateBpm><Cadence>22</Cadence><Extensions><ext:TPX><ext:Watts>55.84615384615385</ext:Watts><ext:Torque>20</ext:Torque></ext:TPX></Extensions></Trackpoint><Trackpoint><Time>2025-09-14T11:08:00.639Z</Time><DistanceMeters>6526.106925578738</DistanceMeters><HeartRateBpm><Value>156</Value></HeartRateBpm><Cadence>22</Cadence><Extensions><ext:TPX><ext:Watts>54.921052631578945</ext:Watts><ext:Torque>20</ext:Torque></ext:TPX></Extensions></Trackpoint><Trackpoint><Time>2025-09-14T11:08:01.933Z</Time><DistanceMeters>6531.3031868579665</DistanceMeters><HeartRateBpm><Value>156</Value></HeartRateBpm><Cadence>23</Cadence><Extensions><ext:TPX><ext:Watts>58.62162162162162</ext:Watts><ext:Torque>20</ext:Torque></ext:TPX></Extensions></Trackpoint><Trackpoint><Time>2025-09-14T11:08:03.263Z</Time><DistanceMeters>6536.556210684948</DistanceMeters><HeartRateBpm><Value>156</Value></HeartRateBpm><Cadence>22</Cadence><Extensions><ext:TPX><ext:Watts>57.973684210526315</ext:Watts><ext:Torque>20</ext:Torque></ext:TPX></Extensions></Trackpoint><Trackpoint><Time>2025-09-14T11:08:04.559Z</Time><DistanceMeters>6541.618313074534</DistanceMeters><HeartRateBpm><Value>156</Value></HeartRateBpm><Cadence>23</Cadence><Extensions><ext:TPX><ext:Watts>57.108108108108105</ext:Watts><ext:Torque>20</ext:Torque></ext:TPX></Extensions></Trackpoint><Trackpoint><Time>2025-09-14T11:08:05.889Z</Time><DistanceMeters>6546.685346952127</DistanceMeters><HeartRateBpm><Value>155</Value></HeartRateBpm><Cadence>22</Cadence><Extensions><ext:TPX><ext:Watts>55.921052631578945</ext:Watts><ext:Torque>20</ext:Torque></ext:TPX></Extensions></Trackpoint><Trackpoint><Time>2025-09-14T11:08:07.219Z</Time><DistanceMeters>6551.833453371761</DistanceMeters><HeartRateBpm><Value>155</Value></HeartRateBpm><Cadence>22</Cadence><Extensions><ext:TPX><ext:Watts>56.81578947368421</ext:Watts><ext:Torque>20</ext:Torque></ext:TPX></Extensions></Trackpoint><Trackpoint><Time>2025-09-14T11:08:08.514Z</Time><DistanceMeters>6557.305219513651</DistanceMeters><HeartRateBpm><Value>156</Value></HeartRateBpm><Cadence>23</Cadence><Extensions><ext:TPX><ext:Watts>61.729729729729726</ext:Watts><ext:Torque>20</ext:Torque></ext:TPX></Extensions></Trackpoint><Trackpoint><Time>2025-09-14T11:08:09.843Z</Time><DistanceMeters>6562.367484418181</DistanceMeters><HeartRateBpm><Value>156</Value></HeartRateBpm><Cadence>22</Cadence><Extensions><ext:TPX><ext:Watts>55.86842105263158</ext:Watts><ext:Torque>20</ext:Torque></ext:TPX></Extensions></Trackpoint><Trackpoint><Time>2025-09-14T11:08:11.174Z</Time><DistanceMeters>6567.79696024843</DistanceMeters><HeartRateBpm><Value>156</Value></HeartRateBpm><Cadence>22</Cadence><Extensions><ext:TPX><ext:Watts>59.921052631578945</ext:Watts><ext:Torque>20</ext:Torque></ext:TPX></Extensions></Trackpoint><Trackpoint><Time>2025-09-14T11:08:12.469Z</Time><DistanceMeters>6572.976451666454</DistanceMeters><HeartRateBpm><Value>156</Value></HeartRateBpm><Cadence>23</Cadence><Extensions><ext:TPX><ext:Watts>58.432432432432435</ext:Watts><ext:Torque>20</ext:Torque></ext:TPX></Extensions></Trackpoint><Trackpoint><Time>2025-09-14T11:08:13.799Z</Time><DistanceMeters>6578.272396250986</DistanceMeters><HeartRateBpm><Value>156</Value></HeartRateBpm><Cadence>22</Cadence><Extensions><ext:TPX><ext:Watts>58.44736842105263</ext:Watts><ext:Torque>20</ext:Torque></ext:TPX></Extensions></Trackpoint><Trackpoint><Time>2025-09-14T11:08:15.094Z</Time><DistanceMeters>6583.533341280579</DistanceMeters><HeartRateBpm><Value>156</Value></HeartRateBpm><Cadence>23</Cadence><Extensions><ext:TPX><ext:Watts>59.351351351351354</ext:Watts><ext:Torque>20</ext:Torque></ext:TPX></Extensions></Trackpoint><Trackpoint><Time>2025-09-14T11:08:16.389Z</Time><DistanceMeters>6588.777516448967</DistanceMeters><HeartRateBpm><Value>156</Value></HeartRateBpm><Cadence>23</Cadence><Extensions><ext:TPX><ext:Watts>59.16216216216216</ext:Watts><ext:Torque>20</ext:Torque></ext:TPX></Extensions></Trackpoint><Trackpoint><Time>2025-09-14T11:08:17.719Z</Time><DistanceMeters>6593.994772977989</DistanceMeters><HeartRateBpm><Value>156</Value></HeartRateBpm><Cadence>22</Cadence><Extensions><ext:TPX><ext:Watts>57.578947368421055</ext:Watts><ext:Torque>20</ext:Torque></ext:TPX></Extensions></Trackpoint><Trackpoint><Time>2025-09-14T11:08:19.049Z</Time><DistanceMeters>6599.140494911092</DistanceMeters><HeartRateBpm><Value>156</Value></HeartRateBpm><Cadence>22</Cadence><Extensions><ext:TPX><ext:Watts>56.78947368421053</ext:Watts><ext:Torque>20</ext:Torque></ext:TPX></Extensions></Trackpoint><Trackpoint><Time>2025-09-14T11:08:20.379Z</Time><DistanceMeters>6604.345829007461</DistanceMeters><HeartRateBpm><Value>156</Value></HeartRateBpm><Cadence>22</Cadence><Extensions><ext:TPX><ext:Watts>57.44736842105263</ext:Watts><ext:Torque>20</ext:Torque></ext:TPX></Extensions></Trackpoint><Trackpoint><Time>2025-09-14T11:08:21.674Z</Time><DistanceMeters>6609.573234314644</DistanceMeters><HeartRateBpm><Value>156</Value></HeartRateBpm><Cadence>23</Cadence><Extensions><ext:TPX><ext:Watts>58.972972972972975</ext:Watts><ext:Torque>20</ext:Torque></ext:TPX></Extensions></Trackpoint><Trackpoint><Time>2025-09-14T11:08:23.004Z</Time><DistanceMeters>6614.652190624889</DistanceMeters><HeartRateBpm><Value>156</Value></HeartRateBpm><Cadence>22</Cadence><Extensions><ext:TPX><ext:Watts>56.05263157894737</ext:Watts><ext:Torque>20</ext:Torque></ext:TPX></Extensions></Trackpoint><Trackpoint><Time>2025-09-14T11:08:24.299Z</Time><DistanceMeters>6619.97302801593</DistanceMeters><HeartRateBpm><Value>156</Value></HeartRateBpm><Cadence>23</Cadence><Extensions><ext:TPX><ext:Watts>60.027027027027025</ext:Watts><ext:Torque>20</ext:Torque></ext:TPX></Extensions></Trackpoint><Trackpoint><Time>2025-09-14T11:08:25.594Z</Time><DistanceMeters>6625.1860591563645</DistanceMeters><HeartRateBpm><Value>156</Value></HeartRateBpm><Cadence>23</Cadence><Extensions><ext:TPX><ext:Watts>58.810810810810814</ext:Watts><ext:Torque>20</ext:Torque></ext:TPX></Extensions></Trackpoint><Trackpoint><Time>2025-09-14T11:08:26.889Z</Time><DistanceMeters>6630.430234324752</DistanceMeters><HeartRateBpm><Value>156</Value></HeartRateBpm><Cadence>23</Cadence><Extensions><ext:TPX><ext:Watts>59.16216216216216</ext:Watts><ext:Torque>20</ext:Torque></ext:TPX></Extensions></Trackpoint><Trackpoint><Time>2025-09-14T11:08:28.184Z</Time><DistanceMeters>6635.8325253273615</DistanceMeters><HeartRateBpm><Value>156</Value></HeartRateBpm><Cadence>23</Cadence><Extensions><ext:TPX><ext:Watts>60.945945945945944</ext:Watts><ext:Torque>20</ext:Torque></ext:TPX></Extensions></Trackpoint><Trackpoint><Time>2025-09-14T11:08:29.479Z</Time><DistanceMeters>6641.174923968523</DistanceMeters><HeartRateBpm><Value>156</Value></HeartRateBpm><Cadence>23</Cadence><Extensions><ext:TPX><ext:Watts>60.270270270270274</ext:Watts><ext:Torque>20</ext:Torque></ext:TPX></Extensions></Trackpoint><Trackpoint><Time>2025-09-14T11:08:30.774Z</Time><DistanceMeters>6646.438264692574</DistanceMeters><HeartRateBpm><Value>156</Value></HeartRateBpm><Cadence>23</Cadence><Extensions><ext:TPX><ext:Watts>59.37837837837838</ext:Watts><ext:Torque>20</ext:Torque></ext:TPX></Extensions></Trackpoint><Trackpoint><Time>2025-09-14T11:08:32.074Z</Time><DistanceMeters>6651.773476250362</DistanceMeters><HeartRateBpm><Value>156</Value></HeartRateBpm><Cadence>23</Cadence><Extensions><ext:TPX><ext:Watts>60.189189189189186</ext:Watts><ext:Torque>20</ext:Torque></ext:TPX></Extensions></Trackpoint><Trackpoint><Time>2025-09-14T11:08:33.369Z</Time><DistanceMeters>6657.00567294646</DistanceMeters><HeartRateBpm><Value>156</Value></HeartRateBpm><Cadence>23</Cadence><Extensions><ext:TPX><ext:Watts>59.027027027027025</ext:Watts><ext:Torque>20</ext:Torque></ext:TPX></Extensions></Trackpoint><Trackpoint><Time>2025-09-14T11:08:34.664Z</Time><DistanceMeters>6662.130063391952</DistanceMeters><HeartRateBpm><Value>156</Value></HeartRateBpm><Cadence>23</Cadence><Extensions><ext:TPX><ext:Watts>57.810810810810814</ext:Watts><ext:Torque>20</ext:Torque></ext:TPX></Extensions></Trackpoint><Trackpoint><Time>2025-09-14T11:08:35.959Z</Time><DistanceMeters>6667.328720365639</DistanceMeters><HeartRateBpm><Value>156</Value></HeartRateBpm><Cadence>23</Cadence><Extensions><ext:TPX><ext:Watts>58.648648648648646</ext:Watts><ext:Torque>20</ext:Torque></ext:TPX></Extensions></Trackpoint><Trackpoint><Time>2025-09-14T11:08:37.254Z</Time><DistanceMeters>6672.572895534026</DistanceMeters><HeartRateBpm><Value>156</Value></HeartRateBpm><Cadence>23</Cadence><Extensions><ext:TPX><ext:Watts>59.16216216216216</ext:Watts><ext:Torque>20</ext:Torque></ext:TPX></Extensions></Trackpoint><Trackpoint><Time>2025-09-14T11:08:38.549Z</Time><DistanceMeters>6677.649372090359</DistanceMeters><HeartRateBpm><Value>156</Value></HeartRateBpm><Cadence>23</Cadence><Extensions><ext:TPX><ext:Watts>57.270270270270274</ext:Watts><ext:Torque>20</ext:Torque></ext:TPX></Extensions></Trackpoint><Trackpoint><Time>2025-09-14T11:08:39.844Z</Time><DistanceMeters>6682.7138701744025</DistanceMeters><HeartRateBpm><Value>157</Value></HeartRateBpm><Cadence>23</Cadence><Extensions><ext:TPX><ext:Watts>57.13513513513514</ext:Watts><ext:Torque>20</ext:Torque></ext:TPX></Extensions></Trackpoint><Trackpoint><Time>2025-09-14T11:08:41.139Z</Time><DistanceMeters>6687.414222700842</DistanceMeters><HeartRateBpm><Value>157</Value></HeartRateBpm><Cadence>23</Cadence><Extensions><ext:TPX><ext:Watts>53.027027027027025</ext:Watts><ext:Torque>20</ext:Torque></ext:TPX></Extensions></Trackpoint><Trackpoint><Time>2025-09-14T11:08:42.404Z</Time><DistanceMeters>6692.592997675961</DistanceMeters><HeartRateBpm><Value>157</Value></HeartRateBpm><Cadence>24</Cadence><Extensions><ext:TPX><ext:Watts>59.69444444444444</ext:Watts><ext:Torque>20</ext:Torque></ext:TPX></Extensions></Trackpoint><Trackpoint><Time>2025-09-14T11:08:43.700Z</Time><DistanceMeters>6697.849151316637</DistanceMeters><HeartRateBpm><Value>157</Value></HeartRateBpm><Cadence>23</Cadence><Extensions><ext:TPX><ext:Watts>59.2972972972973</ext:Watts><ext:Torque>20</ext:Torque></ext:TPX></Extensions></Trackpoint><Trackpoint><Time>2025-09-14T11:08:45.030Z</Time><DistanceMeters>6702.808883300351</DistanceMeters><HeartRateBpm><Value>157</Value></HeartRateBpm><Cadence>22</Cadence><Extensions><ext:TPX><ext:Watts>54.73684210526316</ext:Watts><ext:Torque>20</ext:Torque></ext:TPX></Extensions></Trackpoint><Trackpoint><Time>2025-09-14T11:08:46.360Z</Time><DistanceMeters>6707.613623659574</DistanceMeters><HeartRateBpm><Value>157</Value></HeartRateBpm><Cadence>22</Cadence><Extensions><ext:TPX><ext:Watts>53.026315789473685</ext:Watts><ext:Torque>20</ext:Torque></ext:TPX></Extensions></Trackpoint><Trackpoint><Time>2025-09-14T11:08:47.655Z</Time><DistanceMeters>6712.627812160001</DistanceMeters><HeartRateBpm><Value>157</Value></HeartRateBpm><Cadence>23</Cadence><Extensions><ext:TPX><ext:Watts>56.567567567567565</ext:Watts><ext:Torque>20</ext:Torque></ext:TPX></Extensions></Trackpoint><Trackpoint><Time>2025-09-14T11:08:48.914Z</Time><DistanceMeters>6717.769485433682</DistanceMeters><HeartRateBpm><Value>157</Value></HeartRateBpm><Cadence>24</Cadence><Extensions><ext:TPX><ext:Watts>60.52777777777778</ext:Watts><ext:Torque>20</ext:Torque></ext:TPX></Extensions></Trackpoint><Trackpoint><Time>2025-09-14T11:08:50.244Z</Time><DistanceMeters>6722.881824555357</DistanceMeters><HeartRateBpm><Value>157</Value></HeartRateBpm><Cadence>22</Cadence><Extensions><ext:TPX><ext:Watts>56.421052631578945</ext:Watts><ext:Torque>20</ext:Torque></ext:TPX></Extensions></Trackpoint><Trackpoint><Time>2025-09-14T11:08:51.540Z</Time><DistanceMeters>6728.080481529044</DistanceMeters><HeartRateBpm><Value>157</Value></HeartRateBpm><Cadence>23</Cadence><Extensions><ext:TPX><ext:Watts>58.648648648648646</ext:Watts><ext:Torque>20</ext:Torque></ext:TPX></Extensions></Trackpoint><Trackpoint><Time>2025-09-14T11:08:52.834Z</Time><DistanceMeters>6733.37257058659</DistanceMeters><HeartRateBpm><Value>157</Value></HeartRateBpm><Cadence>23</Cadence><Extensions><ext:TPX><ext:Watts>59.7027027027027</ext:Watts><ext:Torque>20</ext:Torque></ext:TPX></Extensions></Trackpoint><Trackpoint><Time>2025-09-14T11:08:54.094Z</Time><DistanceMeters>6738.29243693612</DistanceMeters><HeartRateBpm><Value>156</Value></HeartRateBpm><Cadence>24</Cadence><Extensions><ext:TPX><ext:Watts>57.916666666666664</ext:Watts><ext:Torque>20</ext:Torque></ext:TPX></Extensions></Trackpoint><Trackpoint><Time>2025-09-14T11:08:55.390Z</Time><DistanceMeters>6743.515050854386</DistanceMeters><HeartRateBpm><Value>156</Value></HeartRateBpm><Cadence>23</Cadence><Extensions><ext:TPX><ext:Watts>58.91891891891892</ext:Watts><ext:Torque>20</ext:Torque></ext:TPX></Extensions></Trackpoint><Trackpoint><Time>2025-09-14T11:08:56.685Z</Time><DistanceMeters>6748.541217827103</DistanceMeters><HeartRateBpm><Value>156</Value></HeartRateBpm><Cadence>23</Cadence><Extensions><ext:TPX><ext:Watts>56.7027027027027</ext:Watts><ext:Torque>20</ext:Torque></ext:TPX></Extensions></Trackpoint><Trackpoint><Time>2025-09-14T11:08:57.980Z</Time><DistanceMeters>6753.818932717901</DistanceMeters><HeartRateBpm><Value>156</Value></HeartRateBpm><Cadence>23</Cadence><Extensions><ext:TPX><ext:Watts>59.54054054054054</ext:Watts><ext:Torque>20</ext:Torque></ext:TPX></Extensions></Trackpoint><Trackpoint><Time>2025-09-14T11:08:59.275Z</Time><DistanceMeters>6759.192475387015</DistanceMeters><HeartRateBpm><Value>156</Value></HeartRateBpm><Cadence>23</Cadence><Extensions><ext:TPX><ext:Watts>60.62162162162162</ext:Watts><ext:Torque>20</ext:Torque></ext:TPX></Extensions></Trackpoint><Trackpoint><Time>2025-09-14T11:09:00.605Z</Time><DistanceMeters>6764.297661049098</DistanceMeters><HeartRateBpm><Value>156</Value></HeartRateBpm><Cadence>22</Cadence><Extensions><ext:TPX><ext:Watts>56.3421052631579</ext:Watts><ext:Torque>20</ext:Torque></ext:TPX></Extensions></Trackpoint><Trackpoint><Time>2025-09-14T11:09:01.900Z</Time><DistanceMeters>6769.719117607371</DistanceMeters><HeartRateBpm><Value>156</Value></HeartRateBpm><Cadence>23</Cadence><Extensions><ext:TPX><ext:Watts>61.16216216216216</ext:Watts><ext:Torque>20</ext:Torque></ext:TPX></Extensions></Trackpoint><Trackpoint><Time>2025-09-14T11:09:03.165Z</Time><DistanceMeters>6774.8424659540915</DistanceMeters><HeartRateBpm><Value>156</Value></HeartRateBpm><Cadence>24</Cadence><Extensions><ext:TPX><ext:Watts>59.05555555555556</ext:Watts><ext:Torque>20</ext:Torque></ext:TPX></Extensions></Trackpoint><Trackpoint><Time>2025-09-14T11:09:04.460Z</Time><DistanceMeters>6779.959669316209</DistanceMeters><HeartRateBpm><Value>156</Value></HeartRateBpm><Cadence>23</Cadence><Extensions><ext:TPX><ext:Watts>57.729729729729726</ext:Watts><ext:Torque>20</ext:Torque></ext:TPX></Extensions></Trackpoint><Trackpoint><Time>2025-09-14T11:09:05.790Z</Time><DistanceMeters>6785.114929195435</DistanceMeters><HeartRateBpm><Value>155</Value></HeartRateBpm><Cadence>22</Cadence><Extensions><ext:TPX><ext:Watts>56.89473684210526</ext:Watts><ext:Torque>20</ext:Torque></ext:TPX></Extensions></Trackpoint><Trackpoint><Time>2025-09-14T11:09:07.085Z</Time><DistanceMeters>6790.359104363823</DistanceMeters><HeartRateBpm><Value>155</Value></HeartRateBpm><Cadence>23</Cadence><Extensions><ext:TPX><ext:Watts>59.16216216216216</ext:Watts><ext:Torque>20</ext:Torque></ext:TPX></Extensions></Trackpoint><Trackpoint><Time>2025-09-14T11:09:08.415Z</Time><DistanceMeters>6795.418984781823</DistanceMeters><HeartRateBpm><Value>155</Value></HeartRateBpm><Cadence>22</Cadence><Extensions><ext:TPX><ext:Watts>55.8421052631579</ext:Watts><ext:Torque>20</ext:Torque></ext:TPX></Extensions></Trackpoint><Trackpoint><Time>2025-09-14T11:09:09.715Z</Time><DistanceMeters>6800.608058977678</DistanceMeters><HeartRateBpm><Value>155</Value></HeartRateBpm><Cadence>23</Cadence><Extensions><ext:TPX><ext:Watts>58.54054054054054</ext:Watts><ext:Torque>20</ext:Torque></ext:TPX></Extensions></Trackpoint><Trackpoint><Time>2025-09-14T11:09:11.010Z</Time><DistanceMeters>6805.7803633123285</DistanceMeters><HeartRateBpm><Value>155</Value></HeartRateBpm><Cadence>23</Cadence><Extensions><ext:TPX><ext:Watts>58.351351351351354</ext:Watts><ext:Torque>20</ext:Torque></ext:TPX></Extensions></Trackpoint><Trackpoint><Time>2025-09-14T11:09:12.340Z</Time><DistanceMeters>6810.752017728696</DistanceMeters><HeartRateBpm><Value>155</Value></HeartRateBpm><Cadence>22</Cadence><Extensions><ext:TPX><ext:Watts>54.86842105263158</ext:Watts><ext:Torque>20</ext:Torque></ext:TPX></Extensions></Trackpoint><Trackpoint><Time>2025-09-14T11:09:13.635Z</Time><DistanceMeters>6815.838077062861</DistanceMeters><HeartRateBpm><Value>155</Value></HeartRateBpm><Cadence>23</Cadence><Extensions><ext:TPX><ext:Watts>57.37837837837838</ext:Watts><ext:Torque>20</ext:Torque></ext:TPX></Extensions></Trackpoint><Trackpoint><Time>2025-09-14T11:09:14.965Z</Time><DistanceMeters>6820.945647211474</DistanceMeters><HeartRateBpm><Value>155</Value></HeartRateBpm><Cadence>22</Cadence><Extensions><ext:TPX><ext:Watts>56.36842105263158</ext:Watts><ext:Torque>20</ext:Torque></ext:TPX></Extensions></Trackpoint><Trackpoint><Time>2025-09-14T11:09:16.260Z</Time><DistanceMeters>6826.129930018414</DistanceMeters><HeartRateBpm><Value>155</Value></HeartRateBpm><Cadence>23</Cadence><Extensions><ext:TPX><ext:Watts>58.486486486486484</ext:Watts><ext:Torque>20</ext:Torque></ext:TPX></Extensions></Trackpoint><Trackpoint><Time>2025-09-14T11:09:17.625Z</Time><DistanceMeters>6831.25528376762</DistanceMeters><HeartRateBpm><Value>155</Value></HeartRateBpm><Cadence>22</Cadence><Extensions><ext:TPX><ext:Watts>55.30769230769231</ext:Watts><ext:Torque>20</ext:Torque></ext:TPX></Extensions></Trackpoint><Trackpoint><Time>2025-09-14T11:09:18.955Z</Time><DistanceMeters>6836.515461054194</DistanceMeters><HeartRateBpm><Value>155</Value></HeartRateBpm><Cadence>22</Cadence><Extensions><ext:TPX><ext:Watts>58.05263157894737</ext:Watts><ext:Torque>20</ext:Torque></ext:TPX></Extensions></Trackpoint><Trackpoint><Time>2025-09-14T11:09:20.285Z</Time><DistanceMeters>6841.811405638727</DistanceMeters><HeartRateBpm><Value>155</Value></HeartRateBpm><Cadence>22</Cadence><Extensions><ext:TPX><ext:Watts>58.44736842105263</ext:Watts><ext:Torque>20</ext:Torque></ext:TPX></Extensions></Trackpoint><Trackpoint><Time>2025-09-14T11:09:21.585Z</Time><DistanceMeters>6847.03641525145</DistanceMeters><HeartRateBpm><Value>155</Value></HeartRateBpm><Cadence>23</Cadence><Extensions><ext:TPX><ext:Watts>58.945945945945944</ext:Watts><ext:Torque>20</ext:Torque></ext:TPX></Extensions></Trackpoint><Trackpoint><Time>2025-09-14T11:09:22.880Z</Time><DistanceMeters>6852.4602675041815</DistanceMeters><HeartRateBpm><Value>154</Value></HeartRateBpm><Cadence>23</Cadence><Extensions><ext:TPX><ext:Watts>61.189189189189186</ext:Watts><ext:Torque>20</ext:Torque></ext:TPX></Extensions></Trackpoint><Trackpoint><Time>2025-09-14T11:09:24.211Z</Time><DistanceMeters>6857.768134521368</DistanceMeters><HeartRateBpm><Value>154</Value></HeartRateBpm><Cadence>22</Cadence><Extensions><ext:TPX><ext:Watts>58.578947368421055</ext:Watts><ext:Torque>20</ext:Torque></ext:TPX></Extensions></Trackpoint><Trackpoint><Time>2025-09-14T11:09:25.505Z</Time><DistanceMeters>6863.029079550961</DistanceMeters><HeartRateBpm><Value>154</Value></HeartRateBpm><Cadence>23</Cadence><Extensions><ext:TPX><ext:Watts>59.351351351351354</ext:Watts><ext:Torque>20</ext:Torque></ext:TPX></Extensions></Trackpoint><Trackpoint><Time>2025-09-14T11:09:26.801Z</Time><DistanceMeters>6868.5942777767095</DistanceMeters><HeartRateBpm><Value>154</Value></HeartRateBpm><Cadence>23</Cadence><Extensions><ext:TPX><ext:Watts>62.78378378378378</ext:Watts><ext:Torque>20</ext:Torque></ext:TPX></Extensions></Trackpoint><Trackpoint><Time>2025-09-14T11:09:28.095Z</Time><DistanceMeters>6873.93907211233</DistanceMeters><HeartRateBpm><Value>154</Value></HeartRateBpm><Cadence>23</Cadence><Extensions><ext:TPX><ext:Watts>60.2972972972973</ext:Watts><ext:Torque>20</ext:Torque></ext:TPX></Extensions></Trackpoint><Trackpoint><Time>2025-09-14T11:09:29.355Z</Time><DistanceMeters>6879.326148791456</DistanceMeters><HeartRateBpm><Value>154</Value></HeartRateBpm><Cadence>24</Cadence><Extensions><ext:TPX><ext:Watts>63.416666666666664</ext:Watts><ext:Torque>20</ext:Torque></ext:TPX></Extensions></Trackpoint><Trackpoint><Time>2025-09-14T11:09:30.691Z</Time><DistanceMeters>6884.717472837215</DistanceMeters><HeartRateBpm><Value>154</Value></HeartRateBpm><Cadence>22</Cadence><Extensions><ext:TPX><ext:Watts>59.5</ext:Watts><ext:Torque>20</ext:Torque></ext:TPX></Extensions></Trackpoint><Trackpoint><Time>2025-09-14T11:09:31.950Z</Time><DistanceMeters>6889.849707518379</DistanceMeters><HeartRateBpm><Value>154</Value></HeartRateBpm><Cadence>24</Cadence><Extensions><ext:TPX><ext:Watts>60.416666666666664</ext:Watts><ext:Torque>20</ext:Torque></ext:TPX></Extensions></Trackpoint><Trackpoint><Time>2025-09-14T11:09:33.246Z</Time><DistanceMeters>6895.237624354241</DistanceMeters><HeartRateBpm><Value>154</Value></HeartRateBpm><Cadence>23</Cadence><Extensions><ext:TPX><ext:Watts>60.78378378378378</ext:Watts><ext:Torque>20</ext:Torque></ext:TPX></Extensions></Trackpoint><Trackpoint><Time>2025-09-14T11:09:34.541Z</Time><DistanceMeters>6900.529713411787</DistanceMeters><HeartRateBpm><Value>154</Value></HeartRateBpm><Cadence>23</Cadence><Extensions><ext:TPX><ext:Watts>59.7027027027027</ext:Watts><ext:Torque>20</ext:Torque></ext:TPX></Extensions></Trackpoint><Trackpoint><Time>2025-09-14T11:09:35.801Z</Time><DistanceMeters>6905.468456946352</DistanceMeters><HeartRateBpm><Value>154</Value></HeartRateBpm><Cadence>24</Cadence><Extensions><ext:TPX><ext:Watts>58.138888888888886</ext:Watts><ext:Torque>20</ext:Torque></ext:TPX></Extensions></Trackpoint><Trackpoint><Time>2025-09-14T11:09:37.095Z</Time><DistanceMeters>6910.87314364342</DistanceMeters><HeartRateBpm><Value>154</Value></HeartRateBpm><Cadence>23</Cadence><Extensions><ext:TPX><ext:Watts>60.972972972972975</ext:Watts><ext:Torque>20</ext:Torque></ext:TPX></Extensions></Trackpoint><Trackpoint><Time>2025-09-14T11:09:38.356Z</Time><DistanceMeters>6916.01953621336</DistanceMeters><HeartRateBpm><Value>154</Value></HeartRateBpm><Cadence>24</Cadence><Extensions><ext:TPX><ext:Watts>60.583333333333336</ext:Watts><ext:Torque>20</ext:Torque></ext:TPX></Extensions></Trackpoint><Trackpoint><Time>2025-09-14T11:09:39.626Z</Time><DistanceMeters>6921.287475764597</DistanceMeters><HeartRateBpm><Value>154</Value></HeartRateBpm><Cadence>24</Cadence><Extensions><ext:TPX><ext:Watts>60.72222222222222</ext:Watts><ext:Torque>20</ext:Torque></ext:TPX></Extensions></Trackpoint><Trackpoint><Time>2025-09-14T11:09:40.885Z</Time><DistanceMeters>6926.226219299161</DistanceMeters><HeartRateBpm><Value>154</Value></HeartRateBpm><Cadence>24</Cadence><Extensions><ext:TPX><ext:Watts>58.138888888888886</ext:Watts><ext:Torque>20</ext:Torque></ext:TPX></Extensions></Trackpoint><Trackpoint><Time>2025-09-14T11:09:42.151Z</Time><DistanceMeters>6931.241124242493</DistanceMeters><HeartRateBpm><Value>154</Value></HeartRateBpm><Cadence>24</Cadence><Extensions><ext:TPX><ext:Watts>57.80555555555556</ext:Watts><ext:Torque>20</ext:Torque></ext:TPX></Extensions></Trackpoint><Trackpoint><Time>2025-09-14T11:09:43.411Z</Time><DistanceMeters>6936.347402794236</DistanceMeters><HeartRateBpm><Value>154</Value></HeartRateBpm><Cadence>24</Cadence><Extensions><ext:TPX><ext:Watts>60.111111111111114</ext:Watts><ext:Torque>20</ext:Torque></ext:TPX></Extensions></Trackpoint><Trackpoint><Time>2025-09-14T11:09:44.636Z</Time><DistanceMeters>6941.563713870873</DistanceMeters><HeartRateBpm><Value>154</Value></HeartRateBpm><Cadence>24</Cadence><Extensions><ext:TPX><ext:Watts>62.68571428571428</ext:Watts><ext:Torque>20</ext:Torque></ext:TPX></Extensions></Trackpoint><Trackpoint><Time>2025-09-14T11:09:45.896Z</Time><DistanceMeters>6946.757299403398</DistanceMeters><HeartRateBpm><Value>154</Value></HeartRateBpm><Cadence>24</Cadence><Extensions><ext:TPX><ext:Watts>61.138888888888886</ext:Watts><ext:Torque>20</ext:Torque></ext:TPX></Extensions></Trackpoint><Trackpoint><Time>2025-09-14T11:09:47.156Z</Time><DistanceMeters>6951.941446343407</DistanceMeters><HeartRateBpm><Value>155</Value></HeartRateBpm><Cadence>24</Cadence><Extensions><ext:TPX><ext:Watts>61.02777777777778</ext:Watts><ext:Torque>20</ext:Torque></ext:TPX></Extensions></Trackpoint><Trackpoint><Time>2025-09-14T11:09:48.416Z</Time><DistanceMeters>6957.205821319811</DistanceMeters><HeartRateBpm><Value>155</Value></HeartRateBpm><Cadence>24</Cadence><Extensions><ext:TPX><ext:Watts>61.97222222222222</ext:Watts><ext:Torque>20</ext:Torque></ext:TPX></Extensions></Trackpoint><Trackpoint><Time>2025-09-14T11:09:49.676Z</Time><DistanceMeters>6962.625933072746</DistanceMeters><HeartRateBpm><Value>155</Value></HeartRateBpm><Cadence>24</Cadence><Extensions><ext:TPX><ext:Watts>63.80555555555556</ext:Watts><ext:Torque>20</ext:Torque></ext:TPX></Extensions></Trackpoint><Trackpoint><Time>2025-09-14T11:09:50.936Z</Time><DistanceMeters>6968.14986934337</DistanceMeters><HeartRateBpm><Value>155</Value></HeartRateBpm><Cadence>24</Cadence><Extensions><ext:TPX><ext:Watts>65.02777777777777</ext:Watts><ext:Torque>20</ext:Torque></ext:TPX></Extensions></Trackpoint><Trackpoint><Time>2025-09-14T11:09:52.231Z</Time><DistanceMeters>6973.743815902613</DistanceMeters><HeartRateBpm><Value>155</Value></HeartRateBpm><Cadence>23</Cadence><Extensions><ext:TPX><ext:Watts>63.108108108108105</ext:Watts><ext:Torque>20</ext:Torque></ext:TPX></Extensions></Trackpoint><Trackpoint><Time>2025-09-14T11:09:53.526Z</Time><DistanceMeters>6979.153293988597</DistanceMeters><HeartRateBpm><Value>156</Value></HeartRateBpm><Cadence>23</Cadence><Extensions><ext:TPX><ext:Watts>61.027027027027025</ext:Watts><ext:Torque>20</ext:Torque></ext:TPX></Extensions></Trackpoint><Trackpoint><Time>2025-09-14T11:09:54.791Z</Time><DistanceMeters>6984.614021812524</DistanceMeters><HeartRateBpm><Value>156</Value></HeartRateBpm><Cadence>24</Cadence><Extensions><ext:TPX><ext:Watts>62.94444444444444</ext:Watts><ext:Torque>20</ext:Torque></ext:TPX></Extensions></Trackpoint><Trackpoint><Time>2025-09-14T11:09:56.051Z</Time><DistanceMeters>6989.878396788928</DistanceMeters><HeartRateBpm><Value>156</Value></HeartRateBpm><Cadence>24</Cadence><Extensions><ext:TPX><ext:Watts>61.97222222222222</ext:Watts><ext:Torque>20</ext:Torque></ext:TPX></Extensions></Trackpoint><Trackpoint><Time>2025-09-14T11:09:57.346Z</Time><DistanceMeters>6995.060283901409</DistanceMeters><HeartRateBpm><Value>156</Value></HeartRateBpm><Cadence>23</Cadence><Extensions><ext:TPX><ext:Watts>58.45945945945946</ext:Watts><ext:Torque>20</ext:Torque></ext:TPX></Extensions></Trackpoint><Trackpoint><Time>2025-09-14T11:09:58.641Z</Time><DistanceMeters>7000.227796847143</DistanceMeters><HeartRateBpm><Value>156</Value></HeartRateBpm><Cadence>23</Cadence><Extensions><ext:TPX><ext:Watts>58.2972972972973</ext:Watts><ext:Torque>20</ext:Torque></ext:TPX></Extensions></Trackpoint><Trackpoint><Time>2025-09-14T11:09:59.901Z</Time><DistanceMeters>7005.345873639531</DistanceMeters><HeartRateBpm><Value>156</Value></HeartRateBpm><Cadence>24</Cadence><Extensions><ext:TPX><ext:Watts>60.25</ext:Watts><ext:Torque>20</ext:Torque></ext:TPX></Extensions></Trackpoint><Trackpoint><Time>2025-09-14T11:10:01.196Z</Time><DistanceMeters>7010.664315336115</DistanceMeters><HeartRateBpm><Value>156</Value></HeartRateBpm><Cadence>23</Cadence><Extensions><ext:TPX><ext:Watts>60.0</ext:Watts><ext:Torque>20</ext:Torque></ext:TPX></Extensions></Trackpoint><Trackpoint><Time>2025-09-14T11:10:02.456Z</Time><DistanceMeters>7015.603058870679</DistanceMeters><HeartRateBpm><Value>156</Value></HeartRateBpm><Cadence>24</Cadence><Extensions><ext:TPX><ext:Watts>58.138888888888886</ext:Watts><ext:Torque>20</ext:Torque></ext:TPX></Extensions></Trackpoint><Trackpoint><Time>2025-09-14T11:10:03.716Z</Time><DistanceMeters>7020.697539181775</DistanceMeters><HeartRateBpm><Value>156</Value></HeartRateBpm><Cadence>24</Cadence><Extensions><ext:TPX><ext:Watts>59.97222222222222</ext:Watts><ext:Torque>20</ext:Torque></ext:TPX></Extensions></Trackpoint><Trackpoint><Time>2025-09-14T11:10:05.012Z</Time><DistanceMeters>7025.900987544378</DistanceMeters><HeartRateBpm><Value>156</Value></HeartRateBpm><Cadence>23</Cadence><Extensions><ext:TPX><ext:Watts>58.7027027027027</ext:Watts><ext:Torque>20</ext:Torque></ext:TPX></Extensions></Trackpoint><Trackpoint><Time>2025-09-14T11:10:06.308Z</Time><DistanceMeters>7030.931945906011</DistanceMeters><HeartRateBpm><Value>156</Value></HeartRateBpm><Cadence>23</Cadence><Extensions><ext:TPX><ext:Watts>56.75675675675676</ext:Watts><ext:Torque>20</ext:Torque></ext:TPX></Extensions></Trackpoint><Trackpoint><Time>2025-09-14T11:10:07.572Z</Time><DistanceMeters>7035.722734482341</DistanceMeters><HeartRateBpm><Value>156</Value></HeartRateBpm><Cadence>24</Cadence><Extensions><ext:TPX><ext:Watts>55.22222222222222</ext:Watts><ext:Torque>20</ext:Torque></ext:TPX></Extensions></Trackpoint><Trackpoint><Time>2025-09-14T11:10:08.866Z</Time><DistanceMeters>7040.530893259387</DistanceMeters><HeartRateBpm><Value>156</Value></HeartRateBpm><Cadence>23</Cadence><Extensions><ext:TPX><ext:Watts>54.24324324324324</ext:Watts><ext:Torque>20</ext:Torque></ext:TPX></Extensions></Trackpoint><Trackpoint><Time>2025-09-14T11:10:10.162Z</Time><DistanceMeters>7045.398944397881</DistanceMeters><HeartRateBpm><Value>156</Value></HeartRateBpm><Cadence>23</Cadence><Extensions><ext:TPX><ext:Watts>54.91891891891892</ext:Watts><ext:Torque>20</ext:Torque></ext:TPX></Extensions></Trackpoint><Trackpoint><Time>2025-09-14T11:10:11.456Z</Time><DistanceMeters>7050.2071031749265</DistanceMeters><HeartRateBpm><Value>156</Value></HeartRateBpm><Cadence>23</Cadence><Extensions><ext:TPX><ext:Watts>54.24324324324324</ext:Watts><ext:Torque>20</ext:Torque></ext:TPX></Extensions></Trackpoint><Trackpoint><Time>2025-09-14T11:10:12.751Z</Time><DistanceMeters>7055.137442369326</DistanceMeters><HeartRateBpm><Value>156</Value></HeartRateBpm><Cadence>23</Cadence><Extensions><ext:TPX><ext:Watts>55.62162162162162</ext:Watts><ext:Torque>20</ext:Torque></ext:TPX></Extensions></Trackpoint><Trackpoint><Time>2025-09-14T11:10:14.052Z</Time><DistanceMeters>7059.8737303126345</DistanceMeters><HeartRateBpm><Value>156</Value></HeartRateBpm><Cadence>23</Cadence><Extensions><ext:TPX><ext:Watts>53.432432432432435</ext:Watts><ext:Torque>20</ext:Torque></ext:TPX></Extensions></Trackpoint><Trackpoint><Time>2025-09-14T11:10:15.276Z</Time><DistanceMeters>7064.802359693614</DistanceMeters><HeartRateBpm><Value>156</Value></HeartRateBpm><Cadence>24</Cadence><Extensions><ext:TPX><ext:Watts>59.22857142857143</ext:Watts><ext:Torque>20</ext:Torque></ext:TPX></Extensions></Trackpoint><Trackpoint><Time>2025-09-14T11:10:16.572Z</Time><DistanceMeters>7070.020182222964</DistanceMeters><HeartRateBpm><Value>156</Value></HeartRateBpm><Cadence>23</Cadence><Extensions><ext:TPX><ext:Watts>58.86486486486486</ext:Watts><ext:Torque>20</ext:Torque></ext:TPX></Extensions></Trackpoint><Trackpoint><Time>2025-09-14T11:10:17.831Z</Time><DistanceMeters>7074.932969628106</DistanceMeters><HeartRateBpm><Value>156</Value></HeartRateBpm><Cadence>24</Cadence><Extensions><ext:TPX><ext:Watts>57.833333333333336</ext:Watts><ext:Torque>20</ext:Torque></ext:TPX></Extensions></Trackpoint><Trackpoint><Time>2025-09-14T11:10:19.093Z</Time><DistanceMeters>7080.0510464204945</DistanceMeters><HeartRateBpm><Value>156</Value></HeartRateBpm><Cadence>24</Cadence><Extensions><ext:TPX><ext:Watts>60.25</ext:Watts><ext:Torque>20</ext:Torque></ext:TPX></Extensions></Trackpoint><Trackpoint><Time>2025-09-14T11:10:20.352Z</Time><DistanceMeters>7084.975632066283</DistanceMeters><HeartRateBpm><Value>156</Value></HeartRateBpm><Cadence>24</Cadence><Extensions><ext:TPX><ext:Watts>57.97222222222222</ext:Watts><ext:Torque>20</ext:Torque></ext:TPX></Extensions></Trackpoint><Trackpoint><Time>2025-09-14T11:10:21.577Z</Time><DistanceMeters>7090.272779321865</DistanceMeters><HeartRateBpm><Value>155</Value></HeartRateBpm><Cadence>24</Cadence><Extensions><ext:TPX><ext:Watts>63.65714285714286</ext:Watts><ext:Torque>20</ext:Torque></ext:TPX></Extensions></Trackpoint><Trackpoint><Time>2025-09-14T11:10:22.802Z</Time><DistanceMeters>7095.657895360417</DistanceMeters><HeartRateBpm><Value>155</Value></HeartRateBpm><Cadence>24</Cadence><Extensions><ext:TPX><ext:Watts>64.71428571428571</ext:Watts><ext:Torque>20</ext:Torque></ext:TPX></Extensions></Trackpoint><Trackpoint><Time>2025-09-14T11:10:24.027Z</Time><DistanceMeters>7100.969307824048</DistanceMeters><HeartRateBpm><Value>155</Value></HeartRateBpm><Cadence>24</Cadence><Extensions><ext:TPX><ext:Watts>63.82857142857143</ext:Watts><ext:Torque>20</ext:Torque></ext:TPX></Extensions></Trackpoint><Trackpoint><Time>2025-09-14T11:10:25.252Z</Time><DistanceMeters>7106.340158654551</DistanceMeters><HeartRateBpm><Value>155</Value></HeartRateBpm><Cadence>24</Cadence><Extensions><ext:TPX><ext:Watts>64.54285714285714</ext:Watts><ext:Torque>20</ext:Torque></ext:TPX></Extensions></Trackpoint><Trackpoint><Time>2025-09-14T11:10:26.477Z</Time><DistanceMeters>7111.663458791556</DistanceMeters><HeartRateBpm><Value>155</Value></HeartRateBpm><Cadence>24</Cadence><Extensions><ext:TPX><ext:Watts>63.97142857142857</ext:Watts><ext:Torque>20</ext:Torque></ext:TPX></Extensions></Trackpoint><Trackpoint><Time>2025-09-14T11:10:27.737Z</Time><DistanceMeters>7117.043456526294</DistanceMeters><HeartRateBpm><Value>155</Value></HeartRateBpm><Cadence>24</Cadence><Extensions><ext:TPX><ext:Watts>63.333333333333336</ext:Watts><ext:Torque>20</ext:Torque></ext:TPX></Extensions></Trackpoint><Trackpoint><Time>2025-09-14T11:10:28.962Z</Time><DistanceMeters>7122.319205969802</DistanceMeters><HeartRateBpm><Value>155</Value></HeartRateBpm><Cadence>24</Cadence><Extensions><ext:TPX><ext:Watts>63.4</ext:Watts><ext:Torque>20</ext:Torque></ext:TPX></Extensions></Trackpoint><Trackpoint><Time>2025-09-14T11:10:30.187Z</Time><DistanceMeters>7127.43803812477</DistanceMeters><HeartRateBpm><Value>155</Value></HeartRateBpm><Cadence>24</Cadence><Extensions><ext:TPX><ext:Watts>61.51428571428571</ext:Watts><ext:Torque>20</ext:Torque></ext:TPX></Extensions></Trackpoint><Trackpoint><Time>2025-09-14T11:10:31.412Z</Time><DistanceMeters>7132.804133885923</DistanceMeters><HeartRateBpm><Value>156</Value></HeartRateBpm><Cadence>24</Cadence><Extensions><ext:TPX><ext:Watts>64.48571428571428</ext:Watts><ext:Torque>20</ext:Torque></ext:TPX></Extensions></Trackpoint><Trackpoint><Time>2025-09-14T11:10:32.647Z</Time><DistanceMeters>7138.063240586707</DistanceMeters><HeartRateBpm><Value>156</Value></HeartRateBpm><Cadence>24</Cadence><Extensions><ext:TPX><ext:Watts>63.2</ext:Watts><ext:Torque>20</ext:Torque></ext:TPX></Extensions></Trackpoint><Trackpoint><Time>2025-09-14T11:10:33.872Z</Time><DistanceMeters>7143.331857426191</DistanceMeters><HeartRateBpm><Value>156</Value></HeartRateBpm><Cadence>24</Cadence><Extensions><ext:TPX><ext:Watts>63.31428571428572</ext:Watts><ext:Torque>20</ext:Torque></ext:TPX></Extensions></Trackpoint><Trackpoint><Time>2025-09-14T11:10:35.062Z</Time><DistanceMeters>7148.7908728366365</DistanceMeters><HeartRateBpm><Value>156</Value></HeartRateBpm><Cadence>25</Cadence><Extensions><ext:TPX><ext:Watts>66.94117647058823</ext:Watts><ext:Torque>20</ext:Torque></ext:TPX></Extensions></Trackpoint><Trackpoint><Time>2025-09-14T11:10:36.287Z</Time><DistanceMeters>7154.095152696243</DistanceMeters><HeartRateBpm><Value>156</Value></HeartRateBpm><Cadence>24</Cadence><Extensions><ext:TPX><ext:Watts>63.74285714285714</ext:Watts><ext:Torque>20</ext:Torque></ext:TPX></Extensions></Trackpoint><Trackpoint><Time>2025-09-14T11:10:37.512Z</Time><DistanceMeters>7159.418452833248</DistanceMeters><HeartRateBpm><Value>156</Value></HeartRateBpm><Cadence>24</Cadence><Extensions><ext:TPX><ext:Watts>63.97142857142857</ext:Watts><ext:Torque>20</ext:Torque></ext:TPX></Extensions></Trackpoint><Trackpoint><Time>2025-09-14T11:10:38.702Z</Time><DistanceMeters>7165.110123997127</DistanceMeters><HeartRateBpm><Value>156</Value></HeartRateBpm><Cadence>25</Cadence><Extensions><ext:TPX><ext:Watts>69.79411764705883</ext:Watts><ext:Torque>20</ext:Torque></ext:TPX></Extensions></Trackpoint><Trackpoint><Time>2025-09-14T11:10:39.927Z</Time><DistanceMeters>7170.495240035679</DistanceMeters><HeartRateBpm><Value>157</Value></HeartRateBpm><Cadence>24</Cadence><Extensions><ext:TPX><ext:Watts>64.71428571428571</ext:Watts><ext:Torque>20</ext:Torque></ext:TPX></Extensions></Trackpoint><Trackpoint><Time>2025-09-14T11:10:41.117Z</Time><DistanceMeters>7175.918277752295</DistanceMeters><HeartRateBpm><Value>157</Value></HeartRateBpm><Cadence>25</Cadence><Extensions><ext:TPX><ext:Watts>66.5</ext:Watts><ext:Torque>20</ext:Torque></ext:TPX></Extensions></Trackpoint><Trackpoint><Time>2025-09-14T11:10:42.342Z</Time><DistanceMeters>7181.3770973657665</DistanceMeters><HeartRateBpm><Value>157</Value></HeartRateBpm><Cadence>24</Cadence><Extensions><ext:TPX><ext:Watts>65.6</ext:Watts><ext:Torque>20</ext:Torque></ext:TPX></Extensions></Trackpoint><Trackpoint><Time>2025-09-14T11:10:43.572Z</Time><DistanceMeters>7186.783611216392</DistanceMeters><HeartRateBpm><Value>157</Value></HeartRateBpm><Cadence>24</Cadence><Extensions><ext:TPX><ext:Watts>64.97142857142858</ext:Watts><ext:Torque>20</ext:Torque></ext:TPX></Extensions></Trackpoint><Trackpoint><Time>2025-09-14T11:10:44.763Z</Time><DistanceMeters>7192.014767899249</DistanceMeters><HeartRateBpm><Value>157</Value></HeartRateBpm><Cadence>25</Cadence><Extensions><ext:TPX><ext:Watts>64.1470588235294</ext:Watts><ext:Torque>20</ext:Torque></ext:TPX></Extensions></Trackpoint><Trackpoint><Time>2025-09-14T11:10:45.987Z</Time><DistanceMeters>7197.185905817063</DistanceMeters><HeartRateBpm><Value>157</Value></HeartRateBpm><Cadence>24</Cadence><Extensions><ext:TPX><ext:Watts>62.142857142857146</ext:Watts><ext:Torque>20</ext:Torque></ext:TPX></Extensions></Trackpoint><Trackpoint><Time>2025-09-14T11:10:47.247Z</Time><DistanceMeters>7202.457359737854</DistanceMeters><HeartRateBpm><Value>157</Value></HeartRateBpm><Cadence>24</Cadence><Extensions><ext:TPX><ext:Watts>62.05555555555556</ext:Watts><ext:Torque>20</ext:Torque></ext:TPX></Extensions></Trackpoint><Trackpoint><Time>2025-09-14T11:10:48.472Z</Time><DistanceMeters>7207.939954698075</DistanceMeters><HeartRateBpm><Value>157</Value></HeartRateBpm><Cadence>24</Cadence><Extensions><ext:TPX><ext:Watts>65.88571428571429</ext:Watts><ext:Torque>20</ext:Torque></ext:TPX></Extensions></Trackpoint><Trackpoint><Time>2025-09-14T11:10:49.697Z</Time><DistanceMeters>7212.966063000723</DistanceMeters><HeartRateBpm><Value>157</Value></HeartRateBpm><Cadence>24</Cadence><Extensions><ext:TPX><ext:Watts>60.4</ext:Watts><ext:Torque>20</ext:Torque></ext:TPX></Extensions></Trackpoint><Trackpoint><Time>2025-09-14T11:10:50.957Z</Time><DistanceMeters>7218.098297681887</DistanceMeters><HeartRateBpm><Value>157</Value></HeartRateBpm><Cadence>24</Cadence><Extensions><ext:TPX><ext:Watts>60.416666666666664</ext:Watts><ext:Torque>20</ext:Torque></ext:TPX></Extensions></Trackpoint><Trackpoint><Time>2025-09-14T11:10:52.182Z</Time><DistanceMeters>7223.340761639947</DistanceMeters><HeartRateBpm><Value>157</Value></HeartRateBpm><Cadence>24</Cadence><Extensions><ext:TPX><ext:Watts>63.0</ext:Watts><ext:Torque>20</ext:Torque></ext:TPX></Extensions></Trackpoint><Trackpoint><Time>2025-09-14T11:10:53.407Z</Time><DistanceMeters>7228.426308309467</DistanceMeters><HeartRateBpm><Value>157</Value></HeartRateBpm><Cadence>24</Cadence><Extensions><ext:TPX><ext:Watts>61.114285714285714</ext:Watts><ext:Torque>20</ext:Torque></ext:TPX></Extensions></Trackpoint><Trackpoint><Time>2025-09-14T11:10:54.637Z</Time><DistanceMeters>7233.53325279106</DistanceMeters><HeartRateBpm><Value>157</Value></HeartRateBpm><Cadence>24</Cadence><Extensions><ext:TPX><ext:Watts>61.371428571428574</ext:Watts><ext:Torque>20</ext:Torque></ext:TPX></Extensions></Trackpoint><Trackpoint><Time>2025-09-14T11:10:55.932Z</Time><DistanceMeters>7238.652851847635</DistanceMeters><HeartRateBpm><Value>157</Value></HeartRateBpm><Cadence>23</Cadence><Extensions><ext:TPX><ext:Watts>57.75675675675676</ext:Watts><ext:Torque>20</ext:Torque></ext:TPX></Extensions></Trackpoint><Trackpoint><Time>2025-09-14T11:10:57.192Z</Time><DistanceMeters>7243.832279491385</DistanceMeters><HeartRateBpm><Value>157</Value></HeartRateBpm><Cadence>24</Cadence><Extensions><ext:TPX><ext:Watts>60.97222222222222</ext:Watts><ext:Torque>20</ext:Torque></ext:TPX></Extensions></Trackpoint><Trackpoint><Time>2025-09-14T11:10:58.487Z</Time><DistanceMeters>7249.301649938817</DistanceMeters><HeartRateBpm><Value>157</Value></HeartRateBpm><Cadence>23</Cadence><Extensions><ext:TPX><ext:Watts>61.7027027027027</ext:Watts><ext:Torque>20</ext:Torque></ext:TPX></Extensions></Trackpoint><Trackpoint><Time>2025-09-14T11:10:59.748Z</Time><DistanceMeters>7254.653331896004</DistanceMeters><HeartRateBpm><Value>158</Value></HeartRateBpm><Cadence>24</Cadence><Extensions><ext:TPX><ext:Watts>63.0</ext:Watts><ext:Torque>20</ext:Torque></ext:TPX></Extensions></Trackpoint><Trackpoint><Time>2025-09-14T11:11:01.007Z</Time><DistanceMeters>7259.780847280909</DistanceMeters><HeartRateBpm><Value>158</Value></HeartRateBpm><Cadence>24</Cadence><Extensions><ext:TPX><ext:Watts>60.361111111111114</ext:Watts><ext:Torque>20</ext:Torque></ext:TPX></Extensions></Trackpoint><Trackpoint><Time>2025-09-14T11:11:02.267Z</Time><DistanceMeters>7265.047581905442</DistanceMeters><HeartRateBpm><Value>158</Value></HeartRateBpm><Cadence>24</Cadence><Extensions><ext:TPX><ext:Watts>62.0</ext:Watts><ext:Torque>20</ext:Torque></ext:TPX></Extensions></Trackpoint><Trackpoint><Time>2025-09-14T11:11:03.567Z</Time><DistanceMeters>7270.258217351418</DistanceMeters><HeartRateBpm><Value>158</Value></HeartRateBpm><Cadence>23</Cadence><Extensions><ext:TPX><ext:Watts>58.78378378378378</ext:Watts><ext:Torque>20</ext:Torque></ext:TPX></Extensions></Trackpoint><Trackpoint><Time>2025-09-14T11:11:04.827Z</Time><DistanceMeters>7275.234715256051</DistanceMeters><HeartRateBpm><Value>158</Value></HeartRateBpm><Cadence>24</Cadence><Extensions><ext:TPX><ext:Watts>58.583333333333336</ext:Watts><ext:Torque>20</ext:Torque></ext:TPX></Extensions></Trackpoint><Trackpoint><Time>2025-09-14T11:11:06.088Z</Time><DistanceMeters>7280.390546418507</DistanceMeters><HeartRateBpm><Value>158</Value></HeartRateBpm><Cadence>24</Cadence><Extensions><ext:TPX><ext:Watts>60.69444444444444</ext:Watts><ext:Torque>20</ext:Torque></ext:TPX></Extensions></Trackpoint><Trackpoint><Time>2025-09-14T11:11:07.313Z</Time><DistanceMeters>7285.7186016248625</DistanceMeters><HeartRateBpm><Value>158</Value></HeartRateBpm><Cadence>24</Cadence><Extensions><ext:TPX><ext:Watts>64.02857142857142</ext:Watts><ext:Torque>20</ext:Torque></ext:TPX></Extensions></Trackpoint><Trackpoint><Time>2025-09-14T11:11:08.573Z</Time><DistanceMeters>7291.285011561813</DistanceMeters><HeartRateBpm><Value>158</Value></HeartRateBpm><Cadence>24</Cadence><Extensions><ext:TPX><ext:Watts>65.52777777777777</ext:Watts><ext:Torque>20</ext:Torque></ext:TPX></Extensions></Trackpoint><Trackpoint><Time>2025-09-14T11:11:09.803Z</Time><DistanceMeters>7296.960186830697</DistanceMeters><HeartRateBpm><Value>158</Value></HeartRateBpm><Cadence>24</Cadence><Extensions><ext:TPX><ext:Watts>68.2</ext:Watts><ext:Torque>20</ext:Torque></ext:TPX></Extensions></Trackpoint><Trackpoint><Time>2025-09-14T11:11:11.063Z</Time><DistanceMeters>7302.769640524963</DistanceMeters><HeartRateBpm><Value>158</Value></HeartRateBpm><Cadence>24</Cadence><Extensions><ext:TPX><ext:Watts>68.38888888888889</ext:Watts><ext:Torque>20</ext:Torque></ext:TPX></Extensions></Trackpoint><Trackpoint><Time>2025-09-14T11:11:12.323Z</Time><DistanceMeters>7308.753708180794</DistanceMeters><HeartRateBpm><Value>158</Value></HeartRateBpm><Cadence>24</Cadence><Extensions><ext:TPX><ext:Watts>70.44444444444444</ext:Watts><ext:Torque>20</ext:Torque></ext:TPX></Extensions></Trackpoint><Trackpoint><Time>2025-09-14T11:11:13.588Z</Time><DistanceMeters>7314.797620529606</DistanceMeters><HeartRateBpm><Value>158</Value></HeartRateBpm><Cadence>24</Cadence><Extensions><ext:TPX><ext:Watts>69.66666666666667</ext:Watts><ext:Torque>20</ext:Torque></ext:TPX></Extensions></Trackpoint><Trackpoint><Time>2025-09-14T11:11:14.883Z</Time><DistanceMeters>7320.456250839214</DistanceMeters><HeartRateBpm><Value>158</Value></HeartRateBpm><Cadence>23</Cadence><Extensions><ext:TPX><ext:Watts>63.83783783783784</ext:Watts><ext:Torque>20</ext:Torque></ext:TPX></Extensions></Trackpoint><Trackpoint><Time>2025-09-14T11:11:16.143Z</Time><DistanceMeters>7326.383686939942</DistanceMeters><HeartRateBpm><Value>158</Value></HeartRateBpm><Cadence>24</Cadence><Extensions><ext:TPX><ext:Watts>69.77777777777777</ext:Watts><ext:Torque>20</ext:Torque></ext:TPX></Extensions></Trackpoint><Trackpoint><Time>2025-09-14T11:11:17.438Z</Time><DistanceMeters>7332.358548917995</DistanceMeters><HeartRateBpm><Value>158</Value></HeartRateBpm><Cadence>23</Cadence><Extensions><ext:TPX><ext:Watts>67.4054054054054</ext:Watts><ext:Torque>20</ext:Torque></ext:TPX></Extensions></Trackpoint><Trackpoint><Time>2025-09-14T11:11:18.733Z</Time><DistanceMeters>7338.196856311946</DistanceMeters><HeartRateBpm><Value>158</Value></HeartRateBpm><Cadence>23</Cadence><Extensions><ext:TPX><ext:Watts>65.86486486486487</ext:Watts><ext:Torque>20</ext:Torque></ext:TPX></Extensions></Trackpoint><Trackpoint><Time>2025-09-14T11:11:20.028Z</Time><DistanceMeters>7343.778824398901</DistanceMeters><HeartRateBpm><Value>158</Value></HeartRateBpm><Cadence>23</Cadence><Extensions><ext:TPX><ext:Watts>62.972972972972975</ext:Watts><ext:Torque>20</ext:Torque></ext:TPX></Extensions></Trackpoint><Trackpoint><Time>2025-09-14T11:11:21.323Z</Time><DistanceMeters>7349.423080541761</DistanceMeters><HeartRateBpm><Value>158</Value></HeartRateBpm><Cadence>23</Cadence><Extensions><ext:TPX><ext:Watts>63.67567567567568</ext:Watts><ext:Torque>20</ext:Torque></ext:TPX></Extensions></Trackpoint><Trackpoint><Time>2025-09-14T11:11:22.653Z</Time><DistanceMeters>7354.70471820711</DistanceMeters><HeartRateBpm><Value>158</Value></HeartRateBpm><Cadence>22</Cadence><Extensions><ext:TPX><ext:Watts>58.28947368421053</ext:Watts><ext:Torque>20</ext:Torque></ext:TPX></Extensions></Trackpoint><Trackpoint><Time>2025-09-14T11:11:23.953Z</Time><DistanceMeters>7359.9177493475445</DistanceMeters><HeartRateBpm><Value>158</Value></HeartRateBpm><Cadence>23</Cadence><Extensions><ext:TPX><ext:Watts>58.810810810810814</ext:Watts><ext:Torque>20</ext:Torque></ext:TPX></Extensions></Trackpoint><Trackpoint><Time>2025-09-14T11:11:25.248Z</Time><DistanceMeters>7365.1978599328</DistanceMeters><HeartRateBpm><Value>158</Value></HeartRateBpm><Cadence>23</Cadence><Extensions><ext:TPX><ext:Watts>59.567567567567565</ext:Watts><ext:Torque>20</ext:Torque></ext:TPX></Extensions></Trackpoint><Trackpoint><Time>2025-09-14T11:11:26.578Z</Time><DistanceMeters>7370.386502623455</DistanceMeters><HeartRateBpm><Value>158</Value></HeartRateBpm><Cadence>22</Cadence><Extensions><ext:TPX><ext:Watts>57.26315789473684</ext:Watts><ext:Torque>20</ext:Torque></ext:TPX></Extensions></Trackpoint><Trackpoint><Time>2025-09-14T11:11:27.873Z</Time><DistanceMeters>7375.81754195956</DistanceMeters><HeartRateBpm><Value>158</Value></HeartRateBpm><Cadence>23</Cadence><Extensions><ext:TPX><ext:Watts>61.270270270270274</ext:Watts><ext:Torque>20</ext:Torque></ext:TPX></Extensions></Trackpoint><Trackpoint><Time>2025-09-14T11:11:29.173Z</Time><DistanceMeters>7381.265351156871</DistanceMeters><HeartRateBpm><Value>158</Value></HeartRateBpm><Cadence>23</Cadence><Extensions><ext:TPX><ext:Watts>61.45945945945946</ext:Watts><ext:Torque>20</ext:Torque></ext:TPX></Extensions></Trackpoint><Trackpoint><Time>2025-09-14T11:11:30.503Z</Time><DistanceMeters>7386.515990497322</DistanceMeters><HeartRateBpm><Value>158</Value></HeartRateBpm><Cadence>22</Cadence><Extensions><ext:TPX><ext:Watts>57.94736842105263</ext:Watts><ext:Torque>20</ext:Torque></ext:TPX></Extensions></Trackpoint><Trackpoint><Time>2025-09-14T11:11:31.798Z</Time><DistanceMeters>7391.994943722585</DistanceMeters><HeartRateBpm><Value>158</Value></HeartRateBpm><Cadence>23</Cadence><Extensions><ext:TPX><ext:Watts>61.810810810810814</ext:Watts><ext:Torque>20</ext:Torque></ext:TPX></Extensions></Trackpoint><Trackpoint><Time>2025-09-14T11:11:33.093Z</Time><DistanceMeters>7397.67992667123</DistanceMeters><HeartRateBpm><Value>158</Value></HeartRateBpm><Cadence>23</Cadence><Extensions><ext:TPX><ext:Watts>64.13513513513513</ext:Watts><ext:Torque>20</ext:Torque></ext:TPX></Extensions></Trackpoint><Trackpoint><Time>2025-09-14T11:11:34.458Z</Time><DistanceMeters>7403.347042430089</DistanceMeters><HeartRateBpm><Value>158</Value></HeartRateBpm><Cadence>22</Cadence><Extensions><ext:TPX><ext:Watts>61.15384615384615</ext:Watts><ext:Torque>20</ext:Torque></ext:TPX></Extensions></Trackpoint><Trackpoint><Time>2025-09-14T11:11:35.788Z</Time><DistanceMeters>7409.105577401564</DistanceMeters><HeartRateBpm><Value>158</Value></HeartRateBpm><Cadence>22</Cadence><Extensions><ext:TPX><ext:Watts>63.55263157894737</ext:Watts><ext:Torque>20</ext:Torque></ext:TPX></Extensions></Trackpoint><Trackpoint><Time>2025-09-14T11:11:37.118Z</Time><DistanceMeters>7414.876034805693</DistanceMeters><HeartRateBpm><Value>158</Value></HeartRateBpm><Cadence>22</Cadence><Extensions><ext:TPX><ext:Watts>63.68421052631579</ext:Watts><ext:Torque>20</ext:Torque></ext:TPX></Extensions></Trackpoint><Trackpoint><Time>2025-09-14T11:11:38.378Z</Time><DistanceMeters>7420.338620224956</DistanceMeters><HeartRateBpm><Value>158</Value></HeartRateBpm><Cadence>24</Cadence><Extensions><ext:TPX><ext:Watts>64.30555555555556</ext:Watts><ext:Torque>20</ext:Torque></ext:TPX></Extensions></Trackpoint><Trackpoint><Time>2025-09-14T11:11:39.603Z</Time><DistanceMeters>7426.073233860711</DistanceMeters><HeartRateBpm><Value>158</Value></HeartRateBpm><Cadence>24</Cadence><Extensions><ext:TPX><ext:Watts>68.91428571428571</ext:Watts><ext:Torque>20</ext:Torque></ext:TPX></Extensions></Trackpoint><Trackpoint><Time>2025-09-14T11:11:40.863Z</Time><DistanceMeters>7431.67739816773</DistanceMeters><HeartRateBpm><Value>158</Value></HeartRateBpm><Cadence>24</Cadence><Extensions><ext:TPX><ext:Watts>65.97222222222223</ext:Watts><ext:Torque>20</ext:Torque></ext:TPX></Extensions></Trackpoint><Trackpoint><Time>2025-09-14T11:11:42.158Z</Time><DistanceMeters>7437.084480559256</DistanceMeters><HeartRateBpm><Value>158</Value></HeartRateBpm><Cadence>23</Cadence><Extensions><ext:TPX><ext:Watts>61.0</ext:Watts><ext:Torque>20</ext:Torque></ext:TPX></Extensions></Trackpoint><Trackpoint><Time>2025-09-14T11:11:43.488Z</Time><DistanceMeters>7442.492496010729</DistanceMeters><HeartRateBpm><Value>158</Value></HeartRateBpm><Cadence>22</Cadence><Extensions><ext:TPX><ext:Watts>59.68421052631579</ext:Watts><ext:Torque>20</ext:Torque></ext:TPX></Extensions></Trackpoint><Trackpoint><Time>2025-09-14T11:11:44.818Z</Time><DistanceMeters>7447.848052758528</DistanceMeters><HeartRateBpm><Value>158</Value></HeartRateBpm><Cadence>22</Cadence><Extensions><ext:TPX><ext:Watts>59.10526315789474</ext:Watts><ext:Torque>20</ext:Torque></ext:TPX></Extensions></Trackpoint><Trackpoint><Time>2025-09-14T11:11:46.114Z</Time><DistanceMeters>7453.039522648841</DistanceMeters><HeartRateBpm><Value>158</Value></HeartRateBpm><Cadence>23</Cadence><Extensions><ext:TPX><ext:Watts>58.567567567567565</ext:Watts><ext:Torque>20</ext:Torque></ext:TPX></Extensions></Trackpoint><Trackpoint><Time>2025-09-14T11:11:47.374Z</Time><DistanceMeters>7458.3487309397005</DistanceMeters><HeartRateBpm><Value>158</Value></HeartRateBpm><Cadence>24</Cadence><Extensions><ext:TPX><ext:Watts>62.5</ext:Watts><ext:Torque>20</ext:Torque></ext:TPX></Extensions></Trackpoint><Trackpoint><Time>2025-09-14T11:11:48.633Z</Time><DistanceMeters>7463.572991897907</DistanceMeters><HeartRateBpm><Value>158</Value></HeartRateBpm><Cadence>24</Cadence><Extensions><ext:TPX><ext:Watts>61.5</ext:Watts><ext:Torque>20</ext:Torque></ext:TPX></Extensions></Trackpoint><Trackpoint><Time>2025-09-14T11:11:49.893Z</Time><DistanceMeters>7468.745340597269</DistanceMeters><HeartRateBpm><Value>158</Value></HeartRateBpm><Cadence>24</Cadence><Extensions><ext:TPX><ext:Watts>60.888888888888886</ext:Watts><ext:Torque>20</ext:Torque></ext:TPX></Extensions></Trackpoint><Trackpoint><Time>2025-09-14T11:11:51.154Z</Time><DistanceMeters>7473.79026829765</DistanceMeters><HeartRateBpm><Value>159</Value></HeartRateBpm><Cadence>24</Cadence><Extensions><ext:TPX><ext:Watts>59.388888888888886</ext:Watts><ext:Torque>20</ext:Torque></ext:TPX></Extensions></Trackpoint><Trackpoint><Time>2025-09-14T11:11:52.448Z</Time><DistanceMeters>7478.936219993263</DistanceMeters><HeartRateBpm><Value>159</Value></HeartRateBpm><Cadence>23</Cadence><Extensions><ext:TPX><ext:Watts>58.054054054054056</ext:Watts><ext:Torque>20</ext:Torque></ext:TPX></Extensions></Trackpoint><Trackpoint><Time>2025-09-14T11:11:53.678Z</Time><DistanceMeters>7483.738840036474</DistanceMeters><HeartRateBpm><Value>159</Value></HeartRateBpm><Cadence>24</Cadence><Extensions><ext:TPX><ext:Watts>57.714285714285715</ext:Watts><ext:Torque>20</ext:Torque></ext:TPX></Extensions></Trackpoint><Trackpoint><Time>2025-09-14T11:11:54.833Z</Time><DistanceMeters>7488.210752765268</DistanceMeters><HeartRateBpm><Value>159</Value></HeartRateBpm><Cadence>26</Cadence><Extensions><ext:TPX><ext:Watts>57.03030303030303</ext:Watts><ext:Torque>20</ext:Torque></ext:TPX></Extensions></Trackpoint><Trackpoint><Time>2025-09-14T11:11:55.954Z</Time><DistanceMeters>7492.366093120914</DistanceMeters><HeartRateBpm><Value>159</Value></HeartRateBpm><Cadence>27</Cadence><Extensions><ext:TPX><ext:Watts>55.03125</ext:Watts><ext:Torque>20</ext:Torque></ext:TPX></Extensions></Trackpoint><Trackpoint><Time>2025-09-14T11:11:57.108Z</Time><DistanceMeters>7496.657418513157</DistanceMeters><HeartRateBpm><Value>159</Value></HeartRateBpm><Cadence>26</Cadence><Extensions><ext:TPX><ext:Watts>54.72727272727273</ext:Watts><ext:Torque>20</ext:Torque></ext:TPX></Extensions></Trackpoint><Trackpoint><Time>2025-09-14T11:11:58.234Z</Time><DistanceMeters>7501.121961817063</DistanceMeters><HeartRateBpm><Value>159</Value></HeartRateBpm><Cadence>26</Cadence><Extensions><ext:TPX><ext:Watts>58.03125</ext:Watts><ext:Torque>20</ext:Torque></ext:TPX></Extensions></Trackpoint><Trackpoint><Time>2025-09-14T11:11:59.354Z</Time><DistanceMeters>7505.558100300092</DistanceMeters><HeartRateBpm><Value>159</Value></HeartRateBpm><Cadence>27</Cadence><Extensions><ext:TPX><ext:Watts>58.75</ext:Watts><ext:Torque>20</ext:Torque></ext:TPX></Extensions></Trackpoint><Trackpoint><Time>2025-09-14T11:12:00.474Z</Time><DistanceMeters>7510.006037023767</DistanceMeters><HeartRateBpm><Value>159</Value></HeartRateBpm><Cadence>27</Cadence><Extensions><ext:TPX><ext:Watts>58.90625</ext:Watts><ext:Torque>20</ext:Torque></ext:TPX></Extensions></Trackpoint><Trackpoint><Time>2025-09-14T11:12:01.629Z</Time><DistanceMeters>7514.772592249038</DistanceMeters><HeartRateBpm><Value>159</Value></HeartRateBpm><Cadence>26</Cadence><Extensions><ext:TPX><ext:Watts>60.78787878787879</ext:Watts><ext:Torque>20</ext:Torque></ext:TPX></Extensions></Trackpoint><Trackpoint><Time>2025-09-14T11:12:02.749Z</Time><DistanceMeters>7519.350309619824</DistanceMeters><HeartRateBpm><Value>159</Value></HeartRateBpm><Cadence>27</Cadence><Extensions><ext:TPX><ext:Watts>60.625</ext:Watts><ext:Torque>20</ext:Torque></ext:TPX></Extensions></Trackpoint><Trackpoint><Time>2025-09-14T11:12:03.904Z</Time><DistanceMeters>7524.078846458452</DistanceMeters><HeartRateBpm><Value>160</Value></HeartRateBpm><Cadence>26</Cadence><Extensions><ext:TPX><ext:Watts>60.303030303030305</ext:Watts><ext:Torque>20</ext:Torque></ext:TPX></Extensions></Trackpoint><Trackpoint><Time>2025-09-14T11:12:05.059Z</Time><DistanceMeters>7528.812135595411</DistanceMeters><HeartRateBpm><Value>160</Value></HeartRateBpm><Cadence>26</Cadence><Extensions><ext:TPX><ext:Watts>60.36363636363637</ext:Watts><ext:Torque>20</ext:Torque></ext:TPX></Extensions></Trackpoint><Trackpoint><Time>2025-09-14T11:12:06.179Z</Time><DistanceMeters>7533.5219932614355</DistanceMeters><HeartRateBpm><Value>160</Value></HeartRateBpm><Cadence>27</Cadence><Extensions><ext:TPX><ext:Watts>62.375</ext:Watts><ext:Torque>20</ext:Torque></ext:TPX></Extensions></Trackpoint><Trackpoint><Time>2025-09-14T11:12:07.299Z</Time><DistanceMeters>7538.156342187323</DistanceMeters><HeartRateBpm><Value>161</Value></HeartRateBpm><Cadence>27</Cadence><Extensions><ext:TPX><ext:Watts>61.375</ext:Watts><ext:Torque>20</ext:Torque></ext:TPX></Extensions></Trackpoint><Trackpoint><Time>2025-09-14T11:12:08.419Z</Time><DistanceMeters>7543.128120795697</DistanceMeters><HeartRateBpm><Value>161</Value></HeartRateBpm><Cadence>27</Cadence><Extensions><ext:TPX><ext:Watts>65.84375</ext:Watts><ext:Torque>20</ext:Torque></ext:TPX></Extensions></Trackpoint><Trackpoint><Time>2025-09-14T11:12:09.579Z</Time><DistanceMeters>7548.080015655849</DistanceMeters><HeartRateBpm><Value>161</Value></HeartRateBpm><Cadence>26</Cadence><Extensions><ext:TPX><ext:Watts>63.15151515151515</ext:Watts><ext:Torque>20</ext:Torque></ext:TPX></Extensions></Trackpoint><Trackpoint><Time>2025-09-14T11:12:10.744Z</Time><DistanceMeters>7552.85607547778</DistanceMeters><HeartRateBpm><Value>161</Value></HeartRateBpm><Cadence>26</Cadence><Extensions><ext:TPX><ext:Watts>60.90909090909091</ext:Watts><ext:Torque>20</ext:Torque></ext:TPX></Extensions></Trackpoint><Trackpoint><Time>2025-09-14T11:12:11.934Z</Time><DistanceMeters>7557.967306514537</DistanceMeters><HeartRateBpm><Value>161</Value></HeartRateBpm><Cadence>25</Cadence><Extensions><ext:TPX><ext:Watts>62.6764705882353</ext:Watts><ext:Torque>20</ext:Torque></ext:TPX></Extensions></Trackpoint><Trackpoint><Time>2025-09-14T11:12:13.129Z</Time><DistanceMeters>7562.874663952925</DistanceMeters><HeartRateBpm><Value>161</Value></HeartRateBpm><Cadence>25</Cadence><Extensions><ext:TPX><ext:Watts>60.1764705882353</ext:Watts><ext:Torque>20</ext:Torque></ext:TPX></Extensions></Trackpoint><Trackpoint><Time>2025-09-14T11:12:14.319Z</Time><DistanceMeters>7567.978699450917</DistanceMeters><HeartRateBpm><Value>161</Value></HeartRateBpm><Cadence>25</Cadence><Extensions><ext:TPX><ext:Watts>62.588235294117645</ext:Watts><ext:Torque>20</ext:Torque></ext:TPX></Extensions></Trackpoint><Trackpoint><Time>2025-09-14T11:12:15.544Z</Time><DistanceMeters>7573.221163408977</DistanceMeters><HeartRateBpm><Value>162</Value></HeartRateBpm><Cadence>24</Cadence><Extensions><ext:TPX><ext:Watts>63.0</ext:Watts><ext:Torque>20</ext:Torque></ext:TPX></Extensions></Trackpoint><Trackpoint><Time>2025-09-14T11:12:16.804Z</Time><DistanceMeters>7578.38879281208</DistanceMeters><HeartRateBpm><Value>162</Value></HeartRateBpm><Cadence>24</Cadence><Extensions><ext:TPX><ext:Watts>60.833333333333336</ext:Watts><ext:Torque>20</ext:Torque></ext:TPX></Extensions></Trackpoint><Trackpoint><Time>2025-09-14T11:12:18.029Z</Time><DistanceMeters>7583.697827741036</DistanceMeters><HeartRateBpm><Value>161</Value></HeartRateBpm><Cadence>24</Cadence><Extensions><ext:TPX><ext:Watts>63.8</ext:Watts><ext:Torque>20</ext:Torque></ext:TPX></Extensions></Trackpoint><Trackpoint><Time>2025-09-14T11:12:19.289Z</Time><DistanceMeters>7588.789948404003</DistanceMeters><HeartRateBpm><Value>161</Value></HeartRateBpm><Cadence>24</Cadence><Extensions><ext:TPX><ext:Watts>59.94444444444444</ext:Watts><ext:Torque>20</ext:Torque></ext:TPX></Extensions></Trackpoint><Trackpoint><Time>2025-09-14T11:12:20.514Z</Time><DistanceMeters>7593.9539537177925</DistanceMeters><HeartRateBpm><Value>161</Value></HeartRateBpm><Cadence>24</Cadence><Extensions><ext:TPX><ext:Watts>62.05714285714286</ext:Watts><ext:Torque>20</ext:Torque></ext:TPX></Extensions></Trackpoint><Trackpoint><Time>2025-09-14T11:12:21.774Z</Time><DistanceMeters>7599.1074252321205</DistanceMeters><HeartRateBpm><Value>161</Value></HeartRateBpm><Cadence>24</Cadence><Extensions><ext:TPX><ext:Watts>60.666666666666664</ext:Watts><ext:Torque>20</ext:Torque></ext:TPX></Extensions></Trackpoint><Trackpoint><Time>2025-09-14T11:12:23.034Z</Time><DistanceMeters>7604.206624839475</DistanceMeters><HeartRateBpm><Value>161</Value></HeartRateBpm><Cadence>24</Cadence><Extensions><ext:TPX><ext:Watts>60.02777777777778</ext:Watts><ext:Torque>20</ext:Torque></ext:TPX></Extensions></Trackpoint><Trackpoint><Time>2025-09-14T11:12:24.329Z</Time><DistanceMeters>7609.434030146657</DistanceMeters><HeartRateBpm><Value>161</Value></HeartRateBpm><Cadence>23</Cadence><Extensions><ext:TPX><ext:Watts>58.972972972972975</ext:Watts><ext:Torque>20</ext:Torque></ext:TPX></Extensions></Trackpoint><Trackpoint><Time>2025-09-14T11:12:25.624Z</Time><DistanceMeters>7614.63747850926</DistanceMeters><HeartRateBpm><Value>161</Value></HeartRateBpm><Cadence>23</Cadence><Extensions><ext:TPX><ext:Watts>58.7027027027027</ext:Watts><ext:Torque>20</ext:Torque></ext:TPX></Extensions></Trackpoint><Trackpoint><Time>2025-09-14T11:12:26.884Z</Time><DistanceMeters>7619.807467560493</DistanceMeters><HeartRateBpm><Value>161</Value></HeartRateBpm><Cadence>24</Cadence><Extensions><ext:TPX><ext:Watts>60.861111111111114</ext:Watts><ext:Torque>20</ext:Torque></ext:TPX></Extensions></Trackpoint><Trackpoint><Time>2025-09-14T11:12:28.149Z</Time><DistanceMeters>7625.333261426452</DistanceMeters><HeartRateBpm><Value>161</Value></HeartRateBpm><Cadence>24</Cadence><Extensions><ext:TPX><ext:Watts>63.69444444444444</ext:Watts><ext:Torque>20</ext:Torque></ext:TPX></Extensions></Trackpoint><Trackpoint><Time>2025-09-14T11:12:29.445Z</Time><DistanceMeters>7630.491191594354</DistanceMeters><HeartRateBpm><Value>161</Value></HeartRateBpm><Cadence>23</Cadence><Extensions><ext:TPX><ext:Watts>58.189189189189186</ext:Watts><ext:Torque>20</ext:Torque></ext:TPX></Extensions></Trackpoint><Trackpoint><Time>2025-09-14T11:12:30.704Z</Time><DistanceMeters>7635.823996366506</DistanceMeters><HeartRateBpm><Value>160</Value></HeartRateBpm><Cadence>24</Cadence><Extensions><ext:TPX><ext:Watts>62.77777777777778</ext:Watts><ext:Torque>20</ext:Torque></ext:TPX></Extensions></Trackpoint><Trackpoint><Time>2025-09-14T11:12:31.999Z</Time><DistanceMeters>7640.795062366691</DistanceMeters><HeartRateBpm><Value>160</Value></HeartRateBpm><Cadence>23</Cadence><Extensions><ext:TPX><ext:Watts>56.08108108108108</ext:Watts><ext:Torque>20</ext:Torque></ext:TPX></Extensions></Trackpoint><Trackpoint><Time>2025-09-14T11:12:33.295Z</Time><DistanceMeters>7645.9050786454345</DistanceMeters><HeartRateBpm><Value>160</Value></HeartRateBpm><Cadence>23</Cadence><Extensions><ext:TPX><ext:Watts>57.648648648648646</ext:Watts><ext:Torque>20</ext:Torque></ext:TPX></Extensions></Trackpoint><Trackpoint><Time>2025-09-14T11:12:34.589Z</Time><DistanceMeters>7650.96718103502</DistanceMeters><HeartRateBpm><Value>160</Value></HeartRateBpm><Cadence>23</Cadence><Extensions><ext:TPX><ext:Watts>57.108108108108105</ext:Watts><ext:Torque>20</ext:Torque></ext:TPX></Extensions></Trackpoint><Trackpoint><Time>2025-09-14T11:12:35.884Z</Time><DistanceMeters>7656.36947203763</DistanceMeters><HeartRateBpm><Value>160</Value></HeartRateBpm><Cadence>23</Cadence><Extensions><ext:TPX><ext:Watts>60.945945945945944</ext:Watts><ext:Torque>20</ext:Torque></ext:TPX></Extensions></Trackpoint><Trackpoint><Time>2025-09-14T11:12:37.179Z</Time><DistanceMeters>7661.805302762651</DistanceMeters><HeartRateBpm><Value>160</Value></HeartRateBpm><Cadence>23</Cadence><Extensions><ext:TPX><ext:Watts>61.32432432432432</ext:Watts><ext:Torque>20</ext:Torque></ext:TPX></Extensions></Trackpoint><Trackpoint><Time>2025-09-14T11:12:38.475Z</Time><DistanceMeters>7667.336961265989</DistanceMeters><HeartRateBpm><Value>160</Value></HeartRateBpm><Cadence>23</Cadence><Extensions><ext:TPX><ext:Watts>62.4054054054054</ext:Watts><ext:Torque>20</ext:Torque></ext:TPX></Extensions></Trackpoint><Trackpoint><Time>2025-09-14T11:12:39.769Z</Time><DistanceMeters>7672.763209213178</DistanceMeters><HeartRateBpm><Value>160</Value></HeartRateBpm><Cadence>23</Cadence><Extensions><ext:TPX><ext:Watts>61.21621621621622</ext:Watts><ext:Torque>20</ext:Torque></ext:TPX></Extensions></Trackpoint><Trackpoint><Time>2025-09-14T11:12:41.070Z</Time><DistanceMeters>7678.096025076508</DistanceMeters><HeartRateBpm><Value>159</Value></HeartRateBpm><Cadence>23</Cadence><Extensions><ext:TPX><ext:Watts>60.16216216216216</ext:Watts><ext:Torque>20</ext:Torque></ext:TPX></Extensions></Trackpoint><Trackpoint><Time>2025-09-14T11:12:42.365Z</Time><DistanceMeters>7683.378531356222</DistanceMeters><HeartRateBpm><Value>159</Value></HeartRateBpm><Cadence>23</Cadence><Extensions><ext:TPX><ext:Watts>59.5945945945946</ext:Watts><ext:Torque>20</ext:Torque></ext:TPX></Extensions></Trackpoint><Trackpoint><Time>2025-09-14T11:12:43.660Z</Time><DistanceMeters>7688.723325691843</DistanceMeters><HeartRateBpm><Value>159</Value></HeartRateBpm><Cadence>23</Cadence><Extensions><ext:TPX><ext:Watts>60.2972972972973</ext:Watts><ext:Torque>20</ext:Torque></ext:TPX></Extensions></Trackpoint><Trackpoint><Time>2025-09-14T11:12:44.955Z</Time><DistanceMeters>7693.9866664158935</DistanceMeters><HeartRateBpm><Value>159</Value></HeartRateBpm><Cadence>23</Cadence><Extensions><ext:TPX><ext:Watts>59.37837837837838</ext:Watts><ext:Torque>20</ext:Torque></ext:TPX></Extensions></Trackpoint><Trackpoint><Time>2025-09-14T11:12:46.250Z</Time><DistanceMeters>7699.259589917776</DistanceMeters><HeartRateBpm><Value>159</Value></HeartRateBpm><Cadence>23</Cadence><Extensions><ext:TPX><ext:Watts>59.486486486486484</ext:Watts><ext:Torque>20</ext:Torque></ext:TPX></Extensions></Trackpoint><Trackpoint><Time>2025-09-14T11:12:47.545Z</Time><DistanceMeters>7704.31210952953</DistanceMeters><HeartRateBpm><Value>159</Value></HeartRateBpm><Cadence>23</Cadence><Extensions><ext:TPX><ext:Watts>57.0</ext:Watts><ext:Torque>20</ext:Torque></ext:TPX></Extensions></Trackpoint><Trackpoint><Time>2025-09-14T11:12:48.839Z</Time><DistanceMeters>7709.352650668994</DistanceMeters><HeartRateBpm><Value>159</Value></HeartRateBpm><Cadence>23</Cadence><Extensions><ext:TPX><ext:Watts>56.86486486486486</ext:Watts><ext:Torque>20</ext:Torque></ext:TPX></Extensions></Trackpoint><Trackpoint><Time>2025-09-14T11:12:50.135Z</Time><DistanceMeters>7714.4027745862895</DistanceMeters><HeartRateBpm><Value>158</Value></HeartRateBpm><Cadence>23</Cadence><Extensions><ext:TPX><ext:Watts>56.972972972972975</ext:Watts><ext:Torque>20</ext:Torque></ext:TPX></Extensions></Trackpoint><Trackpoint><Time>2025-09-14T11:12:51.395Z</Time><DistanceMeters>7719.365114602147</DistanceMeters><HeartRateBpm><Value>158</Value></HeartRateBpm><Cadence>24</Cadence><Extensions><ext:TPX><ext:Watts>58.416666666666664</ext:Watts><ext:Torque>20</ext:Torque></ext:TPX></Extensions></Trackpoint><Trackpoint><Time>2025-09-14T11:12:52.689Z</Time><DistanceMeters>7724.237957129556</DistanceMeters><HeartRateBpm><Value>158</Value></HeartRateBpm><Cadence>23</Cadence><Extensions><ext:TPX><ext:Watts>54.972972972972975</ext:Watts><ext:Torque>20</ext:Torque></ext:TPX></Extensions></Trackpoint><Trackpoint><Time>2025-09-14T11:12:53.985Z</Time><DistanceMeters>7729.254541324441</DistanceMeters><HeartRateBpm><Value>158</Value></HeartRateBpm><Cadence>23</Cadence><Extensions><ext:TPX><ext:Watts>56.5945945945946</ext:Watts><ext:Torque>20</ext:Torque></ext:TPX></Extensions></Trackpoint><Trackpoint><Time>2025-09-14T11:12:55.245Z</Time><DistanceMeters>7733.938442861044</DistanceMeters><HeartRateBpm><Value>158</Value></HeartRateBpm><Cadence>24</Cadence><Extensions><ext:TPX><ext:Watts>55.138888888888886</ext:Watts><ext:Torque>20</ext:Torque></ext:TPX></Extensions></Trackpoint><Trackpoint><Time>2025-09-14T11:12:56.505Z</Time><DistanceMeters>7738.558633898157</DistanceMeters><HeartRateBpm><Value>159</Value></HeartRateBpm><Cadence>24</Cadence><Extensions><ext:TPX><ext:Watts>54.388888888888886</ext:Watts><ext:Torque>20</ext:Torque></ext:TPX></Extensions></Trackpoint><Trackpoint><Time>2025-09-14T11:12:57.800Z</Time><DistanceMeters>7743.177532813027</DistanceMeters><HeartRateBpm><Value>158</Value></HeartRateBpm><Cadence>23</Cadence><Extensions><ext:TPX><ext:Watts>52.108108108108105</ext:Watts><ext:Torque>20</ext:Torque></ext:TPX></Extensions></Trackpoint><Trackpoint><Time>2025-09-14T11:12:59.100Z</Time><DistanceMeters>7747.949756173204</DistanceMeters><HeartRateBpm><Value>158</Value></HeartRateBpm><Cadence>23</Cadence><Extensions><ext:TPX><ext:Watts>53.83783783783784</ext:Watts><ext:Torque>20</ext:Torque></ext:TPX></Extensions></Trackpoint><Trackpoint><Time>2025-09-14T11:13:00.360Z</Time><DistanceMeters>7752.69028926491</DistanceMeters><HeartRateBpm><Value>158</Value></HeartRateBpm><Cadence>24</Cadence><Extensions><ext:TPX><ext:Watts>55.80555555555556</ext:Watts><ext:Torque>20</ext:Torque></ext:TPX></Extensions></Trackpoint><Trackpoint><Time>2025-09-14T11:13:01.655Z</Time><DistanceMeters>7757.201381929173</DistanceMeters><HeartRateBpm><Value>158</Value></HeartRateBpm><Cadence>23</Cadence><Extensions><ext:TPX><ext:Watts>50.891891891891895</ext:Watts><ext:Torque>20</ext:Torque></ext:TPX></Extensions></Trackpoint><Trackpoint><Time>2025-09-14T11:13:02.915Z</Time><DistanceMeters>7762.085853556764</DistanceMeters><HeartRateBpm><Value>158</Value></HeartRateBpm><Cadence>24</Cadence><Extensions><ext:TPX><ext:Watts>57.5</ext:Watts><ext:Torque>20</ext:Torque></ext:TPX></Extensions></Trackpoint><Trackpoint><Time>2025-09-14T11:13:04.211Z</Time><DistanceMeters>7767.02098414008</DistanceMeters><HeartRateBpm><Value>158</Value></HeartRateBpm><Cadence>23</Cadence><Extensions><ext:TPX><ext:Watts>55.67567567567568</ext:Watts><ext:Torque>20</ext:Torque></ext:TPX></Extensions></Trackpoint><Trackpoint><Time>2025-09-14T11:13:05.505Z</Time><DistanceMeters>7771.821955833752</DistanceMeters><HeartRateBpm><Value>158</Value></HeartRateBpm><Cadence>23</Cadence><Extensions><ext:TPX><ext:Watts>54.16216216216216</ext:Watts><ext:Torque>20</ext:Torque></ext:TPX></Extensions></Trackpoint><Trackpoint><Time>2025-09-14T11:13:06.770Z</Time><DistanceMeters>7776.759745468009</DistanceMeters><HeartRateBpm><Value>158</Value></HeartRateBpm><Cadence>24</Cadence><Extensions><ext:TPX><ext:Watts>56.916666666666664</ext:Watts><ext:Torque>20</ext:Torque></ext:TPX></Extensions></Trackpoint><Trackpoint><Time>2025-09-14T11:13:08.065Z</Time><DistanceMeters>7781.23969410432</DistanceMeters><HeartRateBpm><Value>158</Value></HeartRateBpm><Cadence>23</Cadence><Extensions><ext:TPX><ext:Watts>50.54054054054054</ext:Watts><ext:Torque>20</ext:Torque></ext:TPX></Extensions></Trackpoint><Trackpoint><Time>2025-09-14T11:13:09.325Z</Time><DistanceMeters>7785.914157048405</DistanceMeters><HeartRateBpm><Value>158</Value></HeartRateBpm><Cadence>24</Cadence><Extensions><ext:TPX><ext:Watts>55.02777777777778</ext:Watts><ext:Torque>20</ext:Torque></ext:TPX></Extensions></Trackpoint><Trackpoint><Time>2025-09-14T11:13:10.620Z</Time><DistanceMeters>7790.672006241834</DistanceMeters><HeartRateBpm><Value>157</Value></HeartRateBpm><Cadence>23</Cadence><Extensions><ext:TPX><ext:Watts>53.67567567567568</ext:Watts><ext:Torque>20</ext:Torque></ext:TPX></Extensions></Trackpoint><Trackpoint><Time>2025-09-14T11:13:11.890Z</Time><DistanceMeters>7795.255547425024</DistanceMeters><HeartRateBpm><Value>157</Value></HeartRateBpm><Cadence>24</Cadence><Extensions><ext:TPX><ext:Watts>52.833333333333336</ext:Watts><ext:Torque>20</ext:Torque></ext:TPX></Extensions></Trackpoint><Trackpoint><Time>2025-09-14T11:13:13.116Z</Time><DistanceMeters>7799.787128515301</DistanceMeters><HeartRateBpm><Value>157</Value></HeartRateBpm><Cadence>24</Cadence><Extensions><ext:TPX><ext:Watts>54.457142857142856</ext:Watts><ext:Torque>20</ext:Torque></ext:TPX></Extensions></Trackpoint><Trackpoint><Time>2025-09-14T11:13:14.340Z</Time><DistanceMeters>7803.80040704646</DistanceMeters><HeartRateBpm><Value>157</Value></HeartRateBpm><Cadence>24</Cadence><Extensions><ext:TPX><ext:Watts>48.22857142857143</ext:Watts><ext:Torque>20</ext:Torque></ext:TPX></Extensions></Trackpoint><Trackpoint><Time>2025-09-14T11:13:15.600Z</Time><DistanceMeters>7808.097326289862</DistanceMeters><HeartRateBpm><Value>157</Value></HeartRateBpm><Cadence>24</Cadence><Extensions><ext:TPX><ext:Watts>50.583333333333336</ext:Watts><ext:Torque>20</ext:Torque></ext:TPX></Extensions></Trackpoint><Trackpoint><Time>2025-09-14T11:13:16.790Z</Time><DistanceMeters>7812.491401962945</DistanceMeters><HeartRateBpm><Value>157</Value></HeartRateBpm><Cadence>25</Cadence><Extensions><ext:TPX><ext:Watts>53.88235294117647</ext:Watts><ext:Torque>20</ext:Torque></ext:TPX></Extensions></Trackpoint><Trackpoint><Time>2025-09-14T11:13:18.015Z</Time><DistanceMeters>7817.0634011426955</DistanceMeters><HeartRateBpm><Value>156</Value></HeartRateBpm><Cadence>24</Cadence><Extensions><ext:TPX><ext:Watts>54.94285714285714</ext:Watts><ext:Torque>20</ext:Torque></ext:TPX></Extensions></Trackpoint><Trackpoint><Time>2025-09-14T11:13:19.240Z</Time><DistanceMeters>7821.747144452164</DistanceMeters><HeartRateBpm><Value>156</Value></HeartRateBpm><Cadence>24</Cadence><Extensions><ext:TPX><ext:Watts>56.285714285714285</ext:Watts><ext:Torque>20</ext:Torque></ext:TPX></Extensions></Trackpoint><Trackpoint><Time>2025-09-14T11:13:20.430Z</Time><DistanceMeters>7826.43383870173</DistanceMeters><HeartRateBpm><Value>156</Value></HeartRateBpm><Cadence>25</Cadence><Extensions><ext:TPX><ext:Watts>57.470588235294116</ext:Watts><ext:Torque>20</ext:Torque></ext:TPX></Extensions></Trackpoint><Trackpoint><Time>2025-09-14T11:13:21.620Z</Time><DistanceMeters>7831.036584999026</DistanceMeters><HeartRateBpm><Value>156</Value></HeartRateBpm><Cadence>25</Cadence><Extensions><ext:TPX><ext:Watts>56.44117647058823</ext:Watts><ext:Torque>20</ext:Torque></ext:TPX></Extensions></Trackpoint><Trackpoint><Time>2025-09-14T11:13:22.810Z</Time><DistanceMeters>7835.740068839045</DistanceMeters><HeartRateBpm><Value>156</Value></HeartRateBpm><Cadence>25</Cadence><Extensions><ext:TPX><ext:Watts>57.6764705882353</ext:Watts><ext:Torque>20</ext:Torque></ext:TPX></Extensions></Trackpoint><Trackpoint><Time>2025-09-14T11:13:24.006Z</Time><DistanceMeters>7840.2540701582275</DistanceMeters><HeartRateBpm><Value>156</Value></HeartRateBpm><Cadence>25</Cadence><Extensions><ext:TPX><ext:Watts>55.35294117647059</ext:Watts><ext:Torque>20</ext:Torque></ext:TPX></Extensions></Trackpoint><Trackpoint><Time>2025-09-14T11:13:25.195Z</Time><DistanceMeters>7844.844823890913</DistanceMeters><HeartRateBpm><Value>156</Value></HeartRateBpm><Cadence>25</Cadence><Extensions><ext:TPX><ext:Watts>56.294117647058826</ext:Watts><ext:Torque>20</ext:Torque></ext:TPX></Extensions></Trackpoint><Trackpoint><Time>2025-09-14T11:13:26.420Z</Time><DistanceMeters>7849.492904180259</DistanceMeters><HeartRateBpm><Value>156</Value></HeartRateBpm><Cadence>24</Cadence><Extensions><ext:TPX><ext:Watts>55.857142857142854</ext:Watts><ext:Torque>20</ext:Torque></ext:TPX></Extensions></Trackpoint><Trackpoint><Time>2025-09-14T11:13:27.646Z</Time><DistanceMeters>7854.328809708919</DistanceMeters><HeartRateBpm><Value>156</Value></HeartRateBpm><Cadence>24</Cadence><Extensions><ext:TPX><ext:Watts>58.114285714285714</ext:Watts><ext:Torque>20</ext:Torque></ext:TPX></Extensions></Trackpoint><Trackpoint><Time>2025-09-14T11:13:28.836Z</Time><DistanceMeters>7859.11864001413</DistanceMeters><HeartRateBpm><Value>156</Value></HeartRateBpm><Cadence>25</Cadence><Extensions><ext:TPX><ext:Watts>58.73529411764706</ext:Watts><ext:Torque>20</ext:Torque></ext:TPX></Extensions></Trackpoint><Trackpoint><Time>2025-09-14T11:13:30.026Z</Time><DistanceMeters>7864.141126072774</DistanceMeters><HeartRateBpm><Value>156</Value></HeartRateBpm><Cadence>25</Cadence><Extensions><ext:TPX><ext:Watts>61.588235294117645</ext:Watts><ext:Torque>20</ext:Torque></ext:TPX></Extensions></Trackpoint><Trackpoint><Time>2025-09-14T11:13:31.256Z</Time><DistanceMeters>7869.267090831766</DistanceMeters><HeartRateBpm><Value>156</Value></HeartRateBpm><Cadence>24</Cadence><Extensions><ext:TPX><ext:Watts>61.6</ext:Watts><ext:Torque>20</ext:Torque></ext:TPX></Extensions></Trackpoint><Trackpoint><Time>2025-09-14T11:13:32.480Z</Time><DistanceMeters>7874.309841877138</DistanceMeters><HeartRateBpm><Value>156</Value></HeartRateBpm><Cadence>24</Cadence><Extensions><ext:TPX><ext:Watts>60.6</ext:Watts><ext:Torque>20</ext:Torque></ext:TPX></Extensions></Trackpoint><Trackpoint><Time>2025-09-14T11:13:33.670Z</Time><DistanceMeters>7879.440261017271</DistanceMeters><HeartRateBpm><Value>157</Value></HeartRateBpm><Cadence>25</Cadence><Extensions><ext:TPX><ext:Watts>62.911764705882355</ext:Watts><ext:Torque>20</ext:Torque></ext:TPX></Extensions></Trackpoint><Trackpoint><Time>2025-09-14T11:13:34.860Z</Time><DistanceMeters>7884.383596149489</DistanceMeters><HeartRateBpm><Value>157</Value></HeartRateBpm><Cadence>25</Cadence><Extensions><ext:TPX><ext:Watts>60.61764705882353</ext:Watts><ext:Torque>20</ext:Torque></ext:TPX></Extensions></Trackpoint><Trackpoint><Time>2025-09-14T11:13:36.086Z</Time><DistanceMeters>7889.340755946566</DistanceMeters><HeartRateBpm><Value>157</Value></HeartRateBpm><Cadence>24</Cadence><Extensions><ext:TPX><ext:Watts>59.57142857142857</ext:Watts><ext:Torque>20</ext:Torque></ext:TPX></Extensions></Trackpoint><Trackpoint><Time>2025-09-14T11:13:37.311Z</Time><DistanceMeters>7894.209946960674</DistanceMeters><HeartRateBpm><Value>157</Value></HeartRateBpm><Cadence>24</Cadence><Extensions><ext:TPX><ext:Watts>58.51428571428571</ext:Watts><ext:Torque>20</ext:Torque></ext:TPX></Extensions></Trackpoint><Trackpoint><Time>2025-09-14T11:13:38.536Z</Time><DistanceMeters>7899.236055263322</DistanceMeters><HeartRateBpm><Value>158</Value></HeartRateBpm><Cadence>24</Cadence><Extensions><ext:TPX><ext:Watts>60.4</ext:Watts><ext:Torque>20</ext:Torque></ext:TPX></Extensions></Trackpoint><Trackpoint><Time>2025-09-14T11:13:39.796Z</Time><DistanceMeters>7904.030860262001</DistanceMeters><HeartRateBpm><Value>158</Value></HeartRateBpm><Cadence>24</Cadence><Extensions><ext:TPX><ext:Watts>56.44444444444444</ext:Watts><ext:Torque>20</ext:Torque></ext:TPX></Extensions></Trackpoint><Trackpoint><Time>2025-09-14T11:13:41.061Z</Time><DistanceMeters>7908.828878398557</DistanceMeters><HeartRateBpm><Value>158</Value></HeartRateBpm><Cadence>24</Cadence><Extensions><ext:TPX><ext:Watts>55.30555555555556</ext:Watts><ext:Torque>20</ext:Torque></ext:TPX></Extensions></Trackpoint><Trackpoint><Time>2025-09-14T11:13:42.356Z</Time><DistanceMeters>7913.7472391206675</DistanceMeters><HeartRateBpm><Value>158</Value></HeartRateBpm><Cadence>23</Cadence><Extensions><ext:TPX><ext:Watts>55.486486486486484</ext:Watts><ext:Torque>20</ext:Torque></ext:TPX></Extensions></Trackpoint><Trackpoint><Time>2025-09-14T11:13:43.650Z</Time><DistanceMeters>7918.505088314097</DistanceMeters><HeartRateBpm><Value>158</Value></HeartRateBpm><Cadence>23</Cadence><Extensions><ext:TPX><ext:Watts>53.67567567567568</ext:Watts><ext:Torque>20</ext:Torque></ext:TPX></Extensions></Trackpoint><Trackpoint><Time>2025-09-14T11:13:44.946Z</Time><DistanceMeters>7923.538442370187</DistanceMeters><HeartRateBpm><Value>158</Value></HeartRateBpm><Cadence>23</Cadence><Extensions><ext:TPX><ext:Watts>56.78378378378378</ext:Watts><ext:Torque>20</ext:Torque></ext:TPX></Extensions></Trackpoint><Trackpoint><Time>2025-09-14T11:13:46.241Z</Time><DistanceMeters>7928.519091148203</DistanceMeters><HeartRateBpm><Value>158</Value></HeartRateBpm><Cadence>23</Cadence><Extensions><ext:TPX><ext:Watts>56.189189189189186</ext:Watts><ext:Torque>20</ext:Torque></ext:TPX></Extensions></Trackpoint><Trackpoint><Time>2025-09-14T11:13:47.536Z</Time><DistanceMeters>7933.609941871284</DistanceMeters><HeartRateBpm><Value>158</Value></HeartRateBpm><Cadence>23</Cadence><Extensions><ext:TPX><ext:Watts>57.432432432432435</ext:Watts><ext:Torque>20</ext:Torque></ext:TPX></Extensions></Trackpoint><Trackpoint><Time>2025-09-14T11:13:48.866Z</Time><DistanceMeters>7938.836736346429</DistanceMeters><HeartRateBpm><Value>158</Value></HeartRateBpm><Cadence>22</Cadence><Extensions><ext:TPX><ext:Watts>57.68421052631579</ext:Watts><ext:Torque>20</ext:Torque></ext:TPX></Extensions></Trackpoint><Trackpoint><Time>2025-09-14T11:13:50.126Z</Time><DistanceMeters>7943.546594012453</DistanceMeters><HeartRateBpm><Value>158</Value></HeartRateBpm><Cadence>24</Cadence><Extensions><ext:TPX><ext:Watts>55.44444444444444</ext:Watts><ext:Torque>20</ext:Torque></ext:TPX></Extensions></Trackpoint><Trackpoint><Time>2025-09-14T11:13:51.421Z</Time><DistanceMeters>7948.565573901796</DistanceMeters><HeartRateBpm><Value>158</Value></HeartRateBpm><Cadence>23</Cadence><Extensions><ext:TPX><ext:Watts>56.62162162162162</ext:Watts><ext:Torque>20</ext:Torque></ext:TPX></Extensions></Trackpoint><Trackpoint><Time>2025-09-14T11:13:52.716Z</Time><DistanceMeters>7953.697151430661</DistanceMeters><HeartRateBpm><Value>157</Value></HeartRateBpm><Cadence>23</Cadence><Extensions><ext:TPX><ext:Watts>57.891891891891895</ext:Watts><ext:Torque>20</ext:Torque></ext:TPX></Extensions></Trackpoint><Trackpoint><Time>2025-09-14T11:13:54.011Z</Time><DistanceMeters>7958.857477293021</DistanceMeters><HeartRateBpm><Value>157</Value></HeartRateBpm><Cadence>23</Cadence><Extensions><ext:TPX><ext:Watts>58.21621621621622</ext:Watts><ext:Torque>20</ext:Torque></ext:TPX></Extensions></Trackpoint><Trackpoint><Time>2025-09-14T11:13:55.341Z</Time><DistanceMeters>7964.10096317388</DistanceMeters><HeartRateBpm><Value>157</Value></HeartRateBpm><Cadence>22</Cadence><Extensions><ext:TPX><ext:Watts>57.86842105263158</ext:Watts><ext:Torque>20</ext:Torque></ext:TPX></Extensions></Trackpoint><Trackpoint><Time>2025-09-14T11:13:56.671Z</Time><DistanceMeters>7969.098846942084</DistanceMeters><HeartRateBpm><Value>157</Value></HeartRateBpm><Cadence>22</Cadence><Extensions><ext:TPX><ext:Watts>55.1578947368421</ext:Watts><ext:Torque>20</ext:Torque></ext:TPX></Extensions></Trackpoint><Trackpoint><Time>2025-09-14T11:13:57.966Z</Time><DistanceMeters>7974.093869886848</DistanceMeters><HeartRateBpm><Value>157</Value></HeartRateBpm><Cadence>23</Cadence><Extensions><ext:TPX><ext:Watts>56.351351351351354</ext:Watts><ext:Torque>20</ext:Torque></ext:TPX></Extensions></Trackpoint><Trackpoint><Time>2025-09-14T11:13:59.261Z</Time><DistanceMeters>7978.590588384364</DistanceMeters><HeartRateBpm><Value>157</Value></HeartRateBpm><Cadence>23</Cadence><Extensions><ext:TPX><ext:Watts>50.729729729729726</ext:Watts><ext:Torque>20</ext:Torque></ext:TPX></Extensions></Trackpoint><Trackpoint><Time>2025-09-14T11:14:00.521Z</Time><DistanceMeters>7982.583113019091</DistanceMeters><HeartRateBpm><Value>157</Value></HeartRateBpm><Cadence>24</Cadence><Extensions><ext:TPX><ext:Watts>47.0</ext:Watts><ext:Torque>20</ext:Torque></ext:TPX></Extensions></Trackpoint><Trackpoint><Time>2025-09-14T11:14:01.781Z</Time><DistanceMeters>7986.771488448547</DistanceMeters><HeartRateBpm><Value>156</Value></HeartRateBpm><Cadence>24</Cadence><Extensions><ext:TPX><ext:Watts>49.30555555555556</ext:Watts><ext:Torque>20</ext:Torque></ext:TPX></Extensions></Trackpoint><Trackpoint><Time>2025-09-14T11:14:03.041Z</Time><DistanceMeters>7991.068407691949</DistanceMeters><HeartRateBpm><Value>156</Value></HeartRateBpm><Cadence>24</Cadence><Extensions><ext:TPX><ext:Watts>50.583333333333336</ext:Watts><ext:Torque>20</ext:Torque></ext:TPX></Extensions></Trackpoint><Trackpoint><Time>2025-09-14T11:14:04.301Z</Time><DistanceMeters>7995.40308130542</DistanceMeters><HeartRateBpm><Value>156</Value></HeartRateBpm><Cadence>24</Cadence><Extensions><ext:TPX><ext:Watts>51.02777777777778</ext:Watts><ext:Torque>20</ext:Torque></ext:TPX></Extensions></Trackpoint><Trackpoint><Time>2025-09-14T11:14:05.561Z</Time><DistanceMeters>7999.551342716678</DistanceMeters><HeartRateBpm><Value>156</Value></HeartRateBpm><Cadence>24</Cadence><Extensions><ext:TPX><ext:Watts>48.833333333333336</ext:Watts><ext:Torque>20</ext:Torque></ext:TPX></Extensions></Trackpoint><Trackpoint><Time>2025-09-14T11:14:06.786Z</Time><DistanceMeters>8003.5860190599105</DistanceMeters><HeartRateBpm><Value>156</Value></HeartRateBpm><Cadence>24</Cadence><Extensions><ext:TPX><ext:Watts>48.48571428571429</ext:Watts><ext:Torque>20</ext:Torque></ext:TPX></Extensions></Trackpoint><Trackpoint><Time>2025-09-14T11:14:08.011Z</Time><DistanceMeters>8007.573144709646</DistanceMeters><HeartRateBpm><Value>156</Value></HeartRateBpm><Cadence>24</Cadence><Extensions><ext:TPX><ext:Watts>47.91428571428571</ext:Watts><ext:Torque>20</ext:Torque></ext:TPX></Extensions></Trackpoint><Trackpoint><Time>2025-09-14T11:14:09.236Z</Time><DistanceMeters>8011.641106538326</DistanceMeters><HeartRateBpm><Value>156</Value></HeartRateBpm><Cadence>24</Cadence><Extensions><ext:TPX><ext:Watts>48.885714285714286</ext:Watts><ext:Torque>20</ext:Torque></ext:TPX></Extensions></Trackpoint><Trackpoint><Time>2025-09-14T11:14:10.426Z</Time><DistanceMeters>8015.752157686615</DistanceMeters><HeartRateBpm><Value>156</Value></HeartRateBpm><Cadence>25</Cadence><Extensions><ext:TPX><ext:Watts>50.411764705882355</ext:Watts><ext:Torque>20</ext:Torque></ext:TPX></Extensions></Trackpoint><Trackpoint><Time>2025-09-14T11:14:11.651Z</Time><DistanceMeters>8020.179127251199</DistanceMeters><HeartRateBpm><Value>156</Value></HeartRateBpm><Cadence>24</Cadence><Extensions><ext:TPX><ext:Watts>53.2</ext:Watts><ext:Torque>20</ext:Torque></ext:TPX></Extensions></Trackpoint><Trackpoint><Time>2025-09-14T11:14:12.842Z</Time><DistanceMeters>8024.506044562466</DistanceMeters><HeartRateBpm><Value>156</Value></HeartRateBpm><Cadence>25</Cadence><Extensions><ext:TPX><ext:Watts>53.05882352941177</ext:Watts><ext:Torque>20</ext:Torque></ext:TPX></Extensions></Trackpoint><Trackpoint><Time>2025-09-14T11:14:14.031Z</Time><DistanceMeters>8028.820969309123</DistanceMeters><HeartRateBpm><Value>156</Value></HeartRateBpm><Cadence>25</Cadence><Extensions><ext:TPX><ext:Watts>52.911764705882355</ext:Watts><ext:Torque>20</ext:Torque></ext:TPX></Extensions></Trackpoint><Trackpoint><Time>2025-09-14T11:14:15.221Z</Time><DistanceMeters>8033.229436059738</DistanceMeters><HeartRateBpm><Value>156</Value></HeartRateBpm><Cadence>25</Cadence><Extensions><ext:TPX><ext:Watts>54.05882352941177</ext:Watts><ext:Torque>20</ext:Torque></ext:TPX></Extensions></Trackpoint><Trackpoint><Time>2025-09-14T11:14:16.411Z</Time><DistanceMeters>8037.577939987303</DistanceMeters><HeartRateBpm><Value>156</Value></HeartRateBpm><Cadence>25</Cadence><Extensions><ext:TPX><ext:Watts>53.3235294117647</ext:Watts><ext:Torque>20</ext:Torque></ext:TPX></Extensions></Trackpoint><Trackpoint><Time>2025-09-14T11:14:17.601Z</Time><DistanceMeters>8042.000797815449</DistanceMeters><HeartRateBpm><Value>157</Value></HeartRateBpm><Cadence>25</Cadence><Extensions><ext:TPX><ext:Watts>54.23529411764706</ext:Watts><ext:Torque>20</ext:Torque></ext:TPX></Extensions></Trackpoint><Trackpoint><Time>2025-09-14T11:14:18.792Z</Time><DistanceMeters>8046.589153035213</DistanceMeters><HeartRateBpm><Value>157</Value></HeartRateBpm><Cadence>25</Cadence><Extensions><ext:TPX><ext:Watts>56.26470588235294</ext:Watts><ext:Torque>20</ext:Torque></ext:TPX></Extensions></Trackpoint><Trackpoint><Time>2025-09-14T11:14:19.981Z</Time><DistanceMeters>8051.165515690366</DistanceMeters><HeartRateBpm><Value>157</Value></HeartRateBpm><Cadence>25</Cadence><Extensions><ext:TPX><ext:Watts>56.11764705882353</ext:Watts><ext:Torque>20</ext:Torque></ext:TPX></Extensions></Trackpoint><Trackpoint><Time>2025-09-14T11:14:21.142Z</Time><DistanceMeters>8055.435455740123</DistanceMeters><HeartRateBpm><Value>157</Value></HeartRateBpm><Cadence>26</Cadence><Extensions><ext:TPX><ext:Watts>54.45454545454545</ext:Watts><ext:Torque>20</ext:Torque></ext:TPX></Extensions></Trackpoint><Trackpoint><Time>2025-09-14T11:14:22.331Z</Time><DistanceMeters>8060.038202037419</DistanceMeters><HeartRateBpm><Value>157</Value></HeartRateBpm><Cadence>25</Cadence><Extensions><ext:TPX><ext:Watts>56.44117647058823</ext:Watts><ext:Torque>20</ext:Torque></ext:TPX></Extensions></Trackpoint><Trackpoint><Time>2025-09-14T11:14:23.492Z</Time><DistanceMeters>8064.588527688662</DistanceMeters><HeartRateBpm><Value>158</Value></HeartRateBpm><Cadence>26</Cadence><Extensions><ext:TPX><ext:Watts>58.03030303030303</ext:Watts><ext:Torque>20</ext:Torque></ext:TPX></Extensions></Trackpoint><Trackpoint><Time>2025-09-14T11:14:24.647Z</Time><DistanceMeters>8069.276669991483</DistanceMeters><HeartRateBpm><Value>158</Value></HeartRateBpm><Cadence>26</Cadence><Extensions><ext:TPX><ext:Watts>59.78787878787879</ext:Watts><ext:Torque>20</ext:Torque></ext:TPX></Extensions></Trackpoint><Trackpoint><Time>2025-09-14T11:14:25.801Z</Time><DistanceMeters>8073.6749220961565</DistanceMeters><HeartRateBpm><Value>158</Value></HeartRateBpm><Cadence>26</Cadence><Extensions><ext:TPX><ext:Watts>56.09090909090909</ext:Watts><ext:Torque>20</ext:Torque></ext:TPX></Extensions></Trackpoint><Trackpoint><Time>2025-09-14T11:14:26.957Z</Time><DistanceMeters>8078.263266134042</DistanceMeters><HeartRateBpm><Value>158</Value></HeartRateBpm><Cadence>26</Cadence><Extensions><ext:TPX><ext:Watts>58.515151515151516</ext:Watts><ext:Torque>20</ext:Torque></ext:TPX></Extensions></Trackpoint><Trackpoint><Time>2025-09-14T11:14:28.112Z</Time><DistanceMeters>8082.941903840203</DistanceMeters><HeartRateBpm><Value>158</Value></HeartRateBpm><Cadence>26</Cadence><Extensions><ext:TPX><ext:Watts>59.666666666666664</ext:Watts><ext:Torque>20</ext:Torque></ext:TPX></Extensions></Trackpoint><Trackpoint><Time>2025-09-14T11:14:29.267Z</Time><DistanceMeters>8087.663312231336</DistanceMeters><HeartRateBpm><Value>159</Value></HeartRateBpm><Cadence>26</Cadence><Extensions><ext:TPX><ext:Watts>60.21212121212121</ext:Watts><ext:Torque>20</ext:Torque></ext:TPX></Extensions></Trackpoint><Trackpoint><Time>2025-09-14T11:14:30.457Z</Time><DistanceMeters>8092.373991610121</DistanceMeters><HeartRateBpm><Value>159</Value></HeartRateBpm><Cadence>25</Cadence><Extensions><ext:TPX><ext:Watts>57.76470588235294</ext:Watts><ext:Torque>20</ext:Torque></ext:TPX></Extensions></Trackpoint><Trackpoint><Time>2025-09-14T11:14:31.577Z</Time><DistanceMeters>8096.9989019434925</DistanceMeters><HeartRateBpm><Value>159</Value></HeartRateBpm><Cadence>27</Cadence><Extensions><ext:TPX><ext:Watts>61.25</ext:Watts><ext:Torque>20</ext:Torque></ext:TPX></Extensions></Trackpoint><Trackpoint><Time>2025-09-14T11:14:32.732Z</Time><DistanceMeters>8101.732191080451</DistanceMeters><HeartRateBpm><Value>159</Value></HeartRateBpm><Cadence>26</Cadence><Extensions><ext:TPX><ext:Watts>60.36363636363637</ext:Watts><ext:Torque>20</ext:Torque></ext:TPX></Extensions></Trackpoint><Trackpoint><Time>2025-09-14T11:14:33.887Z</Time><DistanceMeters>8106.20647995841</DistanceMeters><HeartRateBpm><Value>160</Value></HeartRateBpm><Cadence>26</Cadence><Extensions><ext:TPX><ext:Watts>57.06060606060606</ext:Watts><ext:Torque>20</ext:Torque></ext:TPX></Extensions></Trackpoint><Trackpoint><Time>2025-09-14T11:14:35.007Z</Time><DistanceMeters>8110.970609531408</DistanceMeters><HeartRateBpm><Value>160</Value></HeartRateBpm><Cadence>27</Cadence><Extensions><ext:TPX><ext:Watts>63.09375</ext:Watts><ext:Torque>20</ext:Torque></ext:TPX></Extensions></Trackpoint><Trackpoint><Time>2025-09-14T11:14:36.167Z</Time><DistanceMeters>8115.630238044248</DistanceMeters><HeartRateBpm><Value>160</Value></HeartRateBpm><Cadence>26</Cadence><Extensions><ext:TPX><ext:Watts>59.42424242424242</ext:Watts><ext:Torque>20</ext:Torque></ext:TPX></Extensions></Trackpoint><Trackpoint><Time>2025-09-14T11:14:37.287Z</Time><DistanceMeters>8120.358972895307</DistanceMeters><HeartRateBpm><Value>160</Value></HeartRateBpm><Cadence>27</Cadence><Extensions><ext:TPX><ext:Watts>62.625</ext:Watts><ext:Torque>20</ext:Torque></ext:TPX></Extensions></Trackpoint><Trackpoint><Time>2025-09-14T11:14:38.477Z</Time><DistanceMeters>8125.016884989808</DistanceMeters><HeartRateBpm><Value>160</Value></HeartRateBpm><Cadence>25</Cadence><Extensions><ext:TPX><ext:Watts>57.11764705882353</ext:Watts><ext:Torque>20</ext:Torque></ext:TPX></Extensions></Trackpoint><Trackpoint><Time>2025-09-14T11:14:39.597Z</Time><DistanceMeters>8129.483698898518</DistanceMeters><HeartRateBpm><Value>160</Value></HeartRateBpm><Cadence>27</Cadence><Extensions><ext:TPX><ext:Watts>59.15625</ext:Watts><ext:Torque>20</ext:Torque></ext:TPX></Extensions></Trackpoint><Trackpoint><Time>2025-09-14T11:14:40.722Z</Time><DistanceMeters>8134.280017633732</DistanceMeters><HeartRateBpm><Value>160</Value></HeartRateBpm><Cadence>26</Cadence><Extensions><ext:TPX><ext:Watts>62.34375</ext:Watts><ext:Torque>20</ext:Torque></ext:TPX></Extensions></Trackpoint><Trackpoint><Time>2025-09-14T11:14:41.877Z</Time><DistanceMeters>8139.001426024865</DistanceMeters><HeartRateBpm><Value>160</Value></HeartRateBpm><Cadence>26</Cadence><Extensions><ext:TPX><ext:Watts>60.21212121212121</ext:Watts><ext:Torque>20</ext:Torque></ext:TPX></Extensions></Trackpoint><Trackpoint><Time>2025-09-14T11:14:43.032Z</Time><DistanceMeters>8143.83451342676</DistanceMeters><HeartRateBpm><Value>160</Value></HeartRateBpm><Cadence>26</Cadence><Extensions><ext:TPX><ext:Watts>61.63636363636363</ext:Watts><ext:Torque>20</ext:Torque></ext:TPX></Extensions></Trackpoint><Trackpoint><Time>2025-09-14T11:14:44.187Z</Time><DistanceMeters>8148.555921817893</DistanceMeters><HeartRateBpm><Value>161</Value></HeartRateBpm><Cadence>26</Cadence><Extensions><ext:TPX><ext:Watts>60.21212121212121</ext:Watts><ext:Torque>20</ext:Torque></ext:TPX></Extensions></Trackpoint><Trackpoint><Time>2025-09-14T11:14:45.342Z</Time><DistanceMeters>8153.110999767467</DistanceMeters><HeartRateBpm><Value>161</Value></HeartRateBpm><Cadence>26</Cadence><Extensions><ext:TPX><ext:Watts>58.09090909090909</ext:Watts><ext:Torque>20</ext:Torque></ext:TPX></Extensions></Trackpoint><Trackpoint><Time>2025-09-14T11:14:46.462Z</Time><DistanceMeters>8157.683997841994</DistanceMeters><HeartRateBpm><Value>161</Value></HeartRateBpm><Cadence>27</Cadence><Extensions><ext:TPX><ext:Watts>60.5625</ext:Watts><ext:Torque>20</ext:Torque></ext:TPX></Extensions></Trackpoint><Trackpoint><Time>2025-09-14T11:14:47.617Z</Time><DistanceMeters>8162.241451940732</DistanceMeters><HeartRateBpm><Value>161</Value></HeartRateBpm><Cadence>26</Cadence><Extensions><ext:TPX><ext:Watts>58.121212121212125</ext:Watts><ext:Torque>20</ext:Torque></ext:TPX></Extensions></Trackpoint><Trackpoint><Time>2025-09-14T11:14:48.742Z</Time><DistanceMeters>8166.831012073827</DistanceMeters><HeartRateBpm><Value>161</Value></HeartRateBpm><Cadence>26</Cadence><Extensions><ext:TPX><ext:Watts>59.65625</ext:Watts><ext:Torque>20</ext:Torque></ext:TPX></Extensions></Trackpoint><Trackpoint><Time>2025-09-14T11:14:49.862Z</Time><DistanceMeters>8171.311983871313</DistanceMeters><HeartRateBpm><Value>161</Value></HeartRateBpm><Cadence>27</Cadence><Extensions><ext:TPX><ext:Watts>59.34375</ext:Watts><ext:Torque>20</ext:Torque></ext:TPX></Extensions></Trackpoint><Trackpoint><Time>2025-09-14T11:14:51.017Z</Time><DistanceMeters>8175.916960953354</DistanceMeters><HeartRateBpm><Value>161</Value></HeartRateBpm><Cadence>26</Cadence><Extensions><ext:TPX><ext:Watts>58.72727272727273</ext:Watts><ext:Torque>20</ext:Torque></ext:TPX></Extensions></Trackpoint><Trackpoint><Time>2025-09-14T11:14:52.172Z</Time><DistanceMeters>8180.643121642817</DistanceMeters><HeartRateBpm><Value>161</Value></HeartRateBpm><Cadence>26</Cadence><Extensions><ext:TPX><ext:Watts>60.27272727272727</ext:Watts><ext:Torque>20</ext:Torque></ext:TPX></Extensions></Trackpoint><Trackpoint><Time>2025-09-14T11:14:53.362Z</Time><DistanceMeters>8185.610441904255</DistanceMeters><HeartRateBpm><Value>161</Value></HeartRateBpm><Cadence>25</Cadence><Extensions><ext:TPX><ext:Watts>60.911764705882355</ext:Watts><ext:Torque>20</ext:Torque></ext:TPX></Extensions></Trackpoint><Trackpoint><Time>2025-09-14T11:14:54.552Z</Time><DistanceMeters>8190.388279644856</DistanceMeters><HeartRateBpm><Value>161</Value></HeartRateBpm><Cadence>25</Cadence><Extensions><ext:TPX><ext:Watts>58.588235294117645</ext:Watts><ext:Torque>20</ext:Torque></ext:TPX></Extensions></Trackpoint><Trackpoint><Time>2025-09-14T11:14:55.787Z</Time><DistanceMeters>8194.82000427879</DistanceMeters><HeartRateBpm><Value>161</Value></HeartRateBpm><Cadence>24</Cadence><Extensions><ext:TPX><ext:Watts>53.25714285714286</ext:Watts><ext:Torque>20</ext:Torque></ext:TPX></Extensions></Trackpoint><Trackpoint><Time>2025-09-14T11:14:56.977Z</Time><DistanceMeters>8199.139726051291</DistanceMeters><HeartRateBpm><Value>161</Value></HeartRateBpm><Cadence>25</Cadence><Extensions><ext:TPX><ext:Watts>52.970588235294116</ext:Watts><ext:Torque>20</ext:Torque></ext:TPX></Extensions></Trackpoint><Trackpoint><Time>2025-09-14T11:14:58.237Z</Time><DistanceMeters>8203.941609994357</DistanceMeters><HeartRateBpm><Value>162</Value></HeartRateBpm><Cadence>24</Cadence><Extensions><ext:TPX><ext:Watts>56.52777777777778</ext:Watts><ext:Torque>20</ext:Torque></ext:TPX></Extensions></Trackpoint><Trackpoint><Time>2025-09-14T11:14:59.427Z</Time><DistanceMeters>8208.738635838334</DistanceMeters><HeartRateBpm><Value>162</Value></HeartRateBpm><Cadence>25</Cadence><Extensions><ext:TPX><ext:Watts>58.8235294117647</ext:Watts><ext:Torque>20</ext:Torque></ext:TPX></Extensions></Trackpoint><Trackpoint><Time>2025-09-14T11:15:00.652Z</Time><DistanceMeters>8213.771876745006</DistanceMeters><HeartRateBpm><Value>161</Value></HeartRateBpm><Cadence>24</Cadence><Extensions><ext:TPX><ext:Watts>60.48571428571429</ext:Watts><ext:Torque>20</ext:Torque></ext:TPX></Extensions></Trackpoint><Trackpoint><Time>2025-09-14T11:15:01.877Z</Time><DistanceMeters>8218.657710501837</DistanceMeters><HeartRateBpm><Value>161</Value></HeartRateBpm><Cadence>24</Cadence><Extensions><ext:TPX><ext:Watts>58.714285714285715</ext:Watts><ext:Torque>20</ext:Torque></ext:TPX></Extensions></Trackpoint><Trackpoint><Time>2025-09-14T11:15:03.137Z</Time><DistanceMeters>8223.46903303742</DistanceMeters><HeartRateBpm><Value>161</Value></HeartRateBpm><Cadence>24</Cadence><Extensions><ext:TPX><ext:Watts>56.638888888888886</ext:Watts><ext:Torque>20</ext:Torque></ext:TPX></Extensions></Trackpoint><Trackpoint><Time>2025-09-14T11:15:04.398Z</Time><DistanceMeters>8228.202487184737</DistanceMeters><HeartRateBpm><Value>160</Value></HeartRateBpm><Cadence>24</Cadence><Extensions><ext:TPX><ext:Watts>55.72222222222222</ext:Watts><ext:Torque>20</ext:Torque></ext:TPX></Extensions></Trackpoint><Trackpoint><Time>2025-09-14T11:15:05.692Z</Time><DistanceMeters>8232.883674155513</DistanceMeters><HeartRateBpm><Value>160</Value></HeartRateBpm><Cadence>23</Cadence><Extensions><ext:TPX><ext:Watts>52.810810810810814</ext:Watts><ext:Torque>20</ext:Torque></ext:TPX></Extensions></Trackpoint><Trackpoint><Time>2025-09-14T11:15:06.952Z</Time><DistanceMeters>8237.558137099599</DistanceMeters><HeartRateBpm><Value>160</Value></HeartRateBpm><Cadence>24</Cadence><Extensions><ext:TPX><ext:Watts>55.02777777777778</ext:Watts><ext:Torque>20</ext:Torque></ext:TPX></Extensions></Trackpoint><Trackpoint><Time>2025-09-14T11:15:08.252Z</Time><DistanceMeters>8242.330360459775</DistanceMeters><HeartRateBpm><Value>160</Value></HeartRateBpm><Cadence>23</Cadence><Extensions><ext:TPX><ext:Watts>53.83783783783784</ext:Watts><ext:Torque>20</ext:Torque></ext:TPX></Extensions></Trackpoint><Trackpoint><Time>2025-09-14T11:15:09.518Z</Time><DistanceMeters>8247.265740240622</DistanceMeters><HeartRateBpm><Value>160</Value></HeartRateBpm><Cadence>24</Cadence><Extensions><ext:TPX><ext:Watts>56.888888888888886</ext:Watts><ext:Torque>20</ext:Torque></ext:TPX></Extensions></Trackpoint><Trackpoint><Time>2025-09-14T11:15:10.812Z</Time><DistanceMeters>8252.066711934294</DistanceMeters><HeartRateBpm><Value>160</Value></HeartRateBpm><Cadence>23</Cadence><Extensions><ext:TPX><ext:Watts>54.16216216216216</ext:Watts><ext:Torque>20</ext:Torque></ext:TPX></Extensions></Trackpoint><Trackpoint><Time>2025-09-14T11:15:12.107Z</Time><DistanceMeters>8256.640092654465</DistanceMeters><HeartRateBpm><Value>160</Value></HeartRateBpm><Cadence>23</Cadence><Extensions><ext:TPX><ext:Watts>51.5945945945946</ext:Watts><ext:Torque>20</ext:Torque></ext:TPX></Extensions></Trackpoint><Trackpoint><Time>2025-09-14T11:15:13.368Z</Time><DistanceMeters>8261.132862692597</DistanceMeters><HeartRateBpm><Value>160</Value></HeartRateBpm><Cadence>24</Cadence><Extensions><ext:TPX><ext:Watts>52.888888888888886</ext:Watts><ext:Torque>20</ext:Torque></ext:TPX></Extensions></Trackpoint><Trackpoint><Time>2025-09-14T11:15:14.698Z</Time><DistanceMeters>8265.808840779166</DistanceMeters><HeartRateBpm><Value>160</Value></HeartRateBpm><Cadence>22</Cadence><Extensions><ext:TPX><ext:Watts>51.60526315789474</ext:Watts><ext:Torque>20</ext:Torque></ext:TPX></Extensions></Trackpoint><Trackpoint><Time>2025-09-14T11:15:15.992Z</Time><DistanceMeters>8270.425343999577</DistanceMeters><HeartRateBpm><Value>159</Value></HeartRateBpm><Cadence>23</Cadence><Extensions><ext:TPX><ext:Watts>52.08108108108108</ext:Watts><ext:Torque>20</ext:Torque></ext:TPX></Extensions></Trackpoint><Trackpoint><Time>2025-09-14T11:15:17.258Z</Time><DistanceMeters>8275.305297152026</DistanceMeters><HeartRateBpm><Value>159</Value></HeartRateBpm><Cadence>24</Cadence><Extensions><ext:TPX><ext:Watts>56.25</ext:Watts><ext:Torque>20</ext:Torque></ext:TPX></Extensions></Trackpoint><Trackpoint><Time>2025-09-14T11:15:18.518Z</Time><DistanceMeters>8279.847619800874</DistanceMeters><HeartRateBpm><Value>159</Value></HeartRateBpm><Cadence>24</Cadence><Extensions><ext:TPX><ext:Watts>53.47222222222222</ext:Watts><ext:Torque>20</ext:Torque></ext:TPX></Extensions></Trackpoint><Trackpoint><Time>2025-09-14T11:15:19.782Z</Time><DistanceMeters>8284.6649167647</DistanceMeters><HeartRateBpm><Value>159</Value></HeartRateBpm><Cadence>24</Cadence><Extensions><ext:TPX><ext:Watts>55.52777777777778</ext:Watts><ext:Torque>20</ext:Torque></ext:TPX></Extensions></Trackpoint><Trackpoint><Time>2025-09-14T11:15:21.078Z</Time><DistanceMeters>8289.640774153799</DistanceMeters><HeartRateBpm><Value>159</Value></HeartRateBpm><Cadence>23</Cadence><Extensions><ext:TPX><ext:Watts>56.13513513513514</ext:Watts><ext:Torque>20</ext:Torque></ext:TPX></Extensions></Trackpoint><Trackpoint><Time>2025-09-14T11:15:22.338Z</Time><DistanceMeters>8294.225570468972</DistanceMeters><HeartRateBpm><Value>159</Value></HeartRateBpm><Cadence>24</Cadence><Extensions><ext:TPX><ext:Watts>53.97222222222222</ext:Watts><ext:Torque>20</ext:Torque></ext:TPX></Extensions></Trackpoint><Trackpoint><Time>2025-09-14T11:15:23.603Z</Time><DistanceMeters>8299.086244794153</DistanceMeters><HeartRateBpm><Value>159</Value></HeartRateBpm><Cadence>24</Cadence><Extensions><ext:TPX><ext:Watts>56.02777777777778</ext:Watts><ext:Torque>20</ext:Torque></ext:TPX></Extensions></Trackpoint><Trackpoint><Time>2025-09-14T11:15:24.863Z</Time><DistanceMeters>8303.85273401528</DistanceMeters><HeartRateBpm><Value>159</Value></HeartRateBpm><Cadence>24</Cadence><Extensions><ext:TPX><ext:Watts>56.111111111111114</ext:Watts><ext:Torque>20</ext:Torque></ext:TPX></Extensions></Trackpoint><Trackpoint><Time>2025-09-14T11:15:26.123Z</Time><DistanceMeters>8308.491802237426</DistanceMeters><HeartRateBpm><Value>159</Value></HeartRateBpm><Cadence>24</Cadence><Extensions><ext:TPX><ext:Watts>54.611111111111114</ext:Watts><ext:Torque>20</ext:Torque></ext:TPX></Extensions></Trackpoint><Trackpoint><Time>2025-09-14T11:15:27.348Z</Time><DistanceMeters>8312.90450659396</DistanceMeters><HeartRateBpm><Value>159</Value></HeartRateBpm><Cadence>24</Cadence><Extensions><ext:TPX><ext:Watts>53.02857142857143</ext:Watts><ext:Torque>20</ext:Torque></ext:TPX></Extensions></Trackpoint><Trackpoint><Time>2025-09-14T11:15:28.608Z</Time><DistanceMeters>8317.170750411682</DistanceMeters><HeartRateBpm><Value>159</Value></HeartRateBpm><Cadence>24</Cadence><Extensions><ext:TPX><ext:Watts>50.22222222222222</ext:Watts><ext:Torque>20</ext:Torque></ext:TPX></Extensions></Trackpoint><Trackpoint><Time>2025-09-14T11:15:29.808Z</Time><DistanceMeters>8321.478479619573</DistanceMeters><HeartRateBpm><Value>159</Value></HeartRateBpm><Cadence>25</Cadence><Extensions><ext:TPX><ext:Watts>52.8235294117647</ext:Watts><ext:Torque>20</ext:Torque></ext:TPX></Extensions></Trackpoint><Trackpoint><Time>2025-09-14T11:15:31.068Z</Time><DistanceMeters>8325.747083085424</DistanceMeters><HeartRateBpm><Value>159</Value></HeartRateBpm><Cadence>24</Cadence><Extensions><ext:TPX><ext:Watts>50.25</ext:Watts><ext:Torque>20</ext:Torque></ext:TPX></Extensions></Trackpoint><Trackpoint><Time>2025-09-14T11:15:32.293Z</Time><DistanceMeters>8330.171675115333</DistanceMeters><HeartRateBpm><Value>159</Value></HeartRateBpm><Cadence>24</Cadence><Extensions><ext:TPX><ext:Watts>53.17142857142857</ext:Watts><ext:Torque>20</ext:Torque></ext:TPX></Extensions></Trackpoint><Trackpoint><Time>2025-09-14T11:15:33.483Z</Time><DistanceMeters>8334.251545595635</DistanceMeters><HeartRateBpm><Value>159</Value></HeartRateBpm><Cadence>25</Cadence><Extensions><ext:TPX><ext:Watts>50.029411764705884</ext:Watts><ext:Torque>20</ext:Torque></ext:TPX></Extensions></Trackpoint><Trackpoint><Time>2025-09-14T11:15:34.708Z</Time><DistanceMeters>8338.295732077566</DistanceMeters><HeartRateBpm><Value>158</Value></HeartRateBpm><Cadence>24</Cadence><Extensions><ext:TPX><ext:Watts>48.6</ext:Watts><ext:Torque>20</ext:Torque></ext:TPX></Extensions></Trackpoint><Trackpoint><Time>2025-09-14T11:15:35.863Z</Time><DistanceMeters>8342.33756180747</DistanceMeters><HeartRateBpm><Value>158</Value></HeartRateBpm><Cadence>26</Cadence><Extensions><ext:TPX><ext:Watts>51.54545454545455</ext:Watts><ext:Torque>20</ext:Torque></ext:TPX></Extensions></Trackpoint><Trackpoint><Time>2025-09-14T11:15:37.023Z</Time><DistanceMeters>8346.217813394143</DistanceMeters><HeartRateBpm><Value>158</Value></HeartRateBpm><Cadence>26</Cadence><Extensions><ext:TPX><ext:Watts>49.484848484848484</ext:Watts><ext:Torque>20</ext:Torque></ext:TPX></Extensions></Trackpoint><Trackpoint><Time>2025-09-14T11:15:38.143Z</Time><DistanceMeters>8350.000329345365</DistanceMeters><HeartRateBpm><Value>158</Value></HeartRateBpm><Cadence>27</Cadence><Extensions><ext:TPX><ext:Watts>50.09375</ext:Watts><ext:Torque>20</ext:Torque></ext:TPX></Extensions></Trackpoint><Trackpoint><Time>2025-09-14T11:15:39.263Z</Time><DistanceMeters>8353.662503241992</DistanceMeters><HeartRateBpm><Value>158</Value></HeartRateBpm><Cadence>27</Cadence><Extensions><ext:TPX><ext:Watts>48.5</ext:Watts><ext:Torque>20</ext:Torque></ext:TPX></Extensions></Trackpoint><Trackpoint><Time>2025-09-14T11:15:40.348Z</Time><DistanceMeters>8357.08949287792</DistanceMeters><HeartRateBpm><Value>158</Value></HeartRateBpm><Cadence>28</Cadence><Extensions><ext:TPX><ext:Watts>46.225806451612904</ext:Watts><ext:Torque>20</ext:Torque></ext:TPX></Extensions></Trackpoint><Trackpoint><Time>2025-09-14T11:15:41.433Z</Time><DistanceMeters>8360.401691514178</DistanceMeters><HeartRateBpm><Value>158</Value></HeartRateBpm><Cadence>28</Cadence><Extensions><ext:TPX><ext:Watts>44.67741935483871</ext:Watts><ext:Torque>20</ext:Torque></ext:TPX></Extensions></Trackpoint><Trackpoint><Time>2025-09-14T11:15:42.518Z</Time><DistanceMeters>8364.031956878685</DistanceMeters><HeartRateBpm><Value>158</Value></HeartRateBpm><Cadence>28</Cadence><Extensions><ext:TPX><ext:Watts>48.96774193548387</ext:Watts><ext:Torque>20</ext:Torque></ext:TPX></Extensions></Trackpoint><Trackpoint><Time>2025-09-14T11:15:43.603Z</Time><DistanceMeters>8367.58569491008</DistanceMeters><HeartRateBpm><Value>158</Value></HeartRateBpm><Cadence>28</Cadence><Extensions><ext:TPX><ext:Watts>47.935483870967744</ext:Watts><ext:Torque>20</ext:Torque></ext:TPX></Extensions></Trackpoint><Trackpoint><Time>2025-09-14T11:15:44.723Z</Time><DistanceMeters>8371.448438897696</DistanceMeters><HeartRateBpm><Value>158</Value></HeartRateBpm><Cadence>27</Cadence><Extensions><ext:TPX><ext:Watts>51.15625</ext:Watts><ext:Torque>20</ext:Torque></ext:TPX></Extensions></Trackpoint><Trackpoint><Time>2025-09-14T11:15:45.808Z</Time><DistanceMeters>8375.038049116487</DistanceMeters><HeartRateBpm><Value>158</Value></HeartRateBpm><Cadence>28</Cadence><Extensions><ext:TPX><ext:Watts>48.41935483870968</ext:Watts><ext:Torque>20</ext:Torque></ext:TPX></Extensions></Trackpoint><Trackpoint><Time>2025-09-14T11:15:46.893Z</Time><DistanceMeters>8378.630050814438</DistanceMeters><HeartRateBpm><Value>157</Value></HeartRateBpm><Cadence>28</Cadence><Extensions><ext:TPX><ext:Watts>48.45161290322581</ext:Watts><ext:Torque>20</ext:Torque></ext:TPX></Extensions></Trackpoint><Trackpoint><Time>2025-09-14T11:15:47.943Z</Time><DistanceMeters>8382.11140114916</DistanceMeters><HeartRateBpm><Value>157</Value></HeartRateBpm><Cadence>28</Cadence><Extensions><ext:TPX><ext:Watts>48.666666666666664</ext:Watts><ext:Torque>20</ext:Torque></ext:TPX></Extensions></Trackpoint><Trackpoint><Time>2025-09-14T11:15:49.028Z</Time><DistanceMeters>8385.760798346944</DistanceMeters><HeartRateBpm><Value>157</Value></HeartRateBpm><Cadence>28</Cadence><Extensions><ext:TPX><ext:Watts>49.225806451612904</ext:Watts><ext:Torque>20</ext:Torque></ext:TPX></Extensions></Trackpoint><Trackpoint><Time>2025-09-14T11:15:50.078Z</Time><DistanceMeters>8389.187305491461</DistanceMeters><HeartRateBpm><Value>156</Value></HeartRateBpm><Cadence>28</Cadence><Extensions><ext:TPX><ext:Watts>47.9</ext:Watts><ext:Torque>20</ext:Torque></ext:TPX></Extensions></Trackpoint><Trackpoint><Time>2025-09-14T11:15:51.163Z</Time><DistanceMeters>8392.489938211082</DistanceMeters><HeartRateBpm><Value>156</Value></HeartRateBpm><Cadence>28</Cadence><Extensions><ext:TPX><ext:Watts>44.54838709677419</ext:Watts><ext:Torque>20</ext:Torque></ext:TPX></Extensions></Trackpoint><Trackpoint><Time>2025-09-14T11:15:52.213Z</Time><DistanceMeters>8395.92121432866</DistanceMeters><HeartRateBpm><Value>156</Value></HeartRateBpm><Cadence>28</Cadence><Extensions><ext:TPX><ext:Watts>47.96666666666667</ext:Watts><ext:Torque>20</ext:Torque></ext:TPX></Extensions></Trackpoint><Trackpoint><Time>2025-09-14T11:15:53.298Z</Time><DistanceMeters>8399.300374381393</DistanceMeters><HeartRateBpm><Value>156</Value></HeartRateBpm><Cadence>28</Cadence><Extensions><ext:TPX><ext:Watts>45.58064516129032</ext:Watts><ext:Torque>20</ext:Torque></ext:TPX></Extensions></Trackpoint><Trackpoint><Time>2025-09-14T11:15:54.348Z</Time><DistanceMeters>8402.297673950397</DistanceMeters><HeartRateBpm><Value>156</Value></HeartRateBpm><Cadence>28</Cadence><Extensions><ext:TPX><ext:Watts>41.9</ext:Watts><ext:Torque>20</ext:Torque></ext:TPX></Extensions></Trackpoint><Trackpoint><Time>2025-09-14T11:15:55.363Z</Time><DistanceMeters>8405.433824218704</DistanceMeters><HeartRateBpm><Value>156</Value></HeartRateBpm><Cadence>30</Cadence><Extensions><ext:TPX><ext:Watts>45.37931034482759</ext:Watts><ext:Torque>20</ext:Torque></ext:TPX></Extensions></Trackpoint><Trackpoint><Time>2025-09-14T11:15:56.453Z</Time><DistanceMeters>8408.602534105377</DistanceMeters><HeartRateBpm><Value>156</Value></HeartRateBpm><Cadence>28</Cadence><Extensions><ext:TPX><ext:Watts>42.74193548387097</ext:Watts><ext:Torque>20</ext:Torque></ext:TPX></Extensions></Trackpoint><Trackpoint><Time>2025-09-14T11:15:57.503Z</Time><DistanceMeters>8411.585526755198</DistanceMeters><HeartRateBpm><Value>156</Value></HeartRateBpm><Cadence>28</Cadence><Extensions><ext:TPX><ext:Watts>41.7</ext:Watts><ext:Torque>20</ext:Torque></ext:TPX></Extensions></Trackpoint><Trackpoint><Time>2025-09-14T11:15:58.589Z</Time><DistanceMeters>8414.77815143347</DistanceMeters><HeartRateBpm><Value>155</Value></HeartRateBpm><Cadence>28</Cadence><Extensions><ext:TPX><ext:Watts>43.064516129032256</ext:Watts><ext:Torque>20</ext:Torque></ext:TPX></Extensions></Trackpoint><Trackpoint><Time>2025-09-14T11:15:59.743Z</Time><DistanceMeters>8418.000209701398</DistanceMeters><HeartRateBpm><Value>155</Value></HeartRateBpm><Cadence>26</Cadence><Extensions><ext:TPX><ext:Watts>41.09090909090909</ext:Watts><ext:Torque>20</ext:Torque></ext:TPX></Extensions></Trackpoint><Trackpoint><Time>2025-09-14T11:16:00.900Z</Time><DistanceMeters>8421.1628642402</DistanceMeters><HeartRateBpm><Value>155</Value></HeartRateBpm><Cadence>26</Cadence><Extensions><ext:TPX><ext:Watts>40.333333333333336</ext:Watts><ext:Torque>20</ext:Torque></ext:TPX></Extensions></Trackpoint><Trackpoint><Time>2025-09-14T11:16:02.023Z</Time><DistanceMeters>8424.374835082428</DistanceMeters><HeartRateBpm><Value>155</Value></HeartRateBpm><Cadence>26</Cadence><Extensions><ext:TPX><ext:Watts>41.75</ext:Watts><ext:Torque>20</ext:Torque></ext:TPX></Extensions></Trackpoint><Trackpoint><Time>2025-09-14T11:16:03.144Z</Time><DistanceMeters>8427.588675834495</DistanceMeters><HeartRateBpm><Value>155</Value></HeartRateBpm><Cadence>27</Cadence><Extensions><ext:TPX><ext:Watts>42.5625</ext:Watts><ext:Torque>20</ext:Torque></ext:TPX></Extensions></Trackpoint><Trackpoint><Time>2025-09-14T11:16:04.298Z</Time><DistanceMeters>8430.810734102424</DistanceMeters><HeartRateBpm><Value>155</Value></HeartRateBpm><Cadence>26</Cadence><Extensions><ext:TPX><ext:Watts>41.09090909090909</ext:Watts><ext:Torque>20</ext:Torque></ext:TPX></Extensions></Trackpoint><Trackpoint><Time>2025-09-14T11:16:05.453Z</Time><DistanceMeters>8434.142095231951</DistanceMeters><HeartRateBpm><Value>155</Value></HeartRateBpm><Cadence>26</Cadence><Extensions><ext:TPX><ext:Watts>42.484848484848484</ext:Watts><ext:Torque>20</ext:Torque></ext:TPX></Extensions></Trackpoint><Trackpoint><Time>2025-09-14T11:16:06.608Z</Time><DistanceMeters>8437.385538842367</DistanceMeters><HeartRateBpm><Value>156</Value></HeartRateBpm><Cadence>26</Cadence><Extensions><ext:TPX><ext:Watts>41.36363636363637</ext:Watts><ext:Torque>20</ext:Torque></ext:TPX></Extensions></Trackpoint><Trackpoint><Time>2025-09-14T11:16:07.763Z</Time><DistanceMeters>8440.726404568553</DistanceMeters><HeartRateBpm><Value>155</Value></HeartRateBpm><Cadence>26</Cadence><Extensions><ext:TPX><ext:Watts>42.60606060606061</ext:Watts><ext:Torque>20</ext:Torque></ext:TPX></Extensions></Trackpoint><Trackpoint><Time>2025-09-14T11:16:08.919Z</Time><DistanceMeters>8444.079151040565</DistanceMeters><HeartRateBpm><Value>155</Value></HeartRateBpm><Cadence>26</Cadence><Extensions><ext:TPX><ext:Watts>42.75757575757576</ext:Watts><ext:Torque>20</ext:Torque></ext:TPX></Extensions></Trackpoint><Trackpoint><Time>2025-09-14T11:16:10.073Z</Time><DistanceMeters>8447.39150297677</DistanceMeters><HeartRateBpm><Value>155</Value></HeartRateBpm><Cadence>26</Cadence><Extensions><ext:TPX><ext:Watts>42.24242424242424</ext:Watts><ext:Torque>20</ext:Torque></ext:TPX></Extensions></Trackpoint><Trackpoint><Time>2025-09-14T11:16:11.194Z</Time><DistanceMeters>8450.381177156556</DistanceMeters><HeartRateBpm><Value>155</Value></HeartRateBpm><Cadence>27</Cadence><Extensions><ext:TPX><ext:Watts>39.59375</ext:Watts><ext:Torque>20</ext:Torque></ext:TPX></Extensions></Trackpoint><Trackpoint><Time>2025-09-14T11:16:12.349Z</Time><DistanceMeters>8453.484427966228</DistanceMeters><HeartRateBpm><Value>155</Value></HeartRateBpm><Cadence>26</Cadence><Extensions><ext:TPX><ext:Watts>39.57575757575758</ext:Watts><ext:Torque>20</ext:Torque></ext:TPX></Extensions></Trackpoint><Trackpoint><Time>2025-09-14T11:16:13.434Z</Time><DistanceMeters>8456.351811478773</DistanceMeters><HeartRateBpm><Value>155</Value></HeartRateBpm><Cadence>28</Cadence><Extensions><ext:TPX><ext:Watts>38.67741935483871</ext:Watts><ext:Torque>20</ext:Torque></ext:TPX></Extensions></Trackpoint><Trackpoint><Time>2025-09-14T11:16:14.554Z</Time><DistanceMeters>8459.431152287472</DistanceMeters><HeartRateBpm><Value>154</Value></HeartRateBpm><Cadence>27</Cadence><Extensions><ext:TPX><ext:Watts>40.78125</ext:Watts><ext:Torque>20</ext:Torque></ext:TPX></Extensions></Trackpoint><Trackpoint><Time>2025-09-14T11:16:15.674Z</Time><DistanceMeters>8462.54588781811</DistanceMeters><HeartRateBpm><Value>154</Value></HeartRateBpm><Cadence>27</Cadence><Extensions><ext:TPX><ext:Watts>41.25</ext:Watts><ext:Torque>20</ext:Torque></ext:TPX></Extensions></Trackpoint><Trackpoint><Time>2025-09-14T11:16:16.829Z</Time><DistanceMeters>8465.732303848563</DistanceMeters><HeartRateBpm><Value>154</Value></HeartRateBpm><Cadence>26</Cadence><Extensions><ext:TPX><ext:Watts>40.63636363636363</ext:Watts><ext:Torque>20</ext:Torque></ext:TPX></Extensions></Trackpoint><Trackpoint><Time>2025-09-14T11:16:17.983Z</Time><DistanceMeters>8468.759517884951</DistanceMeters><HeartRateBpm><Value>154</Value></HeartRateBpm><Cadence>26</Cadence><Extensions><ext:TPX><ext:Watts>38.60606060606061</ext:Watts><ext:Torque>20</ext:Torque></ext:TPX></Extensions></Trackpoint><Trackpoint><Time>2025-09-14T11:16:19.209Z</Time><DistanceMeters>8471.907373794462</DistanceMeters><HeartRateBpm><Value>154</Value></HeartRateBpm><Cadence>24</Cadence><Extensions><ext:TPX><ext:Watts>37.82857142857143</ext:Watts><ext:Torque>20</ext:Torque></ext:TPX></Extensions></Trackpoint><Trackpoint><Time>2025-09-14T11:16:20.399Z</Time><DistanceMeters>8475.212524600962</DistanceMeters><HeartRateBpm><Value>154</Value></HeartRateBpm><Cadence>25</Cadence><Extensions><ext:TPX><ext:Watts>40.529411764705884</ext:Watts><ext:Torque>20</ext:Torque></ext:TPX></Extensions></Trackpoint><Trackpoint><Time>2025-09-14T11:16:21.554Z</Time><DistanceMeters>8478.434582868891</DistanceMeters><HeartRateBpm><Value>154</Value></HeartRateBpm><Cadence>26</Cadence><Extensions><ext:TPX><ext:Watts>41.09090909090909</ext:Watts><ext:Torque>20</ext:Torque></ext:TPX></Extensions></Trackpoint><Trackpoint><Time>2025-09-14T11:16:22.674Z</Time><DistanceMeters>8481.480888603779</DistanceMeters><HeartRateBpm><Value>154</Value></HeartRateBpm><Cadence>27</Cadence><Extensions><ext:TPX><ext:Watts>40.34375</ext:Watts><ext:Torque>20</ext:Torque></ext:TPX></Extensions></Trackpoint><Trackpoint><Time>2025-09-14T11:16:23.794Z</Time><DistanceMeters>8484.498878561117</DistanceMeters><HeartRateBpm><Value>154</Value></HeartRateBpm><Cadence>27</Cadence><Extensions><ext:TPX><ext:Watts>39.96875</ext:Watts><ext:Torque>20</ext:Torque></ext:TPX></Extensions></Trackpoint><Trackpoint><Time>2025-09-14T11:16:24.949Z</Time><DistanceMeters>8487.735193724038</DistanceMeters><HeartRateBpm><Value>154</Value></HeartRateBpm><Cadence>26</Cadence><Extensions><ext:TPX><ext:Watts>41.27272727272727</ext:Watts><ext:Torque>20</ext:Torque></ext:TPX></Extensions></Trackpoint><Trackpoint><Time>2025-09-14T11:16:26.104Z</Time><DistanceMeters>8490.966756588628</DistanceMeters><HeartRateBpm><Value>154</Value></HeartRateBpm><Cadence>26</Cadence><Extensions><ext:TPX><ext:Watts>41.21212121212121</ext:Watts><ext:Torque>20</ext:Torque></ext:TPX></Extensions></Trackpoint><Trackpoint><Time>2025-09-14T11:16:27.259Z</Time><DistanceMeters>8493.998722923347</DistanceMeters><HeartRateBpm><Value>153</Value></HeartRateBpm><Cadence>26</Cadence><Extensions><ext:TPX><ext:Watts>38.666666666666664</ext:Watts><ext:Torque>20</ext:Torque></ext:TPX></Extensions></Trackpoint><Trackpoint><Time>2025-09-14T11:16:28.379Z</Time><DistanceMeters>8497.165370712828</DistanceMeters><HeartRateBpm><Value>154</Value></HeartRateBpm><Cadence>27</Cadence><Extensions><ext:TPX><ext:Watts>41.9375</ext:Watts><ext:Torque>20</ext:Torque></ext:TPX></Extensions></Trackpoint><Trackpoint><Time>2025-09-14T11:16:29.534Z</Time><DistanceMeters>8500.354162892447</DistanceMeters><HeartRateBpm><Value>155</Value></HeartRateBpm><Cadence>26</Cadence><Extensions><ext:TPX><ext:Watts>40.666666666666664</ext:Watts><ext:Torque>20</ext:Torque></ext:TPX></Extensions></Trackpoint><Trackpoint><Time>2025-09-14T11:16:30.689Z</Time><DistanceMeters>8503.464542149615</DistanceMeters><HeartRateBpm><Value>154</Value></HeartRateBpm><Cadence>26</Cadence><Extensions><ext:TPX><ext:Watts>39.666666666666664</ext:Watts><ext:Torque>20</ext:Torque></ext:TPX></Extensions></Trackpoint><Trackpoint><Time>2025-09-14T11:16:31.809Z</Time><DistanceMeters>8506.532084717668</DistanceMeters><HeartRateBpm><Value>154</Value></HeartRateBpm><Cadence>27</Cadence><Extensions><ext:TPX><ext:Watts>40.625</ext:Watts><ext:Torque>20</ext:Torque></ext:TPX></Extensions></Trackpoint><Trackpoint><Time>2025-09-14T11:16:32.964Z</Time><DistanceMeters>8509.535537262405</DistanceMeters><HeartRateBpm><Value>153</Value></HeartRateBpm><Cadence>26</Cadence><Extensions><ext:TPX><ext:Watts>38.303030303030305</ext:Watts><ext:Torque>20</ext:Torque></ext:TPX></Extensions></Trackpoint><Trackpoint><Time>2025-09-14T11:16:34.119Z</Time><DistanceMeters>8512.66730186206</DistanceMeters><HeartRateBpm><Value>153</Value></HeartRateBpm><Cadence>26</Cadence><Extensions><ext:TPX><ext:Watts>39.93939393939394</ext:Watts><ext:Torque>20</ext:Torque></ext:TPX></Extensions></Trackpoint><Trackpoint><Time>2025-09-14T11:16:35.309Z</Time><DistanceMeters>8515.900497280902</DistanceMeters><HeartRateBpm><Value>153</Value></HeartRateBpm><Cadence>25</Cadence><Extensions><ext:TPX><ext:Watts>39.64705882352941</ext:Watts><ext:Torque>20</ext:Torque></ext:TPX></Extensions></Trackpoint><Trackpoint><Time>2025-09-14T11:16:36.499Z</Time><DistanceMeters>8519.066534337926</DistanceMeters><HeartRateBpm><Value>153</Value></HeartRateBpm><Cadence>25</Cadence><Extensions><ext:TPX><ext:Watts>38.8235294117647</ext:Watts><ext:Torque>20</ext:Torque></ext:TPX></Extensions></Trackpoint><Trackpoint><Time>2025-09-14T11:16:37.689Z</Time><DistanceMeters>8522.196593701121</DistanceMeters><HeartRateBpm><Value>153</Value></HeartRateBpm><Cadence>25</Cadence><Extensions><ext:TPX><ext:Watts>38.38235294117647</ext:Watts><ext:Torque>20</ext:Torque></ext:TPX></Extensions></Trackpoint><Trackpoint><Time>2025-09-14T11:16:38.919Z</Time><DistanceMeters>8525.218440272865</DistanceMeters><HeartRateBpm><Value>152</Value></HeartRateBpm><Cadence>24</Cadence><Extensions><ext:TPX><ext:Watts>36.31428571428572</ext:Watts><ext:Torque>20</ext:Torque></ext:TPX></Extensions></Trackpoint><Trackpoint><Time>2025-09-14T11:16:40.144Z</Time><DistanceMeters>8528.525591005591</DistanceMeters><HeartRateBpm><Value>152</Value></HeartRateBpm><Cadence>24</Cadence><Extensions><ext:TPX><ext:Watts>39.74285714285714</ext:Watts><ext:Torque>20</ext:Torque></ext:TPX></Extensions></Trackpoint><Trackpoint><Time>2025-09-14T11:16:41.334Z</Time><DistanceMeters>8531.821147760404</DistanceMeters><HeartRateBpm><Value>152</Value></HeartRateBpm><Cadence>25</Cadence><Extensions><ext:TPX><ext:Watts>40.411764705882355</ext:Watts><ext:Torque>20</ext:Torque></ext:TPX></Extensions></Trackpoint><Trackpoint><Time>2025-09-14T11:16:42.564Z</Time><DistanceMeters>8535.121165889106</DistanceMeters><HeartRateBpm><Value>152</Value></HeartRateBpm><Cadence>24</Cadence><Extensions><ext:TPX><ext:Watts>39.65714285714286</ext:Watts><ext:Torque>20</ext:Torque></ext:TPX></Extensions></Trackpoint><Trackpoint><Time>2025-09-14T11:16:43.789Z</Time><DistanceMeters>8538.599499118422</DistanceMeters><HeartRateBpm><Value>151</Value></HeartRateBpm><Cadence>24</Cadence><Extensions><ext:TPX><ext:Watts>41.8</ext:Watts><ext:Torque>20</ext:Torque></ext:TPX></Extensions></Trackpoint><Trackpoint><Time>2025-09-14T11:16:45.014Z</Time><DistanceMeters>8541.8733643657</DistanceMeters><HeartRateBpm><Value>150</Value></HeartRateBpm><Cadence>24</Cadence><Extensions><ext:TPX><ext:Watts>39.34285714285714</ext:Watts><ext:Torque>20</ext:Torque></ext:TPX></Extensions></Trackpoint><Trackpoint><Time>2025-09-14T11:16:46.240Z</Time><DistanceMeters>8545.159117286352</DistanceMeters><HeartRateBpm><Value>151</Value></HeartRateBpm><Cadence>24</Cadence><Extensions><ext:TPX><ext:Watts>39.48571428571429</ext:Watts><ext:Torque>20</ext:Torque></ext:TPX></Extensions></Trackpoint><Trackpoint><Time>2025-09-14T11:16:47.464Z</Time><DistanceMeters>8548.492420900502</DistanceMeters><HeartRateBpm><Value>152</Value></HeartRateBpm><Cadence>24</Cadence><Extensions><ext:TPX><ext:Watts>40.05714285714286</ext:Watts><ext:Torque>20</ext:Torque></ext:TPX></Extensions></Trackpoint><Trackpoint><Time>2025-09-14T11:16:48.689Z</Time><DistanceMeters>8551.973131664494</DistanceMeters><HeartRateBpm><Value>152</Value></HeartRateBpm><Cadence>24</Cadence><Extensions><ext:TPX><ext:Watts>41.82857142857143</ext:Watts><ext:Torque>20</ext:Torque></ext:TPX></Extensions></Trackpoint><Trackpoint><Time>2025-09-14T11:16:49.914Z</Time><DistanceMeters>8555.46573010186</DistanceMeters><HeartRateBpm><Value>152</Value></HeartRateBpm><Cadence>24</Cadence><Extensions><ext:TPX><ext:Watts>41.97142857142857</ext:Watts><ext:Torque>20</ext:Torque></ext:TPX></Extensions></Trackpoint><Trackpoint><Time>2025-09-14T11:16:51.174Z</Time><DistanceMeters>8558.896658481819</DistanceMeters><HeartRateBpm><Value>152</Value></HeartRateBpm><Cadence>24</Cadence><Extensions><ext:TPX><ext:Watts>40.388888888888886</ext:Watts><ext:Torque>20</ext:Torque></ext:TPX></Extensions></Trackpoint><Trackpoint><Time>2025-09-14T11:16:52.404Z</Time><DistanceMeters>8562.37261417646</DistanceMeters><HeartRateBpm><Value>152</Value></HeartRateBpm><Cadence>24</Cadence><Extensions><ext:TPX><ext:Watts>41.77142857142857</ext:Watts><ext:Torque>20</ext:Torque></ext:TPX></Extensions></Trackpoint><Trackpoint><Time>2025-09-14T11:16:53.629Z</Time><DistanceMeters>8565.96982413952</DistanceMeters><HeartRateBpm><Value>151</Value></HeartRateBpm><Cadence>24</Cadence><Extensions><ext:TPX><ext:Watts>43.22857142857143</ext:Watts><ext:Torque>20</ext:Torque></ext:TPX></Extensions></Trackpoint><Trackpoint><Time>2025-09-14T11:16:54.854Z</Time><DistanceMeters>8569.441024764812</DistanceMeters><HeartRateBpm><Value>151</Value></HeartRateBpm><Cadence>24</Cadence><Extensions><ext:TPX><ext:Watts>41.714285714285715</ext:Watts><ext:Torque>20</ext:Torque></ext:TPX></Extensions></Trackpoint><Trackpoint><Time>2025-09-14T11:16:56.084Z</Time><DistanceMeters>8573.045367331895</DistanceMeters><HeartRateBpm><Value>151</Value></HeartRateBpm><Cadence>24</Cadence><Extensions><ext:TPX><ext:Watts>43.31428571428572</ext:Watts><ext:Torque>20</ext:Torque></ext:TPX></Extensions></Trackpoint><Trackpoint><Time>2025-09-14T11:16:57.345Z</Time><DistanceMeters>8576.55652374825</DistanceMeters><HeartRateBpm><Value>151</Value></HeartRateBpm><Cadence>24</Cadence><Extensions><ext:TPX><ext:Watts>41.333333333333336</ext:Watts><ext:Torque>20</ext:Torque></ext:TPX></Extensions></Trackpoint><Trackpoint><Time>2025-09-14T11:16:58.570Z</Time><DistanceMeters>8580.049122185615</DistanceMeters><HeartRateBpm><Value>150</Value></HeartRateBpm><Cadence>24</Cadence><Extensions><ext:TPX><ext:Watts>41.97142857142857</ext:Watts><ext:Torque>20</ext:Torque></ext:TPX></Extensions></Trackpoint><Trackpoint><Time>2025-09-14T11:16:59.794Z</Time><DistanceMeters>8583.548853227005</DistanceMeters><HeartRateBpm><Value>150</Value></HeartRateBpm><Cadence>24</Cadence><Extensions><ext:TPX><ext:Watts>42.05714285714286</ext:Watts><ext:Torque>20</ext:Torque></ext:TPX></Extensions></Trackpoint><Trackpoint><Time>2025-09-14T11:17:01.020Z</Time><DistanceMeters>8587.245919646408</DistanceMeters><HeartRateBpm><Value>150</Value></HeartRateBpm><Cadence>24</Cadence><Extensions><ext:TPX><ext:Watts>44.42857142857143</ext:Watts><ext:Torque>20</ext:Torque></ext:TPX></Extensions></Trackpoint><Trackpoint><Time>2025-09-14T11:17:02.244Z</Time><DistanceMeters>8590.95249620451</DistanceMeters><HeartRateBpm><Value>150</Value></HeartRateBpm><Cadence>24</Cadence><Extensions><ext:TPX><ext:Watts>44.542857142857144</ext:Watts><ext:Torque>20</ext:Torque></ext:TPX></Extensions></Trackpoint><Trackpoint><Time>2025-09-14T11:17:03.504Z</Time><DistanceMeters>8594.595792916105</DistanceMeters><HeartRateBpm><Value>150</Value></HeartRateBpm><Cadence>24</Cadence><Extensions><ext:TPX><ext:Watts>42.888888888888886</ext:Watts><ext:Torque>20</ext:Torque></ext:TPX></Extensions></Trackpoint><Trackpoint><Time>2025-09-14T11:17:04.694Z</Time><DistanceMeters>8598.013673829939</DistanceMeters><HeartRateBpm><Value>149</Value></HeartRateBpm><Cadence>25</Cadence><Extensions><ext:TPX><ext:Watts>41.911764705882355</ext:Watts><ext:Torque>20</ext:Torque></ext:TPX></Extensions></Trackpoint><Trackpoint><Time>2025-09-14T11:17:05.920Z</Time><DistanceMeters>8601.41592594966</DistanceMeters><HeartRateBpm><Value>149</Value></HeartRateBpm><Cadence>24</Cadence><Extensions><ext:TPX><ext:Watts>40.885714285714286</ext:Watts><ext:Torque>20</ext:Torque></ext:TPX></Extensions></Trackpoint><Trackpoint><Time>2025-09-14T11:17:07.080Z</Time><DistanceMeters>8604.861342239112</DistanceMeters><HeartRateBpm><Value>149</Value></HeartRateBpm><Cadence>26</Cadence><Extensions><ext:TPX><ext:Watts>43.93939393939394</ext:Watts><ext:Torque>20</ext:Torque></ext:TPX></Extensions></Trackpoint><Trackpoint><Time>2025-09-14T11:17:08.304Z</Time><DistanceMeters>8608.420511647373</DistanceMeters><HeartRateBpm><Value>149</Value></HeartRateBpm><Cadence>24</Cadence><Extensions><ext:TPX><ext:Watts>42.77142857142857</ext:Watts><ext:Torque>20</ext:Torque></ext:TPX></Extensions></Trackpoint><Trackpoint><Time>2025-09-14T11:17:09.494Z</Time><DistanceMeters>8611.991897388214</DistanceMeters><HeartRateBpm><Value>148</Value></HeartRateBpm><Cadence>25</Cadence><Extensions><ext:TPX><ext:Watts>43.794117647058826</ext:Watts><ext:Torque>20</ext:Torque></ext:TPX></Extensions></Trackpoint><Trackpoint><Time>2025-09-14T11:17:10.690Z</Time><DistanceMeters>8615.575275693665</DistanceMeters><HeartRateBpm><Value>147</Value></HeartRateBpm><Cadence>25</Cadence><Extensions><ext:TPX><ext:Watts>43.94117647058823</ext:Watts><ext:Torque>20</ext:Torque></ext:TPX></Extensions></Trackpoint><Trackpoint><Time>2025-09-14T11:17:11.880Z</Time><DistanceMeters>8619.180240615415</DistanceMeters><HeartRateBpm><Value>146</Value></HeartRateBpm><Cadence>25</Cadence><Extensions><ext:TPX><ext:Watts>44.205882352941174</ext:Watts><ext:Torque>20</ext:Torque></ext:TPX></Extensions></Trackpoint><Trackpoint><Time>2025-09-14T11:17:13.105Z</Time><DistanceMeters>8622.706124538228</DistanceMeters><HeartRateBpm><Value>145</Value></HeartRateBpm><Cadence>24</Cadence><Extensions><ext:TPX><ext:Watts>42.371428571428574</ext:Watts><ext:Torque>20</ext:Torque></ext:TPX></Extensions></Trackpoint><Trackpoint><Time>2025-09-14T11:17:14.295Z</Time><DistanceMeters>8626.318284998742</DistanceMeters><HeartRateBpm><Value>145</Value></HeartRateBpm><Cadence>25</Cadence><Extensions><ext:TPX><ext:Watts>44.294117647058826</ext:Watts><ext:Torque>20</ext:Torque></ext:TPX></Extensions></Trackpoint><Trackpoint><Time>2025-09-14T11:17:15.520Z</Time><DistanceMeters>8630.01772895282</DistanceMeters><HeartRateBpm><Value>144</Value></HeartRateBpm><Cadence>24</Cadence><Extensions><ext:TPX><ext:Watts>44.457142857142856</ext:Watts><ext:Torque>20</ext:Torque></ext:TPX></Extensions></Trackpoint><Trackpoint><Time>2025-09-14T11:17:16.710Z</Time><DistanceMeters>8633.730626956058</DistanceMeters><HeartRateBpm><Value>144</Value></HeartRateBpm><Cadence>25</Cadence><Extensions><ext:TPX><ext:Watts>45.529411764705884</ext:Watts><ext:Torque>20</ext:Torque></ext:TPX></Extensions></Trackpoint><Trackpoint><Time>2025-09-14T11:17:17.865Z</Time><DistanceMeters>8637.40652971453</DistanceMeters><HeartRateBpm><Value>144</Value></HeartRateBpm><Cadence>26</Cadence><Extensions><ext:TPX><ext:Watts>46.878787878787875</ext:Watts><ext:Torque>20</ext:Torque></ext:TPX></Extensions></Trackpoint><Trackpoint><Time>2025-09-14T11:17:19.055Z</Time><DistanceMeters>8641.04987084303</DistanceMeters><HeartRateBpm><Value>144</Value></HeartRateBpm><Cadence>25</Cadence><Extensions><ext:TPX><ext:Watts>44.6764705882353</ext:Watts><ext:Torque>20</ext:Torque></ext:TPX></Extensions></Trackpoint><Trackpoint><Time>2025-09-14T11:17:20.210Z</Time><DistanceMeters>8644.53568166829</DistanceMeters><HeartRateBpm><Value>144</Value></HeartRateBpm><Cadence>26</Cadence><Extensions><ext:TPX><ext:Watts>44.45454545454545</ext:Watts><ext:Torque>20</ext:Torque></ext:TPX></Extensions></Trackpoint><Trackpoint><Time>2025-09-14T11:17:21.405Z</Time><DistanceMeters>8648.18861684848</DistanceMeters><HeartRateBpm><Value>144</Value></HeartRateBpm><Cadence>25</Cadence><Extensions><ext:TPX><ext:Watts>44.794117647058826</ext:Watts><ext:Torque>20</ext:Torque></ext:TPX></Extensions></Trackpoint><Trackpoint><Time>2025-09-14T11:17:22.560Z</Time><DistanceMeters>8651.560372513813</DistanceMeters><HeartRateBpm><Value>144</Value></HeartRateBpm><Cadence>26</Cadence><Extensions><ext:TPX><ext:Watts>43.0</ext:Watts><ext:Torque>20</ext:Torque></ext:TPX></Extensions></Trackpoint><Trackpoint><Time>2025-09-14T11:17:23.750Z</Time><DistanceMeters>8655.01902814732</DistanceMeters><HeartRateBpm><Value>144</Value></HeartRateBpm><Cadence>25</Cadence><Extensions><ext:TPX><ext:Watts>42.411764705882355</ext:Watts><ext:Torque>20</ext:Torque></ext:TPX></Extensions></Trackpoint><Trackpoint><Time>2025-09-14T11:17:24.870Z</Time><DistanceMeters>8658.541982804321</DistanceMeters><HeartRateBpm><Value>144</Value></HeartRateBpm><Cadence>27</Cadence><Extensions><ext:TPX><ext:Watts>46.65625</ext:Watts><ext:Torque>20</ext:Torque></ext:TPX></Extensions></Trackpoint><Trackpoint><Time>2025-09-14T11:17:26.025Z</Time><DistanceMeters>8662.141848789508</DistanceMeters><HeartRateBpm><Value>145</Value></HeartRateBpm><Cadence>26</Cadence><Extensions><ext:TPX><ext:Watts>45.90909090909091</ext:Watts><ext:Torque>20</ext:Torque></ext:TPX></Extensions></Trackpoint><Trackpoint><Time>2025-09-14T11:17:27.145Z</Time><DistanceMeters>8665.688399927802</DistanceMeters><HeartRateBpm><Value>145</Value></HeartRateBpm><Cadence>27</Cadence><Extensions><ext:TPX><ext:Watts>46.96875</ext:Watts><ext:Torque>20</ext:Torque></ext:TPX></Extensions></Trackpoint><Trackpoint><Time>2025-09-14T11:17:28.265Z</Time><DistanceMeters>8669.312819454362</DistanceMeters><HeartRateBpm><Value>145</Value></HeartRateBpm><Cadence>27</Cadence><Extensions><ext:TPX><ext:Watts>48.0</ext:Watts><ext:Torque>20</ext:Torque></ext:TPX></Extensions></Trackpoint><Trackpoint><Time>2025-09-14T11:17:29.350Z</Time><DistanceMeters>8672.81872790256</DistanceMeters><HeartRateBpm><Value>145</Value></HeartRateBpm><Cadence>28</Cadence><Extensions><ext:TPX><ext:Watts>47.29032258064516</ext:Watts><ext:Torque>20</ext:Torque></ext:TPX></Extensions></Trackpoint><Trackpoint><Time>2025-09-14T11:17:30.435Z</Time><DistanceMeters>8676.353334100677</DistanceMeters><HeartRateBpm><Value>145</Value></HeartRateBpm><Cadence>28</Cadence><Extensions><ext:TPX><ext:Watts>47.67741935483871</ext:Watts><ext:Torque>20</ext:Torque></ext:TPX></Extensions></Trackpoint><Trackpoint><Time>2025-09-14T11:17:31.555Z</Time><DistanceMeters>8679.831455443222</DistanceMeters><HeartRateBpm><Value>145</Value></HeartRateBpm><Cadence>27</Cadence><Extensions><ext:TPX><ext:Watts>46.0625</ext:Watts><ext:Torque>20</ext:Torque></ext:TPX></Extensions></Trackpoint><Trackpoint><Time>2025-09-14T11:17:32.640Z</Time><DistanceMeters>8683.454546370249</DistanceMeters><HeartRateBpm><Value>145</Value></HeartRateBpm><Cadence>28</Cadence><Extensions><ext:TPX><ext:Watts>48.87096774193548</ext:Watts><ext:Torque>20</ext:Torque></ext:TPX></Extensions></Trackpoint><Trackpoint><Time>2025-09-14T11:17:33.760Z</Time><DistanceMeters>8686.906711583373</DistanceMeters><HeartRateBpm><Value>145</Value></HeartRateBpm><Cadence>27</Cadence><Extensions><ext:TPX><ext:Watts>45.71875</ext:Watts><ext:Torque>20</ext:Torque></ext:TPX></Extensions></Trackpoint><Trackpoint><Time>2025-09-14T11:17:34.845Z</Time><DistanceMeters>8690.43653482317</DistanceMeters><HeartRateBpm><Value>145</Value></HeartRateBpm><Cadence>28</Cadence><Extensions><ext:TPX><ext:Watts>47.61290322580645</ext:Watts><ext:Torque>20</ext:Torque></ext:TPX></Extensions></Trackpoint><Trackpoint><Time>2025-09-14T11:17:35.935Z</Time><DistanceMeters>8693.684163522115</DistanceMeters><HeartRateBpm><Value>146</Value></HeartRateBpm><Cadence>28</Cadence><Extensions><ext:TPX><ext:Watts>43.806451612903224</ext:Watts><ext:Torque>20</ext:Torque></ext:TPX></Extensions></Trackpoint><Trackpoint><Time>2025-09-14T11:17:37.055Z</Time><DistanceMeters>8697.027784921293</DistanceMeters><HeartRateBpm><Value>146</Value></HeartRateBpm><Cadence>27</Cadence><Extensions><ext:TPX><ext:Watts>44.28125</ext:Watts><ext:Torque>20</ext:Torque></ext:TPX></Extensions></Trackpoint><Trackpoint><Time>2025-09-14T11:17:38.140Z</Time><DistanceMeters>8700.292153974357</DistanceMeters><HeartRateBpm><Value>146</Value></HeartRateBpm><Cadence>28</Cadence><Extensions><ext:TPX><ext:Watts>44.03225806451613</ext:Watts><ext:Torque>20</ext:Torque></ext:TPX></Extensions></Trackpoint><Trackpoint><Time>2025-09-14T11:17:39.260Z</Time><DistanceMeters>8703.593301707208</DistanceMeters><HeartRateBpm><Value>146</Value></HeartRateBpm><Cadence>27</Cadence><Extensions><ext:TPX><ext:Watts>43.71875</ext:Watts><ext:Torque>20</ext:Torque></ext:TPX></Extensions></Trackpoint><Trackpoint><Time>2025-09-14T11:17:40.381Z</Time><DistanceMeters>8706.802423163015</DistanceMeters><HeartRateBpm><Value>146</Value></HeartRateBpm><Cadence>27</Cadence><Extensions><ext:TPX><ext:Watts>42.5</ext:Watts><ext:Torque>20</ext:Torque></ext:TPX></Extensions></Trackpoint><Trackpoint><Time>2025-09-14T11:17:41.465Z</Time><DistanceMeters>8710.018962632885</DistanceMeters><HeartRateBpm><Value>147</Value></HeartRateBpm><Cadence>28</Cadence><Extensions><ext:TPX><ext:Watts>43.38709677419355</ext:Watts><ext:Torque>20</ext:Torque></ext:TPX></Extensions></Trackpoint><Trackpoint><Time>2025-09-14T11:17:42.591Z</Time><DistanceMeters>8713.543475548086</DistanceMeters><HeartRateBpm><Value>147</Value></HeartRateBpm><Cadence>26</Cadence><Extensions><ext:TPX><ext:Watts>45.8125</ext:Watts><ext:Torque>20</ext:Torque></ext:TPX></Extensions></Trackpoint><Trackpoint><Time>2025-09-14T11:17:43.745Z</Time><DistanceMeters>8717.079185505814</DistanceMeters><HeartRateBpm><Value>147</Value></HeartRateBpm><Cadence>26</Cadence><Extensions><ext:TPX><ext:Watts>45.09090909090909</ext:Watts><ext:Torque>20</ext:Torque></ext:TPX></Extensions></Trackpoint><Trackpoint><Time>2025-09-14T11:17:44.865Z</Time><DistanceMeters>8721.17081536197</DistanceMeters><HeartRateBpm><Value>147</Value></HeartRateBpm><Cadence>27</Cadence><Extensions><ext:TPX><ext:Watts>54.1875</ext:Watts><ext:Torque>20</ext:Torque></ext:TPX></Extensions></Trackpoint><Trackpoint><Time>2025-09-14T11:17:46.025Z</Time><DistanceMeters>8725.191259749387</DistanceMeters><HeartRateBpm><Value>147</Value></HeartRateBpm><Cadence>26</Cadence><Extensions><ext:TPX><ext:Watts>51.27272727272727</ext:Watts><ext:Torque>20</ext:Torque></ext:TPX></Extensions></Trackpoint><Trackpoint><Time>2025-09-14T11:17:47.190Z</Time><DistanceMeters>8728.957456176133</DistanceMeters><HeartRateBpm><Value>147</Value></HeartRateBpm><Cadence>26</Cadence><Extensions><ext:TPX><ext:Watts>48.03030303030303</ext:Watts><ext:Torque>20</ext:Torque></ext:TPX></Extensions></Trackpoint><Trackpoint><Time>2025-09-14T11:17:48.380Z</Time><DistanceMeters>8733.303561590776</DistanceMeters><HeartRateBpm><Value>147</Value></HeartRateBpm><Cadence>25</Cadence><Extensions><ext:TPX><ext:Watts>53.294117647058826</ext:Watts><ext:Torque>20</ext:Torque></ext:TPX></Extensions></Trackpoint><Trackpoint><Time>2025-09-14T11:17:49.535Z</Time><DistanceMeters>8737.590134684688</DistanceMeters><HeartRateBpm><Value>147</Value></HeartRateBpm><Cadence>26</Cadence><Extensions><ext:TPX><ext:Watts>54.666666666666664</ext:Watts><ext:Torque>20</ext:Torque></ext:TPX></Extensions></Trackpoint><Trackpoint><Time>2025-09-14T11:17:50.661Z</Time><DistanceMeters>8741.929661159405</DistanceMeters><HeartRateBpm><Value>147</Value></HeartRateBpm><Cadence>26</Cadence><Extensions><ext:TPX><ext:Watts>56.40625</ext:Watts><ext:Torque>20</ext:Torque></ext:TPX></Extensions></Trackpoint><Trackpoint><Time>2025-09-14T11:17:51.795Z</Time><DistanceMeters>8746.259570954955</DistanceMeters><HeartRateBpm><Value>148</Value></HeartRateBpm><Cadence>26</Cadence><Extensions><ext:TPX><ext:Watts>56.28125</ext:Watts><ext:Torque>20</ext:Torque></ext:TPX></Extensions></Trackpoint><Trackpoint><Time>2025-09-14T11:17:52.951Z</Time><DistanceMeters>8750.389318203968</DistanceMeters><HeartRateBpm><Value>148</Value></HeartRateBpm><Cadence>26</Cadence><Extensions><ext:TPX><ext:Watts>52.666666666666664</ext:Watts><ext:Torque>20</ext:Torque></ext:TPX></Extensions></Trackpoint><Trackpoint><Time>2025-09-14T11:17:54.070Z</Time><DistanceMeters>8754.46679017135</DistanceMeters><HeartRateBpm><Value>148</Value></HeartRateBpm><Cadence>27</Cadence><Extensions><ext:TPX><ext:Watts>54.0</ext:Watts><ext:Torque>20</ext:Torque></ext:TPX></Extensions></Trackpoint><Trackpoint><Time>2025-09-14T11:17:55.191Z</Time><DistanceMeters>8758.419200787877</DistanceMeters><HeartRateBpm><Value>148</Value></HeartRateBpm><Cadence>27</Cadence><Extensions><ext:TPX><ext:Watts>52.34375</ext:Watts><ext:Torque>20</ext:Torque></ext:TPX></Extensions></Trackpoint><Trackpoint><Time>2025-09-14T11:17:56.311Z</Time><DistanceMeters>8762.32441844182</DistanceMeters><HeartRateBpm><Value>148</Value></HeartRateBpm><Cadence>27</Cadence><Extensions><ext:TPX><ext:Watts>51.71875</ext:Watts><ext:Torque>20</ext:Torque></ext:TPX></Extensions></Trackpoint><Trackpoint><Time>2025-09-14T11:17:57.395Z</Time><DistanceMeters>8766.459285909033</DistanceMeters><HeartRateBpm><Value>148</Value></HeartRateBpm><Cadence>28</Cadence><Extensions><ext:TPX><ext:Watts>55.774193548387096</ext:Watts><ext:Torque>20</ext:Torque></ext:TPX></Extensions></Trackpoint><Trackpoint><Time>2025-09-14T11:17:58.481Z</Time><DistanceMeters>8770.515234563976</DistanceMeters><HeartRateBpm><Value>148</Value></HeartRateBpm><Cadence>28</Cadence><Extensions><ext:TPX><ext:Watts>54.70967741935484</ext:Watts><ext:Torque>20</ext:Torque></ext:TPX></Extensions></Trackpoint><Trackpoint><Time>2025-09-14T11:17:59.571Z</Time><DistanceMeters>8774.65966794783</DistanceMeters><HeartRateBpm><Value>148</Value></HeartRateBpm><Cadence>28</Cadence><Extensions><ext:TPX><ext:Watts>55.903225806451616</ext:Watts><ext:Torque>20</ext:Torque></ext:TPX></Extensions></Trackpoint><Trackpoint><Time>2025-09-14T11:18:00.691Z</Time><DistanceMeters>8778.956587191233</DistanceMeters><HeartRateBpm><Value>148</Value></HeartRateBpm><Cadence>27</Cadence><Extensions><ext:TPX><ext:Watts>56.90625</ext:Watts><ext:Torque>20</ext:Torque></ext:TPX></Extensions></Trackpoint><Trackpoint><Time>2025-09-14T11:18:01.776Z</Time><DistanceMeters>8783.117760929204</DistanceMeters><HeartRateBpm><Value>148</Value></HeartRateBpm><Cadence>28</Cadence><Extensions><ext:TPX><ext:Watts>56.12903225806452</ext:Watts><ext:Torque>20</ext:Torque></ext:TPX></Extensions></Trackpoint><Trackpoint><Time>2025-09-14T11:18:02.896Z</Time><DistanceMeters>8787.355688969375</DistanceMeters><HeartRateBpm><Value>148</Value></HeartRateBpm><Cadence>27</Cadence><Extensions><ext:TPX><ext:Watts>56.125</ext:Watts><ext:Torque>20</ext:Torque></ext:TPX></Extensions></Trackpoint><Trackpoint><Time>2025-09-14T11:18:03.981Z</Time><DistanceMeters>8791.547951936423</DistanceMeters><HeartRateBpm><Value>148</Value></HeartRateBpm><Cadence>28</Cadence><Extensions><ext:TPX><ext:Watts>56.54838709677419</ext:Watts><ext:Torque>20</ext:Torque></ext:TPX></Extensions></Trackpoint><Trackpoint><Time>2025-09-14T11:18:05.066Z</Time><DistanceMeters>8795.828699632382</DistanceMeters><HeartRateBpm><Value>148</Value></HeartRateBpm><Cadence>28</Cadence><Extensions><ext:TPX><ext:Watts>57.74193548387097</ext:Watts><ext:Torque>20</ext:Torque></ext:TPX></Extensions></Trackpoint><Trackpoint><Time>2025-09-14T11:18:06.151Z</Time><DistanceMeters>8800.01857112027</DistanceMeters><HeartRateBpm><Value>148</Value></HeartRateBpm><Cadence>28</Cadence><Extensions><ext:TPX><ext:Watts>56.516129032258064</ext:Watts><ext:Torque>20</ext:Torque></ext:TPX></Extensions></Trackpoint><Trackpoint><Time>2025-09-14T11:18:07.241Z</Time><DistanceMeters>8804.20365964984</DistanceMeters><HeartRateBpm><Value>148</Value></HeartRateBpm><Cadence>28</Cadence><Extensions><ext:TPX><ext:Watts>56.45161290322581</ext:Watts><ext:Torque>20</ext:Torque></ext:TPX></Extensions></Trackpoint><Trackpoint><Time>2025-09-14T11:18:08.291Z</Time><DistanceMeters>8808.407509403343</DistanceMeters><HeartRateBpm><Value>148</Value></HeartRateBpm><Cadence>28</Cadence><Extensions><ext:TPX><ext:Watts>58.766666666666666</ext:Watts><ext:Torque>20</ext:Torque></ext:TPX></Extensions></Trackpoint><Trackpoint><Time>2025-09-14T11:18:09.341Z</Time><DistanceMeters>8812.523133155213</DistanceMeters><HeartRateBpm><Value>149</Value></HeartRateBpm><Cadence>28</Cadence><Extensions><ext:TPX><ext:Watts>57.53333333333333</ext:Watts><ext:Torque>20</ext:Torque></ext:TPX></Extensions></Trackpoint><Trackpoint><Time>2025-09-14T11:18:10.426Z</Time><DistanceMeters>8816.696264288983</DistanceMeters><HeartRateBpm><Value>149</Value></HeartRateBpm><Cadence>28</Cadence><Extensions><ext:TPX><ext:Watts>56.29032258064516</ext:Watts><ext:Torque>20</ext:Torque></ext:TPX></Extensions></Trackpoint><Trackpoint><Time>2025-09-14T11:18:11.441Z</Time><DistanceMeters>8820.85237832236</DistanceMeters><HeartRateBpm><Value>149</Value></HeartRateBpm><Cadence>30</Cadence><Extensions><ext:TPX><ext:Watts>60.13793103448276</ext:Watts><ext:Torque>20</ext:Torque></ext:TPX></Extensions></Trackpoint><Trackpoint><Time>2025-09-14T11:18:12.491Z</Time><DistanceMeters>8825.156376510151</DistanceMeters><HeartRateBpm><Value>149</Value></HeartRateBpm><Cadence>28</Cadence><Extensions><ext:TPX><ext:Watts>60.166666666666664</ext:Watts><ext:Torque>20</ext:Torque></ext:TPX></Extensions></Trackpoint><Trackpoint><Time>2025-09-14T11:18:13.541Z</Time><DistanceMeters>8829.462759184471</DistanceMeters><HeartRateBpm><Value>150</Value></HeartRateBpm><Cadence>28</Cadence><Extensions><ext:TPX><ext:Watts>60.2</ext:Watts><ext:Torque>20</ext:Torque></ext:TPX></Extensions></Trackpoint><Trackpoint><Time>2025-09-14T11:18:14.566Z</Time><DistanceMeters>8833.721346212938</DistanceMeters><HeartRateBpm><Value>150</Value></HeartRateBpm><Cadence>30</Cadence><Extensions><ext:TPX><ext:Watts>61.62068965517241</ext:Watts><ext:Torque>20</ext:Torque></ext:TPX></Extensions></Trackpoint><Trackpoint><Time>2025-09-14T11:18:15.621Z</Time><DistanceMeters>8837.791664720728</DistanceMeters><HeartRateBpm><Value>150</Value></HeartRateBpm><Cadence>28</Cadence><Extensions><ext:TPX><ext:Watts>56.9</ext:Watts><ext:Torque>20</ext:Torque></ext:TPX></Extensions></Trackpoint><Trackpoint><Time>2025-09-14T11:18:16.636Z</Time><DistanceMeters>8841.904883081743</DistanceMeters><HeartRateBpm><Value>150</Value></HeartRateBpm><Cadence>30</Cadence><Extensions><ext:TPX><ext:Watts>59.51724137931034</ext:Watts><ext:Torque>20</ext:Torque></ext:TPX></Extensions></Trackpoint><Trackpoint><Time>2025-09-14T11:18:17.686Z</Time><DistanceMeters>8845.984739535654</DistanceMeters><HeartRateBpm><Value>150</Value></HeartRateBpm><Cadence>28</Cadence><Extensions><ext:TPX><ext:Watts>57.03333333333333</ext:Watts><ext:Torque>20</ext:Torque></ext:TPX></Extensions></Trackpoint><Trackpoint><Time>2025-09-14T11:18:18.701Z</Time><DistanceMeters>8850.181366148487</DistanceMeters><HeartRateBpm><Value>151</Value></HeartRateBpm><Cadence>30</Cadence><Extensions><ext:TPX><ext:Watts>60.724137931034484</ext:Watts><ext:Torque>20</ext:Torque></ext:TPX></Extensions></Trackpoint><Trackpoint><Time>2025-09-14T11:18:19.716Z</Time><DistanceMeters>8854.29935069532</DistanceMeters><HeartRateBpm><Value>151</Value></HeartRateBpm><Cadence>30</Cadence><Extensions><ext:TPX><ext:Watts>59.58620689655172</ext:Watts><ext:Torque>20</ext:Torque></ext:TPX></Extensions></Trackpoint><Trackpoint><Time>2025-09-14T11:18:20.731Z</Time><DistanceMeters>8858.460230914518</DistanceMeters><HeartRateBpm><Value>151</Value></HeartRateBpm><Cadence>30</Cadence><Extensions><ext:TPX><ext:Watts>60.206896551724135</ext:Watts><ext:Torque>20</ext:Torque></ext:TPX></Extensions></Trackpoint><Trackpoint><Time>2025-09-14T11:18:21.781Z</Time><DistanceMeters>8862.454245853325</DistanceMeters><HeartRateBpm><Value>151</Value></HeartRateBpm><Cadence>28</Cadence><Extensions><ext:TPX><ext:Watts>55.833333333333336</ext:Watts><ext:Torque>20</ext:Torque></ext:TPX></Extensions></Trackpoint><Trackpoint><Time>2025-09-14T11:18:22.831Z</Time><DistanceMeters>8866.543640253358</DistanceMeters><HeartRateBpm><Value>152</Value></HeartRateBpm><Cadence>28</Cadence><Extensions><ext:TPX><ext:Watts>57.166666666666664</ext:Watts><ext:Torque>20</ext:Torque></ext:TPX></Extensions></Trackpoint><Trackpoint><Time>2025-09-14T11:18:23.846Z</Time><DistanceMeters>8870.706903565464</DistanceMeters><HeartRateBpm><Value>152</Value></HeartRateBpm><Cadence>30</Cadence><Extensions><ext:TPX><ext:Watts>60.241379310344826</ext:Watts><ext:Torque>20</ext:Torque></ext:TPX></Extensions></Trackpoint><Trackpoint><Time>2025-09-14T11:18:24.831Z</Time><DistanceMeters>8874.770051860827</DistanceMeters><HeartRateBpm><Value>152</Value></HeartRateBpm><Cadence>30</Cadence><Extensions><ext:TPX><ext:Watts>60.785714285714285</ext:Watts><ext:Torque>20</ext:Torque></ext:TPX></Extensions></Trackpoint><Trackpoint><Time>2025-09-14T11:18:25.846Z</Time><DistanceMeters>8878.86897166439</DistanceMeters><HeartRateBpm><Value>153</Value></HeartRateBpm><Cadence>30</Cadence><Extensions><ext:TPX><ext:Watts>59.310344827586206</ext:Watts><ext:Torque>20</ext:Torque></ext:TPX></Extensions></Trackpoint><Trackpoint><Time>2025-09-14T11:18:26.826Z</Time><DistanceMeters>8882.889148943703</DistanceMeters><HeartRateBpm><Value>153</Value></HeartRateBpm><Cadence>30</Cadence><Extensions><ext:TPX><ext:Watts>60.142857142857146</ext:Watts><ext:Torque>20</ext:Torque></ext:TPX></Extensions></Trackpoint><Trackpoint><Time>2025-09-14T11:18:27.841Z</Time><DistanceMeters>8887.057178441626</DistanceMeters><HeartRateBpm><Value>154</Value></HeartRateBpm><Cadence>30</Cadence><Extensions><ext:TPX><ext:Watts>60.310344827586206</ext:Watts><ext:Torque>20</ext:Torque></ext:TPX></Extensions></Trackpoint><Trackpoint><Time>2025-09-14T11:18:28.856Z</Time><DistanceMeters>8891.146565873552</DistanceMeters><HeartRateBpm><Value>154</Value></HeartRateBpm><Cadence>30</Cadence><Extensions><ext:TPX><ext:Watts>59.172413793103445</ext:Watts><ext:Torque>20</ext:Torque></ext:TPX></Extensions></Trackpoint><Trackpoint><Time>2025-09-14T11:18:29.871Z</Time><DistanceMeters>8895.250251862932</DistanceMeters><HeartRateBpm><Value>154</Value></HeartRateBpm><Cadence>30</Cadence><Extensions><ext:TPX><ext:Watts>59.37931034482759</ext:Watts><ext:Torque>20</ext:Torque></ext:TPX></Extensions></Trackpoint><Trackpoint><Time>2025-09-14T11:18:30.851Z</Time><DistanceMeters>8899.179712552808</DistanceMeters><HeartRateBpm><Value>155</Value></HeartRateBpm><Cadence>30</Cadence><Extensions><ext:TPX><ext:Watts>58.785714285714285</ext:Watts><ext:Torque>20</ext:Torque></ext:TPX></Extensions></Trackpoint><Trackpoint><Time>2025-09-14T11:18:31.866Z</Time><DistanceMeters>8903.261950706006</DistanceMeters><HeartRateBpm><Value>155</Value></HeartRateBpm><Cadence>30</Cadence><Extensions><ext:TPX><ext:Watts>59.06896551724138</ext:Watts><ext:Torque>20</ext:Torque></ext:TPX></Extensions></Trackpoint><Trackpoint><Time>2025-09-14T11:18:32.882Z</Time><DistanceMeters>8907.189287820116</DistanceMeters><HeartRateBpm><Value>155</Value></HeartRateBpm><Cadence>30</Cadence><Extensions><ext:TPX><ext:Watts>56.827586206896555</ext:Watts><ext:Torque>20</ext:Torque></ext:TPX></Extensions></Trackpoint><Trackpoint><Time>2025-09-14T11:18:33.861Z</Time><DistanceMeters>8911.245274279472</DistanceMeters><HeartRateBpm><Value>156</Value></HeartRateBpm><Cadence>30</Cadence><Extensions><ext:TPX><ext:Watts>60.67857142857143</ext:Watts><ext:Torque>20</ext:Torque></ext:TPX></Extensions></Trackpoint><Trackpoint><Time>2025-09-14T11:18:34.882Z</Time><DistanceMeters>8915.070138398494</DistanceMeters><HeartRateBpm><Value>156</Value></HeartRateBpm><Cadence>30</Cadence><Extensions><ext:TPX><ext:Watts>55.3448275862069</ext:Watts><ext:Torque>20</ext:Torque></ext:TPX></Extensions></Trackpoint><Trackpoint><Time>2025-09-14T11:18:35.896Z</Time><DistanceMeters>8918.804444986972</DistanceMeters><HeartRateBpm><Value>156</Value></HeartRateBpm><Cadence>30</Cadence><Extensions><ext:TPX><ext:Watts>54.03448275862069</ext:Watts><ext:Torque>20</ext:Torque></ext:TPX></Extensions></Trackpoint><Trackpoint><Time>2025-09-14T11:18:36.876Z</Time><DistanceMeters>8922.495177809906</DistanceMeters><HeartRateBpm><Value>157</Value></HeartRateBpm><Cadence>30</Cadence><Extensions><ext:TPX><ext:Watts>55.214285714285715</ext:Watts><ext:Torque>20</ext:Torque></ext:TPX></Extensions></Trackpoint><Trackpoint><Time>2025-09-14T11:18:37.891Z</Time><DistanceMeters>8926.105563567113</DistanceMeters><HeartRateBpm><Value>157</Value></HeartRateBpm><Cadence>30</Cadence><Extensions><ext:TPX><ext:Watts>52.241379310344826</ext:Watts><ext:Torque>20</ext:Torque></ext:TPX></Extensions></Trackpoint><Trackpoint><Time>2025-09-14T11:18:38.876Z</Time><DistanceMeters>8929.559955801773</DistanceMeters><HeartRateBpm><Value>157</Value></HeartRateBpm><Cadence>30</Cadence><Extensions><ext:TPX><ext:Watts>51.67857142857143</ext:Watts><ext:Torque>20</ext:Torque></ext:TPX></Extensions></Trackpoint><Trackpoint><Time>2025-09-14T11:18:39.861Z</Time><DistanceMeters>8932.871111316268</DistanceMeters><HeartRateBpm><Value>158</Value></HeartRateBpm><Cadence>30</Cadence><Extensions><ext:TPX><ext:Watts>49.535714285714285</ext:Watts><ext:Torque>20</ext:Torque></ext:TPX></Extensions></Trackpoint><Trackpoint><Time>2025-09-14T11:18:40.841Z</Time><DistanceMeters>8936.244336076168</DistanceMeters><HeartRateBpm><Value>158</Value></HeartRateBpm><Cadence>30</Cadence><Extensions><ext:TPX><ext:Watts>50.464285714285715</ext:Watts><ext:Torque>20</ext:Torque></ext:TPX></Extensions></Trackpoint><Trackpoint><Time>2025-09-14T11:18:41.856Z</Time><DistanceMeters>8939.785612139012</DistanceMeters><HeartRateBpm><Value>158</Value></HeartRateBpm><Cadence>30</Cadence><Extensions><ext:TPX><ext:Watts>51.241379310344826</ext:Watts><ext:Torque>20</ext:Torque></ext:TPX></Extensions></Trackpoint><Trackpoint><Time>2025-09-14T11:18:42.871Z</Time><DistanceMeters>8943.510386355854</DistanceMeters><HeartRateBpm><Value>159</Value></HeartRateBpm><Cadence>30</Cadence><Extensions><ext:TPX><ext:Watts>53.89655172413793</ext:Watts><ext:Torque>20</ext:Torque></ext:TPX></Extensions></Trackpoint><Trackpoint><Time>2025-09-14T11:18:43.886Z</Time><DistanceMeters>8947.077876440699</DistanceMeters><HeartRateBpm><Value>159</Value></HeartRateBpm><Cadence>30</Cadence><Extensions><ext:TPX><ext:Watts>51.62068965517241</ext:Watts><ext:Torque>20</ext:Torque></ext:TPX></Extensions></Trackpoint><Trackpoint><Time>2025-09-14T11:18:44.866Z</Time><DistanceMeters>8950.64924533016</DistanceMeters><HeartRateBpm><Value>159</Value></HeartRateBpm><Cadence>30</Cadence><Extensions><ext:TPX><ext:Watts>53.42857142857143</ext:Watts><ext:Torque>20</ext:Torque></ext:TPX></Extensions></Trackpoint><Trackpoint><Time>2025-09-14T11:18:45.882Z</Time><DistanceMeters>8954.092814583733</DistanceMeters><HeartRateBpm><Value>159</Value></HeartRateBpm><Cadence>30</Cadence><Extensions><ext:TPX><ext:Watts>49.827586206896555</ext:Watts><ext:Torque>20</ext:Torque></ext:TPX></Extensions></Trackpoint><Trackpoint><Time>2025-09-14T11:18:46.897Z</Time><DistanceMeters>8957.674603226033</DistanceMeters><HeartRateBpm><Value>159</Value></HeartRateBpm><Cadence>30</Cadence><Extensions><ext:TPX><ext:Watts>51.827586206896555</ext:Watts><ext:Torque>20</ext:Torque></ext:TPX></Extensions></Trackpoint><Trackpoint><Time>2025-09-14T11:18:47.876Z</Time><DistanceMeters>8961.238810279487</DistanceMeters><HeartRateBpm><Value>160</Value></HeartRateBpm><Cadence>30</Cadence><Extensions><ext:TPX><ext:Watts>53.32142857142857</ext:Watts><ext:Torque>20</ext:Torque></ext:TPX></Extensions></Trackpoint><Trackpoint><Time>2025-09-14T11:18:48.892Z</Time><DistanceMeters>8964.9564352176</DistanceMeters><HeartRateBpm><Value>160</Value></HeartRateBpm><Cadence>30</Cadence><Extensions><ext:TPX><ext:Watts>53.793103448275865</ext:Watts><ext:Torque>20</ext:Torque></ext:TPX></Extensions></Trackpoint><Trackpoint><Time>2025-09-14T11:18:49.876Z</Time><DistanceMeters>8968.420376566937</DistanceMeters><HeartRateBpm><Value>160</Value></HeartRateBpm><Cadence>30</Cadence><Extensions><ext:TPX><ext:Watts>51.82142857142857</ext:Watts><ext:Torque>20</ext:Torque></ext:TPX></Extensions></Trackpoint><Trackpoint><Time>2025-09-14T11:18:50.897Z</Time><DistanceMeters>8972.033145417054</DistanceMeters><HeartRateBpm><Value>160</Value></HeartRateBpm><Cadence>30</Cadence><Extensions><ext:TPX><ext:Watts>52.275862068965516</ext:Watts><ext:Torque>20</ext:Torque></ext:TPX></Extensions></Trackpoint><Trackpoint><Time>2025-09-14T11:18:51.886Z</Time><DistanceMeters>8975.58780335583</DistanceMeters><HeartRateBpm><Value>160</Value></HeartRateBpm><Cadence>30</Cadence><Extensions><ext:TPX><ext:Watts>53.17857142857143</ext:Watts><ext:Torque>20</ext:Torque></ext:TPX></Extensions></Trackpoint><Trackpoint><Time>2025-09-14T11:18:52.902Z</Time><DistanceMeters>8979.031372609403</DistanceMeters><HeartRateBpm><Value>160</Value></HeartRateBpm><Cadence>30</Cadence><Extensions><ext:TPX><ext:Watts>49.827586206896555</ext:Watts><ext:Torque>20</ext:Torque></ext:TPX></Extensions></Trackpoint><Trackpoint><Time>2025-09-14T11:18:53.882Z</Time><DistanceMeters>8982.571706876162</DistanceMeters><HeartRateBpm><Value>160</Value></HeartRateBpm><Cadence>30</Cadence><Extensions><ext:TPX><ext:Watts>52.964285714285715</ext:Watts><ext:Torque>20</ext:Torque></ext:TPX></Extensions></Trackpoint><Trackpoint><Time>2025-09-14T11:18:54.897Z</Time><DistanceMeters>8986.086768917008</DistanceMeters><HeartRateBpm><Value>160</Value></HeartRateBpm><Cadence>30</Cadence><Extensions><ext:TPX><ext:Watts>50.86206896551724</ext:Watts><ext:Torque>20</ext:Torque></ext:TPX></Extensions></Trackpoint><Trackpoint><Time>2025-09-14T11:18:55.912Z</Time><DistanceMeters>8989.496974869855</DistanceMeters><HeartRateBpm><Value>161</Value></HeartRateBpm><Cadence>30</Cadence><Extensions><ext:TPX><ext:Watts>49.3448275862069</ext:Watts><ext:Torque>20</ext:Torque></ext:TPX></Extensions></Trackpoint><Trackpoint><Time>2025-09-14T11:18:56.892Z</Time><DistanceMeters>8992.865425072416</DistanceMeters><HeartRateBpm><Value>161</Value></HeartRateBpm><Cadence>30</Cadence><Extensions><ext:TPX><ext:Watts>50.392857142857146</ext:Watts><ext:Torque>20</ext:Torque></ext:TPX></Extensions></Trackpoint><Trackpoint><Time>2025-09-14T11:18:57.907Z</Time><DistanceMeters>8996.223202981264</DistanceMeters><HeartRateBpm><Value>161</Value></HeartRateBpm><Cadence>30</Cadence><Extensions><ext:TPX><ext:Watts>48.58620689655172</ext:Watts><ext:Torque>20</ext:Torque></ext:TPX></Extensions></Trackpoint><Trackpoint><Time>2025-09-14T11:18:58.887Z</Time><DistanceMeters>8999.641786035883</DistanceMeters><HeartRateBpm><Value>161</Value></HeartRateBpm><Cadence>30</Cadence><Extensions><ext:TPX><ext:Watts>51.142857142857146</ext:Watts><ext:Torque>20</ext:Torque></ext:TPX></Extensions></Trackpoint><Trackpoint><Time>2025-09-14T11:18:59.902Z</Time><DistanceMeters>9002.935220436188</DistanceMeters><HeartRateBpm><Value>162</Value></HeartRateBpm><Cadence>30</Cadence><Extensions><ext:TPX><ext:Watts>47.6551724137931</ext:Watts><ext:Torque>20</ext:Torque></ext:TPX></Extensions></Trackpoint><Trackpoint><Time>2025-09-14T11:19:00.917Z</Time><DistanceMeters>9006.402620618852</DistanceMeters><HeartRateBpm><Value>162</Value></HeartRateBpm><Cadence>30</Cadence><Extensions><ext:TPX><ext:Watts>50.172413793103445</ext:Watts><ext:Torque>20</ext:Torque></ext:TPX></Extensions></Trackpoint><Trackpoint><Time>2025-09-14T11:19:01.932Z</Time><DistanceMeters>9009.76278162061</DistanceMeters><HeartRateBpm><Value>162</Value></HeartRateBpm><Cadence>30</Cadence><Extensions><ext:TPX><ext:Watts>48.62068965517241</ext:Watts><ext:Torque>20</ext:Torque></ext:TPX></Extensions></Trackpoint><Trackpoint><Time>2025-09-14T11:19:02.952Z</Time><DistanceMeters>9012.999021791096</DistanceMeters><HeartRateBpm><Value>162</Value></HeartRateBpm><Cadence>30</Cadence><Extensions><ext:TPX><ext:Watts>46.827586206896555</ext:Watts><ext:Torque>20</ext:Torque></ext:TPX></Extensions></Trackpoint><Trackpoint><Time>2025-09-14T11:19:03.932Z</Time><DistanceMeters>9016.123969569375</DistanceMeters><HeartRateBpm><Value>162</Value></HeartRateBpm><Cadence>30</Cadence><Extensions><ext:TPX><ext:Watts>46.75</ext:Watts><ext:Torque>20</ext:Torque></ext:TPX></Extensions></Trackpoint><Trackpoint><Time>2025-09-14T11:19:04.947Z</Time><DistanceMeters>9019.469832013678</DistanceMeters><HeartRateBpm><Value>162</Value></HeartRateBpm><Cadence>30</Cadence><Extensions><ext:TPX><ext:Watts>48.41379310344828</ext:Watts><ext:Torque>20</ext:Torque></ext:TPX></Extensions></Trackpoint><Trackpoint><Time>2025-09-14T11:19:05.997Z</Time><DistanceMeters>9022.865340833298</DistanceMeters><HeartRateBpm><Value>163</Value></HeartRateBpm><Cadence>28</Cadence><Extensions><ext:TPX><ext:Watts>47.46666666666667</ext:Watts><ext:Torque>20</ext:Torque></ext:TPX></Extensions></Trackpoint><Trackpoint><Time>2025-09-14T11:19:07.047Z</Time><DistanceMeters>9026.353844627612</DistanceMeters><HeartRateBpm><Value>163</Value></HeartRateBpm><Cadence>28</Cadence><Extensions><ext:TPX><ext:Watts>48.766666666666666</ext:Watts><ext:Torque>20</ext:Torque></ext:TPX></Extensions></Trackpoint><Trackpoint><Time>2025-09-14T11:19:08.062Z</Time><DistanceMeters>9029.5376567541</DistanceMeters><HeartRateBpm><Value>163</Value></HeartRateBpm><Cadence>30</Cadence><Extensions><ext:TPX><ext:Watts>46.06896551724138</ext:Watts><ext:Torque>20</ext:Torque></ext:TPX></Extensions></Trackpoint><Trackpoint><Time>2025-09-14T11:19:09.112Z</Time><DistanceMeters>9033.050005413721</DistanceMeters><HeartRateBpm><Value>163</Value></HeartRateBpm><Cadence>28</Cadence><Extensions><ext:TPX><ext:Watts>49.1</ext:Watts><ext:Torque>20</ext:Torque></ext:TPX></Extensions></Trackpoint><Trackpoint><Time>2025-09-14T11:19:10.162Z</Time><DistanceMeters>9036.70780775171</DistanceMeters><HeartRateBpm><Value>163</Value></HeartRateBpm><Cadence>28</Cadence><Extensions><ext:TPX><ext:Watts>51.13333333333333</ext:Watts><ext:Torque>20</ext:Torque></ext:TPX></Extensions></Trackpoint><Trackpoint><Time>2025-09-14T11:19:11.247Z</Time><DistanceMeters>9040.31415832462</DistanceMeters><HeartRateBpm><Value>163</Value></HeartRateBpm><Cadence>28</Cadence><Extensions><ext:TPX><ext:Watts>48.645161290322584</ext:Watts><ext:Torque>20</ext:Torque></ext:TPX></Extensions></Trackpoint><Trackpoint><Time>2025-09-14T11:19:12.297Z</Time><DistanceMeters>9044.031572825874</DistanceMeters><HeartRateBpm><Value>163</Value></HeartRateBpm><Cadence>28</Cadence><Extensions><ext:TPX><ext:Watts>51.96666666666667</ext:Watts><ext:Torque>20</ext:Torque></ext:TPX></Extensions></Trackpoint><Trackpoint><Time>2025-09-14T11:19:13.383Z</Time><DistanceMeters>9047.788586585846</DistanceMeters><HeartRateBpm><Value>163</Value></HeartRateBpm><Cadence>28</Cadence><Extensions><ext:TPX><ext:Watts>50.67741935483871</ext:Watts><ext:Torque>20</ext:Torque></ext:TPX></Extensions></Trackpoint><Trackpoint><Time>2025-09-14T11:19:14.467Z</Time><DistanceMeters>9051.404503075393</DistanceMeters><HeartRateBpm><Value>163</Value></HeartRateBpm><Cadence>28</Cadence><Extensions><ext:TPX><ext:Watts>48.774193548387096</ext:Watts><ext:Torque>20</ext:Torque></ext:TPX></Extensions></Trackpoint><Trackpoint><Time>2025-09-14T11:19:15.517Z</Time><DistanceMeters>9055.348443797058</DistanceMeters><HeartRateBpm><Value>163</Value></HeartRateBpm><Cadence>28</Cadence><Extensions><ext:TPX><ext:Watts>55.13333333333333</ext:Watts><ext:Torque>20</ext:Torque></ext:TPX></Extensions></Trackpoint><Trackpoint><Time>2025-09-14T11:19:16.637Z</Time><DistanceMeters>9059.166354470219</DistanceMeters><HeartRateBpm><Value>164</Value></HeartRateBpm><Cadence>27</Cadence><Extensions><ext:TPX><ext:Watts>50.5625</ext:Watts><ext:Torque>20</ext:Torque></ext:TPX></Extensions></Trackpoint><Trackpoint><Time>2025-09-14T11:19:17.757Z</Time><DistanceMeters>9062.972466902733</DistanceMeters><HeartRateBpm><Value>164</Value></HeartRateBpm><Cadence>27</Cadence><Extensions><ext:TPX><ext:Watts>50.40625</ext:Watts><ext:Torque>20</ext:Torque></ext:TPX></Extensions></Trackpoint><Trackpoint><Time>2025-09-14T11:19:18.842Z</Time><DistanceMeters>9066.971020057841</DistanceMeters><HeartRateBpm><Value>164</Value></HeartRateBpm><Cadence>28</Cadence><Extensions><ext:TPX><ext:Watts>53.935483870967744</ext:Watts><ext:Torque>20</ext:Torque></ext:TPX></Extensions></Trackpoint><Trackpoint><Time>2025-09-14T11:19:19.962Z</Time><DistanceMeters>9070.935228915016</DistanceMeters><HeartRateBpm><Value>164</Value></HeartRateBpm><Cadence>27</Cadence><Extensions><ext:TPX><ext:Watts>52.5</ext:Watts><ext:Torque>20</ext:Torque></ext:TPX></Extensions></Trackpoint><Trackpoint><Time>2025-09-14T11:19:21.082Z</Time><DistanceMeters>9074.958428975422</DistanceMeters><HeartRateBpm><Value>163</Value></HeartRateBpm><Cadence>27</Cadence><Extensions><ext:TPX><ext:Watts>53.28125</ext:Watts><ext:Torque>20</ext:Torque></ext:TPX></Extensions></Trackpoint><Trackpoint><Time>2025-09-14T11:19:22.202Z</Time><DistanceMeters>9078.929716776986</DistanceMeters><HeartRateBpm><Value>163</Value></HeartRateBpm><Cadence>27</Cadence><Extensions><ext:TPX><ext:Watts>52.59375</ext:Watts><ext:Torque>20</ext:Torque></ext:TPX></Extensions></Trackpoint><Trackpoint><Time>2025-09-14T11:19:23.287Z</Time><DistanceMeters>9083.031103535963</DistanceMeters><HeartRateBpm><Value>163</Value></HeartRateBpm><Cadence>28</Cadence><Extensions><ext:TPX><ext:Watts>55.32258064516129</ext:Watts><ext:Torque>20</ext:Torque></ext:TPX></Extensions></Trackpoint><Trackpoint><Time>2025-09-14T11:19:24.407Z</Time><DistanceMeters>9087.143970225283</DistanceMeters><HeartRateBpm><Value>162</Value></HeartRateBpm><Cadence>27</Cadence><Extensions><ext:TPX><ext:Watts>54.46875</ext:Watts><ext:Torque>20</ext:Torque></ext:TPX></Extensions></Trackpoint><Trackpoint><Time>2025-09-14T11:19:25.527Z</Time><DistanceMeters>9091.405494746747</DistanceMeters><HeartRateBpm><Value>161</Value></HeartRateBpm><Cadence>27</Cadence><Extensions><ext:TPX><ext:Watts>56.4375</ext:Watts><ext:Torque>20</ext:Torque></ext:TPX></Extensions></Trackpoint><Trackpoint><Time>2025-09-14T11:19:26.647Z</Time><DistanceMeters>9095.619826305625</DistanceMeters><HeartRateBpm><Value>161</Value></HeartRateBpm><Cadence>27</Cadence><Extensions><ext:TPX><ext:Watts>55.8125</ext:Watts><ext:Torque>20</ext:Torque></ext:TPX></Extensions></Trackpoint><Trackpoint><Time>2025-09-14T11:19:27.733Z</Time><DistanceMeters>9099.965143938898</DistanceMeters><HeartRateBpm><Value>161</Value></HeartRateBpm><Cadence>28</Cadence><Extensions><ext:TPX><ext:Watts>58.61290322580645</ext:Watts><ext:Torque>20</ext:Torque></ext:TPX></Extensions></Trackpoint><Trackpoint><Time>2025-09-14T11:19:28.852Z</Time><DistanceMeters>9104.111045702028</DistanceMeters><HeartRateBpm><Value>161</Value></HeartRateBpm><Cadence>27</Cadence><Extensions><ext:TPX><ext:Watts>54.90625</ext:Watts><ext:Torque>20</ext:Torque></ext:TPX></Extensions></Trackpoint><Trackpoint><Time>2025-09-14T11:19:29.972Z</Time><DistanceMeters>9108.31357902026</DistanceMeters><HeartRateBpm><Value>161</Value></HeartRateBpm><Cadence>27</Cadence><Extensions><ext:TPX><ext:Watts>55.65625</ext:Watts><ext:Torque>20</ext:Torque></ext:TPX></Extensions></Trackpoint><Trackpoint><Time>2025-09-14T11:19:31.127Z</Time><DistanceMeters>9112.552629130869</DistanceMeters><HeartRateBpm><Value>162</Value></HeartRateBpm><Cadence>26</Cadence><Extensions><ext:TPX><ext:Watts>54.06060606060606</ext:Watts><ext:Torque>20</ext:Torque></ext:TPX></Extensions></Trackpoint><Trackpoint><Time>2025-09-14T11:19:32.247Z</Time><DistanceMeters>9116.719767727162</DistanceMeters><HeartRateBpm><Value>162</Value></HeartRateBpm><Cadence>27</Cadence><Extensions><ext:TPX><ext:Watts>55.1875</ext:Watts><ext:Torque>20</ext:Torque></ext:TPX></Extensions></Trackpoint><Trackpoint><Time>2025-09-14T11:19:33.367Z</Time><DistanceMeters>9120.679257288079</DistanceMeters><HeartRateBpm><Value>163</Value></HeartRateBpm><Cadence>27</Cadence><Extensions><ext:TPX><ext:Watts>52.4375</ext:Watts><ext:Torque>20</ext:Torque></ext:TPX></Extensions></Trackpoint><Trackpoint><Time>2025-09-14T11:19:34.487Z</Time><DistanceMeters>9124.827518699338</DistanceMeters><HeartRateBpm><Value>163</Value></HeartRateBpm><Cadence>27</Cadence><Extensions><ext:TPX><ext:Watts>54.9375</ext:Watts><ext:Torque>20</ext:Torque></ext:TPX></Extensions></Trackpoint><Trackpoint><Time>2025-09-14T11:19:35.647Z</Time><DistanceMeters>9129.01191737915</DistanceMeters><HeartRateBpm><Value>164</Value></HeartRateBpm><Cadence>26</Cadence><Extensions><ext:TPX><ext:Watts>53.36363636363637</ext:Watts><ext:Torque>20</ext:Torque></ext:TPX></Extensions></Trackpoint><Trackpoint><Time>2025-09-14T11:19:36.803Z</Time><DistanceMeters>9133.0846370482</DistanceMeters><HeartRateBpm><Value>164</Value></HeartRateBpm><Cadence>26</Cadence><Extensions><ext:TPX><ext:Watts>51.93939393939394</ext:Watts><ext:Torque>20</ext:Torque></ext:TPX></Extensions></Trackpoint><Trackpoint><Time>2025-09-14T11:19:37.957Z</Time><DistanceMeters>9137.204879700552</DistanceMeters><HeartRateBpm><Value>164</Value></HeartRateBpm><Cadence>26</Cadence><Extensions><ext:TPX><ext:Watts>52.54545454545455</ext:Watts><ext:Torque>20</ext:Torque></ext:TPX></Extensions></Trackpoint><Trackpoint><Time>2025-09-14T11:19:39.112Z</Time><DistanceMeters>9141.244333281289</DistanceMeters><HeartRateBpm><Value>164</Value></HeartRateBpm><Cadence>26</Cadence><Extensions><ext:TPX><ext:Watts>51.515151515151516</ext:Watts><ext:Torque>20</ext:Torque></ext:TPX></Extensions></Trackpoint><Trackpoint><Time>2025-09-14T11:19:40.232Z</Time><DistanceMeters>9145.335963137444</DistanceMeters><HeartRateBpm><Value>164</Value></HeartRateBpm><Cadence>27</Cadence><Extensions><ext:TPX><ext:Watts>54.1875</ext:Watts><ext:Torque>20</ext:Torque></ext:TPX></Extensions></Trackpoint><Trackpoint><Time>2025-09-14T11:19:41.387Z</Time><DistanceMeters>9149.358783674026</DistanceMeters><HeartRateBpm><Value>164</Value></HeartRateBpm><Cadence>26</Cadence><Extensions><ext:TPX><ext:Watts>51.303030303030305</ext:Watts><ext:Torque>20</ext:Torque></ext:TPX></Extensions></Trackpoint><Trackpoint><Time>2025-09-14T11:19:42.543Z</Time><DistanceMeters>9153.557439248829</DistanceMeters><HeartRateBpm><Value>163</Value></HeartRateBpm><Cadence>26</Cadence><Extensions><ext:TPX><ext:Watts>53.54545454545455</ext:Watts><ext:Torque>20</ext:Torque></ext:TPX></Extensions></Trackpoint><Trackpoint><Time>2025-09-14T11:19:43.663Z</Time><DistanceMeters>9157.710419956346</DistanceMeters><HeartRateBpm><Value>163</Value></HeartRateBpm><Cadence>27</Cadence><Extensions><ext:TPX><ext:Watts>55.0</ext:Watts><ext:Torque>20</ext:Torque></ext:TPX></Extensions></Trackpoint><Trackpoint><Time>2025-09-14T11:19:44.783Z</Time><DistanceMeters>9161.910593626448</DistanceMeters><HeartRateBpm><Value>163</Value></HeartRateBpm><Cadence>27</Cadence><Extensions><ext:TPX><ext:Watts>55.625</ext:Watts><ext:Torque>20</ext:Torque></ext:TPX></Extensions></Trackpoint><Trackpoint><Time>2025-09-14T11:19:45.938Z</Time><DistanceMeters>9166.168652930379</DistanceMeters><HeartRateBpm><Value>162</Value></HeartRateBpm><Cadence>26</Cadence><Extensions><ext:TPX><ext:Watts>54.303030303030305</ext:Watts><ext:Torque>20</ext:Torque></ext:TPX></Extensions></Trackpoint><Trackpoint><Time>2025-09-14T11:19:47.093Z</Time><DistanceMeters>9170.217611107777</DistanceMeters><HeartRateBpm><Value>162</Value></HeartRateBpm><Cadence>26</Cadence><Extensions><ext:TPX><ext:Watts>51.63636363636363</ext:Watts><ext:Torque>20</ext:Torque></ext:TPX></Extensions></Trackpoint><Trackpoint><Time>2025-09-14T11:19:48.213Z</Time><DistanceMeters>9174.271486593865</DistanceMeters><HeartRateBpm><Value>162</Value></HeartRateBpm><Cadence>27</Cadence><Extensions><ext:TPX><ext:Watts>53.6875</ext:Watts><ext:Torque>20</ext:Torque></ext:TPX></Extensions></Trackpoint><Trackpoint><Time>2025-09-14T11:19:49.368Z</Time><DistanceMeters>9178.32757321876</DistanceMeters><HeartRateBpm><Value>162</Value></HeartRateBpm><Cadence>26</Cadence><Extensions><ext:TPX><ext:Watts>51.72727272727273</ext:Watts><ext:Torque>20</ext:Torque></ext:TPX></Extensions></Trackpoint><Trackpoint><Time>2025-09-14T11:19:50.523Z</Time><DistanceMeters>9182.369402948663</DistanceMeters><HeartRateBpm><Value>162</Value></HeartRateBpm><Cadence>26</Cadence><Extensions><ext:TPX><ext:Watts>51.54545454545455</ext:Watts><ext:Torque>20</ext:Torque></ext:TPX></Extensions></Trackpoint><Trackpoint><Time>2025-09-14T11:19:51.678Z</Time><DistanceMeters>9186.432618021052</DistanceMeters><HeartRateBpm><Value>161</Value></HeartRateBpm><Cadence>26</Cadence><Extensions><ext:TPX><ext:Watts>51.81818181818182</ext:Watts><ext:Torque>20</ext:Torque></ext:TPX></Extensions></Trackpoint><Trackpoint><Time>2025-09-14T11:19:52.833Z</Time><DistanceMeters>9190.510089988433</DistanceMeters><HeartRateBpm><Value>161</Value></HeartRateBpm><Cadence>26</Cadence><Extensions><ext:TPX><ext:Watts>52.0</ext:Watts><ext:Torque>20</ext:Torque></ext:TPX></Extensions></Trackpoint><Trackpoint><Time>2025-09-14T11:19:53.988Z</Time><DistanceMeters>9194.43311226008</DistanceMeters><HeartRateBpm><Value>161</Value></HeartRateBpm><Cadence>26</Cadence><Extensions><ext:TPX><ext:Watts>50.03030303030303</ext:Watts><ext:Torque>20</ext:Torque></ext:TPX></Extensions></Trackpoint><Trackpoint><Time>2025-09-14T11:19:55.143Z</Time><DistanceMeters>9198.463061244158</DistanceMeters><HeartRateBpm><Value>161</Value></HeartRateBpm><Cadence>26</Cadence><Extensions><ext:TPX><ext:Watts>51.39393939393939</ext:Watts><ext:Torque>20</ext:Torque></ext:TPX></Extensions></Trackpoint><Trackpoint><Time>2025-09-14T11:19:56.333Z</Time><DistanceMeters>9202.295884893496</DistanceMeters><HeartRateBpm><Value>161</Value></HeartRateBpm><Cadence>25</Cadence><Extensions><ext:TPX><ext:Watts>47.0</ext:Watts><ext:Torque>20</ext:Torque></ext:TPX></Extensions></Trackpoint><Trackpoint><Time>2025-09-14T11:19:57.493Z</Time><DistanceMeters>9206.100099706886</DistanceMeters><HeartRateBpm><Value>161</Value></HeartRateBpm><Cadence>26</Cadence><Extensions><ext:TPX><ext:Watts>48.515151515151516</ext:Watts><ext:Torque>20</ext:Torque></ext:TPX></Extensions></Trackpoint><Trackpoint><Time>2025-09-14T11:19:58.648Z</Time><DistanceMeters>9210.089654155156</DistanceMeters><HeartRateBpm><Value>161</Value></HeartRateBpm><Cadence>26</Cadence><Extensions><ext:TPX><ext:Watts>50.878787878787875</ext:Watts><ext:Torque>20</ext:Torque></ext:TPX></Extensions></Trackpoint><Trackpoint><Time>2025-09-14T11:19:59.803Z</Time><DistanceMeters>9214.202768360014</DistanceMeters><HeartRateBpm><Value>161</Value></HeartRateBpm><Cadence>26</Cadence><Extensions><ext:TPX><ext:Watts>52.45454545454545</ext:Watts><ext:Torque>20</ext:Torque></ext:TPX></Extensions></Trackpoint><Trackpoint><Time>2025-09-14T11:20:00.993Z</Time><DistanceMeters>9218.198690888046</DistanceMeters><HeartRateBpm><Value>161</Value></HeartRateBpm><Cadence>25</Cadence><Extensions><ext:TPX><ext:Watts>49.0</ext:Watts><ext:Torque>20</ext:Torque></ext:TPX></Extensions></Trackpoint><Trackpoint><Time>2025-09-14T11:20:02.148Z</Time><DistanceMeters>9222.152603098839</DistanceMeters><HeartRateBpm><Value>161</Value></HeartRateBpm><Cadence>26</Cadence><Extensions><ext:TPX><ext:Watts>50.42424242424242</ext:Watts><ext:Torque>20</ext:Torque></ext:TPX></Extensions></Trackpoint><Trackpoint><Time>2025-09-14T11:20:03.268Z</Time><DistanceMeters>9226.180522455505</DistanceMeters><HeartRateBpm><Value>161</Value></HeartRateBpm><Cadence>27</Cadence><Extensions><ext:TPX><ext:Watts>53.34375</ext:Watts><ext:Torque>20</ext:Torque></ext:TPX></Extensions></Trackpoint><Trackpoint><Time>2025-09-14T11:20:04.458Z</Time><DistanceMeters>9230.257994422886</DistanceMeters><HeartRateBpm><Value>161</Value></HeartRateBpm><Cadence>25</Cadence><Extensions><ext:TPX><ext:Watts>50.0</ext:Watts><ext:Torque>20</ext:Torque></ext:TPX></Extensions></Trackpoint><Trackpoint><Time>2025-09-14T11:20:05.578Z</Time><DistanceMeters>9234.149054188054</DistanceMeters><HeartRateBpm><Value>160</Value></HeartRateBpm><Cadence>27</Cadence><Extensions><ext:TPX><ext:Watts>51.53125</ext:Watts><ext:Torque>20</ext:Torque></ext:TPX></Extensions></Trackpoint><Trackpoint><Time>2025-09-14T11:20:06.733Z</Time><DistanceMeters>9238.167122426306</DistanceMeters><HeartRateBpm><Value>160</Value></HeartRateBpm><Cadence>26</Cadence><Extensions><ext:TPX><ext:Watts>51.24242424242424</ext:Watts><ext:Torque>20</ext:Torque></ext:TPX></Extensions></Trackpoint><Trackpoint><Time>2025-09-14T11:20:07.888Z</Time><DistanceMeters>9242.113906189605</DistanceMeters><HeartRateBpm><Value>160</Value></HeartRateBpm><Cadence>26</Cadence><Extensions><ext:TPX><ext:Watts>50.333333333333336</ext:Watts><ext:Torque>20</ext:Torque></ext:TPX></Extensions></Trackpoint><Trackpoint><Time>2025-09-14T11:20:09.043Z</Time><DistanceMeters>9246.150983621177</DistanceMeters><HeartRateBpm><Value>159</Value></HeartRateBpm><Cadence>26</Cadence><Extensions><ext:TPX><ext:Watts>51.484848484848484</ext:Watts><ext:Torque>20</ext:Torque></ext:TPX></Extensions></Trackpoint><Trackpoint><Time>2025-09-14T11:20:10.198Z</Time><DistanceMeters>9250.230831737723</DistanceMeters><HeartRateBpm><Value>159</Value></HeartRateBpm><Cadence>26</Cadence><Extensions><ext:TPX><ext:Watts>52.03030303030303</ext:Watts><ext:Torque>20</ext:Torque></ext:TPX></Extensions></Trackpoint><Trackpoint><Time>2025-09-14T11:20:11.318Z</Time><DistanceMeters>9254.19032129864</DistanceMeters><HeartRateBpm><Value>159</Value></HeartRateBpm><Cadence>27</Cadence><Extensions><ext:TPX><ext:Watts>52.4375</ext:Watts><ext:Torque>20</ext:Torque></ext:TPX></Extensions></Trackpoint><Trackpoint><Time>2025-09-14T11:20:12.473Z</Time><DistanceMeters>9258.215517984387</DistanceMeters><HeartRateBpm><Value>159</Value></HeartRateBpm><Cadence>26</Cadence><Extensions><ext:TPX><ext:Watts>51.333333333333336</ext:Watts><ext:Torque>20</ext:Torque></ext:TPX></Extensions></Trackpoint><Trackpoint><Time>2025-09-14T11:20:13.628Z</Time><DistanceMeters>9262.43318275251</DistanceMeters><HeartRateBpm><Value>159</Value></HeartRateBpm><Cadence>26</Cadence><Extensions><ext:TPX><ext:Watts>53.78787878787879</ext:Watts><ext:Torque>20</ext:Torque></ext:TPX></Extensions></Trackpoint><Trackpoint><Time>2025-09-14T11:20:14.783Z</Time><DistanceMeters>9266.729260443082</DistanceMeters><HeartRateBpm><Value>159</Value></HeartRateBpm><Cadence>26</Cadence><Extensions><ext:TPX><ext:Watts>54.78787878787879</ext:Watts><ext:Torque>20</ext:Torque></ext:TPX></Extensions></Trackpoint><Trackpoint><Time>2025-09-14T11:20:15.938Z</Time><DistanceMeters>9270.787723217141</DistanceMeters><HeartRateBpm><Value>160</Value></HeartRateBpm><Cadence>26</Cadence><Extensions><ext:TPX><ext:Watts>51.75757575757576</ext:Watts><ext:Torque>20</ext:Torque></ext:TPX></Extensions></Trackpoint><Trackpoint><Time>2025-09-14T11:20:17.093Z</Time><DistanceMeters>9274.922222764484</DistanceMeters><HeartRateBpm><Value>160</Value></HeartRateBpm><Cadence>26</Cadence><Extensions><ext:TPX><ext:Watts>52.72727272727273</ext:Watts><ext:Torque>20</ext:Torque></ext:TPX></Extensions></Trackpoint><Trackpoint><Time>2025-09-14T11:20:18.248Z</Time><DistanceMeters>9279.173153620919</DistanceMeters><HeartRateBpm><Value>160</Value></HeartRateBpm><Cadence>26</Cadence><Extensions><ext:TPX><ext:Watts>54.21212121212121</ext:Watts><ext:Torque>20</ext:Torque></ext:TPX></Extensions></Trackpoint><Trackpoint><Time>2025-09-14T11:20:19.403Z</Time><DistanceMeters>9283.34804770407</DistanceMeters><HeartRateBpm><Value>160</Value></HeartRateBpm><Cadence>26</Cadence><Extensions><ext:TPX><ext:Watts>53.24242424242424</ext:Watts><ext:Torque>20</ext:Torque></ext:TPX></Extensions></Trackpoint><Trackpoint><Time>2025-09-14T11:20:20.558Z</Time><DistanceMeters>9287.520565638057</DistanceMeters><HeartRateBpm><Value>160</Value></HeartRateBpm><Cadence>26</Cadence><Extensions><ext:TPX><ext:Watts>53.21212121212121</ext:Watts><ext:Torque>20</ext:Torque></ext:TPX></Extensions></Trackpoint><Trackpoint><Time>2025-09-14T11:20:21.713Z</Time><DistanceMeters>9291.74773500284</DistanceMeters><HeartRateBpm><Value>160</Value></HeartRateBpm><Cadence>26</Cadence><Extensions><ext:TPX><ext:Watts>53.90909090909091</ext:Watts><ext:Torque>20</ext:Torque></ext:TPX></Extensions></Trackpoint><Trackpoint><Time>2025-09-14T11:20:22.873Z</Time><DistanceMeters>9296.00104200844</DistanceMeters><HeartRateBpm><Value>160</Value></HeartRateBpm><Cadence>26</Cadence><Extensions><ext:TPX><ext:Watts>54.24242424242424</ext:Watts><ext:Torque>20</ext:Torque></ext:TPX></Extensions></Trackpoint><Trackpoint><Time>2025-09-14T11:20:24.063Z</Time><DistanceMeters>9299.982573458941</DistanceMeters><HeartRateBpm><Value>160</Value></HeartRateBpm><Cadence>25</Cadence><Extensions><ext:TPX><ext:Watts>48.8235294117647</ext:Watts><ext:Torque>20</ext:Torque></ext:TPX></Extensions></Trackpoint><Trackpoint><Time>2025-09-14T11:20:25.253Z</Time><DistanceMeters>9303.959307883599</DistanceMeters><HeartRateBpm><Value>160</Value></HeartRateBpm><Cadence>25</Cadence><Extensions><ext:TPX><ext:Watts>48.76470588235294</ext:Watts><ext:Torque>20</ext:Torque></ext:TPX></Extensions></Trackpoint><Trackpoint><Time>2025-09-14T11:20:26.444Z</Time><DistanceMeters>9308.060764980199</DistanceMeters><HeartRateBpm><Value>160</Value></HeartRateBpm><Cadence>25</Cadence><Extensions><ext:TPX><ext:Watts>50.294117647058826</ext:Watts><ext:Torque>20</ext:Torque></ext:TPX></Extensions></Trackpoint><Trackpoint><Time>2025-09-14T11:20:27.668Z</Time><DistanceMeters>9312.085931184733</DistanceMeters><HeartRateBpm><Value>160</Value></HeartRateBpm><Cadence>24</Cadence><Extensions><ext:TPX><ext:Watts>48.371428571428574</ext:Watts><ext:Torque>20</ext:Torque></ext:TPX></Extensions></Trackpoint><Trackpoint><Time>2025-09-14T11:20:28.858Z</Time><DistanceMeters>9316.01469535095</DistanceMeters><HeartRateBpm><Value>159</Value></HeartRateBpm><Cadence>25</Cadence><Extensions><ext:TPX><ext:Watts>48.1764705882353</ext:Watts><ext:Torque>20</ext:Torque></ext:TPX></Extensions></Trackpoint><Trackpoint><Time>2025-09-14T11:20:30.084Z</Time><DistanceMeters>9319.961402911213</DistanceMeters><HeartRateBpm><Value>159</Value></HeartRateBpm><Cadence>24</Cadence><Extensions><ext:TPX><ext:Watts>47.42857142857143</ext:Watts><ext:Torque>20</ext:Torque></ext:TPX></Extensions></Trackpoint><Trackpoint><Time>2025-09-14T11:20:31.308Z</Time><DistanceMeters>9323.82251922318</DistanceMeters><HeartRateBpm><Value>159</Value></HeartRateBpm><Cadence>24</Cadence><Extensions><ext:TPX><ext:Watts>46.4</ext:Watts><ext:Torque>20</ext:Torque></ext:TPX></Extensions></Trackpoint><Trackpoint><Time>2025-09-14T11:20:32.533Z</Time><DistanceMeters>9327.538605919983</DistanceMeters><HeartRateBpm><Value>159</Value></HeartRateBpm><Cadence>24</Cadence><Extensions><ext:TPX><ext:Watts>44.65714285714286</ext:Watts><ext:Torque>20</ext:Torque></ext:TPX></Extensions></Trackpoint><Trackpoint><Time>2025-09-14T11:20:33.758Z</Time><DistanceMeters>9331.33552879573</DistanceMeters><HeartRateBpm><Value>158</Value></HeartRateBpm><Cadence>24</Cadence><Extensions><ext:TPX><ext:Watts>45.628571428571426</ext:Watts><ext:Torque>20</ext:Torque></ext:TPX></Extensions></Trackpoint><Trackpoint><Time>2025-09-14T11:20:34.948Z</Time><DistanceMeters>9335.060419363577</DistanceMeters><HeartRateBpm><Value>157</Value></HeartRateBpm><Cadence>25</Cadence><Extensions><ext:TPX><ext:Watts>45.6764705882353</ext:Watts><ext:Torque>20</ext:Torque></ext:TPX></Extensions></Trackpoint><Trackpoint><Time>2025-09-14T11:20:36.174Z</Time><DistanceMeters>9338.950066091644</DistanceMeters><HeartRateBpm><Value>157</Value></HeartRateBpm><Cadence>24</Cadence><Extensions><ext:TPX><ext:Watts>46.74285714285714</ext:Watts><ext:Torque>20</ext:Torque></ext:TPX></Extensions></Trackpoint><Trackpoint><Time>2025-09-14T11:20:37.398Z</Time><DistanceMeters>9342.794539660888</DistanceMeters><HeartRateBpm><Value>157</Value></HeartRateBpm><Cadence>24</Cadence><Extensions><ext:TPX><ext:Watts>46.2</ext:Watts><ext:Torque>20</ext:Torque></ext:TPX></Extensions></Trackpoint><Trackpoint><Time>2025-09-14T11:20:38.658Z</Time><DistanceMeters>9346.61009068592</DistanceMeters><HeartRateBpm><Value>156</Value></HeartRateBpm><Cadence>24</Cadence><Extensions><ext:TPX><ext:Watts>44.916666666666664</ext:Watts><ext:Torque>20</ext:Torque></ext:TPX></Extensions></Trackpoint><Trackpoint><Time>2025-09-14T11:20:39.848Z</Time><DistanceMeters>9350.394944076817</DistanceMeters><HeartRateBpm><Value>155</Value></HeartRateBpm><Cadence>25</Cadence><Extensions><ext:TPX><ext:Watts>46.411764705882355</ext:Watts><ext:Torque>20</ext:Torque></ext:TPX></Extensions></Trackpoint><Trackpoint><Time>2025-09-14T11:20:41.074Z</Time><DistanceMeters>9354.151448863093</DistanceMeters><HeartRateBpm><Value>155</Value></HeartRateBpm><Cadence>24</Cadence><Extensions><ext:TPX><ext:Watts>45.142857142857146</ext:Watts><ext:Torque>20</ext:Torque></ext:TPX></Extensions></Trackpoint><Trackpoint><Time>2025-09-14T11:20:42.299Z</Time><DistanceMeters>9357.884178302618</DistanceMeters><HeartRateBpm><Value>155</Value></HeartRateBpm><Cadence>24</Cadence><Extensions><ext:TPX><ext:Watts>44.857142857142854</ext:Watts><ext:Torque>20</ext:Torque></ext:TPX></Extensions></Trackpoint><Trackpoint><Time>2025-09-14T11:20:43.558Z</Time><DistanceMeters>9361.510957477307</DistanceMeters><HeartRateBpm><Value>154</Value></HeartRateBpm><Cadence>24</Cadence><Extensions><ext:TPX><ext:Watts>42.69444444444444</ext:Watts><ext:Torque>20</ext:Torque></ext:TPX></Extensions></Trackpoint><Trackpoint><Time>2025-09-14T11:20:44.784Z</Time><DistanceMeters>9365.11530004439</DistanceMeters><HeartRateBpm><Value>154</Value></HeartRateBpm><Cadence>24</Cadence><Extensions><ext:TPX><ext:Watts>43.31428571428572</ext:Watts><ext:Torque>20</ext:Torque></ext:TPX></Extensions></Trackpoint><Trackpoint><Time>2025-09-14T11:20:46.009Z</Time><DistanceMeters>9368.653071640578</DistanceMeters><HeartRateBpm><Value>154</Value></HeartRateBpm><Cadence>24</Cadence><Extensions><ext:TPX><ext:Watts>42.51428571428571</ext:Watts><ext:Torque>20</ext:Torque></ext:TPX></Extensions></Trackpoint><Trackpoint><Time>2025-09-14T11:20:47.274Z</Time><DistanceMeters>9372.400393690978</DistanceMeters><HeartRateBpm><Value>154</Value></HeartRateBpm><Cadence>24</Cadence><Extensions><ext:TPX><ext:Watts>43.19444444444444</ext:Watts><ext:Torque>20</ext:Torque></ext:TPX></Extensions></Trackpoint><Trackpoint><Time>2025-09-14T11:20:48.499Z</Time><DistanceMeters>9376.11172531843</DistanceMeters><HeartRateBpm><Value>154</Value></HeartRateBpm><Cadence>24</Cadence><Extensions><ext:TPX><ext:Watts>44.6</ext:Watts><ext:Torque>20</ext:Torque></ext:TPX></Extensions></Trackpoint><Trackpoint><Time>2025-09-14T11:20:49.759Z</Time><DistanceMeters>9379.757381678153</DistanceMeters><HeartRateBpm><Value>154</Value></HeartRateBpm><Cadence>24</Cadence><Extensions><ext:TPX><ext:Watts>42.916666666666664</ext:Watts><ext:Torque>20</ext:Torque></ext:TPX></Extensions></Trackpoint><Trackpoint><Time>2025-09-14T11:20:51.024Z</Time><DistanceMeters>9383.42276871266</DistanceMeters><HeartRateBpm><Value>153</Value></HeartRateBpm><Cadence>24</Cadence><Extensions><ext:TPX><ext:Watts>42.25</ext:Watts><ext:Torque>20</ext:Torque></ext:TPX></Extensions></Trackpoint><Trackpoint><Time>2025-09-14T11:20:52.284Z</Time><DistanceMeters>9387.037749646703</DistanceMeters><HeartRateBpm><Value>153</Value></HeartRateBpm><Cadence>24</Cadence><Extensions><ext:TPX><ext:Watts>42.55555555555556</ext:Watts><ext:Torque>20</ext:Torque></ext:TPX></Extensions></Trackpoint><Trackpoint><Time>2025-09-14T11:20:53.579Z</Time><DistanceMeters>9390.822946890217</DistanceMeters><HeartRateBpm><Value>153</Value></HeartRateBpm><Cadence>23</Cadence><Extensions><ext:TPX><ext:Watts>42.7027027027027</ext:Watts><ext:Torque>20</ext:Torque></ext:TPX></Extensions></Trackpoint><Trackpoint><Time>2025-09-14T11:20:54.839Z</Time><DistanceMeters>9394.511076916267</DistanceMeters><HeartRateBpm><Value>153</Value></HeartRateBpm><Cadence>24</Cadence><Extensions><ext:TPX><ext:Watts>43.416666666666664</ext:Watts><ext:Torque>20</ext:Torque></ext:TPX></Extensions></Trackpoint><Trackpoint><Time>2025-09-14T11:20:56.099Z</Time><DistanceMeters>9398.017514036364</DistanceMeters><HeartRateBpm><Value>152</Value></HeartRateBpm><Cadence>24</Cadence><Extensions><ext:TPX><ext:Watts>41.27777777777778</ext:Watts><ext:Torque>20</ext:Torque></ext:TPX></Extensions></Trackpoint><Trackpoint><Time>2025-09-14T11:20:57.359Z</Time><DistanceMeters>9401.578223063434</DistanceMeters><HeartRateBpm><Value>152</Value></HeartRateBpm><Cadence>24</Cadence><Extensions><ext:TPX><ext:Watts>41.916666666666664</ext:Watts><ext:Torque>20</ext:Torque></ext:TPX></Extensions></Trackpoint><Trackpoint><Time>2025-09-14T11:20:58.584Z</Time><DistanceMeters>9405.308574968285</DistanceMeters><HeartRateBpm><Value>152</Value></HeartRateBpm><Cadence>24</Cadence><Extensions><ext:TPX><ext:Watts>44.82857142857143</ext:Watts><ext:Torque>20</ext:Torque></ext:TPX></Extensions></Trackpoint><Trackpoint><Time>2025-09-14T11:20:59.779Z</Time><DistanceMeters>9408.901547325424</DistanceMeters><HeartRateBpm><Value>152</Value></HeartRateBpm><Cadence>25</Cadence><Extensions><ext:TPX><ext:Watts>44.05882352941177</ext:Watts><ext:Torque>20</ext:Torque></ext:TPX></Extensions></Trackpoint><Trackpoint><Time>2025-09-14T11:21:00.979Z</Time><DistanceMeters>9412.549685479768</DistanceMeters><HeartRateBpm><Value>151</Value></HeartRateBpm><Cadence>25</Cadence><Extensions><ext:TPX><ext:Watts>44.73529411764706</ext:Watts><ext:Torque>20</ext:Torque></ext:TPX></Extensions></Trackpoint><Trackpoint><Time>2025-09-14T11:21:02.169Z</Time><DistanceMeters>9416.130665272296</DistanceMeters><HeartRateBpm><Value>151</Value></HeartRateBpm><Cadence>25</Cadence><Extensions><ext:TPX><ext:Watts>43.911764705882355</ext:Watts><ext:Torque>20</ext:Torque></ext:TPX></Extensions></Trackpoint><Trackpoint><Time>2025-09-14T11:21:03.359Z</Time><DistanceMeters>9419.793194504173</DistanceMeters><HeartRateBpm><Value>151</Value></HeartRateBpm><Cadence>25</Cadence><Extensions><ext:TPX><ext:Watts>44.911764705882355</ext:Watts><ext:Torque>20</ext:Torque></ext:TPX></Extensions></Trackpoint><Trackpoint><Time>2025-09-14T11:21:04.554Z</Time><DistanceMeters>9423.55406276585</DistanceMeters><HeartRateBpm><Value>151</Value></HeartRateBpm><Cadence>25</Cadence><Extensions><ext:TPX><ext:Watts>46.11764705882353</ext:Watts><ext:Torque>20</ext:Torque></ext:TPX></Extensions></Trackpoint><Trackpoint><Time>2025-09-14T11:21:05.709Z</Time><DistanceMeters>9427.313130745102</DistanceMeters><HeartRateBpm><Value>151</Value></HeartRateBpm><Cadence>26</Cadence><Extensions><ext:TPX><ext:Watts>47.93939393939394</ext:Watts><ext:Torque>20</ext:Torque></ext:TPX></Extensions></Trackpoint><Trackpoint><Time>2025-09-14T11:21:06.864Z</Time><DistanceMeters>9430.989033503574</DistanceMeters><HeartRateBpm><Value>151</Value></HeartRateBpm><Cadence>26</Cadence><Extensions><ext:TPX><ext:Watts>46.878787878787875</ext:Watts><ext:Torque>20</ext:Torque></ext:TPX></Extensions></Trackpoint><Trackpoint><Time>2025-09-14T11:21:08.019Z</Time><DistanceMeters>9434.786119869468</DistanceMeters><HeartRateBpm><Value>151</Value></HeartRateBpm><Cadence>26</Cadence><Extensions><ext:TPX><ext:Watts>48.42424242424242</ext:Watts><ext:Torque>20</ext:Torque></ext:TPX></Extensions></Trackpoint><Trackpoint><Time>2025-09-14T11:21:09.139Z</Time><DistanceMeters>9438.556837580043</DistanceMeters><HeartRateBpm><Value>151</Value></HeartRateBpm><Cadence>27</Cadence><Extensions><ext:TPX><ext:Watts>49.9375</ext:Watts><ext:Torque>20</ext:Torque></ext:TPX></Extensions></Trackpoint><Trackpoint><Time>2025-09-14T11:21:10.294Z</Time><DistanceMeters>9442.296896365973</DistanceMeters><HeartRateBpm><Value>152</Value></HeartRateBpm><Cadence>26</Cadence><Extensions><ext:TPX><ext:Watts>47.696969696969695</ext:Watts><ext:Torque>20</ext:Torque></ext:TPX></Extensions></Trackpoint><Trackpoint><Time>2025-09-14T11:21:11.449Z</Time><DistanceMeters>9446.22942323428</DistanceMeters><HeartRateBpm><Value>152</Value></HeartRateBpm><Cadence>26</Cadence><Extensions><ext:TPX><ext:Watts>50.15151515151515</ext:Watts><ext:Torque>20</ext:Torque></ext:TPX></Extensions></Trackpoint><Trackpoint><Time>2025-09-14T11:21:12.604Z</Time><DistanceMeters>9450.166702400917</DistanceMeters><HeartRateBpm><Value>151</Value></HeartRateBpm><Cadence>26</Cadence><Extensions><ext:TPX><ext:Watts>50.21212121212121</ext:Watts><ext:Torque>20</ext:Torque></ext:TPX></Extensions></Trackpoint><Trackpoint><Time>2025-09-14T11:21:13.794Z</Time><DistanceMeters>9454.236978829531</DistanceMeters><HeartRateBpm><Value>151</Value></HeartRateBpm><Cadence>25</Cadence><Extensions><ext:TPX><ext:Watts>49.911764705882355</ext:Watts><ext:Torque>20</ext:Torque></ext:TPX></Extensions></Trackpoint><Trackpoint><Time>2025-09-14T11:21:14.949Z</Time><DistanceMeters>9458.245542471122</DistanceMeters><HeartRateBpm><Value>150</Value></HeartRateBpm><Cadence>26</Cadence><Extensions><ext:TPX><ext:Watts>51.121212121212125</ext:Watts><ext:Torque>20</ext:Torque></ext:TPX></Extensions></Trackpoint><Trackpoint><Time>2025-09-14T11:21:16.105Z</Time><DistanceMeters>9462.147179400283</DistanceMeters><HeartRateBpm><Value>150</Value></HeartRateBpm><Cadence>26</Cadence><Extensions><ext:TPX><ext:Watts>49.75757575757576</ext:Watts><ext:Torque>20</ext:Torque></ext:TPX></Extensions></Trackpoint><Trackpoint><Time>2025-09-14T11:21:17.294Z</Time><DistanceMeters>9466.152695980003</DistanceMeters><HeartRateBpm><Value>151</Value></HeartRateBpm><Cadence>25</Cadence><Extensions><ext:TPX><ext:Watts>49.11764705882353</ext:Watts><ext:Torque>20</ext:Torque></ext:TPX></Extensions></Trackpoint><Trackpoint><Time>2025-09-14T11:21:18.455Z</Time><DistanceMeters>9469.911763959255</DistanceMeters><HeartRateBpm><Value>151</Value></HeartRateBpm><Cadence>26</Cadence><Extensions><ext:TPX><ext:Watts>47.93939393939394</ext:Watts><ext:Torque>20</ext:Torque></ext:TPX></Extensions></Trackpoint><Trackpoint><Time>2025-09-14T11:21:19.609Z</Time><DistanceMeters>9473.651822745185</DistanceMeters><HeartRateBpm><Value>151</Value></HeartRateBpm><Cadence>26</Cadence><Extensions><ext:TPX><ext:Watts>47.696969696969695</ext:Watts><ext:Torque>20</ext:Torque></ext:TPX></Extensions></Trackpoint><Trackpoint><Time>2025-09-14T11:21:20.765Z</Time><DistanceMeters>9477.434652216089</DistanceMeters><HeartRateBpm><Value>151</Value></HeartRateBpm><Cadence>26</Cadence><Extensions><ext:TPX><ext:Watts>48.24242424242424</ext:Watts><ext:Torque>20</ext:Torque></ext:TPX></Extensions></Trackpoint><Trackpoint><Time>2025-09-14T11:21:21.919Z</Time><DistanceMeters>9481.253123924469</DistanceMeters><HeartRateBpm><Value>151</Value></HeartRateBpm><Cadence>26</Cadence><Extensions><ext:TPX><ext:Watts>48.696969696969695</ext:Watts><ext:Torque>20</ext:Torque></ext:TPX></Extensions></Trackpoint><Trackpoint><Time>2025-09-14T11:21:23.075Z</Time><DistanceMeters>9484.948035876261</DistanceMeters><HeartRateBpm><Value>151</Value></HeartRateBpm><Cadence>26</Cadence><Extensions><ext:TPX><ext:Watts>47.121212121212125</ext:Watts><ext:Torque>20</ext:Torque></ext:TPX></Extensions></Trackpoint><Trackpoint><Time>2025-09-14T11:21:24.229Z</Time><DistanceMeters>9488.583544098925</DistanceMeters><HeartRateBpm><Value>150</Value></HeartRateBpm><Cadence>26</Cadence><Extensions><ext:TPX><ext:Watts>46.36363636363637</ext:Watts><ext:Torque>20</ext:Torque></ext:TPX></Extensions></Trackpoint><Trackpoint><Time>2025-09-14T11:21:25.424Z</Time><DistanceMeters>9492.337216821838</DistanceMeters><HeartRateBpm><Value>150</Value></HeartRateBpm><Cadence>25</Cadence><Extensions><ext:TPX><ext:Watts>46.029411764705884</ext:Watts><ext:Torque>20</ext:Torque></ext:TPX></Extensions></Trackpoint><Trackpoint><Time>2025-09-14T11:21:26.579Z</Time><DistanceMeters>9496.060642563612</DistanceMeters><HeartRateBpm><Value>150</Value></HeartRateBpm><Cadence>26</Cadence><Extensions><ext:TPX><ext:Watts>47.484848484848484</ext:Watts><ext:Torque>20</ext:Torque></ext:TPX></Extensions></Trackpoint><Trackpoint><Time>2025-09-14T11:21:27.735Z</Time><DistanceMeters>9499.741297620414</DistanceMeters><HeartRateBpm><Value>150</Value></HeartRateBpm><Cadence>26</Cadence><Extensions><ext:TPX><ext:Watts>46.93939393939394</ext:Watts><ext:Torque>20</ext:Torque></ext:TPX></Extensions></Trackpoint><Trackpoint><Time>2025-09-14T11:21:28.929Z</Time><DistanceMeters>9503.51175993378</DistanceMeters><HeartRateBpm><Value>150</Value></HeartRateBpm><Cadence>25</Cadence><Extensions><ext:TPX><ext:Watts>46.23529411764706</ext:Watts><ext:Torque>20</ext:Torque></ext:TPX></Extensions></Trackpoint><Trackpoint><Time>2025-09-14T11:21:30.085Z</Time><DistanceMeters>9507.11400206813</DistanceMeters><HeartRateBpm><Value>150</Value></HeartRateBpm><Cadence>26</Cadence><Extensions><ext:TPX><ext:Watts>45.93939393939394</ext:Watts><ext:Torque>20</ext:Torque></ext:TPX></Extensions></Trackpoint><Trackpoint><Time>2025-09-14T11:21:31.274Z</Time><DistanceMeters>9510.915645049483</DistanceMeters><HeartRateBpm><Value>150</Value></HeartRateBpm><Cadence>25</Cadence><Extensions><ext:TPX><ext:Watts>46.61764705882353</ext:Watts><ext:Torque>20</ext:Torque></ext:TPX></Extensions></Trackpoint><Trackpoint><Time>2025-09-14T11:21:32.429Z</Time><DistanceMeters>9514.674713028735</DistanceMeters><HeartRateBpm><Value>150</Value></HeartRateBpm><Cadence>26</Cadence><Extensions><ext:TPX><ext:Watts>47.93939393939394</ext:Watts><ext:Torque>20</ext:Torque></ext:TPX></Extensions></Trackpoint><Trackpoint><Time>2025-09-14T11:21:33.590Z</Time><DistanceMeters>9518.476551692958</DistanceMeters><HeartRateBpm><Value>149</Value></HeartRateBpm><Cadence>26</Cadence><Extensions><ext:TPX><ext:Watts>48.484848484848484</ext:Watts><ext:Torque>20</ext:Torque></ext:TPX></Extensions></Trackpoint><Trackpoint><Time>2025-09-14T11:21:34.709Z</Time><DistanceMeters>9522.152883478362</DistanceMeters><HeartRateBpm><Value>149</Value></HeartRateBpm><Cadence>27</Cadence><Extensions><ext:TPX><ext:Watts>48.6875</ext:Watts><ext:Torque>20</ext:Torque></ext:TPX></Extensions></Trackpoint><Trackpoint><Time>2025-09-14T11:21:35.905Z</Time><DistanceMeters>9525.796224606862</DistanceMeters><HeartRateBpm><Value>149</Value></HeartRateBpm><Cadence>25</Cadence><Extensions><ext:TPX><ext:Watts>44.6764705882353</ext:Watts><ext:Torque>20</ext:Torque></ext:TPX></Extensions></Trackpoint><Trackpoint><Time>2025-09-14T11:21:37.060Z</Time><DistanceMeters>9529.50301730448</DistanceMeters><HeartRateBpm><Value>149</Value></HeartRateBpm><Cadence>26</Cadence><Extensions><ext:TPX><ext:Watts>47.27272727272727</ext:Watts><ext:Torque>20</ext:Torque></ext:TPX></Extensions></Trackpoint><Trackpoint><Time>2025-09-14T11:21:38.249Z</Time><DistanceMeters>9533.299863259987</DistanceMeters><HeartRateBpm><Value>149</Value></HeartRateBpm><Cadence>25</Cadence><Extensions><ext:TPX><ext:Watts>46.55882352941177</ext:Watts><ext:Torque>20</ext:Torque></ext:TPX></Extensions></Trackpoint><Trackpoint><Time>2025-09-14T11:21:39.475Z</Time><DistanceMeters>9536.942246381868</DistanceMeters><HeartRateBpm><Value>149</Value></HeartRateBpm><Cadence>24</Cadence><Extensions><ext:TPX><ext:Watts>43.77142857142857</ext:Watts><ext:Torque>20</ext:Torque></ext:TPX></Extensions></Trackpoint><Trackpoint><Time>2025-09-14T11:21:40.630Z</Time><DistanceMeters>9540.793984178561</DistanceMeters><HeartRateBpm><Value>148</Value></HeartRateBpm><Cadence>26</Cadence><Extensions><ext:TPX><ext:Watts>49.121212121212125</ext:Watts><ext:Torque>20</ext:Torque></ext:TPX></Extensions></Trackpoint><Trackpoint><Time>2025-09-14T11:21:41.785Z</Time><DistanceMeters>9544.800171670988</DistanceMeters><HeartRateBpm><Value>148</Value></HeartRateBpm><Cadence>26</Cadence><Extensions><ext:TPX><ext:Watts>51.09090909090909</ext:Watts><ext:Torque>20</ext:Torque></ext:TPX></Extensions></Trackpoint><Trackpoint><Time>2025-09-14T11:21:42.975Z</Time><DistanceMeters>9548.947200513107</DistanceMeters><HeartRateBpm><Value>149</Value></HeartRateBpm><Cadence>25</Cadence><Extensions><ext:TPX><ext:Watts>50.85294117647059</ext:Watts><ext:Torque>20</ext:Torque></ext:TPX></Extensions></Trackpoint><Trackpoint><Time>2025-09-14T11:21:44.165Z</Time><DistanceMeters>9552.794415239976</DistanceMeters><HeartRateBpm><Value>149</Value></HeartRateBpm><Cadence>25</Cadence><Extensions><ext:TPX><ext:Watts>47.1764705882353</ext:Watts><ext:Torque>20</ext:Torque></ext:TPX></Extensions></Trackpoint><Trackpoint><Time>2025-09-14T11:21:45.320Z</Time><DistanceMeters>9556.734070555778</DistanceMeters><HeartRateBpm><Value>149</Value></HeartRateBpm><Cadence>26</Cadence><Extensions><ext:TPX><ext:Watts>50.24242424242424</ext:Watts><ext:Torque>20</ext:Torque></ext:TPX></Extensions></Trackpoint><Trackpoint><Time>2025-09-14T11:21:46.475Z</Time><DistanceMeters>9560.516900026681</DistanceMeters><HeartRateBpm><Value>149</Value></HeartRateBpm><Cadence>26</Cadence><Extensions><ext:TPX><ext:Watts>48.24242424242424</ext:Watts><ext:Torque>20</ext:Torque></ext:TPX></Extensions></Trackpoint><Trackpoint><Time>2025-09-14T11:21:47.665Z</Time><DistanceMeters>9564.529612145168</DistanceMeters><HeartRateBpm><Value>148</Value></HeartRateBpm><Cadence>25</Cadence><Extensions><ext:TPX><ext:Watts>49.205882352941174</ext:Watts><ext:Torque>20</ext:Torque></ext:TPX></Extensions></Trackpoint><Trackpoint><Time>2025-09-14T11:21:48.820Z</Time><DistanceMeters>9568.317193914401</DistanceMeters><HeartRateBpm><Value>148</Value></HeartRateBpm><Cadence>26</Cadence><Extensions><ext:TPX><ext:Watts>48.303030303030305</ext:Watts><ext:Torque>20</ext:Torque></ext:TPX></Extensions></Trackpoint><Trackpoint><Time>2025-09-14T11:21:49.940Z</Time><DistanceMeters>9572.104429161882</DistanceMeters><HeartRateBpm><Value>148</Value></HeartRateBpm><Cadence>27</Cadence><Extensions><ext:TPX><ext:Watts>50.15625</ext:Watts><ext:Torque>20</ext:Torque></ext:TPX></Extensions></Trackpoint><Trackpoint><Time>2025-09-14T11:21:51.095Z</Time><DistanceMeters>9575.865873290299</DistanceMeters><HeartRateBpm><Value>148</Value></HeartRateBpm><Cadence>26</Cadence><Extensions><ext:TPX><ext:Watts>47.96969696969697</ext:Watts><ext:Torque>20</ext:Torque></ext:TPX></Extensions></Trackpoint><Trackpoint><Time>2025-09-14T11:21:52.250Z</Time><DistanceMeters>9579.758005622798</DistanceMeters><HeartRateBpm><Value>148</Value></HeartRateBpm><Cadence>26</Cadence><Extensions><ext:TPX><ext:Watts>49.63636363636363</ext:Watts><ext:Torque>20</ext:Torque></ext:TPX></Extensions></Trackpoint><Trackpoint><Time>2025-09-14T11:21:53.415Z</Time><DistanceMeters>9583.488559812067</DistanceMeters><HeartRateBpm><Value>148</Value></HeartRateBpm><Cadence>26</Cadence><Extensions><ext:TPX><ext:Watts>47.57575757575758</ext:Watts><ext:Torque>20</ext:Torque></ext:TPX></Extensions></Trackpoint><Trackpoint><Time>2025-09-14T11:21:54.605Z</Time><DistanceMeters>9587.1462920181</DistanceMeters><HeartRateBpm><Value>148</Value></HeartRateBpm><Cadence>25</Cadence><Extensions><ext:TPX><ext:Watts>44.85294117647059</ext:Watts><ext:Torque>20</ext:Torque></ext:TPX></Extensions></Trackpoint><Trackpoint><Time>2025-09-14T11:21:55.765Z</Time><DistanceMeters>9590.70576346748</DistanceMeters><HeartRateBpm><Value>148</Value></HeartRateBpm><Cadence>26</Cadence><Extensions><ext:TPX><ext:Watts>45.39393939393939</ext:Watts><ext:Torque>20</ext:Torque></ext:TPX></Extensions></Trackpoint><Trackpoint><Time>2025-09-14T11:21:56.885Z</Time><DistanceMeters>9594.219279531964</DistanceMeters><HeartRateBpm><Value>149</Value></HeartRateBpm><Cadence>27</Cadence><Extensions><ext:TPX><ext:Watts>46.53125</ext:Watts><ext:Torque>20</ext:Torque></ext:TPX></Extensions></Trackpoint><Trackpoint><Time>2025-09-14T11:21:58.045Z</Time><DistanceMeters>9597.833402412141</DistanceMeters><HeartRateBpm><Value>149</Value></HeartRateBpm><Cadence>26</Cadence><Extensions><ext:TPX><ext:Watts>46.09090909090909</ext:Watts><ext:Torque>20</ext:Torque></ext:TPX></Extensions></Trackpoint><Trackpoint><Time>2025-09-14T11:21:59.236Z</Time><DistanceMeters>9601.692609703621</DistanceMeters><HeartRateBpm><Value>149</Value></HeartRateBpm><Cadence>25</Cadence><Extensions><ext:TPX><ext:Watts>47.3235294117647</ext:Watts><ext:Torque>20</ext:Torque></ext:TPX></Extensions></Trackpoint><Trackpoint><Time>2025-09-14T11:22:00.425Z</Time><DistanceMeters>9605.398312168094</DistanceMeters><HeartRateBpm><Value>149</Value></HeartRateBpm><Cadence>25</Cadence><Extensions><ext:TPX><ext:Watts>45.44117647058823</ext:Watts><ext:Torque>20</ext:Torque></ext:TPX></Extensions></Trackpoint><Trackpoint><Time>2025-09-14T11:22:01.615Z</Time><DistanceMeters>9609.089623555034</DistanceMeters><HeartRateBpm><Value>149</Value></HeartRateBpm><Cadence>25</Cadence><Extensions><ext:TPX><ext:Watts>45.26470588235294</ext:Watts><ext:Torque>20</ext:Torque></ext:TPX></Extensions></Trackpoint><Trackpoint><Time>2025-09-14T11:22:02.805Z</Time><DistanceMeters>9612.888868023463</DistanceMeters><HeartRateBpm><Value>150</Value></HeartRateBpm><Cadence>25</Cadence><Extensions><ext:TPX><ext:Watts>46.588235294117645</ext:Watts><ext:Torque>20</ext:Torque></ext:TPX></Extensions></Trackpoint><Trackpoint><Time>2025-09-14T11:22:03.960Z</Time><DistanceMeters>9616.476853262824</DistanceMeters><HeartRateBpm><Value>150</Value></HeartRateBpm><Cadence>26</Cadence><Extensions><ext:TPX><ext:Watts>45.75757575757576</ext:Watts><ext:Torque>20</ext:Torque></ext:TPX></Extensions></Trackpoint><Trackpoint><Time>2025-09-14T11:22:05.115Z</Time><DistanceMeters>9620.271563479553</DistanceMeters><HeartRateBpm><Value>150</Value></HeartRateBpm><Cadence>26</Cadence><Extensions><ext:TPX><ext:Watts>48.39393939393939</ext:Watts><ext:Torque>20</ext:Torque></ext:TPX></Extensions></Trackpoint><Trackpoint><Time>2025-09-14T11:22:06.275Z</Time><DistanceMeters>9624.22785183951</DistanceMeters><HeartRateBpm><Value>150</Value></HeartRateBpm><Cadence>26</Cadence><Extensions><ext:TPX><ext:Watts>50.45454545454545</ext:Watts><ext:Torque>20</ext:Torque></ext:TPX></Extensions></Trackpoint><Trackpoint><Time>2025-09-14T11:22:07.465Z</Time><DistanceMeters>9628.156616005728</DistanceMeters><HeartRateBpm><Value>150</Value></HeartRateBpm><Cadence>25</Cadence><Extensions><ext:TPX><ext:Watts>48.1764705882353</ext:Watts><ext:Torque>20</ext:Torque></ext:TPX></Extensions></Trackpoint><Trackpoint><Time>2025-09-14T11:22:08.620Z</Time><DistanceMeters>9631.99884920576</DistanceMeters><HeartRateBpm><Value>150</Value></HeartRateBpm><Cadence>26</Cadence><Extensions><ext:TPX><ext:Watts>49.0</ext:Watts><ext:Torque>20</ext:Torque></ext:TPX></Extensions></Trackpoint><Trackpoint><Time>2025-09-14T11:22:09.776Z</Time><DistanceMeters>9635.898109985756</DistanceMeters><HeartRateBpm><Value>150</Value></HeartRateBpm><Cadence>26</Cadence><Extensions><ext:TPX><ext:Watts>49.72727272727273</ext:Watts><ext:Torque>20</ext:Torque></ext:TPX></Extensions></Trackpoint><Trackpoint><Time>2025-09-14T11:22:10.895Z</Time><DistanceMeters>9639.796248695311</DistanceMeters><HeartRateBpm><Value>151</Value></HeartRateBpm><Cadence>27</Cadence><Extensions><ext:TPX><ext:Watts>51.625</ext:Watts><ext:Torque>20</ext:Torque></ext:TPX></Extensions></Trackpoint><Trackpoint><Time>2025-09-14T11:22:12.085Z</Time><DistanceMeters>9643.734606913216</DistanceMeters><HeartRateBpm><Value>151</Value></HeartRateBpm><Cadence>25</Cadence><Extensions><ext:TPX><ext:Watts>48.294117647058826</ext:Watts><ext:Torque>20</ext:Torque></ext:TPX></Extensions></Trackpoint><Trackpoint><Time>2025-09-14T11:22:13.245Z</Time><DistanceMeters>9647.681390676515</DistanceMeters><HeartRateBpm><Value>151</Value></HeartRateBpm><Cadence>26</Cadence><Extensions><ext:TPX><ext:Watts>50.333333333333336</ext:Watts><ext:Torque>20</ext:Torque></ext:TPX></Extensions></Trackpoint><Trackpoint><Time>2025-09-14T11:22:14.400Z</Time><DistanceMeters>9651.338284241665</DistanceMeters><HeartRateBpm><Value>151</Value></HeartRateBpm><Cadence>26</Cadence><Extensions><ext:TPX><ext:Watts>46.63636363636363</ext:Watts><ext:Torque>20</ext:Torque></ext:TPX></Extensions></Trackpoint><Trackpoint><Time>2025-09-14T11:22:15.520Z</Time><DistanceMeters>9654.969782712613</DistanceMeters><HeartRateBpm><Value>151</Value></HeartRateBpm><Cadence>27</Cadence><Extensions><ext:TPX><ext:Watts>48.09375</ext:Watts><ext:Torque>20</ext:Torque></ext:TPX></Extensions></Trackpoint><Trackpoint><Time>2025-09-14T11:22:16.710Z</Time><DistanceMeters>9658.68028220293</DistanceMeters><HeartRateBpm><Value>151</Value></HeartRateBpm><Cadence>25</Cadence><Extensions><ext:TPX><ext:Watts>45.5</ext:Watts><ext:Torque>20</ext:Torque></ext:TPX></Extensions></Trackpoint><Trackpoint><Time>2025-09-14T11:22:17.865Z</Time><DistanceMeters>9662.130450790713</DistanceMeters><HeartRateBpm><Value>151</Value></HeartRateBpm><Cadence>26</Cadence><Extensions><ext:TPX><ext:Watts>44.0</ext:Watts><ext:Torque>20</ext:Torque></ext:TPX></Extensions></Trackpoint><Trackpoint><Time>2025-09-14T11:22:18.986Z</Time><DistanceMeters>9665.575537059449</DistanceMeters><HeartRateBpm><Value>151</Value></HeartRateBpm><Cadence>27</Cadence><Extensions><ext:TPX><ext:Watts>45.625</ext:Watts><ext:Torque>20</ext:Torque></ext:TPX></Extensions></Trackpoint><Trackpoint><Time>2025-09-14T11:22:20.180Z</Time><DistanceMeters>9669.199690084573</DistanceMeters><HeartRateBpm><Value>151</Value></HeartRateBpm><Cadence>25</Cadence><Extensions><ext:TPX><ext:Watts>44.44117647058823</ext:Watts><ext:Torque>20</ext:Torque></ext:TPX></Extensions></Trackpoint><Trackpoint><Time>2025-09-14T11:22:21.335Z</Time><DistanceMeters>9672.490656678292</DistanceMeters><HeartRateBpm><Value>151</Value></HeartRateBpm><Cadence>26</Cadence><Extensions><ext:TPX><ext:Watts>41.96969696969697</ext:Watts><ext:Torque>20</ext:Torque></ext:TPX></Extensions></Trackpoint><Trackpoint><Time>2025-09-14T11:22:22.456Z</Time><DistanceMeters>9675.7965237074</DistanceMeters><HeartRateBpm><Value>151</Value></HeartRateBpm><Cadence>27</Cadence><Extensions><ext:TPX><ext:Watts>43.78125</ext:Watts><ext:Torque>20</ext:Torque></ext:TPX></Extensions></Trackpoint><Trackpoint><Time>2025-09-14T11:22:23.650Z</Time><DistanceMeters>9679.348721344864</DistanceMeters><HeartRateBpm><Value>151</Value></HeartRateBpm><Cadence>25</Cadence><Extensions><ext:TPX><ext:Watts>43.55882352941177</ext:Watts><ext:Torque>20</ext:Torque></ext:TPX></Extensions></Trackpoint><Trackpoint><Time>2025-09-14T11:22:24.806Z</Time><DistanceMeters>9682.884431302593</DistanceMeters><HeartRateBpm><Value>151</Value></HeartRateBpm><Cadence>26</Cadence><Extensions><ext:TPX><ext:Watts>45.09090909090909</ext:Watts><ext:Torque>20</ext:Torque></ext:TPX></Extensions></Trackpoint><Trackpoint><Time>2025-09-14T11:22:25.970Z</Time><DistanceMeters>9686.377370575348</DistanceMeters><HeartRateBpm><Value>151</Value></HeartRateBpm><Cadence>26</Cadence><Extensions><ext:TPX><ext:Watts>44.54545454545455</ext:Watts><ext:Torque>20</ext:Torque></ext:TPX></Extensions></Trackpoint><Trackpoint><Time>2025-09-14T11:22:27.056Z</Time><DistanceMeters>9689.928717127583</DistanceMeters><HeartRateBpm><Value>151</Value></HeartRateBpm><Cadence>28</Cadence><Extensions><ext:TPX><ext:Watts>47.903225806451616</ext:Watts><ext:Torque>20</ext:Torque></ext:TPX></Extensions></Trackpoint><Trackpoint><Time>2025-09-14T11:22:28.140Z</Time><DistanceMeters>9693.599637637804</DistanceMeters><HeartRateBpm><Value>151</Value></HeartRateBpm><Cadence>28</Cadence><Extensions><ext:TPX><ext:Watts>49.516129032258064</ext:Watts><ext:Torque>20</ext:Torque></ext:TPX></Extensions></Trackpoint><Trackpoint><Time>2025-09-14T11:22:29.295Z</Time><DistanceMeters>9697.3420725729</DistanceMeters><HeartRateBpm><Value>150</Value></HeartRateBpm><Cadence>26</Cadence><Extensions><ext:TPX><ext:Watts>47.72727272727273</ext:Watts><ext:Torque>20</ext:Torque></ext:TPX></Extensions></Trackpoint><Trackpoint><Time>2025-09-14T11:22:30.450Z</Time><DistanceMeters>9700.751846624875</DistanceMeters><HeartRateBpm><Value>150</Value></HeartRateBpm><Cadence>26</Cadence><Extensions><ext:TPX><ext:Watts>43.484848484848484</ext:Watts><ext:Torque>20</ext:Torque></ext:TPX></Extensions></Trackpoint><Trackpoint><Time>2025-09-14T11:22:31.640Z</Time><DistanceMeters>9704.299247236495</DistanceMeters><HeartRateBpm><Value>150</Value></HeartRateBpm><Cadence>25</Cadence><Extensions><ext:TPX><ext:Watts>43.5</ext:Watts><ext:Torque>20</ext:Torque></ext:TPX></Extensions></Trackpoint><Trackpoint><Time>2025-09-14T11:22:32.796Z</Time><DistanceMeters>9707.768425017599</DistanceMeters><HeartRateBpm><Value>150</Value></HeartRateBpm><Cadence>26</Cadence><Extensions><ext:TPX><ext:Watts>44.24242424242424</ext:Watts><ext:Torque>20</ext:Torque></ext:TPX></Extensions></Trackpoint><Trackpoint><Time>2025-09-14T11:22:33.986Z</Time><DistanceMeters>9711.222283625262</DistanceMeters><HeartRateBpm><Value>149</Value></HeartRateBpm><Cadence>25</Cadence><Extensions><ext:TPX><ext:Watts>42.35294117647059</ext:Watts><ext:Torque>20</ext:Torque></ext:TPX></Extensions></Trackpoint><Trackpoint><Time>2025-09-14T11:22:35.176Z</Time><DistanceMeters>9714.580201716046</DistanceMeters><HeartRateBpm><Value>149</Value></HeartRateBpm><Cadence>25</Cadence><Extensions><ext:TPX><ext:Watts>41.1764705882353</ext:Watts><ext:Torque>20</ext:Torque></ext:TPX></Extensions></Trackpoint><Trackpoint><Time>2025-09-14T11:22:36.366Z</Time><DistanceMeters>9718.062842478774</DistanceMeters><HeartRateBpm><Value>149</Value></HeartRateBpm><Cadence>25</Cadence><Extensions><ext:TPX><ext:Watts>42.705882352941174</ext:Watts><ext:Torque>20</ext:Torque></ext:TPX></Extensions></Trackpoint><Trackpoint><Time>2025-09-14T11:22:37.520Z</Time><DistanceMeters>9721.420341249117</DistanceMeters><HeartRateBpm><Value>148</Value></HeartRateBpm><Cadence>26</Cadence><Extensions><ext:TPX><ext:Watts>42.81818181818182</ext:Watts><ext:Torque>20</ext:Torque></ext:TPX></Extensions></Trackpoint><Trackpoint><Time>2025-09-14T11:22:38.681Z</Time><DistanceMeters>9724.996445742652</DistanceMeters><HeartRateBpm><Value>148</Value></HeartRateBpm><Cadence>26</Cadence><Extensions><ext:TPX><ext:Watts>45.60606060606061</ext:Watts><ext:Torque>20</ext:Torque></ext:TPX></Extensions></Trackpoint><Trackpoint><Time>2025-09-14T11:22:39.871Z</Time><DistanceMeters>9728.74532143972</DistanceMeters><HeartRateBpm><Value>148</Value></HeartRateBpm><Cadence>25</Cadence><Extensions><ext:TPX><ext:Watts>45.970588235294116</ext:Watts><ext:Torque>20</ext:Torque></ext:TPX></Extensions></Trackpoint><Trackpoint><Time>2025-09-14T11:22:41.026Z</Time><DistanceMeters>9732.511517866466</DistanceMeters><HeartRateBpm><Value>148</Value></HeartRateBpm><Cadence>26</Cadence><Extensions><ext:TPX><ext:Watts>48.03030303030303</ext:Watts><ext:Torque>20</ext:Torque></ext:TPX></Extensions></Trackpoint><Trackpoint><Time>2025-09-14T11:22:42.216Z</Time><DistanceMeters>9736.140467917434</DistanceMeters><HeartRateBpm><Value>148</Value></HeartRateBpm><Cadence>25</Cadence><Extensions><ext:TPX><ext:Watts>44.5</ext:Watts><ext:Torque>20</ext:Torque></ext:TPX></Extensions></Trackpoint><Trackpoint><Time>2025-09-14T11:22:43.411Z</Time><DistanceMeters>9739.85096740775</DistanceMeters><HeartRateBpm><Value>148</Value></HeartRateBpm><Cadence>25</Cadence><Extensions><ext:TPX><ext:Watts>45.5</ext:Watts><ext:Torque>20</ext:Torque></ext:TPX></Extensions></Trackpoint><Trackpoint><Time>2025-09-14T11:22:44.566Z</Time><DistanceMeters>9743.598154641177</DistanceMeters><HeartRateBpm><Value>148</Value></HeartRateBpm><Cadence>26</Cadence><Extensions><ext:TPX><ext:Watts>47.78787878787879</ext:Watts><ext:Torque>20</ext:Torque></ext:TPX></Extensions></Trackpoint><Trackpoint><Time>2025-09-14T11:22:45.686Z</Time><DistanceMeters>9747.18246014954</DistanceMeters><HeartRateBpm><Value>149</Value></HeartRateBpm><Cadence>27</Cadence><Extensions><ext:TPX><ext:Watts>47.46875</ext:Watts><ext:Torque>20</ext:Torque></ext:TPX></Extensions></Trackpoint><Trackpoint><Time>2025-09-14T11:22:46.876Z</Time><DistanceMeters>9750.825801278039</DistanceMeters><HeartRateBpm><Value>149</Value></HeartRateBpm><Cadence>25</Cadence><Extensions><ext:TPX><ext:Watts>44.6764705882353</ext:Watts><ext:Torque>20</ext:Torque></ext:TPX></Extensions></Trackpoint><Trackpoint><Time>2025-09-14T11:22:48.036Z</Time><DistanceMeters>9754.58011695896</DistanceMeters><HeartRateBpm><Value>149</Value></HeartRateBpm><Cadence>26</Cadence><Extensions><ext:TPX><ext:Watts>47.878787878787875</ext:Watts><ext:Torque>20</ext:Torque></ext:TPX></Extensions></Trackpoint><Trackpoint><Time>2025-09-14T11:22:49.226Z</Time><DistanceMeters>9758.362571836935</DistanceMeters><HeartRateBpm><Value>149</Value></HeartRateBpm><Cadence>25</Cadence><Extensions><ext:TPX><ext:Watts>46.38235294117647</ext:Watts><ext:Torque>20</ext:Torque></ext:TPX></Extensions></Trackpoint><Trackpoint><Time>2025-09-14T11:22:50.416Z</Time><DistanceMeters>9762.238568718869</DistanceMeters><HeartRateBpm><Value>149</Value></HeartRateBpm><Cadence>25</Cadence><Extensions><ext:TPX><ext:Watts>47.529411764705884</ext:Watts><ext:Torque>20</ext:Torque></ext:TPX></Extensions></Trackpoint><Trackpoint><Time>2025-09-14T11:22:51.571Z</Time><DistanceMeters>9766.083178068066</DistanceMeters><HeartRateBpm><Value>149</Value></HeartRateBpm><Cadence>26</Cadence><Extensions><ext:TPX><ext:Watts>49.03030303030303</ext:Watts><ext:Torque>20</ext:Torque></ext:TPX></Extensions></Trackpoint><Trackpoint><Time>2025-09-14T11:22:52.761Z</Time><DistanceMeters>9770.031130337658</DistanceMeters><HeartRateBpm><Value>150</Value></HeartRateBpm><Cadence>25</Cadence><Extensions><ext:TPX><ext:Watts>48.411764705882355</ext:Watts><ext:Torque>20</ext:Torque></ext:TPX></Extensions></Trackpoint><Trackpoint><Time>2025-09-14T11:22:53.951Z</Time><DistanceMeters>9773.979082607251</DistanceMeters><HeartRateBpm><Value>150</Value></HeartRateBpm><Cadence>25</Cadence><Extensions><ext:TPX><ext:Watts>48.411764705882355</ext:Watts><ext:Torque>20</ext:Torque></ext:TPX></Extensions></Trackpoint><Trackpoint><Time>2025-09-14T11:22:55.106Z</Time><DistanceMeters>9777.835572702274</DistanceMeters><HeartRateBpm><Value>150</Value></HeartRateBpm><Cadence>26</Cadence><Extensions><ext:TPX><ext:Watts>49.18181818181818</ext:Watts><ext:Torque>20</ext:Torque></ext:TPX></Extensions></Trackpoint><Trackpoint><Time>2025-09-14T11:22:56.301Z</Time><DistanceMeters>9781.63241865778</DistanceMeters><HeartRateBpm><Value>150</Value></HeartRateBpm><Cadence>25</Cadence><Extensions><ext:TPX><ext:Watts>46.55882352941177</ext:Watts><ext:Torque>20</ext:Torque></ext:TPX></Extensions></Trackpoint><Trackpoint><Time>2025-09-14T11:22:57.456Z</Time><DistanceMeters>9785.479404156142</DistanceMeters><HeartRateBpm><Value>150</Value></HeartRateBpm><Cadence>26</Cadence><Extensions><ext:TPX><ext:Watts>49.06060606060606</ext:Watts><ext:Torque>20</ext:Torque></ext:TPX></Extensions></Trackpoint><Trackpoint><Time>2025-09-14T11:22:58.611Z</Time><DistanceMeters>9789.452325560256</DistanceMeters><HeartRateBpm><Value>150</Value></HeartRateBpm><Cadence>26</Cadence><Extensions><ext:TPX><ext:Watts>50.666666666666664</ext:Watts><ext:Torque>20</ext:Torque></ext:TPX></Extensions></Trackpoint><Trackpoint><Time>2025-09-14T11:22:59.801Z</Time><DistanceMeters>9793.457842139976</DistanceMeters><HeartRateBpm><Value>151</Value></HeartRateBpm><Cadence>25</Cadence><Extensions><ext:TPX><ext:Watts>49.11764705882353</ext:Watts><ext:Torque>20</ext:Torque></ext:TPX></Extensions></Trackpoint><Trackpoint><Time>2025-09-14T11:23:00.991Z</Time><DistanceMeters>9797.494539387682</DistanceMeters><HeartRateBpm><Value>152</Value></HeartRateBpm><Cadence>25</Cadence><Extensions><ext:TPX><ext:Watts>49.5</ext:Watts><ext:Torque>20</ext:Torque></ext:TPX></Extensions></Trackpoint><Trackpoint><Time>2025-09-14T11:23:02.181Z</Time><DistanceMeters>9801.377731808381</DistanceMeters><HeartRateBpm><Value>153</Value></HeartRateBpm><Cadence>25</Cadence><Extensions><ext:TPX><ext:Watts>47.61764705882353</ext:Watts><ext:Torque>20</ext:Torque></ext:TPX></Extensions></Trackpoint><Trackpoint><Time>2025-09-14T11:23:03.336Z</Time><DistanceMeters>9805.136799787633</DistanceMeters><HeartRateBpm><Value>153</Value></HeartRateBpm><Cadence>26</Cadence><Extensions><ext:TPX><ext:Watts>47.93939393939394</ext:Watts><ext:Torque>20</ext:Torque></ext:TPX></Extensions></Trackpoint><Trackpoint><Time>2025-09-14T11:23:04.526Z</Time><DistanceMeters>9808.972021949892</DistanceMeters><HeartRateBpm><Value>153</Value></HeartRateBpm><Cadence>25</Cadence><Extensions><ext:TPX><ext:Watts>47.029411764705884</ext:Watts><ext:Torque>20</ext:Torque></ext:TPX></Extensions></Trackpoint><Trackpoint><Time>2025-09-14T11:23:05.718Z</Time><DistanceMeters>9812.876800986889</DistanceMeters><HeartRateBpm><Value>152</Value></HeartRateBpm><Cadence>25</Cadence><Extensions><ext:TPX><ext:Watts>47.88235294117647</ext:Watts><ext:Torque>20</ext:Torque></ext:TPX></Extensions></Trackpoint><Trackpoint><Time>2025-09-14T11:23:06.871Z</Time><DistanceMeters>9816.669135054453</DistanceMeters><HeartRateBpm><Value>152</Value></HeartRateBpm><Cadence>26</Cadence><Extensions><ext:TPX><ext:Watts>48.36363636363637</ext:Watts><ext:Torque>20</ext:Torque></ext:TPX></Extensions></Trackpoint><Trackpoint><Time>2025-09-14T11:23:08.061Z</Time><DistanceMeters>9820.422807777366</DistanceMeters><HeartRateBpm><Value>153</Value></HeartRateBpm><Cadence>25</Cadence><Extensions><ext:TPX><ext:Watts>46.029411764705884</ext:Watts><ext:Torque>20</ext:Torque></ext:TPX></Extensions></Trackpoint><Trackpoint><Time>2025-09-14T11:23:09.251Z</Time><DistanceMeters>9824.277218043002</DistanceMeters><HeartRateBpm><Value>153</Value></HeartRateBpm><Cadence>25</Cadence><Extensions><ext:TPX><ext:Watts>47.26470588235294</ext:Watts><ext:Torque>20</ext:Torque></ext:TPX></Extensions></Trackpoint><Trackpoint><Time>2025-09-14T11:23:10.441Z</Time><DistanceMeters>9828.124432769871</DistanceMeters><HeartRateBpm><Value>154</Value></HeartRateBpm><Cadence>25</Cadence><Extensions><ext:TPX><ext:Watts>47.1764705882353</ext:Watts><ext:Torque>20</ext:Torque></ext:TPX></Extensions></Trackpoint><Trackpoint><Time>2025-09-14T11:23:11.667Z</Time><DistanceMeters>9832.011701963263</DistanceMeters><HeartRateBpm><Value>154</Value></HeartRateBpm><Cadence>24</Cadence><Extensions><ext:TPX><ext:Watts>46.714285714285715</ext:Watts><ext:Torque>20</ext:Torque></ext:TPX></Extensions></Trackpoint><Trackpoint><Time>2025-09-14T11:23:12.856Z</Time><DistanceMeters>9835.494342725991</DistanceMeters><HeartRateBpm><Value>154</Value></HeartRateBpm><Cadence>25</Cadence><Extensions><ext:TPX><ext:Watts>42.705882352941174</ext:Watts><ext:Torque>20</ext:Torque></ext:TPX></Extensions></Trackpoint><Trackpoint><Time>2025-09-14T11:23:14.057Z</Time><DistanceMeters>9839.343955965784</DistanceMeters><HeartRateBpm><Value>155</Value></HeartRateBpm><Cadence>25</Cadence><Extensions><ext:TPX><ext:Watts>47.205882352941174</ext:Watts><ext:Torque>20</ext:Torque></ext:TPX></Extensions></Trackpoint><Trackpoint><Time>2025-09-14T11:23:15.246Z</Time><DistanceMeters>9843.143200434213</DistanceMeters><HeartRateBpm><Value>155</Value></HeartRateBpm><Cadence>25</Cadence><Extensions><ext:TPX><ext:Watts>46.588235294117645</ext:Watts><ext:Torque>20</ext:Torque></ext:TPX></Extensions></Trackpoint><Trackpoint><Time>2025-09-14T11:23:16.437Z</Time><DistanceMeters>9847.023994341991</DistanceMeters><HeartRateBpm><Value>155</Value></HeartRateBpm><Cadence>25</Cadence><Extensions><ext:TPX><ext:Watts>47.588235294117645</ext:Watts><ext:Torque>20</ext:Torque></ext:TPX></Extensions></Trackpoint><Trackpoint><Time>2025-09-14T11:23:17.626Z</Time><DistanceMeters>9850.746486396916</DistanceMeters><HeartRateBpm><Value>155</Value></HeartRateBpm><Cadence>25</Cadence><Extensions><ext:TPX><ext:Watts>45.64705882352941</ext:Watts><ext:Torque>20</ext:Torque></ext:TPX></Extensions></Trackpoint><Trackpoint><Time>2025-09-14T11:23:18.817Z</Time><DistanceMeters>9854.488166555218</DistanceMeters><HeartRateBpm><Value>156</Value></HeartRateBpm><Cadence>25</Cadence><Extensions><ext:TPX><ext:Watts>45.88235294117647</ext:Watts><ext:Torque>20</ext:Torque></ext:TPX></Extensions></Trackpoint><Trackpoint><Time>2025-09-14T11:23:20.041Z</Time><DistanceMeters>9858.19949818267</DistanceMeters><HeartRateBpm><Value>155</Value></HeartRateBpm><Cadence>24</Cadence><Extensions><ext:TPX><ext:Watts>44.6</ext:Watts><ext:Torque>20</ext:Torque></ext:TPX></Extensions></Trackpoint><Trackpoint><Time>2025-09-14T11:23:21.231Z</Time><DistanceMeters>9861.941178340972</DistanceMeters><HeartRateBpm><Value>155</Value></HeartRateBpm><Cadence>25</Cadence><Extensions><ext:TPX><ext:Watts>45.88235294117647</ext:Watts><ext:Torque>20</ext:Torque></ext:TPX></Extensions></Trackpoint><Trackpoint><Time>2025-09-14T11:23:22.457Z</Time><DistanceMeters>9865.57167378948</DistanceMeters><HeartRateBpm><Value>155</Value></HeartRateBpm><Cadence>24</Cadence><Extensions><ext:TPX><ext:Watts>43.628571428571426</ext:Watts><ext:Torque>20</ext:Torque></ext:TPX></Extensions></Trackpoint><Trackpoint><Time>2025-09-14T11:23:23.651Z</Time><DistanceMeters>9869.346933128689</DistanceMeters><HeartRateBpm><Value>154</Value></HeartRateBpm><Cadence>25</Cadence><Extensions><ext:TPX><ext:Watts>46.294117647058826</ext:Watts><ext:Torque>20</ext:Torque></ext:TPX></Extensions></Trackpoint><Trackpoint><Time>2025-09-14T11:23:24.841Z</Time><DistanceMeters>9873.01425938641</DistanceMeters><HeartRateBpm><Value>154</Value></HeartRateBpm><Cadence>25</Cadence><Extensions><ext:TPX><ext:Watts>44.970588235294116</ext:Watts><ext:Torque>20</ext:Torque></ext:TPX></Extensions></Trackpoint><Trackpoint><Time>2025-09-14T11:23:26.037Z</Time><DistanceMeters>9876.791917238541</DistanceMeters><HeartRateBpm><Value>154</Value></HeartRateBpm><Cadence>25</Cadence><Extensions><ext:TPX><ext:Watts>46.3235294117647</ext:Watts><ext:Torque>20</ext:Torque></ext:TPX></Extensions></Trackpoint><Trackpoint><Time>2025-09-14T11:23:27.226Z</Time><DistanceMeters>9880.552785500218</DistanceMeters><HeartRateBpm><Value>154</Value></HeartRateBpm><Cadence>25</Cadence><Extensions><ext:TPX><ext:Watts>46.11764705882353</ext:Watts><ext:Torque>20</ext:Torque></ext:TPX></Extensions></Trackpoint><Trackpoint><Time>2025-09-14T11:23:28.417Z</Time><DistanceMeters>9884.13856231859</DistanceMeters><HeartRateBpm><Value>154</Value></HeartRateBpm><Cadence>25</Cadence><Extensions><ext:TPX><ext:Watts>43.970588235294116</ext:Watts><ext:Torque>20</ext:Torque></ext:TPX></Extensions></Trackpoint><Trackpoint><Time>2025-09-14T11:23:29.607Z</Time><DistanceMeters>9887.7938960117</DistanceMeters><HeartRateBpm><Value>153</Value></HeartRateBpm><Cadence>25</Cadence><Extensions><ext:TPX><ext:Watts>44.8235294117647</ext:Watts><ext:Torque>20</ext:Torque></ext:TPX></Extensions></Trackpoint><Trackpoint><Time>2025-09-14T11:23:30.797Z</Time><DistanceMeters>9891.408454985138</DistanceMeters><HeartRateBpm><Value>153</Value></HeartRateBpm><Cadence>25</Cadence><Extensions><ext:TPX><ext:Watts>44.3235294117647</ext:Watts><ext:Torque>20</ext:Torque></ext:TPX></Extensions></Trackpoint><Trackpoint><Time>2025-09-14T11:23:31.951Z</Time><DistanceMeters>9894.975054882012</DistanceMeters><HeartRateBpm><Value>153</Value></HeartRateBpm><Cadence>26</Cadence><Extensions><ext:TPX><ext:Watts>45.484848484848484</ext:Watts><ext:Torque>20</ext:Torque></ext:TPX></Extensions></Trackpoint><Trackpoint><Time>2025-09-14T11:23:33.142Z</Time><DistanceMeters>9898.438507541363</DistanceMeters><HeartRateBpm><Value>153</Value></HeartRateBpm><Cadence>25</Cadence><Extensions><ext:TPX><ext:Watts>42.470588235294116</ext:Watts><ext:Torque>20</ext:Torque></ext:TPX></Extensions></Trackpoint><Trackpoint><Time>2025-09-14T11:23:34.331Z</Time><DistanceMeters>9902.024284359735</DistanceMeters><HeartRateBpm><Value>152</Value></HeartRateBpm><Cadence>25</Cadence><Extensions><ext:TPX><ext:Watts>43.970588235294116</ext:Watts><ext:Torque>20</ext:Torque></ext:TPX></Extensions></Trackpoint><Trackpoint><Time>2025-09-14T11:23:35.522Z</Time><DistanceMeters>9905.590873074732</DistanceMeters><HeartRateBpm><Value>150</Value></HeartRateBpm><Cadence>25</Cadence><Extensions><ext:TPX><ext:Watts>43.73529411764706</ext:Watts><ext:Torque>20</ext:Torque></ext:TPX></Extensions></Trackpoint><Trackpoint><Time>2025-09-14T11:23:36.747Z</Time><DistanceMeters>9909.199970711166</DistanceMeters><HeartRateBpm><Value>150</Value></HeartRateBpm><Cadence>24</Cadence><Extensions><ext:TPX><ext:Watts>43.371428571428574</ext:Watts><ext:Torque>20</ext:Torque></ext:TPX></Extensions></Trackpoint><Trackpoint><Time>2025-09-14T11:23:37.902Z</Time><DistanceMeters>9912.735680668895</DistanceMeters><HeartRateBpm><Value>149</Value></HeartRateBpm><Cadence>26</Cadence><Extensions><ext:TPX><ext:Watts>45.09090909090909</ext:Watts><ext:Torque>20</ext:Torque></ext:TPX></Extensions></Trackpoint><Trackpoint><Time>2025-09-14T11:23:39.097Z</Time><DistanceMeters>9916.266291690063</DistanceMeters><HeartRateBpm><Value>149</Value></HeartRateBpm><Cadence>25</Cadence><Extensions><ext:TPX><ext:Watts>43.294117647058826</ext:Watts><ext:Torque>20</ext:Torque></ext:TPX></Extensions></Trackpoint><Trackpoint><Time>2025-09-14T11:23:40.217Z</Time><DistanceMeters>9919.699579718152</DistanceMeters><HeartRateBpm><Value>149</Value></HeartRateBpm><Cadence>27</Cadence><Extensions><ext:TPX><ext:Watts>45.46875</ext:Watts><ext:Torque>20</ext:Torque></ext:TPX></Extensions></Trackpoint><Trackpoint><Time>2025-09-14T11:23:41.302Z</Time><DistanceMeters>9923.167224499795</DistanceMeters><HeartRateBpm><Value>149</Value></HeartRateBpm><Cadence>28</Cadence><Extensions><ext:TPX><ext:Watts>46.774193548387096</ext:Watts><ext:Torque>20</ext:Torque></ext:TPX></Extensions></Trackpoint><Trackpoint><Time>2025-09-14T11:23:42.422Z</Time><DistanceMeters>9926.711415989961</DistanceMeters><HeartRateBpm><Value>148</Value></HeartRateBpm><Cadence>27</Cadence><Extensions><ext:TPX><ext:Watts>46.9375</ext:Watts><ext:Torque>20</ext:Torque></ext:TPX></Extensions></Trackpoint><Trackpoint><Time>2025-09-14T11:23:43.507Z</Time><DistanceMeters>9930.298634729592</DistanceMeters><HeartRateBpm><Value>148</Value></HeartRateBpm><Cadence>28</Cadence><Extensions><ext:TPX><ext:Watts>48.38709677419355</ext:Watts><ext:Torque>20</ext:Torque></ext:TPX></Extensions></Trackpoint><Trackpoint><Time>2025-09-14T11:23:44.522Z</Time><DistanceMeters>9933.735054704439</DistanceMeters><HeartRateBpm><Value>148</Value></HeartRateBpm><Cadence>30</Cadence><Extensions><ext:TPX><ext:Watts>49.724137931034484</ext:Watts><ext:Torque>20</ext:Torque></ext:TPX></Extensions></Trackpoint><Trackpoint><Time>2025-09-14T11:23:45.467Z</Time><DistanceMeters>9937.24681039651</DistanceMeters><HeartRateBpm><Value>148</Value></HeartRateBpm><Cadence>32</Cadence><Extensions><ext:TPX><ext:Watts>54.25925925925926</ext:Watts><ext:Torque>20</ext:Torque></ext:TPX></Extensions></Trackpoint><Trackpoint><Time>2025-09-14T11:23:46.342Z</Time><DistanceMeters>9940.636430571132</DistanceMeters><HeartRateBpm><Value>148</Value></HeartRateBpm><Cadence>34</Cadence><Extensions><ext:TPX><ext:Watts>57.36</ext:Watts><ext:Torque>20</ext:Torque></ext:TPX></Extensions></Trackpoint><Trackpoint><Time>2025-09-14T11:23:47.217Z</Time><DistanceMeters>9943.917318159958</DistanceMeters><HeartRateBpm><Value>148</Value></HeartRateBpm><Cadence>34</Cadence><Extensions><ext:TPX><ext:Watts>55.52</ext:Watts><ext:Torque>20</ext:Torque></ext:TPX></Extensions></Trackpoint><Trackpoint><Time>2025-09-14T11:23:48.057Z</Time><DistanceMeters>9947.17642427473</DistanceMeters><HeartRateBpm><Value>149</Value></HeartRateBpm><Cadence>36</Cadence><Extensions><ext:TPX><ext:Watts>56.75</ext:Watts><ext:Torque>20</ext:Torque></ext:TPX></Extensions></Trackpoint><Trackpoint><Time>2025-09-14T11:23:48.902Z</Time><DistanceMeters>9950.363743911204</DistanceMeters><HeartRateBpm><Value>149</Value></HeartRateBpm><Cadence>36</Cadence><Extensions><ext:TPX><ext:Watts>55.5</ext:Watts><ext:Torque>20</ext:Torque></ext:TPX></Extensions></Trackpoint><Trackpoint><Time>2025-09-14T11:23:49.777Z</Time><DistanceMeters>9953.64935900376</DistanceMeters><HeartRateBpm><Value>149</Value></HeartRateBpm><Cadence>34</Cadence><Extensions><ext:TPX><ext:Watts>55.6</ext:Watts><ext:Torque>20</ext:Torque></ext:TPX></Extensions></Trackpoint><Trackpoint><Time>2025-09-14T11:23:50.652Z</Time><DistanceMeters>9956.934974096317</DistanceMeters><HeartRateBpm><Value>149</Value></HeartRateBpm><Cadence>34</Cadence><Extensions><ext:TPX><ext:Watts>55.6</ext:Watts><ext:Torque>20</ext:Torque></ext:TPX></Extensions></Trackpoint><Trackpoint><Time>2025-09-14T11:23:51.527Z</Time><DistanceMeters>9959.977122746763</DistanceMeters><HeartRateBpm><Value>149</Value></HeartRateBpm><Cadence>34</Cadence><Extensions><ext:TPX><ext:Watts>51.48</ext:Watts><ext:Torque>20</ext:Torque></ext:TPX></Extensions></Trackpoint><Trackpoint><Time>2025-09-14T11:23:52.408Z</Time><DistanceMeters>9963.361424479688</DistanceMeters><HeartRateBpm><Value>149</Value></HeartRateBpm><Cadence>34</Cadence><Extensions><ext:TPX><ext:Watts>56.44</ext:Watts><ext:Torque>20</ext:Torque></ext:TPX></Extensions></Trackpoint><Trackpoint><Time>2025-09-14T11:23:53.247Z</Time><DistanceMeters>9966.568186287368</DistanceMeters><HeartRateBpm><Value>149</Value></HeartRateBpm><Cadence>36</Cadence><Extensions><ext:TPX><ext:Watts>56.625</ext:Watts><ext:Torque>20</ext:Torque></ext:TPX></Extensions></Trackpoint><Trackpoint><Time>2025-09-14T11:23:54.192Z</Time><DistanceMeters>9969.87139403049</DistanceMeters><HeartRateBpm><Value>150</Value></HeartRateBpm><Cadence>32</Cadence><Extensions><ext:TPX><ext:Watts>51.03703703703704</ext:Watts><ext:Torque>20</ext:Torque></ext:TPX></Extensions></Trackpoint><Trackpoint><Time>2025-09-14T11:23:55.102Z</Time><DistanceMeters>9973.081571552593</DistanceMeters><HeartRateBpm><Value>150</Value></HeartRateBpm><Cadence>33</Cadence><Extensions><ext:TPX><ext:Watts>51.96153846153846</ext:Watts><ext:Torque>20</ext:Torque></ext:TPX></Extensions></Trackpoint><Trackpoint><Time>2025-09-14T11:23:56.012Z</Time><DistanceMeters>9976.199079257256</DistanceMeters><HeartRateBpm><Value>150</Value></HeartRateBpm><Cadence>33</Cadence><Extensions><ext:TPX><ext:Watts>50.46153846153846</ext:Watts><ext:Torque>20</ext:Torque></ext:TPX></Extensions></Trackpoint><Trackpoint><Time>2025-09-14T11:23:56.922Z</Time><DistanceMeters>9979.48766970181</DistanceMeters><HeartRateBpm><Value>150</Value></HeartRateBpm><Cadence>33</Cadence><Extensions><ext:TPX><ext:Watts>53.23076923076923</ext:Watts><ext:Torque>20</ext:Torque></ext:TPX></Extensions></Trackpoint><Trackpoint><Time>2025-09-14T11:23:57.832Z</Time><DistanceMeters>9982.873682262134</DistanceMeters><HeartRateBpm><Value>151</Value></HeartRateBpm><Cadence>33</Cadence><Extensions><ext:TPX><ext:Watts>54.80769230769231</ext:Watts><ext:Torque>20</ext:Torque></ext:TPX></Extensions></Trackpoint><Trackpoint><Time>2025-09-14T11:23:58.742Z</Time><DistanceMeters>9986.27870401578</DistanceMeters><HeartRateBpm><Value>151</Value></HeartRateBpm><Cadence>33</Cadence><Extensions><ext:TPX><ext:Watts>55.11538461538461</ext:Watts><ext:Torque>20</ext:Torque></ext:TPX></Extensions></Trackpoint><Trackpoint><Time>2025-09-14T11:23:59.692Z</Time><DistanceMeters>9989.577117553179</DistanceMeters><HeartRateBpm><Value>151</Value></HeartRateBpm><Cadence>32</Cadence><Extensions><ext:TPX><ext:Watts>50.96296296296296</ext:Watts><ext:Torque>20</ext:Torque></ext:TPX></Extensions></Trackpoint><Trackpoint><Time>2025-09-14T11:24:00.567Z</Time><DistanceMeters>9992.789456337916</DistanceMeters><HeartRateBpm><Value>151</Value></HeartRateBpm><Cadence>34</Cadence><Extensions><ext:TPX><ext:Watts>54.36</ext:Watts><ext:Torque>20</ext:Torque></ext:TPX></Extensions></Trackpoint><Trackpoint><Time>2025-09-14T11:24:01.477Z</Time><DistanceMeters>9996.203982688223</DistanceMeters><HeartRateBpm><Value>152</Value></HeartRateBpm><Cadence>33</Cadence><Extensions><ext:TPX><ext:Watts>55.26923076923077</ext:Watts><ext:Torque>20</ext:Torque></ext:TPX></Extensions></Trackpoint><Trackpoint><Time>2025-09-14T11:24:02.352Z</Time><DistanceMeters>9999.428140232285</DistanceMeters><HeartRateBpm><Value>152</Value></HeartRateBpm><Cadence>34</Cadence><Extensions><ext:TPX><ext:Watts>54.56</ext:Watts><ext:Torque>20</ext:Torque></ext:TPX></Extensions></Trackpoint><Trackpoint><Time>2025-09-14T11:24:03.337Z</Time><DistanceMeters>10002.911179810979</DistanceMeters><HeartRateBpm><Value>152</Value></HeartRateBpm><Cadence>30</Cadence><Extensions><ext:TPX><ext:Watts>52.107142857142854</ext:Watts><ext:Torque>20</ext:Torque></ext:TPX></Extensions></Trackpoint><Trackpoint><Time>2025-09-14T11:24:04.457Z</Time><DistanceMeters>10006.490766023084</DistanceMeters><HeartRateBpm><Value>153</Value></HeartRateBpm><Cadence>27</Cadence><Extensions><ext:TPX><ext:Watts>47.40625</ext:Watts><ext:Torque>20</ext:Torque></ext:TPX></Extensions></Trackpoint><Trackpoint><Time>2025-09-14T11:24:05.617Z</Time><DistanceMeters>10009.9932098925</DistanceMeters><HeartRateBpm><Value>154</Value></HeartRateBpm><Cadence>26</Cadence><Extensions><ext:TPX><ext:Watts>44.666666666666664</ext:Watts><ext:Torque>20</ext:Torque></ext:TPX></Extensions></Trackpoint><Trackpoint><Time>2025-09-14T11:24:06.778Z</Time><DistanceMeters>10013.536048297723</DistanceMeters><HeartRateBpm><Value>154</Value></HeartRateBpm><Cadence>26</Cadence><Extensions><ext:TPX><ext:Watts>45.18181818181818</ext:Watts><ext:Torque>20</ext:Torque></ext:TPX></Extensions></Trackpoint><Trackpoint><Time>2025-09-14T11:24:07.968Z</Time><DistanceMeters>10017.136216193627</DistanceMeters><HeartRateBpm><Value>154</Value></HeartRateBpm><Cadence>25</Cadence><Extensions><ext:TPX><ext:Watts>44.14705882352941</ext:Watts><ext:Torque>20</ext:Torque></ext:TPX></Extensions></Trackpoint><Trackpoint><Time>2025-09-14T11:24:09.158Z</Time><DistanceMeters>10020.813136503035</DistanceMeters><HeartRateBpm><Value>155</Value></HeartRateBpm><Cadence>25</Cadence><Extensions><ext:TPX><ext:Watts>45.088235294117645</ext:Watts><ext:Torque>20</ext:Torque></ext:TPX></Extensions></Trackpoint><Trackpoint><Time>2025-09-14T11:24:10.347Z</Time><DistanceMeters>10024.454079118614</DistanceMeters><HeartRateBpm><Value>155</Value></HeartRateBpm><Cadence>25</Cadence><Extensions><ext:TPX><ext:Watts>44.64705882352941</ext:Watts><ext:Torque>20</ext:Torque></ext:TPX></Extensions></Trackpoint><Trackpoint><Time>2025-09-14T11:24:11.537Z</Time><DistanceMeters>10028.162180096007</DistanceMeters><HeartRateBpm><Value>157</Value></HeartRateBpm><Cadence>25</Cadence><Extensions><ext:TPX><ext:Watts>45.470588235294116</ext:Watts><ext:Torque>20</ext:Torque></ext:TPX></Extensions></Trackpoint><Trackpoint><Time>2025-09-14T11:24:12.762Z</Time><DistanceMeters>10031.909174743583</DistanceMeters><HeartRateBpm><Value>157</Value></HeartRateBpm><Cadence>24</Cadence><Extensions><ext:TPX><ext:Watts>45.02857142857143</ext:Watts><ext:Torque>20</ext:Torque></ext:TPX></Extensions></Trackpoint><Trackpoint><Time>2025-09-14T11:24:13.987Z</Time><DistanceMeters>10035.644281717783</DistanceMeters><HeartRateBpm><Value>158</Value></HeartRateBpm><Cadence>24</Cadence><Extensions><ext:TPX><ext:Watts>44.885714285714286</ext:Watts><ext:Torque>20</ext:Torque></ext:TPX></Extensions></Trackpoint><Trackpoint><Time>2025-09-14T11:24:15.212Z</Time><DistanceMeters>10039.600499416745</DistanceMeters><HeartRateBpm><Value>158</Value></HeartRateBpm><Cadence>24</Cadence><Extensions><ext:TPX><ext:Watts>47.542857142857144</ext:Watts><ext:Torque>20</ext:Torque></ext:TPX></Extensions></Trackpoint><Trackpoint><Time>2025-09-14T11:24:16.402Z</Time><DistanceMeters>10043.459706708225</DistanceMeters><HeartRateBpm><Value>159</Value></HeartRateBpm><Cadence>25</Cadence><Extensions><ext:TPX><ext:Watts>47.3235294117647</ext:Watts><ext:Torque>20</ext:Torque></ext:TPX></Extensions></Trackpoint><Trackpoint><Time>2025-09-14T11:24:17.592Z</Time><DistanceMeters>10047.285334818796</DistanceMeters><HeartRateBpm><Value>159</Value></HeartRateBpm><Cadence>25</Cadence><Extensions><ext:TPX><ext:Watts>46.911764705882355</ext:Watts><ext:Torque>20</ext:Torque></ext:TPX></Extensions></Trackpoint><Trackpoint><Time>2025-09-14T11:24:18.782Z</Time><DistanceMeters>10051.163730213651</DistanceMeters><HeartRateBpm><Value>159</Value></HeartRateBpm><Cadence>25</Cadence><Extensions><ext:TPX><ext:Watts>47.55882352941177</ext:Watts><ext:Torque>20</ext:Torque></ext:TPX></Extensions></Trackpoint><Trackpoint><Time>2025-09-14T11:24:20.007Z</Time><DistanceMeters>10055.048621872369</DistanceMeters><HeartRateBpm><Value>160</Value></HeartRateBpm><Cadence>24</Cadence><Extensions><ext:TPX><ext:Watts>46.68571428571428</ext:Watts><ext:Torque>20</ext:Torque></ext:TPX></Extensions></Trackpoint><Trackpoint><Time>2025-09-14T11:24:21.267Z</Time><DistanceMeters>10058.753269435325</DistanceMeters><HeartRateBpm><Value>160</Value></HeartRateBpm><Cadence>24</Cadence><Extensions><ext:TPX><ext:Watts>43.611111111111114</ext:Watts><ext:Torque>20</ext:Torque></ext:TPX></Extensions></Trackpoint><Trackpoint><Time>2025-09-14T11:24:22.493Z</Time><DistanceMeters>10062.533549568348</DistanceMeters><HeartRateBpm><Value>160</Value></HeartRateBpm><Cadence>24</Cadence><Extensions><ext:TPX><ext:Watts>45.42857142857143</ext:Watts><ext:Torque>20</ext:Torque></ext:TPX></Extensions></Trackpoint><Trackpoint><Time>2025-09-14T11:24:23.718Z</Time><DistanceMeters>10066.16166748218</DistanceMeters><HeartRateBpm><Value>160</Value></HeartRateBpm><Cadence>24</Cadence><Extensions><ext:TPX><ext:Watts>43.6</ext:Watts><ext:Torque>20</ext:Torque></ext:TPX></Extensions></Trackpoint><Trackpoint><Time>2025-09-14T11:24:24.942Z</Time><DistanceMeters>10069.949080219227</DistanceMeters><HeartRateBpm><Value>159</Value></HeartRateBpm><Cadence>24</Cadence><Extensions><ext:TPX><ext:Watts>45.51428571428571</ext:Watts><ext:Torque>20</ext:Torque></ext:TPX></Extensions></Trackpoint><Trackpoint><Time>2025-09-14T11:24:26.168Z</Time><DistanceMeters>10073.914808056888</DistanceMeters><HeartRateBpm><Value>159</Value></HeartRateBpm><Cadence>24</Cadence><Extensions><ext:TPX><ext:Watts>47.65714285714286</ext:Watts><ext:Torque>20</ext:Torque></ext:TPX></Extensions></Trackpoint><Trackpoint><Time>2025-09-14T11:24:27.428Z</Time><DistanceMeters>10077.803508173927</DistanceMeters><HeartRateBpm><Value>159</Value></HeartRateBpm><Cadence>24</Cadence><Extensions><ext:TPX><ext:Watts>45.77777777777778</ext:Watts><ext:Torque>20</ext:Torque></ext:TPX></Extensions></Trackpoint><Trackpoint><Time>2025-09-14T11:24:28.692Z</Time><DistanceMeters>10081.78699585837</DistanceMeters><HeartRateBpm><Value>159</Value></HeartRateBpm><Cadence>24</Cadence><Extensions><ext:TPX><ext:Watts>45.916666666666664</ext:Watts><ext:Torque>20</ext:Torque></ext:TPX></Extensions></Trackpoint><Trackpoint><Time>2025-09-14T11:24:29.953Z</Time><DistanceMeters>10085.708731049219</DistanceMeters><HeartRateBpm><Value>159</Value></HeartRateBpm><Cadence>24</Cadence><Extensions><ext:TPX><ext:Watts>46.166666666666664</ext:Watts><ext:Torque>20</ext:Torque></ext:TPX></Extensions></Trackpoint><Trackpoint><Time>2025-09-14T11:24:31.178Z</Time><DistanceMeters>10089.612642985334</DistanceMeters><HeartRateBpm><Value>159</Value></HeartRateBpm><Cadence>24</Cadence><Extensions><ext:TPX><ext:Watts>46.91428571428571</ext:Watts><ext:Torque>20</ext:Torque></ext:TPX></Extensions></Trackpoint><Trackpoint><Time>2025-09-14T11:24:32.403Z</Time><DistanceMeters>10093.614033843118</DistanceMeters><HeartRateBpm><Value>158</Value></HeartRateBpm><Cadence>24</Cadence><Extensions><ext:TPX><ext:Watts>48.08571428571429</ext:Watts><ext:Torque>20</ext:Torque></ext:TPX></Extensions></Trackpoint><Trackpoint><Time>2025-09-14T11:24:33.663Z</Time><DistanceMeters>10097.738698773084</DistanceMeters><HeartRateBpm><Value>158</Value></HeartRateBpm><Cadence>24</Cadence><Extensions><ext:TPX><ext:Watts>48.55555555555556</ext:Watts><ext:Torque>20</ext:Torque></ext:TPX></Extensions></Trackpoint><Trackpoint><Time>2025-09-14T11:24:34.888Z</Time><DistanceMeters>10101.832813483188</DistanceMeters><HeartRateBpm><Value>158</Value></HeartRateBpm><Cadence>24</Cadence><Extensions><ext:TPX><ext:Watts>49.2</ext:Watts><ext:Torque>20</ext:Torque></ext:TPX></Extensions></Trackpoint><Trackpoint><Time>2025-09-14T11:24:36.118Z</Time><DistanceMeters>10105.96496874809</DistanceMeters><HeartRateBpm><Value>158</Value></HeartRateBpm><Cadence>24</Cadence><Extensions><ext:TPX><ext:Watts>49.65714285714286</ext:Watts><ext:Torque>20</ext:Torque></ext:TPX></Extensions></Trackpoint><Trackpoint><Time>2025-09-14T11:24:37.343Z</Time><DistanceMeters>10110.13040949844</DistanceMeters><HeartRateBpm><Value>157</Value></HeartRateBpm><Cadence>24</Cadence><Extensions><ext:TPX><ext:Watts>50.05714285714286</ext:Watts><ext:Torque>20</ext:Torque></ext:TPX></Extensions></Trackpoint><Trackpoint><Time>2025-09-14T11:24:38.568Z</Time><DistanceMeters>10114.312492991514</DistanceMeters><HeartRateBpm><Value>157</Value></HeartRateBpm><Cadence>24</Cadence><Extensions><ext:TPX><ext:Watts>50.25714285714286</ext:Watts><ext:Torque>20</ext:Torque></ext:TPX></Extensions></Trackpoint><Trackpoint><Time>2025-09-14T11:24:39.793Z</Time><DistanceMeters>10118.582545267558</DistanceMeters><HeartRateBpm><Value>157</Value></HeartRateBpm><Cadence>24</Cadence><Extensions><ext:TPX><ext:Watts>51.31428571428572</ext:Watts><ext:Torque>20</ext:Torque></ext:TPX></Extensions></Trackpoint><Trackpoint><Time>2025-09-14T11:24:40.948Z</Time><DistanceMeters>10122.740806306552</DistanceMeters><HeartRateBpm><Value>157</Value></HeartRateBpm><Cadence>26</Cadence><Extensions><ext:TPX><ext:Watts>53.03030303030303</ext:Watts><ext:Torque>20</ext:Torque></ext:TPX></Extensions></Trackpoint><Trackpoint><Time>2025-09-14T11:24:42.138Z</Time><DistanceMeters>10126.868647045294</DistanceMeters><HeartRateBpm><Value>156</Value></HeartRateBpm><Cadence>25</Cadence><Extensions><ext:TPX><ext:Watts>50.61764705882353</ext:Watts><ext:Torque>20</ext:Torque></ext:TPX></Extensions></Trackpoint><Trackpoint><Time>2025-09-14T11:24:43.328Z</Time><DistanceMeters>10131.10921789137</DistanceMeters><HeartRateBpm><Value>156</Value></HeartRateBpm><Cadence>25</Cadence><Extensions><ext:TPX><ext:Watts>52.0</ext:Watts><ext:Torque>20</ext:Torque></ext:TPX></Extensions></Trackpoint><Trackpoint><Time>2025-09-14T11:24:44.488Z</Time><DistanceMeters>10135.383910239456</DistanceMeters><HeartRateBpm><Value>156</Value></HeartRateBpm><Cadence>26</Cadence><Extensions><ext:TPX><ext:Watts>54.515151515151516</ext:Watts><ext:Torque>20</ext:Torque></ext:TPX></Extensions></Trackpoint><Trackpoint><Time>2025-09-14T11:24:45.678Z</Time><DistanceMeters>10139.624481085531</DistanceMeters><HeartRateBpm><Value>156</Value></HeartRateBpm><Cadence>25</Cadence><Extensions><ext:TPX><ext:Watts>52.0</ext:Watts><ext:Torque>20</ext:Torque></ext:TPX></Extensions></Trackpoint><Trackpoint><Time>2025-09-14T11:24:46.798Z</Time><DistanceMeters>10143.796338978082</DistanceMeters><HeartRateBpm><Value>156</Value></HeartRateBpm><Cadence>27</Cadence><Extensions><ext:TPX><ext:Watts>55.25</ext:Watts><ext:Torque>20</ext:Torque></ext:TPX></Extensions></Trackpoint><Trackpoint><Time>2025-09-14T11:24:47.988Z</Time><DistanceMeters>10148.240783422527</DistanceMeters><HeartRateBpm><Value>155</Value></HeartRateBpm><Cadence>25</Cadence><Extensions><ext:TPX><ext:Watts>54.5</ext:Watts><ext:Torque>20</ext:Torque></ext:TPX></Extensions></Trackpoint><Trackpoint><Time>2025-09-14T11:24:49.148Z</Time><DistanceMeters>10152.731705344642</DistanceMeters><HeartRateBpm><Value>155</Value></HeartRateBpm><Cadence>26</Cadence><Extensions><ext:TPX><ext:Watts>57.27272727272727</ext:Watts><ext:Torque>20</ext:Torque></ext:TPX></Extensions></Trackpoint><Trackpoint><Time>2025-09-14T11:24:50.338Z</Time><DistanceMeters>10157.05862265591</DistanceMeters><HeartRateBpm><Value>155</Value></HeartRateBpm><Cadence>25</Cadence><Extensions><ext:TPX><ext:Watts>53.05882352941177</ext:Watts><ext:Torque>20</ext:Torque></ext:TPX></Extensions></Trackpoint><Trackpoint><Time>2025-09-14T11:24:51.493Z</Time><DistanceMeters>10161.39034258396</DistanceMeters><HeartRateBpm><Value>155</Value></HeartRateBpm><Cadence>26</Cadence><Extensions><ext:TPX><ext:Watts>55.24242424242424</ext:Watts><ext:Torque>20</ext:Torque></ext:TPX></Extensions></Trackpoint><Trackpoint><Time>2025-09-14T11:24:52.648Z</Time><DistanceMeters>10165.807603881954</DistanceMeters><HeartRateBpm><Value>156</Value></HeartRateBpm><Cadence>26</Cadence><Extensions><ext:TPX><ext:Watts>56.333333333333336</ext:Watts><ext:Torque>20</ext:Torque></ext:TPX></Extensions></Trackpoint><Trackpoint><Time>2025-09-14T11:24:53.843Z</Time><DistanceMeters>10170.201679555037</DistanceMeters><HeartRateBpm><Value>156</Value></HeartRateBpm><Cadence>25</Cadence><Extensions><ext:TPX><ext:Watts>53.88235294117647</ext:Watts><ext:Torque>20</ext:Torque></ext:TPX></Extensions></Trackpoint><Trackpoint><Time>2025-09-14T11:24:54.998Z</Time><DistanceMeters>10174.704482222978</DistanceMeters><HeartRateBpm><Value>157</Value></HeartRateBpm><Cadence>26</Cadence><Extensions><ext:TPX><ext:Watts>57.42424242424242</ext:Watts><ext:Torque>20</ext:Torque></ext:TPX></Extensions></Trackpoint><Trackpoint><Time>2025-09-14T11:24:56.153Z</Time><DistanceMeters>10179.155009609285</DistanceMeters><HeartRateBpm><Value>157</Value></HeartRateBpm><Cadence>26</Cadence><Extensions><ext:TPX><ext:Watts>56.75757575757576</ext:Watts><ext:Torque>20</ext:Torque></ext:TPX></Extensions></Trackpoint><Trackpoint><Time>2025-09-14T11:24:57.343Z</Time><DistanceMeters>10183.67140944139</DistanceMeters><HeartRateBpm><Value>157</Value></HeartRateBpm><Cadence>25</Cadence><Extensions><ext:TPX><ext:Watts>55.38235294117647</ext:Watts><ext:Torque>20</ext:Torque></ext:TPX></Extensions></Trackpoint><Trackpoint><Time>2025-09-14T11:24:58.538Z</Time><DistanceMeters>10188.139839015053</DistanceMeters><HeartRateBpm><Value>157</Value></HeartRateBpm><Cadence>25</Cadence><Extensions><ext:TPX><ext:Watts>54.794117647058826</ext:Watts><ext:Torque>20</ext:Torque></ext:TPX></Extensions></Trackpoint><Trackpoint><Time>2025-09-14T11:24:59.728Z</Time><DistanceMeters>10192.47874889093</DistanceMeters><HeartRateBpm><Value>157</Value></HeartRateBpm><Cadence>25</Cadence><Extensions><ext:TPX><ext:Watts>53.205882352941174</ext:Watts><ext:Torque>20</ext:Torque></ext:TPX></Extensions></Trackpoint><Trackpoint><Time>2025-09-14T11:25:00.918Z</Time><DistanceMeters>10196.959171029204</DistanceMeters><HeartRateBpm><Value>156</Value></HeartRateBpm><Cadence>25</Cadence><Extensions><ext:TPX><ext:Watts>54.94117647058823</ext:Watts><ext:Torque>20</ext:Torque></ext:TPX></Extensions></Trackpoint><Trackpoint><Time>2025-09-14T11:25:02.109Z</Time><DistanceMeters>10201.444390193323</DistanceMeters><HeartRateBpm><Value>156</Value></HeartRateBpm><Cadence>25</Cadence><Extensions><ext:TPX><ext:Watts>55.0</ext:Watts><ext:Torque>20</ext:Torque></ext:TPX></Extensions></Trackpoint><Trackpoint><Time>2025-09-14T11:25:03.303Z</Time><DistanceMeters>10206.01115879679</DistanceMeters><HeartRateBpm><Value>156</Value></HeartRateBpm><Cadence>25</Cadence><Extensions><ext:TPX><ext:Watts>56.0</ext:Watts><ext:Torque>20</ext:Torque></ext:TPX></Extensions></Trackpoint><Trackpoint><Time>2025-09-14T11:25:04.529Z</Time><DistanceMeters>10210.48092398552</DistanceMeters><HeartRateBpm><Value>156</Value></HeartRateBpm><Cadence>24</Cadence><Extensions><ext:TPX><ext:Watts>53.714285714285715</ext:Watts><ext:Torque>20</ext:Torque></ext:TPX></Extensions></Trackpoint><Trackpoint><Time>2025-09-14T11:25:05.718Z</Time><DistanceMeters>10215.030902998533</DistanceMeters><HeartRateBpm><Value>156</Value></HeartRateBpm><Cadence>25</Cadence><Extensions><ext:TPX><ext:Watts>55.794117647058826</ext:Watts><ext:Torque>20</ext:Torque></ext:TPX></Extensions></Trackpoint><Trackpoint><Time>2025-09-14T11:25:06.943Z</Time><DistanceMeters>10219.472137771167</DistanceMeters><HeartRateBpm><Value>156</Value></HeartRateBpm><Cadence>24</Cadence><Extensions><ext:TPX><ext:Watts>53.371428571428574</ext:Watts><ext:Torque>20</ext:Torque></ext:TPX></Extensions></Trackpoint><Trackpoint><Time>2025-09-14T11:25:08.133Z</Time><DistanceMeters>10224.019718271256</DistanceMeters><HeartRateBpm><Value>156</Value></HeartRateBpm><Cadence>25</Cadence><Extensions><ext:TPX><ext:Watts>55.76470588235294</ext:Watts><ext:Torque>20</ext:Torque></ext:TPX></Extensions></Trackpoint><Trackpoint><Time>2025-09-14T11:25:09.358Z</Time><DistanceMeters>10228.37773933027</DistanceMeters><HeartRateBpm><Value>156</Value></HeartRateBpm><Cadence>24</Cadence><Extensions><ext:TPX><ext:Watts>52.371428571428574</ext:Watts><ext:Torque>20</ext:Torque></ext:TPX></Extensions></Trackpoint><Trackpoint><Time>2025-09-14T11:25:10.548Z</Time><DistanceMeters>10232.812589723026</DistanceMeters><HeartRateBpm><Value>156</Value></HeartRateBpm><Cadence>25</Cadence><Extensions><ext:TPX><ext:Watts>54.38235294117647</ext:Watts><ext:Torque>20</ext:Torque></ext:TPX></Extensions></Trackpoint><Trackpoint><Time>2025-09-14T11:25:11.739Z</Time><DistanceMeters>10237.218657960719</DistanceMeters><HeartRateBpm><Value>155</Value></HeartRateBpm><Cadence>25</Cadence><Extensions><ext:TPX><ext:Watts>54.029411764705884</ext:Watts><ext:Torque>20</ext:Torque></ext:TPX></Extensions></Trackpoint><Trackpoint><Time>2025-09-14T11:25:12.968Z</Time><DistanceMeters>10241.707443426849</DistanceMeters><HeartRateBpm><Value>155</Value></HeartRateBpm><Cadence>24</Cadence><Extensions><ext:TPX><ext:Watts>53.94285714285714</ext:Watts><ext:Torque>20</ext:Torque></ext:TPX></Extensions></Trackpoint><Trackpoint><Time>2025-09-14T11:25:14.129Z</Time><DistanceMeters>10246.157970813156</DistanceMeters><HeartRateBpm><Value>155</Value></HeartRateBpm><Cadence>26</Cadence><Extensions><ext:TPX><ext:Watts>56.75757575757576</ext:Watts><ext:Torque>20</ext:Torque></ext:TPX></Extensions></Trackpoint><Trackpoint><Time>2025-09-14T11:25:15.353Z</Time><DistanceMeters>10250.694306972784</DistanceMeters><HeartRateBpm><Value>155</Value></HeartRateBpm><Cadence>24</Cadence><Extensions><ext:TPX><ext:Watts>54.51428571428571</ext:Watts><ext:Torque>20</ext:Torque></ext:TPX></Extensions></Trackpoint><Trackpoint><Time>2025-09-14T11:25:16.509Z</Time><DistanceMeters>10255.156715104917</DistanceMeters><HeartRateBpm><Value>155</Value></HeartRateBpm><Cadence>26</Cadence><Extensions><ext:TPX><ext:Watts>56.90909090909091</ext:Watts><ext:Torque>20</ext:Torque></ext:TPX></Extensions></Trackpoint><Trackpoint><Time>2025-09-14T11:25:17.699Z</Time><DistanceMeters>10259.922560280907</DistanceMeters><HeartRateBpm><Value>155</Value></HeartRateBpm><Cadence>25</Cadence><Extensions><ext:TPX><ext:Watts>58.44117647058823</ext:Watts><ext:Torque>20</ext:Torque></ext:TPX></Extensions></Trackpoint><Trackpoint><Time>2025-09-14T11:25:18.889Z</Time><DistanceMeters>10264.506118474827</DistanceMeters><HeartRateBpm><Value>155</Value></HeartRateBpm><Cadence>25</Cadence><Extensions><ext:TPX><ext:Watts>56.205882352941174</ext:Watts><ext:Torque>20</ext:Torque></ext:TPX></Extensions></Trackpoint><Trackpoint><Time>2025-09-14T11:25:20.079Z</Time><DistanceMeters>10269.1064662592</DistanceMeters><HeartRateBpm><Value>155</Value></HeartRateBpm><Cadence>25</Cadence><Extensions><ext:TPX><ext:Watts>56.411764705882355</ext:Watts><ext:Torque>20</ext:Torque></ext:TPX></Extensions></Trackpoint><Trackpoint><Time>2025-09-14T11:25:21.233Z</Time><DistanceMeters>10273.685305700425</DistanceMeters><HeartRateBpm><Value>155</Value></HeartRateBpm><Cadence>26</Cadence><Extensions><ext:TPX><ext:Watts>58.39393939393939</ext:Watts><ext:Torque>20</ext:Torque></ext:TPX></Extensions></Trackpoint><Trackpoint><Time>2025-09-14T11:25:22.423Z</Time><DistanceMeters>10278.542294367451</DistanceMeters><HeartRateBpm><Value>155</Value></HeartRateBpm><Cadence>25</Cadence><Extensions><ext:TPX><ext:Watts>59.55882352941177</ext:Watts><ext:Torque>20</ext:Torque></ext:TPX></Extensions></Trackpoint><Trackpoint><Time>2025-09-14T11:25:23.613Z</Time><DistanceMeters>10283.42566667662</DistanceMeters><HeartRateBpm><Value>155</Value></HeartRateBpm><Cadence>25</Cadence><Extensions><ext:TPX><ext:Watts>59.88235294117647</ext:Watts><ext:Torque>20</ext:Torque></ext:TPX></Extensions></Trackpoint><Trackpoint><Time>2025-09-14T11:25:24.804Z</Time><DistanceMeters>10288.316234524555</DistanceMeters><HeartRateBpm><Value>155</Value></HeartRateBpm><Cadence>25</Cadence><Extensions><ext:TPX><ext:Watts>59.970588235294116</ext:Watts><ext:Torque>20</ext:Torque></ext:TPX></Extensions></Trackpoint><Trackpoint><Time>2025-09-14T11:25:25.994Z</Time><DistanceMeters>10293.24517857924</DistanceMeters><HeartRateBpm><Value>156</Value></HeartRateBpm><Cadence>25</Cadence><Extensions><ext:TPX><ext:Watts>60.44117647058823</ext:Watts><ext:Torque>20</ext:Torque></ext:TPX></Extensions></Trackpoint><Trackpoint><Time>2025-09-14T11:25:27.183Z</Time><DistanceMeters>10298.217295866521</DistanceMeters><HeartRateBpm><Value>156</Value></HeartRateBpm><Cadence>25</Cadence><Extensions><ext:TPX><ext:Watts>60.970588235294116</ext:Watts><ext:Torque>20</ext:Torque></ext:TPX></Extensions></Trackpoint><Trackpoint><Time>2025-09-14T11:25:28.373Z</Time><DistanceMeters>10303.309338799903</DistanceMeters><HeartRateBpm><Value>156</Value></HeartRateBpm><Cadence>25</Cadence><Extensions><ext:TPX><ext:Watts>62.44117647058823</ext:Watts><ext:Torque>20</ext:Torque></ext:TPX></Extensions></Trackpoint><Trackpoint><Time>2025-09-14T11:25:29.564Z</Time><DistanceMeters>10308.26226798381</DistanceMeters><HeartRateBpm><Value>156</Value></HeartRateBpm><Cadence>25</Cadence><Extensions><ext:TPX><ext:Watts>60.73529411764706</ext:Watts><ext:Torque>20</ext:Torque></ext:TPX></Extensions></Trackpoint><Trackpoint><Time>2025-09-14T11:25:30.754Z</Time><DistanceMeters>10313.495823179588</DistanceMeters><HeartRateBpm><Value>157</Value></HeartRateBpm><Cadence>25</Cadence><Extensions><ext:TPX><ext:Watts>64.17647058823529</ext:Watts><ext:Torque>20</ext:Torque></ext:TPX></Extensions></Trackpoint><Trackpoint><Time>2025-09-14T11:25:31.944Z</Time><DistanceMeters>10318.887680228218</DistanceMeters><HeartRateBpm><Value>157</Value></HeartRateBpm><Cadence>25</Cadence><Extensions><ext:TPX><ext:Watts>66.11764705882354</ext:Watts><ext:Torque>20</ext:Torque></ext:TPX></Extensions></Trackpoint><Trackpoint><Time>2025-09-14T11:25:33.134Z</Time><DistanceMeters>10324.178799734123</DistanceMeters><HeartRateBpm><Value>157</Value></HeartRateBpm><Cadence>25</Cadence><Extensions><ext:TPX><ext:Watts>64.88235294117646</ext:Watts><ext:Torque>20</ext:Torque></ext:TPX></Extensions></Trackpoint><Trackpoint><Time>2025-09-14T11:25:34.359Z</Time><DistanceMeters>10329.590068654099</DistanceMeters><HeartRateBpm><Value>157</Value></HeartRateBpm><Cadence>24</Cadence><Extensions><ext:TPX><ext:Watts>65.02857142857142</ext:Watts><ext:Torque>20</ext:Torque></ext:TPX></Extensions></Trackpoint><Trackpoint><Time>2025-09-14T11:25:35.549Z</Time><DistanceMeters>10334.696502665012</DistanceMeters><HeartRateBpm><Value>157</Value></HeartRateBpm><Cadence>25</Cadence><Extensions><ext:TPX><ext:Watts>62.61764705882353</ext:Watts><ext:Torque>20</ext:Torque></ext:TPX></Extensions></Trackpoint><Trackpoint><Time>2025-09-14T11:25:36.739Z</Time><DistanceMeters>10339.925260834947</DistanceMeters><HeartRateBpm><Value>157</Value></HeartRateBpm><Cadence>25</Cadence><Extensions><ext:TPX><ext:Watts>64.11764705882354</ext:Watts><ext:Torque>20</ext:Torque></ext:TPX></Extensions></Trackpoint><Trackpoint><Time>2025-09-14T11:25:37.964Z</Time><DistanceMeters>10345.20814288248</DistanceMeters><HeartRateBpm><Value>157</Value></HeartRateBpm><Cadence>24</Cadence><Extensions><ext:TPX><ext:Watts>63.48571428571429</ext:Watts><ext:Torque>20</ext:Torque></ext:TPX></Extensions></Trackpoint><Trackpoint><Time>2025-09-14T11:25:39.189Z</Time><DistanceMeters>10350.441096701841</DistanceMeters><HeartRateBpm><Value>157</Value></HeartRateBpm><Cadence>24</Cadence><Extensions><ext:TPX><ext:Watts>62.885714285714286</ext:Watts><ext:Torque>20</ext:Torque></ext:TPX></Extensions></Trackpoint><Trackpoint><Time>2025-09-14T11:25:40.379Z</Time><DistanceMeters>10355.525944096456</DistanceMeters><HeartRateBpm><Value>157</Value></HeartRateBpm><Cadence>25</Cadence><Extensions><ext:TPX><ext:Watts>62.35294117647059</ext:Watts><ext:Torque>20</ext:Torque></ext:TPX></Extensions></Trackpoint><Trackpoint><Time>2025-09-14T11:25:41.604Z</Time><DistanceMeters>10360.899172461633</DistanceMeters><HeartRateBpm><Value>157</Value></HeartRateBpm><Cadence>24</Cadence><Extensions><ext:TPX><ext:Watts>64.57142857142857</ext:Watts><ext:Torque>20</ext:Torque></ext:TPX></Extensions></Trackpoint><Trackpoint><Time>2025-09-14T11:25:42.794Z</Time><DistanceMeters>10366.276638432731</DistanceMeters><HeartRateBpm><Value>157</Value></HeartRateBpm><Cadence>25</Cadence><Extensions><ext:TPX><ext:Watts>65.94117647058823</ext:Watts><ext:Torque>20</ext:Torque></ext:TPX></Extensions></Trackpoint><Trackpoint><Time>2025-09-14T11:25:43.984Z</Time><DistanceMeters>10371.61812671</DistanceMeters><HeartRateBpm><Value>156</Value></HeartRateBpm><Cadence>25</Cadence><Extensions><ext:TPX><ext:Watts>65.5</ext:Watts><ext:Torque>20</ext:Torque></ext:TPX></Extensions></Trackpoint><Trackpoint><Time>2025-09-14T11:25:45.209Z</Time><DistanceMeters>10377.17442524514</DistanceMeters><HeartRateBpm><Value>156</Value></HeartRateBpm><Cadence>24</Cadence><Extensions><ext:TPX><ext:Watts>66.77142857142857</ext:Watts><ext:Torque>20</ext:Torque></ext:TPX></Extensions></Trackpoint><Trackpoint><Time>2025-09-14T11:25:46.399Z</Time><DistanceMeters>10382.6022599876</DistanceMeters><HeartRateBpm><Value>156</Value></HeartRateBpm><Cadence>25</Cadence><Extensions><ext:TPX><ext:Watts>66.55882352941177</ext:Watts><ext:Torque>20</ext:Torque></ext:TPX></Extensions></Trackpoint><Trackpoint><Time>2025-09-14T11:25:47.624Z</Time><DistanceMeters>10387.93744779798</DistanceMeters><HeartRateBpm><Value>157</Value></HeartRateBpm><Cadence>24</Cadence><Extensions><ext:TPX><ext:Watts>64.11428571428571</ext:Watts><ext:Torque>20</ext:Torque></ext:TPX></Extensions></Trackpoint><Trackpoint><Time>2025-09-14T11:25:48.814Z</Time><DistanceMeters>10393.360485514595</DistanceMeters><HeartRateBpm><Value>157</Value></HeartRateBpm><Cadence>25</Cadence><Extensions><ext:TPX><ext:Watts>66.5</ext:Watts><ext:Torque>20</ext:Torque></ext:TPX></Extensions></Trackpoint><Trackpoint><Time>2025-09-14T11:25:50.004Z</Time><DistanceMeters>10398.737951485693</DistanceMeters><HeartRateBpm><Value>157</Value></HeartRateBpm><Cadence>25</Cadence><Extensions><ext:TPX><ext:Watts>65.94117647058823</ext:Watts><ext:Torque>20</ext:Torque></ext:TPX></Extensions></Trackpoint><Trackpoint><Time>2025-09-14T11:25:51.229Z</Time><DistanceMeters>10404.146842870994</DistanceMeters><HeartRateBpm><Value>157</Value></HeartRateBpm><Cadence>24</Cadence><Extensions><ext:TPX><ext:Watts>65.0</ext:Watts><ext:Torque>20</ext:Torque></ext:TPX></Extensions></Trackpoint><Trackpoint><Time>2025-09-14T11:25:52.454Z</Time><DistanceMeters>10409.577132068369</DistanceMeters><HeartRateBpm><Value>157</Value></HeartRateBpm><Cadence>24</Cadence><Extensions><ext:TPX><ext:Watts>65.25714285714285</ext:Watts><ext:Torque>20</ext:Torque></ext:TPX></Extensions></Trackpoint><Trackpoint><Time>2025-09-14T11:25:53.679Z</Time><DistanceMeters>10414.824351095778</DistanceMeters><HeartRateBpm><Value>157</Value></HeartRateBpm><Cadence>24</Cadence><Extensions><ext:TPX><ext:Watts>63.05714285714286</ext:Watts><ext:Torque>20</ext:Torque></ext:TPX></Extensions></Trackpoint><Trackpoint><Time>2025-09-14T11:25:54.869Z</Time><DistanceMeters>10419.784475818451</DistanceMeters><HeartRateBpm><Value>157</Value></HeartRateBpm><Cadence>25</Cadence><Extensions><ext:TPX><ext:Watts>60.8235294117647</ext:Watts><ext:Torque>20</ext:Torque></ext:TPX></Extensions></Trackpoint><Trackpoint><Time>2025-09-14T11:25:56.129Z</Time><DistanceMeters>10425.02761396169</DistanceMeters><HeartRateBpm><Value>157</Value></HeartRateBpm><Cadence>24</Cadence><Extensions><ext:TPX><ext:Watts>61.72222222222222</ext:Watts><ext:Torque>20</ext:Torque></ext:TPX></Extensions></Trackpoint><Trackpoint><Time>2025-09-14T11:25:57.389Z</Time><DistanceMeters>10430.089059198977</DistanceMeters><HeartRateBpm><Value>157</Value></HeartRateBpm><Cadence>24</Cadence><Extensions><ext:TPX><ext:Watts>59.583333333333336</ext:Watts><ext:Torque>20</ext:Torque></ext:TPX></Extensions></Trackpoint><Trackpoint><Time>2025-09-14T11:25:58.614Z</Time><DistanceMeters>10434.998668302558</DistanceMeters><HeartRateBpm><Value>158</Value></HeartRateBpm><Cadence>24</Cadence><Extensions><ext:TPX><ext:Watts>59.0</ext:Watts><ext:Torque>20</ext:Torque></ext:TPX></Extensions></Trackpoint><Trackpoint><Time>2025-09-14T11:25:59.874Z</Time><DistanceMeters>10439.84538556008</DistanceMeters><HeartRateBpm><Value>158</Value></HeartRateBpm><Cadence>24</Cadence><Extensions><ext:TPX><ext:Watts>57.05555555555556</ext:Watts><ext:Torque>20</ext:Torque></ext:TPX></Extensions></Trackpoint><Trackpoint><Time>2025-09-14T11:26:01.100Z</Time><DistanceMeters>10444.776392475735</DistanceMeters><HeartRateBpm><Value>158</Value></HeartRateBpm><Cadence>24</Cadence><Extensions><ext:TPX><ext:Watts>59.25714285714286</ext:Watts><ext:Torque>20</ext:Torque></ext:TPX></Extensions></Trackpoint><Trackpoint><Time>2025-09-14T11:26:02.324Z</Time><DistanceMeters>10449.705021856713</DistanceMeters><HeartRateBpm><Value>158</Value></HeartRateBpm><Cadence>24</Cadence><Extensions><ext:TPX><ext:Watts>59.22857142857143</ext:Watts><ext:Torque>20</ext:Torque></ext:TPX></Extensions></Trackpoint><Trackpoint><Time>2025-09-14T11:26:03.549Z</Time><DistanceMeters>10454.714487416637</DistanceMeters><HeartRateBpm><Value>158</Value></HeartRateBpm><Cadence>24</Cadence><Extensions><ext:TPX><ext:Watts>60.2</ext:Watts><ext:Torque>20</ext:Torque></ext:TPX></Extensions></Trackpoint><Trackpoint><Time>2025-09-14T11:26:04.775Z</Time><DistanceMeters>10459.709687768513</DistanceMeters><HeartRateBpm><Value>158</Value></HeartRateBpm><Cadence>24</Cadence><Extensions><ext:TPX><ext:Watts>60.02857142857143</ext:Watts><ext:Torque>20</ext:Torque></ext:TPX></Extensions></Trackpoint><Trackpoint><Time>2025-09-14T11:26:05.999Z</Time><DistanceMeters>10464.780969229983</DistanceMeters><HeartRateBpm><Value>159</Value></HeartRateBpm><Cadence>24</Cadence><Extensions><ext:TPX><ext:Watts>60.94285714285714</ext:Watts><ext:Torque>20</ext:Torque></ext:TPX></Extensions></Trackpoint><Trackpoint><Time>2025-09-14T11:26:07.259Z</Time><DistanceMeters>10469.920282855535</DistanceMeters><HeartRateBpm><Value>159</Value></HeartRateBpm><Cadence>24</Cadence><Extensions><ext:TPX><ext:Watts>60.5</ext:Watts><ext:Torque>20</ext:Torque></ext:TPX></Extensions></Trackpoint><Trackpoint><Time>2025-09-14T11:26:08.519Z</Time><DistanceMeters>10475.11386838806</DistanceMeters><HeartRateBpm><Value>159</Value></HeartRateBpm><Cadence>24</Cadence><Extensions><ext:TPX><ext:Watts>61.138888888888886</ext:Watts><ext:Torque>20</ext:Torque></ext:TPX></Extensions></Trackpoint><Trackpoint><Time>2025-09-14T11:26:09.779Z</Time><DistanceMeters>10480.172953977217</DistanceMeters><HeartRateBpm><Value>159</Value></HeartRateBpm><Cadence>24</Cadence><Extensions><ext:TPX><ext:Watts>59.55555555555556</ext:Watts><ext:Torque>20</ext:Torque></ext:TPX></Extensions></Trackpoint><Trackpoint><Time>2025-09-14T11:26:11.039Z</Time><DistanceMeters>10485.250916751407</DistanceMeters><HeartRateBpm><Value>159</Value></HeartRateBpm><Cadence>24</Cadence><Extensions><ext:TPX><ext:Watts>59.77777777777778</ext:Watts><ext:Torque>20</ext:Torque></ext:TPX></Extensions></Trackpoint><Trackpoint><Time>2025-09-14T11:26:12.264Z</Time><DistanceMeters>10490.269892450031</DistanceMeters><HeartRateBpm><Value>159</Value></HeartRateBpm><Cadence>24</Cadence><Extensions><ext:TPX><ext:Watts>60.31428571428572</ext:Watts><ext:Torque>20</ext:Torque></ext:TPX></Extensions></Trackpoint><Trackpoint><Time>2025-09-14T11:26:13.524Z</Time><DistanceMeters>10495.413925371842</DistanceMeters><HeartRateBpm><Value>160</Value></HeartRateBpm><Cadence>24</Cadence><Extensions><ext:TPX><ext:Watts>60.55555555555556</ext:Watts><ext:Torque>20</ext:Torque></ext:TPX></Extensions></Trackpoint><Trackpoint><Time>2025-09-14T11:26:14.784Z</Time><DistanceMeters>10500.543800404877</DistanceMeters><HeartRateBpm><Value>160</Value></HeartRateBpm><Cadence>24</Cadence><Extensions><ext:TPX><ext:Watts>60.388888888888886</ext:Watts><ext:Torque>20</ext:Torque></ext:TPX></Extensions></Trackpoint><Trackpoint><Time>2025-09-14T11:26:16.044Z</Time><DistanceMeters>10505.612324586551</DistanceMeters><HeartRateBpm><Value>160</Value></HeartRateBpm><Cadence>24</Cadence><Extensions><ext:TPX><ext:Watts>59.666666666666664</ext:Watts><ext:Torque>20</ext:Torque></ext:TPX></Extensions></Trackpoint><Trackpoint><Time>2025-09-14T11:26:17.304Z</Time><DistanceMeters>10510.758717156492</DistanceMeters><HeartRateBpm><Value>160</Value></HeartRateBpm><Cadence>24</Cadence><Extensions><ext:TPX><ext:Watts>60.583333333333336</ext:Watts><ext:Torque>20</ext:Torque></ext:TPX></Extensions></Trackpoint><Trackpoint><Time>2025-09-14T11:26:18.534Z</Time><DistanceMeters>10515.825243548612</DistanceMeters><HeartRateBpm><Value>160</Value></HeartRateBpm><Cadence>24</Cadence><Extensions><ext:TPX><ext:Watts>60.885714285714286</ext:Watts><ext:Torque>20</ext:Torque></ext:TPX></Extensions></Trackpoint><Trackpoint><Time>2025-09-14T11:26:19.800Z</Time><DistanceMeters>10520.890755413526</DistanceMeters><HeartRateBpm><Value>160</Value></HeartRateBpm><Cadence>24</Cadence><Extensions><ext:TPX><ext:Watts>58.388888888888886</ext:Watts><ext:Torque>20</ext:Torque></ext:TPX></Extensions></Trackpoint><Trackpoint><Time>2025-09-14T11:26:21.024Z</Time><DistanceMeters>10525.90022097345</DistanceMeters><HeartRateBpm><Value>160</Value></HeartRateBpm><Cadence>24</Cadence><Extensions><ext:TPX><ext:Watts>60.2</ext:Watts><ext:Torque>20</ext:Torque></ext:TPX></Extensions></Trackpoint><Trackpoint><Time>2025-09-14T11:26:22.284Z</Time><DistanceMeters>10530.966385506994</DistanceMeters><HeartRateBpm><Value>160</Value></HeartRateBpm><Cadence>24</Cadence><Extensions><ext:TPX><ext:Watts>59.638888888888886</ext:Watts><ext:Torque>20</ext:Torque></ext:TPX></Extensions></Trackpoint><Trackpoint><Time>2025-09-14T11:26:23.510Z</Time><DistanceMeters>10535.85935186785</DistanceMeters><HeartRateBpm><Value>160</Value></HeartRateBpm><Cadence>24</Cadence><Extensions><ext:TPX><ext:Watts>58.8</ext:Watts><ext:Torque>20</ext:Torque></ext:TPX></Extensions></Trackpoint><Trackpoint><Time>2025-09-14T11:26:24.770Z</Time><DistanceMeters>10540.967990067722</DistanceMeters><HeartRateBpm><Value>160</Value></HeartRateBpm><Cadence>24</Cadence><Extensions><ext:TPX><ext:Watts>60.138888888888886</ext:Watts><ext:Torque>20</ext:Torque></ext:TPX></Extensions></Trackpoint><Trackpoint><Time>2025-09-14T11:26:25.995Z</Time><DistanceMeters>10545.937037538173</DistanceMeters><HeartRateBpm><Value>160</Value></HeartRateBpm><Cadence>24</Cadence><Extensions><ext:TPX><ext:Watts>59.714285714285715</ext:Watts><ext:Torque>20</ext:Torque></ext:TPX></Extensions></Trackpoint><Trackpoint><Time>2025-09-14T11:26:27.220Z</Time><DistanceMeters>10550.939370494072</DistanceMeters><HeartRateBpm><Value>160</Value></HeartRateBpm><Cadence>24</Cadence><Extensions><ext:TPX><ext:Watts>60.114285714285714</ext:Watts><ext:Torque>20</ext:Torque></ext:TPX></Extensions></Trackpoint><Trackpoint><Time>2025-09-14T11:26:28.410Z</Time><DistanceMeters>10556.02661640161</DistanceMeters><HeartRateBpm><Value>160</Value></HeartRateBpm><Cadence>25</Cadence><Extensions><ext:TPX><ext:Watts>62.38235294117647</ext:Watts><ext:Torque>20</ext:Torque></ext:TPX></Extensions></Trackpoint><Trackpoint><Time>2025-09-14T11:26:29.605Z</Time><DistanceMeters>10561.12825338668</DistanceMeters><HeartRateBpm><Value>159</Value></HeartRateBpm><Cadence>25</Cadence><Extensions><ext:TPX><ext:Watts>62.55882352941177</ext:Watts><ext:Torque>20</ext:Torque></ext:TPX></Extensions></Trackpoint><Trackpoint><Time>2025-09-14T11:26:30.830Z</Time><DistanceMeters>10566.175759501402</DistanceMeters><HeartRateBpm><Value>159</Value></HeartRateBpm><Cadence>24</Cadence><Extensions><ext:TPX><ext:Watts>60.65714285714286</ext:Watts><ext:Torque>20</ext:Torque></ext:TPX></Extensions></Trackpoint><Trackpoint><Time>2025-09-14T11:26:31.986Z</Time><DistanceMeters>10571.160920449865</DistanceMeters><HeartRateBpm><Value>159</Value></HeartRateBpm><Cadence>26</Cadence><Extensions><ext:TPX><ext:Watts>63.57575757575758</ext:Watts><ext:Torque>20</ext:Torque></ext:TPX></Extensions></Trackpoint><Trackpoint><Time>2025-09-14T11:26:33.175Z</Time><DistanceMeters>10576.238572305714</DistanceMeters><HeartRateBpm><Value>159</Value></HeartRateBpm><Cadence>25</Cadence><Extensions><ext:TPX><ext:Watts>62.26470588235294</ext:Watts><ext:Torque>20</ext:Torque></ext:TPX></Extensions></Trackpoint><Trackpoint><Time>2025-09-14T11:26:34.365Z</Time><DistanceMeters>10581.424157243053</DistanceMeters><HeartRateBpm><Value>159</Value></HeartRateBpm><Cadence>25</Cadence><Extensions><ext:TPX><ext:Watts>63.588235294117645</ext:Watts><ext:Torque>20</ext:Torque></ext:TPX></Extensions></Trackpoint><Trackpoint><Time>2025-09-14T11:26:35.560Z</Time><DistanceMeters>10586.470628430916</DistanceMeters><HeartRateBpm><Value>159</Value></HeartRateBpm><Cadence>25</Cadence><Extensions><ext:TPX><ext:Watts>61.88235294117647</ext:Watts><ext:Torque>20</ext:Torque></ext:TPX></Extensions></Trackpoint><Trackpoint><Time>2025-09-14T11:26:36.750Z</Time><DistanceMeters>10591.526693670467</DistanceMeters><HeartRateBpm><Value>159</Value></HeartRateBpm><Cadence>25</Cadence><Extensions><ext:TPX><ext:Watts>62.0</ext:Watts><ext:Torque>20</ext:Torque></ext:TPX></Extensions></Trackpoint><Trackpoint><Time>2025-09-14T11:26:37.940Z</Time><DistanceMeters>10596.707481581961</DistanceMeters><HeartRateBpm><Value>159</Value></HeartRateBpm><Cadence>25</Cadence><Extensions><ext:TPX><ext:Watts>63.529411764705884</ext:Watts><ext:Torque>20</ext:Torque></ext:TPX></Extensions></Trackpoint><Trackpoint><Time>2025-09-14T11:26:39.100Z</Time><DistanceMeters>10601.904119806122</DistanceMeters><HeartRateBpm><Value>159</Value></HeartRateBpm><Cadence>26</Cadence><Extensions><ext:TPX><ext:Watts>66.27272727272727</ext:Watts><ext:Torque>20</ext:Torque></ext:TPX></Extensions></Trackpoint><Trackpoint><Time>2025-09-14T11:26:40.290Z</Time><DistanceMeters>10607.192840799107</DistanceMeters><HeartRateBpm><Value>159</Value></HeartRateBpm><Cadence>25</Cadence><Extensions><ext:TPX><ext:Watts>64.8529411764706</ext:Watts><ext:Torque>20</ext:Torque></ext:TPX></Extensions></Trackpoint><Trackpoint><Time>2025-09-14T11:26:41.445Z</Time><DistanceMeters>10612.280176161672</DistanceMeters><HeartRateBpm><Value>159</Value></HeartRateBpm><Cadence>26</Cadence><Extensions><ext:TPX><ext:Watts>64.87878787878788</ext:Watts><ext:Torque>20</ext:Torque></ext:TPX></Extensions></Trackpoint><Trackpoint><Time>2025-09-14T11:26:42.566Z</Time><DistanceMeters>10617.343981047088</DistanceMeters><HeartRateBpm><Value>159</Value></HeartRateBpm><Cadence>27</Cadence><Extensions><ext:TPX><ext:Watts>67.0625</ext:Watts><ext:Torque>20</ext:Torque></ext:TPX></Extensions></Trackpoint><Trackpoint><Time>2025-09-14T11:26:43.720Z</Time><DistanceMeters>10622.597646851213</DistanceMeters><HeartRateBpm><Value>159</Value></HeartRateBpm><Cadence>26</Cadence><Extensions><ext:TPX><ext:Watts>67.0</ext:Watts><ext:Torque>20</ext:Torque></ext:TPX></Extensions></Trackpoint><Trackpoint><Time>2025-09-14T11:26:44.910Z</Time><DistanceMeters>10627.96072174478</DistanceMeters><HeartRateBpm><Value>159</Value></HeartRateBpm><Cadence>25</Cadence><Extensions><ext:TPX><ext:Watts>65.76470588235294</ext:Watts><ext:Torque>20</ext:Torque></ext:TPX></Extensions></Trackpoint><Trackpoint><Time>2025-09-14T11:26:46.065Z</Time><DistanceMeters>10633.067066300666</DistanceMeters><HeartRateBpm><Value>159</Value></HeartRateBpm><Cadence>26</Cadence><Extensions><ext:TPX><ext:Watts>65.12121212121212</ext:Watts><ext:Torque>20</ext:Torque></ext:TPX></Extensions></Trackpoint><Trackpoint><Time>2025-09-14T11:26:47.220Z</Time><DistanceMeters>10638.327860552286</DistanceMeters><HeartRateBpm><Value>159</Value></HeartRateBpm><Cadence>26</Cadence><Extensions><ext:TPX><ext:Watts>67.0909090909091</ext:Watts><ext:Torque>20</ext:Torque></ext:TPX></Extensions></Trackpoint><Trackpoint><Time>2025-09-14T11:26:48.410Z</Time><DistanceMeters>10643.78447744981</DistanceMeters><HeartRateBpm><Value>159</Value></HeartRateBpm><Cadence>25</Cadence><Extensions><ext:TPX><ext:Watts>66.91176470588235</ext:Watts><ext:Torque>20</ext:Torque></ext:TPX></Extensions></Trackpoint><Trackpoint><Time>2025-09-14T11:26:49.565Z</Time><DistanceMeters>10649.099923132228</DistanceMeters><HeartRateBpm><Value>160</Value></HeartRateBpm><Cadence>26</Cadence><Extensions><ext:TPX><ext:Watts>67.78787878787878</ext:Watts><ext:Torque>20</ext:Torque></ext:TPX></Extensions></Trackpoint><Trackpoint><Time>2025-09-14T11:26:50.720Z</Time><DistanceMeters>10654.538928571234</DistanceMeters><HeartRateBpm><Value>160</Value></HeartRateBpm><Cadence>26</Cadence><Extensions><ext:TPX><ext:Watts>69.36363636363636</ext:Watts><ext:Torque>20</ext:Torque></ext:TPX></Extensions></Trackpoint><Trackpoint><Time>2025-09-14T11:26:51.875Z</Time><DistanceMeters>10659.906649535285</DistanceMeters><HeartRateBpm><Value>160</Value></HeartRateBpm><Cadence>26</Cadence><Extensions><ext:TPX><ext:Watts>68.45454545454545</ext:Watts><ext:Torque>20</ext:Torque></ext:TPX></Extensions></Trackpoint><Trackpoint><Time>2025-09-14T11:26:53.030Z</Time><DistanceMeters>10665.195957576887</DistanceMeters><HeartRateBpm><Value>160</Value></HeartRateBpm><Cadence>26</Cadence><Extensions><ext:TPX><ext:Watts>67.45454545454545</ext:Watts><ext:Torque>20</ext:Torque></ext:TPX></Extensions></Trackpoint><Trackpoint><Time>2025-09-14T11:26:54.185Z</Time><DistanceMeters>10670.608825375075</DistanceMeters><HeartRateBpm><Value>160</Value></HeartRateBpm><Cadence>26</Cadence><Extensions><ext:TPX><ext:Watts>69.03030303030303</ext:Watts><ext:Torque>20</ext:Torque></ext:TPX></Extensions></Trackpoint><Trackpoint><Time>2025-09-14T11:26:55.340Z</Time><DistanceMeters>10675.967041742466</DistanceMeters><HeartRateBpm><Value>160</Value></HeartRateBpm><Cadence>26</Cadence><Extensions><ext:TPX><ext:Watts>68.33333333333333</ext:Watts><ext:Torque>20</ext:Torque></ext:TPX></Extensions></Trackpoint><Trackpoint><Time>2025-09-14T11:26:56.495Z</Time><DistanceMeters>10681.330010408186</DistanceMeters><HeartRateBpm><Value>160</Value></HeartRateBpm><Cadence>26</Cadence><Extensions><ext:TPX><ext:Watts>68.39393939393939</ext:Watts><ext:Torque>20</ext:Torque></ext:TPX></Extensions></Trackpoint><Trackpoint><Time>2025-09-14T11:26:57.615Z</Time><DistanceMeters>10686.601464328978</DistanceMeters><HeartRateBpm><Value>160</Value></HeartRateBpm><Cadence>27</Cadence><Extensions><ext:TPX><ext:Watts>69.8125</ext:Watts><ext:Torque>20</ext:Torque></ext:TPX></Extensions></Trackpoint><Trackpoint><Time>2025-09-14T11:26:58.770Z</Time><DistanceMeters>10691.826616343122</DistanceMeters><HeartRateBpm><Value>160</Value></HeartRateBpm><Cadence>26</Cadence><Extensions><ext:TPX><ext:Watts>66.63636363636364</ext:Watts><ext:Torque>20</ext:Torque></ext:TPX></Extensions></Trackpoint><Trackpoint><Time>2025-09-14T11:26:59.895Z</Time><DistanceMeters>10697.327356827418</DistanceMeters><HeartRateBpm><Value>161</Value></HeartRateBpm><Cadence>26</Cadence><Extensions><ext:TPX><ext:Watts>71.5</ext:Watts><ext:Torque>20</ext:Torque></ext:TPX></Extensions></Trackpoint><Trackpoint><Time>2025-09-14T11:27:01.055Z</Time><DistanceMeters>10702.557261139891</DistanceMeters><HeartRateBpm><Value>161</Value></HeartRateBpm><Cadence>26</Cadence><Extensions><ext:TPX><ext:Watts>66.6969696969697</ext:Watts><ext:Torque>20</ext:Torque></ext:TPX></Extensions></Trackpoint><Trackpoint><Time>2025-09-14T11:27:02.175Z</Time><DistanceMeters>10707.86646943075</DistanceMeters><HeartRateBpm><Value>161</Value></HeartRateBpm><Cadence>27</Cadence><Extensions><ext:TPX><ext:Watts>70.3125</ext:Watts><ext:Torque>20</ext:Torque></ext:TPX></Extensions></Trackpoint><Trackpoint><Time>2025-09-14T11:27:03.260Z</Time><DistanceMeters>10712.965102999346</DistanceMeters><HeartRateBpm><Value>161</Value></HeartRateBpm><Cadence>28</Cadence><Extensions><ext:TPX><ext:Watts>68.7741935483871</ext:Watts><ext:Torque>20</ext:Torque></ext:TPX></Extensions></Trackpoint><Trackpoint><Time>2025-09-14T11:27:04.380Z</Time><DistanceMeters>10718.16576747626</DistanceMeters><HeartRateBpm><Value>161</Value></HeartRateBpm><Cadence>27</Cadence><Extensions><ext:TPX><ext:Watts>68.875</ext:Watts><ext:Torque>20</ext:Torque></ext:TPX></Extensions></Trackpoint><Trackpoint><Time>2025-09-14T11:27:05.500Z</Time><DistanceMeters>10723.352274064397</DistanceMeters><HeartRateBpm><Value>161</Value></HeartRateBpm><Cadence>27</Cadence><Extensions><ext:TPX><ext:Watts>68.6875</ext:Watts><ext:Torque>20</ext:Torque></ext:TPX></Extensions></Trackpoint><Trackpoint><Time>2025-09-14T11:27:06.620Z</Time><DistanceMeters>10728.375964931614</DistanceMeters><HeartRateBpm><Value>161</Value></HeartRateBpm><Cadence>27</Cadence><Extensions><ext:TPX><ext:Watts>66.53125</ext:Watts><ext:Torque>20</ext:Torque></ext:TPX></Extensions></Trackpoint><Trackpoint><Time>2025-09-14T11:27:07.705Z</Time><DistanceMeters>10733.500904770966</DistanceMeters><HeartRateBpm><Value>162</Value></HeartRateBpm><Cadence>28</Cadence><Extensions><ext:TPX><ext:Watts>69.12903225806451</ext:Watts><ext:Torque>20</ext:Torque></ext:TPX></Extensions></Trackpoint><Trackpoint><Time>2025-09-14T11:27:08.825Z</Time><DistanceMeters>10738.607183322709</DistanceMeters><HeartRateBpm><Value>162</Value></HeartRateBpm><Cadence>27</Cadence><Extensions><ext:TPX><ext:Watts>67.625</ext:Watts><ext:Torque>20</ext:Torque></ext:TPX></Extensions></Trackpoint><Trackpoint><Time>2025-09-14T11:27:09.951Z</Time><DistanceMeters>10743.752106677775</DistanceMeters><HeartRateBpm><Value>162</Value></HeartRateBpm><Cadence>26</Cadence><Extensions><ext:TPX><ext:Watts>66.875</ext:Watts><ext:Torque>20</ext:Torque></ext:TPX></Extensions></Trackpoint><Trackpoint><Time>2025-09-14T11:27:11.071Z</Time><DistanceMeters>10748.733323878667</DistanceMeters><HeartRateBpm><Value>163</Value></HeartRateBpm><Cadence>27</Cadence><Extensions><ext:TPX><ext:Watts>65.96875</ext:Watts><ext:Torque>20</ext:Torque></ext:TPX></Extensions></Trackpoint><Trackpoint><Time>2025-09-14T11:27:12.190Z</Time><DistanceMeters>10753.596558673094</DistanceMeters><HeartRateBpm><Value>162</Value></HeartRateBpm><Cadence>27</Cadence><Extensions><ext:TPX><ext:Watts>64.40625</ext:Watts><ext:Torque>20</ext:Torque></ext:TPX></Extensions></Trackpoint><Trackpoint><Time>2025-09-14T11:27:13.275Z</Time><DistanceMeters>10758.451261367394</DistanceMeters><HeartRateBpm><Value>161</Value></HeartRateBpm><Cadence>28</Cadence><Extensions><ext:TPX><ext:Watts>65.48387096774194</ext:Watts><ext:Torque>20</ext:Torque></ext:TPX></Extensions></Trackpoint><Trackpoint><Time>2025-09-14T11:27:14.400Z</Time><DistanceMeters>10763.603397231838</DistanceMeters><HeartRateBpm><Value>162</Value></HeartRateBpm><Cadence>26</Cadence><Extensions><ext:TPX><ext:Watts>66.96875</ext:Watts><ext:Torque>20</ext:Torque></ext:TPX></Extensions></Trackpoint><Trackpoint><Time>2025-09-14T11:27:15.525Z</Time><DistanceMeters>10768.531945305618</DistanceMeters><HeartRateBpm><Value>162</Value></HeartRateBpm><Cadence>26</Cadence><Extensions><ext:TPX><ext:Watts>64.0625</ext:Watts><ext:Torque>20</ext:Torque></ext:TPX></Extensions></Trackpoint><Trackpoint><Time>2025-09-14T11:27:16.611Z</Time><DistanceMeters>10773.57318337438</DistanceMeters><HeartRateBpm><Value>163</Value></HeartRateBpm><Cadence>28</Cadence><Extensions><ext:TPX><ext:Watts>68.0</ext:Watts><ext:Torque>20</ext:Torque></ext:TPX></Extensions></Trackpoint><Trackpoint><Time>2025-09-14T11:27:17.731Z</Time><DistanceMeters>10778.537883038365</DistanceMeters><HeartRateBpm><Value>163</Value></HeartRateBpm><Cadence>27</Cadence><Extensions><ext:TPX><ext:Watts>65.75</ext:Watts><ext:Torque>20</ext:Torque></ext:TPX></Extensions></Trackpoint><Trackpoint><Time>2025-09-14T11:27:18.815Z</Time><DistanceMeters>10783.34236467031</DistanceMeters><HeartRateBpm><Value>163</Value></HeartRateBpm><Cadence>28</Cadence><Extensions><ext:TPX><ext:Watts>64.80645161290323</ext:Watts><ext:Torque>20</ext:Torque></ext:TPX></Extensions></Trackpoint><Trackpoint><Time>2025-09-14T11:27:19.901Z</Time><DistanceMeters>10788.20663328125</DistanceMeters><HeartRateBpm><Value>164</Value></HeartRateBpm><Cadence>28</Cadence><Extensions><ext:TPX><ext:Watts>65.61290322580645</ext:Watts><ext:Torque>20</ext:Torque></ext:TPX></Extensions></Trackpoint><Trackpoint><Time>2025-09-14T11:27:21.021Z</Time><DistanceMeters>10792.86929798469</DistanceMeters><HeartRateBpm><Value>164</Value></HeartRateBpm><Cadence>27</Cadence><Extensions><ext:TPX><ext:Watts>61.75</ext:Watts><ext:Torque>20</ext:Torque></ext:TPX></Extensions></Trackpoint><Trackpoint><Time>2025-09-14T11:27:22.106Z</Time><DistanceMeters>10797.834008720338</DistanceMeters><HeartRateBpm><Value>164</Value></HeartRateBpm><Cadence>28</Cadence><Extensions><ext:TPX><ext:Watts>66.96774193548387</ext:Watts><ext:Torque>20</ext:Torque></ext:TPX></Extensions></Trackpoint><Trackpoint><Time>2025-09-14T11:27:23.191Z</Time><DistanceMeters>10802.705451768756</DistanceMeters><HeartRateBpm><Value>164</Value></HeartRateBpm><Cadence>28</Cadence><Extensions><ext:TPX><ext:Watts>65.70967741935483</ext:Watts><ext:Torque>20</ext:Torque></ext:TPX></Extensions></Trackpoint><Trackpoint><Time>2025-09-14T11:27:24.311Z</Time><DistanceMeters>10807.641835655191</DistanceMeters><HeartRateBpm><Value>165</Value></HeartRateBpm><Cadence>27</Cadence><Extensions><ext:TPX><ext:Watts>65.375</ext:Watts><ext:Torque>20</ext:Torque></ext:TPX></Extensions></Trackpoint><Trackpoint><Time>2025-09-14T11:27:25.401Z</Time><DistanceMeters>10812.063680621575</DistanceMeters><HeartRateBpm><Value>165</Value></HeartRateBpm><Cadence>28</Cadence><Extensions><ext:TPX><ext:Watts>59.645161290322584</ext:Watts><ext:Torque>20</ext:Torque></ext:TPX></Extensions></Trackpoint><Trackpoint><Time>2025-09-14T11:27:26.486Z</Time><DistanceMeters>10816.932732190833</DistanceMeters><HeartRateBpm><Value>165</Value></HeartRateBpm><Cadence>28</Cadence><Extensions><ext:TPX><ext:Watts>65.6774193548387</ext:Watts><ext:Torque>20</ext:Torque></ext:TPX></Extensions></Trackpoint><Trackpoint><Time>2025-09-14T11:27:27.606Z</Time><DistanceMeters>10821.772370503968</DistanceMeters><HeartRateBpm><Value>165</Value></HeartRateBpm><Cadence>27</Cadence><Extensions><ext:TPX><ext:Watts>64.09375</ext:Watts><ext:Torque>20</ext:Torque></ext:TPX></Extensions></Trackpoint><Trackpoint><Time>2025-09-14T11:27:28.726Z</Time><DistanceMeters>10826.569535150777</DistanceMeters><HeartRateBpm><Value>166</Value></HeartRateBpm><Cadence>27</Cadence><Extensions><ext:TPX><ext:Watts>63.53125</ext:Watts><ext:Torque>20</ext:Torque></ext:TPX></Extensions></Trackpoint><Trackpoint><Time>2025-09-14T11:27:29.811Z</Time><DistanceMeters>10831.378799741042</DistanceMeters><HeartRateBpm><Value>165</Value></HeartRateBpm><Cadence>28</Cadence><Extensions><ext:TPX><ext:Watts>64.87096774193549</ext:Watts><ext:Torque>20</ext:Torque></ext:TPX></Extensions></Trackpoint><Trackpoint><Time>2025-09-14T11:27:30.896Z</Time><DistanceMeters>10836.211979122903</DistanceMeters><HeartRateBpm><Value>165</Value></HeartRateBpm><Cadence>28</Cadence><Extensions><ext:TPX><ext:Watts>65.19354838709677</ext:Watts><ext:Torque>20</ext:Torque></ext:TPX></Extensions></Trackpoint><Trackpoint><Time>2025-09-14T11:27:32.016Z</Time><DistanceMeters>10841.020942010358</DistanceMeters><HeartRateBpm><Value>164</Value></HeartRateBpm><Cadence>27</Cadence><Extensions><ext:TPX><ext:Watts>63.6875</ext:Watts><ext:Torque>20</ext:Torque></ext:TPX></Extensions></Trackpoint><Trackpoint><Time>2025-09-14T11:27:33.136Z</Time><DistanceMeters>10845.893615397303</DistanceMeters><HeartRateBpm><Value>163</Value></HeartRateBpm><Cadence>27</Cadence><Extensions><ext:TPX><ext:Watts>64.53125</ext:Watts><ext:Torque>20</ext:Torque></ext:TPX></Extensions></Trackpoint><Trackpoint><Time>2025-09-14T11:27:34.256Z</Time><DistanceMeters>10850.773367728634</DistanceMeters><HeartRateBpm><Value>164</Value></HeartRateBpm><Cadence>27</Cadence><Extensions><ext:TPX><ext:Watts>64.625</ext:Watts><ext:Torque>20</ext:Torque></ext:TPX></Extensions></Trackpoint><Trackpoint><Time>2025-09-14T11:27:35.411Z</Time><DistanceMeters>10855.834565450383</DistanceMeters><HeartRateBpm><Value>165</Value></HeartRateBpm><Cadence>26</Cadence><Extensions><ext:TPX><ext:Watts>64.54545454545455</ext:Watts><ext:Torque>20</ext:Torque></ext:TPX></Extensions></Trackpoint><Trackpoint><Time>2025-09-14T11:27:36.566Z</Time><DistanceMeters>10860.527460051535</DistanceMeters><HeartRateBpm><Value>166</Value></HeartRateBpm><Cadence>26</Cadence><Extensions><ext:TPX><ext:Watts>59.84848484848485</ext:Watts><ext:Torque>20</ext:Torque></ext:TPX></Extensions></Trackpoint><Trackpoint><Time>2025-09-14T11:27:37.721Z</Time><DistanceMeters>10865.284510680145</DistanceMeters><HeartRateBpm><Value>166</Value></HeartRateBpm><Cadence>26</Cadence><Extensions><ext:TPX><ext:Watts>60.666666666666664</ext:Watts><ext:Torque>20</ext:Torque></ext:TPX></Extensions></Trackpoint><Trackpoint><Time>2025-09-14T11:27:38.876Z</Time><DistanceMeters>10869.953643789646</DistanceMeters><HeartRateBpm><Value>166</Value></HeartRateBpm><Cadence>26</Cadence><Extensions><ext:TPX><ext:Watts>59.54545454545455</ext:Watts><ext:Torque>20</ext:Torque></ext:TPX></Extensions></Trackpoint><Trackpoint><Time>2025-09-14T11:27:40.071Z</Time><DistanceMeters>10874.96413728368</DistanceMeters><HeartRateBpm><Value>166</Value></HeartRateBpm><Cadence>25</Cadence><Extensions><ext:TPX><ext:Watts>61.44117647058823</ext:Watts><ext:Torque>20</ext:Torque></ext:TPX></Extensions></Trackpoint><Trackpoint><Time>2025-09-14T11:27:41.261Z</Time><DistanceMeters>10879.897878364209</DistanceMeters><HeartRateBpm><Value>166</Value></HeartRateBpm><Cadence>25</Cadence><Extensions><ext:TPX><ext:Watts>60.5</ext:Watts><ext:Torque>20</ext:Torque></ext:TPX></Extensions></Trackpoint><Trackpoint><Time>2025-09-14T11:27:42.416Z</Time><DistanceMeters>10884.959076085957</DistanceMeters><HeartRateBpm><Value>166</Value></HeartRateBpm><Cadence>26</Cadence><Extensions><ext:TPX><ext:Watts>64.54545454545455</ext:Watts><ext:Torque>20</ext:Torque></ext:TPX></Extensions></Trackpoint><Trackpoint><Time>2025-09-14T11:27:43.611Z</Time><DistanceMeters>10890.099089277779</DistanceMeters><HeartRateBpm><Value>165</Value></HeartRateBpm><Cadence>25</Cadence><Extensions><ext:TPX><ext:Watts>63.029411764705884</ext:Watts><ext:Torque>20</ext:Torque></ext:TPX></Extensions></Trackpoint><Trackpoint><Time>2025-09-14T11:27:44.736Z</Time><DistanceMeters>10895.16948336929</DistanceMeters><HeartRateBpm><Value>165</Value></HeartRateBpm><Cadence>26</Cadence><Extensions><ext:TPX><ext:Watts>65.90625</ext:Watts><ext:Torque>20</ext:Torque></ext:TPX></Extensions></Trackpoint><Trackpoint><Time>2025-09-14T11:27:45.926Z</Time><DistanceMeters>10900.17517983748</DistanceMeters><HeartRateBpm><Value>165</Value></HeartRateBpm><Cadence>25</Cadence><Extensions><ext:TPX><ext:Watts>61.38235294117647</ext:Watts><ext:Torque>20</ext:Torque></ext:TPX></Extensions></Trackpoint><Trackpoint><Time>2025-09-14T11:27:47.151Z</Time><DistanceMeters>10905.096676614436</DistanceMeters><HeartRateBpm><Value>164</Value></HeartRateBpm><Cadence>24</Cadence><Extensions><ext:TPX><ext:Watts>59.142857142857146</ext:Watts><ext:Torque>20</ext:Torque></ext:TPX></Extensions></Trackpoint><Trackpoint><Time>2025-09-14T11:27:48.341Z</Time><DistanceMeters>10910.162335905676</DistanceMeters><HeartRateBpm><Value>164</Value></HeartRateBpm><Cadence>25</Cadence><Extensions><ext:TPX><ext:Watts>62.11764705882353</ext:Watts><ext:Torque>20</ext:Torque></ext:TPX></Extensions></Trackpoint><Trackpoint><Time>2025-09-14T11:27:49.496Z</Time><DistanceMeters>10915.356597980672</DistanceMeters><HeartRateBpm><Value>164</Value></HeartRateBpm><Cadence>26</Cadence><Extensions><ext:TPX><ext:Watts>66.24242424242425</ext:Watts><ext:Torque>20</ext:Torque></ext:TPX></Extensions></Trackpoint><Trackpoint><Time>2025-09-14T11:27:50.686Z</Time><DistanceMeters>10920.513400762946</DistanceMeters><HeartRateBpm><Value>164</Value></HeartRateBpm><Cadence>25</Cadence><Extensions><ext:TPX><ext:Watts>63.23529411764706</ext:Watts><ext:Torque>20</ext:Torque></ext:TPX></Extensions></Trackpoint><Trackpoint><Time>2025-09-14T11:27:51.841Z</Time><DistanceMeters>10924.878386779308</DistanceMeters><HeartRateBpm><Value>164</Value></HeartRateBpm><Cadence>26</Cadence><Extensions><ext:TPX><ext:Watts>55.666666666666664</ext:Watts><ext:Torque>20</ext:Torque></ext:TPX></Extensions></Trackpoint><Trackpoint><Time>2025-09-14T11:27:52.996Z</Time><DistanceMeters>10929.167336022385</DistanceMeters><HeartRateBpm><Value>164</Value></HeartRateBpm><Cadence>26</Cadence><Extensions><ext:TPX><ext:Watts>54.696969696969695</ext:Watts><ext:Torque>20</ext:Torque></ext:TPX></Extensions></Trackpoint><Trackpoint><Time>2025-09-14T11:27:54.116Z</Time><DistanceMeters>10933.235369397247</DistanceMeters><HeartRateBpm><Value>164</Value></HeartRateBpm><Cadence>27</Cadence><Extensions><ext:TPX><ext:Watts>53.875</ext:Watts><ext:Torque>20</ext:Torque></ext:TPX></Extensions></Trackpoint><Trackpoint><Time>2025-09-14T11:27:55.242Z</Time><DistanceMeters>10937.344095571925</DistanceMeters><HeartRateBpm><Value>164</Value></HeartRateBpm><Cadence>26</Cadence><Extensions><ext:TPX><ext:Watts>53.40625</ext:Watts><ext:Torque>20</ext:Torque></ext:TPX></Extensions></Trackpoint><Trackpoint><Time>2025-09-14T11:27:56.326Z</Time><DistanceMeters>10941.641583622002</DistanceMeters><HeartRateBpm><Value>163</Value></HeartRateBpm><Cadence>28</Cadence><Extensions><ext:TPX><ext:Watts>57.96774193548387</ext:Watts><ext:Torque>20</ext:Torque></ext:TPX></Extensions></Trackpoint><Trackpoint><Time>2025-09-14T11:27:57.446Z</Time><DistanceMeters>10945.846476588364</DistanceMeters><HeartRateBpm><Value>163</Value></HeartRateBpm><Cadence>27</Cadence><Extensions><ext:TPX><ext:Watts>55.6875</ext:Watts><ext:Torque>20</ext:Torque></ext:TPX></Extensions></Trackpoint><Trackpoint><Time>2025-09-14T11:27:58.531Z</Time><DistanceMeters>10950.198968659115</DistanceMeters><HeartRateBpm><Value>163</Value></HeartRateBpm><Cadence>28</Cadence><Extensions><ext:TPX><ext:Watts>58.70967741935484</ext:Watts><ext:Torque>20</ext:Torque></ext:TPX></Extensions></Trackpoint><Trackpoint><Time>2025-09-14T11:27:59.616Z</Time><DistanceMeters>10954.419929376081</DistanceMeters><HeartRateBpm><Value>163</Value></HeartRateBpm><Cadence>28</Cadence><Extensions><ext:TPX><ext:Watts>56.935483870967744</ext:Watts><ext:Torque>20</ext:Torque></ext:TPX></Extensions></Trackpoint><Trackpoint><Time>2025-09-14T11:28:00.701Z</Time><DistanceMeters>10958.927867592218</DistanceMeters><HeartRateBpm><Value>163</Value></HeartRateBpm><Cadence>28</Cadence><Extensions><ext:TPX><ext:Watts>60.806451612903224</ext:Watts><ext:Torque>20</ext:Torque></ext:TPX></Extensions></Trackpoint><Trackpoint><Time>2025-09-14T11:28:01.756Z</Time><DistanceMeters>10963.095950047762</DistanceMeters><HeartRateBpm><Value>163</Value></HeartRateBpm><Cadence>28</Cadence><Extensions><ext:TPX><ext:Watts>58.266666666666666</ext:Watts><ext:Torque>20</ext:Torque></ext:TPX></Extensions></Trackpoint><Trackpoint><Time>2025-09-14T11:28:02.806Z</Time><DistanceMeters>10967.08758050004</DistanceMeters><HeartRateBpm><Value>164</Value></HeartRateBpm><Cadence>28</Cadence><Extensions><ext:TPX><ext:Watts>55.8</ext:Watts><ext:Torque>20</ext:Torque></ext:TPX></Extensions></Trackpoint><Trackpoint><Time>2025-09-14T11:28:03.856Z</Time><DistanceMeters>10970.94091073354</DistanceMeters><HeartRateBpm><Value>163</Value></HeartRateBpm><Cadence>28</Cadence><Extensions><ext:TPX><ext:Watts>53.86666666666667</ext:Watts><ext:Torque>20</ext:Torque></ext:TPX></Extensions></Trackpoint><Trackpoint><Time>2025-09-14T11:28:04.912Z</Time><DistanceMeters>10975.478588601332</DistanceMeters><HeartRateBpm><Value>163</Value></HeartRateBpm><Cadence>28</Cadence><Extensions><ext:TPX><ext:Watts>63.43333333333333</ext:Watts><ext:Torque>20</ext:Torque></ext:TPX></Extensions></Trackpoint><Trackpoint><Time>2025-09-14T11:28:05.962Z</Time><DistanceMeters>10980.044880307492</DistanceMeters><HeartRateBpm><Value>162</Value></HeartRateBpm><Cadence>28</Cadence><Extensions><ext:TPX><ext:Watts>63.833333333333336</ext:Watts><ext:Torque>20</ext:Torque></ext:TPX></Extensions></Trackpoint><Trackpoint><Time>2025-09-14T11:28:07.021Z</Time><DistanceMeters>10984.522946012019</DistanceMeters><HeartRateBpm><Value>162</Value></HeartRateBpm><Cadence>28</Cadence><Extensions><ext:TPX><ext:Watts>62.6</ext:Watts><ext:Torque>20</ext:Torque></ext:TPX></Extensions></Trackpoint><Trackpoint><Time>2025-09-14T11:28:08.071Z</Time><DistanceMeters>10988.986704797362</DistanceMeters><HeartRateBpm><Value>162</Value></HeartRateBpm><Cadence>28</Cadence><Extensions><ext:TPX><ext:Watts>62.4</ext:Watts><ext:Torque>20</ext:Torque></ext:TPX></Extensions></Trackpoint><Trackpoint><Time>2025-09-14T11:28:09.126Z</Time><DistanceMeters>10993.500537799848</DistanceMeters><HeartRateBpm><Value>162</Value></HeartRateBpm><Cadence>28</Cadence><Extensions><ext:TPX><ext:Watts>63.1</ext:Watts><ext:Torque>20</ext:Torque></ext:TPX></Extensions></Trackpoint><Trackpoint><Time>2025-09-14T11:28:10.176Z</Time><DistanceMeters>10998.155055507641</DistanceMeters><HeartRateBpm><Value>162</Value></HeartRateBpm><Cadence>28</Cadence><Extensions><ext:TPX><ext:Watts>65.06666666666666</ext:Watts><ext:Torque>20</ext:Torque></ext:TPX></Extensions></Trackpoint><Trackpoint><Time>2025-09-14T11:28:11.262Z</Time><DistanceMeters>11002.859095014877</DistanceMeters><HeartRateBpm><Value>162</Value></HeartRateBpm><Cadence>28</Cadence><Extensions><ext:TPX><ext:Watts>63.45161290322581</ext:Watts><ext:Torque>20</ext:Torque></ext:TPX></Extensions></Trackpoint><Trackpoint><Time>2025-09-14T11:28:12.346Z</Time><DistanceMeters>11007.646836292704</DistanceMeters><HeartRateBpm><Value>163</Value></HeartRateBpm><Cadence>28</Cadence><Extensions><ext:TPX><ext:Watts>64.58064516129032</ext:Watts><ext:Torque>20</ext:Torque></ext:TPX></Extensions></Trackpoint><Trackpoint><Time>2025-09-14T11:28:13.396Z</Time><DistanceMeters>11012.368119623356</DistanceMeters><HeartRateBpm><Value>163</Value></HeartRateBpm><Cadence>28</Cadence><Extensions><ext:TPX><ext:Watts>66.0</ext:Watts><ext:Torque>20</ext:Torque></ext:TPX></Extensions></Trackpoint><Trackpoint><Time>2025-09-14T11:28:14.482Z</Time><DistanceMeters>11017.194124567739</DistanceMeters><HeartRateBpm><Value>163</Value></HeartRateBpm><Cadence>28</Cadence><Extensions><ext:TPX><ext:Watts>65.09677419354838</ext:Watts><ext:Torque>20</ext:Torque></ext:TPX></Extensions></Trackpoint><Trackpoint><Time>2025-09-14T11:28:15.532Z</Time><DistanceMeters>11022.115704766962</DistanceMeters><HeartRateBpm><Value>163</Value></HeartRateBpm><Cadence>28</Cadence><Extensions><ext:TPX><ext:Watts>68.8</ext:Watts><ext:Torque>20</ext:Torque></ext:TPX></Extensions></Trackpoint><Trackpoint><Time>2025-09-14T11:28:16.616Z</Time><DistanceMeters>11026.915403440587</DistanceMeters><HeartRateBpm><Value>164</Value></HeartRateBpm><Cadence>28</Cadence><Extensions><ext:TPX><ext:Watts>64.74193548387096</ext:Watts><ext:Torque>20</ext:Torque></ext:TPX></Extensions></Trackpoint><Trackpoint><Time>2025-09-14T11:28:17.666Z</Time><DistanceMeters>11031.896595803077</DistanceMeters><HeartRateBpm><Value>164</Value></HeartRateBpm><Cadence>28</Cadence><Extensions><ext:TPX><ext:Watts>69.63333333333334</ext:Watts><ext:Torque>20</ext:Torque></ext:TPX></Extensions></Trackpoint><Trackpoint><Time>2025-09-14T11:28:18.716Z</Time><DistanceMeters>11036.644108485565</DistanceMeters><HeartRateBpm><Value>164</Value></HeartRateBpm><Cadence>28</Cadence><Extensions><ext:TPX><ext:Watts>66.36666666666666</ext:Watts><ext:Torque>20</ext:Torque></ext:TPX></Extensions></Trackpoint><Trackpoint><Time>2025-09-14T11:28:19.802Z</Time><DistanceMeters>11041.659040283568</DistanceMeters><HeartRateBpm><Value>164</Value></HeartRateBpm><Cadence>28</Cadence><Extensions><ext:TPX><ext:Watts>67.64516129032258</ext:Watts><ext:Torque>20</ext:Torque></ext:TPX></Extensions></Trackpoint><Trackpoint><Time>2025-09-14T11:28:20.852Z</Time><DistanceMeters>11046.75945697259</DistanceMeters><HeartRateBpm><Value>164</Value></HeartRateBpm><Cadence>28</Cadence><Extensions><ext:TPX><ext:Watts>71.3</ext:Watts><ext:Torque>20</ext:Torque></ext:TPX></Extensions></Trackpoint><Trackpoint><Time>2025-09-14T11:28:21.902Z</Time><DistanceMeters>11051.871796094265</DistanceMeters><HeartRateBpm><Value>164</Value></HeartRateBpm><Cadence>28</Cadence><Extensions><ext:TPX><ext:Watts>71.46666666666667</ext:Watts><ext:Torque>20</ext:Torque></ext:TPX></Extensions></Trackpoint><Trackpoint><Time>2025-09-14T11:28:22.987Z</Time><DistanceMeters>11057.286104911947</DistanceMeters><HeartRateBpm><Value>163</Value></HeartRateBpm><Cadence>28</Cadence><Extensions><ext:TPX><ext:Watts>73.03225806451613</ext:Watts><ext:Torque>20</ext:Torque></ext:TPX></Extensions></Trackpoint><Trackpoint><Time>2025-09-14T11:28:24.076Z</Time><DistanceMeters>11062.528227230128</DistanceMeters><HeartRateBpm><Value>163</Value></HeartRateBpm><Cadence>28</Cadence><Extensions><ext:TPX><ext:Watts>70.70967741935483</ext:Watts><ext:Torque>20</ext:Torque></ext:TPX></Extensions></Trackpoint><Trackpoint><Time>2025-09-14T11:28:25.162Z</Time><DistanceMeters>11067.85165983974</DistanceMeters><HeartRateBpm><Value>163</Value></HeartRateBpm><Cadence>28</Cadence><Extensions><ext:TPX><ext:Watts>71.80645161290323</ext:Watts><ext:Torque>20</ext:Torque></ext:TPX></Extensions></Trackpoint><Trackpoint><Time>2025-09-14T11:28:26.252Z</Time><DistanceMeters>11073.1009565954</DistanceMeters><HeartRateBpm><Value>163</Value></HeartRateBpm><Cadence>28</Cadence><Extensions><ext:TPX><ext:Watts>70.80645161290323</ext:Watts><ext:Torque>20</ext:Torque></ext:TPX></Extensions></Trackpoint><Trackpoint><Time>2025-09-14T11:28:27.337Z</Time><DistanceMeters>11078.560703517118</DistanceMeters><HeartRateBpm><Value>163</Value></HeartRateBpm><Cadence>28</Cadence><Extensions><ext:TPX><ext:Watts>73.64516129032258</ext:Watts><ext:Torque>20</ext:Torque></ext:TPX></Extensions></Trackpoint><Trackpoint><Time>2025-09-14T11:28:28.422Z</Time><DistanceMeters>11083.991752688918</DistanceMeters><HeartRateBpm><Value>163</Value></HeartRateBpm><Cadence>28</Cadence><Extensions><ext:TPX><ext:Watts>73.25806451612904</ext:Watts><ext:Torque>20</ext:Torque></ext:TPX></Extensions></Trackpoint><Trackpoint><Time>2025-09-14T11:28:29.542Z</Time><DistanceMeters>11089.107469833178</DistanceMeters><HeartRateBpm><Value>163</Value></HeartRateBpm><Cadence>27</Cadence><Extensions><ext:TPX><ext:Watts>67.75</ext:Watts><ext:Torque>20</ext:Torque></ext:TPX></Extensions></Trackpoint><Trackpoint><Time>2025-09-14T11:28:30.627Z</Time><DistanceMeters>11094.52895308834</DistanceMeters><HeartRateBpm><Value>163</Value></HeartRateBpm><Cadence>28</Cadence><Extensions><ext:TPX><ext:Watts>73.12903225806451</ext:Watts><ext:Torque>20</ext:Torque></ext:TPX></Extensions></Trackpoint><Trackpoint><Time>2025-09-14T11:28:31.712Z</Time><DistanceMeters>11100.055661426532</DistanceMeters><HeartRateBpm><Value>163</Value></HeartRateBpm><Cadence>28</Cadence><Extensions><ext:TPX><ext:Watts>74.54838709677419</ext:Watts><ext:Torque>20</ext:Torque></ext:TPX></Extensions></Trackpoint><Trackpoint><Time>2025-09-14T11:28:32.832Z</Time><DistanceMeters>11105.430939865011</DistanceMeters><HeartRateBpm><Value>163</Value></HeartRateBpm><Cadence>27</Cadence><Extensions><ext:TPX><ext:Watts>71.1875</ext:Watts><ext:Torque>20</ext:Torque></ext:TPX></Extensions></Trackpoint><Trackpoint><Time>2025-09-14T11:28:33.952Z</Time><DistanceMeters>11110.643402582571</DistanceMeters><HeartRateBpm><Value>163</Value></HeartRateBpm><Cadence>27</Cadence><Extensions><ext:TPX><ext:Watts>69.03125</ext:Watts><ext:Torque>20</ext:Torque></ext:TPX></Extensions></Trackpoint><Trackpoint><Time>2025-09-14T11:28:35.042Z</Time><DistanceMeters>11116.18685127488</DistanceMeters><HeartRateBpm><Value>162</Value></HeartRateBpm><Cadence>28</Cadence><Extensions><ext:TPX><ext:Watts>74.7741935483871</ext:Watts><ext:Torque>20</ext:Torque></ext:TPX></Extensions></Trackpoint><Trackpoint><Time>2025-09-14T11:28:36.162Z</Time><DistanceMeters>11121.533813935808</DistanceMeters><HeartRateBpm><Value>162</Value></HeartRateBpm><Cadence>27</Cadence><Extensions><ext:TPX><ext:Watts>70.8125</ext:Watts><ext:Torque>20</ext:Torque></ext:TPX></Extensions></Trackpoint><Trackpoint><Time>2025-09-14T11:28:37.282Z</Time><DistanceMeters>11126.9987590032</DistanceMeters><HeartRateBpm><Value>162</Value></HeartRateBpm><Cadence>27</Cadence><Extensions><ext:TPX><ext:Watts>72.375</ext:Watts><ext:Torque>20</ext:Torque></ext:TPX></Extensions></Trackpoint><Trackpoint><Time>2025-09-14T11:28:38.402Z</Time><DistanceMeters>11132.633598735898</DistanceMeters><HeartRateBpm><Value>161</Value></HeartRateBpm><Cadence>27</Cadence><Extensions><ext:TPX><ext:Watts>74.625</ext:Watts><ext:Torque>20</ext:Torque></ext:TPX></Extensions></Trackpoint><Trackpoint><Time>2025-09-14T11:28:39.522Z</Time><DistanceMeters>11138.183491135944</DistanceMeters><HeartRateBpm><Value>161</Value></HeartRateBpm><Cadence>27</Cadence><Extensions><ext:TPX><ext:Watts>73.5</ext:Watts><ext:Torque>20</ext:Torque></ext:TPX></Extensions></Trackpoint><Trackpoint><Time>2025-09-14T11:28:40.607Z</Time><DistanceMeters>11143.85607970288</DistanceMeters><HeartRateBpm><Value>161</Value></HeartRateBpm><Cadence>28</Cadence><Extensions><ext:TPX><ext:Watts>76.51612903225806</ext:Watts><ext:Torque>20</ext:Torque></ext:TPX></Extensions></Trackpoint><Trackpoint><Time>2025-09-14T11:28:41.727Z</Time><DistanceMeters>11149.592384305139</DistanceMeters><HeartRateBpm><Value>161</Value></HeartRateBpm><Cadence>27</Cadence><Extensions><ext:TPX><ext:Watts>75.96875</ext:Watts><ext:Torque>20</ext:Torque></ext:TPX></Extensions></Trackpoint><Trackpoint><Time>2025-09-14T11:28:42.882Z</Time><DistanceMeters>11155.221481677356</DistanceMeters><HeartRateBpm><Value>162</Value></HeartRateBpm><Cadence>26</Cadence><Extensions><ext:TPX><ext:Watts>71.78787878787878</ext:Watts><ext:Torque>20</ext:Torque></ext:TPX></Extensions></Trackpoint><Trackpoint><Time>2025-09-14T11:28:43.967Z</Time><DistanceMeters>11160.726666703109</DistanceMeters><HeartRateBpm><Value>162</Value></HeartRateBpm><Cadence>28</Cadence><Extensions><ext:TPX><ext:Watts>74.25806451612904</ext:Watts><ext:Torque>20</ext:Torque></ext:TPX></Extensions></Trackpoint><Trackpoint><Time>2025-09-14T11:28:45.092Z</Time><DistanceMeters>11166.133644565514</DistanceMeters><HeartRateBpm><Value>163</Value></HeartRateBpm><Cadence>26</Cadence><Extensions><ext:TPX><ext:Watts>70.28125</ext:Watts><ext:Torque>20</ext:Torque></ext:TPX></Extensions></Trackpoint><Trackpoint><Time>2025-09-14T11:28:46.212Z</Time><DistanceMeters>11171.473528282055</DistanceMeters><HeartRateBpm><Value>163</Value></HeartRateBpm><Cadence>27</Cadence><Extensions><ext:TPX><ext:Watts>70.71875</ext:Watts><ext:Torque>20</ext:Torque></ext:TPX></Extensions></Trackpoint><Trackpoint><Time>2025-09-14T11:28:47.302Z</Time><DistanceMeters>11176.856747870661</DistanceMeters><HeartRateBpm><Value>163</Value></HeartRateBpm><Cadence>28</Cadence><Extensions><ext:TPX><ext:Watts>72.61290322580645</ext:Watts><ext:Torque>20</ext:Torque></ext:TPX></Extensions></Trackpoint><Trackpoint><Time>2025-09-14T11:28:48.422Z</Time><DistanceMeters>11182.387763085671</DistanceMeters><HeartRateBpm><Value>164</Value></HeartRateBpm><Cadence>27</Cadence><Extensions><ext:TPX><ext:Watts>73.25</ext:Watts><ext:Torque>20</ext:Torque></ext:TPX></Extensions></Trackpoint><Trackpoint><Time>2025-09-14T11:28:49.542Z</Time><DistanceMeters>11187.98720809643</DistanceMeters><HeartRateBpm><Value>165</Value></HeartRateBpm><Cadence>27</Cadence><Extensions><ext:TPX><ext:Watts>74.15625</ext:Watts><ext:Torque>20</ext:Torque></ext:TPX></Extensions></Trackpoint><Trackpoint><Time>2025-09-14T11:28:50.697Z</Time><DistanceMeters>11193.609177021151</DistanceMeters><HeartRateBpm><Value>165</Value></HeartRateBpm><Cadence>26</Cadence><Extensions><ext:TPX><ext:Watts>71.6969696969697</ext:Watts><ext:Torque>20</ext:Torque></ext:TPX></Extensions></Trackpoint><Trackpoint><Time>2025-09-14T11:28:51.823Z</Time><DistanceMeters>11198.95124229917</DistanceMeters><HeartRateBpm><Value>165</Value></HeartRateBpm><Cadence>26</Cadence><Extensions><ext:TPX><ext:Watts>69.4375</ext:Watts><ext:Torque>20</ext:Torque></ext:TPX></Extensions></Trackpoint><Trackpoint><Time>2025-09-14T11:28:52.942Z</Time><DistanceMeters>11204.32416108952</DistanceMeters><HeartRateBpm><Value>165</Value></HeartRateBpm><Cadence>27</Cadence><Extensions><ext:TPX><ext:Watts>71.15625</ext:Watts><ext:Torque>20</ext:Torque></ext:TPX></Extensions></Trackpoint><Trackpoint><Time>2025-09-14T11:28:54.064Z</Time><DistanceMeters>11209.90904751654</DistanceMeters><HeartRateBpm><Value>165</Value></HeartRateBpm><Cadence>26</Cadence><Extensions><ext:TPX><ext:Watts>72.59375</ext:Watts><ext:Torque>20</ext:Torque></ext:TPX></Extensions></Trackpoint><Trackpoint><Time>2025-09-14T11:28:55.217Z</Time><DistanceMeters>11215.561906380408</DistanceMeters><HeartRateBpm><Value>165</Value></HeartRateBpm><Cadence>26</Cadence><Extensions><ext:TPX><ext:Watts>72.0909090909091</ext:Watts><ext:Torque>20</ext:Torque></ext:TPX></Extensions></Trackpoint><Trackpoint><Time>2025-09-14T11:28:56.372Z</Time><DistanceMeters>11221.233774437596</DistanceMeters><HeartRateBpm><Value>165</Value></HeartRateBpm><Cadence>26</Cadence><Extensions><ext:TPX><ext:Watts>72.33333333333333</ext:Watts><ext:Torque>20</ext:Torque></ext:TPX></Extensions></Trackpoint><Trackpoint><Time>2025-09-14T11:28:57.527Z</Time><DistanceMeters>11226.953165478088</DistanceMeters><HeartRateBpm><Value>165</Value></HeartRateBpm><Cadence>26</Cadence><Extensions><ext:TPX><ext:Watts>72.93939393939394</ext:Watts><ext:Torque>20</ext:Torque></ext:TPX></Extensions></Trackpoint><Trackpoint><Time>2025-09-14T11:28:58.647Z</Time><DistanceMeters>11232.488899989357</DistanceMeters><HeartRateBpm><Value>165</Value></HeartRateBpm><Cadence>27</Cadence><Extensions><ext:TPX><ext:Watts>73.3125</ext:Watts><ext:Torque>20</ext:Torque></ext:TPX></Extensions></Trackpoint><Trackpoint><Time>2025-09-14T11:28:59.837Z</Time><DistanceMeters>11238.252526540895</DistanceMeters><HeartRateBpm><Value>165</Value></HeartRateBpm><Cadence>25</Cadence><Extensions><ext:TPX><ext:Watts>70.67647058823529</ext:Watts><ext:Torque>20</ext:Torque></ext:TPX></Extensions></Trackpoint><Trackpoint><Time>2025-09-14T11:29:00.957Z</Time><DistanceMeters>11244.045462698256</DistanceMeters><HeartRateBpm><Value>165</Value></HeartRateBpm><Cadence>27</Cadence><Extensions><ext:TPX><ext:Watts>76.71875</ext:Watts><ext:Torque>20</ext:Torque></ext:TPX></Extensions></Trackpoint><Trackpoint><Time>2025-09-14T11:29:02.112Z</Time><DistanceMeters>11249.924055732812</DistanceMeters><HeartRateBpm><Value>165</Value></HeartRateBpm><Cadence>26</Cadence><Extensions><ext:TPX><ext:Watts>74.96969696969697</ext:Watts><ext:Torque>20</ext:Torque></ext:TPX></Extensions></Trackpoint><Trackpoint><Time>2025-09-14T11:29:03.303Z</Time><DistanceMeters>11255.810006443371</DistanceMeters><HeartRateBpm><Value>165</Value></HeartRateBpm><Cadence>25</Cadence><Extensions><ext:TPX><ext:Watts>72.17647058823529</ext:Watts><ext:Torque>20</ext:Torque></ext:TPX></Extensions></Trackpoint><Trackpoint><Time>2025-09-14T11:29:04.527Z</Time><DistanceMeters>11261.294978938267</DistanceMeters><HeartRateBpm><Value>165</Value></HeartRateBpm><Cadence>24</Cadence><Extensions><ext:TPX><ext:Watts>65.91428571428571</ext:Watts><ext:Torque>20</ext:Torque></ext:TPX></Extensions></Trackpoint><Trackpoint><Time>2025-09-14T11:29:05.787Z</Time><DistanceMeters>11266.809476616374</DistanceMeters><HeartRateBpm><Value>165</Value></HeartRateBpm><Cadence>24</Cadence><Extensions><ext:TPX><ext:Watts>64.91666666666667</ext:Watts><ext:Torque>20</ext:Torque></ext:TPX></Extensions></Trackpoint><Trackpoint><Time>2025-09-14T11:29:07.053Z</Time><DistanceMeters>11272.313581801656</DistanceMeters><HeartRateBpm><Value>165</Value></HeartRateBpm><Cadence>24</Cadence><Extensions><ext:TPX><ext:Watts>63.44444444444444</ext:Watts><ext:Torque>20</ext:Torque></ext:TPX></Extensions></Trackpoint><Trackpoint><Time>2025-09-14T11:29:08.317Z</Time><DistanceMeters>11277.629718421065</DistanceMeters><HeartRateBpm><Value>165</Value></HeartRateBpm><Cadence>24</Cadence><Extensions><ext:TPX><ext:Watts>61.27777777777778</ext:Watts><ext:Torque>20</ext:Torque></ext:TPX></Extensions></Trackpoint><Trackpoint><Time>2025-09-14T11:29:09.583Z</Time><DistanceMeters>11282.767525888237</DistanceMeters><HeartRateBpm><Value>165</Value></HeartRateBpm><Cadence>24</Cadence><Extensions><ext:TPX><ext:Watts>59.22222222222222</ext:Watts><ext:Torque>20</ext:Torque></ext:TPX></Extensions></Trackpoint><Trackpoint><Time>2025-09-14T11:29:10.808Z</Time><DistanceMeters>11287.876847904505</DistanceMeters><HeartRateBpm><Value>165</Value></HeartRateBpm><Cadence>24</Cadence><Extensions><ext:TPX><ext:Watts>61.4</ext:Watts><ext:Torque>20</ext:Torque></ext:TPX></Extensions></Trackpoint><Trackpoint><Time>2025-09-14T11:29:12.067Z</Time><DistanceMeters>11292.74480199519</DistanceMeters><HeartRateBpm><Value>165</Value></HeartRateBpm><Cadence>24</Cadence><Extensions><ext:TPX><ext:Watts>57.30555555555556</ext:Watts><ext:Torque>20</ext:Torque></ext:TPX></Extensions></Trackpoint><Trackpoint><Time>2025-09-14T11:29:13.327Z</Time><DistanceMeters>11297.730738492339</DistanceMeters><HeartRateBpm><Value>165</Value></HeartRateBpm><Cadence>24</Cadence><Extensions><ext:TPX><ext:Watts>58.69444444444444</ext:Watts><ext:Torque>20</ext:Torque></ext:TPX></Extensions></Trackpoint><Trackpoint><Time>2025-09-14T11:29:14.588Z</Time><DistanceMeters>11302.759148655816</DistanceMeters><HeartRateBpm><Value>165</Value></HeartRateBpm><Cadence>24</Cadence><Extensions><ext:TPX><ext:Watts>59.19444444444444</ext:Watts><ext:Torque>20</ext:Torque></ext:TPX></Extensions></Trackpoint><Trackpoint><Time>2025-09-14T11:29:15.847Z</Time><DistanceMeters>11307.358102859765</DistanceMeters><HeartRateBpm><Value>164</Value></HeartRateBpm><Cadence>24</Cadence><Extensions><ext:TPX><ext:Watts>54.138888888888886</ext:Watts><ext:Torque>20</ext:Torque></ext:TPX></Extensions></Trackpoint><Trackpoint><Time>2025-09-14T11:29:17.107Z</Time><DistanceMeters>11311.820197472216</DistanceMeters><HeartRateBpm><Value>164</Value></HeartRateBpm><Cadence>24</Cadence><Extensions><ext:TPX><ext:Watts>52.52777777777778</ext:Watts><ext:Torque>20</ext:Torque></ext:TPX></Extensions></Trackpoint><Trackpoint><Time>2025-09-14T11:29:18.403Z</Time><DistanceMeters>11316.616377776973</DistanceMeters><HeartRateBpm><Value>164</Value></HeartRateBpm><Cadence>23</Cadence><Extensions><ext:TPX><ext:Watts>54.108108108108105</ext:Watts><ext:Torque>20</ext:Torque></ext:TPX></Extensions></Trackpoint><Trackpoint><Time>2025-09-14T11:29:19.698Z</Time><DistanceMeters>11321.6305662774</DistanceMeters><HeartRateBpm><Value>164</Value></HeartRateBpm><Cadence>23</Cadence><Extensions><ext:TPX><ext:Watts>56.567567567567565</ext:Watts><ext:Torque>20</ext:Torque></ext:TPX></Extensions></Trackpoint><Trackpoint><Time>2025-09-14T11:29:21.027Z</Time><DistanceMeters>11326.645141451318</DistanceMeters><HeartRateBpm><Value>164</Value></HeartRateBpm><Cadence>22</Cadence><Extensions><ext:TPX><ext:Watts>55.3421052631579</ext:Watts><ext:Torque>20</ext:Torque></ext:TPX></Extensions></Trackpoint><Trackpoint><Time>2025-09-14T11:29:22.323Z</Time><DistanceMeters>11331.57308495126</DistanceMeters><HeartRateBpm><Value>164</Value></HeartRateBpm><Cadence>23</Cadence><Extensions><ext:TPX><ext:Watts>55.5945945945946</ext:Watts><ext:Torque>20</ext:Torque></ext:TPX></Extensions></Trackpoint><Trackpoint><Time>2025-09-14T11:29:23.618Z</Time><DistanceMeters>11336.49144567337</DistanceMeters><HeartRateBpm><Value>163</Value></HeartRateBpm><Cadence>23</Cadence><Extensions><ext:TPX><ext:Watts>55.486486486486484</ext:Watts><ext:Torque>20</ext:Torque></ext:TPX></Extensions></Trackpoint><Trackpoint><Time>2025-09-14T11:29:24.914Z</Time><DistanceMeters>11341.361892506322</DistanceMeters><HeartRateBpm><Value>163</Value></HeartRateBpm><Cadence>23</Cadence><Extensions><ext:TPX><ext:Watts>54.945945945945944</ext:Watts><ext:Torque>20</ext:Torque></ext:TPX></Extensions></Trackpoint><Trackpoint><Time>2025-09-14T11:29:26.213Z</Time><DistanceMeters>11346.373685312292</DistanceMeters><HeartRateBpm><Value>163</Value></HeartRateBpm><Cadence>23</Cadence><Extensions><ext:TPX><ext:Watts>56.54054054054054</ext:Watts><ext:Torque>20</ext:Torque></ext:TPX></Extensions></Trackpoint><Trackpoint><Time>2025-09-14T11:29:27.508Z</Time><DistanceMeters>11351.862221315387</DistanceMeters><HeartRateBpm><Value>163</Value></HeartRateBpm><Cadence>23</Cadence><Extensions><ext:TPX><ext:Watts>61.91891891891892</ext:Watts><ext:Torque>20</ext:Torque></ext:TPX></Extensions></Trackpoint><Trackpoint><Time>2025-09-14T11:29:28.803Z</Time><DistanceMeters>11357.487311902583</DistanceMeters><HeartRateBpm><Value>163</Value></HeartRateBpm><Cadence>23</Cadence><Extensions><ext:TPX><ext:Watts>63.45945945945946</ext:Watts><ext:Torque>20</ext:Torque></ext:TPX></Extensions></Trackpoint><Trackpoint><Time>2025-09-14T11:29:30.133Z</Time><DistanceMeters>11363.236308927937</DistanceMeters><HeartRateBpm><Value>163</Value></HeartRateBpm><Cadence>22</Cadence><Extensions><ext:TPX><ext:Watts>63.44736842105263</ext:Watts><ext:Torque>20</ext:Torque></ext:TPX></Extensions></Trackpoint><Trackpoint><Time>2025-09-14T11:29:31.498Z</Time><DistanceMeters>11368.962828415924</DistanceMeters><HeartRateBpm><Value>163</Value></HeartRateBpm><Cadence>22</Cadence><Extensions><ext:TPX><ext:Watts>61.794871794871796</ext:Watts><ext:Torque>20</ext:Torque></ext:TPX></Extensions></Trackpoint><Trackpoint><Time>2025-09-14T11:29:32.828Z</Time><DistanceMeters>11374.468607815154</DistanceMeters><HeartRateBpm><Value>163</Value></HeartRateBpm><Cadence>22</Cadence><Extensions><ext:TPX><ext:Watts>60.76315789473684</ext:Watts><ext:Torque>20</ext:Torque></ext:TPX></Extensions></Trackpoint><Trackpoint><Time>2025-09-14T11:29:34.158Z</Time><DistanceMeters>11379.571408990705</DistanceMeters><HeartRateBpm><Value>163</Value></HeartRateBpm><Cadence>22</Cadence><Extensions><ext:TPX><ext:Watts>56.31578947368421</ext:Watts><ext:Torque>20</ext:Torque></ext:TPX></Extensions></Trackpoint><Trackpoint><Time>2025-09-14T11:29:35.453Z</Time><DistanceMeters>11385.035988049221</DistanceMeters><HeartRateBpm><Value>163</Value></HeartRateBpm><Cadence>23</Cadence><Extensions><ext:TPX><ext:Watts>61.648648648648646</ext:Watts><ext:Torque>20</ext:Torque></ext:TPX></Extensions></Trackpoint><Trackpoint><Time>2025-09-14T11:29:36.783Z</Time><DistanceMeters>11390.23655317253</DistanceMeters><HeartRateBpm><Value>163</Value></HeartRateBpm><Cadence>22</Cadence><Extensions><ext:TPX><ext:Watts>57.39473684210526</ext:Watts><ext:Torque>20</ext:Torque></ext:TPX></Extensions></Trackpoint><Trackpoint><Time>2025-09-14T11:29:38.113Z</Time><DistanceMeters>11395.460963161144</DistanceMeters><HeartRateBpm><Value>163</Value></HeartRateBpm><Cadence>22</Cadence><Extensions><ext:TPX><ext:Watts>57.6578947368421</ext:Watts><ext:Torque>20</ext:Torque></ext:TPX></Extensions></Trackpoint><Trackpoint><Time>2025-09-14T11:29:39.413Z</Time><DistanceMeters>11400.942312080866</DistanceMeters><HeartRateBpm><Value>163</Value></HeartRateBpm><Cadence>23</Cadence><Extensions><ext:TPX><ext:Watts>61.83783783783784</ext:Watts><ext:Torque>20</ext:Torque></ext:TPX></Extensions></Trackpoint><Trackpoint><Time>2025-09-14T11:29:40.743Z</Time><DistanceMeters>11406.388479316829</DistanceMeters><HeartRateBpm><Value>162</Value></HeartRateBpm><Cadence>22</Cadence><Extensions><ext:TPX><ext:Watts>60.10526315789474</ext:Watts><ext:Torque>20</ext:Torque></ext:TPX></Extensions></Trackpoint><Trackpoint><Time>2025-09-14T11:29:42.073Z</Time><DistanceMeters>11411.579506494014</DistanceMeters><HeartRateBpm><Value>162</Value></HeartRateBpm><Cadence>22</Cadence><Extensions><ext:TPX><ext:Watts>57.28947368421053</ext:Watts><ext:Torque>20</ext:Torque></ext:TPX></Extensions></Trackpoint><Trackpoint><Time>2025-09-14T11:29:43.438Z</Time><DistanceMeters>11417.009007336359</DistanceMeters><HeartRateBpm><Value>162</Value></HeartRateBpm><Cadence>22</Cadence><Extensions><ext:TPX><ext:Watts>58.58974358974359</ext:Watts><ext:Torque>20</ext:Torque></ext:TPX></Extensions></Trackpoint><Trackpoint><Time>2025-09-14T11:29:44.733Z</Time><DistanceMeters>11422.437650978007</DistanceMeters><HeartRateBpm><Value>162</Value></HeartRateBpm><Cadence>23</Cadence><Extensions><ext:TPX><ext:Watts>61.24324324324324</ext:Watts><ext:Torque>20</ext:Torque></ext:TPX></Extensions></Trackpoint><Trackpoint><Time>2025-09-14T11:29:46.098Z</Time><DistanceMeters>11427.658050693819</DistanceMeters><HeartRateBpm><Value>161</Value></HeartRateBpm><Cadence>22</Cadence><Extensions><ext:TPX><ext:Watts>56.333333333333336</ext:Watts><ext:Torque>20</ext:Torque></ext:TPX></Extensions></Trackpoint><Trackpoint><Time>2025-09-14T11:29:47.433Z</Time><DistanceMeters>11432.963533224474</DistanceMeters><HeartRateBpm><Value>161</Value></HeartRateBpm><Cadence>22</Cadence><Extensions><ext:TPX><ext:Watts>58.55263157894737</ext:Watts><ext:Torque>20</ext:Torque></ext:TPX></Extensions></Trackpoint><Trackpoint><Time>2025-09-14T11:29:48.798Z</Time><DistanceMeters>11438.198189835277</DistanceMeters><HeartRateBpm><Value>161</Value></HeartRateBpm><Cadence>22</Cadence><Extensions><ext:TPX><ext:Watts>56.48717948717949</ext:Watts><ext:Torque>20</ext:Torque></ext:TPX></Extensions></Trackpoint><Trackpoint><Time>2025-09-14T11:29:50.163Z</Time><DistanceMeters>11443.328295882815</DistanceMeters><HeartRateBpm><Value>161</Value></HeartRateBpm><Cadence>22</Cadence><Extensions><ext:TPX><ext:Watts>55.35897435897436</ext:Watts><ext:Torque>20</ext:Torque></ext:TPX></Extensions></Trackpoint><Trackpoint><Time>2025-09-14T11:29:51.498Z</Time><DistanceMeters>11448.507400627346</DistanceMeters><HeartRateBpm><Value>161</Value></HeartRateBpm><Cadence>22</Cadence><Extensions><ext:TPX><ext:Watts>57.1578947368421</ext:Watts><ext:Torque>20</ext:Torque></ext:TPX></Extensions></Trackpoint><Trackpoint><Time>2025-09-14T11:29:52.863Z</Time><DistanceMeters>11453.715919597333</DistanceMeters><HeartRateBpm><Value>160</Value></HeartRateBpm><Cadence>22</Cadence><Extensions><ext:TPX><ext:Watts>56.205128205128204</ext:Watts><ext:Torque>20</ext:Torque></ext:TPX></Extensions></Trackpoint><Trackpoint><Time>2025-09-14T11:29:54.228Z</Time><DistanceMeters>11458.729594335779</DistanceMeters><HeartRateBpm><Value>160</Value></HeartRateBpm><Cadence>22</Cadence><Extensions><ext:TPX><ext:Watts>54.1025641025641</ext:Watts><ext:Torque>20</ext:Torque></ext:TPX></Extensions></Trackpoint><Trackpoint><Time>2025-09-14T11:29:55.600Z</Time><DistanceMeters>11463.897718769958</DistanceMeters><HeartRateBpm><Value>160</Value></HeartRateBpm><Cadence>22</Cadence><Extensions><ext:TPX><ext:Watts>55.76923076923077</ext:Watts><ext:Torque>20</ext:Torque></ext:TPX></Extensions></Trackpoint><Trackpoint><Time>2025-09-14T11:29:56.928Z</Time><DistanceMeters>11468.905140484285</DistanceMeters><HeartRateBpm><Value>160</Value></HeartRateBpm><Cadence>22</Cadence><Extensions><ext:TPX><ext:Watts>55.26315789473684</ext:Watts><ext:Torque>20</ext:Torque></ext:TPX></Extensions></Trackpoint><Trackpoint><Time>2025-09-14T11:29:58.293Z</Time><DistanceMeters>11473.959209758537</DistanceMeters><HeartRateBpm><Value>160</Value></HeartRateBpm><Cadence>22</Cadence><Extensions><ext:TPX><ext:Watts>54.53846153846154</ext:Watts><ext:Torque>20</ext:Torque></ext:TPX></Extensions></Trackpoint><Trackpoint><Time>2025-09-14T11:29:59.624Z</Time><DistanceMeters>11479.25038537001</DistanceMeters><HeartRateBpm><Value>159</Value></HeartRateBpm><Cadence>22</Cadence><Extensions><ext:TPX><ext:Watts>58.39473684210526</ext:Watts><ext:Torque>20</ext:Torque></ext:TPX></Extensions></Trackpoint><Trackpoint><Time>2025-09-14T11:30:00.953Z</Time><DistanceMeters>11484.551098927603</DistanceMeters><HeartRateBpm><Value>159</Value></HeartRateBpm><Cadence>22</Cadence><Extensions><ext:TPX><ext:Watts>58.5</ext:Watts><ext:Torque>20</ext:Torque></ext:TPX></Extensions></Trackpoint><Trackpoint><Time>2025-09-14T11:30:02.248Z</Time><DistanceMeters>11489.946202846839</DistanceMeters><HeartRateBpm><Value>158</Value></HeartRateBpm><Cadence>23</Cadence><Extensions><ext:TPX><ext:Watts>60.86486486486486</ext:Watts><ext:Torque>20</ext:Torque></ext:TPX></Extensions></Trackpoint><Trackpoint><Time>2025-09-14T11:30:03.544Z</Time><DistanceMeters>11495.072988986789</DistanceMeters><HeartRateBpm><Value>158</Value></HeartRateBpm><Cadence>23</Cadence><Extensions><ext:TPX><ext:Watts>57.83783783783784</ext:Watts><ext:Torque>20</ext:Torque></ext:TPX></Extensions></Trackpoint><Trackpoint><Time>2025-09-14T11:30:04.768Z</Time><DistanceMeters>11500.201331280456</DistanceMeters><HeartRateBpm><Value>158</Value></HeartRateBpm><Cadence>24</Cadence><Extensions><ext:TPX><ext:Watts>61.628571428571426</ext:Watts><ext:Torque>20</ext:Torque></ext:TPX></Extensions></Trackpoint><Trackpoint><Time>2025-09-14T11:30:06.064Z</Time><DistanceMeters>11505.534147143786</DistanceMeters><HeartRateBpm><Value>158</Value></HeartRateBpm><Cadence>23</Cadence><Extensions><ext:TPX><ext:Watts>60.16216216216216</ext:Watts><ext:Torque>20</ext:Torque></ext:TPX></Extensions></Trackpoint><Trackpoint><Time>2025-09-14T11:30:07.358Z</Time><DistanceMeters>11510.809466340126</DistanceMeters><HeartRateBpm><Value>157</Value></HeartRateBpm><Cadence>23</Cadence><Extensions><ext:TPX><ext:Watts>59.513513513513516</ext:Watts><ext:Torque>20</ext:Torque></ext:TPX></Extensions></Trackpoint><Trackpoint><Time>2025-09-14T11:30:08.618Z</Time><DistanceMeters>11515.854394040507</DistanceMeters><HeartRateBpm><Value>157</Value></HeartRateBpm><Cadence>24</Cadence><Extensions><ext:TPX><ext:Watts>59.388888888888886</ext:Watts><ext:Torque>20</ext:Torque></ext:TPX></Extensions></Trackpoint><Trackpoint><Time>2025-09-14T11:30:09.878Z</Time><DistanceMeters>11520.63268150228</DistanceMeters><HeartRateBpm><Value>157</Value></HeartRateBpm><Cadence>24</Cadence><Extensions><ext:TPX><ext:Watts>56.25</ext:Watts><ext:Torque>20</ext:Torque></ext:TPX></Extensions></Trackpoint><Trackpoint><Time>2025-09-14T11:30:11.138Z</Time><DistanceMeters>11525.116012947896</DistanceMeters><HeartRateBpm><Value>157</Value></HeartRateBpm><Cadence>24</Cadence><Extensions><ext:TPX><ext:Watts>52.77777777777778</ext:Watts><ext:Torque>20</ext:Torque></ext:TPX></Extensions></Trackpoint><Trackpoint><Time>2025-09-14T11:30:12.398Z</Time><DistanceMeters>11529.719686448103</DistanceMeters><HeartRateBpm><Value>157</Value></HeartRateBpm><Cadence>24</Cadence><Extensions><ext:TPX><ext:Watts>54.19444444444444</ext:Watts><ext:Torque>20</ext:Torque></ext:TPX></Extensions></Trackpoint><Trackpoint><Time>2025-09-14T11:30:13.658Z</Time><DistanceMeters>11534.472017780454</DistanceMeters><HeartRateBpm><Value>156</Value></HeartRateBpm><Cadence>24</Cadence><Extensions><ext:TPX><ext:Watts>55.94444444444444</ext:Watts><ext:Torque>20</ext:Torque></ext:TPX></Extensions></Trackpoint><Trackpoint><Time>2025-09-14T11:30:14.924Z</Time><DistanceMeters>11539.513431111282</DistanceMeters><HeartRateBpm><Value>156</Value></HeartRateBpm><Cadence>24</Cadence><Extensions><ext:TPX><ext:Watts>58.111111111111114</ext:Watts><ext:Torque>20</ext:Torque></ext:TPX></Extensions></Trackpoint><Trackpoint><Time>2025-09-14T11:30:16.149Z</Time><DistanceMeters>11544.111583172455</DistanceMeters><HeartRateBpm><Value>156</Value></HeartRateBpm><Cadence>24</Cadence><Extensions><ext:TPX><ext:Watts>55.25714285714286</ext:Watts><ext:Torque>20</ext:Torque></ext:TPX></Extensions></Trackpoint><Trackpoint><Time>2025-09-14T11:30:17.374Z</Time><DistanceMeters>11548.937978562415</DistanceMeters><HeartRateBpm><Value>156</Value></HeartRateBpm><Cadence>24</Cadence><Extensions><ext:TPX><ext:Watts>58.0</ext:Watts><ext:Torque>20</ext:Torque></ext:TPX></Extensions></Trackpoint><Trackpoint><Time>2025-09-14T11:30:18.564Z</Time><DistanceMeters>11553.703823738406</DistanceMeters><HeartRateBpm><Value>156</Value></HeartRateBpm><Cadence>25</Cadence><Extensions><ext:TPX><ext:Watts>58.44117647058823</ext:Watts><ext:Torque>20</ext:Torque></ext:TPX></Extensions></Trackpoint><Trackpoint><Time>2025-09-14T11:30:19.789Z</Time><DistanceMeters>11558.489801038893</DistanceMeters><HeartRateBpm><Value>155</Value></HeartRateBpm><Cadence>24</Cadence><Extensions><ext:TPX><ext:Watts>57.51428571428571</ext:Watts><ext:Torque>20</ext:Torque></ext:TPX></Extensions></Trackpoint><Trackpoint><Time>2025-09-14T11:30:20.979Z</Time><DistanceMeters>11563.31081201209</DistanceMeters><HeartRateBpm><Value>155</Value></HeartRateBpm><Cadence>25</Cadence><Extensions><ext:TPX><ext:Watts>59.11764705882353</ext:Watts><ext:Torque>20</ext:Torque></ext:TPX></Extensions></Trackpoint><Trackpoint><Time>2025-09-14T11:30:22.174Z</Time><DistanceMeters>11568.551562746636</DistanceMeters><HeartRateBpm><Value>156</Value></HeartRateBpm><Cadence>25</Cadence><Extensions><ext:TPX><ext:Watts>64.26470588235294</ext:Watts><ext:Torque>20</ext:Torque></ext:TPX></Extensions></Trackpoint><Trackpoint><Time>2025-09-14T11:30:23.364Z</Time><DistanceMeters>11573.777922403648</DistanceMeters><HeartRateBpm><Value>156</Value></HeartRateBpm><Cadence>25</Cadence><Extensions><ext:TPX><ext:Watts>64.08823529411765</ext:Watts><ext:Torque>20</ext:Torque></ext:TPX></Extensions></Trackpoint><Trackpoint><Time>2025-09-14T11:30:24.589Z</Time><DistanceMeters>11579.027518965733</DistanceMeters><HeartRateBpm><Value>155</Value></HeartRateBpm><Cadence>24</Cadence><Extensions><ext:TPX><ext:Watts>63.08571428571429</ext:Watts><ext:Torque>20</ext:Torque></ext:TPX></Extensions></Trackpoint><Trackpoint><Time>2025-09-14T11:30:25.779Z</Time><DistanceMeters>11584.193915799697</DistanceMeters><HeartRateBpm><Value>156</Value></HeartRateBpm><Cadence>25</Cadence><Extensions><ext:TPX><ext:Watts>63.35294117647059</ext:Watts><ext:Torque>20</ext:Torque></ext:TPX></Extensions></Trackpoint><Trackpoint><Time>2025-09-14T11:30:27.004Z</Time><DistanceMeters>11589.47204277788</DistanceMeters><HeartRateBpm><Value>156</Value></HeartRateBpm><Cadence>24</Cadence><Extensions><ext:TPX><ext:Watts>63.42857142857143</ext:Watts><ext:Torque>20</ext:Torque></ext:TPX></Extensions></Trackpoint><Trackpoint><Time>2025-09-14T11:30:28.199Z</Time><DistanceMeters>11594.633642585999</DistanceMeters><HeartRateBpm><Value>156</Value></HeartRateBpm><Cadence>25</Cadence><Extensions><ext:TPX><ext:Watts>63.294117647058826</ext:Watts><ext:Torque>20</ext:Torque></ext:TPX></Extensions></Trackpoint><Trackpoint><Time>2025-09-14T11:30:29.464Z</Time><DistanceMeters>11599.932910231548</DistanceMeters><HeartRateBpm><Value>156</Value></HeartRateBpm><Cadence>24</Cadence><Extensions><ext:TPX><ext:Watts>61.083333333333336</ext:Watts><ext:Torque>20</ext:Torque></ext:TPX></Extensions></Trackpoint><Trackpoint><Time>2025-09-14T11:30:30.794Z</Time><DistanceMeters>11604.909333620975</DistanceMeters><HeartRateBpm><Value>156</Value></HeartRateBpm><Cadence>22</Cadence><Extensions><ext:TPX><ext:Watts>54.921052631578945</ext:Watts><ext:Torque>20</ext:Torque></ext:TPX></Extensions></Trackpoint><Trackpoint><Time>2025-09-14T11:30:32.124Z</Time><DistanceMeters>11609.807068954893</DistanceMeters><HeartRateBpm><Value>156</Value></HeartRateBpm><Cadence>22</Cadence><Extensions><ext:TPX><ext:Watts>54.05263157894737</ext:Watts><ext:Torque>20</ext:Torque></ext:TPX></Extensions></Trackpoint><Trackpoint><Time>2025-09-14T11:30:33.454Z</Time><DistanceMeters>11614.92656153616</DistanceMeters><HeartRateBpm><Value>157</Value></HeartRateBpm><Cadence>22</Cadence><Extensions><ext:TPX><ext:Watts>56.5</ext:Watts><ext:Torque>20</ext:Torque></ext:TPX></Extensions></Trackpoint><Trackpoint><Time>2025-09-14T11:30:34.784Z</Time><DistanceMeters>11619.8338348162</DistanceMeters><HeartRateBpm><Value>157</Value></HeartRateBpm><Cadence>22</Cadence><Extensions><ext:TPX><ext:Watts>54.1578947368421</ext:Watts><ext:Torque>20</ext:Torque></ext:TPX></Extensions></Trackpoint><Trackpoint><Time>2025-09-14T11:30:36.114Z</Time><DistanceMeters>11624.910406639914</DistanceMeters><HeartRateBpm><Value>157</Value></HeartRateBpm><Cadence>22</Cadence><Extensions><ext:TPX><ext:Watts>56.026315789473685</ext:Watts><ext:Torque>20</ext:Torque></ext:TPX></Extensions></Trackpoint><Trackpoint><Time>2025-09-14T11:30:37.449Z</Time><DistanceMeters>11629.886830029342</DistanceMeters><HeartRateBpm><Value>158</Value></HeartRateBpm><Cadence>22</Cadence><Extensions><ext:TPX><ext:Watts>54.921052631578945</ext:Watts><ext:Torque>20</ext:Torque></ext:TPX></Extensions></Trackpoint><Trackpoint><Time>2025-09-14T11:30:38.779Z</Time><DistanceMeters>11634.963401853056</DistanceMeters><HeartRateBpm><Value>158</Value></HeartRateBpm><Cadence>22</Cadence><Extensions><ext:TPX><ext:Watts>56.026315789473685</ext:Watts><ext:Torque>20</ext:Torque></ext:TPX></Extensions></Trackpoint><Trackpoint><Time>2025-09-14T11:30:40.109Z</Time><DistanceMeters>11640.18781184167</DistanceMeters><HeartRateBpm><Value>158</Value></HeartRateBpm><Cadence>22</Cadence><Extensions><ext:TPX><ext:Watts>57.6578947368421</ext:Watts><ext:Torque>20</ext:Torque></ext:TPX></Extensions></Trackpoint><Trackpoint><Time>2025-09-14T11:30:41.479Z</Time><DistanceMeters>11645.517514419078</DistanceMeters><HeartRateBpm><Value>158</Value></HeartRateBpm><Cadence>22</Cadence><Extensions><ext:TPX><ext:Watts>57.51282051282051</ext:Watts><ext:Torque>20</ext:Torque></ext:TPX></Extensions></Trackpoint><Trackpoint><Time>2025-09-14T11:30:42.809Z</Time><DistanceMeters>11650.908838464837</DistanceMeters><HeartRateBpm><Value>158</Value></HeartRateBpm><Cadence>22</Cadence><Extensions><ext:TPX><ext:Watts>59.5</ext:Watts><ext:Torque>20</ext:Torque></ext:TPX></Extensions></Trackpoint><Trackpoint><Time>2025-09-14T11:30:44.139Z</Time><DistanceMeters>11656.192860616717</DistanceMeters><HeartRateBpm><Value>158</Value></HeartRateBpm><Cadence>22</Cadence><Extensions><ext:TPX><ext:Watts>58.31578947368421</ext:Watts><ext:Torque>20</ext:Torque></ext:TPX></Extensions></Trackpoint><Trackpoint><Time>2025-09-14T11:30:45.504Z</Time><DistanceMeters>11661.482168658318</DistanceMeters><HeartRateBpm><Value>158</Value></HeartRateBpm><Cadence>22</Cadence><Extensions><ext:TPX><ext:Watts>57.07692307692308</ext:Watts><ext:Torque>20</ext:Torque></ext:TPX></Extensions></Trackpoint><Trackpoint><Time>2025-09-14T11:30:46.799Z</Time><DistanceMeters>11666.846128549601</DistanceMeters><HeartRateBpm><Value>157</Value></HeartRateBpm><Cadence>23</Cadence><Extensions><ext:TPX><ext:Watts>60.513513513513516</ext:Watts><ext:Torque>20</ext:Torque></ext:TPX></Extensions></Trackpoint><Trackpoint><Time>2025-09-14T11:30:48.094Z</Time><DistanceMeters>11671.99687163413</DistanceMeters><HeartRateBpm><Value>157</Value></HeartRateBpm><Cadence>23</Cadence><Extensions><ext:TPX><ext:Watts>58.108108108108105</ext:Watts><ext:Torque>20</ext:Torque></ext:TPX></Extensions></Trackpoint><Trackpoint><Time>2025-09-14T11:30:49.424Z</Time><DistanceMeters>11677.292816218664</DistanceMeters><HeartRateBpm><Value>157</Value></HeartRateBpm><Cadence>22</Cadence><Extensions><ext:TPX><ext:Watts>58.44736842105263</ext:Watts><ext:Torque>20</ext:Torque></ext:TPX></Extensions></Trackpoint><Trackpoint><Time>2025-09-14T11:30:50.719Z</Time><DistanceMeters>11682.649589026572</DistanceMeters><HeartRateBpm><Value>157</Value></HeartRateBpm><Cadence>23</Cadence><Extensions><ext:TPX><ext:Watts>60.432432432432435</ext:Watts><ext:Torque>20</ext:Torque></ext:TPX></Extensions></Trackpoint><Trackpoint><Time>2025-09-14T11:30:52.015Z</Time><DistanceMeters>11688.233952807985</DistanceMeters><HeartRateBpm><Value>157</Value></HeartRateBpm><Cadence>23</Cadence><Extensions><ext:TPX><ext:Watts>63.0</ext:Watts><ext:Torque>20</ext:Torque></ext:TPX></Extensions></Trackpoint><Trackpoint><Time>2025-09-14T11:30:53.309Z</Time><DistanceMeters>11694.057886035189</DistanceMeters><HeartRateBpm><Value>157</Value></HeartRateBpm><Cadence>23</Cadence><Extensions><ext:TPX><ext:Watts>65.70270270270271</ext:Watts><ext:Torque>20</ext:Torque></ext:TPX></Extensions></Trackpoint><Trackpoint><Time>2025-09-14T11:30:54.639Z</Time><DistanceMeters>11699.501668784622</DistanceMeters><HeartRateBpm><Value>157</Value></HeartRateBpm><Cadence>22</Cadence><Extensions><ext:TPX><ext:Watts>60.078947368421055</ext:Watts><ext:Torque>20</ext:Torque></ext:TPX></Extensions></Trackpoint><Trackpoint><Time>2025-09-14T11:30:55.899Z</Time><DistanceMeters>11705.044482240279</DistanceMeters><HeartRateBpm><Value>156</Value></HeartRateBpm><Cadence>24</Cadence><Extensions><ext:TPX><ext:Watts>65.25</ext:Watts><ext:Torque>20</ext:Torque></ext:TPX></Extensions></Trackpoint><Trackpoint><Time>2025-09-14T11:30:57.194Z</Time><DistanceMeters>11710.590514910364</DistanceMeters><HeartRateBpm><Value>156</Value></HeartRateBpm><Cadence>23</Cadence><Extensions><ext:TPX><ext:Watts>62.567567567567565</ext:Watts><ext:Torque>20</ext:Torque></ext:TPX></Extensions></Trackpoint><Trackpoint><Time>2025-09-14T11:30:58.489Z</Time><DistanceMeters>11716.134151885992</DistanceMeters><HeartRateBpm><Value>156</Value></HeartRateBpm><Cadence>23</Cadence><Extensions><ext:TPX><ext:Watts>62.54054054054054</ext:Watts><ext:Torque>20</ext:Torque></ext:TPX></Extensions></Trackpoint><Trackpoint><Time>2025-09-14T11:30:59.825Z</Time><DistanceMeters>11721.40863609175</DistanceMeters><HeartRateBpm><Value>156</Value></HeartRateBpm><Cadence>22</Cadence><Extensions><ext:TPX><ext:Watts>58.21052631578947</ext:Watts><ext:Torque>20</ext:Torque></ext:TPX></Extensions></Trackpoint><Trackpoint><Time>2025-09-14T11:31:01.125Z</Time><DistanceMeters>11726.85644528906</DistanceMeters><HeartRateBpm><Value>156</Value></HeartRateBpm><Cadence>23</Cadence><Extensions><ext:TPX><ext:Watts>61.45945945945946</ext:Watts><ext:Torque>20</ext:Torque></ext:TPX></Extensions></Trackpoint><Trackpoint><Time>2025-09-14T11:31:02.389Z</Time><DistanceMeters>11732.191860735738</DistanceMeters><HeartRateBpm><Value>156</Value></HeartRateBpm><Cadence>24</Cadence><Extensions><ext:TPX><ext:Watts>61.5</ext:Watts><ext:Torque>20</ext:Torque></ext:TPX></Extensions></Trackpoint><Trackpoint><Time>2025-09-14T11:31:03.689Z</Time><DistanceMeters>11737.795390072813</DistanceMeters><HeartRateBpm><Value>156</Value></HeartRateBpm><Cadence>23</Cadence><Extensions><ext:TPX><ext:Watts>63.21621621621622</ext:Watts><ext:Torque>20</ext:Torque></ext:TPX></Extensions></Trackpoint><Trackpoint><Time>2025-09-14T11:31:05.019Z</Time><DistanceMeters>11743.432316231227</DistanceMeters><HeartRateBpm><Value>155</Value></HeartRateBpm><Cadence>22</Cadence><Extensions><ext:TPX><ext:Watts>62.21052631578947</ext:Watts><ext:Torque>20</ext:Torque></ext:TPX></Extensions></Trackpoint><Trackpoint><Time>2025-09-14T11:31:06.315Z</Time><DistanceMeters>11748.992723068059</DistanceMeters><HeartRateBpm><Value>156</Value></HeartRateBpm><Cadence>23</Cadence><Extensions><ext:TPX><ext:Watts>62.729729729729726</ext:Watts><ext:Torque>20</ext:Torque></ext:TPX></Extensions></Trackpoint><Trackpoint><Time>2025-09-14T11:31:07.645Z</Time><DistanceMeters>11754.66541652443</DistanceMeters><HeartRateBpm><Value>156</Value></HeartRateBpm><Cadence>22</Cadence><Extensions><ext:TPX><ext:Watts>62.60526315789474</ext:Watts><ext:Torque>20</ext:Torque></ext:TPX></Extensions></Trackpoint><Trackpoint><Time>2025-09-14T11:31:08.975Z</Time><DistanceMeters>11760.233192573456</DistanceMeters><HeartRateBpm><Value>156</Value></HeartRateBpm><Cadence>22</Cadence><Extensions><ext:TPX><ext:Watts>61.44736842105263</ext:Watts><ext:Torque>20</ext:Torque></ext:TPX></Extensions></Trackpoint><Trackpoint><Time>2025-09-14T11:31:10.305Z</Time><DistanceMeters>11765.855811812686</DistanceMeters><HeartRateBpm><Value>156</Value></HeartRateBpm><Cadence>22</Cadence><Extensions><ext:TPX><ext:Watts>62.05263157894737</ext:Watts><ext:Torque>20</ext:Torque></ext:TPX></Extensions></Trackpoint><Trackpoint><Time>2025-09-14T11:31:11.635Z</Time><DistanceMeters>11771.547581161303</DistanceMeters><HeartRateBpm><Value>156</Value></HeartRateBpm><Cadence>22</Cadence><Extensions><ext:TPX><ext:Watts>62.81578947368421</ext:Watts><ext:Torque>20</ext:Torque></ext:TPX></Extensions></Trackpoint><Trackpoint><Time>2025-09-14T11:31:12.929Z</Time><DistanceMeters>11777.570357028515</DistanceMeters><HeartRateBpm><Value>156</Value></HeartRateBpm><Cadence>23</Cadence><Extensions><ext:TPX><ext:Watts>67.94594594594595</ext:Watts><ext:Torque>20</ext:Torque></ext:TPX></Extensions></Trackpoint><Trackpoint><Time>2025-09-14T11:31:14.295Z</Time><DistanceMeters>11783.467959256392</DistanceMeters><HeartRateBpm><Value>156</Value></HeartRateBpm><Cadence>22</Cadence><Extensions><ext:TPX><ext:Watts>63.64102564102564</ext:Watts><ext:Torque>20</ext:Torque></ext:TPX></Extensions></Trackpoint><Trackpoint><Time>2025-09-14T11:31:15.625Z</Time><DistanceMeters>11789.381485852358</DistanceMeters><HeartRateBpm><Value>156</Value></HeartRateBpm><Cadence>22</Cadence><Extensions><ext:TPX><ext:Watts>65.26315789473684</ext:Watts><ext:Torque>20</ext:Torque></ext:TPX></Extensions></Trackpoint><Trackpoint><Time>2025-09-14T11:31:16.920Z</Time><DistanceMeters>11794.860439077622</DistanceMeters><HeartRateBpm><Value>156</Value></HeartRateBpm><Cadence>23</Cadence><Extensions><ext:TPX><ext:Watts>61.810810810810814</ext:Watts><ext:Torque>20</ext:Torque></ext:TPX></Extensions></Trackpoint><Trackpoint><Time>2025-09-14T11:31:18.250Z</Time><DistanceMeters>11800.66666377971</DistanceMeters><HeartRateBpm><Value>156</Value></HeartRateBpm><Cadence>22</Cadence><Extensions><ext:TPX><ext:Watts>64.07894736842105</ext:Watts><ext:Torque>20</ext:Torque></ext:TPX></Extensions></Trackpoint><Trackpoint><Time>2025-09-14T11:31:19.580Z</Time><DistanceMeters>11806.639802538943</DistanceMeters><HeartRateBpm><Value>156</Value></HeartRateBpm><Cadence>22</Cadence><Extensions><ext:TPX><ext:Watts>65.92105263157895</ext:Watts><ext:Torque>20</ext:Torque></ext:TPX></Extensions></Trackpoint><Trackpoint><Time>2025-09-14T11:31:20.910Z</Time><DistanceMeters>11812.426951348785</DistanceMeters><HeartRateBpm><Value>156</Value></HeartRateBpm><Cadence>22</Cadence><Extensions><ext:TPX><ext:Watts>63.86842105263158</ext:Watts><ext:Torque>20</ext:Torque></ext:TPX></Extensions></Trackpoint><Trackpoint><Time>2025-09-14T11:31:22.240Z</Time><DistanceMeters>11818.33332448516</DistanceMeters><HeartRateBpm><Value>156</Value></HeartRateBpm><Cadence>22</Cadence><Extensions><ext:TPX><ext:Watts>65.1842105263158</ext:Watts><ext:Torque>20</ext:Torque></ext:TPX></Extensions></Trackpoint><Trackpoint><Time>2025-09-14T11:31:23.535Z</Time><DistanceMeters>11824.356100352372</DistanceMeters><HeartRateBpm><Value>156</Value></HeartRateBpm><Cadence>23</Cadence><Extensions><ext:TPX><ext:Watts>67.94594594594595</ext:Watts><ext:Torque>20</ext:Torque></ext:TPX></Extensions></Trackpoint><Trackpoint><Time>2025-09-14T11:31:24.870Z</Time><DistanceMeters>11829.952490239764</DistanceMeters><HeartRateBpm><Value>156</Value></HeartRateBpm><Cadence>22</Cadence><Extensions><ext:TPX><ext:Watts>61.76315789473684</ext:Watts><ext:Torque>20</ext:Torque></ext:TPX></Extensions></Trackpoint><Trackpoint><Time>2025-09-14T11:31:26.200Z</Time><DistanceMeters>11835.625183696136</DistanceMeters><HeartRateBpm><Value>156</Value></HeartRateBpm><Cadence>22</Cadence><Extensions><ext:TPX><ext:Watts>62.60526315789474</ext:Watts><ext:Torque>20</ext:Torque></ext:TPX></Extensions></Trackpoint><Trackpoint><Time>2025-09-14T11:31:27.530Z</Time><DistanceMeters>11841.357489315775</DistanceMeters><HeartRateBpm><Value>157</Value></HeartRateBpm><Cadence>22</Cadence><Extensions><ext:TPX><ext:Watts>63.26315789473684</ext:Watts><ext:Torque>20</ext:Torque></ext:TPX></Extensions></Trackpoint><Trackpoint><Time>2025-09-14T11:31:28.860Z</Time><DistanceMeters>11846.875191147656</DistanceMeters><HeartRateBpm><Value>157</Value></HeartRateBpm><Cadence>22</Cadence><Extensions><ext:TPX><ext:Watts>60.89473684210526</ext:Watts><ext:Torque>20</ext:Torque></ext:TPX></Extensions></Trackpoint><Trackpoint><Time>2025-09-14T11:31:30.190Z</Time><DistanceMeters>11852.340434275864</DistanceMeters><HeartRateBpm><Value>157</Value></HeartRateBpm><Cadence>22</Cadence><Extensions><ext:TPX><ext:Watts>60.31578947368421</ext:Watts><ext:Torque>20</ext:Torque></ext:TPX></Extensions></Trackpoint><Trackpoint><Time>2025-09-14T11:31:31.485Z</Time><DistanceMeters>11858.037395696798</DistanceMeters><HeartRateBpm><Value>157</Value></HeartRateBpm><Cadence>23</Cadence><Extensions><ext:TPX><ext:Watts>64.27027027027027</ext:Watts><ext:Torque>20</ext:Torque></ext:TPX></Extensions></Trackpoint><Trackpoint><Time>2025-09-14T11:31:32.815Z</Time><DistanceMeters>11863.70532018011</DistanceMeters><HeartRateBpm><Value>157</Value></HeartRateBpm><Cadence>22</Cadence><Extensions><ext:TPX><ext:Watts>62.55263157894737</ext:Watts><ext:Torque>20</ext:Torque></ext:TPX></Extensions></Trackpoint><Trackpoint><Time>2025-09-14T11:31:34.145Z</Time><DistanceMeters>11869.637922668322</DistanceMeters><HeartRateBpm><Value>157</Value></HeartRateBpm><Cadence>22</Cadence><Extensions><ext:TPX><ext:Watts>65.47368421052632</ext:Watts><ext:Torque>20</ext:Torque></ext:TPX></Extensions></Trackpoint><Trackpoint><Time>2025-09-14T11:31:35.440Z</Time><DistanceMeters>11875.176768255034</DistanceMeters><HeartRateBpm><Value>157</Value></HeartRateBpm><Cadence>23</Cadence><Extensions><ext:TPX><ext:Watts>62.486486486486484</ext:Watts><ext:Torque>20</ext:Torque></ext:TPX></Extensions></Trackpoint><Trackpoint><Time>2025-09-14T11:31:36.735Z</Time><DistanceMeters>11880.936017731874</DistanceMeters><HeartRateBpm><Value>157</Value></HeartRateBpm><Cadence>23</Cadence><Extensions><ext:TPX><ext:Watts>64.97297297297297</ext:Watts><ext:Torque>20</ext:Torque></ext:TPX></Extensions></Trackpoint><Trackpoint><Time>2025-09-14T11:31:38.030Z</Time><DistanceMeters>11886.752763875704</DistanceMeters><HeartRateBpm><Value>157</Value></HeartRateBpm><Cadence>23</Cadence><Extensions><ext:TPX><ext:Watts>65.62162162162163</ext:Watts><ext:Torque>20</ext:Torque></ext:TPX></Extensions></Trackpoint><Trackpoint><Time>2025-09-14T11:31:39.330Z</Time><DistanceMeters>11892.310775018079</DistanceMeters><HeartRateBpm><Value>158</Value></HeartRateBpm><Cadence>23</Cadence><Extensions><ext:TPX><ext:Watts>62.7027027027027</ext:Watts><ext:Torque>20</ext:Torque></ext:TPX></Extensions></Trackpoint><Trackpoint><Time>2025-09-14T11:31:40.625Z</Time><DistanceMeters>11898.297615468422</DistanceMeters><HeartRateBpm><Value>158</Value></HeartRateBpm><Cadence>23</Cadence><Extensions><ext:TPX><ext:Watts>67.54054054054055</ext:Watts><ext:Torque>20</ext:Torque></ext:TPX></Extensions></Trackpoint><Trackpoint><Time>2025-09-14T11:31:41.920Z</Time><DistanceMeters>11904.550378003594</DistanceMeters><HeartRateBpm><Value>158</Value></HeartRateBpm><Cadence>23</Cadence><Extensions><ext:TPX><ext:Watts>70.54054054054055</ext:Watts><ext:Torque>20</ext:Torque></ext:TPX></Extensions></Trackpoint><Trackpoint><Time>2025-09-14T11:31:43.215Z</Time><DistanceMeters>11910.819910399972</DistanceMeters><HeartRateBpm><Value>158</Value></HeartRateBpm><Cadence>23</Cadence><Extensions><ext:TPX><ext:Watts>70.72972972972973</ext:Watts><ext:Torque>20</ext:Torque></ext:TPX></Extensions></Trackpoint><Trackpoint><Time>2025-09-14T11:31:44.475Z</Time><DistanceMeters>11916.924320110396</DistanceMeters><HeartRateBpm><Value>158</Value></HeartRateBpm><Cadence>24</Cadence><Extensions><ext:TPX><ext:Watts>71.86111111111111</ext:Watts><ext:Torque>20</ext:Torque></ext:TPX></Extensions></Trackpoint><Trackpoint><Time>2025-09-14T11:31:45.735Z</Time><DistanceMeters>11922.764449230343</DistanceMeters><HeartRateBpm><Value>158</Value></HeartRateBpm><Cadence>24</Cadence><Extensions><ext:TPX><ext:Watts>68.75</ext:Watts><ext:Torque>20</ext:Torque></ext:TPX></Extensions></Trackpoint><Trackpoint><Time>2025-09-14T11:31:47.000Z</Time><DistanceMeters>11928.820410846198</DistanceMeters><HeartRateBpm><Value>158</Value></HeartRateBpm><Cadence>24</Cadence><Extensions><ext:TPX><ext:Watts>69.80555555555556</ext:Watts><ext:Torque>20</ext:Torque></ext:TPX></Extensions></Trackpoint><Trackpoint><Time>2025-09-14T11:31:48.295Z</Time><DistanceMeters>11934.864747963531</DistanceMeters><HeartRateBpm><Value>158</Value></HeartRateBpm><Cadence>23</Cadence><Extensions><ext:TPX><ext:Watts>68.1891891891892</ext:Watts><ext:Torque>20</ext:Torque></ext:TPX></Extensions></Trackpoint><Trackpoint><Time>2025-09-14T11:31:49.590Z</Time><DistanceMeters>11940.865962580621</DistanceMeters><HeartRateBpm><Value>158</Value></HeartRateBpm><Cadence>23</Cadence><Extensions><ext:TPX><ext:Watts>67.70270270270271</ext:Watts><ext:Torque>20</ext:Torque></ext:TPX></Extensions></Trackpoint><Trackpoint><Time>2025-09-14T11:31:50.920Z</Time><DistanceMeters>11946.791411609242</DistanceMeters><HeartRateBpm><Value>159</Value></HeartRateBpm><Cadence>22</Cadence><Extensions><ext:TPX><ext:Watts>65.39473684210526</ext:Watts><ext:Torque>20</ext:Torque></ext:TPX></Extensions></Trackpoint><Trackpoint><Time>2025-09-14T11:31:52.250Z</Time><DistanceMeters>11952.793164206842</DistanceMeters><HeartRateBpm><Value>159</Value></HeartRateBpm><Cadence>22</Cadence><Extensions><ext:TPX><ext:Watts>66.23684210526316</ext:Watts><ext:Torque>20</ext:Torque></ext:TPX></Extensions></Trackpoint><Trackpoint><Time>2025-09-14T11:31:53.545Z</Time><DistanceMeters>11958.650637156457</DistanceMeters><HeartRateBpm><Value>159</Value></HeartRateBpm><Cadence>23</Cadence><Extensions><ext:TPX><ext:Watts>66.08108108108108</ext:Watts><ext:Torque>20</ext:Torque></ext:TPX></Extensions></Trackpoint><Trackpoint><Time>2025-09-14T11:31:54.880Z</Time><DistanceMeters>11964.69769499814</DistanceMeters><HeartRateBpm><Value>159</Value></HeartRateBpm><Cadence>22</Cadence><Extensions><ext:TPX><ext:Watts>66.73684210526316</ext:Watts><ext:Torque>20</ext:Torque></ext:TPX></Extensions></Trackpoint><Trackpoint><Time>2025-09-14T11:31:56.176Z</Time><DistanceMeters>11970.231749195935</DistanceMeters><HeartRateBpm><Value>159</Value></HeartRateBpm><Cadence>23</Cadence><Extensions><ext:TPX><ext:Watts>62.432432432432435</ext:Watts><ext:Torque>20</ext:Torque></ext:TPX></Extensions></Trackpoint><Trackpoint><Time>2025-09-14T11:31:57.470Z</Time><DistanceMeters>11976.345561452546</DistanceMeters><HeartRateBpm><Value>159</Value></HeartRateBpm><Cadence>23</Cadence><Extensions><ext:TPX><ext:Watts>68.97297297297297</ext:Watts><ext:Torque>20</ext:Torque></ext:TPX></Extensions></Trackpoint><Trackpoint><Time>2025-09-14T11:31:58.765Z</Time><DistanceMeters>11982.229387041198</DistanceMeters><HeartRateBpm><Value>159</Value></HeartRateBpm><Cadence>23</Cadence><Extensions><ext:TPX><ext:Watts>66.37837837837837</ext:Watts><ext:Torque>20</ext:Torque></ext:TPX></Extensions></Trackpoint><Trackpoint><Time>2025-09-14T11:32:00.096Z</Time><DistanceMeters>11988.004613418389</DistanceMeters><HeartRateBpm><Value>159</Value></HeartRateBpm><Cadence>22</Cadence><Extensions><ext:TPX><ext:Watts>63.73684210526316</ext:Watts><ext:Torque>20</ext:Torque></ext:TPX></Extensions></Trackpoint><Trackpoint><Time>2025-09-14T11:32:01.390Z</Time><DistanceMeters>11993.826150951134</DistanceMeters><HeartRateBpm><Value>160</Value></HeartRateBpm><Cadence>23</Cadence><Extensions><ext:TPX><ext:Watts>65.67567567567568</ext:Watts><ext:Torque>20</ext:Torque></ext:TPX></Extensions></Trackpoint><Trackpoint><Time>2025-09-14T11:32:02.686Z</Time><DistanceMeters>11999.45124153833</DistanceMeters><HeartRateBpm><Value>160</Value></HeartRateBpm><Cadence>23</Cadence><Extensions><ext:TPX><ext:Watts>63.45945945945946</ext:Watts><ext:Torque>20</ext:Torque></ext:TPX></Extensions></Trackpoint><Trackpoint><Time>2025-09-14T11:32:03.980Z</Time><DistanceMeters>12005.335067126982</DistanceMeters><HeartRateBpm><Value>160</Value></HeartRateBpm><Cadence>23</Cadence><Extensions><ext:TPX><ext:Watts>66.37837837837837</ext:Watts><ext:Torque>20</ext:Torque></ext:TPX></Extensions></Trackpoint><Trackpoint><Time>2025-09-14T11:32:05.240Z</Time><DistanceMeters>12011.017099822266</DistanceMeters><HeartRateBpm><Value>160</Value></HeartRateBpm><Cadence>24</Cadence><Extensions><ext:TPX><ext:Watts>66.88888888888889</ext:Watts><ext:Torque>20</ext:Torque></ext:TPX></Extensions></Trackpoint><Trackpoint><Time>2025-09-14T11:32:06.500Z</Time><DistanceMeters>12016.819474572143</DistanceMeters><HeartRateBpm><Value>160</Value></HeartRateBpm><Cadence>24</Cadence><Extensions><ext:TPX><ext:Watts>68.30555555555556</ext:Watts><ext:Torque>20</ext:Torque></ext:TPX></Extensions></Trackpoint><Trackpoint><Time>2025-09-14T11:32:07.760Z</Time><DistanceMeters>12022.742191376614</DistanceMeters><HeartRateBpm><Value>161</Value></HeartRateBpm><Cadence>24</Cadence><Extensions><ext:TPX><ext:Watts>69.72222222222223</ext:Watts><ext:Torque>20</ext:Torque></ext:TPX></Extensions></Trackpoint><Trackpoint><Time>2025-09-14T11:32:09.056Z</Time><DistanceMeters>12028.894334744553</DistanceMeters><HeartRateBpm><Value>161</Value></HeartRateBpm><Cadence>23</Cadence><Extensions><ext:TPX><ext:Watts>69.4054054054054</ext:Watts><ext:Torque>20</ext:Torque></ext:TPX></Extensions></Trackpoint><Trackpoint><Time>2025-09-14T11:32:10.316Z</Time><DistanceMeters>12034.361639460074</DistanceMeters><HeartRateBpm><Value>161</Value></HeartRateBpm><Cadence>24</Cadence><Extensions><ext:TPX><ext:Watts>64.36111111111111</ext:Watts><ext:Torque>20</ext:Torque></ext:TPX></Extensions></Trackpoint><Trackpoint><Time>2025-09-14T11:32:11.576Z</Time><DistanceMeters>12039.989400248385</DistanceMeters><HeartRateBpm><Value>161</Value></HeartRateBpm><Cadence>24</Cadence><Extensions><ext:TPX><ext:Watts>66.25</ext:Watts><ext:Torque>20</ext:Torque></ext:TPX></Extensions></Trackpoint><Trackpoint><Time>2025-09-14T11:32:12.836Z</Time><DistanceMeters>12045.76345922071</DistanceMeters><HeartRateBpm><Value>161</Value></HeartRateBpm><Cadence>24</Cadence><Extensions><ext:TPX><ext:Watts>67.97222222222223</ext:Watts><ext:Torque>20</ext:Torque></ext:TPX></Extensions></Trackpoint><Trackpoint><Time>2025-09-14T11:32:14.100Z</Time><DistanceMeters>12051.469992092316</DistanceMeters><HeartRateBpm><Value>162</Value></HeartRateBpm><Cadence>24</Cadence><Extensions><ext:TPX><ext:Watts>65.77777777777777</ext:Watts><ext:Torque>20</ext:Torque></ext:TPX></Extensions></Trackpoint><Trackpoint><Time>2025-09-14T11:32:15.361Z</Time><DistanceMeters>12057.21809493522</DistanceMeters><HeartRateBpm><Value>162</Value></HeartRateBpm><Cadence>24</Cadence><Extensions><ext:TPX><ext:Watts>67.66666666666667</ext:Watts><ext:Torque>20</ext:Torque></ext:TPX></Extensions></Trackpoint><Trackpoint><Time>2025-09-14T11:32:16.627Z</Time><DistanceMeters>12063.177662414731</DistanceMeters><HeartRateBpm><Value>162</Value></HeartRateBpm><Cadence>24</Cadence><Extensions><ext:TPX><ext:Watts>68.69444444444444</ext:Watts><ext:Torque>20</ext:Torque></ext:TPX></Extensions></Trackpoint><Trackpoint><Time>2025-09-14T11:32:17.886Z</Time><DistanceMeters>12068.91160736886</DistanceMeters><HeartRateBpm><Value>162</Value></HeartRateBpm><Cadence>24</Cadence><Extensions><ext:TPX><ext:Watts>67.5</ext:Watts><ext:Torque>20</ext:Torque></ext:TPX></Extensions></Trackpoint><Trackpoint><Time>2025-09-14T11:32:19.111Z</Time><DistanceMeters>12074.881596937426</DistanceMeters><HeartRateBpm><Value>162</Value></HeartRateBpm><Cadence>24</Cadence><Extensions><ext:TPX><ext:Watts>71.74285714285715</ext:Watts><ext:Torque>20</ext:Torque></ext:TPX></Extensions></Trackpoint><Trackpoint><Time>2025-09-14T11:32:20.371Z</Time><DistanceMeters>12080.516436670125</DistanceMeters><HeartRateBpm><Value>162</Value></HeartRateBpm><Cadence>24</Cadence><Extensions><ext:TPX><ext:Watts>66.33333333333333</ext:Watts><ext:Torque>20</ext:Torque></ext:TPX></Extensions></Trackpoint><Trackpoint><Time>2025-09-14T11:32:21.596Z</Time><DistanceMeters>12086.405590059747</DistanceMeters><HeartRateBpm><Value>162</Value></HeartRateBpm><Cadence>24</Cadence><Extensions><ext:TPX><ext:Watts>70.77142857142857</ext:Watts><ext:Torque>20</ext:Torque></ext:TPX></Extensions></Trackpoint><Trackpoint><Time>2025-09-14T11:32:22.856Z</Time><DistanceMeters>12091.976719292956</DistanceMeters><HeartRateBpm><Value>162</Value></HeartRateBpm><Cadence>24</Cadence><Extensions><ext:TPX><ext:Watts>65.58333333333333</ext:Watts><ext:Torque>20</ext:Torque></ext:TPX></Extensions></Trackpoint><Trackpoint><Time>2025-09-14T11:32:24.116Z</Time><DistanceMeters>12097.939550115623</DistanceMeters><HeartRateBpm><Value>162</Value></HeartRateBpm><Cadence>24</Cadence><Extensions><ext:TPX><ext:Watts>70.19444444444444</ext:Watts><ext:Torque>20</ext:Torque></ext:TPX></Extensions></Trackpoint><Trackpoint><Time>2025-09-14T11:32:25.376Z</Time><DistanceMeters>12104.157222936252</DistanceMeters><HeartRateBpm><Value>162</Value></HeartRateBpm><Cadence>24</Cadence><Extensions><ext:TPX><ext:Watts>73.19444444444444</ext:Watts><ext:Torque>20</ext:Torque></ext:TPX></Extensions></Trackpoint><Trackpoint><Time>2025-09-14T11:32:26.601Z</Time><DistanceMeters>12110.92606415557</DistanceMeters><HeartRateBpm><Value>163</Value></HeartRateBpm><Cadence>24</Cadence><Extensions><ext:TPX><ext:Watts>81.34285714285714</ext:Watts><ext:Torque>20</ext:Torque></ext:TPX></Extensions></Trackpoint><Trackpoint><Time>2025-09-14T11:32:27.896Z</Time><DistanceMeters>12117.174035301827</DistanceMeters><HeartRateBpm><Value>163</Value></HeartRateBpm><Cadence>23</Cadence><Extensions><ext:TPX><ext:Watts>70.48648648648648</ext:Watts><ext:Torque>20</ext:Torque></ext:TPX></Extensions></Trackpoint><Trackpoint><Time>2025-09-14T11:32:29.191Z</Time><DistanceMeters>12123.457941864952</DistanceMeters><HeartRateBpm><Value>163</Value></HeartRateBpm><Cadence>23</Cadence><Extensions><ext:TPX><ext:Watts>70.89189189189189</ext:Watts><ext:Torque>20</ext:Torque></ext:TPX></Extensions></Trackpoint><Trackpoint><Time>2025-09-14T11:32:30.521Z</Time><DistanceMeters>12129.161633646223</DistanceMeters><HeartRateBpm><Value>163</Value></HeartRateBpm><Cadence>22</Cadence><Extensions><ext:TPX><ext:Watts>62.94736842105263</ext:Watts><ext:Torque>20</ext:Torque></ext:TPX></Extensions></Trackpoint><Trackpoint><Time>2025-09-14T11:32:31.816Z</Time><DistanceMeters>12135.335338264284</DistanceMeters><HeartRateBpm><Value>163</Value></HeartRateBpm><Cadence>23</Cadence><Extensions><ext:TPX><ext:Watts>69.64864864864865</ext:Watts><ext:Torque>20</ext:Torque></ext:TPX></Extensions></Trackpoint><Trackpoint><Time>2025-09-14T11:32:33.181Z</Time><DistanceMeters>12141.261454282143</DistanceMeters><HeartRateBpm><Value>163</Value></HeartRateBpm><Cadence>22</Cadence><Extensions><ext:TPX><ext:Watts>63.94871794871795</ext:Watts><ext:Torque>20</ext:Torque></ext:TPX></Extensions></Trackpoint><Trackpoint><Time>2025-09-14T11:32:34.546Z</Time><DistanceMeters>12147.047377499259</DistanceMeters><HeartRateBpm><Value>163</Value></HeartRateBpm><Cadence>22</Cadence><Extensions><ext:TPX><ext:Watts>62.43589743589744</ext:Watts><ext:Torque>20</ext:Torque></ext:TPX></Extensions></Trackpoint><Trackpoint><Time>2025-09-14T11:32:35.916Z</Time><DistanceMeters>12153.063787185392</DistanceMeters><HeartRateBpm><Value>163</Value></HeartRateBpm><Cadence>22</Cadence><Extensions><ext:TPX><ext:Watts>64.92307692307692</ext:Watts><ext:Torque>20</ext:Torque></ext:TPX></Extensions></Trackpoint><Trackpoint><Time>2025-09-14T11:32:37.316Z</Time><DistanceMeters>12159.049610858436</DistanceMeters><HeartRateBpm><Value>163</Value></HeartRateBpm><Cadence>22</Cadence><Extensions><ext:TPX><ext:Watts>63.125</ext:Watts><ext:Torque>20</ext:Torque></ext:TPX></Extensions></Trackpoint><Trackpoint><Time>2025-09-14T11:32:38.686Z</Time><DistanceMeters>12165.29175471526</DistanceMeters><HeartRateBpm><Value>163</Value></HeartRateBpm><Cadence>22</Cadence><Extensions><ext:TPX><ext:Watts>67.35897435897436</ext:Watts><ext:Torque>20</ext:Torque></ext:TPX></Extensions></Trackpoint><Trackpoint><Time>2025-09-14T11:32:40.086Z</Time><DistanceMeters>12170.945691135144</DistanceMeters><HeartRateBpm><Value>163</Value></HeartRateBpm><Cadence>22</Cadence><Extensions><ext:TPX><ext:Watts>59.625</ext:Watts><ext:Torque>20</ext:Torque></ext:TPX></Extensions></Trackpoint><Trackpoint><Time>2025-09-14T11:32:41.451Z</Time><DistanceMeters>12176.73636665059</DistanceMeters><HeartRateBpm><Value>163</Value></HeartRateBpm><Cadence>22</Cadence><Extensions><ext:TPX><ext:Watts>62.48717948717949</ext:Watts><ext:Torque>20</ext:Torque></ext:TPX></Extensions></Trackpoint><Trackpoint><Time>2025-09-14T11:32:42.886Z</Time><DistanceMeters>12182.158788721032</DistanceMeters><HeartRateBpm><Value>163</Value></HeartRateBpm><Cadence>21</Cadence><Extensions><ext:TPX><ext:Watts>55.853658536585364</ext:Watts><ext:Torque>20</ext:Torque></ext:TPX></Extensions></Trackpoint><Trackpoint><Time>2025-09-14T11:32:44.287Z</Time><DistanceMeters>12187.532991598968</DistanceMeters><HeartRateBpm><Value>164</Value></HeartRateBpm><Cadence>22</Cadence><Extensions><ext:TPX><ext:Watts>56.675</ext:Watts><ext:Torque>20</ext:Torque></ext:TPX></Extensions></Trackpoint><Trackpoint><Time>2025-09-14T11:32:45.616Z</Time><DistanceMeters>12193.100767647993</DistanceMeters><HeartRateBpm><Value>164</Value></HeartRateBpm><Cadence>22</Cadence><Extensions><ext:TPX><ext:Watts>61.44736842105263</ext:Watts><ext:Torque>20</ext:Torque></ext:TPX></Extensions></Trackpoint><Trackpoint><Time>2025-09-14T11:32:46.981Z</Time><DistanceMeters>12198.770259556017</DistanceMeters><HeartRateBpm><Value>164</Value></HeartRateBpm><Cadence>22</Cadence><Extensions><ext:TPX><ext:Watts>61.17948717948718</ext:Watts><ext:Torque>20</ext:Torque></ext:TPX></Extensions></Trackpoint><Trackpoint><Time>2025-09-14T11:32:48.381Z</Time><DistanceMeters>12204.194245521927</DistanceMeters><HeartRateBpm><Value>164</Value></HeartRateBpm><Cadence>22</Cadence><Extensions><ext:TPX><ext:Watts>57.2</ext:Watts><ext:Torque>20</ext:Torque></ext:TPX></Extensions></Trackpoint><Trackpoint><Time>2025-09-14T11:32:49.747Z</Time><DistanceMeters>12209.45266362438</DistanceMeters><HeartRateBpm><Value>164</Value></HeartRateBpm><Cadence>22</Cadence><Extensions><ext:TPX><ext:Watts>56.743589743589745</ext:Watts><ext:Torque>20</ext:Torque></ext:TPX></Extensions></Trackpoint><Trackpoint><Time>2025-09-14T11:32:51.116Z</Time><DistanceMeters>12214.996219626653</DistanceMeters><HeartRateBpm><Value>164</Value></HeartRateBpm><Cadence>22</Cadence><Extensions><ext:TPX><ext:Watts>59.82051282051282</ext:Watts><ext:Torque>20</ext:Torque></ext:TPX></Extensions></Trackpoint><Trackpoint><Time>2025-09-14T11:32:52.516Z</Time><DistanceMeters>12220.401240606669</DistanceMeters><HeartRateBpm><Value>164</Value></HeartRateBpm><Cadence>22</Cadence><Extensions><ext:TPX><ext:Watts>57.0</ext:Watts><ext:Torque>20</ext:Torque></ext:TPX></Extensions></Trackpoint><Trackpoint><Time>2025-09-14T11:32:53.881Z</Time><DistanceMeters>12225.811732255692</DistanceMeters><HeartRateBpm><Value>164</Value></HeartRateBpm><Cadence>22</Cadence><Extensions><ext:TPX><ext:Watts>58.38461538461539</ext:Watts><ext:Torque>20</ext:Torque></ext:TPX></Extensions></Trackpoint><Trackpoint><Time>2025-09-14T11:32:55.317Z</Time><DistanceMeters>12231.388065869618</DistanceMeters><HeartRateBpm><Value>164</Value></HeartRateBpm><Cadence>21</Cadence><Extensions><ext:TPX><ext:Watts>57.4390243902439</ext:Watts><ext:Torque>20</ext:Torque></ext:TPX></Extensions></Trackpoint><Trackpoint><Time>2025-09-14T11:32:56.716Z</Time><DistanceMeters>12236.80256934258</DistanceMeters><HeartRateBpm><Value>163</Value></HeartRateBpm><Cadence>22</Cadence><Extensions><ext:TPX><ext:Watts>57.1</ext:Watts><ext:Torque>20</ext:Torque></ext:TPX></Extensions></Trackpoint><Trackpoint><Time>2025-09-14T11:32:58.081Z</Time><DistanceMeters>12242.348501494018</DistanceMeters><HeartRateBpm><Value>164</Value></HeartRateBpm><Cadence>22</Cadence><Extensions><ext:TPX><ext:Watts>59.84615384615385</ext:Watts><ext:Torque>20</ext:Torque></ext:TPX></Extensions></Trackpoint><Trackpoint><Time>2025-09-14T11:32:59.447Z</Time><DistanceMeters>12247.54038741985</DistanceMeters><HeartRateBpm><Value>164</Value></HeartRateBpm><Cadence>22</Cadence><Extensions><ext:TPX><ext:Watts>56.02564102564103</ext:Watts><ext:Torque>20</ext:Torque></ext:TPX></Extensions></Trackpoint><Trackpoint><Time>2025-09-14T11:33:00.846Z</Time><DistanceMeters>12252.907478428075</DistanceMeters><HeartRateBpm><Value>164</Value></HeartRateBpm><Cadence>22</Cadence><Extensions><ext:TPX><ext:Watts>56.6</ext:Watts><ext:Torque>20</ext:Torque></ext:TPX></Extensions></Trackpoint><Trackpoint><Time>2025-09-14T11:33:02.221Z</Time><DistanceMeters>12258.34173156875</DistanceMeters><HeartRateBpm><Value>164</Value></HeartRateBpm><Cadence>22</Cadence><Extensions><ext:TPX><ext:Watts>58.64102564102564</ext:Watts><ext:Torque>20</ext:Torque></ext:TPX></Extensions></Trackpoint><Trackpoint><Time>2025-09-14T11:33:03.586Z</Time><DistanceMeters>12263.942315150984</DistanceMeters><HeartRateBpm><Value>164</Value></HeartRateBpm><Cadence>22</Cadence><Extensions><ext:TPX><ext:Watts>60.43589743589744</ext:Watts><ext:Torque>20</ext:Torque></ext:TPX></Extensions></Trackpoint><Trackpoint><Time>2025-09-14T11:33:04.951Z</Time><DistanceMeters>12269.647449296484</DistanceMeters><HeartRateBpm><Value>164</Value></HeartRateBpm><Cadence>22</Cadence><Extensions><ext:TPX><ext:Watts>61.56410256410256</ext:Watts><ext:Torque>20</ext:Torque></ext:TPX></Extensions></Trackpoint><Trackpoint><Time>2025-09-14T11:33:06.317Z</Time><DistanceMeters>12275.143482315454</DistanceMeters><HeartRateBpm><Value>164</Value></HeartRateBpm><Cadence>22</Cadence><Extensions><ext:TPX><ext:Watts>59.30769230769231</ext:Watts><ext:Torque>20</ext:Torque></ext:TPX></Extensions></Trackpoint><Trackpoint><Time>2025-09-14T11:33:07.581Z</Time><DistanceMeters>12281.245231146073</DistanceMeters><HeartRateBpm><Value>164</Value></HeartRateBpm><Cadence>24</Cadence><Extensions><ext:TPX><ext:Watts>70.33333333333333</ext:Watts><ext:Torque>20</ext:Torque></ext:TPX></Extensions></Trackpoint><Trackpoint><Time>2025-09-14T11:33:08.877Z</Time><DistanceMeters>12286.98531506725</DistanceMeters><HeartRateBpm><Value>164</Value></HeartRateBpm><Cadence>23</Cadence><Extensions><ext:TPX><ext:Watts>64.75675675675676</ext:Watts><ext:Torque>20</ext:Torque></ext:TPX></Extensions></Trackpoint><Trackpoint><Time>2025-09-14T11:33:10.171Z</Time><DistanceMeters>12293.118292879526</DistanceMeters><HeartRateBpm><Value>164</Value></HeartRateBpm><Cadence>23</Cadence><Extensions><ext:TPX><ext:Watts>69.1891891891892</ext:Watts><ext:Torque>20</ext:Torque></ext:TPX></Extensions></Trackpoint><Trackpoint><Time>2025-09-14T11:33:11.431Z</Time><DistanceMeters>12298.755492260354</DistanceMeters><HeartRateBpm><Value>164</Value></HeartRateBpm><Cadence>24</Cadence><Extensions><ext:TPX><ext:Watts>66.36111111111111</ext:Watts><ext:Torque>20</ext:Torque></ext:TPX></Extensions></Trackpoint><Trackpoint><Time>2025-09-14T11:33:12.727Z</Time><DistanceMeters>12304.766289655276</DistanceMeters><HeartRateBpm><Value>164</Value></HeartRateBpm><Cadence>23</Cadence><Extensions><ext:TPX><ext:Watts>67.8108108108108</ext:Watts><ext:Torque>20</ext:Torque></ext:TPX></Extensions></Trackpoint><Trackpoint><Time>2025-09-14T11:33:13.987Z</Time><DistanceMeters>12310.519111794438</DistanceMeters><HeartRateBpm><Value>164</Value></HeartRateBpm><Cadence>24</Cadence><Extensions><ext:TPX><ext:Watts>67.72222222222223</ext:Watts><ext:Torque>20</ext:Torque></ext:TPX></Extensions></Trackpoint><Trackpoint><Time>2025-09-14T11:33:15.252Z</Time><DistanceMeters>12316.440121619411</DistanceMeters><HeartRateBpm><Value>164</Value></HeartRateBpm><Cadence>24</Cadence><Extensions><ext:TPX><ext:Watts>68.25</ext:Watts><ext:Torque>20</ext:Torque></ext:TPX></Extensions></Trackpoint><Trackpoint><Time>2025-09-14T11:33:16.511Z</Time><DistanceMeters>12322.244856017418</DistanceMeters><HeartRateBpm><Value>164</Value></HeartRateBpm><Cadence>24</Cadence><Extensions><ext:TPX><ext:Watts>68.33333333333333</ext:Watts><ext:Torque>20</ext:Torque></ext:TPX></Extensions></Trackpoint><Trackpoint><Time>2025-09-14T11:33:17.772Z</Time><DistanceMeters>12327.955204490254</DistanceMeters><HeartRateBpm><Value>164</Value></HeartRateBpm><Cadence>24</Cadence><Extensions><ext:TPX><ext:Watts>67.22222222222223</ext:Watts><ext:Torque>20</ext:Torque></ext:TPX></Extensions></Trackpoint><Trackpoint><Time>2025-09-14T11:33:19.067Z</Time><DistanceMeters>12333.661748689019</DistanceMeters><HeartRateBpm><Value>164</Value></HeartRateBpm><Cadence>23</Cadence><Extensions><ext:TPX><ext:Watts>64.37837837837837</ext:Watts><ext:Torque>20</ext:Torque></ext:TPX></Extensions></Trackpoint><Trackpoint><Time>2025-09-14T11:33:20.292Z</Time><DistanceMeters>12339.48670864242</DistanceMeters><HeartRateBpm><Value>164</Value></HeartRateBpm><Cadence>24</Cadence><Extensions><ext:TPX><ext:Watts>70.0</ext:Watts><ext:Torque>20</ext:Torque></ext:TPX></Extensions></Trackpoint><Trackpoint><Time>2025-09-14T11:33:21.557Z</Time><DistanceMeters>12345.419767734436</DistanceMeters><HeartRateBpm><Value>164</Value></HeartRateBpm><Cadence>24</Cadence><Extensions><ext:TPX><ext:Watts>68.38888888888889</ext:Watts><ext:Torque>20</ext:Torque></ext:TPX></Extensions></Trackpoint><Trackpoint><Time>2025-09-14T11:33:22.782Z</Time><DistanceMeters>12351.064035052548</DistanceMeters><HeartRateBpm><Value>164</Value></HeartRateBpm><Cadence>24</Cadence><Extensions><ext:TPX><ext:Watts>67.82857142857142</ext:Watts><ext:Torque>20</ext:Torque></ext:TPX></Extensions></Trackpoint><Trackpoint><Time>2025-09-14T11:33:24.007Z</Time><DistanceMeters>12357.019759413066</DistanceMeters><HeartRateBpm><Value>164</Value></HeartRateBpm><Cadence>24</Cadence><Extensions><ext:TPX><ext:Watts>71.57142857142857</ext:Watts><ext:Torque>20</ext:Torque></ext:TPX></Extensions></Trackpoint><Trackpoint><Time>2025-09-14T11:33:25.232Z</Time><DistanceMeters>12363.001636655006</DistanceMeters><HeartRateBpm><Value>164</Value></HeartRateBpm><Cadence>24</Cadence><Extensions><ext:TPX><ext:Watts>71.88571428571429</ext:Watts><ext:Torque>20</ext:Torque></ext:TPX></Extensions></Trackpoint><Trackpoint><Time>2025-09-14T11:33:26.462Z</Time><DistanceMeters>12368.317804187987</DistanceMeters><HeartRateBpm><Value>164</Value></HeartRateBpm><Cadence>24</Cadence><Extensions><ext:TPX><ext:Watts>63.885714285714286</ext:Watts><ext:Torque>20</ext:Torque></ext:TPX></Extensions></Trackpoint><Trackpoint><Time>2025-09-14T11:33:27.722Z</Time><DistanceMeters>12374.20276662239</DistanceMeters><HeartRateBpm><Value>164</Value></HeartRateBpm><Cadence>24</Cadence><Extensions><ext:TPX><ext:Watts>69.27777777777777</ext:Watts><ext:Torque>20</ext:Torque></ext:TPX></Extensions></Trackpoint><Trackpoint><Time>2025-09-14T11:33:29.022Z</Time><DistanceMeters>12379.978785960435</DistanceMeters><HeartRateBpm><Value>163</Value></HeartRateBpm><Cadence>23</Cadence><Extensions><ext:TPX><ext:Watts>65.16216216216216</ext:Watts><ext:Torque>20</ext:Torque></ext:TPX></Extensions></Trackpoint><Trackpoint><Time>2025-09-14T11:33:30.317Z</Time><DistanceMeters>12385.567941130763</DistanceMeters><HeartRateBpm><Value>163</Value></HeartRateBpm><Cadence>23</Cadence><Extensions><ext:TPX><ext:Watts>63.054054054054056</ext:Watts><ext:Torque>20</ext:Torque></ext:TPX></Extensions></Trackpoint><Trackpoint><Time>2025-09-14T11:33:31.612Z</Time><DistanceMeters>12391.09001685627</DistanceMeters><HeartRateBpm><Value>163</Value></HeartRateBpm><Cadence>23</Cadence><Extensions><ext:TPX><ext:Watts>62.2972972972973</ext:Watts><ext:Torque>20</ext:Torque></ext:TPX></Extensions></Trackpoint><Trackpoint><Time>2025-09-14T11:33:32.942Z</Time><DistanceMeters>12396.502801280803</DistanceMeters><HeartRateBpm><Value>163</Value></HeartRateBpm><Cadence>22</Cadence><Extensions><ext:TPX><ext:Watts>59.73684210526316</ext:Watts><ext:Torque>20</ext:Torque></ext:TPX></Extensions></Trackpoint><Trackpoint><Time>2025-09-14T11:33:34.307Z</Time><DistanceMeters>12401.72557714578</DistanceMeters><HeartRateBpm><Value>163</Value></HeartRateBpm><Cadence>22</Cadence><Extensions><ext:TPX><ext:Watts>56.35897435897436</ext:Watts><ext:Torque>20</ext:Torque></ext:TPX></Extensions></Trackpoint><Trackpoint><Time>2025-09-14T11:33:35.639Z</Time><DistanceMeters>12406.89514394419</DistanceMeters><HeartRateBpm><Value>163</Value></HeartRateBpm><Cadence>22</Cadence><Extensions><ext:TPX><ext:Watts>57.05263157894737</ext:Watts><ext:Torque>20</ext:Torque></ext:TPX></Extensions></Trackpoint><Trackpoint><Time>2025-09-14T11:33:36.932Z</Time><DistanceMeters>12412.290247863426</DistanceMeters><HeartRateBpm><Value>163</Value></HeartRateBpm><Cadence>23</Cadence><Extensions><ext:TPX><ext:Watts>60.86486486486486</ext:Watts><ext:Torque>20</ext:Torque></ext:TPX></Extensions></Trackpoint><Trackpoint><Time>2025-09-14T11:33:38.262Z</Time><DistanceMeters>12417.610037313265</DistanceMeters><HeartRateBpm><Value>163</Value></HeartRateBpm><Cadence>22</Cadence><Extensions><ext:TPX><ext:Watts>58.71052631578947</ext:Watts><ext:Torque>20</ext:Torque></ext:TPX></Extensions></Trackpoint><Trackpoint><Time>2025-09-14T11:33:39.592Z</Time><DistanceMeters>12423.32803601372</DistanceMeters><HeartRateBpm><Value>163</Value></HeartRateBpm><Cadence>22</Cadence><Extensions><ext:TPX><ext:Watts>63.10526315789474</ext:Watts><ext:Torque>20</ext:Torque></ext:TPX></Extensions></Trackpoint><Trackpoint><Time>2025-09-14T11:33:40.922Z</Time><DistanceMeters>12428.76943427662</DistanceMeters><HeartRateBpm><Value>163</Value></HeartRateBpm><Cadence>22</Cadence><Extensions><ext:TPX><ext:Watts>60.05263157894737</ext:Watts><ext:Torque>20</ext:Torque></ext:TPX></Extensions></Trackpoint><Trackpoint><Time>2025-09-14T11:33:42.217Z</Time><DistanceMeters>12434.059127639708</DistanceMeters><HeartRateBpm><Value>163</Value></HeartRateBpm><Cadence>23</Cadence><Extensions><ext:TPX><ext:Watts>59.67567567567568</ext:Watts><ext:Torque>20</ext:Torque></ext:TPX></Extensions></Trackpoint><Trackpoint><Time>2025-09-14T11:33:43.512Z</Time><DistanceMeters>12439.202683640862</DistanceMeters><HeartRateBpm><Value>163</Value></HeartRateBpm><Cadence>23</Cadence><Extensions><ext:TPX><ext:Watts>58.027027027027025</ext:Watts><ext:Torque>20</ext:Torque></ext:TPX></Extensions></Trackpoint><Trackpoint><Time>2025-09-14T11:33:44.772Z</Time><DistanceMeters>12444.363234099577</DistanceMeters><HeartRateBpm><Value>163</Value></HeartRateBpm><Cadence>24</Cadence><Extensions><ext:TPX><ext:Watts>60.75</ext:Watts><ext:Torque>20</ext:Torque></ext:TPX></Extensions></Trackpoint><Trackpoint><Time>2025-09-14T11:33:45.997Z</Time><DistanceMeters>12449.546259690766</DistanceMeters><HeartRateBpm><Value>163</Value></HeartRateBpm><Cadence>24</Cadence><Extensions><ext:TPX><ext:Watts>62.285714285714285</ext:Watts><ext:Torque>20</ext:Torque></ext:TPX></Extensions></Trackpoint><Trackpoint><Time>2025-09-14T11:33:47.187Z</Time><DistanceMeters>12455.2331338288</DistanceMeters><HeartRateBpm><Value>163</Value></HeartRateBpm><Cadence>25</Cadence><Extensions><ext:TPX><ext:Watts>69.73529411764706</ext:Watts><ext:Torque>20</ext:Torque></ext:TPX></Extensions></Trackpoint><Trackpoint><Time>2025-09-14T11:33:48.412Z</Time><DistanceMeters>12460.841738126788</DistanceMeters><HeartRateBpm><Value>163</Value></HeartRateBpm><Cadence>24</Cadence><Extensions><ext:TPX><ext:Watts>67.4</ext:Watts><ext:Torque>20</ext:Torque></ext:TPX></Extensions></Trackpoint><Trackpoint><Time>2025-09-14T11:33:49.602Z</Time><DistanceMeters>12466.528612264823</DistanceMeters><HeartRateBpm><Value>163</Value></HeartRateBpm><Cadence>25</Cadence><Extensions><ext:TPX><ext:Watts>69.73529411764706</ext:Watts><ext:Torque>20</ext:Torque></ext:TPX></Extensions></Trackpoint><Trackpoint><Time>2025-09-14T11:33:50.792Z</Time><DistanceMeters>12471.599068581907</DistanceMeters><HeartRateBpm><Value>163</Value></HeartRateBpm><Cadence>25</Cadence><Extensions><ext:TPX><ext:Watts>62.1764705882353</ext:Watts><ext:Torque>20</ext:Torque></ext:TPX></Extensions></Trackpoint><Trackpoint><Time>2025-09-14T11:33:51.947Z</Time><DistanceMeters>12477.408753290674</DistanceMeters><HeartRateBpm><Value>163</Value></HeartRateBpm><Cadence>26</Cadence><Extensions><ext:TPX><ext:Watts>74.0909090909091</ext:Watts><ext:Torque>20</ext:Torque></ext:TPX></Extensions></Trackpoint><Trackpoint><Time>2025-09-14T11:33:53.102Z</Time><DistanceMeters>12483.187548060294</DistanceMeters><HeartRateBpm><Value>163</Value></HeartRateBpm><Cadence>26</Cadence><Extensions><ext:TPX><ext:Watts>73.6969696969697</ext:Watts><ext:Torque>20</ext:Torque></ext:TPX></Extensions></Trackpoint><Trackpoint><Time>2025-09-14T11:33:54.227Z</Time><DistanceMeters>12489.044105673818</DistanceMeters><HeartRateBpm><Value>163</Value></HeartRateBpm><Cadence>26</Cadence><Extensions><ext:TPX><ext:Watts>76.125</ext:Watts><ext:Torque>20</ext:Torque></ext:TPX></Extensions></Trackpoint><Trackpoint><Time>2025-09-14T11:33:55.382Z</Time><DistanceMeters>12494.704092985181</DistanceMeters><HeartRateBpm><Value>163</Value></HeartRateBpm><Cadence>26</Cadence><Extensions><ext:TPX><ext:Watts>72.18181818181819</ext:Watts><ext:Torque>20</ext:Torque></ext:TPX></Extensions></Trackpoint><Trackpoint><Time>2025-09-14T11:33:56.502Z</Time><DistanceMeters>12500.235108200191</DistanceMeters><HeartRateBpm><Value>163</Value></HeartRateBpm><Cadence>27</Cadence><Extensions><ext:TPX><ext:Watts>73.25</ext:Watts><ext:Torque>20</ext:Torque></ext:TPX></Extensions></Trackpoint><Trackpoint><Time>2025-09-14T11:33:57.622Z</Time><DistanceMeters>12506.046921542586</DistanceMeters><HeartRateBpm><Value>163</Value></HeartRateBpm><Cadence>27</Cadence><Extensions><ext:TPX><ext:Watts>76.96875</ext:Watts><ext:Torque>20</ext:Torque></ext:TPX></Extensions></Trackpoint><Trackpoint><Time>2025-09-14T11:33:58.782Z</Time><DistanceMeters>12511.680771213132</DistanceMeters><HeartRateBpm><Value>163</Value></HeartRateBpm><Cadence>26</Cadence><Extensions><ext:TPX><ext:Watts>71.84848484848484</ext:Watts><ext:Torque>20</ext:Torque></ext:TPX></Extensions></Trackpoint><Trackpoint><Time>2025-09-14T11:33:59.937Z</Time><DistanceMeters>12517.314620883679</DistanceMeters><HeartRateBpm><Value>163</Value></HeartRateBpm><Cadence>26</Cadence><Extensions><ext:TPX><ext:Watts>71.84848484848484</ext:Watts><ext:Torque>20</ext:Torque></ext:TPX></Extensions></Trackpoint><Trackpoint><Time>2025-09-14T11:34:01.092Z</Time><DistanceMeters>12522.739369427693</DistanceMeters><HeartRateBpm><Value>163</Value></HeartRateBpm><Cadence>26</Cadence><Extensions><ext:TPX><ext:Watts>69.18181818181819</ext:Watts><ext:Torque>20</ext:Torque></ext:TPX></Extensions></Trackpoint><Trackpoint><Time>2025-09-14T11:34:02.212Z</Time><DistanceMeters>12528.53702488131</DistanceMeters><HeartRateBpm><Value>163</Value></HeartRateBpm><Cadence>27</Cadence><Extensions><ext:TPX><ext:Watts>76.78125</ext:Watts><ext:Torque>20</ext:Torque></ext:TPX></Extensions></Trackpoint><Trackpoint><Time>2025-09-14T11:34:03.367Z</Time><DistanceMeters>12534.289682010114</DistanceMeters><HeartRateBpm><Value>163</Value></HeartRateBpm><Cadence>26</Cadence><Extensions><ext:TPX><ext:Watts>73.36363636363636</ext:Watts><ext:Torque>20</ext:Torque></ext:TPX></Extensions></Trackpoint><Trackpoint><Time>2025-09-14T11:34:04.487Z</Time><DistanceMeters>12539.905644557779</DistanceMeters><HeartRateBpm><Value>163</Value></HeartRateBpm><Cadence>27</Cadence><Extensions><ext:TPX><ext:Watts>74.375</ext:Watts><ext:Torque>20</ext:Torque></ext:TPX></Extensions></Trackpoint><Trackpoint><Time>2025-09-14T11:34:05.642Z</Time><DistanceMeters>12545.475338200868</DistanceMeters><HeartRateBpm><Value>164</Value></HeartRateBpm><Cadence>26</Cadence><Extensions><ext:TPX><ext:Watts>71.03030303030303</ext:Watts><ext:Torque>20</ext:Torque></ext:TPX></Extensions></Trackpoint><Trackpoint><Time>2025-09-14T11:34:06.762Z</Time><DistanceMeters>12551.119616526084</DistanceMeters><HeartRateBpm><Value>164</Value></HeartRateBpm><Cadence>27</Cadence><Extensions><ext:TPX><ext:Watts>74.75</ext:Watts><ext:Torque>20</ext:Torque></ext:TPX></Extensions></Trackpoint><Trackpoint><Time>2025-09-14T11:34:07.888Z</Time><DistanceMeters>12557.057915912541</DistanceMeters><HeartRateBpm><Value>164</Value></HeartRateBpm><Cadence>26</Cadence><Extensions><ext:TPX><ext:Watts>77.1875</ext:Watts><ext:Torque>20</ext:Torque></ext:TPX></Extensions></Trackpoint><Trackpoint><Time>2025-09-14T11:34:09.008Z</Time><DistanceMeters>12562.655001275172</DistanceMeters><HeartRateBpm><Value>164</Value></HeartRateBpm><Cadence>27</Cadence><Extensions><ext:TPX><ext:Watts>74.125</ext:Watts><ext:Torque>20</ext:Torque></ext:TPX></Extensions></Trackpoint><Trackpoint><Time>2025-09-14T11:34:10.128Z</Time><DistanceMeters>12568.183656842055</DistanceMeters><HeartRateBpm><Value>164</Value></HeartRateBpm><Cadence>27</Cadence><Extensions><ext:TPX><ext:Watts>73.21875</ext:Watts><ext:Torque>20</ext:Torque></ext:TPX></Extensions></Trackpoint><Trackpoint><Time>2025-09-14T11:34:11.222Z</Time><DistanceMeters>12573.796458429997</DistanceMeters><HeartRateBpm><Value>164</Value></HeartRateBpm><Cadence>28</Cadence><Extensions><ext:TPX><ext:Watts>75.70967741935483</ext:Watts><ext:Torque>20</ext:Torque></ext:TPX></Extensions></Trackpoint><Trackpoint><Time>2025-09-14T11:34:12.343Z</Time><DistanceMeters>12579.369947311336</DistanceMeters><HeartRateBpm><Value>164</Value></HeartRateBpm><Cadence>27</Cadence><Extensions><ext:TPX><ext:Watts>73.8125</ext:Watts><ext:Torque>20</ext:Torque></ext:TPX></Extensions></Trackpoint><Trackpoint><Time>2025-09-14T11:34:13.462Z</Time><DistanceMeters>12584.582410028896</DistanceMeters><HeartRateBpm><Value>164</Value></HeartRateBpm><Cadence>27</Cadence><Extensions><ext:TPX><ext:Watts>69.03125</ext:Watts><ext:Torque>20</ext:Torque></ext:TPX></Extensions></Trackpoint><Trackpoint><Time>2025-09-14T11:34:14.582Z</Time><DistanceMeters>12589.827907820265</DistanceMeters><HeartRateBpm><Value>165</Value></HeartRateBpm><Cadence>27</Cadence><Extensions><ext:TPX><ext:Watts>69.46875</ext:Watts><ext:Torque>20</ext:Torque></ext:TPX></Extensions></Trackpoint><Trackpoint><Time>2025-09-14T11:34:15.703Z</Time><DistanceMeters>12595.375440572181</DistanceMeters><HeartRateBpm><Value>165</Value></HeartRateBpm><Cadence>27</Cadence><Extensions><ext:TPX><ext:Watts>73.46875</ext:Watts><ext:Torque>20</ext:Torque></ext:TPX></Extensions></Trackpoint><Trackpoint><Time>2025-09-14T11:34:16.822Z</Time><DistanceMeters>12600.665771678006</DistanceMeters><HeartRateBpm><Value>165</Value></HeartRateBpm><Cadence>27</Cadence><Extensions><ext:TPX><ext:Watts>70.0625</ext:Watts><ext:Torque>20</ext:Torque></ext:TPX></Extensions></Trackpoint><Trackpoint><Time>2025-09-14T11:34:17.943Z</Time><DistanceMeters>12606.128357097268</DistanceMeters><HeartRateBpm><Value>165</Value></HeartRateBpm><Cadence>27</Cadence><Extensions><ext:TPX><ext:Watts>72.34375</ext:Watts><ext:Torque>20</ext:Torque></ext:TPX></Extensions></Trackpoint><Trackpoint><Time>2025-09-14T11:34:19.063Z</Time><DistanceMeters>12611.354977703604</DistanceMeters><HeartRateBpm><Value>165</Value></HeartRateBpm><Cadence>27</Cadence><Extensions><ext:TPX><ext:Watts>69.21875</ext:Watts><ext:Torque>20</ext:Torque></ext:TPX></Extensions></Trackpoint><Trackpoint><Time>2025-09-14T11:34:20.148Z</Time><DistanceMeters>12616.84342237524</DistanceMeters><HeartRateBpm><Value>166</Value></HeartRateBpm><Cadence>28</Cadence><Extensions><ext:TPX><ext:Watts>74.03225806451613</ext:Watts><ext:Torque>20</ext:Torque></ext:TPX></Extensions></Trackpoint><Trackpoint><Time>2025-09-14T11:34:21.278Z</Time><DistanceMeters>12622.171062634505</DistanceMeters><HeartRateBpm><Value>166</Value></HeartRateBpm><Cadence>26</Cadence><Extensions><ext:TPX><ext:Watts>69.25</ext:Watts><ext:Torque>20</ext:Torque></ext:TPX></Extensions></Trackpoint><Trackpoint><Time>2025-09-14T11:34:22.398Z</Time><DistanceMeters>12627.600612979957</DistanceMeters><HeartRateBpm><Value>166</Value></HeartRateBpm><Cadence>27</Cadence><Extensions><ext:TPX><ext:Watts>71.90625</ext:Watts><ext:Torque>20</ext:Torque></ext:TPX></Extensions></Trackpoint><Trackpoint><Time>2025-09-14T11:34:23.483Z</Time><DistanceMeters>12633.002964401841</DistanceMeters><HeartRateBpm><Value>166</Value></HeartRateBpm><Cadence>28</Cadence><Extensions><ext:TPX><ext:Watts>72.87096774193549</ext:Watts><ext:Torque>20</ext:Torque></ext:TPX></Extensions></Trackpoint><Trackpoint><Time>2025-09-14T11:34:24.568Z</Time><DistanceMeters>12638.500974990115</DistanceMeters><HeartRateBpm><Value>166</Value></HeartRateBpm><Cadence>28</Cadence><Extensions><ext:TPX><ext:Watts>74.16129032258064</ext:Watts><ext:Torque>20</ext:Torque></ext:TPX></Extensions></Trackpoint><Trackpoint><Time>2025-09-14T11:34:25.693Z</Time><DistanceMeters>12643.756490155618</DistanceMeters><HeartRateBpm><Value>166</Value></HeartRateBpm><Cadence>26</Cadence><Extensions><ext:TPX><ext:Watts>68.3125</ext:Watts><ext:Torque>20</ext:Torque></ext:TPX></Extensions></Trackpoint><Trackpoint><Time>2025-09-14T11:34:26.778Z</Time><DistanceMeters>12649.127752348424</DistanceMeters><HeartRateBpm><Value>166</Value></HeartRateBpm><Cadence>28</Cadence><Extensions><ext:TPX><ext:Watts>72.45161290322581</ext:Watts><ext:Torque>20</ext:Torque></ext:TPX></Extensions></Trackpoint><Trackpoint><Time>2025-09-14T11:34:27.863Z</Time><DistanceMeters>12654.630545895017</DistanceMeters><HeartRateBpm><Value>167</Value></HeartRateBpm><Cadence>28</Cadence><Extensions><ext:TPX><ext:Watts>74.2258064516129</ext:Watts><ext:Torque>20</ext:Torque></ext:TPX></Extensions></Trackpoint><Trackpoint><Time>2025-09-14T11:34:28.983Z</Time><DistanceMeters>12659.838289316318</DistanceMeters><HeartRateBpm><Value>167</Value></HeartRateBpm><Cadence>27</Cadence><Extensions><ext:TPX><ext:Watts>68.96875</ext:Watts><ext:Torque>20</ext:Torque></ext:TPX></Extensions></Trackpoint><Trackpoint><Time>2025-09-14T11:34:30.068Z</Time><DistanceMeters>12665.25977257148</DistanceMeters><HeartRateBpm><Value>167</Value></HeartRateBpm><Cadence>28</Cadence><Extensions><ext:TPX><ext:Watts>73.12903225806451</ext:Watts><ext:Torque>20</ext:Torque></ext:TPX></Extensions></Trackpoint><Trackpoint><Time>2025-09-14T11:34:31.153Z</Time><DistanceMeters>12670.468414181425</DistanceMeters><HeartRateBpm><Value>167</Value></HeartRateBpm><Cadence>28</Cadence><Extensions><ext:TPX><ext:Watts>70.25806451612904</ext:Watts><ext:Torque>20</ext:Torque></ext:TPX></Extensions></Trackpoint><Trackpoint><Time>2025-09-14T11:34:32.238Z</Time><DistanceMeters>12675.571830708339</DistanceMeters><HeartRateBpm><Value>167</Value></HeartRateBpm><Cadence>28</Cadence><Extensions><ext:TPX><ext:Watts>68.83870967741936</ext:Watts><ext:Torque>20</ext:Torque></ext:TPX></Extensions></Trackpoint><Trackpoint><Time>2025-09-14T11:34:33.288Z</Time><DistanceMeters>12680.86539080634</DistanceMeters><HeartRateBpm><Value>167</Value></HeartRateBpm><Cadence>28</Cadence><Extensions><ext:TPX><ext:Watts>74.0</ext:Watts><ext:Torque>20</ext:Torque></ext:TPX></Extensions></Trackpoint><Trackpoint><Time>2025-09-14T11:34:34.303Z</Time><DistanceMeters>12686.163006343153</DistanceMeters><HeartRateBpm><Value>167</Value></HeartRateBpm><Cadence>30</Cadence><Extensions><ext:TPX><ext:Watts>76.65517241379311</ext:Watts><ext:Torque>20</ext:Torque></ext:TPX></Extensions></Trackpoint><Trackpoint><Time>2025-09-14T11:34:35.358Z</Time><DistanceMeters>12691.69501509422</DistanceMeters><HeartRateBpm><Value>168</Value></HeartRateBpm><Cadence>28</Cadence><Extensions><ext:TPX><ext:Watts>77.33333333333333</ext:Watts><ext:Torque>20</ext:Torque></ext:TPX></Extensions></Trackpoint><Trackpoint><Time>2025-09-14T11:34:36.408Z</Time><DistanceMeters>12697.13402887059</DistanceMeters><HeartRateBpm><Value>168</Value></HeartRateBpm><Cadence>28</Cadence><Extensions><ext:TPX><ext:Watts>76.03333333333333</ext:Watts><ext:Torque>20</ext:Torque></ext:TPX></Extensions></Trackpoint><Trackpoint><Time>2025-09-14T11:34:37.493Z</Time><DistanceMeters>12702.553120646593</DistanceMeters><HeartRateBpm><Value>168</Value></HeartRateBpm><Cadence>28</Cadence><Extensions><ext:TPX><ext:Watts>73.09677419354838</ext:Watts><ext:Torque>20</ext:Torque></ext:TPX></Extensions></Trackpoint><Trackpoint><Time>2025-09-14T11:34:38.543Z</Time><DistanceMeters>12707.841911771535</DistanceMeters><HeartRateBpm><Value>168</Value></HeartRateBpm><Cadence>28</Cadence><Extensions><ext:TPX><ext:Watts>73.93333333333334</ext:Watts><ext:Torque>20</ext:Torque></ext:TPX></Extensions></Trackpoint><Trackpoint><Time>2025-09-14T11:34:39.628Z</Time><DistanceMeters>12713.387751943004</DistanceMeters><HeartRateBpm><Value>168</Value></HeartRateBpm><Cadence>28</Cadence><Extensions><ext:TPX><ext:Watts>74.80645161290323</ext:Watts><ext:Torque>20</ext:Torque></ext:TPX></Extensions></Trackpoint><Trackpoint><Time>2025-09-14T11:34:40.723Z</Time><DistanceMeters>12718.823584073125</DistanceMeters><HeartRateBpm><Value>167</Value></HeartRateBpm><Cadence>28</Cadence><Extensions><ext:TPX><ext:Watts>73.3225806451613</ext:Watts><ext:Torque>20</ext:Torque></ext:TPX></Extensions></Trackpoint><Trackpoint><Time>2025-09-14T11:34:41.778Z</Time><DistanceMeters>12724.076607900106</DistanceMeters><HeartRateBpm><Value>167</Value></HeartRateBpm><Cadence>28</Cadence><Extensions><ext:TPX><ext:Watts>73.43333333333334</ext:Watts><ext:Torque>20</ext:Torque></ext:TPX></Extensions></Trackpoint><Trackpoint><Time>2025-09-14T11:34:42.863Z</Time><DistanceMeters>12729.636796946534</DistanceMeters><HeartRateBpm><Value>166</Value></HeartRateBpm><Cadence>28</Cadence><Extensions><ext:TPX><ext:Watts>75.0</ext:Watts><ext:Torque>20</ext:Torque></ext:TPX></Extensions></Trackpoint><Trackpoint><Time>2025-09-14T11:34:43.913Z</Time><DistanceMeters>12735.061503803721</DistanceMeters><HeartRateBpm><Value>166</Value></HeartRateBpm><Cadence>28</Cadence><Extensions><ext:TPX><ext:Watts>75.83333333333333</ext:Watts><ext:Torque>20</ext:Torque></ext:TPX></Extensions></Trackpoint><Trackpoint><Time>2025-09-14T11:34:44.963Z</Time><DistanceMeters>12740.319296603764</DistanceMeters><HeartRateBpm><Value>166</Value></HeartRateBpm><Cadence>28</Cadence><Extensions><ext:TPX><ext:Watts>73.5</ext:Watts><ext:Torque>20</ext:Torque></ext:TPX></Extensions></Trackpoint><Trackpoint><Time>2025-09-14T11:34:46.018Z</Time><DistanceMeters>12745.78215524544</DistanceMeters><HeartRateBpm><Value>166</Value></HeartRateBpm><Cadence>28</Cadence><Extensions><ext:TPX><ext:Watts>76.36666666666666</ext:Watts><ext:Torque>20</ext:Torque></ext:TPX></Extensions></Trackpoint><Trackpoint><Time>2025-09-14T11:34:47.068Z</Time><DistanceMeters>12751.061408424259</DistanceMeters><HeartRateBpm><Value>166</Value></HeartRateBpm><Cadence>28</Cadence><Extensions><ext:TPX><ext:Watts>73.8</ext:Watts><ext:Torque>20</ext:Torque></ext:TPX></Extensions></Trackpoint><Trackpoint><Time>2025-09-14T11:34:48.083Z</Time><DistanceMeters>12756.482944792342</DistanceMeters><HeartRateBpm><Value>167</Value></HeartRateBpm><Cadence>30</Cadence><Extensions><ext:TPX><ext:Watts>78.44827586206897</ext:Watts><ext:Torque>20</ext:Torque></ext:TPX></Extensions></Trackpoint><Trackpoint><Time>2025-09-14T11:34:49.138Z</Time><DistanceMeters>12761.879037811163</DistanceMeters><HeartRateBpm><Value>168</Value></HeartRateBpm><Cadence>28</Cadence><Extensions><ext:TPX><ext:Watts>75.43333333333334</ext:Watts><ext:Torque>20</ext:Torque></ext:TPX></Extensions></Trackpoint><Trackpoint><Time>2025-09-14T11:34:50.188Z</Time><DistanceMeters>12767.353818885493</DistanceMeters><HeartRateBpm><Value>167</Value></HeartRateBpm><Cadence>28</Cadence><Extensions><ext:TPX><ext:Watts>76.53333333333333</ext:Watts><ext:Torque>20</ext:Torque></ext:TPX></Extensions></Trackpoint><Trackpoint><Time>2025-09-14T11:34:51.238Z</Time><DistanceMeters>12771.927264051244</DistanceMeters><HeartRateBpm><Value>167</Value></HeartRateBpm><Cadence>28</Cadence><Extensions><ext:TPX><ext:Watts>63.93333333333333</ext:Watts><ext:Torque>20</ext:Torque></ext:TPX></Extensions></Trackpoint><Trackpoint><Time>2025-09-14T11:34:52.258Z</Time><DistanceMeters>12777.2892230966</DistanceMeters><HeartRateBpm><Value>167</Value></HeartRateBpm><Cadence>30</Cadence><Extensions><ext:TPX><ext:Watts>77.58620689655173</ext:Watts><ext:Torque>20</ext:Torque></ext:TPX></Extensions></Trackpoint><Trackpoint><Time>2025-09-14T11:34:53.343Z</Time><DistanceMeters>12782.74179558084</DistanceMeters><HeartRateBpm><Value>167</Value></HeartRateBpm><Cadence>28</Cadence><Extensions><ext:TPX><ext:Watts>73.54838709677419</ext:Watts><ext:Torque>20</ext:Torque></ext:TPX></Extensions></Trackpoint><Trackpoint><Time>2025-09-14T11:34:54.393Z</Time><DistanceMeters>12788.161733464965</DistanceMeters><HeartRateBpm><Value>167</Value></HeartRateBpm><Cadence>28</Cadence><Extensions><ext:TPX><ext:Watts>75.76666666666667</ext:Watts><ext:Torque>20</ext:Torque></ext:TPX></Extensions></Trackpoint><Trackpoint><Time>2025-09-14T11:34:55.443Z</Time><DistanceMeters>12793.624592106642</DistanceMeters><HeartRateBpm><Value>167</Value></HeartRateBpm><Cadence>28</Cadence><Extensions><ext:TPX><ext:Watts>76.36666666666666</ext:Watts><ext:Torque>20</ext:Torque></ext:TPX></Extensions></Trackpoint><Trackpoint><Time>2025-09-14T11:34:56.493Z</Time><DistanceMeters>12799.023069611992</DistanceMeters><HeartRateBpm><Value>167</Value></HeartRateBpm><Cadence>28</Cadence><Extensions><ext:TPX><ext:Watts>75.46666666666667</ext:Watts><ext:Torque>20</ext:Torque></ext:TPX></Extensions></Trackpoint><Trackpoint><Time>2025-09-14T11:34:57.543Z</Time><DistanceMeters>12804.268939979382</DistanceMeters><HeartRateBpm><Value>167</Value></HeartRateBpm><Cadence>28</Cadence><Extensions><ext:TPX><ext:Watts>73.33333333333333</ext:Watts><ext:Torque>20</ext:Torque></ext:TPX></Extensions></Trackpoint><Trackpoint><Time>2025-09-14T11:34:58.593Z</Time><DistanceMeters>12808.923457687175</DistanceMeters><HeartRateBpm><Value>167</Value></HeartRateBpm><Cadence>28</Cadence><Extensions><ext:TPX><ext:Watts>65.06666666666666</ext:Watts><ext:Torque>20</ext:Torque></ext:TPX></Extensions></Trackpoint><Trackpoint><Time>2025-09-14T11:34:59.609Z</Time><DistanceMeters>12813.923186610356</DistanceMeters><HeartRateBpm><Value>167</Value></HeartRateBpm><Cadence>30</Cadence><Extensions><ext:TPX><ext:Watts>72.34482758620689</ext:Watts><ext:Torque>20</ext:Torque></ext:TPX></Extensions></Trackpoint><Trackpoint><Time>2025-09-14T11:35:00.658Z</Time><DistanceMeters>12818.613471616109</DistanceMeters><HeartRateBpm><Value>167</Value></HeartRateBpm><Cadence>28</Cadence><Extensions><ext:TPX><ext:Watts>65.56666666666666</ext:Watts><ext:Torque>20</ext:Torque></ext:TPX></Extensions></Trackpoint><Trackpoint><Time>2025-09-14T11:35:01.673Z</Time><DistanceMeters>12823.608434353473</DistanceMeters><HeartRateBpm><Value>167</Value></HeartRateBpm><Cadence>30</Cadence><Extensions><ext:TPX><ext:Watts>72.27586206896552</ext:Watts><ext:Torque>20</ext:Torque></ext:TPX></Extensions></Trackpoint><Trackpoint><Time>2025-09-14T11:35:02.723Z</Time><DistanceMeters>12828.241491682491</DistanceMeters><HeartRateBpm><Value>167</Value></HeartRateBpm><Cadence>28</Cadence><Extensions><ext:TPX><ext:Watts>64.76666666666667</ext:Watts><ext:Torque>20</ext:Torque></ext:TPX></Extensions></Trackpoint><Trackpoint><Time>2025-09-14T11:35:03.773Z</Time><DistanceMeters>12833.077230366613</DistanceMeters><HeartRateBpm><Value>167</Value></HeartRateBpm><Cadence>28</Cadence><Extensions><ext:TPX><ext:Watts>67.6</ext:Watts><ext:Torque>20</ext:Torque></ext:TPX></Extensions></Trackpoint><Trackpoint><Time>2025-09-14T11:35:04.759Z</Time><DistanceMeters>12837.906695114862</DistanceMeters><HeartRateBpm><Value>167</Value></HeartRateBpm><Cadence>30</Cadence><Extensions><ext:TPX><ext:Watts>72.25</ext:Watts><ext:Torque>20</ext:Torque></ext:TPX></Extensions></Trackpoint><Trackpoint><Time>2025-09-14T11:35:05.809Z</Time><DistanceMeters>12842.682821635717</DistanceMeters><HeartRateBpm><Value>167</Value></HeartRateBpm><Cadence>28</Cadence><Extensions><ext:TPX><ext:Watts>66.76666666666667</ext:Watts><ext:Torque>20</ext:Torque></ext:TPX></Extensions></Trackpoint><Trackpoint><Time>2025-09-14T11:35:06.789Z</Time><DistanceMeters>12846.760293603098</DistanceMeters><HeartRateBpm><Value>167</Value></HeartRateBpm><Cadence>30</Cadence><Extensions><ext:TPX><ext:Watts>61.0</ext:Watts><ext:Torque>20</ext:Torque></ext:TPX></Extensions></Trackpoint><Trackpoint><Time>2025-09-14T11:35:07.803Z</Time><DistanceMeters>12851.719509946826</DistanceMeters><HeartRateBpm><Value>168</Value></HeartRateBpm><Cadence>30</Cadence><Extensions><ext:TPX><ext:Watts>71.75862068965517</ext:Watts><ext:Torque>20</ext:Torque></ext:TPX></Extensions></Trackpoint><Trackpoint><Time>2025-09-14T11:35:08.819Z</Time><DistanceMeters>12856.781199285642</DistanceMeters><HeartRateBpm><Value>168</Value></HeartRateBpm><Cadence>30</Cadence><Extensions><ext:TPX><ext:Watts>73.24137931034483</ext:Watts><ext:Torque>20</ext:Torque></ext:TPX></Extensions></Trackpoint><Trackpoint><Time>2025-09-14T11:35:09.834Z</Time><DistanceMeters>12861.730883257735</DistanceMeters><HeartRateBpm><Value>168</Value></HeartRateBpm><Cadence>30</Cadence><Extensions><ext:TPX><ext:Watts>71.62068965517241</ext:Watts><ext:Torque>20</ext:Torque></ext:TPX></Extensions></Trackpoint><Trackpoint><Time>2025-09-14T11:35:10.849Z</Time><DistanceMeters>12866.566178770192</DistanceMeters><HeartRateBpm><Value>168</Value></HeartRateBpm><Cadence>30</Cadence><Extensions><ext:TPX><ext:Watts>69.96551724137932</ext:Watts><ext:Torque>20</ext:Torque></ext:TPX></Extensions></Trackpoint><Trackpoint><Time>2025-09-14T11:35:11.869Z</Time><DistanceMeters>12871.29661819465</DistanceMeters><HeartRateBpm><Value>168</Value></HeartRateBpm><Cadence>30</Cadence><Extensions><ext:TPX><ext:Watts>68.44827586206897</ext:Watts><ext:Torque>20</ext:Torque></ext:TPX></Extensions></Trackpoint><Trackpoint><Time>2025-09-14T11:35:12.919Z</Time><DistanceMeters>12876.246812232243</DistanceMeters><HeartRateBpm><Value>168</Value></HeartRateBpm><Cadence>28</Cadence><Extensions><ext:TPX><ext:Watts>69.2</ext:Watts><ext:Torque>20</ext:Torque></ext:TPX></Extensions></Trackpoint><Trackpoint><Time>2025-09-14T11:35:13.969Z</Time><DistanceMeters>12881.22085113514</DistanceMeters><HeartRateBpm><Value>169</Value></HeartRateBpm><Cadence>28</Cadence><Extensions><ext:TPX><ext:Watts>69.53333333333333</ext:Watts><ext:Torque>20</ext:Torque></ext:TPX></Extensions></Trackpoint><Trackpoint><Time>2025-09-14T11:35:15.019Z</Time><DistanceMeters>12886.056589819262</DistanceMeters><HeartRateBpm><Value>169</Value></HeartRateBpm><Cadence>28</Cadence><Extensions><ext:TPX><ext:Watts>67.6</ext:Watts><ext:Torque>20</ext:Torque></ext:TPX></Extensions></Trackpoint><Trackpoint><Time>2025-09-14T11:35:16.034Z</Time><DistanceMeters>12889.840941358829</DistanceMeters><HeartRateBpm><Value>169</Value></HeartRateBpm><Cadence>30</Cadence><Extensions><ext:TPX><ext:Watts>54.758620689655174</ext:Watts><ext:Torque>20</ext:Torque></ext:TPX></Extensions></Trackpoint><Trackpoint><Time>2025-09-14T11:35:17.083Z</Time><DistanceMeters>12894.049560085394</DistanceMeters><HeartRateBpm><Value>169</Value></HeartRateBpm><Cadence>28</Cadence><Extensions><ext:TPX><ext:Watts>58.833333333333336</ext:Watts><ext:Torque>20</ext:Torque></ext:TPX></Extensions></Trackpoint><Trackpoint><Time>2025-09-14T11:35:18.134Z</Time><DistanceMeters>12898.305868542571</DistanceMeters><HeartRateBpm><Value>169</Value></HeartRateBpm><Cadence>28</Cadence><Extensions><ext:TPX><ext:Watts>59.5</ext:Watts><ext:Torque>20</ext:Torque></ext:TPX></Extensions></Trackpoint><Trackpoint><Time>2025-09-14T11:35:19.183Z</Time><DistanceMeters>12902.211657479746</DistanceMeters><HeartRateBpm><Value>169</Value></HeartRateBpm><Cadence>28</Cadence><Extensions><ext:TPX><ext:Watts>54.6</ext:Watts><ext:Torque>20</ext:Torque></ext:TPX></Extensions></Trackpoint><Trackpoint><Time>2025-09-14T11:35:20.233Z</Time><DistanceMeters>12906.401200314065</DistanceMeters><HeartRateBpm><Value>169</Value></HeartRateBpm><Cadence>28</Cadence><Extensions><ext:TPX><ext:Watts>58.56666666666667</ext:Watts><ext:Torque>20</ext:Torque></ext:TPX></Extensions></Trackpoint><Trackpoint><Time>2025-09-14T11:35:21.254Z</Time><DistanceMeters>12910.476289188537</DistanceMeters><HeartRateBpm><Value>169</Value></HeartRateBpm><Cadence>30</Cadence><Extensions><ext:TPX><ext:Watts>58.96551724137931</ext:Watts><ext:Torque>20</ext:Torque></ext:TPX></Extensions></Trackpoint><Trackpoint><Time>2025-09-14T11:35:22.269Z</Time><DistanceMeters>12914.46796981119</DistanceMeters><HeartRateBpm><Value>169</Value></HeartRateBpm><Cadence>30</Cadence><Extensions><ext:TPX><ext:Watts>57.758620689655174</ext:Watts><ext:Torque>20</ext:Torque></ext:TPX></Extensions></Trackpoint><Trackpoint><Time>2025-09-14T11:35:23.284Z</Time><DistanceMeters>12918.32143104512</DistanceMeters><HeartRateBpm><Value>169</Value></HeartRateBpm><Cadence>30</Cadence><Extensions><ext:TPX><ext:Watts>55.758620689655174</ext:Watts><ext:Torque>20</ext:Torque></ext:TPX></Extensions></Trackpoint><Trackpoint><Time>2025-09-14T11:35:24.299Z</Time><DistanceMeters>12921.907985873237</DistanceMeters><HeartRateBpm><Value>169</Value></HeartRateBpm><Cadence>30</Cadence><Extensions><ext:TPX><ext:Watts>51.89655172413793</ext:Watts><ext:Torque>20</ext:Torque></ext:TPX></Extensions></Trackpoint><Trackpoint><Time>2025-09-14T11:35:25.349Z</Time><DistanceMeters>12925.873386973677</DistanceMeters><HeartRateBpm><Value>169</Value></HeartRateBpm><Cadence>28</Cadence><Extensions><ext:TPX><ext:Watts>55.43333333333333</ext:Watts><ext:Torque>20</ext:Torque></ext:TPX></Extensions></Trackpoint><Trackpoint><Time>2025-09-14T11:35:26.434Z</Time><DistanceMeters>12930.242619398547</DistanceMeters><HeartRateBpm><Value>169</Value></HeartRateBpm><Cadence>28</Cadence><Extensions><ext:TPX><ext:Watts>58.935483870967744</ext:Watts><ext:Torque>20</ext:Torque></ext:TPX></Extensions></Trackpoint><Trackpoint><Time>2025-09-14T11:35:27.484Z</Time><DistanceMeters>12934.432162232866</DistanceMeters><HeartRateBpm><Value>169</Value></HeartRateBpm><Cadence>28</Cadence><Extensions><ext:TPX><ext:Watts>58.56666666666667</ext:Watts><ext:Torque>20</ext:Torque></ext:TPX></Extensions></Trackpoint><Trackpoint><Time>2025-09-14T11:35:28.534Z</Time><DistanceMeters>12938.669394797798</DistanceMeters><HeartRateBpm><Value>169</Value></HeartRateBpm><Cadence>28</Cadence><Extensions><ext:TPX><ext:Watts>59.233333333333334</ext:Watts><ext:Torque>20</ext:Torque></ext:TPX></Extensions></Trackpoint><Trackpoint><Time>2025-09-14T11:35:29.584Z</Time><DistanceMeters>12942.899473903139</DistanceMeters><HeartRateBpm><Value>169</Value></HeartRateBpm><Cadence>28</Cadence><Extensions><ext:TPX><ext:Watts>59.13333333333333</ext:Watts><ext:Torque>20</ext:Torque></ext:TPX></Extensions></Trackpoint><Trackpoint><Time>2025-09-14T11:35:30.634Z</Time><DistanceMeters>12947.542069178278</DistanceMeters><HeartRateBpm><Value>169</Value></HeartRateBpm><Cadence>28</Cadence><Extensions><ext:TPX><ext:Watts>64.9</ext:Watts><ext:Torque>20</ext:Torque></ext:TPX></Extensions></Trackpoint><Trackpoint><Time>2025-09-14T11:35:31.719Z</Time><DistanceMeters>12952.167189873242</DistanceMeters><HeartRateBpm><Value>169</Value></HeartRateBpm><Cadence>28</Cadence><Extensions><ext:TPX><ext:Watts>62.38709677419355</ext:Watts><ext:Torque>20</ext:Torque></ext:TPX></Extensions></Trackpoint><Trackpoint><Time>2025-09-14T11:35:32.844Z</Time><DistanceMeters>12956.696645761534</DistanceMeters><HeartRateBpm><Value>169</Value></HeartRateBpm><Cadence>26</Cadence><Extensions><ext:TPX><ext:Watts>58.875</ext:Watts><ext:Torque>20</ext:Torque></ext:TPX></Extensions></Trackpoint><Trackpoint><Time>2025-09-14T11:35:34.034Z</Time><DistanceMeters>12961.076330357086</DistanceMeters><HeartRateBpm><Value>169</Value></HeartRateBpm><Cadence>25</Cadence><Extensions><ext:TPX><ext:Watts>53.705882352941174</ext:Watts><ext:Torque>20</ext:Torque></ext:TPX></Extensions></Trackpoint><Trackpoint><Time>2025-09-14T11:35:35.190Z</Time><DistanceMeters>12965.355775003503</DistanceMeters><HeartRateBpm><Value>168</Value></HeartRateBpm><Cadence>26</Cadence><Extensions><ext:TPX><ext:Watts>54.57575757575758</ext:Watts><ext:Torque>20</ext:Torque></ext:TPX></Extensions></Trackpoint><Trackpoint><Time>2025-09-14T11:35:36.309Z</Time><DistanceMeters>12968.812659512885</DistanceMeters><HeartRateBpm><Value>169</Value></HeartRateBpm><Cadence>27</Cadence><Extensions><ext:TPX><ext:Watts>45.78125</ext:Watts><ext:Torque>20</ext:Torque></ext:TPX></Extensions></Trackpoint><Trackpoint><Time>2025-09-14T11:35:37.429Z</Time><DistanceMeters>12972.347412410532</DistanceMeters><HeartRateBpm><Value>170</Value></HeartRateBpm><Cadence>27</Cadence><Extensions><ext:TPX><ext:Watts>46.8125</ext:Watts><ext:Torque>20</ext:Torque></ext:TPX></Extensions></Trackpoint><Trackpoint><Time>2025-09-14T11:35:38.554Z</Time><DistanceMeters>12975.862308646565</DistanceMeters><HeartRateBpm><Value>171</Value></HeartRateBpm><Cadence>26</Cadence><Extensions><ext:TPX><ext:Watts>45.6875</ext:Watts><ext:Torque>20</ext:Torque></ext:TPX></Extensions></Trackpoint><Trackpoint><Time>2025-09-14T11:35:39.674Z</Time><DistanceMeters>12979.172894971933</DistanceMeters><HeartRateBpm><Value>171</Value></HeartRateBpm><Cadence>27</Cadence><Extensions><ext:TPX><ext:Watts>43.84375</ext:Watts><ext:Torque>20</ext:Torque></ext:TPX></Extensions></Trackpoint><Trackpoint><Time>2025-09-14T11:35:40.759Z</Time><DistanceMeters>12982.549663545506</DistanceMeters><HeartRateBpm><Value>171</Value></HeartRateBpm><Cadence>28</Cadence><Extensions><ext:TPX><ext:Watts>45.54838709677419</ext:Watts><ext:Torque>20</ext:Torque></ext:TPX></Extensions></Trackpoint><Trackpoint><Time>2025-09-14T11:35:41.879Z</Time><DistanceMeters>12985.99710946237</DistanceMeters><HeartRateBpm><Value>170</Value></HeartRateBpm><Cadence>27</Cadence><Extensions><ext:TPX><ext:Watts>45.65625</ext:Watts><ext:Torque>20</ext:Torque></ext:TPX></Extensions></Trackpoint><Trackpoint><Time>2025-09-14T11:35:43.004Z</Time><DistanceMeters>12989.389393039006</DistanceMeters><HeartRateBpm><Value>170</Value></HeartRateBpm><Cadence>26</Cadence><Extensions><ext:TPX><ext:Watts>44.09375</ext:Watts><ext:Torque>20</ext:Torque></ext:TPX></Extensions></Trackpoint><Trackpoint><Time>2025-09-14T11:35:44.124Z</Time><DistanceMeters>12992.756610919476</DistanceMeters><HeartRateBpm><Value>170</Value></HeartRateBpm><Cadence>27</Cadence><Extensions><ext:TPX><ext:Watts>44.59375</ext:Watts><ext:Torque>20</ext:Torque></ext:TPX></Extensions></Trackpoint><Trackpoint><Time>2025-09-14T11:35:45.244Z</Time><DistanceMeters>12996.062477948584</DistanceMeters><HeartRateBpm><Value>170</Value></HeartRateBpm><Cadence>27</Cadence><Extensions><ext:TPX><ext:Watts>43.78125</ext:Watts><ext:Torque>20</ext:Torque></ext:TPX></Extensions></Trackpoint><Trackpoint><Time>2025-09-14T11:35:46.399Z</Time><DistanceMeters>12999.505518088872</DistanceMeters><HeartRateBpm><Value>170</Value></HeartRateBpm><Cadence>26</Cadence><Extensions><ext:TPX><ext:Watts>43.90909090909091</ext:Watts><ext:Torque>20</ext:Torque></ext:TPX></Extensions></Trackpoint><Trackpoint><Time>2025-09-14T11:35:47.554Z</Time><DistanceMeters>13002.801236980922</DistanceMeters><HeartRateBpm><Value>169</Value></HeartRateBpm><Cadence>26</Cadence><Extensions><ext:TPX><ext:Watts>42.03030303030303</ext:Watts><ext:Torque>20</ext:Torque></ext:TPX></Extensions></Trackpoint><Trackpoint><Time>2025-09-14T11:35:48.849Z</Time><DistanceMeters>13006.104899638394</DistanceMeters><HeartRateBpm><Value>169</Value></HeartRateBpm><Cadence>23</Cadence><Extensions><ext:TPX><ext:Watts>37.270270270270274</ext:Watts><ext:Torque>20</ext:Torque></ext:TPX></Extensions></Trackpoint><Trackpoint><Time>2025-09-14T11:35:49.549Z</Time><DistanceMeters>13006.180759581974</DistanceMeters><HeartRateBpm><Value>169</Value></HeartRateBpm><Cadence>43</Cadence><Extensions><ext:TPX><ext:Watts>1.6</ext:Watts><ext:Torque>20</ext:Torque></ext:TPX></Extensions></Trackpoint></Track></Lap></Activity></Activities></TrainingCenterDatabase>