TIMESTAMP;PULL_CADENCE;MAX_POWER;MAX_SPEED;MAX_TORQUE
2025-01-09_16:42:29.886;0.00;5;0.0;40.0
2025-01-09_16:42:30.126;0.00;21;116.6;40.0
2025-01-09_16:42:30.846;83.33;22;102.7;40.0
2025-01-09_16:42:31.266;0.00;15;44.4;40.0
2025-01-09_16:42:31.506;0.00;11;16.5;40.0
2025-01-09_16:42:31.776;0.00;11;9.6;40.0
2025-01-09_16:42:32.947;51.24;11;93.5;40.0
2025-01-09_16:42:33.516;0.00;4;0.8;40.0
2025-01-09_16:42:33.636;0.00;4;0.9;40.0
2025-01-09_16:42:34.566;64.52;6;44.7;40.0
2025-01-09_16:42:39.996;0.00;0;0.1;40.0
2025-01-09_16:42:42.156;27.78;0;0.1;40.0
2025-01-09_16:42:43.776;37.04;0;0.2;40.0
2025-01-09_16:42:49.026;0.00;0;0.1;40.0
2025-01-09_16:43:02.496;0.00;0;0.1;40.0
2025-01-09_16:43:03.276;76.92;0;0.1;40.0
2025-01-09_16:43:05.646;25.32;0;0.1;40.0
2025-01-09_16:43:06.006;0.00;0;0.1;40.0
2025-01-09_16:43:06.576;0.00;0;0.1;40.0
2025-01-09_16:43:08.766;27.40;94;368.6;40.0
2025-01-09_16:43:09.792;58.48;20;1.3;40.0
2025-01-09_16:43:10.091;0.00;20;3.4;40.0
2025-01-09_16:43:11.682;37.71;172;802.6;40.0
2025-01-09_16:43:13.122;41.67;187;842.3;40.0
2025-01-09_16:43:14.412;46.51;207;982.1;40.0
2025-01-09_16:43:15.761;44.48;193;902.8;40.0
2025-01-09_16:43:17.082;45.42;190;922.9;40.0
2025-01-09_16:43:18.312;48.78;210;981.2;40.0
2025-01-09_16:43:19.602;46.51;206;954.8;40.0
2025-01-09_16:43:20.892;46.51;189;863.2;40.0
2025-01-09_16:43:22.152;47.62;197;907.6;40.0
2025-01-09_16:43:23.352;50.00;208;954.4;40.0
2025-01-09_16:43:24.522;51.28;198;906.7;40.0
2025-01-09_16:43:25.812;46.51;194;902.6;40.0
2025-01-09_16:43:26.982;51.28;217;1008.8;40.0
2025-01-09_16:43:28.182;50.00;208;970.3;40.0
2025-01-09_16:43:29.322;52.63;208;983.7;40.0
2025-01-09_16:43:30.462;52.63;206;966.2;40.0
2025-01-09_16:43:31.272;74.07;111;656.5;40.0
2025-01-09_16:43:31.632;0.00;0;0.1;40.0
2025-01-09_16:43:40.062;0.00;212;1485.4;40.0
2025-01-09_16:43:41.382;45.45;175;855.1;40.0
2025-01-09_16:43:42.552;51.28;194;898.9;40.0
2025-01-09_16:43:43.842;46.51;180;815.4;40.0
2025-01-09_16:43:45.107;47.43;193;939.3;40.0
2025-01-09_16:43:46.337;48.78;201;966.7;40.0
2025-01-09_16:43:47.627;46.51;192;899.9;40.0
2025-01-09_16:43:48.857;48.78;164;709.7;40.0
2025-01-09_16:43:50.057;50.00;176;834.5;40.0
2025-01-09_16:43:51.228;51.24;204;947.3;40.0
2025-01-09_16:43:52.307;55.61;225;1055.7;40.0
2025-01-09_16:43:53.447;52.63;219;1010.5;40.0
2025-01-09_16:43:54.617;51.28;203;972.7;40.0
2025-01-09_16:43:55.697;55.56;227;1065.5;40.0
2025-01-09_16:43:56.897;50.00;221;1067.0;40.0
2025-01-09_16:43:58.007;54.05;219;1035.4;40.0
2025-01-09_16:43:59.147;52.63;217;1021.3;40.0
2025-01-09_16:44:00.317;51.28;192;929.3;40.0
2025-01-09_16:44:01.457;52.63;205;977.6;40.0
2025-01-09_16:44:02.597;52.63;211;1017.1;40.0
2025-01-09_16:44:03.707;54.05;217;1005.2;40.0
2025-01-09_16:44:05.657;30.77;213;994.2;40.0
2025-01-09_16:44:07.007;44.44;0;0.1;40.0
2025-01-09_16:44:07.427;0.00;0;0.1;40.0
2025-01-09_16:44:13.127;0.00;0;0.1;40.0
2025-01-09_16:44:14.418;46.48;0;0.1;40.0
2025-01-09_16:44:14.957;0.00;0;0.1;40.0
2025-01-09_16:44:17.267;25.97;9;83.9;40.0
2025-01-09_16:44:18.857;37.74;196;914.3;40.0
2025-01-09_16:44:20.118;47.58;183;855.6;40.0
2025-01-09_16:44:21.288;51.28;208;968.7;40.0
2025-01-09_16:44:22.549;47.58;190;894.5;40.0
2025-01-09_16:44:23.718;51.33;207;978.5;40.0
2025-01-09_16:44:24.978;47.62;188;874.4;40.0
2025-01-09_16:44:26.178;50.00;203;1012.2;40.0
2025-01-09_16:44:27.438;47.62;198;993.8;40.0
2025-01-09_16:44:28.578;52.63;226;1059.6;40.0
2025-01-09_16:44:29.808;48.78;239;1132.9;40.0
2025-01-09_16:44:31.008;50.00;210;1007.9;40.0
2025-01-09_16:44:32.208;50.00;211;1064.9;40.0
2025-01-09_16:44:33.378;51.28;230;1081.0;40.0
2025-01-09_16:44:34.548;51.28;226;1068.4;40.0
2025-01-09_16:44:35.719;51.24;227;1103.2;40.0
2025-01-09_16:44:36.918;50.04;216;1042.3;40.0
2025-01-09_16:44:38.028;54.05;208;981.6;40.0
2025-01-09_16:44:39.198;51.28;221;1052.3;40.0
2025-01-09_16:44:40.338;52.63;225;1082.8;40.0
2025-01-09_16:44:41.478;52.63;213;1026.9;40.0
2025-01-09_16:44:42.648;51.28;219;1061.8;40.0
2025-01-09_16:44:43.758;54.05;228;1091.5;40.0
2025-01-09_16:44:44.928;51.28;218;1077.1;40.0
2025-01-09_16:44:46.038;54.05;240;1153.2;40.0
2025-01-09_16:44:47.208;51.28;218;1044.9;40.0
2025-01-09_16:44:48.318;54.05;231;1128.8;40.0
2025-01-09_16:44:49.458;52.63;227;1090.8;40.0
2025-01-09_16:44:50.598;52.63;226;1136.6;40.0
2025-01-09_16:44:51.738;52.63;225;1102.0;40.0
2025-01-09_16:44:52.878;52.63;231;1103.9;40.0
2025-01-09_16:44:54.018;52.63;237;1137.7;40.0
2025-01-09_16:44:55.158;52.63;226;1093.7;40.0
2025-01-09_16:44:56.298;52.63;225;1122.8;40.0
2025-01-09_16:44:57.438;52.63;233;1149.6;40.0
2025-01-09_16:44:58.578;52.63;228;1104.8;40.0
2025-01-09_16:44:59.688;54.05;247;1206.6;40.0
2025-01-09_16:45:00.798;54.05;241;1208.0;40.0
2025-01-09_16:45:01.908;54.05;248;1213.4;40.0
2025-01-09_16:45:03.288;43.48;213;1122.3;40.0
2025-01-09_16:45:03.468;0.00;4;0.2;40.0
2025-01-09_16:45:04.908;41.67;194;988.1;40.0
2025-01-09_16:45:06.108;50.00;209;1036.6;40.0
2025-01-09_16:45:07.278;51.28;239;1160.1;40.0
2025-01-09_16:45:08.448;51.28;238;1133.0;40.0
2025-01-09_16:45:09.618;51.28;232;1117.8;40.0
2025-01-09_16:45:10.818;50.00;222;1073.7;40.0
2025-01-09_16:45:11.958;52.63;231;1101.5;40.0
2025-01-09_16:45:13.128;51.28;228;1100.3;40.0
2025-01-09_16:45:14.298;51.28;236;1128.5;40.0
2025-01-09_16:45:15.498;50.00;232;1144.3;40.0
2025-01-09_16:45:16.668;51.28;239;1166.2;40.0
2025-01-09_16:45:17.838;51.28;236;1171.2;40.0
2025-01-09_16:45:19.008;51.28;237;1173.4;40.0
2025-01-09_16:45:20.208;50.00;210;1098.3;40.0
2025-01-09_16:45:21.378;51.28;231;1147.7;40.0
2025-01-09_16:45:22.518;52.63;248;1174.2;40.0
2025-01-09_16:45:23.688;51.28;231;1163.3;40.0
2025-01-09_16:45:24.858;51.28;243;1148.9;40.0
2025-01-09_16:45:25.998;52.63;249;1206.1;40.0
2025-01-09_16:45:27.168;51.28;240;1159.1;40.0
2025-01-09_16:45:28.308;52.63;236;1177.7;40.0
2025-01-09_16:45:29.478;51.28;236;1135.3;40.0
2025-01-09_16:45:30.589;54.01;241;1162.5;40.0
2025-01-09_16:45:31.729;52.63;239;1165.0;40.0
2025-01-09_16:45:32.899;51.28;229;1141.7;40.0
2025-01-09_16:45:34.039;52.63;232;1155.0;40.0
2025-01-09_16:45:35.209;51.28;234;1130.7;40.0
2025-01-09_16:45:36.378;51.33;239;1167.9;40.0
2025-01-09_16:45:37.549;51.24;247;1195.9;40.0
2025-01-09_16:45:38.719;51.28;231;1134.6;40.0
2025-01-09_16:45:39.829;54.05;238;1174.2;40.0
2025-01-09_16:45:40.999;51.28;235;1136.8;40.0
2025-01-09_16:45:42.199;50.00;229;1159.6;40.0
2025-01-09_16:45:43.339;52.63;238;1182.9;40.0
2025-01-09_16:45:44.509;51.28;234;1149.6;40.0
2025-01-09_16:45:45.619;54.05;237;1174.2;40.0
2025-01-09_16:45:46.789;51.28;233;1110.9;40.0
2025-01-09_16:45:47.934;52.40;239;1133.7;40.0
2025-01-09_16:45:49.104;51.28;224;1124.4;40.0
2025-01-09_16:45:50.274;51.28;244;1188.8;40.0
2025-01-09_16:45:51.414;52.63;240;1140.9;40.0
2025-01-09_16:45:52.554;52.63;241;1206.7;40.0
2025-01-09_16:45:53.724;51.28;237;1142.9;40.0
2025-01-09_16:45:54.864;52.63;252;1245.9;40.0
2025-01-09_16:45:55.974;54.05;246;1183.2;40.0
2025-01-09_16:45:57.114;52.63;232;1174.7;40.0
2025-01-09_16:45:58.284;51.28;228;1131.2;40.0
2025-01-09_16:45:59.454;51.28;229;1169.8;40.0
2025-01-09_16:46:00.624;51.28;231;1128.6;40.0
2025-01-09_16:46:01.764;52.63;250;1200.3;40.0
2025-01-09_16:46:02.904;52.63;257;1255.8;40.0
2025-01-09_16:46:04.074;51.28;253;1214.8;40.0
2025-01-09_16:46:05.244;51.28;235;1163.0;40.0
2025-01-09_16:46:06.385;52.59;268;1300.6;40.0
2025-01-09_16:46:07.554;51.33;245;1185.6;40.0
2025-01-09_16:46:08.664;54.05;268;1309.2;40.0
2025-01-09_16:46:09.864;50.00;240;1161.5;40.0
2025-01-09_16:46:11.004;52.63;274;1306.0;40.0
2025-01-09_16:46:12.114;54.05;253;1217.9;40.0
2025-01-09_16:46:13.254;52.63;230;1112.0;40.0
2025-01-09_16:46:14.394;52.63;241;1200.3;40.0
2025-01-09_16:46:15.534;52.63;241;1172.8;40.0
2025-01-09_16:46:16.674;52.63;245;1259.7;40.0
2025-01-09_16:46:17.874;50.00;223;1112.0;40.0
2025-01-09_16:46:19.044;51.28;234;1189.9;40.0
2025-01-09_16:46:20.214;51.28;231;1113.2;40.0
2025-01-09_16:46:21.354;52.63;254;1248.7;40.0
2025-01-09_16:46:22.554;50.00;265;1292.9;40.0
2025-01-09_16:46:23.754;50.00;249;1214.0;40.0
2025-01-09_16:46:24.924;51.28;234;1185.5;40.0
2025-01-09_16:46:26.124;50.00;273;1322.5;40.0
2025-01-09_16:46:27.324;50.00;281;1353.5;40.0
2025-01-09_16:46:28.494;51.28;282;1329.9;40.0
2025-01-09_16:46:29.694;50.00;258;1214.3;40.0
2025-01-09_16:46:30.895;49.96;244;1164.5;40.0
2025-01-09_16:46:32.095;50.00;258;1222.4;40.0
2025-01-09_16:46:33.265;51.28;260;1240.4;40.0
2025-01-09_16:46:34.465;50.00;251;1192.3;40.0
2025-01-09_16:46:35.635;51.28;245;1195.3;40.0
2025-01-09_16:46:36.805;51.28;230;1127.1;40.0
2025-01-09_16:46:37.975;51.28;240;1140.4;40.0
2025-01-09_16:46:39.145;51.28;248;1210.0;40.0
2025-01-09_16:46:40.315;51.28;249;1195.9;40.0
2025-01-09_16:46:41.515;50.00;241;1148.3;40.0
2025-01-09_16:46:42.655;52.63;252;1224.1;40.0
2025-01-09_16:46:43.825;51.28;244;1172.5;40.0
2025-01-09_16:46:44.995;51.28;239;1209.7;40.0
2025-01-09_16:46:46.165;51.28;252;1218.7;40.0
2025-01-09_16:46:47.275;54.05;262;1293.5;40.0
2025-01-09_16:46:48.475;50.00;248;1199.4;40.0
2025-01-09_16:46:49.615;52.63;261;1254.9;40.0
2025-01-09_16:46:50.755;52.63;259;1241.8;40.0
2025-01-09_16:46:51.865;54.05;257;1226.7;40.0
2025-01-09_16:46:53.005;52.63;260;1253.6;40.0
2025-01-09_16:46:54.115;54.05;269;1308.6;40.0
2025-01-09_16:46:55.255;52.63;257;1241.9;40.0
2025-01-09_16:46:56.335;55.56;277;1323.5;40.0
2025-01-09_16:46:57.445;54.05;268;1307.4;40.0
2025-01-09_16:46:58.555;54.05;282;1377.8;40.0
2025-01-09_16:46:59.665;54.05;273;1320.0;40.0
2025-01-09_16:47:00.775;54.05;261;1297.5;40.0
2025-01-09_16:47:01.915;52.63;249;1206.3;40.0
2025-01-09_16:47:03.055;52.63;270;1291.0;40.0
2025-01-09_16:47:04.195;52.63;254;1220.5;40.0
2025-01-09_16:47:05.305;54.05;266;1281.7;40.0
2025-01-09_16:47:06.445;52.63;270;1322.1;40.0
2025-01-09_16:47:07.526;55.50;275;1370.0;40.0
2025-01-09_16:47:08.665;52.68;265;1285.1;40.0
2025-01-09_16:47:09.805;52.63;253;1233.4;40.0
2025-01-09_16:47:10.945;52.63;272;1315.9;40.0
2025-01-09_16:47:12.025;55.56;269;1305.7;40.0
2025-01-09_16:47:13.135;54.05;266;1284.5;40.0
2025-01-09_16:47:14.216;55.50;270;1280.1;40.0
2025-01-09_16:47:15.355;52.68;260;1245.3;40.0
2025-01-09_16:47:16.495;52.63;269;1310.7;40.0
2025-01-09_16:47:17.635;52.63;256;1270.4;40.0
2025-01-09_16:47:18.806;51.24;256;1227.8;40.0
2025-01-09_16:47:19.946;52.63;264;1286.3;40.0
2025-01-09_16:47:21.115;51.33;256;1243.8;40.0
2025-01-09_16:47:22.286;51.24;270;1306.7;40.0
2025-01-09_16:47:23.426;52.63;268;1294.7;40.0
2025-01-09_16:47:24.596;51.28;295;1408.1;40.0
2025-01-09_16:47:25.706;54.05;274;1313.2;40.0
2025-01-09_16:47:26.786;55.56;269;1288.4;40.0
2025-01-09_16:47:27.926;52.63;266;1268.9;40.0
2025-01-09_16:47:29.036;54.05;265;1288.5;40.0
2025-01-09_16:47:30.116;55.56;286;1383.9;40.0
2025-01-09_16:47:31.256;52.63;262;1286.3;40.0
2025-01-09_16:47:32.366;54.05;274;1331.1;40.0
2025-01-09_16:47:33.506;52.63;259;1247.9;40.0
2025-01-09_16:47:34.706;50.00;264;1311.3;40.0
2025-01-09_16:47:35.846;52.63;265;1283.1;40.0
2025-01-09_16:47:36.986;52.63;273;1308.8;40.0
2025-01-09_16:47:38.096;54.05;278;1338.2;40.0
2025-01-09_16:47:39.236;52.63;278;1338.6;40.0
2025-01-09_16:47:40.376;52.63;281;1365.1;40.0
2025-01-09_16:47:41.516;52.63;271;1296.1;40.0
2025-01-09_16:47:42.686;51.28;258;1291.2;40.0
2025-01-09_16:47:43.856;51.28;285;1378.8;40.0
2025-01-09_16:47:45.026;51.28;291;1463.9;40.0
2025-01-09_16:47:46.196;51.28;275;1330.1;40.0
2025-01-09_16:47:47.366;51.28;276;1325.0;40.0
2025-01-09_16:47:48.506;52.63;295;1413.7;40.0
2025-01-09_16:47:49.646;52.63;272;1291.5;40.0
2025-01-09_16:47:50.786;52.63;287;1381.0;40.0
2025-01-09_16:47:51.956;51.28;279;1338.2;40.0
2025-01-09_16:47:53.126;51.28;268;1286.5;40.0
2025-01-09_16:47:54.331;49.79;253;1224.5;40.0
2025-01-09_16:47:55.561;48.78;259;1258.5;40.0
2025-01-09_16:47:56.761;50.00;279;1348.7;40.0
2025-01-09_16:47:57.931;51.28;284;1371.0;40.0
2025-01-09_16:47:59.131;50.00;289;1398.4;40.0
2025-01-09_16:48:00.331;50.00;288;1385.8;40.0
2025-01-09_16:48:01.531;50.00;273;1308.8;40.0
2025-01-09_16:48:02.731;50.00;286;1365.8;40.0
2025-01-09_16:48:03.901;51.28;281;1353.8;40.0
2025-01-09_16:48:05.071;51.28;304;1441.2;40.0
2025-01-09_16:48:06.211;52.63;270;1292.8;40.0
2025-01-09_16:48:07.381;51.28;271;1304.2;40.0
2025-01-09_16:48:08.522;52.59;248;1198.4;40.0
2025-01-09_16:48:09.661;52.68;263;1276.2;40.0
2025-01-09_16:48:10.833;51.19;271;1326.5;40.0
2025-01-09_16:48:12.002;51.33;275;1320.9;40.0
2025-01-09_16:48:13.141;52.68;278;1324.1;40.0
2025-01-09_16:48:14.311;51.28;287;1373.3;40.0
2025-01-09_16:48:15.452;52.59;278;1319.9;40.0
2025-01-09_16:48:16.622;51.28;278;1354.2;40.0
2025-01-09_16:48:17.822;50.00;292;1402.3;40.0
2025-01-09_16:48:18.962;52.63;269;1288.4;40.0
2025-01-09_16:48:20.102;52.63;276;1329.1;40.0
2025-01-09_16:48:21.242;52.63;271;1307.2;40.0
2025-01-09_16:48:22.412;51.28;283;1365.1;40.0
2025-01-09_16:48:23.522;54.05;292;1383.8;40.0
2025-01-09_16:48:24.662;52.63;280;1339.2;40.0
2025-01-09_16:48:25.802;52.63;283;1357.0;40.0
2025-01-09_16:48:26.942;52.63;260;1288.8;40.0
2025-01-09_16:48:28.082;52.63;263;1304.4;40.0
2025-01-09_16:48:29.222;52.63;266;1306.8;40.0
2025-01-09_16:48:30.392;51.28;269;1306.8;40.0
2025-01-09_16:48:31.562;51.28;269;1281.4;40.0
2025-01-09_16:48:32.702;52.63;267;1291.2;40.0
2025-01-09_16:48:33.872;51.28;259;1263.6;40.0
2025-01-09_16:48:35.042;51.28;261;1268.9;40.0
2025-01-09_16:48:36.212;51.28;276;1299.2;40.0
2025-01-09_16:48:37.352;52.63;277;1360.2;40.0
2025-01-09_16:48:38.492;52.63;263;1279.1;40.0
2025-01-09_16:48:39.632;52.63;275;1333.8;40.0
2025-01-09_16:48:40.772;52.63;269;1313.0;40.0
2025-01-09_16:48:41.882;54.05;269;1308.8;40.0
2025-01-09_16:48:43.022;52.63;269;1300.8;40.0
2025-01-09_16:48:44.162;52.63;286;1382.8;40.0
2025-01-09_16:48:45.302;52.63;281;1362.2;40.0
2025-01-09_16:48:46.412;54.05;281;1373.2;40.0
2025-01-09_16:48:47.552;52.63;283;1378.3;40.0
2025-01-09_16:48:48.692;52.63;273;1320.1;40.0
2025-01-09_16:48:49.833;52.59;277;1337.6;40.0
2025-01-09_16:48:50.972;52.68;281;1373.1;40.0
2025-01-09_16:48:52.112;52.63;282;1388.9;40.0
2025-01-09_16:48:53.252;52.63;287;1397.8;40.0
2025-01-09_16:48:54.364;53.96;294;1398.1;40.0
2025-01-09_16:48:55.472;54.15;283;1378.2;40.0
2025-01-09_16:48:56.612;52.63;290;1407.7;40.0
2025-01-09_16:48:57.727;53.81;278;1346.4;40.0
2025-01-09_16:48:58.867;52.63;293;1410.0;40.0
2025-01-09_16:48:59.978;54.01;281;1369.9;40.0
2025-01-09_16:49:01.117;52.68;283;1355.0;40.0
2025-01-09_16:49:02.257;52.63;281;1362.2;40.0
2025-01-09_16:49:03.398;52.59;272;1316.2;40.0
2025-01-09_16:49:04.537;52.68;282;1357.4;40.0
2025-01-09_16:49:05.708;51.24;268;1301.4;40.0
2025-01-09_16:49:06.817;54.10;271;1307.9;40.0
2025-01-09_16:49:07.957;52.63;286;1364.0;40.0
2025-01-09_16:49:09.128;51.24;291;1402.1;40.0
2025-01-09_16:49:10.268;52.63;298;1429.0;40.0
2025-01-09_16:49:11.437;51.33;286;1380.1;40.0
2025-01-09_16:49:12.548;54.01;293;1420.9;40.0
2025-01-09_16:49:13.688;52.63;299;1454.6;40.0
2025-01-09_16:49:14.828;52.63;292;1399.3;40.0
2025-01-09_16:49:15.968;52.63;301;1448.7;40.0
2025-01-09_16:49:17.108;52.63;295;1410.4;40.0
2025-01-09_16:49:18.248;52.63;288;1408.2;40.0
2025-01-09_16:49:19.418;51.28;275;1335.0;40.0
2025-01-09_16:49:20.558;52.63;270;1338.1;40.0
2025-01-09_16:49:21.728;51.28;289;1382.0;40.0
2025-01-09_16:49:22.898;51.28;257;1249.9;40.0
2025-01-09_16:49:24.038;52.63;279;1330.6;40.0
2025-01-09_16:49:25.178;52.63;267;1274.1;40.0
2025-01-09_16:49:26.318;52.63;276;1329.1;40.0
2025-01-09_16:49:27.428;54.05;278;1331.7;40.0
2025-01-09_16:49:28.568;52.63;282;1371.0;40.0
2025-01-09_16:49:29.708;52.63;282;1354.9;40.0
2025-01-09_16:49:30.848;52.63;266;1262.9;40.0
2025-01-09_16:49:31.988;52.63;275;1317.0;40.0
2025-01-09_16:49:33.128;52.63;262;1262.0;40.0
2025-01-09_16:49:34.298;51.28;267;1286.1;40.0
2025-01-09_16:49:35.408;54.05;274;1308.2;40.0
2025-01-09_16:49:36.518;54.05;286;1377.0;40.0
2025-01-09_16:49:37.628;54.05;279;1322.1;40.0
2025-01-09_16:49:38.768;52.63;286;1376.9;40.0
2025-01-09_16:49:39.878;54.05;293;1410.5;40.0
2025-01-09_16:49:40.988;54.05;293;1423.6;40.0
2025-01-09_16:49:42.129;52.59;280;1340.5;40.0
2025-01-09_16:49:43.238;54.10;285;1387.4;40.0
2025-01-09_16:49:44.318;55.56;290;1399.8;40.0
2025-01-09_16:49:45.429;54.01;280;1338.4;40.0
2025-01-09_16:49:46.508;55.61;285;1364.4;40.0
2025-01-09_16:49:47.618;54.05;287;1382.4;40.0
2025-01-09_16:49:48.728;54.05;282;1356.0;40.0
2025-01-09_16:49:49.808;55.56;286;1367.2;40.0
2025-01-09_16:49:50.918;54.05;287;1375.2;40.0
2025-01-09_16:49:52.058;52.63;299;1468.9;40.0
2025-01-09_16:49:53.228;51.28;290;1402.1;40.0
2025-01-09_16:49:54.368;52.63;283;1337.6;40.0
2025-01-09_16:49:55.448;55.56;278;1329.9;40.0
2025-01-09_16:49:56.588;52.63;290;1381.0;40.0
2025-01-09_16:49:57.698;54.05;285;1368.2;40.0
2025-01-09_16:49:58.808;54.05;286;1373.9;40.0
2025-01-09_16:49:59.948;52.63;298;1452.3;40.0
2025-01-09_16:50:01.089;52.59;296;1423.3;40.0
2025-01-09_16:50:02.289;50.00;295;1406.3;40.0
2025-01-09_16:50:03.429;52.63;302;1450.7;40.0
2025-01-09_16:50:04.568;52.68;298;1408.3;40.0
2025-01-09_16:50:05.769;49.96;294;1430.8;40.0
2025-01-09_16:50:06.909;52.63;296;1395.8;40.0
2025-01-09_16:50:08.049;52.63;297;1443.8;40.0
2025-01-09_16:50:09.189;52.63;304;1465.5;40.0
2025-01-09_16:50:10.389;50.00;295;1416.9;40.0
2025-01-09_16:50:11.529;52.63;301;1459.2;40.0
2025-01-09_16:50:12.699;51.28;291;1467.0;40.0
2025-01-09_16:50:13.809;54.05;300;1436.4;40.0
2025-01-09_16:50:15.009;50.00;296;1432.2;40.0
2025-01-09_16:50:16.239;48.78;290;1413.8;40.0
2025-01-09_16:50:17.469;48.78;296;1427.9;40.0
2025-01-09_16:50:18.669;50.00;289;1401.0;40.0
2025-01-09_16:50:19.869;50.00;285;1466.4;40.0
2025-01-09_16:50:21.069;50.00;282;1393.3;40.0
2025-01-09_16:50:22.299;48.78;294;1419.4;40.0
2025-01-09_16:50:23.529;48.78;277;1356.8;40.0
2025-01-09_16:50:24.699;51.28;286;1400.5;40.0
2025-01-09_16:50:25.899;50.00;278;1351.7;40.0
2025-01-09_16:50:27.099;50.00;289;1402.5;40.0
2025-01-09_16:50:28.300;49.96;286;1378.9;40.0
2025-01-09_16:50:29.469;51.33;288;1391.6;40.0
2025-01-09_16:50:30.699;48.78;279;1337.4;40.0
2025-01-09_16:50:31.899;50.00;287;1397.1;40.0
2025-01-09_16:50:33.129;48.78;297;1432.0;40.0
2025-01-09_16:50:34.329;50.00;291;1415.2;40.0
2025-01-09_16:50:35.559;48.78;294;1405.7;40.0
2025-01-09_16:50:36.759;50.00;281;1369.6;40.0
2025-01-09_16:50:37.989;48.78;296;1471.3;40.0
2025-01-09_16:50:39.219;48.78;281;1371.2;40.0
2025-01-09_16:50:40.449;48.78;277;1344.0;40.0
2025-01-09_16:50:41.619;51.28;299;1429.5;40.0
2025-01-09_16:50:42.849;48.78;278;1341.4;40.0
2025-01-09_16:50:44.049;50.00;308;1453.3;40.0
2025-01-09_16:50:45.250;49.96;292;1415.6;40.0
2025-01-09_16:50:46.479;48.82;293;1394.4;40.0
2025-01-09_16:50:47.679;50.00;296;1467.0;40.0
2025-01-09_16:50:48.879;50.00;278;1473.8;40.0
2025-01-09_16:50:50.079;50.00;290;1407.4;40.0
2025-01-09_16:50:51.280;49.96;301;1457.0;40.0
2025-01-09_16:50:52.479;50.04;305;1475.0;40.0
2025-01-09_16:50:53.709;48.78;292;1471.8;40.0
2025-01-09_16:50:54.909;50.00;295;1475.6;40.0
2025-01-09_16:50:56.139;48.78;297;1412.4;40.0
2025-01-09_16:50:57.309;51.28;299;1443.6;40.0
2025-01-09_16:50:58.539;48.78;303;1446.9;40.0
2025-01-09_16:50:59.739;50.00;299;1446.3;40.0
2025-01-09_16:51:00.939;50.00;292;1401.5;40.0
2025-01-09_16:51:02.169;48.78;304;1461.6;40.0
2025-01-09_16:51:03.369;50.00;289;1375.8;40.0
2025-01-09_16:51:04.569;50.00;305;1468.9;40.0
2025-01-09_16:51:05.830;47.58;299;1466.1;40.0
2025-01-09_16:51:07.060;48.78;296;1431.6;40.0
2025-01-09_16:51:08.260;50.00;299;1471.6;40.0
2025-01-09_16:51:09.520;47.62;299;1470.2;40.0
2025-01-09_16:51:10.750;48.78;294;1474.9;40.0
2025-01-09_16:51:11.950;50.00;295;1466.5;40.0
2025-01-09_16:51:13.150;50.00;290;1474.0;40.0
2025-01-09_16:51:14.350;50.00;288;1367.4;40.0
2025-01-09_16:51:15.520;51.28;298;1433.3;40.0
2025-01-09_16:51:16.720;50.00;293;1418.9;40.0
2025-01-09_16:51:17.920;50.00;287;1477.5;40.0
2025-01-09_16:51:19.120;50.00;296;1420.6;40.0
2025-01-09_16:51:20.320;50.00;298;1470.0;40.0
2025-01-09_16:51:21.550;48.78;299;1438.9;40.0
2025-01-09_16:51:22.720;51.28;300;1472.6;40.0
2025-01-09_16:51:23.920;50.00;296;1425.1;40.0
2025-01-09_16:51:25.120;50.00;290;1464.7;40.0
2025-01-09_16:51:26.290;51.28;293;1479.3;40.0
2025-01-09_16:51:27.520;48.78;306;1477.6;40.0
2025-01-09_16:51:28.720;50.00;297;1484.1;40.0
2025-01-09_16:51:29.920;50.00;298;1471.1;40.0
2025-01-09_16:51:31.150;48.78;300;1428.9;40.0
2025-01-09_16:51:32.350;50.00;304;1472.5;40.0
2025-01-09_16:51:33.550;50.00;298;1470.7;40.0
2025-01-09_16:51:34.750;50.00;296;1467.5;40.0
2025-01-09_16:51:35.920;51.28;302;1485.6;40.0
2025-01-09_16:51:37.120;50.00;301;1485.9;40.0
2025-01-09_16:51:38.350;48.78;286;1479.3;39.99999999999999
2025-01-09_16:51:39.550;50.00;298;1482.3;40.01189060642092
2025-01-09_16:51:40.750;50.00;283;1477.5;40.0475624256837
2025-01-09_16:51:41.950;50.00;299;1465.6;40.10701545778834
2025-01-09_16:51:43.150;50.00;286;1470.5;40.19024970273483
2025-01-09_16:51:44.361;49.55;297;1478.0;40.428061831153386
2025-01-09_16:51:45.560;50.04;301;1483.8;40.582639714625444
2025-01-09_16:51:46.760;50.00;304;1467.6;40.760998810939356
2025-01-09_16:51:48.021;47.58;299;1434.3;40.96313912009512
2025-01-09_16:51:49.220;50.04;305;1464.2;41.18906064209274
2025-01-09_16:51:50.420;50.00;307;1469.5;41.71224732461356
2025-01-09_16:51:51.680;47.62;307;1483.9;42.00951248513674
2025-01-09_16:51:52.910;48.78;298;1477.0;42.33055885850178
2025-01-09_16:51:54.170;47.62;307;1472.6;42.67538644470868
2025-01-09_16:51:55.401;48.74;296;1476.6;43.43638525564804
2025-01-09_16:51:56.660;47.66;311;1468.7;43.8525564803805
2025-01-09_16:51:57.890;48.78;312;1479.7;44.29250891795482
2025-01-09_16:51:59.210;45.45;324;1473.8;44.756242568370986
2025-01-09_16:52:00.410;50.00;330;1460.9;45.755053507728896
2025-01-09_16:52:01.641;48.74;343;1457.0;46.29013079667063
2025-01-09_16:52:02.840;50.04;331;1476.3;46.84898929845422
2025-01-09_16:52:04.071;48.74;327;1473.0;47.431629013079665
2025-01-09_16:52:05.301;48.78;341;1482.6;48.66825208085612
2025-01-09_16:52:06.531;48.78;342;1471.8;49.32223543400713
2025-01-09_16:52:07.701;51.28;344;1478.9;50.0
2025-01-09_16:52:08.871;51.28;351;1484.0;50.67776456599287
2025-01-09_16:52:10.041;51.28;353;1482.0;51.33174791914388
2025-01-09_16:52:11.241;50.00;362;1490.0;52.568370986920335
2025-01-09_16:52:12.441;50.00;367;1484.7;53.15101070154578
2025-01-09_16:52:13.641;50.00;368;1477.6;53.70986920332937
2025-01-09_16:52:14.841;50.00;369;1472.0;54.24494649227111
2025-01-09_16:52:16.011;51.28;380;1481.4;54.75624256837099
2025-01-09_16:52:17.181;51.28;369;1486.2;55.24375743162902
2025-01-09_16:52:18.351;51.28;381;1484.8;56.1474435196195
2025-01-09_16:52:19.551;50.00;378;1485.7;56.56361474435196
2025-01-09_16:52:20.751;50.00;388;1480.1;56.956004756242564
2025-01-09_16:52:21.951;50.00;394;1496.1;57.32461355529132
2025-01-09_16:52:23.181;48.78;380;1492.3;57.66944114149821
2025-01-09_16:52:24.381;50.00;395;1426.7;58.28775267538645
2025-01-09_16:52:25.611;48.78;397;1474.2;58.56123662306777
2025-01-09_16:52:26.901;46.51;407;1479.4;58.810939357907245
2025-01-09_16:52:28.071;51.28;410;1458.6;59.03686087990487
2025-01-09_16:52:29.271;50.00;394;1478.5;59.41736028537455
2025-01-09_16:52:30.471;50.00;405;1478.8;59.57193816884661
2025-01-09_16:52:31.641;51.28;395;1486.6;59.70273483947681
2025-01-09_16:52:32.811;51.28;413;1489.0;59.80975029726516
2025-01-09_16:52:33.981;51.28;409;1486.4;59.89298454221165
2025-01-09_16:52:35.181;50.00;397;1482.1;59.95243757431629
2025-01-09_16:52:36.381;50.00;400;1470.6;60.0
2025-01-09_16:52:37.551;51.28;411;1491.6;60.0
2025-01-09_16:52:38.781;48.78;401;1485.4;60.0
2025-01-09_16:52:40.011;48.78;385;1489.7;60.0
2025-01-09_16:52:41.211;50.00;404;1477.7;60.0
2025-01-09_16:52:42.411;50.00;410;1478.0;60.0
2025-01-09_16:52:43.616;49.79;398;1478.5;60.0
2025-01-09_16:52:44.786;51.28;413;1480.9;60.0
2025-01-09_16:52:45.986;50.00;409;1485.0;60.0
2025-01-09_16:52:47.156;51.28;410;1481.1;60.0
2025-01-09_16:52:48.356;50.00;409;1488.8;60.0
2025-01-09_16:52:49.526;51.28;406;1485.4;60.0
2025-01-09_16:52:50.696;51.28;401;1482.6;60.0
2025-01-09_16:52:51.866;51.28;410;1490.9;60.0
2025-01-09_16:52:53.036;51.28;409;1485.6;60.0
2025-01-09_16:52:54.206;51.28;388;1486.1;60.0
2025-01-09_16:52:55.406;50.00;391;1487.0;60.0
2025-01-09_16:52:56.576;51.28;400;1489.8;60.0
2025-01-09_16:52:57.746;51.28;396;1484.0;60.0
2025-01-09_16:52:58.916;51.28;407;1491.7;60.0
2025-01-09_16:53:00.117;49.96;403;1487.0;60.0
2025-01-09_16:53:01.286;51.33;385;1490.8;60.0
2025-01-09_16:53:02.487;49.96;406;1491.7;60.0
2025-01-09_16:53:03.658;51.24;402;1482.8;60.0
2025-01-09_16:53:04.857;50.04;403;1484.0;60.0
2025-01-09_16:53:05.997;52.63;394;1490.3;60.0
2025-01-09_16:53:07.167;51.28;415;1492.0;60.0
2025-01-09_16:53:08.367;50.00;397;1490.7;60.0
2025-01-09_16:53:09.537;51.28;403;1487.3;60.0
2025-01-09_16:53:10.707;51.28;403;1494.8;60.0
2025-01-09_16:53:11.877;51.28;405;1486.8;60.0
2025-01-09_16:53:13.047;51.28;372;1497.3;60.0
2025-01-09_16:53:14.217;51.28;407;1486.8;60.0
2025-01-09_16:53:15.387;51.28;401;1485.3;60.0
2025-01-09_16:53:16.527;52.63;415;1490.0;60.0
2025-01-09_16:53:17.697;51.28;395;1489.1;60.0
2025-01-09_16:53:18.867;51.28;394;1492.0;60.0
2025-01-09_16:53:20.037;51.28;415;1491.0;60.0
2025-01-09_16:53:21.177;52.63;401;1480.6;60.0
2025-01-09_16:53:22.377;50.00;415;1486.6;60.0
2025-01-09_16:53:23.517;52.63;413;1487.8;60.0
2025-01-09_16:53:24.657;52.63;413;1490.1;60.0
2025-01-09_16:53:25.827;51.28;397;1481.3;60.0
2025-01-09_16:53:27.027;50.00;408;1486.4;60.0
2025-01-09_16:53:28.167;52.63;402;1491.2;60.0
2025-01-09_16:53:29.337;51.28;393;1480.6;60.0
2025-01-09_16:53:30.507;51.28;411;1493.1;60.0
2025-01-09_16:53:31.682;51.06;412;1483.3;60.0
2025-01-09_16:53:32.822;52.63;402;1478.3;60.0
2025-01-09_16:53:34.022;50.00;393;1477.0;60.0
2025-01-09_16:53:35.192;51.28;412;1477.8;60.0
2025-01-09_16:53:36.392;50.00;391;1479.5;60.0
2025-01-09_16:53:37.562;51.28;409;1481.0;60.0
2025-01-09_16:53:38.762;50.00;390;1478.4;60.0
2025-01-09_16:53:39.932;51.28;414;1471.1;60.0
2025-01-09_16:53:41.102;51.28;396;1479.7;60.0
2025-01-09_16:53:42.243;52.59;397;1484.2;60.0
2025-01-09_16:53:43.442;50.04;405;1489.4;60.0
2025-01-09_16:53:44.612;51.28;400;1486.0;60.0
2025-01-09_16:53:45.782;51.28;395;1478.9;60.0
2025-01-09_16:53:46.952;51.28;405;1481.4;60.0
2025-01-09_16:53:48.122;51.28;397;1485.4;60.0
2025-01-09_16:53:49.292;51.28;408;1482.1;60.0
2025-01-09_16:53:50.497;49.79;398;1488.1;60.0
2025-01-09_16:53:51.667;51.28;390;1470.2;60.0
2025-01-09_16:53:52.837;51.28;386;1484.5;60.0
2025-01-09_16:53:54.037;50.00;411;1481.3;60.0
2025-01-09_16:53:55.207;51.28;399;1480.3;60.0
2025-01-09_16:53:56.407;50.00;386;1483.1;60.0
2025-01-09_16:53:57.549;52.54;383;1483.3;60.0
2025-01-09_16:53:58.717;51.37;379;1473.4;60.0
2025-01-09_16:53:59.887;51.28;402;1480.6;60.0
2025-01-09_16:54:01.057;51.28;398;1479.2;60.0
2025-01-09_16:54:02.227;51.28;402;1486.2;60.0
2025-01-09_16:54:03.399;51.19;407;1489.6;60.0
2025-01-09_16:54:04.568;51.33;397;1480.3;60.0
2025-01-09_16:54:05.737;51.33;404;1481.7;60.0
2025-01-09_16:54:06.908;51.24;407;1487.8;60.0
2025-01-09_16:54:08.078;51.28;388;1488.4;60.0
2025-01-09_16:54:09.217;52.68;390;1485.1;60.0
2025-01-09_16:54:10.387;51.28;409;1479.8;60.0
2025-01-09_16:54:11.558;51.24;403;1476.9;60.0
2025-01-09_16:54:12.728;51.28;403;1473.1;60.0
2025-01-09_16:54:13.868;52.63;411;1481.1;60.0
2025-01-09_16:54:15.008;52.63;403;1486.9;60.0
2025-01-09_16:54:16.148;52.63;416;1470.4;60.0
2025-01-09_16:54:17.288;52.63;402;1478.2;60.0
2025-01-09_16:54:18.428;52.63;402;1473.2;60.0
2025-01-09_16:54:19.538;54.05;379;1490.3;60.0
2025-01-09_16:54:20.708;51.28;385;1479.1;60.0
2025-01-09_16:54:21.848;52.63;407;1475.7;60.0
2025-01-09_16:54:22.988;52.63;404;1487.3;60.0
2025-01-09_16:54:24.158;51.28;405;1485.6;60.0
2025-01-09_16:54:25.298;52.63;394;1490.2;60.0
2025-01-09_16:54:26.438;52.63;413;1501.2;60.0
2025-01-09_16:54:27.578;52.63;394;1499.1;60.0
2025-01-09_16:54:28.748;51.28;356;1499.7;60.0
2025-01-09_16:54:29.919;51.24;403;1502.8;60.0
2025-01-09_16:54:31.058;52.68;358;1501.7;60.0
2025-01-09_16:54:32.198;52.63;377;1500.5;60.0
2025-01-09_16:54:33.278;55.56;386;1502.7;60.0
2025-01-09_16:54:34.449;51.24;368;1508.3;60.0
2025-01-09_16:54:35.588;52.68;384;1503.3;60.0
2025-01-09_16:54:36.698;54.05;404;1505.7;60.0
2025-01-09_16:54:37.808;54.05;394;1502.7;60.0
2025-01-09_16:54:38.918;54.05;348;1511.1;60.0
2025-01-09_16:54:40.058;52.63;364;1497.0;60.0
2025-01-09_16:54:41.228;51.28;391;1500.3;60.0
2025-01-09_16:54:42.338;54.05;332;1502.2;60.0
2025-01-09_16:54:43.418;55.56;405;1491.3;60.0
2025-01-09_16:54:44.588;51.28;412;1497.5;60.0
2025-01-09_16:54:45.728;52.63;413;1497.9;60.0
2025-01-09_16:54:46.868;52.63;358;1496.8;60.0
2025-01-09_16:54:48.008;52.63;359;1494.6;60.0
2025-01-09_16:54:49.179;51.24;370;1497.9;60.0
2025-01-09_16:54:50.348;51.33;368;1503.6;60.0
2025-01-09_16:54:51.518;51.28;367;1492.9;60.0
2025-01-09_16:54:52.718;50.00;394;1494.6;60.0
2025-01-09_16:54:53.858;52.63;409;1495.3;60.0
2025-01-09_16:54:55.028;51.28;377;1494.0;60.0
2025-01-09_16:54:56.138;54.05;347;1496.8;60.0
2025-01-09_16:54:57.338;50.00;413;1504.3;60.0
2025-01-09_16:54:58.508;51.28;403;1500.0;60.0
2025-01-09_16:54:59.678;51.28;365;1501.0;60.0
2025-01-09_16:55:00.848;51.28;414;1493.4;60.0
2025-01-09_16:55:02.048;50.00;392;1497.2;60.0
2025-01-09_16:55:03.248;50.00;417;1490.2;60.0
2025-01-09_16:55:04.418;51.28;403;1495.3;60.0
2025-01-09_16:55:05.588;51.28;396;1496.3;60.0
2025-01-09_16:55:06.819;48.74;374;1502.4;60.0
2025-01-09_16:55:08.019;50.00;370;1503.4;60.0
2025-01-09_16:55:09.219;50.00;376;1493.7;60.0
2025-01-09_16:55:10.388;51.33;387;1506.9;60.0
2025-01-09_16:55:11.559;51.24;345;1500.6;60.0
2025-01-09_16:55:12.759;50.00;330;1506.7;60.0
2025-01-09_16:55:13.989;48.78;349;1498.0;60.0
2025-01-09_16:55:15.189;50.00;371;1490.3;60.0
2025-01-09_16:55:16.419;48.78;401;1495.8;60.0
2025-01-09_16:55:17.624;49.79;365;1509.5;60.0
2025-01-09_16:55:18.824;50.00;309;1492.4;60.0
2025-01-09_16:55:20.024;50.00;354;1501.0;60.0
2025-01-09_16:55:21.224;50.00;349;1499.1;60.0
2025-01-09_16:55:22.424;50.00;356;1501.6;60.0
2025-01-09_16:55:23.654;48.78;391;1498.0;60.0
2025-01-09_16:55:24.854;50.00;392;1496.1;60.0
2025-01-09_16:55:26.024;51.28;399;1495.7;60.0
2025-01-09_16:55:27.224;50.00;393;1490.0;60.0
2025-01-09_16:55:28.424;50.00;396;1492.5;60.0
2025-01-09_16:55:29.684;47.62;410;1494.5;60.0
2025-01-09_16:55:30.884;50.00;402;1489.5;60.0
2025-01-09_16:55:32.114;48.78;397;1479.4;60.0
2025-01-09_16:55:33.314;50.00;388;1480.5;60.0
2025-01-09_16:55:34.514;50.00;394;1480.8;60.0
2025-01-09_16:55:35.775;47.58;397;1481.3;60.0
2025-01-09_16:55:37.004;48.82;417;1486.2;60.0
2025-01-09_16:55:38.234;48.78;415;1487.2;60.0
2025-01-09_16:55:39.464;48.78;386;1476.8;60.0
2025-01-09_16:55:40.699;48.58;415;1489.9;60.0
2025-01-09_16:55:41.929;48.78;385;1492.9;60.0
2025-01-09_16:55:43.219;46.51;397;1490.5;60.0
2025-01-09_16:55:44.449;48.78;392;1494.5;60.0
2025-01-09_16:55:45.679;48.78;417;1482.4;60.0
2025-01-09_16:55:46.939;47.62;400;1480.5;60.0
2025-01-09_16:55:48.199;47.62;410;1486.9;60.0
2025-01-09_16:55:49.399;50.00;410;1492.4;60.0
2025-01-09_16:55:50.659;47.62;386;1499.4;60.0
2025-01-09_16:55:51.919;47.62;381;1492.0;60.0
2025-01-09_16:55:53.149;48.78;396;1492.0;60.0
2025-01-09_16:55:54.409;47.62;391;1490.6;60.0
2025-01-09_16:55:55.669;47.62;406;1488.9;60.0
2025-01-09_16:55:56.929;47.62;406;1489.8;60.0
2025-01-09_16:55:58.189;47.62;407;1492.2;60.0
2025-01-09_16:55:59.449;47.62;405;1492.8;60.0
2025-01-09_16:56:00.709;47.62;405;1488.0;60.0
2025-01-09_16:56:01.969;47.62;394;1488.5;60.0
2025-01-09_16:56:03.199;48.78;408;1485.0;60.0
2025-01-09_16:56:04.461;47.54;405;1494.9;60.0
2025-01-09_16:56:05.694;48.66;402;1487.0;60.0
2025-01-09_16:56:06.924;48.78;417;1491.8;60.0
2025-01-09_16:56:08.154;48.78;372;1497.7;60.0
2025-01-09_16:56:09.385;48.74;367;1498.5;60.0
2025-01-09_16:56:10.645;47.62;411;1492.0;60.0
2025-01-09_16:56:11.845;50.00;387;1495.8;60.0
2025-01-09_16:56:13.075;48.78;410;1493.3;60.0
2025-01-09_16:56:14.275;50.00;410;1491.7;60.0
2025-01-09_16:56:15.505;48.78;404;1490.2;60.0
2025-01-09_16:56:16.765;47.62;392;1493.9;60.0
2025-01-09_16:56:17.965;50.00;409;1493.6;60.0
2025-01-09_16:56:19.225;47.62;420;1490.6;60.0
2025-01-09_16:56:20.425;50.00;394;1486.4;60.0
2025-01-09_16:56:21.655;48.78;419;1492.8;60.0
2025-01-09_16:56:22.855;50.00;397;1492.3;60.0
2025-01-09_16:56:24.085;48.78;411;1492.8;60.0
2025-01-09_16:56:25.345;47.62;408;1493.8;60.0
2025-01-09_16:56:26.545;50.00;406;1486.3;60.0
2025-01-09_16:56:27.775;48.78;417;1484.3;60.0
2025-01-09_16:56:28.975;50.00;413;1490.1;60.0
2025-01-09_16:56:30.145;51.28;382;1493.4;60.0
2025-01-09_16:56:31.315;51.28;420;1492.3;60.0
2025-01-09_16:56:32.485;51.28;411;1488.6;60.0
2025-01-09_16:56:33.685;50.00;410;1490.8;60.0
2025-01-09_16:56:34.860;51.06;398;1491.3;60.0
2025-01-09_16:56:36.060;50.00;371;1491.4;60.0
2025-01-09_16:56:37.260;50.00;418;1492.3;60.0
2025-01-09_16:56:38.490;48.78;415;1492.2;60.0
2025-01-09_16:56:39.750;47.62;418;1496.8;60.0
2025-01-09_16:56:40.980;48.78;399;1483.2;60.0
2025-01-09_16:56:42.215;48.58;401;1486.5;60.0
2025-01-09_16:56:43.445;48.78;380;1489.9;60.0
2025-01-09_16:56:44.675;48.78;387;1481.4;60.0
2025-01-09_16:56:45.910;48.58;412;1489.0;60.0
2025-01-09_16:56:47.140;48.78;407;1494.6;60.0
2025-01-09_16:56:48.370;48.78;408;1491.3;60.0
2025-01-09_16:56:49.630;47.62;390;1491.8;60.0
2025-01-09_16:56:50.830;50.00;409;1493.6;60.0
2025-01-09_16:56:52.090;47.62;377;1495.6;60.0
2025-01-09_16:56:53.350;47.62;413;1476.4;60.0
2025-01-09_16:56:54.580;48.78;409;1487.2;60.0
2025-01-09_16:56:55.810;48.78;401;1487.0;60.0
2025-01-09_16:56:57.041;48.74;375;1494.5;60.0
2025-01-09_16:56:58.270;48.82;391;1491.4;60.0
2025-01-09_16:56:59.530;47.62;412;1495.2;60.0
2025-01-09_16:57:00.730;50.00;414;1495.7;60.0
2025-01-09_16:57:01.960;48.78;399;1497.3;60.0
2025-01-09_16:57:03.190;48.78;414;1491.2;60.0
2025-01-09_16:57:04.451;47.58;389;1490.2;60.0
2025-01-09_16:57:05.680;48.82;411;1484.8;60.0
2025-01-09_16:57:06.910;48.78;414;1481.6;60.0
2025-01-09_16:57:08.110;50.00;414;1495.0;60.0
2025-01-09_16:57:09.340;48.78;391;1495.7;60.0
2025-01-09_16:57:10.570;48.78;405;1496.4;60.0
2025-01-09_16:57:11.770;50.00;410;1486.9;60.0
2025-01-09_16:57:13.030;47.62;412;1494.1;60.0
2025-01-09_16:57:14.260;48.78;402;1482.9;60.0
2025-01-09_16:57:15.490;48.78;414;1485.1;60.0
2025-01-09_16:57:16.720;48.78;417;1488.7;60.0
2025-01-09_16:57:17.950;48.78;414;1487.5;60.0
2025-01-09_16:57:19.181;48.74;410;1491.7;60.0
2025-01-09_16:57:20.410;48.82;404;1493.0;60.0
2025-01-09_16:57:21.670;47.62;404;1482.7;60.0
2025-01-09_16:57:22.900;48.78;405;1479.0;60.0
2025-01-09_16:57:24.131;48.74;415;1493.4;60.0
2025-01-09_16:57:25.361;48.78;380;1482.8;60.0
2025-01-09_16:57:26.591;48.78;414;1491.6;60.0
2025-01-09_16:57:27.820;48.82;394;1488.2;60.0
2025-01-09_16:57:29.021;49.96;396;1475.4;60.0
2025-01-09_16:57:30.251;48.78;412;1481.9;60.0
2025-01-09_16:57:31.451;50.00;391;1491.8;60.0
2025-01-09_16:57:32.681;48.78;391;1486.6;60.0
2025-01-09_16:57:33.881;50.00;403;1486.5;60.0
2025-01-09_16:57:35.111;48.78;403;1483.5;60.0
2025-01-09_16:57:36.341;48.78;412;1479.7;60.0
2025-01-09_16:57:37.571;48.78;400;1483.6;60.0
2025-01-09_16:57:38.771;50.00;402;1492.3;60.0
2025-01-09_16:57:39.971;50.00;404;1478.5;60.0
2025-01-09_16:57:41.201;48.78;396;1489.3;60.0
2025-01-09_16:57:42.401;50.00;407;1483.8;60.0
2025-01-09_16:57:43.631;48.78;405;1478.0;60.0
2025-01-09_16:57:44.861;48.78;401;1475.7;60.0
2025-01-09_16:57:46.091;48.78;397;1476.2;60.0
2025-01-09_16:57:47.291;50.00;399;1483.7;60.0
2025-01-09_16:57:48.461;51.28;406;1474.7;60.0
2025-01-09_16:57:49.661;50.00;406;1474.7;60.0
2025-01-09_16:57:50.891;48.78;392;1479.0;60.0
2025-01-09_16:57:52.091;50.00;387;1484.0;60.0
2025-01-09_16:57:53.291;50.00;401;1488.5;60.0
2025-01-09_16:57:54.491;50.00;405;1482.8;60.0
2025-01-09_16:57:55.661;51.28;401;1481.4;60.0
2025-01-09_16:57:56.831;51.28;409;1482.1;60.0
2025-01-09_16:57:58.061;48.78;403;1476.0;60.0
2025-01-09_16:57:59.231;51.28;396;1477.0;60.0
2025-01-09_16:58:00.431;50.00;409;1480.1;60.0
2025-01-09_16:58:01.631;50.00;412;1487.8;60.0
2025-01-09_16:58:02.831;50.00;413;1486.6;60.0
2025-01-09_16:58:04.031;50.00;406;1490.1;60.0
2025-01-09_16:58:05.231;50.00;387;1480.0;60.0
2025-01-09_16:58:06.431;50.00;397;1485.8;60.0
2025-01-09_16:58:07.661;48.78;404;1483.9;60.0
2025-01-09_16:58:08.831;51.28;389;1489.3;60.0
2025-01-09_16:58:10.031;50.00;415;1491.5;60.0
2025-01-09_16:58:11.231;50.00;409;1486.1;60.0
2025-01-09_16:58:12.371;52.63;403;1485.2;60.0
2025-01-09_16:58:13.571;50.00;405;1481.7;60.0
2025-01-09_16:58:14.801;48.78;413;1479.7;60.0
2025-01-09_16:58:15.971;51.28;402;1484.3;60.0
2025-01-09_16:58:17.201;48.78;380;1485.7;60.0
2025-01-09_16:58:18.401;50.00;375;1494.6;60.0
2025-01-09_16:58:19.541;52.63;387;1492.9;60.0
2025-01-09_16:58:20.741;50.00;410;1492.1;60.0
2025-01-09_16:58:21.911;51.28;343;1492.0;60.0
2025-01-09_16:58:23.081;51.28;368;1488.0;60.0
2025-01-09_16:58:24.221;52.63;342;1490.3;60.0
2025-01-09_16:58:25.391;51.28;409;1495.7;60.0
2025-01-09_16:58:26.532;52.59;394;1485.8;60.0
2025-01-09_16:58:27.702;51.28;394;1487.0;60.0
2025-01-09_16:58:28.841;52.68;401;1477.0;60.0
2025-01-09_16:58:30.012;51.24;405;1478.3;60.0
2025-01-09_16:58:31.182;51.28;410;1488.3;60.0
2025-01-09_16:58:32.322;52.63;411;1488.2;60.0
2025-01-09_16:58:33.462;52.63;370;1487.4;60.0
2025-01-09_16:58:34.664;49.92;390;1495.3;60.0
2025-01-09_16:58:35.771;54.20;408;1496.6;60.0
2025-01-09_16:58:36.912;52.59;411;1482.3;60.0
2025-01-09_16:58:38.082;51.28;348;1495.7;60.0
2025-01-09_16:58:39.222;52.63;405;1486.7;60.0
2025-01-09_16:58:40.394;51.19;403;1488.6;60.0
2025-01-09_16:58:41.532;52.72;416;1490.1;60.0
2025-01-09_16:58:42.672;52.63;391;1481.2;60.0
2025-01-09_16:58:43.812;52.63;405;1482.7;60.0
2025-01-09_16:58:44.952;52.63;412;1478.9;60.0
2025-01-09_16:58:46.092;52.63;416;1480.8;60.0
2025-01-09_16:58:47.262;51.28;408;1483.5;60.0
2025-01-09_16:58:48.432;51.28;346;1495.0;60.0
2025-01-09_16:58:49.602;51.28;409;1492.7;60.0
2025-01-09_16:58:50.772;51.28;405;1491.1;60.0
2025-01-09_16:58:51.972;50.00;413;1485.1;60.0
2025-01-09_16:58:53.112;52.63;404;1476.7;60.0
2025-01-09_16:58:54.282;51.28;412;1486.6;60.0
2025-01-09_16:58:55.452;51.28;419;1485.2;60.0
2025-01-09_16:58:56.682;48.78;411;1490.5;60.0
2025-01-09_16:58:57.852;51.28;388;1493.4;60.0
2025-01-09_16:58:59.022;51.28;413;1483.9;60.0
2025-01-09_16:59:00.192;51.28;397;1497.3;60.0
2025-01-09_16:59:01.392;50.00;344;1498.9;60.0
2025-01-09_16:59:02.562;51.28;359;1499.2;60.0
2025-01-09_16:59:03.732;51.28;351;1495.5;60.0
2025-01-09_16:59:04.902;51.28;389;1496.5;60.0
2025-01-09_16:59:06.102;50.00;380;1494.9;60.0
2025-01-09_16:59:07.302;50.00;408;1494.7;60.0
2025-01-09_16:59:08.472;51.28;362;1495.0;60.0
2025-01-09_16:59:09.642;51.28;338;1491.4;60.0
2025-01-09_16:59:10.842;50.00;406;1496.3;60.0
2025-01-09_16:59:12.042;50.00;404;1491.8;60.0
2025-01-09_16:59:13.182;52.63;412;1484.9;60.0
2025-01-09_16:59:14.352;51.28;411;1490.6;60.0
2025-01-09_16:59:15.552;50.00;380;1495.9;60.0
2025-01-09_16:59:16.722;51.28;406;1495.1;60.0
2025-01-09_16:59:17.922;50.00;406;1492.0;60.0
2025-01-09_16:59:19.122;50.00;415;1490.2;60.0
2025-01-09_16:59:20.322;50.00;372;1495.2;60.0
2025-01-09_16:59:21.492;51.28;405;1492.7;60.0
2025-01-09_16:59:22.692;50.00;409;1484.4;60.0
2025-01-09_16:59:23.893;49.96;399;1496.9;60.0
2025-01-09_16:59:25.122;48.82;412;1493.2;60.0
2025-01-09_16:59:26.292;51.28;405;1497.7;60.0
2025-01-09_16:59:27.493;49.96;392;1491.0;60.0
2025-01-09_16:59:28.662;51.33;388;1486.0;60.0
2025-01-09_16:59:29.862;50.00;399;1489.3;60.0
2025-01-09_16:59:31.038;51.02;392;1501.0;60.0
2025-01-09_16:59:32.207;51.33;419;1492.8;60.0
2025-01-09_16:59:33.377;51.28;408;1488.2;60.0
2025-01-09_16:59:34.518;52.59;404;1484.3;60.0
2025-01-09_16:59:35.688;51.28;401;1486.8;60.0
2025-01-09_16:59:36.858;51.28;413;1494.3;60.0
2025-01-09_16:59:38.027;51.33;394;1491.6;60.0
2025-01-09_16:59:39.168;52.59;415;1495.5;60.0
2025-01-09_16:59:40.338;51.28;406;1495.5;60.0
2025-01-09_16:59:41.478;52.63;401;1491.7;60.0
2025-01-09_16:59:42.648;51.28;390;1489.2;60.0
2025-01-09_16:59:43.788;52.63;392;1490.7;60.0
2025-01-09_16:59:44.958;51.28;376;1491.5;60.0
2025-01-09_16:59:46.128;51.28;353;1495.9;60.0
2025-01-09_16:59:47.268;52.63;361;1499.2;60.0
2025-01-09_16:59:48.408;52.63;384;1489.0;60.0
2025-01-09_16:59:49.548;52.63;409;1490.0;60.0
2025-01-09_16:59:50.718;51.28;385;1497.2;60.0
2025-01-09_16:59:51.888;51.28;349;1498.4;60.0
2025-01-09_16:59:53.028;52.63;343;1497.0;60.0
2025-01-09_16:59:54.198;51.28;401;1491.4;60.0
2025-01-09_16:59:55.338;52.63;347;1495.3;60.0
2025-01-09_16:59:56.478;52.63;368;1495.3;60.0
2025-01-09_16:59:57.648;51.28;395;1487.8;60.0
2025-01-09_16:59:58.758;54.05;414;1489.0;60.0
2025-01-09_16:59:59.898;52.63;374;1495.6;60.0
2025-01-09_17:00:01.038;52.63;378;1498.6;60.0
2025-01-09_17:00:02.178;52.63;373;1498.2;60.0
2025-01-09_17:00:03.318;52.63;398;1495.3;60.0
2025-01-09_17:00:04.488;51.28;415;1493.6;60.0
2025-01-09_17:00:05.628;52.63;397;1493.2;60.0
2025-01-09_17:00:06.768;52.63;397;1494.6;60.0
2025-01-09_17:00:07.908;52.63;404;1492.6;60.0
2025-01-09_17:00:09.018;54.05;405;1494.7;60.0
2025-01-09_17:00:10.218;50.00;405;1496.6;60.0
2025-01-09_17:00:11.358;52.63;383;1494.7;60.0
2025-01-09_17:00:12.498;52.63;365;1493.4;60.0
2025-01-09_17:00:13.639;52.59;388;1491.7;60.0
2025-01-09_17:00:14.778;52.68;415;1491.8;60.0
2025-01-09_17:00:15.948;51.28;402;1490.9;60.0
2025-01-09_17:00:17.088;52.63;408;1480.3;60.0
2025-01-09_17:00:18.228;52.63;412;1493.7;60.0
2025-01-09_17:00:19.399;51.24;412;1493.6;60.0
2025-01-09_17:00:20.538;52.68;408;1487.6;60.0
2025-01-09_17:00:21.708;51.28;417;1497.1;60.0
2025-01-09_17:00:22.878;51.28;397;1498.7;60.0
2025-01-09_17:00:24.049;51.24;389;1499.4;60.0
2025-01-09_17:00:25.188;52.68;401;1491.5;60.0
2025-01-09_17:00:26.358;51.28;411;1484.5;60.0
2025-01-09_17:00:27.530;51.19;400;1490.2;60.0
2025-01-09_17:00:28.758;48.86;404;1487.2;60.0
2025-01-09_17:00:29.929;51.24;410;1489.2;60.0
2025-01-09_17:00:31.128;50.04;405;1493.1;60.0
2025-01-09_17:00:32.328;50.00;415;1484.4;60.0
2025-01-09_17:00:33.529;49.96;401;1493.4;60.0
2025-01-09_17:00:34.729;50.00;387;1480.5;60.0
2025-01-09_17:00:35.928;50.04;395;1484.3;60.0
2025-01-09_17:00:37.098;51.28;398;1484.2;60.0
2025-01-09_17:00:38.328;48.78;384;1487.2;60.0
2025-01-09_17:00:39.529;49.96;402;1490.3;60.0
2025-01-09_17:00:40.698;51.33;408;1480.1;60.0
2025-01-09_17:00:41.845;52.31;402;1484.9;60.0
2025-01-09_17:00:43.014;51.33;406;1482.3;60.0
2025-01-09_17:00:44.214;50.00;384;1488.5;60.0
2025-01-09_17:00:45.383;51.33;405;1476.5;60.0
2025-01-09_17:00:46.554;51.24;392;1479.3;60.0
2025-01-09_17:00:47.694;52.63;412;1444.2;60.0
2025-01-09_17:00:48.864;51.28;393;1485.2;60.0
2025-01-09_17:00:50.004;52.63;405;1487.6;60.0
2025-01-09_17:00:51.114;54.05;400;1476.8;60.0
2025-01-09_17:00:52.284;51.28;404;1483.3;60.0
2025-01-09_17:00:53.394;54.05;397;1480.7;60.0
2025-01-09_17:00:54.504;54.05;398;1475.4;60.0
2025-01-09_17:00:55.674;51.28;415;1470.0;60.0
2025-01-09_17:00:56.784;54.05;407;1485.4;60.0
2025-01-09_17:00:57.894;54.05;406;1480.4;60.0
2025-01-09_17:00:59.004;54.05;406;1479.4;60.0
2025-01-09_17:01:00.144;52.63;410;1468.3;60.0
2025-01-09_17:01:01.254;54.05;407;1479.5;60.0
2025-01-09_17:01:02.364;54.05;398;1476.8;60.0
2025-01-09_17:01:03.474;54.05;395;1478.7;60.0
2025-01-09_17:01:04.554;55.56;413;1478.7;60.0
2025-01-09_17:01:05.664;54.05;386;1479.2;60.0
2025-01-09_17:01:06.714;57.14;404;1483.4;60.0
2025-01-09_17:01:07.795;55.50;389;1484.0;60.0
2025-01-09_17:01:08.874;55.61;403;1489.9;60.0
2025-01-09_17:01:09.984;54.05;395;1483.8;60.0
2025-01-09_17:01:11.094;54.05;410;1483.1;60.0
2025-01-09_17:01:12.174;55.56;382;1485.9;60.0
2025-01-09_17:01:13.254;55.56;390;1485.3;60.0
2025-01-09_17:01:14.364;54.05;411;1455.0;60.0
2025-01-09_17:01:15.474;54.05;416;1463.6;60.0
2025-01-09_17:01:16.584;54.05;412;1463.6;60.0
2025-01-09_17:01:17.694;54.05;403;1473.3;60.0
2025-01-09_17:01:18.804;54.05;411;1478.6;60.0
2025-01-09_17:01:19.914;54.05;388;1480.0;60.0
2025-01-09_17:01:21.024;54.05;407;1474.3;60.0
2025-01-09_17:01:22.104;55.56;398;1479.9;60.0
2025-01-09_17:01:23.154;57.14;408;1473.1;60.0
2025-01-09_17:01:24.264;54.05;416;1466.8;60.0
2025-01-09_17:01:25.344;55.56;415;1467.5;60.0
2025-01-09_17:01:26.424;55.56;407;1475.1;60.0
2025-01-09_17:01:27.505;55.50;390;1480.5;60.0
2025-01-09_17:01:28.586;55.50;393;1472.5;60.0
2025-01-09_17:01:29.664;55.66;407;1481.6;60.0
2025-01-09_17:01:30.744;55.56;383;1486.5;60.0
2025-01-09_17:01:31.824;55.56;393;1488.3;60.0
2025-01-09_17:01:32.934;54.05;409;1487.6;60.0
2025-01-09_17:01:34.014;55.56;390;1487.9;60.0
2025-01-09_17:01:35.124;54.05;398;1478.9;60.0
2025-01-09_17:01:36.234;54.05;389;1485.5;60.0
2025-01-09_17:01:37.379;52.40;394;1481.3;60.0
2025-01-09_17:01:38.489;54.05;393;1484.3;59.99999999999999
2025-01-09_17:01:39.629;52.63;401;1491.6;60.01189060642092
2025-01-09_17:01:40.739;54.05;402;1482.8;60.0475624256837
2025-01-09_17:01:41.849;54.05;396;1492.2;60.10701545778834
2025-01-09_17:01:42.990;52.59;408;1481.5;60.19024970273483
2025-01-09_17:01:44.100;54.05;398;1481.5;60.29726516052318
2025-01-09_17:01:45.240;52.63;397;1482.6;60.58263971462544
2025-01-09_17:01:46.380;52.63;396;1485.6;60.760998810939356
2025-01-09_17:01:47.519;52.68;409;1483.8;60.96313912009512
2025-01-09_17:01:48.630;54.01;413;1482.7;61.18906064209274
2025-01-09_17:01:49.769;52.68;389;1491.7;61.438763376932215
2025-01-09_17:01:50.880;54.01;400;1483.6;61.71224732461355
2025-01-09_17:01:51.990;54.05;408;1481.4;62.00951248513674
2025-01-09_17:01:53.100;54.05;400;1489.3;62.330558858501774
2025-01-09_17:01:54.210;54.05;408;1488.0;62.67538644470867
2025-01-09_17:01:55.320;54.05;392;1475.1;63.436385255648034
2025-01-09_17:01:56.460;52.63;410;1478.8;63.85255648038049
2025-01-09_17:01:57.570;54.05;406;1476.7;64.2925089179548
2025-01-09_17:01:58.710;52.63;399;1475.3;64.75624256837098
2025-01-09_17:01:59.790;55.56;404;1481.1;65.243757431629
2025-01-09_17:02:00.930;52.63;398;1482.3;65.75505350772889
2025-01-09_17:02:02.040;54.05;410;1480.1;66.29013079667062
2025-01-09_17:02:03.155;53.81;402;1484.1;66.84898929845421
2025-01-09_17:02:04.265;54.05;392;1480.6;68.03804994054695
2025-01-09_17:02:05.345;55.56;388;1481.9;68.6682520808561
2025-01-09_17:02:06.455;54.05;395;1468.4;69.32223543400713
2025-01-09_17:02:07.565;54.05;391;1483.6;70.0
2025-01-09_17:02:08.615;57.14;402;1478.0;70.67776456599287
2025-01-09_17:02:09.695;55.56;390;1473.5;71.33174791914388
2025-01-09_17:02:10.805;54.05;408;1480.6;71.96195005945303
2025-01-09_17:02:11.885;55.56;404;1474.8;72.56837098692034
2025-01-09_17:02:12.965;55.56;395;1487.9;73.15101070154577
2025-01-09_17:02:14.075;54.05;407;1501.8;73.70986920332936
2025-01-09_17:02:15.185;54.05;405;1487.6;74.24494649227111
2025-01-09_17:02:16.265;55.56;401;1487.6;75.243757431629
2025-01-09_17:02:17.375;54.05;414;1495.7;75.70749108204518
2025-01-09_17:02:18.455;55.56;407;1493.2;76.1474435196195
2025-01-09_17:02:19.505;57.14;408;1489.4;76.56361474435195
2025-01-09_17:02:20.585;55.56;396;1491.9;76.95600475624258
2025-01-09_17:02:21.695;54.05;400;1491.3;77.32461355529131
2025-01-09_17:02:22.805;54.05;413;1499.0;77.66944114149823
2025-01-09_17:02:23.855;57.14;406;1490.8;77.99048751486325
2025-01-09_17:02:24.935;55.56;395;1485.6;78.28775267538644
2025-01-09_17:02:26.045;54.05;412;1481.3;78.56123662306777
2025-01-09_17:02:27.185;52.63;402;1479.0;78.81093935790724
2025-01-09_17:02:28.325;52.63;401;1498.2;79.23900118906064
2025-01-09_17:02:29.465;52.63;415;1493.4;79.41736028537454
2025-01-09_17:02:30.605;52.63;391;1483.9;79.5719381688466
2025-01-09_17:02:31.715;54.05;408;1496.1;79.70273483947682
2025-01-09_17:02:32.826;54.01;417;1498.8;79.80975029726517
2025-01-09_17:02:33.935;54.10;397;1496.5;79.89298454221165
2025-01-09_17:02:35.045;54.05;408;1496.2;79.95243757431629
2025-01-09_17:02:36.155;54.05;400;1495.9;79.98810939357907
2025-01-09_17:02:37.235;55.56;400;1507.2;80.0
2025-01-09_17:02:38.345;54.05;401;1513.1;80.0
2025-01-09_17:02:39.425;55.56;406;1495.6;80.0
2025-01-09_17:02:40.506;55.50;406;1490.5;80.0
2025-01-09_17:02:41.650;52.45;405;1492.7;80.0
2025-01-09_17:02:42.791;52.59;399;1498.3;80.0
2025-01-09_17:02:43.900;54.10;395;1499.6;80.0
2025-01-09_17:02:45.010;54.05;392;1500.6;80.0
2025-01-09_17:02:46.150;52.63;397;1490.7;80.0
2025-01-09_17:02:47.260;54.05;374;1493.6;80.0
2025-01-09_17:02:48.400;52.63;412;1501.4;80.0
2025-01-09_17:02:49.540;52.63;396;1507.4;80.0
2025-01-09_17:02:50.650;54.05;411;1498.2;80.0
2025-01-09_17:02:51.760;54.05;402;1497.6;80.0
2025-01-09_17:02:52.841;55.50;399;1495.8;80.0
2025-01-09_17:02:53.953;53.96;400;1498.7;80.0
2025-01-09_17:02:55.121;51.37;392;1501.8;80.0
2025-01-09_17:02:56.260;52.68;406;1507.6;80.0
2025-01-09_17:02:57.371;54.01;404;1501.4;80.0
2025-01-09_17:02:58.480;54.10;416;1503.6;80.0
2025-01-09_17:02:59.651;51.24;409;1500.7;80.0
2025-01-09_17:03:00.796;52.40;406;1494.7;80.0
2025-01-09_17:03:01.906;54.05;416;1498.6;80.0
2025-01-09_17:03:03.016;54.05;405;1490.6;80.0
2025-01-09_17:03:04.126;54.05;415;1500.3;80.0
2025-01-09_17:03:05.266;52.63;419;1492.8;80.0
2025-01-09_17:03:06.406;52.63;415;1504.1;80.0
2025-01-09_17:03:07.516;54.05;409;1506.8;80.0
2025-01-09_17:03:08.656;52.63;408;1501.0;80.0
2025-01-09_17:03:09.796;52.63;415;1505.2;80.0
2025-01-09_17:03:10.936;52.63;406;1505.3;80.0
2025-01-09_17:03:12.046;54.05;419;1499.0;80.0
2025-01-09_17:03:13.216;51.28;419;1500.4;80.0
2025-01-09_17:03:14.357;52.59;402;1498.4;80.0
2025-01-09_17:03:15.496;52.68;411;1499.7;80.0
2025-01-09_17:03:16.607;54.01;393;1500.4;80.0
2025-01-09_17:03:17.716;54.10;408;1498.2;80.0
2025-01-09_17:03:18.886;51.28;400;1491.2;80.0
2025-01-09_17:03:20.026;52.63;416;1503.8;80.0
2025-01-09_17:03:21.166;52.63;415;1498.6;80.0
2025-01-09_17:03:22.336;51.28;402;1489.7;80.0
2025-01-09_17:03:23.476;52.63;393;1497.2;80.0
2025-01-09_17:03:24.646;51.28;389;1495.2;80.0
2025-01-09_17:03:25.757;54.01;419;1505.5;80.0
2025-01-09_17:03:26.866;54.10;405;1500.0;80.0
2025-01-09_17:03:28.008;52.54;421;1496.5;80.0
2025-01-09_17:03:29.146;52.72;411;1498.1;80.0
2025-01-09_17:03:30.286;52.63;402;1493.5;80.0
2025-01-09_17:03:31.396;54.05;392;1513.1;80.0
2025-01-09_17:03:32.536;52.63;407;1501.0;80.0
2025-01-09_17:03:33.681;52.40;398;1501.9;80.0
2025-01-09_17:03:34.851;51.28;416;1494.8;80.0
2025-01-09_17:03:35.991;52.63;389;1496.9;80.0
2025-01-09_17:03:37.132;52.59;406;1496.0;80.0
2025-01-09_17:03:38.301;51.33;400;1490.9;80.0
2025-01-09_17:03:39.471;51.28;397;1491.2;80.0
2025-01-09_17:03:40.582;54.01;408;1496.6;80.0
2025-01-09_17:03:41.721;52.68;395;1484.5;80.0
2025-01-09_17:03:42.861;52.63;411;1496.0;80.0
2025-01-09_17:03:44.001;52.63;413;1499.3;80.0
2025-01-09_17:03:45.141;52.63;409;1494.9;80.0
2025-01-09_17:03:46.312;51.24;395;1503.2;80.0
2025-01-09_17:03:47.451;52.68;413;1502.5;80.0
2025-01-09_17:03:48.621;51.28;415;1505.0;80.0
2025-01-09_17:03:49.791;51.28;391;1494.6;80.0
2025-01-09_17:03:50.961;51.28;412;1484.6;80.0
2025-01-09_17:03:52.131;51.28;403;1497.0;80.0
2025-01-09_17:03:53.392;47.58;405;1498.8;80.0
2025-01-09_17:03:54.562;51.28;405;1500.7;80.0
2025-01-09_17:03:55.732;51.28;390;1495.4;80.0
2025-01-09_17:03:56.901;51.33;404;1489.6;80.0
2025-01-09_17:03:58.102;49.96;404;1492.8;80.0
2025-01-09_17:03:59.272;51.28;394;1498.7;80.0
2025-01-09_17:04:00.473;49.96;396;1497.0;80.0
2025-01-09_17:04:01.702;48.82;391;1502.3;80.0
2025-01-09_17:04:02.902;50.00;419;1499.6;80.0
2025-01-09_17:04:04.104;49.92;410;1501.9;80.0
2025-01-09_17:04:05.302;50.08;411;1497.3;80.0
2025-01-09_17:04:06.473;51.24;392;1507.5;80.0
2025-01-09_17:04:07.642;51.33;394;1504.3;80.0
2025-01-09_17:04:08.842;50.00;419;1501.4;80.0
2025-01-09_17:04:10.012;51.28;416;1506.1;80.0
2025-01-09_17:04:11.217;49.79;407;1503.9;80.0
2025-01-09_17:04:12.417;50.00;409;1507.6;80.0
2025-01-09_17:04:13.587;51.28;380;1505.4;80.0
2025-01-09_17:04:14.757;51.28;408;1506.5;80.0
2025-01-09_17:04:15.957;50.00;412;1496.1;80.0
2025-01-09_17:04:17.127;51.28;399;1505.9;80.0
2025-01-09_17:04:18.237;54.05;396;1504.5;80.0
2025-01-09_17:04:19.437;50.00;413;1501.1;80.0
2025-01-09_17:04:20.547;54.05;399;1501.9;80.0
2025-01-09_17:04:21.687;52.63;394;1502.8;80.0
2025-01-09_17:04:22.827;52.63;394;1508.4;80.0
2025-01-09_17:04:24.027;50.00;388;1501.2;80.0
2025-01-09_17:04:25.167;52.63;412;1502.6;80.0
2025-01-09_17:04:26.307;52.63;402;1498.5;80.0
2025-01-09_17:04:27.452;52.40;407;1505.0;80.0
2025-01-09_17:04:28.622;51.28;381;1503.7;80.0
2025-01-09_17:04:29.762;52.63;397;1499.4;80.0
2025-01-09_17:04:30.902;52.63;406;1509.4;80.0
2025-01-09_17:04:32.043;52.59;418;1503.5;80.0
2025-01-09_17:04:33.212;51.33;412;1510.1;80.0
2025-01-09_17:04:34.382;51.28;398;1498.4;80.0
2025-01-09_17:04:35.552;51.28;411;1505.3;80.0
2025-01-09_17:04:36.693;52.59;407;1503.6;80.0
2025-01-09_17:04:37.862;51.33;405;1505.0;80.0
2025-01-09_17:04:39.062;50.00;405;1505.7;80.0
2025-01-09_17:04:40.172;54.05;398;1508.8;80.0
2025-01-09_17:04:41.312;52.63;404;1506.6;80.0
2025-01-09_17:04:42.452;52.63;419;1499.9;80.0
2025-01-09_17:04:43.562;54.05;406;1501.9;80.0
2025-01-09_17:04:44.732;51.28;405;1504.1;80.0
2025-01-09_17:04:45.873;52.59;410;1495.6;80.0
2025-01-09_17:04:46.983;54.05;405;1499.4;80.0
2025-01-09_17:04:48.123;52.63;406;1504.4;80.0
2025-01-09_17:04:49.233;54.05;402;1489.9;80.0
2025-01-09_17:04:50.403;51.28;413;1496.6;80.0
2025-01-09_17:04:51.483;55.56;414;1508.9;80.0
2025-01-09_17:04:52.623;52.63;412;1500.9;80.0
2025-01-09_17:04:53.733;54.05;416;1499.3;80.0
2025-01-09_17:04:54.843;54.05;410;1502.5;80.0
2025-01-09_17:04:55.923;55.56;409;1493.8;80.0
2025-01-09_17:04:57.033;54.05;385;1493.9;80.0
2025-01-09_17:04:58.143;54.05;418;1502.9;80.0
2025-01-09_17:04:59.283;52.63;394;1499.0;80.0
2025-01-09_17:05:00.423;52.63;406;1498.5;80.0
2025-01-09_17:05:01.533;54.05;402;1500.6;80.0
2025-01-09_17:05:02.673;52.63;401;1495.3;80.0
2025-01-09_17:05:03.783;54.05;418;1502.0;80.0
2025-01-09_17:05:04.923;52.63;410;1509.2;80.0
2025-01-09_17:05:06.033;54.05;402;1506.4;80.0
2025-01-09_17:05:07.143;54.05;405;1502.9;80.0
2025-01-09_17:05:08.283;52.63;414;1498.0;80.0
2025-01-09_17:05:09.393;54.05;411;1496.8;80.0
2025-01-09_17:05:10.503;54.05;417;1500.5;80.0
2025-01-09_17:05:11.613;54.05;408;1494.5;80.0
2025-01-09_17:05:12.723;54.05;399;1499.9;80.0
2025-01-09_17:05:13.833;54.05;389;1500.4;80.0
2025-01-09_17:05:14.943;54.05;400;1497.3;80.0
2025-01-09_17:05:16.083;52.63;401;1495.3;80.0
2025-01-09_17:05:17.223;52.63;405;1495.1;80.0
2025-01-09_17:05:18.363;52.63;399;1497.6;80.0
2025-01-09_17:05:19.473;54.05;411;1494.1;80.0
2025-01-09_17:05:20.613;52.63;386;1501.7;80.0
2025-01-09_17:05:21.723;54.05;393;1501.2;80.0
2025-01-09_17:05:22.863;52.63;391;1508.5;80.0
2025-01-09_17:05:23.973;54.05;384;1500.6;80.0
2025-01-09_17:05:25.083;54.05;409;1494.8;80.0
2025-01-09_17:05:26.193;54.05;395;1503.6;80.0
2025-01-09_17:05:27.304;54.01;388;1502.4;80.0
2025-01-09_17:05:28.413;54.10;385;1505.3;80.0
2025-01-09_17:05:29.493;55.56;402;1499.4;80.0
2025-01-09_17:05:30.573;55.56;407;1501.5;80.0
2025-01-09_17:05:31.653;55.56;373;1495.7;80.0
2025-01-09_17:05:32.765;53.96;410;1494.0;80.0
2025-01-09_17:05:33.843;55.66;407;1498.1;80.0
2025-01-09_17:05:34.953;54.05;413;1497.5;80.0
2025-01-09_17:05:36.064;54.01;408;1496.2;80.0
2025-01-09_17:05:37.173;54.10;365;1504.9;80.0
2025-01-09_17:05:38.284;54.01;383;1501.2;80.0
2025-01-09_17:05:39.394;54.05;408;1507.8;80.0
2025-01-09_17:05:40.473;55.61;330;1505.1;80.0
2025-01-09_17:05:41.553;55.56;393;1503.7;80.0
2025-01-09_17:05:42.664;54.01;401;1502.6;80.0
2025-01-09_17:05:43.744;55.56;404;1495.2;80.0
2025-01-09_17:05:44.884;52.63;405;1506.1;80.0
2025-01-09_17:05:45.994;54.05;366;1505.5;80.0
2025-01-09_17:05:47.074;55.56;386;1499.4;80.0
2025-01-09_17:05:48.154;55.56;414;1492.8;80.0
2025-01-09_17:05:49.294;52.63;414;1495.6;80.0
2025-01-09_17:05:50.374;55.56;417;1494.7;80.0
2025-01-09_17:05:51.484;54.05;409;1503.0;80.0
2025-01-09_17:05:52.565;55.50;400;1502.1;80.0
2025-01-09_17:05:53.674;54.10;410;1491.4;80.0
2025-01-09_17:05:54.784;54.05;387;1493.1;80.0
2025-01-09_17:05:55.895;54.01;399;1493.9;80.0
2025-01-09_17:05:57.004;54.10;411;1489.8;80.0
2025-01-09_17:05:58.079;55.81;412;1497.2;80.0
2025-01-09_17:05:59.189;54.05;386;1496.0;80.0
2025-01-09_17:06:00.269;55.56;393;1488.6;80.0
2025-01-09_17:06:01.379;54.05;416;1497.8;80.0
2025-01-09_17:06:02.459;55.56;406;1493.9;80.0
2025-01-09_17:06:03.569;54.05;390;1492.5;80.0
2025-01-09_17:06:04.649;55.56;416;1499.4;80.0
2025-01-09_17:06:05.729;55.56;403;1498.0;80.0
2025-01-09_17:06:06.839;54.05;410;1495.1;80.0
2025-01-09_17:06:07.889;57.14;395;1506.6;80.0
2025-01-09_17:06:08.999;54.05;415;1503.5;80.0
2025-01-09_17:06:10.079;55.56;413;1501.2;80.0
2025-01-09_17:06:11.219;52.63;416;1500.2;80.0
2025-01-09_17:06:12.329;54.05;378;1495.7;80.0
2025-01-09_17:06:13.409;55.56;414;1499.9;80.0
2025-01-09_17:06:14.489;55.56;412;1499.8;80.0
2025-01-09_17:06:15.599;54.05;414;1504.9;80.0
2025-01-09_17:06:16.679;55.56;414;1500.9;80.0
2025-01-09_17:06:17.789;54.05;408;1499.5;80.0
2025-01-09_17:06:18.869;55.56;392;1497.9;80.0
2025-01-09_17:06:20.039;51.28;410;1504.8;80.0
2025-01-09_17:06:21.179;52.63;402;1487.6;80.0
2025-01-09_17:06:22.289;54.05;406;1495.6;80.0
2025-01-09_17:06:23.399;54.05;412;1498.4;80.0
2025-01-09_17:06:24.539;52.63;398;1502.5;80.0
2025-01-09_17:06:25.619;55.56;377;1500.7;80.0
2025-01-09_17:06:26.669;57.14;388;1493.0;80.0
2025-01-09_17:06:27.779;54.05;389;1496.6;80.0
2025-01-09_17:06:28.889;54.05;401;1494.5;80.0
2025-01-09_17:06:29.999;54.05;381;1498.4;80.0
2025-01-09_17:06:31.049;57.14;397;1501.1;80.0
2025-01-09_17:06:32.099;57.14;408;1492.6;80.0
2025-01-09_17:06:33.179;55.56;403;1494.8;80.0
2025-01-09_17:06:34.290;54.01;410;1492.3;80.0
2025-01-09_17:06:35.399;54.10;403;1484.1;80.0
2025-01-09_17:06:36.509;54.05;412;1479.0;80.0
2025-01-09_17:06:37.620;54.01;413;1483.9;80.0
2025-01-09_17:06:38.760;52.63;373;1485.5;80.0
2025-01-09_17:06:39.840;55.56;394;1479.0;80.0
2025-01-09_17:06:40.955;53.81;399;1481.1;80.0
2025-01-09_17:06:42.095;52.63;408;1471.7;80.0
2025-01-09_17:06:43.175;55.56;385;1482.2;80.0
2025-01-09_17:06:44.285;54.05;404;1501.2;80.0
2025-01-09_17:06:45.485;50.00;413;1496.9;80.0
2025-01-09_17:06:46.595;54.05;379;1502.9;80.0
2025-01-09_17:06:47.705;54.05;418;1505.4;80.0
2025-01-09_17:06:48.845;52.63;419;1504.2;80.0
2025-01-09_17:06:49.955;54.05;405;1510.0;80.0
2025-01-09_17:06:51.125;51.28;409;1514.2;80.0
2025-01-09_17:06:52.265;52.63;383;1507.0;80.0
2025-01-09_17:06:53.435;51.28;397;1504.9;80.0
2025-01-09_17:06:54.575;52.63;379;1506.2;80.0
2025-01-09_17:06:55.715;52.63;395;1511.8;80.0
2025-01-09_17:06:56.825;54.05;411;1502.7;80.0
2025-01-09_17:06:57.995;51.28;402;1506.0;80.0
2025-01-09_17:06:59.111;53.76;397;1496.5;80.0
2025-01-09_17:07:00.281;51.28;401;1493.4;80.0
2025-01-09_17:07:01.390;54.10;390;1501.3;80.0
2025-01-09_17:07:02.470;55.56;395;1490.7;80.0
2025-01-09_17:07:03.580;54.05;403;1499.1;80.0
2025-01-09_17:07:04.690;54.05;398;1499.7;80.0
2025-01-09_17:07:05.835;52.40;381;1507.5;80.0
2025-01-09_17:07:06.915;55.56;351;1500.0;80.0
2025-01-09_17:07:07.995;55.56;412;1512.9;80.0
2025-01-09_17:07:09.075;55.56;408;1507.2;80.0
2025-01-09_17:07:10.185;54.05;414;1508.6;80.0
2025-01-09_17:07:11.325;52.63;412;1494.8;80.0
2025-01-09_17:07:12.465;52.63;402;1502.3;80.0
2025-01-09_17:07:13.545;55.56;400;1498.9;80.0
2025-01-09_17:07:14.685;52.63;397;1499.0;80.0
2025-01-09_17:07:15.825;52.63;418;1501.4;80.0
2025-01-09_17:07:16.965;52.63;401;1491.7;80.0
2025-01-09_17:07:18.105;52.63;400;1487.2;80.0
2025-01-09_17:07:19.275;51.28;403;1493.7;80.0
2025-01-09_17:07:20.386;54.01;393;1496.5;80.0
2025-01-09_17:07:21.585;50.04;392;1492.7;80.0
2025-01-09_17:07:22.786;49.96;401;1495.2;80.0
2025-01-09_17:07:23.955;51.33;403;1487.5;80.0
2025-01-09_17:07:25.095;52.63;397;1494.6;80.0
2025-01-09_17:07:26.236;52.59;405;1497.7;80.0
2025-01-09_17:07:27.407;51.24;409;1489.9;80.0
2025-01-09_17:07:28.605;50.08;394;1499.7;80.0
2025-01-09_17:07:29.747;52.54;409;1494.7;80.0
2025-01-09_17:07:30.916;51.33;403;1487.3;80.0
2025-01-09_17:07:32.146;48.78;398;1497.8;80.0
2025-01-09_17:07:33.316;51.28;411;1500.0;80.0
2025-01-09_17:07:34.486;51.28;404;1502.5;80.0
2025-01-09_17:07:35.656;51.28;388;1497.3;80.0
2025-01-09_17:07:36.826;51.28;398;1499.1;80.0
2025-01-09_17:07:37.996;51.28;393;1494.9;80.0
2025-01-09_17:07:39.136;52.63;403;1492.8;80.0
2025-01-09_17:07:40.336;50.00;416;1501.3;80.0
2025-01-09_17:07:41.506;51.28;411;1507.8;80.0
2025-01-09_17:07:42.676;51.28;398;1498.9;80.0
2025-01-09_17:07:43.786;54.05;409;1499.6;80.0
2025-01-09_17:07:44.896;54.05;406;1502.0;80.0
2025-01-09_17:07:45.976;55.56;407;1497.0;80.0
2025-01-09_17:07:47.146;51.28;398;1489.9;80.0
2025-01-09_17:07:48.286;52.63;393;1501.1;80.0
2025-01-09_17:07:49.396;54.05;404;1490.7;80.0
2025-01-09_17:07:50.596;50.00;395;1499.4;80.0
2025-01-09_17:07:51.766;51.28;395;1497.6;80.0
2025-01-09_17:07:52.906;52.63;399;1496.3;80.0
2025-01-09_17:07:54.106;50.00;399;1496.7;80.0
2025-01-09_17:07:55.246;52.63;388;1489.8;80.0
2025-01-09_17:07:56.386;52.63;403;1494.1;80.0
2025-01-09_17:07:57.556;51.28;398;1508.0;80.0
2025-01-09_17:07:58.666;54.05;406;1484.7;80.0
2025-01-09_17:07:59.806;52.63;409;1484.2;80.0
2025-01-09_17:08:00.916;54.05;412;1488.4;80.0
2025-01-09_17:08:02.056;52.63;410;1482.2;80.0
2025-01-09_17:08:03.196;52.63;408;1491.4;80.0
2025-01-09_17:08:04.336;52.63;405;1494.1;80.0
2025-01-09_17:08:05.476;52.63;417;1491.9;80.0
2025-01-09_17:08:06.648;51.19;410;1498.6;80.0
2025-01-09_17:08:07.816;51.37;399;1496.0;80.0
2025-01-09_17:08:08.986;51.28;400;1494.7;80.0
2025-01-09_17:08:10.126;52.63;407;1485.2;80.0
2025-01-09_17:08:11.266;52.63;413;1492.7;80.0
2025-01-09_17:08:12.376;54.05;404;1493.5;80.0
2025-01-09_17:08:13.546;51.28;420;1489.4;80.0
2025-01-09_17:08:14.716;51.28;404;1499.2;80.0
2025-01-09_17:08:15.856;52.63;402;1498.4;80.0
2025-01-09_17:08:16.997;52.59;397;1497.1;80.0
2025-01-09_17:08:18.106;54.10;417;1492.8;80.0
2025-01-09_17:08:19.246;52.63;412;1498.6;80.0
2025-01-09_17:08:20.386;52.63;409;1506.8;80.0
2025-01-09_17:08:21.496;54.05;421;1501.4;80.0
2025-01-09_17:08:22.636;52.63;399;1499.4;80.0
2025-01-09_17:08:23.747;54.01;397;1497.2;80.0
2025-01-09_17:08:24.916;51.33;412;1510.2;80.0
2025-01-09_17:08:26.026;54.05;396;1495.3;80.0
2025-01-09_17:08:27.166;52.63;404;1496.6;80.0
2025-01-09_17:08:28.277;54.01;415;1497.6;80.0
2025-01-09_17:08:29.447;51.28;411;1495.5;80.0
2025-01-09_17:08:30.616;51.33;414;1489.4;80.0
2025-01-09_17:08:31.787;51.24;395;1487.3;80.0
2025-01-09_17:08:32.927;52.63;402;1491.6;80.0
2025-01-09_17:08:34.067;52.63;396;1487.6;80.0
2025-01-09_17:08:35.207;52.63;398;1493.1;80.0
2025-01-09_17:08:36.347;52.63;407;1490.2;80.0
2025-01-09_17:08:37.487;52.63;404;1496.0;80.0
2025-01-09_17:08:38.597;54.05;402;1498.4;80.0
2025-01-09_17:08:39.737;52.63;400;1508.4;80.0
2025-01-09_17:08:40.852;53.81;412;1503.8;80.0
2025-01-09_17:08:41.992;52.63;394;1500.3;80.0
2025-01-09_17:08:43.133;52.59;398;1499.6;80.0
2025-01-09_17:08:44.272;52.68;391;1504.0;80.0
2025-01-09_17:08:45.412;52.63;418;1499.7;80.0
2025-01-09_17:08:46.522;54.05;396;1498.0;80.0
2025-01-09_17:08:47.662;52.63;411;1493.7;80.0
2025-01-09_17:08:48.802;52.63;415;1502.0;80.0
2025-01-09_17:08:49.942;52.63;408;1504.5;80.0
2025-01-09_17:08:51.082;52.63;414;1497.7;80.0
2025-01-09_17:08:52.192;54.05;411;1495.8;80.0
2025-01-09_17:08:53.332;52.63;414;1507.0;80.0
2025-01-09_17:08:54.442;54.05;404;1501.1;80.0
2025-01-09_17:08:55.582;52.63;412;1501.1;80.0
2025-01-09_17:08:56.692;54.05;418;1503.6;80.0
2025-01-09_17:08:57.833;52.59;418;1505.9;80.0
2025-01-09_17:08:58.972;52.68;408;1501.9;80.0
2025-01-09_17:09:00.052;55.56;416;1501.1;80.0
2025-01-09_17:09:01.162;54.05;401;1492.5;80.0
2025-01-09_17:09:02.302;52.63;406;1498.2;80.0
2025-01-09_17:09:03.442;52.63;414;1502.3;80.0
2025-01-09_17:09:04.582;52.63;410;1494.1;80.0
2025-01-09_17:09:05.723;52.59;412;1500.4;80.0
2025-01-09_17:09:06.832;54.10;395;1494.4;80.0
2025-01-09_17:09:07.972;52.63;411;1498.2;80.0
2025-01-09_17:09:09.112;52.63;405;1498.6;80.0
2025-01-09_17:09:10.222;54.05;400;1498.8;80.0
2025-01-09_17:09:11.337;53.81;410;1497.6;80.0
2025-01-09_17:09:12.477;52.63;394;1496.4;80.0
2025-01-09_17:09:13.617;52.63;394;1507.5;80.0
2025-01-09_17:09:14.757;52.63;394;1503.2;80.0
2025-01-09_17:09:15.867;54.05;406;1502.0;80.0
2025-01-09_17:09:17.007;52.63;413;1502.0;80.0
2025-01-09_17:09:18.177;51.28;414;1497.6;80.0
2025-01-09_17:09:19.348;51.24;391;1496.0;80.0
2025-01-09_17:09:20.518;51.28;409;1495.5;80.0
2025-01-09_17:09:21.717;50.04;401;1499.1;80.0
2025-01-09_17:09:22.917;50.00;410;1502.0;80.0
2025-01-09_17:09:24.177;47.62;416;1497.3;80.0
2025-01-09_17:09:25.378;49.96;413;1494.0;80.0
2025-01-09_17:09:26.578;50.00;408;1493.6;80.0
2025-01-09_17:09:27.778;50.00;408;1493.9;80.0
2025-01-09_17:09:28.977;50.04;406;1503.3;80.0
2025-01-09_17:09:30.148;51.24;413;1503.8;80.0
2025-01-09_17:09:31.348;50.00;413;1503.6;80.0
2025-01-09_17:09:32.578;48.78;398;1504.5;80.0
2025-01-09_17:09:33.778;50.00;404;1498.5;80.0
2025-01-09_17:09:34.948;51.28;402;1496.8;80.0
2025-01-09_17:09:36.118;51.28;399;1498.2;80.0
2025-01-09_17:09:37.288;51.28;417;1497.4;80.0
2025-01-09_17:09:38.428;52.63;412;1493.3;80.0
2025-01-09_17:09:39.568;52.63;414;1502.1;80.0
2025-01-09_17:09:40.708;52.63;394;1498.0;80.0
2025-01-09_17:09:41.853;52.40;411;1497.0;80.0
2025-01-09_17:09:43.023;51.28;412;1502.7;80.0
2025-01-09_17:09:44.193;51.28;413;1505.2;80.0
2025-01-09_17:09:45.333;52.63;411;1507.0;80.0
2025-01-09_17:09:46.503;51.28;410;1497.3;80.0
2025-01-09_17:09:47.673;51.28;411;1496.5;80.0
2025-01-09_17:09:48.813;52.63;413;1492.4;80.0
2025-01-09_17:09:49.983;51.28;408;1494.1;80.0
2025-01-09_17:09:51.153;51.28;403;1504.8;80.0
2025-01-09_17:09:52.353;50.00;409;1504.6;80.0
2025-01-09_17:09:53.523;51.28;415;1501.2;80.0
2025-01-09_17:09:54.693;51.28;407;1507.7;80.0
2025-01-09_17:09:55.833;52.63;413;1491.9;80.0
2025-01-09_17:09:56.973;52.63;407;1501.5;80.0
2025-01-09_17:09:58.113;52.63;398;1501.2;80.0
2025-01-09_17:09:59.283;51.28;393;1504.6;80.0
2025-01-09_17:10:00.393;54.05;381;1492.8;80.0
2025-01-09_17:10:01.533;52.63;401;1503.5;80.0
2025-01-09_17:10:02.643;54.05;394;1501.5;80.0
2025-01-09_17:10:03.753;54.05;392;1485.5;80.0
2025-01-09_17:10:04.893;52.63;409;1494.4;80.0
2025-01-09_17:10:06.033;52.63;407;1489.2;80.0
2025-01-09_17:10:07.176;52.49;397;1491.8;80.0
2025-01-09_17:10:08.283;54.20;395;1491.3;80.0
2025-01-09_17:10:09.453;51.28;397;1493.3;80.0
2025-01-09_17:10:10.629;51.02;411;1500.6;80.0
2025-01-09_17:10:11.768;52.68;396;1499.4;80.0
2025-01-09_17:10:12.938;51.28;387;1497.5;80.0
2025-01-09_17:10:14.108;51.28;412;1496.2;80.0
2025-01-09_17:10:15.308;50.00;400;1494.0;80.0
2025-01-09_17:10:16.509;49.96;417;1497.6;80.0
2025-01-09_17:10:17.708;50.04;393;1505.2;80.0
2025-01-09_17:10:18.909;49.96;395;1499.6;80.0
2025-01-09_17:10:20.079;51.28;413;1492.1;80.0
2025-01-09_17:10:21.278;50.04;404;1496.2;80.0
2025-01-09_17:10:22.479;49.96;399;1494.3;80.0
2025-01-09_17:10:23.679;50.00;398;1488.9;80.0
2025-01-09_17:10:24.849;51.28;397;1498.8;80.0
2025-01-09_17:10:26.018;51.33;402;1495.8;80.0
2025-01-09_17:10:27.159;52.59;405;1499.9;80.0
2025-01-09_17:10:28.299;52.63;413;1498.4;80.0
2025-01-09_17:10:29.439;52.63;406;1505.7;80.0
2025-01-09_17:10:30.579;52.63;413;1503.7;80.0
2025-01-09_17:10:31.689;54.05;399;1497.4;80.0
2025-01-09_17:10:32.829;52.63;404;1500.3;80.0
2025-01-09_17:10:33.969;52.63;418;1493.7;80.0
2025-01-09_17:10:35.109;52.63;403;1501.3;80.0
2025-01-09_17:10:36.249;52.63;399;1492.7;80.0
2025-01-09_17:10:37.359;54.05;405;1493.2;80.0
2025-01-09_17:10:38.469;54.05;407;1495.4;80.0
2025-01-09_17:10:39.579;54.05;409;1502.0;80.0
2025-01-09_17:10:40.689;54.05;413;1502.7;80.0
2025-01-09_17:10:41.799;54.05;414;1500.7;80.0
2025-01-09_17:10:42.939;52.63;417;1505.4;80.0
2025-01-09_17:10:44.024;55.30;402;1500.7;80.0
2025-01-09_17:10:45.167;52.49;417;1503.0;80.0
2025-01-09_17:10:46.274;54.20;397;1511.2;80.0
2025-01-09_17:10:47.384;54.05;399;1505.4;80.0
2025-01-09_17:10:48.494;54.05;411;1501.4;80.0
2025-01-09_17:10:49.574;55.56;409;1499.3;80.0
2025-01-09_17:10:50.684;54.05;398;1500.7;80.0
2025-01-09_17:10:51.794;54.05;416;1500.8;80.0
2025-01-09_17:10:52.904;54.05;410;1510.9;80.0
2025-01-09_17:10:54.044;52.63;395;1510.3;80.0
2025-01-09_17:10:55.154;54.05;412;1503.4;80.0
2025-01-09_17:10:56.294;52.63;407;1504.7;80.0
2025-01-09_17:10:57.434;52.63;404;1508.2;80.0
2025-01-09_17:10:58.604;51.28;403;1509.9;80.0
2025-01-09_17:10:59.744;52.63;400;1502.0;80.0
2025-01-09_17:11:00.884;52.63;411;1505.4;80.0
2025-01-09_17:11:02.084;50.00;411;1498.8;80.0
2025-01-09_17:11:03.194;54.05;406;1498.9;80.0
2025-01-09_17:11:04.307;53.91;409;1496.4;80.0
2025-01-09_17:11:05.444;52.77;411;1496.1;80.0
2025-01-09_17:11:06.554;54.05;404;1499.5;80.0
2025-01-09_17:11:07.724;51.28;400;1490.0;80.0
2025-01-09_17:11:08.834;54.05;414;1507.2;80.0
2025-01-09_17:11:09.944;54.05;408;1507.3;80.0
2025-01-09_17:11:11.084;52.63;400;1496.9;80.0
2025-01-09_17:11:12.224;52.63;403;1506.7;80.0
2025-01-09_17:11:13.364;52.63;417;1494.6;80.0
2025-01-09_17:11:14.534;51.28;414;1495.7;80.0
2025-01-09_17:11:15.705;51.24;404;1495.0;80.0
2025-01-09_17:11:16.874;51.33;386;1512.2;80.0
2025-01-09_17:11:18.074;50.00;411;1502.9;80.0
2025-01-09_17:11:19.215;52.59;410;1493.5;80.0
2025-01-09_17:11:20.354;52.68;406;1495.7;80.0
2025-01-09_17:11:21.494;52.63;412;1503.3;80.0
2025-01-09_17:11:22.635;52.59;399;1500.1;80.0
2025-01-09_17:11:23.804;51.33;391;1501.6;80.0
2025-01-09_17:11:24.944;52.63;401;1501.7;80.0
2025-01-09_17:11:26.085;52.59;378;1501.5;80.0
2025-01-09_17:11:27.255;51.28;393;1498.3;80.0
2025-01-09_17:11:28.395;52.63;412;1505.0;80.0
2025-01-09_17:11:29.535;52.63;394;1510.4;80.0
2025-01-09_17:11:30.675;52.63;404;1503.4;80.0
2025-01-09_17:11:31.820;52.40;401;1502.9;80.0
2025-01-09_17:11:32.930;54.05;396;1498.8;80.0
2025-01-09_17:11:34.040;54.05;398;1503.3;80.0
2025-01-09_17:11:35.180;52.63;412;1505.5;80.0
2025-01-09_17:11:36.320;52.63;372;1512.2;80.0
2025-01-09_17:11:37.400;55.56;402;1494.5;80.0
2025-01-09_17:11:38.510;54.05;383;1500.1;79.99999999999999
2025-01-09_17:11:39.620;54.05;396;1495.3;80.01189060642092
2025-01-09_17:11:40.760;52.63;383;1499.6;80.04756242568371
2025-01-09_17:11:41.870;54.05;363;1499.2;80.10701545778834
2025-01-09_17:11:42.980;54.05;398;1499.8;80.19024970273483
2025-01-09_17:11:44.150;51.28;386;1500.9;80.29726516052318
2025-01-09_17:11:45.290;52.63;400;1503.2;80.58263971462544
2025-01-09_17:11:46.430;52.63;412;1502.8;80.76099881093936
2025-01-09_17:11:47.570;52.63;414;1501.6;80.96313912009512
2025-01-09_17:11:48.710;52.63;406;1499.0;81.18906064209274
2025-01-09_17:11:49.850;52.63;392;1501.4;81.43876337693222
2025-01-09_17:11:50.990;52.63;402;1493.5;81.71224732461356
2025-01-09_17:11:52.130;52.63;405;1499.9;82.00951248513674
2025-01-09_17:11:53.270;52.63;399;1504.2;82.67538644470868
2025-01-09_17:11:54.410;52.63;404;1505.9;83.04399524375742
2025-01-09_17:11:55.580;51.28;409;1506.8;83.43638525564803
2025-01-09_17:11:56.690;54.05;411;1509.9;83.8525564803805
2025-01-09_17:11:57.860;51.28;400;1503.3;84.29250891795482
2025-01-09_17:11:59.030;51.28;418;1508.4;84.75624256837098
2025-01-09_17:12:00.140;54.05;412;1509.6;85.243757431629
2025-01-09_17:12:01.310;51.28;409;1501.2;86.29013079667062
2025-01-09_17:12:02.450;52.63;409;1502.3;86.84898929845421
2025-01-09_17:12:03.561;54.01;409;1506.4;87.43162901307967
2025-01-09_17:12:04.700;52.68;392;1495.6;88.03804994054697
2025-01-09_17:12:05.870;51.28;398;1502.4;88.66825208085612
2025-01-09_17:12:07.040;51.28;396;1497.5;89.32223543400714
2025-01-09_17:12:08.216;51.02;409;1499.6;90.0
2025-01-09_17:12:09.385;51.33;405;1507.6;91.33174791914388
2025-01-09_17:12:10.585;50.00;408;1506.5;91.96195005945303
2025-01-09_17:12:11.785;50.00;407;1498.7;92.56837098692034
2025-01-09_17:12:12.955;51.28;413;1501.7;93.15101070154577
2025-01-09_17:12:14.155;50.00;404;1502.5;93.70986920332936
2025-01-09_17:12:15.326;51.24;407;1503.1;94.756242568371
2025-01-09_17:12:16.556;48.78;397;1500.0;95.24375743162902
2025-01-09_17:12:17.756;50.00;402;1498.6;95.70749108204518
2025-01-09_17:12:18.955;50.04;405;1507.7;96.1474435196195
2025-01-09_17:12:20.126;51.24;401;1494.9;96.56361474435195
2025-01-09_17:12:21.326;50.00;408;1498.4;97.32461355529132
2025-01-09_17:12:22.526;50.00;401;1498.6;97.66944114149821
2025-01-09_17:12:23.695;51.33;405;1498.6;97.99048751486326
2025-01-09_17:12:24.895;50.00;411;1501.9;98.28775267538646
2025-01-09_17:12:26.126;48.74;403;1499.5;98.56123662306777
2025-01-09_17:12:27.326;50.00;413;1505.6;99.03686087990488
2025-01-09_17:12:28.526;50.00;394;1503.1;99.23900118906064
2025-01-09_17:12:29.756;48.78;405;1508.4;99.41736028537454
2025-01-09_17:12:30.956;50.00;412;1503.6;99.5719381688466
2025-01-09_17:12:32.126;51.28;409;1511.5;99.70273483947682
2025-01-09_17:12:33.296;51.28;402;1502.5;99.89298454221165
2025-01-09_17:12:34.496;50.00;401;1502.7;99.95243757431629
2025-01-09_17:12:35.696;50.00;395;1499.1;99.98810939357907
2025-01-09_17:12:36.866;51.28;415;1510.7;100.0
2025-01-09_17:12:38.066;50.00;411;1502.9;100.0
2025-01-09_17:12:39.236;51.28;408;1508.6;100.0
2025-01-09_17:12:40.436;50.00;406;1507.2;100.0
2025-01-09_17:12:41.606;51.28;400;1500.9;100.0
2025-01-09_17:12:42.836;48.78;403;1493.9;100.0
2025-01-09_17:12:43.976;52.63;404;1502.1;100.0
2025-01-09_17:12:45.147;51.24;408;1497.9;100.0
2025-01-09_17:12:46.316;51.33;415;1511.0;100.0
2025-01-09_17:12:47.487;51.24;405;1500.9;100.0
2025-01-09_17:12:48.656;51.33;408;1505.2;100.0
2025-01-09_17:12:49.856;50.00;408;1495.5;100.0
2025-01-09_17:12:51.056;50.00;418;1504.5;100.0
2025-01-09_17:12:52.256;50.00;418;1498.2;100.0
2025-01-09_17:12:53.457;49.96;398;1501.0;100.0
2025-01-09_17:12:54.686;48.82;403;1494.4;100.0
2025-01-09_17:12:55.856;51.28;391;1498.7;100.0
2025-01-09_17:12:57.086;48.78;397;1498.1;100.0
2025-01-09_17:12:58.316;48.78;400;1494.6;100.0
2025-01-09_17:12:59.546;48.78;397;1501.8;100.0
2025-01-09_17:13:00.746;50.00;394;1495.9;100.0
2025-01-09_17:13:01.946;50.00;398;1500.7;100.0
2025-01-09_17:13:03.176;48.78;406;1502.9;100.0
2025-01-09_17:13:04.354;50.93;395;1493.3;100.0
2025-01-09_17:13:05.552;50.08;410;1507.4;100.0
2025-01-09_17:13:06.721;51.33;412;1497.1;100.0
2025-01-09_17:13:07.922;49.96;399;1503.8;100.0
2025-01-09_17:13:09.121;50.04;398;1492.4;100.0
2025-01-09_17:13:10.321;50.00;397;1501.6;100.0
2025-01-09_17:13:11.521;50.00;405;1496.5;100.0
2025-01-09_17:13:12.751;48.78;404;1492.7;100.0
2025-01-09_17:13:13.921;51.28;407;1494.8;100.0
2025-01-09_17:13:15.121;50.00;397;1497.0;100.0
2025-01-09_17:13:16.291;51.28;396;1492.0;100.0
2025-01-09_17:13:17.491;50.00;385;1490.5;100.0
2025-01-09_17:13:18.691;50.00;400;1498.7;100.0
2025-01-09_17:13:19.921;48.78;399;1497.6;100.0
2025-01-09_17:13:21.121;50.00;407;1500.2;100.0
2025-01-09_17:13:22.321;50.00;396;1507.9;100.0
2025-01-09_17:13:23.552;48.74;405;1499.8;100.0
2025-01-09_17:13:24.752;50.00;416;1501.5;100.0
2025-01-09_17:13:25.982;48.78;409;1489.9;100.0
2025-01-09_17:13:27.212;48.78;408;1495.8;100.0
2025-01-09_17:13:28.502;46.51;397;1495.0;100.0
2025-01-09_17:13:29.732;48.78;405;1496.5;100.0
2025-01-09_17:13:30.962;48.78;411;1498.1;100.0
2025-01-09_17:13:32.222;47.62;405;1494.3;100.0
2025-01-09_17:13:33.482;47.62;408;1498.7;100.0
2025-01-09_17:13:34.712;48.78;402;1488.5;100.0
2025-01-09_17:13:35.947;48.58;404;1493.4;100.0
2025-01-09_17:13:37.152;49.79;402;1490.6;100.0
2025-01-09_17:13:38.382;48.78;398;1505.5;100.0
2025-01-09_17:13:39.642;47.62;408;1492.8;100.0
2025-01-09_17:13:40.872;48.78;405;1498.3;100.0
2025-01-09_17:13:42.102;48.78;408;1499.2;100.0
2025-01-09_17:13:43.332;48.78;399;1501.2;100.0
2025-01-09_17:13:44.562;48.78;404;1500.6;100.0
2025-01-09_17:13:45.762;50.00;405;1509.5;100.0
2025-01-09_17:13:46.962;50.00;398;1501.3;100.0
2025-01-09_17:13:48.162;50.00;409;1498.4;100.0
2025-01-09_17:13:49.362;50.00;411;1502.2;100.0
2025-01-09_17:13:50.562;50.00;411;1496.9;100.0
2025-01-09_17:13:51.792;48.78;401;1496.8;100.0
2025-01-09_17:13:53.022;48.78;409;1503.2;100.0
2025-01-09_17:13:54.253;48.74;410;1499.6;100.0
2025-01-09_17:13:55.482;48.82;411;1501.1;100.0
2025-01-09_17:13:56.713;48.74;408;1500.8;100.0
2025-01-09_17:13:57.942;48.82;407;1492.3;100.0
2025-01-09_17:13:59.142;50.00;417;1499.3;100.0
2025-01-09_17:14:00.372;48.78;400;1500.9;100.0
2025-01-09_17:14:01.572;50.00;412;1505.6;100.0
2025-01-09_17:14:02.772;50.00;401;1502.5;100.0
2025-01-09_17:14:04.002;48.78;395;1500.3;100.0
2025-01-09_17:14:05.202;50.00;403;1502.7;100.0
2025-01-09_17:14:06.432;48.78;402;1510.7;100.0
2025-01-09_17:14:07.632;50.00;409;1499.7;100.0
2025-01-09_17:14:08.862;48.78;404;1500.9;100.0
2025-01-09_17:14:10.152;46.51;404;1491.9;100.0
2025-01-09_17:14:11.412;47.62;404;1500.1;100.0
2025-01-09_17:14:12.673;47.58;410;1498.8;100.0
2025-01-09_17:14:13.962;46.55;406;1493.1;100.0
2025-01-09_17:14:15.222;47.62;403;1485.4;100.0
2025-01-09_17:14:16.483;47.58;398;1486.0;100.0
2025-01-09_17:14:17.742;47.66;395;1502.2;100.0
2025-01-09_17:14:18.972;48.78;402;1487.6;100.0
2025-01-09_17:14:20.203;48.74;392;1492.9;100.0
2025-01-09_17:14:21.463;47.62;412;1496.5;100.0
2025-01-09_17:14:22.692;48.82;408;1490.9;100.0
2025-01-09_17:14:23.953;47.58;408;1490.1;100.0
2025-01-09_17:14:25.212;47.66;395;1491.2;100.0
2025-01-09_17:14:26.448;48.54;392;1492.9;100.0
2025-01-09_17:14:27.708;47.62;404;1483.5;100.0
2025-01-09_17:14:28.968;47.62;400;1489.6;100.0
2025-01-09_17:14:30.197;48.82;396;1490.3;100.0
2025-01-09_17:14:31.428;48.74;407;1498.0;100.0
2025-01-09_17:14:32.688;47.62;403;1495.9;100.0
2025-01-09_17:14:33.918;48.78;413;1494.0;100.0
2025-01-09_17:14:35.088;51.28;407;1501.9;100.0
2025-01-09_17:14:36.288;50.00;391;1489.5;100.0
2025-01-09_17:14:37.458;51.28;398;1492.3;100.0
2025-01-09_17:14:38.658;50.00;402;1496.9;100.0
2025-01-09_17:14:39.858;50.00;407;1491.2;100.0
2025-01-09_17:14:41.028;51.28;392;1500.4;100.0
2025-01-09_17:14:42.198;51.28;405;1496.6;100.0
2025-01-09_17:14:43.398;50.00;391;1498.1;100.0
2025-01-09_17:14:44.568;51.28;391;1495.0;100.0
2025-01-09_17:14:45.738;51.28;414;1498.0;100.0
2025-01-09_17:14:46.938;50.00;404;1497.4;100.0
2025-01-09_17:14:48.108;51.28;395;1493.3;100.0
2025-01-09_17:14:49.308;50.00;402;1497.8;100.0
2025-01-09_17:14:50.478;51.28;402;1490.7;100.0
2025-01-09_17:14:51.678;50.00;399;1490.9;100.0
2025-01-09_17:14:52.878;50.00;408;1503.1;100.0
2025-01-09_17:14:54.078;50.00;402;1502.8;100.0
2025-01-09_17:14:55.248;51.28;415;1496.5;100.0
2025-01-09_17:14:56.418;51.28;383;1495.6;100.0
2025-01-09_17:14:57.618;50.00;393;1486.9;100.0
2025-01-09_17:14:58.788;51.28;409;1487.7;100.0
2025-01-09_17:14:59.988;50.00;411;1491.2;100.0
2025-01-09_17:15:01.188;50.00;408;1491.0;100.0
2025-01-09_17:15:02.388;50.00;401;1486.3;100.0
2025-01-09_17:15:03.588;50.00;392;1492.2;100.0
2025-01-09_17:15:04.788;50.00;407;1495.4;100.0
2025-01-09_17:15:05.958;51.28;403;1497.5;100.0
2025-01-09_17:15:07.158;50.00;407;1507.3;100.0
2025-01-09_17:15:08.358;50.00;401;1501.3;100.0
2025-01-09_17:15:09.588;48.78;413;1507.3;100.0
2025-01-09_17:15:10.788;50.00;412;1500.9;100.0
2025-01-09_17:15:11.988;50.00;412;1498.9;100.0
2025-01-09_17:15:13.188;50.00;412;1499.1;100.0
2025-01-09_17:15:14.358;51.28;414;1501.2;100.0
2025-01-09_17:15:15.529;51.24;413;1508.3;100.0
2025-01-09_17:15:16.698;51.33;416;1501.8;100.0
2025-01-09_17:15:17.868;51.28;399;1504.4;100.0
2025-01-09_17:15:19.068;50.00;412;1512.3;100.0
2025-01-09_17:15:20.238;51.28;413;1511.0;100.0
2025-01-09_17:15:21.408;51.28;418;1503.2;100.0
2025-01-09_17:15:22.548;52.63;410;1505.3;100.0
2025-01-09_17:15:23.718;51.28;406;1498.3;100.0
2025-01-09_17:15:24.888;51.28;401;1503.6;100.0
2025-01-09_17:15:26.058;51.28;407;1500.7;100.0
2025-01-09_17:15:27.198;52.63;409;1504.8;100.0
2025-01-09_17:15:28.398;50.00;416;1504.8;100.0
2025-01-09_17:15:29.568;51.28;413;1506.7;100.0
2025-01-09_17:15:30.740;51.19;412;1502.7;100.0
2025-01-09_17:15:31.909;51.33;416;1499.9;100.0
2025-01-09_17:15:33.079;51.28;397;1499.7;100.0
2025-01-09_17:15:34.249;51.28;405;1500.2;100.0
2025-01-09_17:15:35.419;51.28;390;1488.9;100.0
2025-01-09_17:15:36.619;50.00;389;1487.9;100.0
2025-01-09_17:15:37.789;51.28;406;1498.1;100.0
2025-01-09_17:15:38.989;50.00;395;1507.6;100.0
2025-01-09_17:15:40.189;50.00;413;1512.2;100.0
2025-01-09_17:15:41.359;51.28;415;1508.7;100.0
2025-01-09_17:15:42.559;50.00;415;1500.9;100.0
2025-01-09_17:15:43.729;51.28;400;1510.9;100.0
2025-01-09_17:15:44.870;52.59;417;1502.2;100.0
2025-01-09_17:15:46.039;51.33;404;1511.1;100.0
2025-01-09_17:15:47.209;51.28;416;1507.4;100.0
2025-01-09_17:15:48.379;51.28;419;1504.0;100.0
2025-01-09_17:15:49.549;51.28;394;1513.8;100.0
2025-01-09_17:15:50.689;52.63;410;1505.7;100.0
2025-01-09_17:15:51.859;51.28;415;1504.2;100.0
2025-01-09_17:15:53.029;51.28;417;1506.7;100.0
2025-01-09_17:15:54.169;52.63;402;1505.5;100.0
2025-01-09_17:15:55.369;50.00;419;1513.5;100.0
2025-01-09_17:15:56.509;52.63;412;1509.2;100.0
2025-01-09_17:15:57.679;51.28;409;1508.0;100.0
2025-01-09_17:15:58.850;51.24;419;1497.5;100.0
2025-01-09_17:15:59.989;52.68;406;1499.9;100.0
2025-01-09_17:16:01.159;51.28;417;1512.8;100.0
2025-01-09_17:16:02.329;51.28;407;1504.0;100.0
2025-01-09_17:16:03.499;51.28;408;1502.8;100.0
2025-01-09_17:16:04.669;51.28;412;1501.9;100.0
2025-01-09_17:16:05.839;51.28;417;1500.8;100.0
2025-01-09_17:16:07.009;51.28;399;1501.9;100.0
2025-01-09_17:16:08.149;52.63;403;1500.7;100.0
2025-01-09_17:16:09.319;51.28;406;1504.0;100.0
2025-01-09_17:16:10.459;52.63;389;1496.9;100.0
2025-01-09_17:16:11.599;52.63;391;1499.7;100.0
2025-01-09_17:16:12.769;51.28;397;1498.5;100.0
2025-01-09_17:16:13.939;51.28;392;1504.8;100.0
2025-01-09_17:16:15.109;51.28;398;1496.0;100.0
2025-01-09_17:16:16.279;51.28;404;1495.4;100.0
2025-01-09_17:16:17.449;51.28;395;1495.0;100.0
2025-01-09_17:16:18.649;50.00;392;1500.2;100.0
2025-01-09_17:16:19.819;51.28;405;1504.3;100.0
2025-01-09_17:16:21.019;50.00;399;1501.9;100.0
2025-01-09_17:16:22.189;51.28;407;1502.9;100.0
2025-01-09_17:16:23.359;51.28;408;1499.3;100.0
2025-01-09_17:16:24.559;50.00;400;1502.7;100.0
2025-01-09_17:16:25.759;50.00;407;1501.8;100.0
2025-01-09_17:16:26.959;50.00;397;1499.3;100.0
2025-01-09_17:16:28.194;48.58;391;1495.4;100.0
2025-01-09_17:16:29.394;50.00;395;1494.7;100.0
2025-01-09_17:16:30.594;50.00;408;1494.8;100.0
2025-01-09_17:16:31.795;49.96;414;1496.4;100.0
2025-01-09_17:16:32.995;50.00;391;1493.4;100.0
2025-01-09_17:16:34.224;48.82;398;1496.4;100.0
2025-01-09_17:16:35.455;48.74;408;1493.0;100.0
2025-01-09_17:16:36.625;51.28;389;1503.0;100.0
2025-01-09_17:16:37.825;50.00;408;1506.8;100.0
2025-01-09_17:16:39.025;50.00;408;1501.0;100.0
2025-01-09_17:16:40.230;49.79;388;1511.3;100.0
2025-01-09_17:16:41.430;50.00;411;1504.2;100.0
2025-01-09_17:16:42.630;50.00;401;1506.2;100.0
2025-01-09_17:16:43.800;51.28;413;1500.2;100.0
2025-01-09_17:16:45.035;48.58;418;1505.8;100.0
2025-01-09_17:16:46.205;51.28;402;1504.9;100.0
2025-01-09_17:16:47.407;49.92;410;1500.2;100.0
2025-01-09_17:16:48.635;48.86;402;1497.6;100.0
2025-01-09_17:16:49.805;51.28;410;1499.1;100.0
2025-01-09_17:16:51.005;50.00;410;1505.9;100.0
2025-01-09_17:16:52.145;52.63;406;1508.3;100.0
2025-01-09_17:16:53.315;51.28;402;1506.3;100.0
2025-01-09_17:16:54.485;51.28;413;1503.2;100.0
2025-01-09_17:16:55.625;52.63;402;1506.1;100.0
2025-01-09_17:16:56.735;54.05;414;1503.1;100.0
2025-01-09_17:16:57.875;52.63;415;1506.9;100.0
2025-01-09_17:16:59.015;52.63;400;1504.2;100.0
2025-01-09_17:17:00.155;52.63;410;1508.4;100.0
2025-01-09_17:17:01.295;52.63;414;1507.9;100.0
2025-01-09_17:17:02.435;52.63;400;1507.9;100.0
2025-01-09_17:17:03.605;51.28;417;1501.8;100.0
2025-01-09_17:17:04.745;52.63;409;1505.6;100.0
2025-01-09_17:17:05.915;51.28;414;1515.1;100.0
2025-01-09_17:17:07.085;51.28;415;1505.6;100.0
2025-01-09_17:17:08.285;50.00;404;1501.2;100.0
2025-01-09_17:17:09.485;50.00;416;1506.0;100.0
2025-01-09_17:17:10.685;50.00;392;1504.8;100.0
2025-01-09_17:17:11.885;50.00;403;1495.1;100.0
2025-01-09_17:17:13.055;51.28;402;1496.0;100.0
2025-01-09_17:17:14.195;52.63;402;1501.4;100.0
2025-01-09_17:17:15.365;51.28;412;1502.4;100.0
2025-01-09_17:17:16.535;51.28;389;1510.6;100.0
2025-01-09_17:17:17.675;52.63;401;1500.0;100.0
2025-01-09_17:17:18.815;52.63;405;1514.7;100.0
2025-01-09_17:17:19.925;54.05;406;1504.2;100.0
2025-01-09_17:17:21.065;52.63;398;1500.7;100.0
2025-01-09_17:17:22.205;52.63;403;1500.2;100.0
2025-01-09_17:17:23.376;51.24;412;1502.7;100.0
2025-01-09_17:17:24.515;52.68;395;1508.2;100.0
2025-01-09_17:17:25.715;50.00;394;1500.4;100.0
2025-01-09_17:17:26.885;51.28;396;1494.2;100.0
2025-01-09_17:17:28.056;51.24;400;1499.5;100.0
2025-01-09_17:17:29.255;50.04;393;1501.3;100.0
2025-01-09_17:17:30.395;52.63;411;1503.6;100.0
2025-01-09_17:17:31.595;50.00;416;1506.3;100.0
2025-01-09_17:17:32.765;51.28;410;1508.4;100.0
2025-01-09_17:17:33.936;51.24;405;1501.3;100.0
2025-01-09_17:17:35.106;51.28;415;1506.9;100.0
2025-01-09_17:17:36.337;48.74;388;1507.3;100.0
2025-01-09_17:17:37.536;50.04;406;1502.8;100.0
2025-01-09_17:17:38.706;51.28;403;1510.2;100.0
2025-01-09_17:17:39.936;48.78;415;1500.0;100.0
2025-01-09_17:17:41.106;51.28;399;1499.8;100.0
2025-01-09_17:17:42.306;50.00;403;1507.5;100.0
2025-01-09_17:17:43.506;50.00;412;1504.3;100.0
2025-01-09_17:17:44.706;50.00;410;1506.2;100.0
2025-01-09_17:17:45.876;51.28;394;1510.2;100.0
2025-01-09_17:17:47.048;51.19;407;1513.5;100.0
2025-01-09_17:17:48.276;48.86;404;1503.8;100.0
2025-01-09_17:17:49.476;50.00;411;1507.7;100.0
2025-01-09_17:17:50.676;50.00;408;1507.3;100.0
2025-01-09_17:17:51.846;51.28;414;1507.5;100.0
2025-01-09_17:17:53.046;50.00;410;1508.8;100.0
2025-01-09_17:17:54.216;51.28;413;1513.0;100.0
2025-01-09_17:17:55.389;51.15;404;1509.2;100.0
2025-01-09_17:17:56.586;50.13;411;1504.5;100.0
2025-01-09_17:17:57.756;51.28;408;1513.4;100.0
2025-01-09_17:17:58.956;50.00;408;1505.4;100.0
2025-01-09_17:18:00.126;51.28;399;1510.8;100.0
2025-01-09_17:18:01.266;52.63;400;1503.9;100.0
2025-01-09_17:18:02.436;51.28;386;1497.5;100.0
2025-01-09_17:18:03.636;50.00;389;1501.0;100.0
2025-01-09_17:18:04.776;52.63;409;1500.2;100.0
2025-01-09_17:18:05.946;51.28;412;1503.0;100.0
2025-01-09_17:18:07.086;52.63;407;1506.5;100.0
2025-01-09_17:18:08.226;52.63;406;1497.1;100.0
2025-01-09_17:18:09.366;52.63;408;1503.5;100.0
2025-01-09_17:18:10.536;51.28;395;1503.3;100.0
2025-01-09_17:18:11.676;52.63;412;1503.5;100.0
2025-01-09_17:18:12.876;50.00;406;1504.2;100.0
2025-01-09_17:18:14.016;52.63;416;1505.5;100.0
2025-01-09_17:18:15.216;50.00;389;1503.0;100.0
2025-01-09_17:18:16.386;51.28;415;1508.8;100.0
2025-01-09_17:18:17.556;51.28;410;1507.2;100.0
2025-01-09_17:18:18.756;50.00;395;1495.9;100.0
2025-01-09_17:18:19.931;51.06;410;1505.5;100.0
2025-01-09_17:18:21.101;51.28;411;1508.2;100.0
2025-01-09_17:18:22.241;52.63;415;1501.1;100.0
2025-01-09_17:18:23.381;52.63;417;1507.8;100.0
2025-01-09_17:18:24.551;51.28;411;1504.1;100.0
2025-01-09_17:18:25.691;52.63;404;1509.2;100.0
2025-01-09_17:18:26.861;51.28;395;1508.8;100.0
2025-01-09_17:18:28.032;51.24;399;1502.3;100.0
2025-01-09_17:18:29.171;52.68;407;1507.2;100.0
2025-01-09_17:18:30.341;51.28;405;1503.0;100.0
2025-01-09_17:18:31.511;51.28;399;1501.1;100.0
2025-01-09_17:18:32.682;51.24;407;1502.0;100.0
2025-01-09_17:18:33.821;52.68;397;1508.6;100.0
2025-01-09_17:18:34.966;52.40;415;1501.7;100.0
2025-01-09_17:18:36.136;51.28;415;1509.0;100.0
2025-01-09_17:18:37.276;52.63;406;1505.6;100.0
2025-01-09_17:18:38.447;51.24;389;1508.0;100.0
2025-01-09_17:18:39.586;52.68;408;1509.8;100.0
2025-01-09_17:18:40.732;52.36;397;1501.2;100.0
2025-01-09_17:18:41.842;54.05;386;1500.1;100.0
2025-01-09_17:18:42.982;52.63;406;1498.6;100.0
2025-01-09_17:18:44.062;55.56;406;1497.5;100.0
2025-01-09_17:18:45.202;52.63;406;1495.6;100.0
2025-01-09_17:18:46.342;52.63;394;1496.5;100.0
2025-01-09_17:18:47.452;54.05;389;1507.3;100.0
2025-01-09_17:18:48.532;55.56;407;1513.0;100.0
2025-01-09_17:18:49.672;52.63;399;1507.3;100.0
2025-01-09_17:18:50.782;54.05;393;1492.4;100.0
2025-01-09_17:18:51.892;54.05;404;1503.4;100.0
2025-01-09_17:18:53.002;54.05;412;1504.3;100.0
2025-01-09_17:18:54.082;55.56;404;1504.8;100.0
2025-01-09_17:18:55.192;54.05;395;1505.3;100.0
2025-01-09_17:18:56.332;52.63;396;1497.1;100.0
2025-01-09_17:18:57.412;55.56;404;1495.9;100.0
2025-01-09_17:18:58.522;54.05;401;1500.3;100.0
2025-01-09_17:18:59.632;54.05;402;1507.8;100.0
2025-01-09_17:19:00.742;54.05;410;1504.9;100.0
2025-01-09_17:19:01.852;54.05;412;1499.8;100.0
2025-01-09_17:19:02.962;54.05;401;1504.2;100.0
2025-01-09_17:19:04.102;52.63;411;1500.7;100.0
2025-01-09_17:19:05.242;52.63;405;1509.5;100.0
2025-01-09_17:19:06.382;52.63;393;1492.8;100.0
2025-01-09_17:19:07.522;52.63;397;1507.7;100.0
2025-01-09_17:19:08.662;52.63;396;1502.1;100.0
2025-01-09_17:19:09.802;52.63;418;1504.7;100.0
2025-01-09_17:19:10.942;52.63;404;1505.4;100.0
2025-01-09_17:19:12.112;51.28;406;1503.9;100.0
2025-01-09_17:19:13.282;51.28;387;1495.7;100.0
2025-01-09_17:19:14.362;55.56;402;1496.8;100.0
2025-01-09_17:19:15.532;51.28;404;1501.5;100.0
2025-01-09_17:19:16.672;52.63;397;1496.3;100.0
2025-01-09_17:19:17.843;51.24;405;1506.5;100.0
2025-01-09_17:19:18.982;52.68;401;1502.2;100.0
2025-01-09_17:19:20.157;51.06;399;1498.9;100.0
2025-01-09_17:19:21.297;52.63;395;1490.9;100.0
2025-01-09_17:19:22.437;52.63;399;1498.0;100.0
2025-01-09_17:19:23.547;54.05;410;1497.0;100.0
2025-01-09_17:19:24.687;52.63;397;1488.3;100.0
2025-01-09_17:19:25.827;52.63;392;1494.2;100.0
2025-01-09_17:19:26.967;52.63;400;1504.4;100.0
2025-01-09_17:19:28.047;55.56;396;1498.0;100.0
2025-01-09_17:19:29.157;54.05;394;1493.5;100.0
2025-01-09_17:19:30.297;52.63;392;1490.9;100.0
2025-01-09_17:19:31.407;54.05;399;1490.8;100.0
2025-01-09_17:19:32.547;52.63;398;1494.1;100.0
2025-01-09_17:19:33.687;52.63;392;1498.7;100.0
2025-01-09_17:19:34.797;54.05;385;1486.6;100.0
2025-01-09_17:19:35.877;55.56;401;1492.5;100.0
2025-01-09_17:19:36.987;54.05;391;1488.0;100.0
2025-01-09_17:19:38.072;55.30;410;1493.0;100.0
2025-01-09_17:19:39.183;54.01;397;1498.9;100.0
2025-01-09_17:19:40.292;54.10;394;1488.6;100.0
2025-01-09_17:19:41.402;54.05;405;1501.2;100.0
2025-01-09_17:19:42.483;55.50;390;1489.0;100.0
2025-01-09_17:19:43.533;57.14;396;1495.3;100.0
2025-01-09_17:19:44.642;54.10;394;1489.1;100.0
2025-01-09_17:19:45.753;54.01;402;1498.5;100.0
2025-01-09_17:19:46.863;54.05;403;1500.6;100.0
2025-01-09_17:19:47.943;55.56;407;1488.2;100.0
2025-01-09_17:19:49.053;54.05;390;1502.1;100.0
2025-01-09_17:19:50.138;55.30;400;1501.2;100.0
2025-01-09_17:19:51.248;54.05;409;1498.5;100.0
2025-01-09_17:19:52.298;57.14;401;1508.8;100.0
2025-01-09_17:19:53.408;54.05;397;1494.7;100.0
2025-01-09_17:19:54.488;55.56;409;1499.4;100.0
2025-01-09_17:19:55.568;55.56;403;1500.5;100.0
2025-01-09_17:19:56.678;54.05;413;1500.8;100.0
2025-01-09_17:19:57.788;54.05;391;1498.5;100.0
2025-01-09_17:19:58.898;54.05;401;1502.5;100.0
2025-01-09_17:20:00.008;54.05;400;1504.5;100.0
2025-01-09_17:20:01.118;54.05;405;1497.3;100.0
2025-01-09_17:20:02.198;55.56;406;1492.0;100.0
2025-01-09_17:20:03.278;55.56;383;1501.3;100.0
2025-01-09_17:20:04.358;55.56;383;1506.7;100.0
2025-01-09_17:20:05.438;55.56;386;1503.2;100.0
2025-01-09_17:20:06.518;55.56;411;1511.2;100.0
2025-01-09_17:20:07.598;55.56;392;1498.4;100.0
2025-01-09_17:20:08.648;57.14;387;1503.7;100.0
2025-01-09_17:20:09.758;54.05;415;1494.8;100.0
2025-01-09_17:20:10.838;55.56;410;1511.5;100.0
2025-01-09_17:20:11.948;54.05;385;1503.1;100.0
2025-01-09_17:20:13.028;55.56;390;1500.8;100.0
2025-01-09_17:20:14.108;55.56;384;1502.7;100.0
2025-01-09_17:20:15.158;57.14;400;1501.7;100.0
2025-01-09_17:20:16.208;57.14;401;1500.6;100.0
2025-01-09_17:20:17.288;55.56;385;1502.3;100.0
2025-01-09_17:20:18.338;57.14;407;1507.2;100.0
2025-01-09_17:20:19.388;57.14;409;1502.9;100.0
2025-01-09_17:20:20.498;54.05;389;1495.5;100.0
2025-01-09_17:20:21.548;57.14;387;1498.2;100.0
2025-01-09_17:20:22.628;55.56;413;1497.4;100.0
2025-01-09_17:20:23.708;55.56;382;1499.6;100.0
2025-01-09_17:20:24.788;55.56;412;1497.6;100.0
2025-01-09_17:20:25.838;57.14;396;1498.9;100.0
2025-01-09_17:20:26.918;55.56;414;1496.2;100.0
2025-01-09_17:20:27.973;56.87;394;1506.3;100.0
2025-01-09_17:20:29.053;55.56;408;1499.9;100.0
2025-01-09_17:20:30.103;57.14;403;1495.1;100.0
2025-01-09_17:20:31.123;58.82;407;1490.2;100.0
2025-01-09_17:20:32.143;58.82;402;1488.8;100.0
2025-01-09_17:20:33.193;57.14;411;1488.6;100.0
2025-01-09_17:20:34.213;58.82;390;1489.7;100.0
2025-01-09_17:20:35.293;55.56;408;1495.3;100.0
2025-01-09_17:20:36.373;55.56;395;1491.6;100.0
2025-01-09_17:20:37.423;57.14;399;1482.7;100.0
2025-01-09_17:20:38.503;55.56;408;1482.8;100.0
2025-01-09_17:20:39.554;57.09;376;1503.4;100.0
2025-01-09_17:20:40.603;57.20;395;1496.2;100.0
2025-01-09_17:20:41.654;57.09;394;1501.2;100.0
2025-01-09_17:20:42.793;52.68;390;1489.4;100.0
2025-01-09_17:20:43.934;52.59;401;1494.5;100.0
2025-01-09_17:20:45.044;54.05;396;1502.0;100.0
2025-01-09_17:20:46.124;55.56;417;1500.2;100.0
2025-01-09_17:20:47.234;54.05;385;1506.7;100.0
2025-01-09_17:20:48.313;55.61;404;1490.2;100.0
2025-01-09_17:20:49.394;55.50;407;1505.9;100.0
2025-01-09_17:20:50.474;55.56;416;1505.7;100.0
2025-01-09_17:20:51.584;54.05;386;1497.9;100.0
2025-01-09_17:20:52.694;54.05;406;1505.4;100.0
2025-01-09_17:20:53.774;55.56;389;1509.8;100.0
2025-01-09_17:20:54.854;55.56;368;1502.3;100.0
2025-01-09_17:20:55.964;54.05;412;1496.4;100.0
2025-01-09_17:20:57.074;54.05;385;1501.0;100.0
2025-01-09_17:20:58.184;54.05;396;1507.0;100.0
2025-01-09_17:20:59.294;54.05;404;1504.8;100.0
2025-01-09_17:21:00.374;55.56;402;1513.4;100.0
2025-01-09_17:21:01.484;54.05;395;1502.8;100.0
2025-01-09_17:21:02.564;55.56;410;1499.3;100.0
2025-01-09_17:21:03.674;54.05;403;1501.3;100.0
2025-01-09_17:21:04.784;54.05;401;1497.9;100.0
2025-01-09_17:21:05.924;52.63;400;1498.4;100.0
2025-01-09_17:21:07.034;54.05;383;1506.6;100.0
2025-01-09_17:21:08.114;55.56;394;1498.5;100.0
2025-01-09_17:21:09.224;54.05;398;1501.5;100.0
2025-01-09_17:21:10.334;54.05;395;1497.0;100.0
2025-01-09_17:21:11.414;55.56;404;1501.5;100.0
2025-01-09_17:21:12.524;54.05;382;1501.7;100.0
2025-01-09_17:21:13.639;53.81;400;1493.9;100.0
2025-01-09_17:21:14.719;55.56;383;1501.1;100.0
2025-01-09_17:21:15.799;55.56;390;1497.1;100.0
2025-01-09_17:21:16.909;54.05;378;1502.7;100.0
2025-01-09_17:21:17.959;57.14;387;1501.8;100.0
2025-01-09_17:21:19.039;55.56;404;1497.1;100.0
2025-01-09_17:21:20.119;55.56;404;1502.9;100.0
2025-01-09_17:21:21.229;54.05;389;1492.1;100.0
2025-01-09_17:21:22.309;55.56;405;1498.6;100.0
2025-01-09_17:21:23.419;54.05;405;1495.7;100.0
2025-01-09_17:21:24.499;55.56;383;1497.9;100.0
2025-01-09_17:21:25.609;54.05;399;1497.3;100.0
2025-01-09_17:21:26.689;55.56;397;1501.5;100.0
2025-01-09_17:21:27.799;54.05;407;1496.4;100.0
2025-01-09_17:21:28.909;54.05;404;1490.3;100.0
2025-01-09_17:21:30.019;54.05;378;1498.3;100.0
2025-01-09_17:21:31.039;58.82;409;1495.6;100.0
2025-01-09_17:21:32.119;55.56;386;1491.8;100.0
2025-01-09_17:21:33.200;55.50;404;1482.6;100.0
2025-01-09_17:21:34.279;55.61;399;1485.5;100.0
2025-01-09_17:21:35.359;55.56;396;1495.3;100.0
2025-01-09_17:21:36.439;55.56;390;1495.2;100.0
2025-01-09_17:21:37.519;55.56;412;1498.9;100.0
2025-01-09_17:21:38.569;57.14;392;1488.3;100.0
2025-01-09_17:21:39.619;57.14;409;1490.4;99.97621878715815
2025-01-09_17:21:40.700;55.50;412;1498.4;99.90487514863257
2025-01-09_17:21:41.779;55.61;405;1495.3;99.7859690844233
2025-01-09_17:21:42.829;57.14;406;1493.0;99.61950059453031
2025-01-09_17:21:43.910;55.50;391;1492.7;99.40546967895362
2025-01-09_17:21:44.989;55.61;380;1492.8;99.14387633769321
2025-01-09_17:21:46.039;57.14;379;1492.8;98.8347205707491
2025-01-09_17:21:47.119;55.56;400;1493.6;98.47800237812127
2025-01-09_17:21:48.230;54.01;407;1485.5;97.62187871581449
2025-01-09_17:21:49.340;54.05;408;1488.3;97.12247324613554
2025-01-09_17:21:50.449;54.10;380;1503.0;96.57550535077287
2025-01-09_17:21:51.500;57.09;411;1498.1;95.9809750297265
2025-01-09_17:21:52.550;57.14;402;1496.5;95.33888228299642
2025-01-09_17:21:53.630;55.56;396;1490.1;94.64922711058261
2025-01-09_17:21:54.710;55.56;403;1497.7;93.91200951248511
2025-01-09_17:21:55.790;55.56;413;1501.1;93.1272294887039
2025-01-09_17:21:56.840;57.14;397;1503.9;92.29488703923899
2025-01-09_17:21:57.950;54.05;411;1503.3;91.41498216409035
2025-01-09_17:21:59.030;55.56;410;1492.2;90.48751486325801
2025-01-09_17:22:00.080;57.14;384;1496.7;89.51248513674196
2025-01-09_17:22:01.160;55.56;405;1484.9;88.4898929845422
2025-01-09_17:22:02.240;55.56;410;1486.8;86.30202140309154
2025-01-09_17:22:03.290;57.14;400;1488.2;85.13674197384066
2025-01-09_17:22:04.370;55.56;396;1497.4;83.92390011890605
2025-01-09_17:22:05.450;55.56;413;1498.4;82.66349583828773
2025-01-09_17:22:06.500;57.14;405;1494.6;81.35552913198572
2025-01-09_17:22:07.580;55.56;401;1483.3;79.99999999999999
2025-01-09_17:22:08.690;54.05;403;1494.1;78.64447086801425
2025-01-09_17:22:09.741;57.09;393;1492.5;77.33650416171224
2025-01-09_17:22:10.820;55.61;393;1496.8;76.07609988109392
2025-01-09_17:22:11.900;55.56;415;1492.6;74.86325802615931
2025-01-09_17:22:12.950;57.14;411;1501.3;73.69797859690843
2025-01-09_17:22:14.032;55.45;393;1494.4;72.58026159334125
2025-01-09_17:22:15.110;55.66;401;1487.9;71.51010701545778
2025-01-09_17:22:16.190;55.56;402;1495.5;70.48751486325801
2025-01-09_17:22:17.300;54.05;393;1492.6;68.58501783590962
2025-01-09_17:22:18.380;55.56;404;1491.3;67.705112960761
2025-01-09_17:22:19.460;55.56;409;1491.4;66.87277051129607
2025-01-09_17:22:20.510;57.14;410;1495.4;66.08799048751484
2025-01-09_17:22:21.560;57.14;401;1489.0;65.35077288941736
2025-01-09_17:22:22.670;54.05;393;1491.2;64.66111771700355
2025-01-09_17:22:23.690;58.82;392;1477.8;64.01902497027348
2025-01-09_17:22:24.740;57.14;379;1485.9;63.4244946492271
2025-01-09_17:22:25.760;58.82;390;1488.4;62.87752675386443
2025-01-09_17:22:26.810;57.14;401;1482.1;62.37812128418548
2025-01-09_17:22:27.830;58.82;406;1491.4;61.92627824019023
2025-01-09_17:22:28.880;57.14;405;1482.6;61.5219976218787
2025-01-09_17:22:29.900;58.82;392;1490.5;61.16527942925087
2025-01-09_17:22:30.890;60.61;407;1475.7;60.85612366230676
2025-01-09_17:22:31.910;58.82;412;1460.7;60.59453032104638
2025-01-09_17:22:32.930;58.82;391;1477.9;60.38049940546968
2025-01-09_17:22:33.950;58.82;370;1483.3;60.2140309155767
2025-01-09_17:22:34.970;58.82;398;1481.8;60.095124851367416
2025-01-09_17:22:35.990;58.82;382;1487.3;60.023781212841854
2025-01-09_17:22:37.040;57.14;393;1488.0;60.0
2025-01-09_17:22:38.121;55.50;396;1492.6;60.0
2025-01-09_17:22:39.140;58.88;416;1485.5;60.0
2025-01-09_17:22:40.220;55.56;371;1500.6;60.0
2025-01-09_17:22:41.240;58.82;388;1496.5;60.0
2025-01-09_17:22:42.260;58.82;343;1490.3;60.0
2025-01-09_17:22:43.340;55.56;410;1486.4;60.0
2025-01-09_17:22:44.360;58.82;385;1484.2;60.0
2025-01-09_17:22:45.410;57.14;398;1486.0;60.0
2025-01-09_17:22:46.460;57.14;407;1490.8;60.0
2025-01-09_17:22:47.480;58.82;394;1492.8;60.0
2025-01-09_17:22:48.530;57.14;373;1491.8;60.0
2025-01-09_17:22:49.580;57.14;357;1506.0;60.0
2025-01-09_17:22:50.601;58.77;386;1489.0;60.0
2025-01-09_17:22:51.590;60.67;369;1487.2;60.0
2025-01-09_17:22:52.611;58.77;384;1488.4;60.0
2025-01-09_17:22:53.601;60.61;353;1493.1;60.0
2025-01-09_17:22:54.711;54.05;401;1500.2;60.0
2025-01-09_17:22:55.790;55.61;403;1491.5;60.0
2025-01-09_17:22:56.961;51.24;415;1456.2;60.0
2025-01-09_17:22:58.221;47.62;402;1479.0;60.0
2025-01-09_17:22:59.481;47.62;413;1462.2;60.0
2025-01-09_17:23:00.621;52.63;416;1492.6;60.0
2025-01-09_17:23:01.761;52.63;367;1495.0;60.0
2025-01-09_17:23:02.871;54.05;363;1501.5;60.0
2025-01-09_17:23:03.981;54.05;412;1489.5;60.0
2025-01-09_17:23:05.121;52.63;401;1488.1;60.0
2025-01-09_17:23:06.291;51.28;385;1489.5;60.0
2025-01-09_17:23:07.431;52.63;395;1495.0;60.0
2025-01-09_17:23:08.601;51.28;368;1496.2;60.0
2025-01-09_17:23:09.741;52.63;408;1492.8;60.0
2025-01-09_17:23:10.881;52.63;373;1488.8;60.0
2025-01-09_17:23:12.021;52.63;402;1487.5;60.0
2025-01-09_17:23:13.221;50.00;368;1495.2;60.0
2025-01-09_17:23:14.391;51.28;349;1500.5;60.0
2025-01-09_17:23:15.591;50.00;336;1503.5;60.0
2025-01-09_17:23:16.761;51.28;383;1491.9;60.0
2025-01-09_17:23:17.961;50.00;346;1491.3;60.0
2025-01-09_17:23:19.161;50.00;389;1496.9;60.0
2025-01-09_17:23:20.331;51.28;404;1492.4;60.0
2025-01-09_17:23:21.503;51.19;408;1482.1;60.0
2025-01-09_17:23:22.611;54.15;412;1483.7;60.0
2025-01-09_17:23:23.811;50.00;385;1488.3;60.0
2025-01-09_17:23:24.981;51.28;401;1487.0;60.0
2025-01-09_17:23:26.091;54.05;385;1495.0;60.0
2025-01-09_17:23:27.261;51.28;413;1490.4;60.0
2025-01-09_17:23:28.401;52.63;409;1497.5;60.0
2025-01-09_17:23:29.571;51.28;413;1493.0;60.0
2025-01-09_17:23:30.711;52.63;388;1492.4;60.0
2025-01-09_17:23:31.851;52.63;412;1483.1;60.0
2025-01-09_17:23:33.021;51.28;390;1491.1;60.0
2025-01-09_17:23:34.161;52.63;407;1488.9;60.0
2025-01-09_17:23:35.333;51.19;407;1491.1;60.0
2025-01-09_17:23:36.501;51.37;400;1485.4;60.0
2025-01-09_17:23:37.671;51.28;393;1487.3;60.0
2025-01-09_17:23:38.871;50.00;400;1489.7;60.0
2025-01-09_17:23:40.041;51.28;401;1483.6;60.0
2025-01-09_17:23:41.212;51.24;393;1487.5;60.0
2025-01-09_17:23:42.381;51.33;409;1485.9;60.0
2025-01-09_17:23:43.551;51.28;401;1477.8;60.0
2025-01-09_17:23:44.751;50.00;402;1487.5;60.0
2025-01-09_17:23:45.921;51.28;405;1484.7;60.0
2025-01-09_17:23:47.062;52.59;410;1487.6;60.0
2025-01-09_17:23:48.231;51.33;392;1481.2;60.0
2025-01-09_17:23:49.371;52.63;399;1483.9;60.0
2025-01-09_17:23:50.541;51.28;399;1480.8;60.0
2025-01-09_17:23:51.712;51.24;406;1479.5;60.0
2025-01-09_17:23:52.851;52.68;397;1486.7;60.0
2025-01-09_17:23:53.991;52.63;389;1483.3;60.0
2025-01-09_17:23:55.101;54.05;409;1481.2;60.0
2025-01-09_17:23:56.222;53.52;404;1483.0;60.0
2025-01-09_17:23:57.362;52.63;379;1482.4;60.0
2025-01-09_17:23:58.472;54.05;410;1480.5;60.0
2025-01-09_17:23:59.612;52.63;394;1483.1;60.0
2025-01-09_17:24:00.722;54.05;399;1476.9;60.0
2025-01-09_17:24:01.831;54.10;381;1484.1;60.0
2025-01-09_17:24:02.942;54.01;400;1482.9;60.0
2025-01-09_17:24:04.082;52.63;394;1488.2;60.0
2025-01-09_17:24:05.192;54.05;404;1479.8;60.0
2025-01-09_17:24:06.212;58.82;393;1493.7;60.0
2025-01-09_17:24:07.292;55.56;398;1484.6;60.0
2025-01-09_17:24:08.372;55.56;394;1481.5;60.0
2025-01-09_17:24:09.482;54.05;403;1491.3;60.0
2025-01-09_17:24:10.592;54.05;392;1483.5;60.0
2025-01-09_17:24:11.642;57.14;415;1483.1;60.0
2025-01-09_17:24:12.722;55.56;391;1487.2;60.0
2025-01-09_17:24:13.832;54.05;390;1481.5;60.0
2025-01-09_17:24:14.882;57.14;389;1487.7;60.0
2025-01-09_17:24:15.962;55.56;387;1486.6;60.0
2025-01-09_17:24:17.042;55.56;392;1487.2;60.0
2025-01-09_17:24:18.122;55.56;359;1496.7;60.0
2025-01-09_17:24:19.202;55.56;382;1489.8;60.0
2025-01-09_17:24:20.282;55.56;341;1498.1;60.0
2025-01-09_17:24:21.362;55.56;309;1504.2;60.0
2025-01-09_17:24:22.445;55.40;336;1502.2;60.0
2025-01-09_17:24:23.522;55.71;398;1499.9;60.0
2025-01-09_17:24:24.572;57.14;376;1494.8;60.0
2025-01-09_17:24:25.652;55.56;342;1505.6;60.0
2025-01-09_17:24:26.732;55.56;352;1494.4;60.0
2025-01-09_17:24:27.812;55.56;373;1488.8;60.0
2025-01-09_17:24:28.922;54.05;337;1496.9;60.0
2025-01-09_17:24:30.032;54.05;338;1493.8;60.0
2025-01-09_17:24:31.142;54.05;372;1496.0;60.0
2025-01-09_17:24:32.252;54.05;369;1484.8;60.0
2025-01-09_17:24:33.392;52.63;352;1494.0;60.0
2025-01-09_17:24:34.532;52.63;386;1494.3;60.0
2025-01-09_17:24:35.642;54.05;365;1496.8;60.0
2025-01-09_17:24:36.812;51.28;388;1490.6;60.0
2025-01-09_17:24:37.952;52.63;405;1499.4;60.0
2025-01-09_17:24:39.062;54.05;369;1493.7;60.0
2025-01-09_17:24:40.202;52.63;376;1493.2;60.0
2025-01-09_17:24:41.342;52.63;396;1489.9;60.0
2025-01-09_17:24:42.482;52.63;380;1499.4;60.0
2025-01-09_17:24:43.622;52.63;400;1482.4;60.0
2025-01-09_17:24:44.792;51.28;353;1491.0;60.0
2025-01-09_17:24:45.932;52.63;393;1481.2;60.0
2025-01-09_17:24:47.072;52.63;401;1477.7;60.0
2025-01-09_17:24:48.217;52.40;374;1485.1;60.0
2025-01-09_17:24:49.387;51.28;390;1479.1;60.0
2025-01-09_17:24:50.527;52.63;396;1478.2;60.0
2025-01-09_17:24:51.697;51.28;399;1480.7;60.0
2025-01-09_17:24:52.867;51.28;410;1461.4;60.0
2025-01-09_17:24:54.037;51.28;395;1478.3;60.0
2025-01-09_17:24:55.237;50.00;413;1475.8;60.0
2025-01-09_17:24:56.407;51.28;384;1491.0;60.0
2025-01-09_17:24:57.577;51.28;397;1483.0;60.0
2025-01-09_17:24:58.717;52.63;410;1481.2;60.0
2025-01-09_17:24:59.827;54.05;396;1480.7;60.0
2025-01-09_17:25:00.997;51.28;398;1472.2;60.0
2025-01-09_17:25:02.137;52.63;388;1484.4;60.0
2025-01-09_17:25:03.278;52.59;389;1482.0;60.0
2025-01-09_17:25:04.447;51.33;397;1486.5;60.0
2025-01-09_17:25:05.588;52.59;397;1479.4;60.0
2025-01-09_17:25:06.788;50.00;387;1480.1;60.0
2025-01-09_17:25:07.988;50.00;392;1482.2;60.0
2025-01-09_17:25:09.188;50.00;403;1484.2;60.0
2025-01-09_17:25:10.358;51.28;404;1483.4;60.0
2025-01-09_17:25:11.558;50.00;408;1480.2;60.0
2025-01-09_17:25:12.728;51.28;388;1486.5;60.0
2025-01-09_17:25:13.898;51.28;408;1484.0;60.0
2025-01-09_17:25:15.073;51.06;403;1485.7;60.0
2025-01-09_17:25:16.243;51.28;405;1482.1;60.0
2025-01-09_17:25:17.383;52.63;394;1481.2;60.0
2025-01-09_17:25:18.553;51.28;406;1487.4;60.0
2025-01-09_17:25:19.723;51.28;401;1489.5;60.0
2025-01-09_17:25:20.893;51.28;399;1486.5;60.0
2025-01-09_17:25:22.033;52.63;397;1482.6;60.0
2025-01-09_17:25:23.173;52.63;413;1483.2;60.0
2025-01-09_17:25:24.343;51.28;403;1479.1;60.0
2025-01-09_17:25:25.513;51.28;389;1483.3;60.0
2025-01-09_17:25:26.653;52.63;407;1473.8;60.0
2025-01-09_17:25:27.853;50.00;408;1486.4;60.0
2025-01-09_17:25:28.993;52.63;407;1490.1;60.0
2025-01-09_17:25:30.133;52.63;402;1491.6;60.0
2025-01-09_17:25:31.273;52.63;404;1483.6;60.0
2025-01-09_17:25:32.413;52.63;395;1478.3;60.0
2025-01-09_17:25:33.583;51.28;404;1486.5;60.0
2025-01-09_17:25:34.728;52.40;388;1497.3;60.0
2025-01-09_17:25:35.868;52.63;413;1485.0;60.0
2025-01-09_17:25:37.008;52.63;390;1488.2;60.0
2025-01-09_17:25:38.148;52.63;390;1482.1;60.0
2025-01-09_17:25:39.348;50.00;366;1482.2;60.0
2025-01-09_17:25:40.488;52.63;367;1491.3;60.0
2025-01-09_17:25:41.660;51.19;389;1489.6;60.0
2025-01-09_17:25:42.828;51.37;335;1492.4;60.0
2025-01-09_17:25:43.998;51.28;348;1495.5;60.0
2025-01-09_17:25:45.143;52.40;358;1485.0;60.0
2025-01-09_17:25:46.313;51.28;389;1489.4;60.0
2025-01-09_17:25:47.513;50.00;323;1495.5;60.0
2025-01-09_17:25:48.693;50.85;367;1491.6;60.0
2025-01-09_17:25:49.863;51.28;343;1498.4;60.0
2025-01-09_17:25:51.063;50.00;400;1492.2;60.0
2025-01-09_17:25:52.203;52.63;343;1495.0;60.0
2025-01-09_17:25:53.343;52.63;401;1478.9;60.0
2025-01-09_17:25:54.483;52.63;394;1483.2;60.0
2025-01-09_17:25:55.593;54.05;375;1476.2;60.0
2025-01-09_17:25:56.733;52.63;379;1487.0;60.0
2025-01-09_17:25:57.873;52.63;404;1486.7;60.0
2025-01-09_17:25:59.013;52.63;408;1482.6;60.0
2025-01-09_17:26:00.098;55.30;387;1484.3;60.0
2025-01-09_17:26:01.269;51.24;345;1490.3;60.0
2025-01-09_17:26:02.408;52.68;349;1487.5;60.0
2025-01-09_17:26:03.548;52.63;391;1481.4;60.0
2025-01-09_17:26:04.723;51.06;398;1471.1;60.0
2025-01-09_17:26:05.834;54.01;401;1478.3;60.0
2025-01-09_17:26:07.004;51.28;396;1479.6;60.0
2025-01-09_17:26:08.173;51.33;410;1476.5;60.0
2025-01-09_17:26:09.373;50.00;401;1475.3;60.0
2025-01-09_17:26:10.544;51.24;407;1477.1;60.0
2025-01-09_17:26:11.684;52.63;403;1487.2;60.0
2025-01-09_17:26:12.824;52.63;388;1478.9;60.0
2025-01-09_17:26:13.994;51.28;364;1486.7;60.0
2025-01-09_17:26:15.134;52.63;382;1478.8;60.0
2025-01-09_17:26:16.304;51.28;371;1481.0;60.0
2025-01-09_17:26:17.444;52.63;398;1488.0;60.0
2025-01-09_17:26:18.614;51.28;392;1475.7;60.0
2025-01-09_17:26:19.754;52.63;391;1471.4;60.0
2025-01-09_17:26:20.924;51.28;410;1475.1;60.0
2025-01-09_17:26:22.064;52.63;377;1489.6;60.0
2025-01-09_17:26:23.204;52.63;409;1475.6;60.0
2025-01-09_17:26:24.314;54.05;397;1479.8;60.0
2025-01-09_17:26:25.484;51.28;404;1491.4;60.0
2025-01-09_17:26:26.624;52.63;406;1497.9;60.0
2025-01-09_17:26:27.799;51.06;377;1487.9;60.0
2025-01-09_17:26:28.939;52.63;409;1472.2;60.0
2025-01-09_17:26:30.084;52.40;397;1476.0;60.0
2025-01-09_17:26:31.254;51.28;413;1474.0;60.0
2025-01-09_17:26:32.394;52.63;405;1474.1;60.0
2025-01-09_17:26:33.534;52.63;400;1409.2;60.0
2025-01-09_17:26:34.674;52.63;389;1475.9;60.0
2025-01-09_17:26:35.784;54.05;406;1479.3;60.0
2025-01-09_17:26:36.924;52.63;397;1478.2;60.0
2025-01-09_17:26:38.034;54.05;410;1437.7;60.0
2025-01-09_17:26:39.144;54.05;402;1472.0;60.0
2025-01-09_17:26:40.285;52.59;389;1475.8;60.0
2025-01-09_17:26:41.394;54.10;406;1473.4;60.0
2025-01-09_17:26:42.534;52.63;392;1475.3;60.0
2025-01-09_17:26:43.734;50.00;402;1466.3;60.0
2025-01-09_17:26:44.874;52.63;408;1483.5;60.0
2025-01-09_17:26:46.044;51.28;409;1440.0;60.0
2025-01-09_17:26:47.214;51.28;387;1478.6;60.0
2025-01-09_17:26:48.354;52.63;399;1476.6;60.0
2025-01-09_17:26:49.495;52.59;406;1462.9;60.0
2025-01-09_17:26:50.634;52.68;413;1473.3;60.0
2025-01-09_17:26:51.745;54.01;400;1480.8;60.0
2025-01-09_17:26:52.884;52.68;412;1477.0;60.0
2025-01-09_17:26:53.994;54.05;389;1477.0;60.0
2025-01-09_17:26:55.134;52.63;399;1473.7;60.0
2025-01-09_17:26:56.274;52.63;407;1480.1;60.0
2025-01-09_17:26:57.384;54.05;406;1472.6;60.0
2025-01-09_17:26:58.494;54.05;387;1482.0;60.0
2025-01-09_17:26:59.634;52.63;395;1479.9;60.0
2025-01-09_17:27:00.774;52.63;400;1478.9;60.0
2025-01-09_17:27:01.914;52.63;405;1477.1;60.0
2025-01-09_17:27:03.024;54.05;402;1477.9;60.0
2025-01-09_17:27:04.109;55.30;394;1477.8;60.0
2025-01-09_17:27:05.249;52.63;410;1472.5;60.0
2025-01-09_17:27:06.390;52.59;408;1486.1;60.0
2025-01-09_17:27:07.529;52.68;399;1491.9;60.0
2025-01-09_17:27:08.669;52.63;405;1490.5;60.0
2025-01-09_17:27:09.840;51.24;406;1488.8;60.0
2025-01-09_17:27:10.979;52.68;400;1493.2;60.0
2025-01-09_17:27:12.090;54.01;402;1482.8;60.0
2025-01-09_17:27:13.229;52.68;407;1483.2;60.0
2025-01-09_17:27:14.370;52.59;407;1481.0;60.0
2025-01-09_17:27:15.540;51.28;392;1477.4;60.0
2025-01-09_17:27:16.649;54.10;407;1486.4;60.0
2025-01-09_17:27:17.820;51.24;413;1488.4;60.0
2025-01-09_17:27:18.990;51.28;408;1486.3;60.0
2025-01-09_17:27:20.159;51.33;411;1481.7;60.0
2025-01-09_17:27:21.360;49.96;400;1491.9;60.0
2025-01-09_17:27:22.590;48.78;409;1488.3;60.0
2025-01-09_17:27:23.790;50.00;409;1487.2;60.0
2025-01-09_17:27:24.990;50.00;356;1489.4;60.0
2025-01-09_17:27:26.130;52.63;408;1485.5;60.0
2025-01-09_17:27:27.240;54.05;389;1478.2;60.0
2025-01-09_17:27:28.380;52.63;363;1491.8;60.0
2025-01-09_17:27:29.520;52.63;344;1497.7;60.0
2025-01-09_17:27:30.600;55.56;344;1498.5;60.0
2025-01-09_17:27:31.710;54.05;334;1501.1;60.0
2025-01-09_17:27:32.820;54.05;378;1497.5;60.0
2025-01-09_17:27:33.960;52.63;390;1491.9;60.0
2025-01-09_17:27:35.100;52.63;319;1497.3;60.0
2025-01-09_17:27:36.180;55.56;384;1494.4;60.0
2025-01-09_17:27:37.350;51.28;396;1494.8;60.0
2025-01-09_17:27:38.490;52.63;339;1499.5;60.0
2025-01-09_17:27:39.600;54.05;382;1492.2;60.0
2025-01-09_17:27:40.770;51.28;371;1479.1;60.0
2025-01-09_17:27:41.970;50.00;389;1497.4;60.0
2025-01-09_17:27:43.110;52.63;400;1489.6;60.0
2025-01-09_17:27:44.280;51.28;391;1478.3;60.0
2025-01-09_17:27:45.450;51.28;379;1478.4;60.0
2025-01-09_17:27:46.620;51.28;412;1483.4;60.0
2025-01-09_17:27:47.760;52.63;412;1480.4;60.0
2025-01-09_17:27:48.930;51.28;398;1477.4;60.0
2025-01-09_17:27:50.100;51.28;396;1478.6;60.0
2025-01-09_17:27:51.270;51.28;392;1478.9;60.0
2025-01-09_17:27:52.440;51.28;408;1484.3;60.0
2025-01-09_17:27:53.640;50.00;404;1488.6;60.0
2025-01-09_17:27:54.810;51.28;407;1484.8;60.0
2025-01-09_17:27:55.980;51.28;406;1482.8;60.0
2025-01-09_17:27:57.180;50.00;395;1482.8;60.0
2025-01-09_17:27:58.350;51.28;402;1482.9;60.0
2025-01-09_17:27:59.550;50.00;390;1485.0;60.0
2025-01-09_17:28:00.750;50.00;405;1486.3;60.0
2025-01-09_17:28:01.890;52.63;404;1479.7;60.0
2025-01-09_17:28:03.090;50.00;399;1487.1;60.0
2025-01-09_17:28:04.260;51.28;389;1481.5;60.0
2025-01-09_17:28:05.460;50.00;403;1487.9;60.0
2025-01-09_17:28:06.600;52.63;407;1478.9;60.0
2025-01-09_17:28:07.740;52.63;399;1483.3;60.0
2025-01-09_17:28:08.910;51.28;399;1483.0;60.0
2025-01-09_17:28:10.080;51.28;402;1477.1;60.0
2025-01-09_17:28:11.190;54.05;404;1479.4;60.0
2025-01-09_17:28:12.360;51.28;411;1483.8;60.0
2025-01-09_17:28:13.530;51.28;407;1479.7;60.0
2025-01-09_17:28:14.700;51.28;414;1476.4;60.0
2025-01-09_17:28:15.900;50.00;395;1469.1;60.0
2025-01-09_17:28:17.100;50.00;394;1476.1;60.0
2025-01-09_17:28:18.270;51.28;403;1470.8;60.0
2025-01-09_17:28:19.441;51.24;387;1480.6;60.0
2025-01-09_17:28:20.676;48.58;402;1476.6;60.0
2025-01-09_17:28:21.846;51.28;405;1471.8;60.0
2025-01-09_17:28:23.016;51.28;401;1477.7;60.0
2025-01-09_17:28:24.156;52.63;407;1477.4;60.0
2025-01-09_17:28:25.356;50.00;402;1473.5;60.0
2025-01-09_17:28:26.496;52.63;408;1474.6;60.0
2025-01-09_17:28:27.636;52.63;394;1467.3;60.0
2025-01-09_17:28:28.776;52.63;404;1482.0;60.0
2025-01-09_17:28:29.946;51.28;408;1480.6;60.0
2025-01-09_17:28:31.056;54.05;400;1477.8;60.0
2025-01-09_17:28:32.196;52.63;399;1480.4;60.0
2025-01-09_17:28:33.371;51.06;389;1476.8;60.0
2025-01-09_17:28:34.481;54.05;409;1475.3;60.0
2025-01-09_17:28:35.621;52.63;409;1482.9;60.0
2025-01-09_17:28:36.731;54.05;404;1473.0;60.0
2025-01-09_17:28:37.901;51.28;405;1480.1;60.0
2025-01-09_17:28:39.041;52.63;392;1483.2;60.0
2025-01-09_17:28:40.181;52.63;405;1479.7;60.0
2025-01-09_17:28:41.321;52.63;387;1480.1;60.0
2025-01-09_17:28:42.491;51.28;409;1483.3;60.0
2025-01-09_17:28:43.631;52.63;402;1487.2;60.0
2025-01-09_17:28:44.801;51.28;404;1480.7;60.0
2025-01-09_17:28:46.001;50.00;404;1421.4;60.0
2025-01-09_17:28:47.171;51.28;410;1484.1;60.0
2025-01-09_17:28:48.311;52.63;404;1484.0;60.0
2025-01-09_17:28:49.481;51.28;397;1499.9;60.0
2025-01-09_17:28:50.621;52.63;405;1492.6;60.0
2025-01-09_17:28:51.795;51.11;404;1489.3;60.0
2025-01-09_17:28:52.961;51.46;385;1497.9;60.0
2025-01-09_17:28:54.131;51.28;410;1490.4;60.0
2025-01-09_17:28:55.301;51.28;377;1497.9;60.0
2025-01-09_17:28:56.471;51.28;405;1484.9;60.0
2025-01-09_17:28:57.641;51.28;308;1497.7;60.0
2025-01-09_17:28:58.811;51.28;349;1489.8;60.0
2025-01-09_17:29:00.011;50.00;355;1502.7;60.0
2025-01-09_17:29:01.241;48.78;383;1498.1;60.0
2025-01-09_17:29:02.411;51.28;343;1496.4;60.0
2025-01-09_17:29:03.581;51.28;357;1492.6;60.0
2025-01-09_17:29:04.751;51.28;364;1487.0;60.0
2025-01-09_17:29:05.922;51.24;347;1494.0;60.0
2025-01-09_17:29:07.121;50.04;403;1484.0;60.0
2025-01-09_17:29:08.261;52.63;386;1483.5;60.0
2025-01-09_17:29:09.401;52.63;391;1484.4;60.0
2025-01-09_17:29:10.541;52.63;373;1483.4;60.0
2025-01-09_17:29:11.711;51.28;405;1489.1;60.0
2025-01-09_17:29:12.881;51.28;366;1491.7;60.0
2025-01-09_17:29:14.021;52.63;368;1484.6;60.0
2025-01-09_17:29:15.161;52.63;390;1476.9;60.0
2025-01-09_17:29:16.331;51.28;400;1489.2;60.0
2025-01-09_17:29:17.471;52.63;396;1485.9;60.0
2025-01-09_17:29:18.641;51.28;406;1486.6;60.0
2025-01-09_17:29:19.811;51.28;413;1477.7;60.0
2025-01-09_17:29:20.951;52.63;404;1480.2;60.0
2025-01-09_17:29:22.121;51.28;394;1493.3;60.0
2025-01-09_17:29:23.351;48.78;403;1495.9;60.0
2025-01-09_17:29:24.582;48.74;390;1490.7;60.0
2025-01-09_17:29:25.751;51.33;410;1492.8;60.0
2025-01-09_17:29:26.956;49.79;397;1495.3;60.0
2025-01-09_17:29:28.157;49.96;393;1490.7;60.0
2025-01-09_17:29:29.357;50.00;405;1491.0;60.0
2025-01-09_17:29:30.587;48.78;405;1487.4;60.0
2025-01-09_17:29:31.727;52.63;389;1496.4;60.0
2025-01-09_17:29:32.837;54.05;417;1478.1;60.0
2025-01-09_17:29:33.947;54.05;402;1445.9;60.0
2025-01-09_17:29:35.027;55.56;378;1478.5;60.0
2025-01-09_17:29:36.107;55.56;404;1477.1;60.0
2025-01-09_17:29:37.187;55.56;407;1476.2;60.0
2025-01-09_17:29:38.237;57.14;390;1477.6;60.0
2025-01-09_17:29:39.317;55.56;400;1463.8;60.0
2025-01-09_17:29:40.397;55.56;395;1482.8;60.0
2025-01-09_17:29:41.477;55.56;411;1488.9;60.0
2025-01-09_17:29:42.527;57.14;401;1486.1;60.0
2025-01-09_17:29:43.607;55.56;402;1494.8;60.0
2025-01-09_17:29:44.687;55.56;402;1484.8;60.0
2025-01-09_17:29:45.767;55.56;392;1486.7;60.0
2025-01-09_17:29:46.817;57.14;412;1489.6;60.0
2025-01-09_17:29:47.897;55.56;395;1498.1;60.0
2025-01-09_17:29:48.917;58.82;403;1493.9;60.0
2025-01-09_17:29:49.967;57.14;407;1506.4;60.0
2025-01-09_17:29:51.017;57.14;403;1496.3;60.0
2025-01-09_17:29:52.067;57.14;388;1499.0;60.0
2025-01-09_17:29:53.117;57.14;401;1495.7;60.0
2025-01-09_17:29:54.137;58.82;408;1493.7;60.0
2025-01-09_17:29:55.157;58.82;407;1500.2;60.0
2025-01-09_17:29:56.207;57.14;403;1492.4;60.0
2025-01-09_17:29:57.227;58.82;395;1492.3;60.0
2025-01-09_17:29:58.252;58.54;398;1497.4;60.0
2025-01-09_17:29:59.272;58.82;410;1492.9;60.0
2025-01-09_17:30:00.292;58.82;395;1497.8;60.0
2025-01-09_17:30:01.312;58.82;413;1497.3;60.0
2025-01-09_17:30:02.332;58.82;391;1503.2;60.0
2025-01-09_17:30:03.322;60.61;410;1486.6;60.0
2025-01-09_17:30:04.312;60.61;393;1489.8;60.0
2025-01-09_17:30:05.302;60.61;406;1485.2;60.0
2025-01-09_17:30:06.292;60.61;400;1486.5;60.0
2025-01-09_17:30:07.282;60.61;400;1480.8;60.0
2025-01-09_17:30:08.272;60.61;395;1490.3;60.0
2025-01-09_17:30:09.262;60.61;390;1483.1;60.0
2025-01-09_17:30:10.282;58.82;388;1484.0;60.0
2025-01-09_17:30:11.272;60.61;405;1493.4;60.0
2025-01-09_17:30:12.262;60.61;406;1498.3;60.0
2025-01-09_17:30:13.222;62.50;398;1497.1;60.0
2025-01-09_17:30:14.212;60.61;397;1492.5;60.0
2025-01-09_17:30:15.202;60.61;405;1491.8;60.0
2025-01-09_17:30:16.193;60.54;399;1492.7;60.0
2025-01-09_17:30:17.212;58.88;401;1499.1;60.0
2025-01-09_17:30:18.202;60.61;384;1493.1;60.0
2025-01-09_17:30:19.222;58.82;390;1495.1;60.0
2025-01-09_17:30:20.243;58.77;414;1495.8;60.0
2025-01-09_17:30:21.262;58.88;399;1500.0;60.0
2025-01-09_17:30:22.282;58.82;408;1498.7;60.0
2025-01-09_17:30:23.302;58.82;388;1501.6;60.0
2025-01-09_17:30:24.323;58.77;390;1489.7;60.0
2025-01-09_17:30:25.343;58.82;410;1483.7;60.0
2025-01-09_17:30:26.362;58.88;379;1483.5;60.0
2025-01-09_17:30:27.383;58.77;405;1485.5;60.0
2025-01-09_17:30:28.373;60.61;408;1501.2;60.0
2025-01-09_17:30:29.362;60.67;398;1505.6;60.0
2025-01-09_17:30:30.322;62.50;411;1495.8;60.0
2025-01-09_17:30:31.312;60.61;377;1504.7;60.0
2025-01-09_17:30:32.333;58.77;405;1503.0;60.0
2025-01-09_17:30:33.328;60.30;414;1495.9;60.0
2025-01-09_17:30:34.348;58.82;400;1496.1;60.0
2025-01-09_17:30:35.338;60.61;395;1500.3;60.0
2025-01-09_17:30:36.388;57.14;407;1501.1;60.0
2025-01-09_17:30:37.408;58.82;412;1502.2;60.0
2025-01-09_17:30:38.428;58.82;390;1498.9;60.0
2025-01-09_17:30:39.448;58.82;408;1500.3;60.0
2025-01-09_17:30:40.468;58.82;399;1506.2;60.0
2025-01-09_17:30:41.488;58.82;389;1501.5;60.0
2025-01-09_17:30:42.508;58.82;404;1500.3;60.0
2025-01-09_17:30:43.499;60.54;416;1496.5;60.0
2025-01-09_17:30:44.518;58.88;390;1496.4;60.0
2025-01-09_17:30:45.538;58.82;395;1492.5;60.0
2025-01-09_17:30:46.588;57.14;411;1495.9;60.0
2025-01-09_17:30:47.578;60.61;410;1494.9;60.0
2025-01-09_17:30:48.598;58.82;408;1490.4;60.0
2025-01-09_17:30:49.618;58.82;409;1493.6;60.0
2025-01-09_17:30:50.608;60.61;408;1499.9;60.0
2025-01-09_17:30:51.628;58.82;408;1504.0;60.0
2025-01-09_17:30:52.648;58.82;408;1503.4;60.0
2025-01-09_17:30:53.638;60.61;409;1498.0;60.0
2025-01-09_17:30:54.628;60.61;400;1498.8;60.0
2025-01-09_17:30:55.588;62.50;406;1505.5;60.0
2025-01-09_17:30:56.578;60.61;406;1498.0;60.0
2025-01-09_17:30:57.628;57.14;407;1494.4;60.0
2025-01-09_17:30:58.618;60.61;394;1505.0;60.0
2025-01-09_17:30:59.608;60.61;409;1495.4;60.0
2025-01-09_17:31:00.628;58.82;386;1505.5;60.0
2025-01-09_17:31:01.618;60.61;377;1495.6;60.0
2025-01-09_17:31:02.638;58.82;394;1487.3;60.0
2025-01-09_17:31:03.658;58.82;395;1491.3;60.0
2025-01-09_17:31:04.648;60.61;406;1490.3;60.0
2025-01-09_17:31:05.638;60.61;388;1499.3;60.0
2025-01-09_17:31:06.629;60.54;398;1494.0;60.0
2025-01-09_17:31:07.648;58.88;405;1494.3;60.0
2025-01-09_17:31:08.638;60.61;384;1501.1;60.0
2025-01-09_17:31:09.628;60.61;395;1495.0;60.0
2025-01-09_17:31:10.648;58.82;412;1492.2;60.0
2025-01-09_17:31:11.638;60.61;405;1498.0;60.0
2025-01-09_17:31:12.658;58.82;385;1505.7;60.0
2025-01-09_17:31:13.648;60.61;409;1503.1;60.0
2025-01-09_17:31:14.668;58.82;377;1497.8;60.0
2025-01-09_17:31:15.688;58.82;378;1496.9;60.0
2025-01-09_17:31:16.738;57.14;406;1505.0;60.0
2025-01-09_17:31:17.731;60.42;415;1496.2;60.0
2025-01-09_17:31:18.779;57.25;410;1499.6;60.0
2025-01-09_17:31:19.799;58.82;396;1493.0;60.0
2025-01-09_17:31:20.788;60.67;409;1499.4;60.0
2025-01-09_17:31:21.779;60.54;408;1502.0;60.0
2025-01-09_17:31:22.799;58.82;411;1496.3;60.0
2025-01-09_17:31:23.818;58.88;401;1498.8;60.0
2025-01-09_17:31:24.809;60.54;403;1493.1;60.0
2025-01-09_17:31:25.769;62.50;407;1478.9;60.0
2025-01-09_17:31:26.760;60.54;410;1487.0;60.0
2025-01-09_17:31:27.748;60.73;411;1487.0;60.0
2025-01-09_17:31:28.739;60.54;354;1495.7;60.0
2025-01-09_17:31:29.733;60.36;390;1488.5;60.0
2025-01-09_17:31:30.753;58.82;411;1488.9;60.0
2025-01-09_17:31:31.744;60.54;369;1485.7;60.0
2025-01-09_17:31:32.733;60.67;378;1504.4;60.0
2025-01-09_17:31:33.723;60.61;412;1491.4;60.0
2025-01-09_17:31:34.744;58.77;392;1483.8;60.0
2025-01-09_17:31:35.704;62.50;356;1494.1;60.0
2025-01-09_17:31:36.724;58.82;386;1480.2;60.0
2025-01-09_17:31:37.714;60.61;403;1495.4;60.0
2025-01-09_17:31:38.704;60.61;381;1487.7;60.00000000000001
2025-01-09_17:31:39.694;60.61;407;1480.9;60.051020408163275
2025-01-09_17:31:40.654;62.50;401;1476.2;60.20408163265307
2025-01-09_17:31:41.614;62.50;396;1479.5;60.4591836734694
2025-01-09_17:31:42.574;62.50;397;1479.1;60.81632653061226
2025-01-09_17:31:43.564;60.61;402;1485.6;61.27551020408164
2025-01-09_17:31:44.524;62.50;415;1482.7;61.83673469387756
2025-01-09_17:31:45.489;62.18;405;1482.1;62.500000000000014
2025-01-09_17:31:46.449;62.50;407;1483.9;63.26530612244899
2025-01-09_17:31:47.439;60.61;411;1492.4;64.1326530612245
2025-01-09_17:31:48.459;58.82;406;1483.0;65.10204081632654
2025-01-09_17:31:49.449;60.61;390;1498.2;66.17346938775512
2025-01-09_17:31:50.470;58.77;411;1499.1;67.34693877551022
2025-01-09_17:31:51.459;60.67;366;1499.8;68.62244897959185
2025-01-09_17:31:52.449;60.61;399;1506.0;70.00000000000001
2025-01-09_17:31:53.409;62.50;405;1499.8;71.37755102040816
2025-01-09_17:31:54.399;60.61;383;1495.2;72.65306122448979
2025-01-09_17:31:55.359;62.50;401;1491.3;73.82653061224491
2025-01-09_17:31:56.319;62.50;408;1485.7;74.89795918367348
2025-01-09_17:31:57.339;58.82;397;1507.1;75.86734693877551
2025-01-09_17:31:58.329;60.61;390;1493.3;76.73469387755102
2025-01-09_17:31:59.324;60.30;400;1504.9;77.50000000000001
2025-01-09_17:32:00.284;62.50;392;1505.5;78.16326530612245
2025-01-09_17:32:01.274;60.61;402;1507.4;78.72448979591837
2025-01-09_17:32:02.264;60.61;394;1510.5;79.18367346938776
2025-01-09_17:32:03.254;60.61;411;1504.3;79.5408163265306
2025-01-09_17:32:04.245;60.54;407;1507.0;79.79591836734696
2025-01-09_17:32:05.264;58.88;381;1508.7;79.94897959183675
2025-01-09_17:32:06.254;60.61;394;1512.0;80.0
2025-01-09_17:32:07.274;58.82;414;1510.8;80.0
2025-01-09_17:32:08.294;58.82;388;1516.2;80.0
2025-01-09_17:32:09.314;58.82;392;1509.7;80.0
2025-01-09_17:32:10.304;60.61;399;1509.2;80.0
2025-01-09_17:32:11.324;58.82;410;1517.4;80.0
2025-01-09_17:32:12.344;58.82;411;1501.5;80.0
2025-01-09_17:32:13.334;60.61;410;1499.4;80.0
2025-01-09_17:32:14.354;58.82;393;1509.9;80.0
2025-01-09_17:32:15.374;58.82;406;1511.6;80.0
2025-01-09_17:32:16.364;60.61;397;1505.4;80.0
2025-01-09_17:32:17.354;60.61;393;1508.4;80.0
2025-01-09_17:32:18.375;58.77;409;1511.4;80.0
2025-01-09_17:32:19.364;60.67;410;1509.9;80.0
2025-01-09_17:32:20.385;58.77;400;1505.0;80.0
2025-01-09_17:32:21.344;62.57;406;1508.0;80.0
2025-01-09_17:32:22.364;58.82;409;1505.5;80.0
2025-01-09_17:32:23.354;60.61;396;1508.3;80.0
2025-01-09_17:32:24.314;62.50;401;1509.3;80.0
2025-01-09_17:32:25.304;60.61;390;1504.5;80.0
2025-01-09_17:32:26.294;60.61;409;1501.5;80.0
2025-01-09_17:32:27.286;60.48;390;1502.9;80.0
2025-01-09_17:32:28.274;60.73;401;1511.3;80.0
2025-01-09_17:32:29.234;62.50;405;1512.8;80.0
2025-01-09_17:32:30.194;62.50;393;1508.7;80.0
2025-01-09_17:32:31.154;62.50;402;1504.9;80.0
2025-01-09_17:32:32.114;62.50;402;1503.9;80.0
2025-01-09_17:32:33.104;60.61;380;1498.4;80.0
2025-01-09_17:32:34.095;60.54;383;1502.1;80.0
2025-01-09_17:32:35.084;60.67;393;1504.6;80.0
2025-01-09_17:32:36.044;62.50;391;1503.6;80.0
2025-01-09_17:32:37.034;60.61;380;1502.2;80.0
2025-01-09_17:32:37.995;62.43;396;1498.4;80.0
2025-01-09_17:32:38.985;60.61;381;1499.4;80.0
2025-01-09_17:32:40.004;58.88;397;1501.2;80.0
2025-01-09_17:32:40.995;60.54;406;1506.6;80.0
2025-01-09_17:32:41.985;60.61;383;1501.7;80.0
2025-01-09_17:32:42.975;60.61;400;1510.5;80.0
2025-01-09_17:32:43.965;60.61;412;1502.5;80.0
2025-01-09_17:32:44.985;58.82;385;1501.6;80.0
2025-01-09_17:32:45.975;60.61;410;1498.8;80.0
2025-01-09_17:32:46.965;60.61;400;1511.0;80.0
2025-01-09_17:32:47.955;60.61;387;1508.6;80.0
2025-01-09_17:32:48.945;60.61;405;1500.2;80.0
2025-01-09_17:32:49.905;62.50;402;1506.8;80.0
2025-01-09_17:32:50.900;60.30;398;1500.3;80.0
2025-01-09_17:32:51.920;58.82;382;1496.9;80.0
2025-01-09_17:32:52.880;62.50;374;1507.5;80.0
2025-01-09_17:32:53.873;60.42;382;1506.2;80.0
2025-01-09_17:32:54.860;60.79;392;1499.2;80.0
2025-01-09_17:32:55.880;58.82;409;1502.3;80.0
2025-01-09_17:32:56.840;62.50;403;1509.9;80.0
2025-01-09_17:32:57.830;60.61;404;1503.1;80.0
2025-01-09_17:32:58.820;60.61;409;1502.5;80.0
2025-01-09_17:32:59.810;60.61;409;1504.5;80.0
2025-01-09_17:33:00.770;62.50;404;1499.8;80.0
2025-01-09_17:33:01.790;58.82;395;1505.5;80.0
2025-01-09_17:33:02.780;60.61;400;1498.6;80.0
2025-01-09_17:33:03.800;58.82;376;1508.8;80.0
2025-01-09_17:33:04.760;62.50;401;1510.4;80.0
2025-01-09_17:33:05.780;58.82;401;1507.4;80.0
2025-01-09_17:33:06.770;60.61;386;1498.4;80.0
2025-01-09_17:33:07.790;58.82;405;1511.3;80.0
2025-01-09_17:33:08.782;60.48;389;1508.8;80.0
2025-01-09_17:33:09.770;60.73;406;1512.3;80.0
2025-01-09_17:33:10.760;60.61;412;1506.7;80.0
2025-01-09_17:33:11.750;60.61;402;1503.2;80.0
2025-01-09_17:33:12.770;58.82;391;1498.3;80.0
2025-01-09_17:33:13.760;60.61;394;1505.2;80.0
2025-01-09_17:33:14.750;60.61;407;1506.3;80.0
2025-01-09_17:33:15.740;60.61;398;1505.8;80.0
2025-01-09_17:33:16.731;60.54;392;1507.0;80.0
2025-01-09_17:33:17.720;60.67;380;1502.3;80.0
2025-01-09_17:33:18.710;60.61;408;1494.5;80.0
2025-01-09_17:33:19.730;58.82;388;1500.4;80.0
2025-01-09_17:33:20.720;60.61;382;1496.0;80.0
2025-01-09_17:33:21.740;58.82;389;1506.9;80.0
2025-01-09_17:33:22.730;60.61;404;1502.8;80.0
2025-01-09_17:33:23.720;60.61;372;1503.9;80.0
2025-01-09_17:33:24.710;60.61;408;1500.5;80.0
2025-01-09_17:33:25.710;60.00;392;1504.3;80.0
2025-01-09_17:33:26.730;58.82;382;1498.1;80.0
2025-01-09_17:33:27.720;60.61;376;1503.0;80.0
2025-01-09_17:33:28.740;58.82;406;1492.7;80.0
2025-01-09_17:33:29.730;60.61;407;1503.0;80.0
2025-01-09_17:33:30.750;58.82;382;1501.6;80.0
2025-01-09_17:33:31.740;60.61;406;1505.1;80.0
2025-01-09_17:33:32.700;62.50;410;1500.0;80.0
2025-01-09_17:33:33.690;60.61;391;1495.9;80.0
2025-01-09_17:33:34.710;58.82;409;1495.1;80.0
2025-01-09_17:33:35.700;60.61;403;1492.1;80.0
2025-01-09_17:33:36.660;62.50;393;1496.9;80.0
2025-01-09_17:33:37.620;62.50;386;1498.6;80.0
2025-01-09_17:33:38.640;58.82;407;1492.0;80.0
2025-01-09_17:33:39.630;60.61;409;1497.7;80.0
2025-01-09_17:33:40.595;62.18;395;1494.2;80.0
2025-01-09_17:33:41.585;60.61;378;1496.3;80.0
2025-01-09_17:33:42.550;62.18;411;1496.2;80.0
2025-01-09_17:33:43.541;60.54;412;1491.6;80.0
2025-01-09_17:33:44.501;62.50;402;1495.1;80.0
2025-01-09_17:33:45.460;62.57;392;1495.0;80.0
2025-01-09_17:33:46.421;62.43;386;1505.9;80.0
2025-01-09_17:33:47.410;60.67;403;1493.7;80.0
2025-01-09_17:33:48.371;62.43;411;1497.8;80.0
2025-01-09_17:33:49.301;64.52;401;1502.2;80.0
2025-01-09_17:33:50.261;62.50;411;1502.9;80.0
2025-01-09_17:33:51.221;62.50;384;1500.0;80.0
2025-01-09_17:33:52.181;62.50;397;1497.6;80.0
2025-01-09_17:33:53.141;62.50;374;1499.7;80.0
2025-01-09_17:33:54.131;60.61;410;1501.2;80.0
2025-01-09_17:33:55.091;62.50;383;1499.4;80.0
2025-01-09_17:33:56.081;60.61;388;1496.8;80.0
2025-01-09_17:33:57.041;62.50;392;1496.9;80.0
2025-01-09_17:33:58.001;62.50;404;1495.5;80.0
2025-01-09_17:33:58.991;60.61;386;1496.3;80.0
2025-01-09_17:33:59.951;62.50;402;1497.3;80.0
2025-01-09_17:34:00.911;62.50;398;1500.1;80.0
2025-01-09_17:34:01.901;60.61;400;1510.4;80.0
2025-01-09_17:34:02.862;62.43;373;1497.5;80.0
2025-01-09_17:34:03.821;62.57;392;1493.1;80.0
2025-01-09_17:34:04.811;60.61;396;1493.9;80.0
2025-01-09_17:34:05.801;60.61;405;1497.6;80.0
2025-01-09_17:34:06.791;60.61;398;1500.0;80.0
2025-01-09_17:34:07.781;60.61;408;1499.9;80.0
2025-01-09_17:34:08.741;62.50;404;1506.5;80.0
2025-01-09_17:34:09.731;60.61;401;1500.2;80.0
2025-01-09_17:34:10.691;62.50;406;1496.5;80.0
2025-01-09_17:34:11.621;64.52;394;1506.2;80.0
2025-01-09_17:34:12.551;64.52;379;1504.0;80.0
2025-01-09_17:34:13.511;62.50;409;1502.4;80.0
2025-01-09_17:34:14.471;62.50;407;1504.3;80.0
2025-01-09_17:34:15.461;60.61;400;1500.6;80.0
2025-01-09_17:34:16.451;60.61;407;1498.6;80.0
2025-01-09_17:34:17.441;60.61;399;1498.6;80.0
2025-01-09_17:34:18.401;62.50;396;1509.0;80.0
2025-01-09_17:34:19.361;62.50;382;1501.6;80.0
2025-01-09_17:34:20.321;62.50;391;1496.4;80.0
2025-01-09_17:34:21.341;58.82;388;1495.9;80.0
2025-01-09_17:34:22.301;62.50;379;1489.9;80.0
2025-01-09_17:34:23.291;60.61;370;1502.1;80.0
2025-01-09_17:34:24.251;62.50;390;1500.0;80.0
2025-01-09_17:34:25.211;62.50;406;1499.2;80.0
2025-01-09_17:34:26.201;60.61;400;1504.6;80.0
2025-01-09_17:34:27.191;60.61;400;1508.2;80.0
2025-01-09_17:34:28.151;62.50;374;1500.7;80.0
2025-01-09_17:34:29.171;58.82;409;1508.4;80.0
2025-01-09_17:34:30.131;62.50;379;1505.8;80.0
2025-01-09_17:34:31.151;58.82;402;1498.9;80.0
2025-01-09_17:34:32.171;58.82;389;1498.2;80.0
2025-01-09_17:34:33.191;58.82;387;1499.4;80.0
2025-01-09_17:34:34.151;62.50;375;1499.8;80.0
2025-01-09_17:34:35.171;58.82;396;1496.5;80.0
2025-01-09_17:34:36.191;58.82;402;1498.6;80.0
2025-01-09_17:34:37.151;62.50;401;1491.4;80.0
2025-01-09_17:34:38.171;58.82;400;1503.8;80.0
2025-01-09_17:34:39.161;60.61;382;1491.6;80.0
2025-01-09_17:34:40.181;58.82;380;1483.8;80.05102040816327
2025-01-09_17:34:41.171;60.61;399;1498.4;80.20408163265307
2025-01-09_17:34:42.192;58.77;392;1496.8;80.4591836734694
2025-01-09_17:34:43.181;60.67;393;1499.9;80.81632653061226
2025-01-09_17:34:44.172;60.54;408;1502.1;81.27551020408164
2025-01-09_17:34:45.162;60.61;407;1501.7;81.83673469387756
2025-01-09_17:34:46.151;60.67;397;1508.9;82.5
2025-01-09_17:34:47.142;60.54;406;1511.0;83.26530612244899
2025-01-09_17:34:48.131;60.67;398;1506.7;84.13265306122449
2025-01-09_17:34:49.122;60.54;401;1501.3;85.10204081632654
2025-01-09_17:34:50.081;62.57;392;1487.1;86.1734693877551
2025-01-09_17:34:51.072;60.54;396;1500.8;87.34693877551021
2025-01-09_17:34:52.062;60.61;397;1494.0;88.62244897959184
2025-01-09_17:34:53.052;60.61;392;1504.5;90.00000000000001
2025-01-09_17:34:54.102;57.14;405;1502.8;91.37755102040816
2025-01-09_17:34:55.062;62.50;381;1500.2;92.6530612244898
2025-01-09_17:34:56.082;58.82;413;1506.1;93.82653061224491
2025-01-09_17:34:57.072;60.61;394;1504.3;94.89795918367348
2025-01-09_17:34:58.062;60.61;392;1506.1;95.86734693877551
2025-01-09_17:34:59.052;60.61;398;1506.2;96.73469387755102
2025-01-09_17:35:00.072;58.82;382;1497.6;97.5
2025-01-09_17:35:01.037;62.18;399;1508.5;98.16326530612245
2025-01-09_17:35:02.027;60.61;409;1508.3;98.72448979591837
2025-01-09_17:35:02.987;62.50;395;1505.0;99.18367346938776
2025-01-09_17:35:03.949;62.37;379;1502.7;99.54081632653062
2025-01-09_17:35:04.937;60.73;393;1511.8;99.79591836734693
2025-01-09_17:35:05.897;62.50;385;1505.0;99.94897959183673
2025-01-09_17:35:06.917;58.82;400;1509.1;100.0
2025-01-09_17:35:07.877;62.50;409;1504.1;100.0
2025-01-09_17:35:08.867;60.61;391;1509.9;100.0
2025-01-09_17:35:09.917;57.14;405;1499.2;100.0
2025-01-09_17:35:10.607;86.96;178;477.7;100.0
2025-01-09_17:35:11.117;0.00;49;127.0;100.0
2025-01-09_17:35:11.327;0.00;5;0.9;100.0
2025-01-09_17:35:11.597;0.00;5;0.3;100.0
2025-01-09_17:35:11.957;0.00;5;0.2;100.0
2025-01-09_17:35:12.317;0.00;5;0.1;100.0
2025-01-09_17:35:12.467;0.00;5;1.2;100.0
2025-01-09_17:35:12.617;0.00;5;0.1;100.0
2025-01-09_17:35:12.678;0.00;5;0.1;100.0
2025-01-09_17:35:12.767;0.00;5;0.1;100.0
2025-01-09_17:35:12.887;0.00;5;0.1;100.0
2025-01-09_17:35:13.217;0.00;5;0.2;100.0
2025-01-09_17:35:13.307;0.00;5;0.1;100.0
2025-01-09_17:35:13.787;0.00;5;0.1;100.0
2025-01-09_17:35:14.447;90.91;5;0.1;100.0
2025-01-09_17:35:14.777;0.00;5;0.2;100.0
2025-01-09_17:35:15.347;0.00;6;16.9;100.0
2025-01-09_17:35:16.007;90.91;7;29.5;100.0
2025-01-09_17:35:16.097;0.00;5;0.2;100.0
2025-01-09_17:35:16.697;100.00;9;69.6;100.0
2025-01-09_17:35:16.937;0.00;5;0.3;100.0
2025-01-09_17:35:17.057;0.00;5;0.2;100.0
2025-01-09_17:35:17.147;0.00;5;0.3;100.0
2025-01-09_17:35:17.268;0.00;5;0.2;100.0
2025-01-09_17:35:19.037;33.92;7;37.2;100.0
2025-01-09_17:35:19.847;74.07;6;31.0;100.0
2025-01-09_17:35:19.937;0.00;5;0.2;100.0
2025-01-09_17:35:21.407;40.82;407;1456.4;100.0
2025-01-09_17:35:22.432;58.54;410;1474.3;100.0
2025-01-09_17:35:23.452;58.82;391;1466.4;100.0
2025-01-09_17:35:24.442;60.61;402;1413.7;100.0
2025-01-09_17:35:24.772;0.00;68;206.8;100.0
2025-01-09_17:35:25.132;0.00;42;131.9;100.0
2025-01-09_17:35:25.732;100.00;7;31.9;100.0
2025-01-09_17:35:26.872;52.63;410;1453.8;100.0
2025-01-09_17:35:27.892;58.82;408;1470.6;100.0
2025-01-09_17:35:28.912;58.82;392;1469.7;100.0
2025-01-09_17:35:29.962;57.14;411;1475.0;100.0
2025-01-09_17:35:30.982;58.82;404;1477.3;100.0
2025-01-09_17:35:32.002;58.82;398;1469.3;100.0
2025-01-09_17:35:33.023;58.77;380;1471.3;100.0
2025-01-09_17:35:34.042;58.88;408;1474.3;100.0
2025-01-09_17:35:35.123;55.50;401;1466.7;100.0
2025-01-09_17:35:36.202;55.61;401;1469.0;100.0
2025-01-09_17:35:37.252;57.14;404;1469.1;100.0
2025-01-09_17:35:38.307;56.87;411;1472.9;100.0
2025-01-09_17:35:39.387;55.56;394;1470.6;100.0
2025-01-09_17:35:40.467;55.56;406;1451.7;100.0
2025-01-09_17:35:41.517;57.14;395;1476.3;100.0
2025-01-09_17:35:42.597;55.56;401;1465.1;100.0
2025-01-09_17:35:43.677;55.56;403;1473.3;100.0
2025-01-09_17:35:44.757;55.56;416;1452.8;100.0
2025-01-09_17:35:45.807;57.14;397;1474.8;100.0
2025-01-09_17:35:46.887;55.56;408;1472.8;100.0
2025-01-09_17:35:47.937;57.14;399;1468.5;100.0
2025-01-09_17:35:48.987;57.14;387;1469.7;100.0
2025-01-09_17:35:50.037;57.14;399;1474.2;100.0
2025-01-09_17:35:51.087;57.14;401;1475.6;100.0
2025-01-09_17:35:52.137;57.14;406;1464.2;100.0
2025-01-09_17:35:53.217;55.56;408;1471.9;100.0
2025-01-09_17:35:54.268;57.09;406;1483.3;100.0
2025-01-09_17:35:55.318;57.14;404;1472.2;100.0
2025-01-09_17:35:56.367;57.20;402;1473.7;100.0
2025-01-09_17:35:57.417;57.14;403;1472.6;100.0
2025-01-09_17:35:58.467;57.14;392;1483.4;100.0
2025-01-09_17:35:59.487;58.82;411;1485.9;100.0
2025-01-09_17:36:00.478;60.54;403;1482.7;100.0
2025-01-09_17:36:01.498;58.82;387;1489.9;100.0
2025-01-09_17:36:02.518;58.82;394;1484.5;100.0
2025-01-09_17:36:03.538;58.82;400;1486.3;100.0
2025-01-09_17:36:04.558;58.82;390;1497.7;100.0
2025-01-09_17:36:05.583;58.54;402;1481.8;100.0
2025-01-09_17:36:06.633;57.14;375;1483.0;100.0
2025-01-09_17:36:07.653;58.82;405;1485.2;100.0
2025-01-09_17:36:08.673;58.82;388;1487.2;100.0
2025-01-09_17:36:09.755;55.45;412;1481.4;100.0
2025-01-09_17:36:10.803;57.25;404;1479.4;100.0
2025-01-09_17:36:11.883;55.56;392;1488.2;100.0
2025-01-09_17:36:12.993;54.05;383;1496.4;100.0
2025-01-09_17:36:14.043;57.14;393;1483.9;100.0
2025-01-09_17:36:15.093;57.14;414;1491.3;100.0
2025-01-09_17:36:16.173;55.56;410;1494.8;100.0
2025-01-09_17:36:17.254;55.50;396;1488.6;100.0
2025-01-09_17:36:18.393;52.68;407;1485.9;100.0
2025-01-09_17:36:19.533;52.63;397;1499.2;100.0
2025-01-09_17:36:20.673;52.63;405;1487.9;100.0
2025-01-09_17:36:21.813;52.63;404;1494.7;100.0
2025-01-09_17:36:22.953;52.63;389;1496.3;100.0
2025-01-09_17:36:24.093;52.63;404;1485.4;100.0
2025-01-09_17:36:25.233;52.63;402;1490.5;100.0
2025-01-09_17:36:26.403;51.28;386;1493.9;100.0
2025-01-09_17:36:27.573;51.28;398;1495.6;100.0
2025-01-09_17:36:28.713;52.63;415;1488.9;100.0
2025-01-09_17:36:29.883;51.28;379;1502.7;100.0
2025-01-09_17:36:31.053;51.28;386;1498.9;100.0
2025-01-09_17:36:32.195;52.54;410;1489.0;100.0
2025-01-09_17:36:33.393;50.08;402;1499.8;100.0
2025-01-09_17:36:34.563;51.28;407;1481.8;100.0
2025-01-09_17:36:35.763;50.00;408;1499.5;100.0
2025-01-09_17:36:36.963;50.00;392;1493.8;100.0
2025-01-09_17:36:38.163;50.00;389;1491.4;100.0
2025-01-09_17:36:39.363;50.00;397;1498.5;100.0
2025-01-09_17:36:40.533;51.28;405;1492.6;100.0
2025-01-09_17:36:41.733;50.00;405;1489.8;100.0
2025-01-09_17:36:42.933;50.00;407;1494.2;100.0
2025-01-09_17:36:44.103;51.28;395;1499.1;100.0
2025-01-09_17:36:45.243;52.63;394;1493.3;100.0
2025-01-09_17:36:46.473;48.78;390;1503.5;100.0
2025-01-09_17:36:47.643;51.28;409;1496.5;100.0
2025-01-09_17:36:48.843;50.00;408;1492.2;100.0
2025-01-09_17:36:50.043;50.00;399;1500.9;100.0
2025-01-09_17:36:51.213;51.28;392;1508.3;100.0
2025-01-09_17:36:52.413;50.00;403;1498.7;100.0
2025-01-09_17:36:53.613;50.00;411;1504.2;100.0
2025-01-09_17:36:54.753;52.63;405;1500.0;100.0
2025-01-09_17:36:55.893;52.63;394;1486.5;100.0
2025-01-09_17:36:57.063;51.28;408;1504.6;100.0
2025-01-09_17:36:58.203;52.63;406;1494.8;100.0
2025-01-09_17:36:59.374;51.24;395;1505.4;100.0
2025-01-09_17:37:00.574;50.00;398;1496.1;100.0
2025-01-09_17:37:01.774;50.00;388;1505.1;100.0
2025-01-09_17:37:02.974;50.00;387;1493.6;100.0
2025-01-09_17:37:04.204;48.78;410;1481.6;100.0
2025-01-09_17:37:05.404;50.00;413;1473.3;100.0
2025-01-09_17:37:06.515;54.01;407;1483.0;100.0
2025-01-09_17:37:07.654;52.68;392;1501.5;100.0
2025-01-09_17:37:08.794;52.63;398;1493.9;100.0
2025-01-09_17:37:09.904;54.05;407;1490.8;100.0
2025-01-09_17:37:11.104;50.00;415;1496.3;100.0
2025-01-09_17:37:12.274;51.28;390;1497.5;100.0
2025-01-09_17:37:13.444;51.28;405;1498.2;100.0
2025-01-09_17:37:14.644;50.00;397;1498.8;100.0
2025-01-09_17:37:15.814;51.28;387;1498.0;100.0
2025-01-09_17:37:16.984;51.28;410;1503.4;100.0
2025-01-09_17:37:18.189;49.79;404;1495.1;100.0
2025-01-09_17:37:19.359;51.28;410;1486.9;100.0
2025-01-09_17:37:20.529;51.28;398;1501.7;100.0
2025-01-09_17:37:21.729;50.00;407;1499.0;100.0
2025-01-09_17:37:22.929;50.00;391;1502.5;100.0
2025-01-09_17:37:24.099;51.28;387;1500.1;100.0
2025-01-09_17:37:25.269;51.28;406;1487.4;100.0
2025-01-09_17:37:26.469;50.00;387;1498.3;100.0
2025-01-09_17:37:27.669;50.00;413;1497.4;100.0
2025-01-09_17:37:28.809;52.63;398;1495.1;100.0
2025-01-09_17:37:29.979;51.28;400;1489.5;100.0
2025-01-09_17:37:31.149;51.28;405;1479.7;100.0
2025-01-09_17:37:32.349;50.00;395;1493.8;100.0
2025-01-09_17:37:33.579;48.78;390;1503.4;100.0
2025-01-09_17:37:34.779;50.00;393;1481.4;100.0
2025-01-09_17:37:35.919;52.63;394;1485.1;100.0
2025-01-09_17:37:37.059;52.63;398;1485.9;100.0
2025-01-09_17:37:38.349;46.51;393;1482.7;100.0
2025-01-09_17:37:39.549;50.00;401;1489.8;100.05102040816327
2025-01-09_17:37:40.749;50.00;403;1489.9;100.20408163265307
2025-01-09_17:37:41.894;52.40;411;1478.2;100.4591836734694
2025-01-09_17:37:43.064;51.28;402;1494.6;100.81632653061226
2025-01-09_17:37:44.264;50.00;395;1489.6;101.83673469387756
2025-01-09_17:37:45.434;51.28;410;1478.0;102.50000000000001
2025-01-09_17:37:46.634;50.00;409;1487.5;103.26530612244899
2025-01-09_17:37:47.865;48.74;413;1483.6;104.1326530612245
2025-01-09_17:37:49.064;50.04;415;1481.1;105.10204081632655
2025-01-09_17:37:50.265;49.96;407;1478.7;107.34693877551022
2025-01-09_17:37:51.434;51.33;409;1481.6;108.62244897959185
2025-01-09_17:37:52.665;48.74;409;1475.2;110.00000000000003
2025-01-09_17:37:53.835;51.28;405;1473.3;111.37755102040818
2025-01-09_17:37:55.035;50.00;412;1483.2;112.6530612244898
2025-01-09_17:37:56.205;51.28;389;1475.9;113.82653061224491
2025-01-09_17:37:57.375;51.28;405;1471.3;115.86734693877551
2025-01-09_17:37:58.545;51.28;386;1477.5;116.73469387755102
2025-01-09_17:37:59.685;52.63;404;1474.8;117.5
2025-01-09_17:38:00.825;52.63;396;1470.4;118.16326530612247
2025-01-09_17:38:01.965;52.63;409;1479.4;118.72448979591837
2025-01-09_17:38:03.105;52.63;394;1473.1;119.18367346938776
2025-01-09_17:38:04.245;52.63;402;1472.0;119.79591836734693
2025-01-09_17:38:05.387;52.54;407;1465.9;119.94897959183673
2025-01-09_17:38:06.525;52.72;406;1471.0;120.0
2025-01-09_17:38:07.665;52.63;410;1481.1;120.0
2025-01-09_17:38:08.805;52.63;399;1481.8;120.0
2025-01-09_17:38:09.915;54.05;388;1474.9;120.0
2025-01-09_17:38:11.055;52.63;395;1479.9;120.0
2025-01-09_17:38:12.135;55.56;413;1480.7;120.0
2025-01-09_17:38:13.215;55.56;412;1477.6;120.0
2025-01-09_17:38:14.295;55.56;404;1497.1;120.0
2025-01-09_17:38:15.375;55.56;394;1500.0;120.0
2025-01-09_17:38:16.425;57.14;392;1497.0;120.0
2025-01-09_17:38:17.535;54.05;392;1468.5;120.0
2025-01-09_17:38:18.615;55.56;394;1483.9;120.0
2025-01-09_17:38:19.725;54.05;392;1493.9;120.0
2025-01-09_17:38:20.775;57.14;397;1489.5;120.0
2025-01-09_17:38:21.825;57.14;403;1492.1;120.0
2025-01-09_17:38:22.845;58.82;411;1504.9;120.0
2025-01-09_17:38:23.955;54.05;416;1496.3;120.0
2025-01-09_17:38:25.065;54.05;391;1494.5;120.0
2025-01-09_17:38:25.725;90.91;174;435.6;120.0
2025-01-09_17:38:26.265;0.00;51;110.8;120.0
2025-01-09_17:38:26.505;0.00;49;56.4;120.0
2025-01-09_17:38:26.596;0.00;9;42.3;120.0
2025-01-09_17:38:27.527;64.45;9;74.4;120.0
2025-01-09_17:38:28.426;66.74;0;0.1;120.0
2025-01-09_17:38:35.596;0.00;0;1.3;120.0
2025-01-09_17:38:36.106;0.00;0;1.8;120.0
2025-01-09_17:38:36.196;0.00;0;0.1;120.0
2025-01-09_17:38:39.166;20.20;0;0.1;120.0
2025-01-09_17:38:39.256;0.00;0;0.5;120.0
2025-01-09_17:38:39.346;0.00;0;0.1;120.0
2025-01-09_17:38:39.406;0.00;0;0.2;120.0
2025-01-09_17:38:39.556;0.00;0;0.2;120.0
2025-01-09_17:38:43.546;0.00;0;0.1;120.0
2025-01-09_17:38:43.726;0.00;0;0.1;120.0
2025-01-09_17:38:44.536;74.07;0;0.1;120.0
2025-01-09_17:38:44.596;0.00;0;0.1;120.0
